13806, 1
9081, 1
26038, 1
30141, 1
20568, 1
27621, 1
36578, 1
1, 32113
1, 31895
1, 8961
10705, 2
2, 21594
2, 32151
2, 9899
2, 34219
2, 31351
2, 31489
27137, 3
3, 13362
10824, 4
32827, 4
4, 18696
21893, 5
5, 13263
19344, 6
6, 23789
12875, 7
7, 23371
27613, 8
8, 24956
26634, 9
9, 29521
10519, 10
17239, 10
16694, 10
10, 29715
11594, 11
11, 31870
24541, 12
28808, 12
18365, 12
12, 29034
12, 34131
12, 29922
12, 17267
28601, 13
10582, 13
13, 33281
19843, 14
14, 32712
22510, 15
29653, 15
15, 36869
33420, 16
16, 9397
9175, 17
30511, 17
10186, 17
9464, 17
13855, 17
28351, 17
19944, 17
29198, 17
25345, 17
15444, 17
35158, 17
24571, 17
17, 11069
13651, 18
17297, 18
9287, 18
28505, 18
28621, 18
13093, 18
25678, 18
24473, 18
29708, 18
11180, 18
20113, 18
18, 26224
18, 18366
18, 22773
18, 8609
18, 20800
18, 13505
18, 27970
18, 17809
18, 14063
18, 19154
18, 9383
18, 8470
31395, 19
19, 17629
30669, 20
13274, 20
18936, 20
20, 28318
24787, 21
10662, 21
15544, 21
35016, 21
26153, 21
21, 17663
21, 8736
18224, 22
22, 19994
22, 33192
35643, 23
23, 20439
36039, 24
24, 10533
16929, 25
29448, 25
25, 15811
24037, 26
26, 9298
27846, 27
27, 12690
35677, 28
28, 33637
27733, 29
29, 31248
24268, 30
30, 23371
21371, 31
31, 29549
27957, 32
32, 13472
21253, 33
33, 22473
36531, 34
23207, 34
32302, 34
14203, 34
26511, 34
27471, 34
12516, 34
32825, 34
25013, 34
35594, 34
16949, 34
8865, 34
19960, 34
18853, 34
28510, 34
18234, 34
24417, 34
34, 26178
30596, 35
35, 33661
16896, 36
36, 36398
16268, 37
28953, 37
37, 23442
17205, 38
38, 22859
16720, 39
13257, 39
32538, 39
20167, 39
39, 9308
12742, 40
40, 25430
11314, 41
41, 32599
31821, 42
42, 33637
28175, 43
33475, 43
32504, 43
27878, 43
18603, 43
43, 35753
20318, 44
27144, 44
44, 26763
16296, 45
45, 23914
29467, 46
28239, 46
16480, 46
46, 29154
15559, 47
47, 28571
47, 34212
47, 21978
47, 13343
47, 36824
47, 23594
47, 15211
28921, 48
48, 22642
48, 18709
48, 28272
29473, 49
10668, 49
28743, 49
23696, 49
15034, 49
24340, 49
22627, 49
49, 15338
49, 17701
49, 33309
49, 11357
49, 35007
49, 11790
49, 36711
49, 33110
16221, 50
50, 9563
32955, 51
19160, 51
10881, 51
51, 9480
30015, 52
52, 35937
11956, 53
53, 25877
19528, 54
23782, 54
22902, 54
54, 17543
10981, 55
55, 21009
20841, 56
20087, 56
20439, 56
56, 26675
16713, 57
57, 18662
32372, 58
8674, 58
58, 21484
16401, 59
59, 8750
27070, 60
60, 29930
33109, 61
8703, 61
26180, 61
12661, 61
61, 17674
30856, 62
62, 22738
23339, 63
63, 15280
33724, 64
64, 19953
33420, 65
65, 35572
15526, 66
34862, 66
9316, 66
9853, 66
34934, 66
66, 25512
8441, 67
67, 8835
10820, 68
68, 22779
33188, 69
69, 13001
29687, 70
11717, 70
10407, 70
70, 15111
36725, 71
71, 19059
27577, 72
72, 28127
22286, 73
73, 12570
34499, 74
74, 18449
18447, 75
75, 24976
75, 10535
26070, 76
29994, 76
76, 23371
17695, 77
77, 13929
35194, 78
78, 28183
27203, 79
13274, 79
79, 8484
27457, 80
80, 8667
14599, 81
21533, 81
35872, 81
34120, 81
17936, 81
33784, 81
27808, 81
19501, 81
35791, 81
17640, 81
18084, 81
16390, 81
81, 18712
15863, 82
82, 35093
82, 22889
15887, 83
83, 17533
10017, 84
84, 25099
27486, 85
85, 18662
15532, 86
86, 9138
28354, 87
87, 33637
19048, 88
31850, 88
88, 15572
20972, 89
11421, 89
89, 12726
33728, 90
8443, 90
23738, 90
29909, 90
34254, 90
26559, 90
9513, 90
90, 31820
9045, 91
23371, 91
32921, 91
9402, 91
10509, 91
29459, 91
27743, 91
91, 10974
91, 15031
91, 18126
91, 22896
91, 24363
91, 8880
91, 30366
91, 13076
20891, 92
92, 18449
29715, 93
93, 26974
15168, 94
94, 8686
16649, 95
29262, 95
33255, 95
12483, 95
95, 36422
95, 28548
95, 18094
95, 36592
95, 19115
36857, 96
96, 29223
96, 14678
96, 11688
19184, 97
97, 14945
30603, 98
19513, 98
15393, 98
98, 23371
9822, 99
34948, 99
25963, 99
99, 23890
14851, 100
30267, 100
100, 35105
25860, 101
101, 11501
101, 31647
24823, 102
26278, 102
11548, 102
12125, 102
21567, 102
19929, 102
27668, 102
25891, 102
25354, 102
35817, 102
25461, 102
27939, 102
17950, 102
17669, 102
29011, 102
22202, 102
25558, 102
9377, 102
18845, 102
27871, 102
25957, 102
20509, 102
18123, 102
13949, 102
30984, 102
33786, 102
8506, 102
37015, 102
8886, 102
20115, 102
18716, 102
29320, 102
8583, 102
22707, 102
19867, 102
36914, 102
11833, 102
24934, 102
34159, 102
14589, 102
28939, 102
29364, 102
20742, 102
29866, 102
11735, 102
26372, 102
24289, 102
19394, 102
33066, 102
14268, 102
23989, 102
35727, 102
30479, 102
14929, 102
9170, 102
33723, 102
34995, 102
20837, 102
33621, 102
23062, 102
24422, 102
23727, 102
22096, 102
16015, 102
18974, 102
34236, 102
14734, 102
29278, 102
26882, 102
12647, 102
21931, 102
8603, 102
28421, 102
20140, 102
34442, 102
19775, 102
18099, 102
25306, 102
12633, 102
10842, 102
15913, 102
23677, 102
18831, 102
32006, 102
36506, 102
19042, 102
29598, 102
14882, 102
13937, 102
35042, 102
22950, 102
16393, 102
15582, 102
17837, 102
8664, 102
11241, 102
34810, 102
36940, 102
28625, 102
24159, 102
11051, 102
27657, 102
9342, 102
8612, 102
25063, 102
11023, 102
31921, 102
27671, 102
36877, 102
15344, 102
22043, 102
35092, 102
19121, 102
26432, 102
34689, 102
10047, 102
27370, 102
10950, 102
36264, 102
9002, 102
19653, 102
30082, 102
13955, 102
28989, 102
22088, 102
22616, 102
27387, 102
8989, 102
32556, 102
27812, 102
12608, 102
10213, 102
12176, 102
13673, 102
24771, 102
11760, 102
24848, 102
20613, 102
31996, 102
24768, 102
29050, 102
19669, 102
33397, 102
19322, 102
36288, 102
31626, 102
27410, 102
8932, 102
36097, 102
25938, 102
22192, 102
22289, 102
27850, 102
21021, 102
9479, 102
26423, 102
9024, 102
35295, 102
14777, 102
14112, 102
11258, 102
13563, 102
10356, 102
12847, 102
26164, 102
11621, 102
35099, 102
20208, 102
33664, 102
27452, 102
34215, 102
17385, 102
19692, 102
25490, 102
31177, 102
36255, 102
30301, 102
17332, 102
27000, 102
27896, 102
31474, 102
9599, 102
32866, 102
24558, 102
14513, 102
26934, 102
20728, 102
17072, 102
31588, 102
10131, 102
36965, 102
24265, 102
17857, 102
12541, 102
16824, 102
12907, 102
15083, 102
21039, 102
34258, 102
36901, 102
9233, 102
18825, 102
17158, 102
22294, 102
21142, 102
25342, 102
15201, 102
35477, 102
30874, 102
25723, 102
13728, 102
32915, 102
13260, 102
34929, 102
23709, 102
32449, 102
27628, 102
25210, 102
23746, 102
12790, 102
26279, 102
11589, 102
30803, 102
10151, 102
33398, 102
32357, 102
27130, 102
10328, 102
29820, 102
23499, 102
21988, 102
13688, 102
14616, 102
18715, 102
12857, 102
15930, 102
13306, 102
28229, 102
27723, 102
9355, 102
15015, 102
21841, 102
12060, 102
36532, 102
32765, 102
30507, 102
20595, 102
10777, 102
22812, 102
24711, 102
24124, 102
28328, 102
13312, 102
26341, 102
14613, 102
31018, 102
33340, 102
35543, 102
20751, 102
9459, 102
18306, 102
19835, 102
11899, 102
14267, 102
12532, 102
17016, 102
19818, 102
32549, 102
22594, 102
26094, 102
9437, 102
16462, 102
26303, 102
14962, 102
25848, 102
16789, 102
10735, 102
22681, 102
21071, 102
9785, 102
33956, 102
11495, 102
28019, 102
19414, 102
24331, 102
18792, 102
14489, 102
18966, 102
21731, 102
27492, 102
9887, 102
17906, 102
31303, 102
24040, 102
25428, 102
23686, 102
11030, 102
24942, 102
35503, 102
30590, 102
13217, 102
11252, 102
34355, 102
19684, 102
12897, 102
30371, 102
33793, 102
27658, 102
16633, 102
12388, 102
24327, 102
10192, 102
17414, 102
35755, 102
19170, 102
10722, 102
36947, 102
12140, 102
11643, 102
29006, 102
8908, 102
25001, 102
26400, 102
23201, 102
29017, 102
15072, 102
35971, 102
28198, 102
30815, 102
19787, 102
10325, 102
16671, 102
33061, 102
11001, 102
20774, 102
25245, 102
15454, 102
14563, 102
30769, 102
28303, 102
34547, 102
10015, 102
21716, 102
11810, 102
22693, 102
17947, 102
15916, 102
11706, 102
25721, 102
16211, 102
17805, 102
33828, 102
16289, 102
28557, 102
29406, 102
25298, 102
24230, 102
13934, 102
17101, 102
22519, 102
32854, 102
30272, 102
20066, 102
36678, 102
9134, 102
14492, 102
16856, 102
32542, 102
26670, 102
21544, 102
27681, 102
18391, 102
34003, 102
27618, 102
28613, 102
33995, 102
18205, 102
9293, 102
33957, 102
12181, 102
10855, 102
31683, 102
11176, 102
26788, 102
13701, 102
11122, 102
13747, 102
10276, 102
31318, 102
9133, 102
33548, 102
25666, 102
10575, 102
19493, 102
34978, 102
25367, 102
20941, 102
32772, 102
34256, 102
11333, 102
36754, 102
16813, 102
30891, 102
24109, 102
31142, 102
17668, 102
16704, 102
28163, 102
35304, 102
34775, 102
34883, 102
14674, 102
20154, 102
13085, 102
22356, 102
14857, 102
9095, 102
15078, 102
24434, 102
22118, 102
19997, 102
27859, 102
19138, 102
10798, 102
28118, 102
22349, 102
32471, 102
31903, 102
25566, 102
23355, 102
30144, 102
30851, 102
25846, 102
9893, 102
29315, 102
14011, 102
8977, 102
29213, 102
23538, 102
13322, 102
9734, 102
20852, 102
8876, 102
22728, 102
26524, 102
19979, 102
28749, 102
15698, 102
31842, 102
35175, 102
27607, 102
22658, 102
14582, 102
19418, 102
31599, 102
10263, 102
36651, 102
20596, 102
8715, 102
18894, 102
16959, 102
17372, 102
34586, 102
11883, 102
30116, 102
33218, 102
30361, 102
24369, 102
19563, 102
28814, 102
36543, 102
33405, 102
28008, 102
16319, 102
13624, 102
28946, 102
23492, 102
29048, 102
23942, 102
19693, 102
17692, 102
23402, 102
14833, 102
25486, 102
19052, 102
15246, 102
13178, 102
21608, 102
28542, 102
36455, 102
9542, 102
18214, 102
14180, 102
23411, 102
34911, 102
25267, 102
19440, 102
12964, 102
15506, 102
16659, 102
34613, 102
11963, 102
14370, 102
11330, 102
13399, 102
22158, 102
36890, 102
35695, 102
21249, 102
20504, 102
10458, 102
29487, 102
15531, 102
36492, 102
21932, 102
102, 32890
102, 32923
102, 32072
102, 28789
102, 31742
102, 12258
35633, 103
103, 24707
103, 21153
23094, 104
16809, 104
104, 31278
35444, 105
105, 11418
105, 18824
34828, 106
12152, 106
106, 25099
13577, 107
107, 17216
18551, 108
36456, 108
108, 15686
26622, 109
109, 8650
32968, 110
13881, 110
110, 18658
14537, 111
111, 24798
10924, 112
19607, 112
29032, 112
112, 34201
112, 26320
112, 31404
35050, 113
19585, 113
113, 13732
30804, 114
16646, 114
13450, 114
114, 29524
25973, 115
115, 25972
15283, 116
116, 15421
116, 23951
116, 9601
116, 34986
28230, 117
117, 24528
34015, 118
118, 23371
35472, 119
17003, 119
26350, 119
119, 30535
16728, 120
21725, 120
10507, 120
31021, 120
21581, 120
34000, 120
24588, 120
9931, 120
13039, 120
13989, 120
20583, 120
32843, 120
11190, 120
14343, 120
8660, 120
21432, 120
120, 26533
36693, 121
36113, 121
121, 28281
21253, 122
122, 9869
9489, 123
123, 28893
123, 35680
10943, 124
124, 16142
8942, 125
125, 33520
125, 8779
35889, 126
126, 34054
12067, 127
127, 33692
22772, 128
26297, 128
33383, 128
9226, 128
31150, 128
31362, 128
15175, 128
27770, 128
22629, 128
16782, 128
27798, 128
31284, 128
31745, 128
28617, 128
20284, 128
10291, 128
20349, 128
28223, 128
28872, 128
29294, 128
19735, 128
16695, 128
10454, 128
18159, 128
24738, 128
31092, 128
21877, 128
34555, 128
31822, 128
29287, 128
17946, 128
36489, 128
8484, 128
34218, 128
22624, 128
18313, 128
17268, 128
36356, 128
9775, 128
22160, 128
12684, 128
34191, 128
22924, 128
15229, 128
28932, 128
29007, 128
33743, 128
30079, 128
16743, 128
30766, 128
17436, 128
29104, 128
18368, 128
32843, 128
15383, 128
10266, 128
13309, 128
8831, 128
12950, 128
9079, 128
9706, 128
34711, 128
34158, 128
24148, 128
28441, 128
26798, 128
34324, 128
35844, 128
15632, 128
128, 26533
15997, 129
129, 10656
11542, 130
130, 24160
130, 35555
10714, 131
28126, 131
9585, 131
15434, 131
10888, 131
8860, 131
17660, 131
21335, 131
15689, 131
33154, 131
10740, 131
28322, 131
32030, 131
35445, 131
10883, 131
10752, 131
19682, 131
33204, 131
34329, 131
34694, 131
23898, 131
22981, 131
25966, 131
27384, 131
28492, 131
8787, 131
20054, 131
18510, 131
18110, 131
29314, 131
11367, 131
28244, 131
31008, 131
24972, 131
26351, 131
21176, 131
22117, 131
15818, 131
17100, 131
33631, 131
18503, 131
26992, 131
18458, 131
9122, 131
23872, 131
14426, 131
10803, 131
29746, 131
23190, 131
19565, 131
18007, 131
31952, 131
34704, 131
14908, 131
8389, 131
36217, 131
27097, 131
22444, 131
10436, 131
14143, 131
27661, 131
15135, 131
11469, 131
11789, 131
33442, 131
31519, 131
28864, 131
36167, 131
10489, 131
25638, 131
15245, 131
22801, 131
19598, 131
17188, 131
32863, 131
36790, 131
14837, 131
27240, 131
27205, 131
12930, 131
17089, 131
131, 31189
20399, 132
14311, 132
132, 28281
27317, 133
133, 13303
20468, 134
134, 36824
35942, 135
135, 26487
8690, 136
136, 12805
29170, 137
14205, 137
10407, 137
137, 15111
8582, 138
138, 36209
13455, 139
139, 19994
139, 14474
26958, 140
140, 23124
36141, 141
141, 16513
16156, 142
142, 23914
30855, 143
24598, 143
18484, 143
30081, 143
24451, 143
143, 17897
143, 18739
143, 10053
143, 18674
143, 18113
143, 27696
28270, 144
144, 11349
19082, 145
145, 32522
19171, 146
17285, 146
36845, 146
21208, 146
29363, 146
9986, 146
23507, 146
16071, 146
12168, 146
27425, 146
35090, 146
26512, 146
13791, 146
21770, 146
15830, 146
22716, 146
18376, 146
28592, 146
17726, 146
36064, 146
11758, 146
36823, 146
30721, 146
19644, 146
36081, 146
35528, 146
27372, 146
17974, 146
27049, 146
30752, 146
11934, 146
20158, 146
17237, 146
16981, 146
26531, 146
9463, 146
18873, 146
19971, 146
11580, 146
12150, 146
24783, 146
16081, 146
20589, 146
9605, 146
31679, 146
26089, 146
31414, 146
20950, 146
31908, 146
25217, 146
30854, 146
13031, 146
18495, 146
31514, 146
14831, 146
146, 14496
9484, 147
147, 18714
147, 26433
9753, 148
148, 32511
28315, 149
149, 36253
11990, 150
8674, 150
150, 22235
10712, 151
8953, 151
10062, 151
25221, 151
13342, 151
35429, 151
151, 33170
36365, 152
152, 31204
30186, 153
25509, 153
28578, 153
36844, 153
153, 26533
17893, 154
26115, 154
16868, 154
19094, 154
154, 29813
29947, 155
155, 25028
8439, 156
33057, 156
9287, 156
30855, 156
15944, 156
24935, 156
10189, 156
16358, 156
12776, 156
14943, 156
156, 12788
156, 12225
156, 30035
156, 11814
156, 26442
156, 23962
156, 16234
156, 35373
156, 13760
156, 33483
156, 18754
35777, 157
157, 17533
18649, 158
158, 30000
20465, 159
159, 20428
18662, 160
160, 32314
22514, 161
161, 34364
35307, 162
162, 23946
30811, 163
18919, 163
163, 29772
8515, 164
164, 13450
8738, 165
165, 16801
20979, 166
20489, 166
166, 10108
21253, 167
167, 9313
17841, 168
168, 11121
23216, 169
29078, 169
9414, 169
26386, 169
17605, 169
25500, 169
33637, 169
22761, 169
169, 19588
169, 31575
169, 27662
169, 13727
169, 28981
169, 29553
169, 25955
169, 8685
169, 13783
34032, 170
170, 21239
20511, 171
171, 10014
171, 25613
171, 22998
33847, 172
172, 33637
30669, 173
173, 24166
23305, 174
33861, 174
14291, 174
17842, 174
12743, 174
10700, 174
28858, 174
19437, 174
17795, 174
22973, 174
17092, 174
35319, 174
14967, 174
16099, 174
23494, 174
30403, 174
35234, 174
21594, 174
18028, 174
14907, 174
26137, 174
15157, 174
25352, 174
34065, 174
15140, 174
16682, 174
13341, 174
15490, 174
15111, 174
24396, 174
8904, 174
33674, 174
35476, 174
12979, 174
31937, 174
9946, 174
33407, 174
22239, 174
22403, 174
28428, 174
13326, 174
8640, 174
8778, 174
8916, 174
20836, 174
36860, 174
29637, 174
14678, 174
35333, 174
28916, 174
12086, 174
25049, 174
22259, 174
33288, 174
13003, 174
31185, 174
28151, 174
26948, 174
8661, 174
11632, 174
20545, 174
36548, 174
22845, 174
29452, 174
34290, 174
20536, 174
21485, 174
9899, 174
27325, 174
32728, 174
24976, 174
32619, 174
16862, 174
31277, 174
34219, 174
29948, 174
32095, 174
25996, 174
19590, 174
15370, 174
24163, 174
26737, 174
25876, 174
18384, 174
12482, 174
13982, 174
28757, 174
34759, 174
30411, 174
17530, 174
24297, 174
30514, 174
31708, 174
9763, 174
23647, 174
36927, 174
18107, 174
29393, 174
23433, 174
24460, 174
12456, 174
16256, 174
11688, 174
28543, 174
19812, 174
20220, 174
24625, 174
24743, 174
24990, 174
14923, 174
11583, 174
30368, 174
25654, 174
36838, 174
27915, 174
11765, 174
19423, 174
32606, 174
22582, 174
16217, 174
11356, 174
8452, 174
31684, 174
19337, 174
15695, 174
29569, 174
10194, 174
32119, 174
11486, 174
10535, 174
33100, 174
12377, 174
30256, 174
29736, 174
36129, 174
11502, 174
30897, 174
24730, 174
23633, 174
30750, 174
33493, 174
13895, 174
14084, 174
32452, 174
35914, 174
19670, 174
35813, 174
13282, 174
24917, 174
19601, 174
174, 33055
16395, 175
22147, 175
27350, 175
35869, 175
31592, 175
20936, 175
28883, 175
27707, 175
24416, 175
24023, 175
175, 36427
175, 29805
175, 32344
175, 32640
175, 13460
175, 36092
175, 34904
175, 25062
175, 30720
175, 15786
175, 26544
16248, 176
176, 17674
28555, 177
177, 16355
19221, 178
178, 33765
16427, 179
21188, 179
26073, 179
24192, 179
30127, 179
29498, 179
24102, 179
32680, 179
32324, 179
36207, 179
15198, 179
25853, 179
31080, 179
8934, 179
17582, 179
29138, 179
20295, 179
27601, 179
35024, 179
24442, 179
12499, 179
12526, 179
20242, 179
34357, 179
17858, 179
36546, 179
32957, 179
32823, 179
30709, 179
27300, 179
31495, 179
34909, 179
14687, 179
22321, 179
26984, 179
27540, 179
11072, 179
35482, 179
34373, 179
9251, 179
13025, 179
23091, 179
15570, 179
24592, 179
14957, 179
15612, 179
17880, 179
28070, 179
33974, 179
10257, 179
22998, 179
17741, 179
24705, 179
10193, 179
36277, 179
28774, 179
17699, 179
35398, 179
11108, 179
10001, 179
28186, 179
26764, 179
37017, 179
12832, 179
28384, 179
9346, 179
20460, 179
11436, 179
30138, 179
36654, 179
18861, 179
33911, 179
9172, 179
21232, 179
35312, 179
29856, 179
28336, 179
33480, 179
13478, 179
32073, 179
24577, 179
26553, 179
36309, 179
9137, 179
22387, 179
19306, 179
32632, 179
31270, 179
26508, 179
35390, 179
23620, 179
10137, 179
35903, 179
19671, 179
18528, 179
28472, 179
24479, 179
35156, 179
28382, 179
17571, 179
10500, 179
9943, 179
13037, 179
36788, 179
10283, 179
21732, 179
29494, 179
24264, 179
8775, 179
17190, 179
17471, 179
10795, 179
28056, 179
27885, 179
29313, 179
33108, 179
16223, 179
20217, 179
17293, 179
24971, 179
34802, 179
24638, 179
14443, 179
30707, 179
19829, 179
10156, 179
36136, 179
29916, 179
16873, 179
13616, 179
18612, 179
9314, 179
10809, 179
22869, 179
16007, 179
30754, 179
33551, 179
10828, 179
15269, 179
34409, 179
12126, 179
34593, 179
12210, 179
35239, 179
22957, 179
26028, 179
35411, 179
12203, 179
26484, 179
36283, 179
28515, 179
20238, 179
14176, 179
33198, 179
19466, 179
27394, 179
26412, 179
19503, 179
11818, 179
29761, 179
29732, 179
9909, 179
35843, 179
32797, 179
17206, 179
28673, 179
18419, 179
32191, 179
34337, 179
32633, 179
18562, 179
25230, 179
9020, 179
26091, 179
25632, 179
28069, 179
25900, 179
32628, 179
11973, 179
27906, 179
35822, 179
17302, 179
33628, 179
34803, 179
28168, 179
20319, 179
21334, 179
26895, 179
36441, 179
33614, 179
18243, 179
22612, 179
27724, 179
28215, 179
26301, 179
18323, 179
13048, 179
18746, 179
23130, 179
28366, 179
8420, 179
36667, 179
16993, 179
15538, 179
34656, 179
20546, 179
19657, 179
32683, 179
32584, 179
27789, 179
10565, 179
27875, 179
34612, 179
34671, 179
13923, 179
31984, 179
32444, 179
28766, 179
21062, 179
25869, 179
20827, 179
13889, 179
19158, 179
31955, 179
21572, 179
12518, 179
24841, 179
11381, 179
8362, 179
23801, 179
20737, 179
28098, 179
36952, 179
29296, 179
8806, 179
10619, 179
13558, 179
9173, 179
19177, 179
8684, 179
22215, 179
26505, 179
29134, 179
32002, 179
19748, 179
10527, 179
11374, 179
23649, 179
21517, 179
22368, 179
27738, 179
33046, 179
9971, 179
11516, 179
37003, 179
17286, 179
16571, 179
33950, 179
26312, 179
25040, 179
25588, 179
27645, 179
20147, 179
34520, 179
21393, 179
34203, 179
28752, 179
19482, 179
11631, 179
31934, 179
27216, 179
32500, 179
32197, 179
24084, 179
31435, 179
15294, 179
12560, 179
15071, 179
23971, 179
26156, 179
24030, 179
14142, 179
32961, 179
12937, 179
29718, 179
30255, 179
23003, 179
26288, 179
19497, 179
27279, 179
35328, 179
16609, 179
23380, 179
26062, 179
20330, 179
23158, 179
12595, 179
29721, 179
13724, 179
33696, 179
33064, 179
13254, 179
10229, 179
17860, 179
28843, 179
21829, 179
35066, 179
21539, 179
24055, 179
32732, 179
34611, 179
33411, 179
34385, 179
33922, 179
31542, 179
12494, 179
33690, 179
20702, 179
28419, 179
22166, 179
35469, 179
11663, 179
27319, 179
33000, 179
27401, 179
30040, 179
12958, 179
12564, 179
30973, 179
32771, 179
15883, 179
20522, 179
23083, 179
26451, 179
18963, 179
24962, 179
34620, 179
18769, 179
13439, 179
14442, 179
13157, 179
30204, 179
17871, 179
13735, 179
32663, 179
12555, 179
21293, 179
16261, 179
19519, 179
15108, 179
11762, 179
12801, 179
23084, 179
17690, 179
21745, 179
31081, 179
27377, 179
15460, 179
12913, 179
30652, 179
18219, 179
19580, 179
17230, 179
8761, 179
15871, 179
22606, 179
11676, 179
23795, 179
22511, 179
25595, 179
14093, 179
36168, 179
33400, 179
27117, 179
8907, 179
14289, 179
29794, 179
20594, 179
36107, 179
20485, 179
18547, 179
30346, 179
33123, 179
25372, 179
30427, 179
13529, 179
15450, 179
28491, 179
9397, 179
9805, 179
25908, 179
35015, 179
25744, 179
29286, 179
22634, 179
24594, 179
17356, 179
12505, 179
33297, 179
24852, 179
13945, 179
28144, 179
29776, 179
28379, 179
11182, 179
33980, 179
16689, 179
30916, 179
8741, 179
19022, 179
19665, 179
33421, 179
14866, 179
24720, 179
12994, 179
18342, 179
18812, 179
33334, 179
24896, 179
22086, 179
13710, 179
10481, 179
13582, 179
28583, 179
27047, 179
15547, 179
21634, 179
12988, 179
29981, 179
23421, 179
27684, 179
28264, 179
35517, 179
30742, 179
36208, 179
22946, 179
17751, 179
18083, 179
22698, 179
25420, 179
9325, 179
33653, 179
36295, 179
36316, 179
33858, 179
21465, 179
31104, 179
15586, 179
13500, 179
18326, 179
17754, 179
14928, 179
11515, 179
16105, 179
31433, 179
9691, 179
23480, 179
20868, 179
29418, 179
29408, 179
23471, 179
35556, 179
29758, 179
17316, 179
21426, 179
15227, 179
17275, 179
11893, 179
23079, 179
9549, 179
32764, 179
15770, 179
21605, 179
25052, 179
14248, 179
34253, 179
14446, 179
33736, 179
21722, 179
12397, 179
23862, 179
36273, 179
16484, 179
29967, 179
14389, 179
20304, 179
19458, 179
19077, 179
33615, 179
16727, 179
13554, 179
35656, 179
23131, 179
23619, 179
27989, 179
28676, 179
25518, 179
12689, 179
11260, 179
31945, 179
23040, 179
19986, 179
21809, 179
14317, 179
35331, 179
31397, 179
29217, 179
11024, 179
19033, 179
33282, 179
21161, 179
17581, 179
26235, 179
33327, 179
19424, 179
15994, 179
24255, 179
27221, 179
14014, 179
13827, 179
29779, 179
20685, 179
9577, 179
27951, 179
13327, 179
15978, 179
10694, 179
14355, 179
31654, 179
23932, 179
10704, 179
30532, 179
19290, 179
11163, 179
29009, 179
16920, 179
25338, 179
20057, 179
30118, 179
25757, 179
30948, 179
31540, 179
35692, 179
22645, 179
19087, 179
13369, 179
23004, 179
25650, 179
20829, 179
22011, 179
23064, 179
20617, 179
36004, 179
28416, 179
30351, 179
24344, 179
28993, 179
19336, 179
17557, 179
22886, 179
33549, 179
23483, 179
22371, 179
25358, 179
8584, 179
13467, 179
19697, 179
26857, 179
14279, 179
31767, 179
26418, 179
28099, 179
36501, 179
33679, 179
36571, 179
8512, 179
18001, 179
22055, 179
18929, 179
36637, 179
13007, 179
31420, 179
14927, 179
34092, 179
23328, 179
24197, 179
36213, 179
23666, 179
26603, 179
23449, 179
25266, 179
16180, 179
21720, 179
36179, 179
27448, 179
31884, 179
20360, 179
31389, 179
9508, 179
18662, 179
32132, 179
31173, 179
13155, 179
19727, 179
36596, 179
27972, 179
14209, 179
13292, 179
34836, 179
32114, 179
20339, 179
13767, 179
14427, 179
15291, 179
34648, 179
36231, 179
20859, 179
13296, 179
25024, 179
179, 33855
9872, 180
180, 18034
29662, 181
15653, 181
181, 17533
17451, 182
20025, 182
182, 17381
12845, 183
183, 36292
32773, 184
184, 36956
18402, 185
23150, 185
185, 14087
31719, 186
186, 13941
12949, 187
187, 11846
16340, 188
8744, 188
20065, 188
11170, 188
12305, 188
34456, 188
31658, 188
20813, 188
36259, 188
17167, 188
33637, 188
188, 20344
188, 13117
188, 14409
188, 15009
188, 15208
188, 29530
188, 35367
188, 28088
188, 31951
188, 16399
188, 35387
188, 31416
29171, 189
15596, 189
29968, 189
29674, 189
26487, 189
25777, 189
27818, 189
18939, 189
11215, 189
30295, 189
13330, 189
189, 26533
23695, 190
190, 22888
27897, 191
191, 24947
15917, 192
192, 15424
32847, 193
193, 25718
29476, 194
194, 27738
12839, 195
195, 8815
30347, 196
196, 20338
33580, 197
197, 31906
197, 34368
19370, 198
198, 9115
25444, 199
26407, 199
13002, 199
199, 19406
27559, 200
200, 18662
30784, 201
201, 23714
12710, 202
15349, 202
16581, 202
202, 34665
28439, 203
9274, 203
203, 28281
33202, 204
20002, 204
204, 21576
11313, 205
205, 31846
36900, 206
18019, 206
31411, 206
22534, 206
206, 12179
206, 16114
206, 11433
206, 22741
206, 26114
35689, 207
207, 29410
33086, 208
208, 28281
36153, 209
209, 29287
8958, 210
210, 33436
35987, 211
211, 29410
10125, 212
212, 28250
17997, 213
213, 35234
213, 16217
15807, 214
214, 22478
32528, 215
215, 8814
12866, 216
216, 14967
216, 20836
216, 24917
30448, 217
217, 10049
15996, 218
218, 8425
13873, 219
219, 36686
22237, 220
220, 31835
21253, 221
221, 21194
21959, 222
222, 12886
36415, 223
223, 26522
24423, 224
224, 16232
30722, 225
225, 33637
9977, 226
226, 18449
33318, 227
227, 36654
26030, 228
228, 28281
23510, 229
229, 20060
229, 14284
35761, 230
230, 9116
29490, 231
31240, 231
231, 30081
21253, 232
232, 27675
16918, 233
233, 20474
233, 22357
233, 30972
16593, 234
23721, 234
19895, 234
16255, 234
18898, 234
17658, 234
16469, 234
13238, 234
22980, 234
21306, 234
16491, 234
14271, 234
17505, 234
15984, 234
14017, 234
36882, 234
22773, 234
30599, 234
234, 35371
11677, 235
235, 9601
33579, 236
236, 15849
33817, 237
19074, 237
237, 25450
26033, 238
238, 18449
27588, 239
239, 10656
11920, 240
240, 27893
35651, 241
28349, 241
14926, 241
241, 33692
15965, 242
242, 26068
22184, 243
29195, 243
243, 28413
9493, 244
11461, 244
244, 28122
28526, 245
14950, 245
29246, 245
14512, 245
17309, 245
22877, 245
21938, 245
35660, 245
245, 11091
17790, 246
246, 18842
15673, 247
247, 18662
26154, 248
248, 32816
248, 22859
23902, 249
22651, 249
8496, 249
24815, 249
17838, 249
18439, 249
23857, 249
12019, 249
32565, 249
249, 25152
249, 30915
36741, 250
250, 31773
21031, 251
251, 24160
9831, 252
21954, 252
11167, 252
26481, 252
24438, 252
25745, 252
30362, 252
10815, 252
17673, 252
22527, 252
20493, 252
35522, 252
10494, 252
15093, 252
17650, 252
31193, 252
10584, 252
11183, 252
21901, 252
35504, 252
8396, 252
19675, 252
31269, 252
252, 10908
26219, 253
253, 27915
25534, 254
254, 35289
25902, 255
255, 13198
23484, 256
256, 17533
25010, 257
257, 33281
12144, 258
258, 14423
33737, 259
10130, 259
259, 28676
259, 35288
259, 9987
259, 17908
259, 10997
17967, 260
260, 10323
16535, 261
261, 8728
20865, 262
262, 8744
10879, 263
263, 34565
17493, 264
10403, 264
17321, 264
264, 33046
264, 17581
264, 22779
264, 28274
15853, 265
265, 13194
33420, 266
266, 35572
33004, 267
267, 10330
23653, 268
268, 11965
29225, 269
269, 33192
29385, 270
270, 16232
36226, 271
271, 27994
23336, 272
8810, 272
20726, 272
12587, 272
272, 28281
12300, 273
273, 11212
12110, 274
274, 10473
29412, 275
275, 20113
26014, 276
276, 27478
35274, 277
8764, 277
11999, 277
20684, 277
26973, 277
277, 16030
277, 31777
277, 25440
277, 31090
277, 35323
277, 28408
13377, 278
278, 14496
30980, 279
24201, 279
9853, 279
32322, 279
279, 19279
28014, 280
280, 30426
36071, 281
281, 11175
17370, 282
29516, 282
35190, 282
282, 27602
282, 21879
10255, 283
24335, 283
19427, 283
283, 25623
20969, 284
284, 14452
24844, 285
285, 29420
27127, 286
12834, 286
35824, 286
23371, 286
286, 16478
286, 9916
286, 36621
286, 10439
286, 27141
15555, 287
287, 28281
17584, 288
288, 33637
19811, 289
33745, 289
289, 33637
21636, 290
23371, 290
23465, 290
18308, 290
290, 15826
290, 30893
290, 25687
290, 32959
290, 20020
21253, 291
291, 12374
291, 29549
23307, 292
292, 15178
9397, 293
293, 30495
293, 18662
15457, 294
294, 36654
32053, 295
295, 8425
27140, 296
19484, 296
21870, 296
296, 12682
22021, 297
23430, 297
297, 31453
297, 29953
297, 12184
15970, 298
298, 24390
23915, 299
299, 35215
18951, 300
300, 34207
17303, 301
301, 24489
28420, 302
302, 19709
25214, 303
35001, 303
19809, 303
36265, 303
11633, 303
29491, 303
23135, 303
20317, 303
35565, 303
22486, 303
9289, 303
18466, 303
20182, 303
34458, 303
15852, 303
13062, 303
24362, 303
23184, 303
12773, 303
32151, 303
9458, 303
14980, 303
14858, 303
34967, 303
9334, 303
23775, 303
13607, 303
18648, 303
11474, 303
32385, 303
36186, 303
16555, 303
28523, 303
33279, 303
11554, 303
8940, 303
31452, 303
27933, 303
15111, 303
29227, 303
26095, 303
20670, 303
13821, 303
25912, 303
11032, 303
15935, 303
33237, 303
24474, 303
29974, 303
28581, 303
12906, 303
32038, 303
33410, 303
18626, 303
22230, 303
24682, 303
20914, 303
9184, 303
29458, 303
28348, 303
15558, 303
29387, 303
26457, 303
33184, 303
24626, 303
26697, 303
9530, 303
27567, 303
24613, 303
20550, 303
33844, 303
36236, 303
26398, 303
19358, 303
19301, 303
20248, 303
35904, 303
21324, 303
34368, 303
32260, 303
27653, 303
9557, 303
13555, 303
30637, 303
10799, 303
32465, 303
14378, 303
14287, 303
34629, 303
30833, 303
32296, 303
24978, 303
35270, 303
29386, 303
13240, 303
33868, 303
27539, 303
17229, 303
24659, 303
25086, 303
28016, 303
22561, 303
18187, 303
11458, 303
23711, 303
19841, 303
15709, 303
22556, 303
17474, 303
9208, 303
29082, 303
9556, 303
31801, 303
36345, 303
11029, 303
16925, 303
8789, 303
36903, 303
28912, 303
30726, 303
35838, 303
35070, 303
20273, 303
21476, 303
34665, 303
33757, 303
14952, 303
11846, 303
27045, 303
35025, 303
28136, 303
12409, 303
29206, 303
31351, 303
29403, 303
20074, 303
27102, 303
30875, 303
29536, 303
27383, 303
13952, 303
19353, 303
9000, 303
13345, 303
11118, 303
11472, 303
25168, 303
33914, 303
24681, 303
26903, 303
13235, 303
36902, 303
34693, 303
33794, 303
34408, 303
31620, 303
24066, 303
22003, 303
26930, 303
27120, 303
12924, 303
20508, 303
16307, 303
10721, 303
13613, 303
33055, 303
36411, 303
27208, 303
30828, 303
12984, 303
13658, 303
17087, 303
24561, 303
36272, 303
36833, 303
25270, 303
18330, 303
11132, 303
15802, 303
18175, 303
20825, 303
25016, 303
34986, 303
23208, 303
18608, 303
10055, 303
9409, 303
14275, 303
26692, 303
31734, 303
16301, 303
9195, 303
26163, 303
17988, 303
34336, 303
27353, 303
26173, 303
9635, 303
30223, 303
30303, 303
15160, 303
36864, 303
31541, 303
8957, 303
29938, 303
9886, 303
16026, 303
18524, 303
35126, 303
15620, 303
16017, 303
26035, 303
31594, 303
36484, 303
36106, 303
14828, 303
36028, 303
28220, 303
35876, 303
25649, 303
12486, 303
27506, 303
31990, 303
22406, 303
35932, 303
36697, 303
20470, 303
32214, 303
35638, 303
16203, 303
13124, 303
23652, 303
18799, 303
24307, 303
18168, 303
24954, 303
36948, 303
9719, 303
16975, 303
16202, 303
8726, 303
31122, 303
20365, 303
14341, 303
34268, 303
13847, 303
20469, 303
15303, 303
32332, 303
25513, 303
31489, 303
25896, 303
22498, 303
12316, 303
11310, 303
9166, 303
303, 18643
303, 25811
12114, 304
304, 22231
11691, 305
305, 27448
305, 30953
34701, 306
306, 20602
33420, 307
307, 25417
24887, 308
308, 15572
26413, 309
309, 23631
17700, 310
310, 35164
34871, 311
311, 35881
8735, 312
312, 20585
8898, 313
313, 18370
14144, 314
314, 20899
26495, 315
315, 35289
10953, 316
28323, 316
12436, 316
12091, 316
36482, 316
9494, 316
316, 17581
15138, 317
317, 12864
317, 10871
23914, 318
11994, 318
318, 17687
27209, 319
319, 25975
10407, 320
320, 15111
13058, 321
321, 15964
24957, 322
322, 15855
9735, 323
323, 17533
34897, 324
35693, 324
26844, 324
324, 23811
21253, 325
325, 9834
325, 30835
11321, 326
326, 11756
35533, 327
327, 12928
29715, 328
328, 15368
17075, 329
329, 10716
12931, 330
330, 21010
18662, 331
331, 26151
32140, 332
332, 36639
19467, 333
333, 28458
31795, 334
334, 18449
16224, 335
29260, 335
335, 25199
22876, 336
14183, 336
336, 21576
8589, 337
29464, 337
337, 31888
337, 21824
337, 18862
35516, 338
338, 19098
16175, 339
339, 15952
339, 10845
339, 18808
339, 24927
339, 34574
339, 11676
12110, 340
340, 10473
21818, 341
28302, 341
341, 32021
15251, 342
342, 36468
342, 25613
25161, 343
34746, 343
343, 28281
9488, 344
344, 33281
26750, 345
31320, 345
8707, 345
23753, 345
16888, 345
32031, 345
30373, 345
35000, 345
345, 9638
345, 14776
345, 13620
30489, 346
346, 18662
33381, 347
32695, 347
20468, 347
347, 19632
26008, 348
348, 25008
11088, 349
349, 20826
15258, 350
32337, 350
36817, 350
24939, 350
350, 32028
350, 33829
350, 9306
350, 23071
350, 27737
28071, 351
351, 17674
19161, 352
9666, 352
17490, 352
352, 21009
24918, 353
353, 17324
17654, 354
354, 22738
16186, 355
355, 13567
34308, 356
356, 15781
356, 32325
12829, 357
25453, 357
357, 20005
34695, 358
358, 19140
20191, 359
359, 25050
25472, 360
360, 13416
17729, 361
361, 17392
15334, 362
362, 21870
20714, 363
363, 32372
21987, 364
33277, 364
364, 11744
12419, 365
365, 10024
27203, 366
13274, 366
366, 36818
366, 9809
366, 33269
32182, 367
367, 25768
13488, 368
368, 8513
368, 15876
21253, 369
369, 21285
27476, 370
18662, 370
370, 32261
28645, 371
371, 19035
18944, 372
372, 28910
17913, 373
23910, 373
13846, 373
25830, 373
33824, 373
18871, 373
28861, 373
30768, 373
25826, 373
12469, 373
373, 20141
32481, 374
15377, 374
22473, 374
29549, 374
27460, 374
16323, 374
16247, 374
374, 15670
374, 20256
374, 13995
374, 35250
374, 14675
374, 28722
374, 30867
374, 30314
16783, 375
31004, 375
30316, 375
375, 20824
375, 15377
375, 32361
375, 25606
27982, 376
376, 17674
33437, 377
377, 28910
21685, 378
378, 35127
22868, 379
379, 29663
19579, 380
380, 18677
20029, 381
381, 30081
11494, 382
382, 16142
14981, 383
383, 18163
31607, 384
11214, 384
27328, 384
384, 33435
18346, 385
385, 11539
385, 9817
9782, 386
386, 36263
26003, 387
387, 23371
11686, 388
388, 28183
21253, 389
389, 17674
20886, 390
390, 30307
33038, 391
391, 36899
32406, 392
392, 16194
20023, 393
393, 9759
14118, 394
394, 11396
33507, 395
13230, 395
28109, 395
14198, 395
20884, 395
30389, 395
30146, 395
30506, 395
27422, 395
16735, 395
31381, 395
35030, 395
12879, 395
17940, 395
31752, 395
395, 15432
26660, 396
396, 26284
26014, 397
397, 34500
26401, 398
398, 32674
398, 20649
29750, 399
399, 9458
12480, 400
400, 9476
11406, 401
401, 32320
401, 10834
28130, 402
19210, 402
31752, 402
402, 15526
20191, 403
403, 26973
18662, 404
404, 18534
19271, 405
405, 26565
28495, 406
406, 18662
28097, 407
10355, 407
28902, 407
35827, 407
28116, 407
9382, 407
34276, 407
407, 17674
9485, 408
408, 23631
28004, 409
409, 30073
12744, 410
410, 13732
32561, 411
36162, 411
36181, 411
411, 28281
9392, 412
19832, 412
27873, 412
412, 14875
21449, 413
413, 12903
13166, 414
414, 36354
13274, 415
415, 11830
22666, 416
27821, 416
21496, 416
23870, 416
12383, 416
17243, 416
32152, 416
26596, 416
13925, 416
416, 11873
24341, 417
417, 11730
31752, 418
418, 27778
9404, 419
24691, 419
419, 23993
419, 22721
419, 35036
16042, 420
420, 21172
28344, 421
33084, 421
23364, 421
421, 18829
421, 18403
421, 23213
421, 12895
29094, 422
422, 28281
33328, 423
34138, 423
423, 29772
32904, 424
18576, 424
424, 28578
12281, 425
425, 36209
425, 31920
21869, 426
426, 20631
31406, 427
427, 27418
10927, 428
26262, 428
428, 29040
11034, 429
429, 24473
23155, 430
430, 28281
12666, 431
431, 33637
21222, 432
16843, 432
33850, 432
18073, 432
20363, 432
14946, 432
23533, 432
25929, 432
21752, 432
20056, 432
19553, 432
32920, 432
18553, 432
13008, 432
33092, 432
34209, 432
34787, 432
12145, 432
36031, 432
27029, 432
27514, 432
35203, 432
36005, 432
22816, 432
9703, 432
9652, 432
32907, 432
17287, 432
29882, 432
28518, 432
13005, 432
11484, 432
16459, 432
36189, 432
13104, 432
35529, 432
28398, 432
34947, 432
14105, 432
33741, 432
12561, 432
30702, 432
35184, 432
10737, 432
16254, 432
11262, 432
19248, 432
23293, 432
17822, 432
24305, 432
18294, 432
20423, 432
33940, 432
18775, 432
25499, 432
11397, 432
19686, 432
18150, 432
20903, 432
20743, 432
21747, 432
32400, 432
19441, 432
13703, 432
18863, 432
20507, 432
24368, 432
16366, 432
12000, 432
26881, 432
18959, 432
12212, 432
36808, 432
27470, 432
10949, 432
25927, 432
32984, 432
13776, 432
30858, 432
18154, 432
25835, 432
22227, 432
8785, 432
20716, 432
21696, 432
23085, 432
24660, 432
31147, 432
24278, 432
26939, 432
23401, 432
27237, 432
35998, 432
31635, 432
29115, 432
25538, 432
19303, 432
34808, 432
8570, 432
15171, 432
18393, 432
24325, 432
12676, 432
34213, 432
22290, 432
15840, 432
16304, 432
11649, 432
14498, 432
34811, 432
15972, 432
28446, 432
25064, 432
20701, 432
14483, 432
26492, 432
27184, 432
29461, 432
12827, 432
32521, 432
10372, 432
14843, 432
36178, 432
16741, 432
22335, 432
32676, 432
23948, 432
22397, 432
24375, 432
35524, 432
22825, 432
20287, 432
18592, 432
10905, 432
35059, 432
25273, 432
25807, 432
18445, 432
35111, 432
28249, 432
17869, 432
29792, 432
13313, 432
18416, 432
12479, 432
31326, 432
29604, 432
26908, 432
14460, 432
8887, 432
11264, 432
29266, 432
36075, 432
18750, 432
34217, 432
20759, 432
22742, 432
20871, 432
17253, 432
14438, 432
36527, 432
29239, 432
30444, 432
24141, 432
23879, 432
10690, 432
23913, 432
10921, 432
19919, 432
35569, 432
14099, 432
21746, 432
18158, 432
9981, 432
26551, 432
27074, 432
29272, 432
14617, 432
27121, 432
24329, 432
11672, 432
24096, 432
34636, 432
31790, 432
25934, 432
28788, 432
14484, 432
35560, 432
28694, 432
22432, 432
25411, 432
12755, 432
34123, 432
26271, 432
28692, 432
26771, 432
18943, 432
12617, 432
17499, 432
19452, 432
10685, 432
8576, 432
18071, 432
8931, 432
18922, 432
26111, 432
31274, 432
12892, 432
24673, 432
24643, 432
21375, 432
12232, 432
36858, 432
25765, 432
8777, 432
16833, 432
9275, 432
12357, 432
22890, 432
23053, 432
14300, 432
14054, 432
21276, 432
17327, 432
27287, 432
23493, 432
14366, 432
9427, 432
9155, 432
35071, 432
35619, 432
8665, 432
35496, 432
36382, 432
29850, 432
36573, 432
34715, 432
33619, 432
31034, 432
13951, 432
10654, 432
31430, 432
32364, 432
15688, 432
22089, 432
27007, 432
29001, 432
32157, 432
27969, 432
17128, 432
13557, 432
28862, 432
9927, 432
30032, 432
10702, 432
14956, 432
27294, 432
10520, 432
17600, 432
17247, 432
30288, 432
19507, 432
28777, 432
32525, 432
19316, 432
34173, 432
24430, 432
28261, 432
25188, 432
19909, 432
23629, 432
28142, 432
36710, 432
15508, 432
22376, 432
35097, 432
16258, 432
21069, 432
35033, 432
24121, 432
10478, 432
21083, 432
9418, 432
32912, 432
19130, 432
16141, 432
28377, 432
21315, 432
9510, 432
19304, 432
20784, 432
10309, 432
25602, 432
31537, 432
25898, 432
10174, 432
35143, 432
33525, 432
9187, 432
28041, 432
33670, 432
19893, 432
10209, 432
24177, 432
9160, 432
29538, 432
35432, 432
13097, 432
22028, 432
18170, 432
31287, 432
30614, 432
13832, 432
11371, 432
13964, 432
20186, 432
25879, 432
26893, 432
32937, 432
16282, 432
18273, 432
29070, 432
17483, 432
11625, 432
24484, 432
27198, 432
27060, 432
33345, 432
11242, 432
32411, 432
30143, 432
15155, 432
29164, 432
12772, 432
34890, 432
34618, 432
14213, 432
19102, 432
22428, 432
24008, 432
29256, 432
22060, 432
24035, 432
37074, 432
19403, 432
23994, 432
29039, 432
34396, 432
36079, 432
29908, 432
21376, 432
26521, 432
19105, 432
19084, 432
26437, 432
24466, 432
9131, 432
28150, 432
22777, 432
24878, 432
16812, 432
30735, 432
17120, 432
37004, 432
29489, 432
28626, 432
16103, 432
16168, 432
26747, 432
9954, 432
30765, 432
8839, 432
13139, 432
22989, 432
16471, 432
10118, 432
22024, 432
34533, 432
35785, 432
33308, 432
12214, 432
27295, 432
8427, 432
12806, 432
29167, 432
21152, 432
36619, 432
12746, 432
24089, 432
10767, 432
15181, 432
26488, 432
10326, 432
16548, 432
17725, 432
12251, 432
31792, 432
20948, 432
21063, 432
33660, 432
13490, 432
27566, 432
21495, 432
17365, 432
14372, 432
30616, 432
17963, 432
12935, 432
32724, 432
16169, 432
25925, 432
18645, 432
24535, 432
27866, 432
28550, 432
15331, 432
13438, 432
16744, 432
23719, 432
14694, 432
18549, 432
15864, 432
19713, 432
28568, 432
29044, 432
25915, 432
10358, 432
25603, 432
12999, 432
19498, 432
14104, 432
26568, 432
31624, 432
12348, 432
13585, 432
21710, 432
35679, 432
25343, 432
18111, 432
14848, 432
21691, 432
36347, 432
35048, 432
24435, 432
30631, 432
28836, 432
27924, 432
34590, 432
10568, 432
8861, 432
18352, 432
19315, 432
31612, 432
28956, 432
12154, 432
22106, 432
13328, 432
30592, 432
34856, 432
33343, 432
8864, 432
20476, 432
28941, 432
10348, 432
10518, 432
16596, 432
35675, 432
32980, 432
9555, 432
10269, 432
20963, 432
13041, 432
25561, 432
31402, 432
33106, 432
31068, 432
29480, 432
35173, 432
32420, 432
16153, 432
9623, 432
31191, 432
29563, 432
36041, 432
8390, 432
25083, 432
23766, 432
15167, 432
15892, 432
25612, 432
22386, 432
31374, 432
32351, 432
26518, 432
19683, 432
20467, 432
22029, 432
13022, 432
18947, 432
36230, 432
30105, 432
13907, 432
33193, 432
31405, 432
17981, 432
29068, 432
21351, 432
30767, 432
31325, 432
27527, 432
32365, 432
11204, 432
19785, 432
19072, 432
28520, 432
22985, 432
24072, 432
9592, 432
31632, 432
8357, 432
32180, 432
28371, 432
25903, 432
16452, 432
19807, 432
29185, 432
26336, 432
22209, 432
21256, 432
16095, 432
32709, 432
30952, 432
17409, 432
10218, 432
30447, 432
24658, 432
32490, 432
9634, 432
16205, 432
16464, 432
12109, 432
34150, 432
26133, 432
16057, 432
18763, 432
21521, 432
31266, 432
34037, 432
15722, 432
32270, 432
432, 28789
432, 20230
432, 32998
432, 12258
27261, 433
433, 13450
10915, 434
434, 17533
9246, 435
30798, 435
435, 23673
27442, 436
31390, 436
36216, 436
436, 28081
25510, 437
437, 29642
35196, 438
21823, 438
438, 20602
19984, 439
439, 17674
27748, 440
440, 27952
22408, 441
441, 16508
10265, 442
442, 35453
34843, 443
16142, 443
17629, 443
27564, 443
31216, 443
16795, 443
31895, 443
443, 11836
443, 19854
443, 30085
443, 22422
443, 27576
443, 22261
443, 14302
443, 16583
8444, 444
444, 36654
28061, 445
445, 27044
35818, 446
446, 32014
35715, 447
20119, 447
27944, 447
447, 14061
32308, 448
448, 28157
36910, 449
449, 11353
31724, 450
450, 35680
19886, 451
451, 28281
25193, 452
452, 12776
36654, 453
453, 37011
453, 18662
30832, 454
11661, 454
454, 34474
11409, 455
24674, 455
34289, 455
28906, 455
20603, 455
14056, 455
31994, 455
10574, 455
14062, 455
22971, 455
455, 15123
9219, 456
26917, 456
33156, 456
15476, 456
35168, 456
22966, 456
10725, 456
29656, 456
16284, 456
456, 34820
9891, 457
457, 12104
457, 31515
457, 19357
457, 24222
34812, 458
458, 31279
20939, 459
14971, 459
28291, 459
17389, 459
11916, 459
28381, 459
35852, 459
17678, 459
22093, 459
27791, 459
16616, 459
459, 35680
459, 22779
12703, 460
460, 24707
18662, 461
461, 33216
23521, 462
462, 30398
35351, 463
463, 21712
463, 18593
30754, 464
464, 17044
464, 18662
30232, 465
465, 27021
19471, 466
466, 36639
13147, 467
11198, 467
467, 21127
22763, 468
468, 26284
9892, 469
469, 32159
36757, 470
17624, 470
9159, 470
22650, 470
8646, 470
30622, 470
24901, 470
16232, 470
29148, 470
470, 20956
470, 20678
470, 34605
470, 19800
470, 17473
470, 32534
470, 32162
470, 24842
470, 34363
470, 20715
30985, 471
28123, 471
471, 13062
32459, 472
23654, 472
472, 14293
16340, 473
15761, 473
20108, 473
32750, 473
25469, 473
31773, 473
473, 35123
473, 18721
473, 28087
473, 35229
473, 30522
473, 34006
473, 22785
13063, 474
474, 12259
29625, 475
475, 13732
32101, 476
476, 25304
33037, 477
477, 29280
24798, 478
478, 11847
9364, 479
479, 35458
479, 28775
479, 16247
9759, 480
23722, 480
480, 16246
29102, 481
481, 20722
24505, 482
27744, 482
18568, 482
35580, 482
32424, 482
32362, 482
482, 33785
19851, 483
483, 33637
36909, 484
484, 14425
20720, 485
485, 33928
485, 8628
21781, 486
11478, 486
26613, 486
486, 36670
28801, 487
487, 33057
15059, 488
23127, 488
488, 18979
16940, 489
30533, 489
30849, 489
22733, 489
35302, 489
18745, 489
11140, 489
17140, 489
27359, 489
35875, 489
26179, 489
23724, 489
27436, 489
11393, 489
8848, 489
17589, 489
21997, 489
22783, 489
489, 11873
29088, 490
490, 14677
20240, 491
491, 23342
20120, 492
492, 36208
17574, 493
493, 28281
17744, 494
494, 36883
20935, 495
495, 14565
26467, 496
496, 14941
36209, 497
29715, 497
497, 28544
19143, 498
30975, 498
498, 17889
14770, 499
27225, 499
499, 13718
25576, 500
35157, 500
29477, 500
25706, 500
500, 15242
25579, 501
501, 24635
29460, 502
502, 29521
16803, 503
27065, 503
503, 9910
503, 21680
25010, 504
504, 11038
26168, 505
505, 34031
19964, 506
506, 22246
506, 13582
506, 20077
27977, 507
10059, 507
14212, 507
22779, 507
507, 18776
507, 29076
507, 22741
507, 20980
507, 23764
9631, 508
35723, 508
30191, 508
508, 15905
508, 22779
508, 13780
19696, 509
509, 9029
21418, 510
35576, 510
510, 17408
510, 11036
510, 23729
36115, 511
511, 24888
511, 18662
26698, 512
512, 17803
16191, 513
513, 19074
10452, 514
514, 35912
8448, 515
515, 29799
13407, 516
516, 35986
516, 10116
30559, 517
32464, 517
13818, 517
517, 8425
35622, 518
518, 26359
20719, 519
21057, 519
13357, 519
16799, 519
30675, 519
22326, 519
8597, 519
13030, 519
519, 35371
27742, 520
520, 9316
23370, 521
26166, 521
15903, 521
14813, 521
18317, 521
19260, 521
17576, 521
10498, 521
16353, 521
27519, 521
10415, 521
521, 11666
21490, 522
20736, 522
10072, 522
14725, 522
21093, 522
28197, 522
522, 22975
26537, 523
523, 36115
15214, 524
524, 33494
524, 30811
31926, 525
34882, 525
23508, 525
13961, 525
26389, 525
9751, 525
21502, 525
31630, 525
525, 23504
525, 35383
32987, 526
526, 17655
24064, 527
527, 36214
30596, 528
528, 33661
28393, 529
529, 9601
11678, 530
530, 14401
20869, 531
531, 27140
29454, 532
532, 29521
16342, 533
36038, 533
19505, 533
14022, 533
27135, 533
32824, 533
10113, 533
533, 11418
533, 24798
533, 32159
34346, 534
17396, 534
534, 32299
26797, 535
535, 28157
11480, 536
536, 24201
26200, 537
8641, 537
537, 34265
19113, 538
538, 34058
18281, 539
20912, 539
18735, 539
539, 24635
21575, 540
540, 18662
21423, 541
541, 29647
12976, 542
542, 23867
542, 28034
10407, 543
543, 15111
36346, 544
544, 15759
33047, 545
545, 34843
34406, 546
34653, 546
546, 28281
29371, 547
15232, 547
547, 33637
15807, 548
548, 27264
34724, 549
549, 36202
19075, 550
550, 30398
13179, 551
33657, 551
26981, 551
25624, 551
33773, 551
551, 26763
14027, 552
552, 29528
13052, 553
553, 34161
24967, 554
9036, 554
20733, 554
554, 23371
25778, 555
555, 21870
34925, 556
33281, 556
14091, 556
24020, 556
36047, 556
24293, 556
30282, 556
12886, 556
11553, 556
13732, 556
15211, 556
24740, 556
556, 31140
556, 21174
556, 17061
556, 17519
556, 17391
556, 29985
556, 22061
556, 29311
556, 36112
556, 35381
556, 26819
556, 24298
556, 24058
18936, 557
557, 21043
557, 30823
557, 13707
22868, 558
558, 14174
23781, 559
27795, 559
36404, 559
14998, 559
31196, 559
559, 26015
13033, 560
30690, 560
560, 10024
35588, 561
561, 17803
25010, 562
562, 33281
21456, 563
563, 25613
18000, 564
564, 30081
12110, 565
565, 9969
21640, 566
566, 17533
27600, 567
567, 36654
12500, 568
568, 18527
31353, 569
569, 13213
9430, 570
570, 23148
17528, 571
571, 17533
23369, 572
17187, 572
11518, 572
22599, 572
27776, 572
572, 10819
23893, 573
573, 34460
9967, 574
9244, 574
574, 36662
23529, 575
575, 31935
575, 23125
14351, 576
576, 26951
27076, 577
26200, 577
577, 33281
577, 15572
26282, 578
578, 23963
30754, 579
15703, 579
34385, 579
12988, 579
30512, 579
18662, 579
579, 26151
17322, 580
580, 21870
580, 19007
28632, 581
581, 24201
19013, 582
582, 30824
13201, 583
32196, 583
583, 12925
26609, 584
13749, 584
21733, 584
584, 8840
23266, 585
585, 23371
25590, 586
586, 16340
33962, 587
587, 28281
17722, 588
588, 31372
36332, 589
589, 26973
26151, 590
590, 22578
590, 26886
590, 22059
590, 27460
590, 35520
590, 29837
590, 28310
590, 25272
590, 16740
590, 11704
590, 14604
13363, 591
591, 31904
11096, 592
17629, 592
25697, 592
31448, 592
36047, 592
33170, 592
36716, 592
28442, 592
30930, 592
24390, 592
20905, 592
12258, 592
18639, 592
592, 19633
592, 14790
592, 9469
592, 9009
592, 13910
592, 32383
592, 33889
592, 33505
592, 25986
592, 29021
592, 27292
592, 15076
592, 17011
592, 21549
12767, 593
36380, 593
21291, 593
21494, 593
34165, 593
12929, 593
9844, 593
593, 14486
593, 33174
593, 12568
593, 33069
593, 24247
593, 29835
593, 23553
593, 16498
10204, 594
594, 8827
8456, 595
27619, 595
595, 34569
18446, 596
13778, 596
596, 31206
11544, 597
597, 24277
10362, 598
598, 13315
27819, 599
599, 24063
19823, 600
600, 33281
28410, 601
30429, 601
10407, 601
8511, 601
601, 15111
32857, 602
602, 30244
23539, 603
603, 26763
31189, 604
604, 9699
604, 18662
18726, 605
26976, 605
605, 30157
605, 17806
605, 30354
605, 9056
605, 12305
605, 8986
605, 33874
605, 22309
17723, 606
30811, 606
606, 14368
27991, 607
607, 9287
26196, 608
608, 30729
16505, 609
609, 28281
9453, 610
610, 26348
15337, 611
611, 32969
21959, 612
8647, 612
612, 12886
37053, 613
613, 20899
18766, 614
9828, 614
614, 20960
17297, 615
26368, 615
27760, 615
615, 14626
615, 24822
615, 37069
615, 32133
21253, 616
616, 33311
16658, 617
617, 31035
34729, 618
618, 20868
8526, 619
28490, 619
619, 26746
619, 32468
619, 15150
12330, 620
620, 34305
16293, 621
621, 25092
14005, 622
11561, 622
622, 18021
20521, 623
9837, 623
623, 10674
623, 12614
11079, 624
624, 36654
35414, 625
625, 34620
625, 29368
20652, 626
626, 15327
626, 31425
15019, 627
627, 17265
627, 11403
627, 8957
23708, 628
22965, 628
30764, 628
33970, 628
628, 25871
628, 16448
628, 31888
628, 33365
628, 26955
17789, 629
629, 16622
629, 12089
629, 13952
35424, 630
17012, 630
22411, 630
36433, 630
9670, 630
34932, 630
34825, 630
27729, 630
12706, 630
17665, 630
34264, 630
9902, 630
11771, 630
20608, 630
24224, 630
12844, 630
11111, 630
630, 13651
630, 14496
15727, 631
631, 13474
10407, 632
632, 15111
27846, 633
633, 12690
36201, 634
33594, 634
19712, 634
35705, 634
36052, 634
26605, 634
18057, 634
634, 23371
14314, 635
635, 28412
15853, 636
636, 13194
11026, 637
14635, 637
637, 17674
28095, 638
638, 18496
18112, 639
15220, 639
29300, 639
17498, 639
639, 15123
9430, 640
640, 30422
640, 8824
640, 27818
33917, 641
641, 35957
641, 26599
11906, 642
642, 26184
17824, 643
30623, 643
36398, 643
24801, 643
15110, 643
19758, 643
643, 18580
643, 12859
643, 12393
643, 31482
643, 32128
643, 36266
643, 22390
10250, 644
644, 29478
644, 22765
644, 9554
644, 19738
31564, 645
21700, 645
14810, 645
19989, 645
18444, 645
29950, 645
22655, 645
645, 11873
22419, 646
16184, 646
646, 36549
20952, 647
647, 25099
10107, 648
32574, 648
648, 12705
32878, 649
649, 16194
649, 25099
26499, 650
650, 18714
650, 11690
650, 12559
29523, 651
651, 17935
11657, 652
31763, 652
652, 17674
31596, 653
653, 32955
653, 19994
653, 12770
17718, 654
654, 16632
22849, 655
655, 11709
25689, 656
15489, 656
14229, 656
656, 19243
33048, 657
657, 13039
32694, 658
658, 19272
17339, 659
659, 12198
28131, 660
17360, 660
13509, 660
14471, 660
26850, 660
23774, 660
660, 17533
26151, 661
661, 13545
661, 30189
661, 27717
661, 23502
661, 31076
23986, 662
14629, 662
662, 20942
33550, 663
663, 29549
11128, 664
664, 14309
30169, 665
665, 16154
27992, 666
26951, 666
27785, 666
27460, 666
37007, 666
19945, 666
20265, 666
666, 26947
666, 10188
666, 9268
666, 20704
666, 15046
666, 10727
666, 16592
666, 35931
14591, 667
32611, 667
667, 21366
28961, 668
15045, 668
27502, 668
668, 12458
27768, 669
28871, 669
669, 19147
23708, 670
18613, 670
35197, 670
8567, 670
21974, 670
15261, 670
25741, 670
16516, 670
34389, 670
33637, 670
32996, 670
19758, 670
12442, 670
670, 36426
670, 31324
670, 22826
670, 15063
670, 31915
670, 20132
670, 21170
670, 10129
670, 15627
670, 26039
670, 33097
670, 10312
670, 28392
670, 11860
36554, 671
24797, 671
671, 11182
671, 33325
671, 10271
12009, 672
672, 17533
25454, 673
28538, 673
673, 35382
11088, 674
674, 20826
24272, 675
675, 35661
36923, 676
676, 23371
26232, 677
28910, 677
677, 13754
10100, 678
17898, 678
17130, 678
26266, 678
18615, 678
31765, 678
12622, 678
25115, 678
34066, 678
14447, 678
23340, 678
31347, 678
19730, 678
13843, 678
31031, 678
678, 21433
33301, 679
679, 27428
679, 32044
18569, 680
680, 11575
35665, 681
17723, 681
681, 34697
15945, 682
682, 28281
21479, 683
683, 17891
25599, 684
19546, 684
20366, 684
684, 34761
13386, 685
685, 20649
685, 23361
12496, 686
686, 36982
686, 14866
686, 28428
686, 35914
27106, 687
687, 24635
17056, 688
688, 29998
24844, 689
689, 27667
8843, 690
690, 30839
19642, 691
13971, 691
691, 19650
32943, 692
692, 27885
33420, 693
693, 35572
17769, 694
694, 27595
28293, 695
695, 30206
22868, 696
696, 29663
11064, 697
9929, 697
35518, 697
36826, 697
18184, 697
697, 35262
697, 14919
697, 14369
697, 23907
697, 13576
697, 33474
21719, 698
698, 8831
22440, 699
23678, 699
699, 17533
34463, 700
24584, 700
31167, 700
12997, 700
17912, 700
8840, 700
28527, 700
17043, 700
36627, 700
27507, 700
15664, 700
22656, 700
14543, 700
700, 26533
10013, 701
701, 21705
27984, 702
702, 12397
24379, 703
703, 33757
12728, 704
704, 35088
20744, 705
705, 20356
29585, 706
706, 21078
706, 14039
706, 23244
8539, 707
707, 12928
27806, 708
17451, 708
708, 25711
21253, 709
709, 21194
21253, 710
710, 30947
10523, 711
711, 35155
28893, 712
33463, 712
18372, 712
9853, 712
24051, 712
23877, 712
712, 34705
33285, 713
713, 20824
27406, 714
714, 13040
9693, 715
11588, 715
715, 27528
13137, 716
716, 36326
30264, 717
717, 31453
28963, 718
718, 15855
26809, 719
719, 33261
30338, 720
14441, 720
36044, 720
21659, 720
33519, 720
24926, 720
36762, 720
25826, 720
27447, 720
32001, 720
21406, 720
720, 29846
29849, 721
721, 25741
20172, 722
722, 17501
11501, 723
35986, 723
723, 17511
32669, 724
724, 33281
12356, 725
725, 32977
33712, 726
24521, 726
17368, 726
726, 37050
28771, 727
727, 8425
10545, 728
728, 33281
18870, 729
26198, 729
729, 33637
34155, 730
730, 26152
13829, 731
731, 26522
24773, 732
732, 14496
19411, 733
733, 25206
733, 18477
28805, 734
734, 27703
734, 12523
36625, 735
27593, 735
735, 10450
735, 14648
29496, 736
736, 31833
26420, 737
13385, 737
29923, 737
737, 30004
29987, 738
738, 27409
18808, 739
10881, 739
739, 34477
30476, 740
740, 20959
14100, 741
741, 14823
17676, 742
742, 17451
742, 29118
16883, 743
743, 8634
743, 13555
24064, 744
744, 36214
9363, 745
25289, 745
24447, 745
31300, 745
745, 35950
11697, 746
746, 26190
13198, 747
747, 23373
36516, 748
15686, 748
30089, 748
19738, 748
21213, 748
748, 36848
748, 19666
748, 34154
748, 21279
748, 30097
748, 32602
30404, 749
32111, 749
749, 20327
35459, 750
750, 23439
27246, 751
32425, 751
751, 34034
751, 25480
751, 30806
19367, 752
752, 28348
15807, 753
753, 36056
25560, 754
21515, 754
23002, 754
754, 17010
16198, 755
755, 9115
20492, 756
15993, 756
756, 24049
29141, 757
757, 17903
36373, 758
22416, 758
23371, 758
35172, 758
15261, 758
758, 25084
758, 31128
758, 28076
758, 19436
758, 8487
758, 36246
18809, 759
759, 27311
759, 29668
26970, 760
760, 24229
27321, 761
761, 28281
27759, 762
10355, 762
28097, 762
11448, 762
762, 17674
34437, 763
34793, 763
763, 15572
32847, 764
764, 15522
31846, 765
13111, 765
14770, 765
765, 19555
11785, 766
766, 34342
766, 19074
17956, 767
767, 27445
36995, 768
768, 15369
24884, 769
769, 19897
14490, 770
28948, 770
770, 33637
25824, 771
771, 30644
32520, 772
772, 17674
25725, 773
773, 36209
15990, 774
774, 10055
30246, 775
775, 16509
775, 18305
775, 20411
775, 15479
27153, 776
776, 31569
11231, 777
777, 11301
21004, 778
778, 18662
10407, 779
779, 15111
23051, 780
31488, 780
780, 29189
780, 14974
780, 10729
35418, 781
23845, 781
12136, 781
23375, 781
14677, 781
781, 34677
781, 14071
781, 9612
781, 11894
781, 18058
781, 21592
16521, 782
32374, 782
782, 30972
782, 10597
25010, 783
783, 22185
33086, 784
784, 28281
13513, 785
16142, 785
25544, 785
22751, 785
18557, 785
18287, 785
33470, 785
19777, 785
28703, 785
21177, 785
23765, 785
23058, 785
25272, 785
16232, 785
24469, 785
35590, 785
27400, 785
785, 34273
785, 20121
785, 18802
785, 16997
785, 26119
785, 9569
785, 34869
785, 33694
785, 11696
785, 26242
785, 22132
785, 10402
785, 33527
785, 12177
785, 18120
785, 28444
785, 23794
785, 30221
23427, 786
786, 26441
25661, 787
21784, 787
787, 21782
9201, 788
788, 33281
29849, 789
789, 25741
19966, 790
790, 31216
8731, 791
17586, 791
791, 35123
791, 31074
35731, 792
792, 33803
36974, 793
793, 11834
16515, 794
794, 34184
794, 33084
794, 26100
794, 12643
794, 10548
30485, 795
795, 15184
22000, 796
796, 24117
23257, 797
31531, 797
797, 23371
14942, 798
798, 24964
20401, 799
35086, 799
799, 33281
25095, 800
800, 11841
15137, 801
801, 28949
801, 9617
17029, 802
802, 27428
19050, 803
803, 9886
31027, 804
804, 31864
26600, 805
805, 21269
805, 9557
28761, 806
22608, 806
9849, 806
30268, 806
11983, 806
30508, 806
806, 27722
806, 25690
19318, 807
807, 21852
19197, 808
808, 22403
33420, 809
809, 16695
32624, 810
810, 18808
810, 31390
810, 17035
810, 24181
12988, 811
811, 24199
811, 18662
15990, 812
812, 21331
14655, 813
813, 16232
36942, 814
814, 31138
11220, 815
815, 36654
14362, 816
816, 19832
10407, 817
817, 15111
19717, 818
818, 18222
25427, 819
819, 32113
33908, 820
33573, 820
820, 16582
820, 15065
35632, 821
821, 30674
9487, 822
822, 18662
14575, 823
823, 32712
28910, 824
824, 18851
30168, 825
18971, 825
19026, 825
13233, 825
21751, 825
30698, 825
22830, 825
14811, 825
31441, 825
27151, 825
19019, 825
28933, 825
32366, 825
27478, 825
13001, 825
26358, 825
33178, 825
36821, 825
12130, 825
21564, 825
18559, 825
29366, 825
19680, 825
16644, 825
25215, 825
33884, 825
19922, 825
16125, 825
32760, 825
825, 26533
16340, 826
32122, 826
9287, 826
17629, 826
11340, 826
21980, 826
8498, 826
25688, 826
17735, 826
17266, 826
21228, 826
30568, 826
14324, 826
826, 14729
826, 27962
826, 22597
826, 8732
826, 29282
826, 32193
826, 16338
826, 29311
826, 19876
826, 17380
826, 27905
826, 24011
826, 30762
826, 33349
22418, 827
827, 28281
9586, 828
828, 28786
828, 36202
22341, 829
829, 17674
36153, 830
830, 24594
830, 15664
23406, 831
831, 16194
18179, 832
832, 28281
22768, 833
15730, 833
14545, 833
28578, 833
34539, 833
21272, 833
20166, 833
22478, 833
16817, 833
14006, 833
32315, 833
10429, 833
833, 26533
36918, 834
834, 36751
22303, 835
22603, 835
835, 17674
21253, 836
836, 18783
836, 19351
30745, 837
837, 35351
837, 10393
26165, 838
14496, 838
19822, 838
14394, 838
28633, 838
24340, 838
28720, 838
33838, 838
838, 14352
838, 9380
838, 11626
838, 32284
838, 22953
838, 17119
838, 30381
838, 21941
838, 9760
12711, 839
33333, 839
20772, 839
12597, 839
839, 15317
839, 36311
839, 29439
839, 17391
839, 23650
31390, 840
34474, 840
840, 24694
14425, 841
9853, 841
12433, 841
841, 27823
21253, 842
842, 11990
28147, 843
843, 26375
843, 34360
22431, 844
844, 17629
25403, 845
845, 13954
845, 16306
33003, 846
846, 29715
15767, 847
847, 26740
9041, 848
24373, 848
8678, 848
30860, 848
32213, 848
10947, 848
29165, 848
23235, 848
13300, 848
13112, 848
28829, 848
11492, 848
17194, 848
21740, 848
31379, 848
36641, 848
31485, 848
18188, 848
23596, 848
27651, 848
9741, 848
18420, 848
19029, 848
30830, 848
34833, 848
33337, 848
25320, 848
32662, 848
26865, 848
31975, 848
25303, 848
8623, 848
24044, 848
30159, 848
24262, 848
16291, 848
31961, 848
9239, 848
11929, 848
36244, 848
29745, 848
15981, 848
11703, 848
11885, 848
18850, 848
848, 15572
31427, 849
849, 33281
12303, 850
850, 15507
8988, 851
12573, 851
12926, 851
22159, 851
32223, 851
15768, 851
20473, 851
23376, 851
13839, 851
29343, 851
27964, 851
9367, 851
30442, 851
22501, 851
22015, 851
16408, 851
14532, 851
16541, 851
25605, 851
21622, 851
12978, 851
25339, 851
13507, 851
28447, 851
33813, 851
36893, 851
32483, 851
34917, 851
28770, 851
18011, 851
15207, 851
20324, 851
11637, 851
34815, 851
23196, 851
34633, 851
16954, 851
34062, 851
20448, 851
21466, 851
23333, 851
14030, 851
32003, 851
34940, 851
8366, 851
29900, 851
31079, 851
17684, 851
24053, 851
10990, 851
13118, 851
16127, 851
25477, 851
30641, 851
14769, 851
33249, 851
19363, 851
29485, 851
24744, 851
15174, 851
20993, 851
24389, 851
16465, 851
20537, 851
24043, 851
36446, 851
15735, 851
33609, 851
9429, 851
19079, 851
26779, 851
34977, 851
18350, 851
19347, 851
27856, 851
30760, 851
21816, 851
16056, 851
29796, 851
31109, 851
20810, 851
19015, 851
20400, 851
15224, 851
851, 27512
14351, 852
11090, 852
852, 26951
16340, 853
20153, 853
17629, 853
22941, 853
853, 30025
853, 32050
853, 16143
853, 13486
853, 33168
853, 19429
13287, 854
854, 11219
29258, 855
855, 16142
13805, 856
856, 15111
27893, 857
11960, 857
857, 20855
36377, 858
858, 25176
15051, 859
859, 16142
18217, 860
860, 13198
25781, 861
861, 9276
25318, 862
862, 20027
862, 23099
862, 32059
862, 20010
862, 29862
34167, 863
863, 22334
30586, 864
864, 8425
14411, 865
865, 8827
23826, 866
866, 21491
11975, 867
867, 18667
867, 11876
867, 29257
867, 16326
867, 31259
867, 15161
867, 14121
867, 23817
867, 32802
867, 36757
867, 13994
867, 26176
867, 8709
867, 10863
867, 31149
867, 24249
867, 30028
867, 27785
867, 24832
867, 27069
867, 28313
867, 10059
867, 29105
867, 24824
867, 34007
867, 16834
867, 29370
867, 22253
867, 35667
867, 16852
867, 22771
867, 14186
867, 27397
867, 28279
867, 32403
867, 12531
867, 12151
867, 9473
867, 12929
867, 21908
867, 18212
867, 18585
867, 12917
867, 21968
867, 16415
867, 23137
867, 11939
867, 14430
867, 33857
867, 24267
867, 36259
867, 26121
867, 17708
867, 11553
867, 11784
867, 34109
867, 24946
867, 35900
867, 14552
867, 18365
867, 20398
867, 32996
867, 30059
867, 31183
867, 22830
867, 27151
867, 28933
867, 32366
867, 25215
867, 33884
26330, 868
868, 33637
16208, 869
869, 15417
11911, 870
10597, 870
870, 31285
34997, 871
871, 9622
871, 23123
17559, 872
34012, 872
872, 9325
26353, 873
873, 17581
34682, 874
874, 10876
24502, 875
875, 17107
26792, 876
26556, 876
25035, 876
25212, 876
13265, 876
12634, 876
9142, 876
9570, 876
16022, 876
26628, 876
18587, 876
35558, 876
876, 22306
19068, 877
877, 14975
18662, 878
878, 17378
17254, 879
879, 21694
37013, 880
880, 18662
25315, 881
881, 14026
9287, 882
20581, 882
23502, 882
24415, 882
882, 23628
882, 29804
882, 36368
882, 21689
882, 32304
11944, 883
883, 19916
23808, 884
884, 36777
18179, 885
885, 28281
26629, 886
886, 32712
13198, 887
29945, 887
887, 27367
21815, 888
24401, 888
33742, 888
20579, 888
888, 9939
888, 31009
888, 10556
888, 13491
888, 29724
30682, 889
889, 23867
14351, 890
890, 26951
26498, 891
891, 36283
891, 31028
36425, 892
892, 21707
10288, 893
893, 33281
30504, 894
894, 32436
25010, 895
895, 35025
8494, 896
896, 14410
896, 23087
20590, 897
897, 22820
20938, 898
898, 23914
9884, 899
33462, 899
25150, 899
17271, 899
899, 32991
899, 11633
30730, 900
900, 29842
33855, 901
901, 35022
21227, 902
19061, 902
902, 10693
26887, 903
903, 33021
31643, 904
8483, 904
904, 17114
22354, 905
905, 32997
18426, 906
8925, 906
21973, 906
906, 29451
21769, 907
907, 30835
22835, 908
908, 15546
10674, 909
34460, 909
909, 23697
909, 16497
18936, 910
36942, 910
26168, 910
9430, 910
910, 34800
32727, 911
911, 26522
24118, 912
912, 28538
22040, 913
913, 35759
32629, 914
914, 20804
32820, 915
915, 16142
11424, 916
916, 34295
29844, 917
917, 30636
15028, 918
22423, 918
11968, 918
31346, 918
918, 28566
918, 10097
918, 11019
9709, 919
919, 12148
34118, 920
920, 33596
24931, 921
921, 12928
9128, 922
922, 32631
27525, 923
923, 25099
16832, 924
924, 25775
27297, 925
925, 14770
25974, 926
926, 18662
27203, 927
13274, 927
927, 23681
16186, 928
928, 9635
34709, 929
929, 25406
929, 24256
18327, 930
930, 24201
16027, 931
931, 12891
931, 22231
16361, 932
9890, 932
17208, 932
21431, 932
932, 10307
932, 14373
932, 17477
932, 20526
932, 15650
17310, 933
19212, 933
933, 27256
20290, 934
934, 10527
25914, 935
32055, 935
27127, 935
25501, 935
33180, 935
10256, 935
15336, 935
27214, 935
31035, 935
16247, 935
25077, 935
12344, 935
21576, 935
935, 19582
935, 30468
935, 24536
935, 12856
935, 26749
935, 12774
935, 36801
935, 13055
935, 20607
935, 33160
935, 26902
935, 24767
935, 16967
935, 25293
36728, 936
936, 23668
21253, 937
937, 34267
26839, 938
938, 20062
938, 19875
938, 10308
938, 27864
20156, 939
27760, 939
17208, 939
939, 8747
939, 15475
939, 33155
939, 11991
25010, 940
940, 24635
17456, 941
24201, 941
941, 28141
27127, 942
17554, 942
25935, 942
942, 14772
942, 33089
942, 10076
942, 32086
942, 35549
27203, 943
943, 22841
943, 13199
20970, 944
944, 18449
33706, 945
945, 9197
30200, 946
26671, 946
946, 33246
16428, 947
8630, 947
28578, 947
33102, 947
19478, 947
24085, 947
36743, 947
33765, 947
13017, 947
947, 26533
12110, 948
948, 16023
26168, 949
949, 17468
12082, 950
950, 26001
27226, 951
25726, 951
29800, 951
27895, 951
22457, 951
21828, 951
35435, 951
21775, 951
13044, 951
28329, 951
35332, 951
21619, 951
9119, 951
25491, 951
28918, 951
10422, 951
29770, 951
21429, 951
19668, 951
25291, 951
26735, 951
11844, 951
36811, 951
11120, 951
28267, 951
13639, 951
36537, 951
14295, 951
32219, 951
24697, 951
37073, 951
19518, 951
13622, 951
35916, 951
31137, 951
14190, 951
19672, 951
11107, 951
31197, 951
20451, 951
10011, 951
28377, 951
15881, 951
28475, 951
19476, 951
23107, 951
28969, 951
26871, 951
20095, 951
22566, 951
10384, 951
16085, 951
34979, 951
8883, 951
11303, 951
26536, 951
28798, 951
28834, 951
35641, 951
13340, 951
25570, 951
25969, 951
30914, 951
11891, 951
31155, 951
28209, 951
32017, 951
29980, 951
8663, 951
17487, 951
18519, 951
17934, 951
31409, 951
13676, 951
26575, 951
21015, 951
16325, 951
29265, 951
13481, 951
14559, 951
21899, 951
18660, 951
24393, 951
10942, 951
9253, 951
20380, 951
17817, 951
18202, 951
13241, 951
13547, 951
22803, 951
33665, 951
12484, 951
13042, 951
18546, 951
34990, 951
20385, 951
10162, 951
28712, 951
21317, 951
28779, 951
33540, 951
27270, 951
27745, 951
28212, 951
23106, 951
20650, 951
23173, 951
13072, 951
15500, 951
35344, 951
30274, 951
27390, 951
9920, 951
19885, 951
33482, 951
23840, 951
12441, 951
19047, 951
16927, 951
35251, 951
29472, 951
9692, 951
32768, 951
11309, 951
12120, 951
16897, 951
26916, 951
9600, 951
25693, 951
21425, 951
23743, 951
30771, 951
11106, 951
20310, 951
34743, 951
26607, 951
26447, 951
20968, 951
20039, 951
12598, 951
27089, 951
10805, 951
33350, 951
18731, 951
31170, 951
14044, 951
16245, 951
23251, 951
34280, 951
24839, 951
34796, 951
11413, 951
34981, 951
16220, 951
29495, 951
17151, 951
33509, 951
34822, 951
10267, 951
31217, 951
27389, 951
13715, 951
17983, 951
11192, 951
10844, 951
33032, 951
35356, 951
8927, 951
12799, 951
33704, 951
30418, 951
34635, 951
11652, 951
26618, 951
35936, 951
20966, 951
15446, 951
9876, 951
10726, 951
33732, 951
30991, 951
19080, 951
17371, 951
24009, 951
22536, 951
19499, 951
11062, 951
32835, 951
29997, 951
20554, 951
16564, 951
20639, 951
33065, 951
27252, 951
28423, 951
15754, 951
33862, 951
33443, 951
28487, 951
23092, 951
16787, 951
18356, 951
27464, 951
28481, 951
19373, 951
15828, 951
33722, 951
26662, 951
27413, 951
35112, 951
25275, 951
23254, 951
21510, 951
8629, 951
29379, 951
27473, 951
25057, 951
31247, 951
32323, 951
13366, 951
22891, 951
34036, 951
21088, 951
27901, 951
18339, 951
12537, 951
36750, 951
26799, 951
9619, 951
14029, 951
9147, 951
34552, 951
24826, 951
32696, 951
17852, 951
26954, 951
27054, 951
13167, 951
9940, 951
18637, 951
13784, 951
34823, 951
18555, 951
16262, 951
34943, 951
33639, 951
9376, 951
21995, 951
32301, 951
8604, 951
18176, 951
18998, 951
24679, 951
24669, 951
36021, 951
35828, 951
36393, 951
15678, 951
26602, 951
20664, 951
24034, 951
16210, 951
24409, 951
21794, 951
21409, 951
21137, 951
17859, 951
11007, 951
12052, 951
17007, 951
14542, 951
35583, 951
20707, 951
14787, 951
30302, 951
16542, 951
9281, 951
32253, 951
33369, 951
30164, 951
35150, 951
31365, 951
20930, 951
23400, 951
25630, 951
27688, 951
30038, 951
30921, 951
34859, 951
25812, 951
22731, 951
10785, 951
28066, 951
10992, 951
24412, 951
14783, 951
12534, 951
18706, 951
36734, 951
29339, 951
33528, 951
22180, 951
21140, 951
15042, 951
18177, 951
23864, 951
24158, 951
32255, 951
12747, 951
24568, 951
13152, 951
12553, 951
36550, 951
31106, 951
16567, 951
9075, 951
9816, 951
12353, 951
28407, 951
22637, 951
34263, 951
30016, 951
33029, 951
29601, 951
25407, 951
26146, 951
15173, 951
20004, 951
24171, 951
19180, 951
15234, 951
19767, 951
19733, 951
31410, 951
24270, 951
10392, 951
26321, 951
20274, 951
14628, 951
31572, 951
13275, 951
30042, 951
21022, 951
14051, 951
36680, 951
14739, 951
23927, 951
26724, 951
17207, 951
25644, 951
30778, 951
32069, 951
32688, 951
8370, 951
24472, 951
26104, 951
10848, 951
18268, 951
18486, 951
20277, 951
36562, 951
29065, 951
25479, 951
31399, 951
19574, 951
29119, 951
36612, 951
21250, 951
32834, 951
22082, 951
23634, 951
34939, 951
18644, 951
19145, 951
16257, 951
12185, 951
26076, 951
13318, 951
22871, 951
14147, 951
17560, 951
26346, 951
31059, 951
17023, 951
26806, 951
36648, 951
24728, 951
34669, 951
16510, 951
10259, 951
36146, 951
25529, 951
21505, 951
17141, 951
13770, 951
25409, 951
22512, 951
12765, 951
31713, 951
19280, 951
10405, 951
18885, 951
14197, 951
30306, 951
11536, 951
16280, 951
17030, 951
26311, 951
28545, 951
12103, 951
13571, 951
23671, 951
22719, 951
23701, 951
24497, 951
15749, 951
19496, 951
29462, 951
13592, 951
16858, 951
29212, 951
34114, 951
25976, 951
10214, 951
13426, 951
12919, 951
32763, 951
23751, 951
30740, 951
10344, 951
14103, 951
24162, 951
33401, 951
17472, 951
8788, 951
32177, 951
17454, 951
19591, 951
19020, 951
26667, 951
35943, 951
23441, 951
26041, 951
28957, 951
11596, 951
24106, 951
22459, 951
16926, 951
19092, 951
23609, 951
17834, 951
13138, 951
29270, 951
20896, 951
36786, 951
32931, 951
31913, 951
23010, 951
27612, 951
28128, 951
28880, 951
19187, 951
21645, 951
18008, 951
24814, 951
24021, 951
28326, 951
23009, 951
30524, 951
27572, 951
10653, 951
13626, 951
20937, 951
12271, 951
20110, 951
16757, 951
26669, 951
21881, 951
13121, 951
13325, 951
34963, 951
19387, 951
25834, 951
9177, 951
9659, 951
28747, 951
14342, 951
15298, 951
32603, 951
29838, 951
30058, 951
29426, 951
30640, 951
11416, 951
951, 31189
23371, 952
13922, 952
15880, 952
28732, 952
34999, 952
33970, 952
952, 15264
952, 27479
952, 36245
952, 32880
952, 14208
952, 22605
952, 19784
35572, 953
18404, 953
15980, 953
28578, 953
34027, 953
18455, 953
30091, 953
19190, 953
20306, 953
35428, 953
25505, 953
36538, 953
13199, 953
34524, 953
28917, 953
18522, 953
10061, 953
25059, 953
23161, 953
953, 26533
19327, 954
954, 34201
13765, 955
955, 8522
11714, 956
956, 34725
36328, 957
957, 20899
957, 21241
32021, 958
8622, 958
16922, 958
27139, 958
18308, 958
27820, 958
958, 29751
958, 15267
958, 25003
958, 16831
958, 33139
958, 26504
958, 9683
22639, 959
959, 13122
33225, 960
960, 9111
960, 27041
12110, 961
961, 14327
8734, 962
962, 33281
17825, 963
963, 16411
9201, 964
17326, 964
964, 33281
24752, 965
965, 36209
33587, 966
966, 11349
32859, 967
36590, 967
967, 33637
27463, 968
968, 35313
22315, 969
969, 36398
32949, 970
35990, 970
32805, 970
11972, 970
23694, 970
970, 27829
28869, 971
971, 36654
16956, 972
32995, 972
17533, 972
36534, 972
24946, 972
21576, 972
972, 32103
972, 18560
972, 14357
972, 15445
972, 31174
972, 17766
972, 33556
18662, 973
973, 26151
9492, 974
974, 24473
21782, 975
20622, 975
28762, 975
32072, 975
20447, 975
23409, 975
975, 15357
975, 17757
975, 18933
975, 24182
975, 32570
975, 20553
975, 17318
10407, 976
28410, 976
32965, 976
976, 15111
16518, 977
977, 9910
33965, 978
978, 19139
19508, 979
979, 30555
8999, 980
36825, 980
28281, 980
26100, 980
17533, 980
30623, 980
17026, 980
15279, 980
20562, 980
20558, 980
980, 26205
980, 11640
980, 35553
980, 10226
980, 34989
980, 11463
980, 10264
980, 12758
980, 37009
980, 32762
980, 28506
28571, 981
15178, 981
23371, 981
19753, 981
25741, 981
19406, 981
21520, 981
11342, 981
981, 31553
981, 26381
981, 14245
981, 35433
981, 15733
981, 21235
981, 16536
981, 22275
981, 18567
11298, 982
982, 28458
23115, 983
983, 23371
28793, 984
984, 30322
984, 17242
984, 34161
984, 22689
984, 9750
10182, 985
985, 9197
12972, 986
986, 27578
25227, 987
987, 30691
19267, 988
988, 30634
32927, 989
989, 18295
27337, 990
29831, 990
11624, 990
990, 20044
23931, 991
991, 36216
991, 19353
15866, 992
992, 19716
11446, 993
21870, 993
993, 29772
17127, 994
994, 22818
994, 18478
9932, 995
995, 20062
32262, 996
996, 36654
18085, 997
15929, 997
997, 36723
997, 11511
10407, 998
998, 15111
22954, 999
17763, 999
20481, 999
24570, 999
999, 24163
31752, 1000
1000, 27778
24582, 1001
1001, 21241
14645, 1002
1002, 10441
29210, 1003
1003, 36398
13610, 1004
33613, 1004
1004, 22184
32146, 1005
1005, 10984
32370, 1006
1006, 18662
35160, 1007
31165, 1007
1007, 37033
22620, 1008
1008, 32924
1008, 22913
24025, 1009
1009, 35855
36665, 1010
1010, 11756
24175, 1011
35948, 1011
1011, 30277
22004, 1012
35901, 1012
1012, 27760
28719, 1013
1013, 8483
1013, 27416
35808, 1014
1014, 10656
9218, 1015
1015, 16479
15243, 1016
1016, 10024
33845, 1017
12884, 1017
35716, 1017
20671, 1017
1017, 17533
27032, 1018
29275, 1018
17192, 1018
12592, 1018
26448, 1018
32336, 1018
18481, 1018
33617, 1018
36275, 1018
32244, 1018
1018, 20975
1018, 14066
19551, 1019
1019, 28578
12082, 1020
1020, 26001
21253, 1021
1021, 27702
21774, 1022
1022, 36298
17395, 1023
16686, 1023
15302, 1023
17152, 1023
24095, 1023
27554, 1023
1023, 30205
1023, 11353
33190, 1024
1024, 28281
9048, 1025
1025, 33637
14600, 1026
1026, 10024
18215, 1027
1027, 31773
32976, 1028
1028, 10107
15345, 1029
1029, 23371
23357, 1030
1030, 30798
30285, 1031
1031, 23371
32207, 1032
21782, 1032
15151, 1032
19527, 1032
32883, 1032
32476, 1032
33389, 1032
16933, 1032
1032, 9161
1032, 27050
1032, 24749
1032, 31933
1032, 22837
1032, 36964
1032, 24556
1032, 15289
1032, 30474
11753, 1033
1033, 27127
34011, 1034
1034, 16810
34717, 1035
36353, 1035
23802, 1035
20815, 1035
29541, 1035
22395, 1035
8870, 1035
35280, 1035
25351, 1035
32803, 1035
1035, 16626
12110, 1036
1036, 25868
29395, 1037
1037, 8409
19085, 1038
1038, 15177
15787, 1039
1039, 28335
25773, 1040
1040, 31058
12110, 1041
1041, 21206
21253, 1042
1042, 21623
11753, 1043
21175, 1043
1043, 27127
13274, 1044
1044, 32823
1044, 28641
17629, 1045
20686, 1045
1045, 32973
1045, 17240
1045, 33414
32754, 1046
1046, 14944
13103, 1047
1047, 14770
1047, 12523
33797, 1048
22287, 1048
1048, 33333
21253, 1049
1049, 16615
1049, 22473
23203, 1050
1050, 14394
34265, 1051
34556, 1051
21230, 1051
9248, 1051
28641, 1051
18810, 1051
9505, 1051
25702, 1051
30510, 1051
23987, 1051
12049, 1051
27264, 1051
24150, 1051
21904, 1051
26535, 1051
22948, 1051
27482, 1051
11569, 1051
26485, 1051
15801, 1051
34039, 1051
11462, 1051
1051, 26533
34041, 1052
1052, 36214
9435, 1053
1053, 37050
25249, 1054
1054, 35515
22295, 1055
1055, 19568
35746, 1056
1056, 15100
37070, 1057
1057, 35843
11253, 1058
34827, 1058
1058, 22779
1058, 22784
1058, 19417
16279, 1059
1059, 14394
28362, 1060
1060, 10504
22678, 1061
21878, 1061
27289, 1061
30864, 1061
28635, 1061
24057, 1061
32567, 1061
1061, 11308
15091, 1062
1062, 32712
32331, 1063
1063, 20674
1063, 28062
8584, 1064
1064, 11237
1064, 18662
15295, 1065
1065, 15421
21805, 1066
19638, 1066
12439, 1066
29449, 1066
24805, 1066
1066, 27760
30520, 1067
12025, 1067
28846, 1067
36123, 1067
14800, 1067
22735, 1067
32093, 1067
30216, 1067
13897, 1067
24553, 1067
30764, 1067
33970, 1067
1067, 36400
1067, 25031
1067, 35420
1067, 12129
1067, 24100
1067, 12384
1067, 30064
1067, 28894
1067, 27215
1067, 27220
1067, 17021
1067, 19185
1067, 34599
31704, 1068
1068, 21053
1068, 15876
1068, 29107
1068, 16151
20805, 1069
1069, 19994
1069, 19950
18513, 1070
10512, 1070
30859, 1070
24548, 1070
10730, 1070
29658, 1070
11514, 1070
24709, 1070
28559, 1070
8426, 1070
1070, 15859
23529, 1071
1071, 25059
23952, 1072
34627, 1072
9205, 1072
29773, 1072
25705, 1072
29380, 1072
19456, 1072
22145, 1072
18133, 1072
1072, 36398
16357, 1073
1073, 23767
14864, 1074
20354, 1074
28252, 1074
1074, 15526
26221, 1075
1075, 17891
12816, 1076
20789, 1076
25158, 1076
12478, 1076
10407, 1076
1076, 15111
30817, 1077
1077, 9721
24961, 1078
1078, 31560
9511, 1079
1079, 23439
33448, 1080
1080, 9558
14689, 1081
1081, 16801
23522, 1082
1082, 17769
20709, 1083
1083, 22592
16969, 1084
1084, 30962
34083, 1085
9197, 1085
1085, 15216
24587, 1086
1086, 15030
10149, 1087
1087, 14581
14057, 1088
36370, 1088
1088, 23371
17645, 1089
17551, 1089
1089, 35919
1089, 22779
1089, 16069
13194, 1090
1090, 11088
27553, 1091
1091, 11539
28645, 1092
1092, 9477
1092, 33070
13311, 1093
1093, 10733
12040, 1094
1094, 23876
1094, 25662
30328, 1095
1095, 27328
20089, 1096
1096, 21616
17905, 1097
1097, 14923
12489, 1098
28683, 1098
14290, 1098
14593, 1098
30736, 1098
17524, 1098
14767, 1098
1098, 17833
36958, 1099
1099, 17356
1099, 26329
20875, 1100
1100, 14823
14855, 1101
1101, 16611
12038, 1102
17540, 1102
1102, 17674
13966, 1103
24523, 1103
1103, 23371
17896, 1104
1104, 23371
13079, 1105
1105, 35342
32233, 1106
1106, 18449
22962, 1107
1107, 28281
10580, 1108
1108, 13232
9018, 1109
1109, 20804
1109, 24042
27663, 1110
1110, 25099
1110, 12979
25315, 1111
1111, 14026
31783, 1112
1112, 11254
32355, 1113
1113, 25099
28339, 1114
1114, 17533
13764, 1115
1115, 17607
10407, 1116
1116, 15111
23147, 1117
13074, 1117
1117, 31423
8959, 1118
1118, 32377
1118, 17315
36748, 1119
11389, 1119
30500, 1119
16726, 1119
13732, 1119
28306, 1119
1119, 10222
1119, 24881
1119, 28790
1119, 33107
1119, 33901
1119, 34987
1119, 29678
12786, 1120
1120, 19689
1120, 24635
1120, 21431
1120, 26837
12398, 1121
1121, 32855
29389, 1122
1122, 20474
28469, 1123
27373, 1123
14334, 1123
20103, 1123
13876, 1123
33150, 1123
11577, 1123
31235, 1123
27011, 1123
25547, 1123
1123, 14066
17674, 1124
19975, 1124
28271, 1124
29597, 1124
8819, 1124
18440, 1124
30936, 1124
1124, 13680
1124, 34461
1124, 30251
1124, 9755
1124, 14323
1124, 34776
1124, 35267
1124, 17238
32445, 1125
1125, 18662
22136, 1126
12842, 1126
1126, 17474
36608, 1127
1127, 30715
12988, 1128
1128, 17044
1128, 18662
31939, 1129
1129, 35385
12493, 1130
1130, 13303
27259, 1131
1131, 35958
1131, 35512
16652, 1132
1132, 18842
30002, 1133
1133, 12432
33330, 1134
22480, 1134
1134, 17581
10713, 1135
1135, 13897
14260, 1136
1136, 17533
30112, 1137
1137, 30980
1137, 31497
22525, 1138
11730, 1138
1138, 16467
11172, 1139
1139, 22859
30999, 1140
17223, 1140
1140, 12928
10201, 1141
1141, 15033
1141, 10116
34060, 1142
1142, 24838
31910, 1143
1143, 18032
15675, 1144
17453, 1144
34721, 1144
1144, 18409
10407, 1145
24078, 1145
1145, 15111
12221, 1146
36374, 1146
12286, 1146
1146, 33615
27203, 1147
1147, 18810
16250, 1148
1148, 26020
23100, 1149
1149, 19977
8401, 1150
22167, 1150
8482, 1150
31487, 1150
1150, 14550
9305, 1151
1151, 33753
10050, 1152
1152, 28527
30754, 1153
12988, 1153
18662, 1153
1153, 33855
28079, 1154
1154, 9467
28390, 1155
1155, 32166
9252, 1156
1156, 25904
28194, 1157
35191, 1157
13361, 1157
12715, 1157
1157, 32784
12502, 1158
13494, 1158
1158, 27766
24889, 1159
1159, 21685
13643, 1160
1160, 34362
25296, 1161
1161, 12886
26825, 1162
1162, 22474
36924, 1163
1163, 15937
11145, 1164
1164, 17775
10958, 1165
1165, 15206
28038, 1166
22573, 1166
1166, 31134
1166, 11124
33420, 1167
1167, 29362
28297, 1168
1168, 15190
25636, 1169
1169, 18669
13377, 1170
1170, 14496
12513, 1171
1171, 35576
13713, 1172
31013, 1172
1172, 28281
33440, 1173
1173, 24473
21419, 1174
1174, 25206
21253, 1175
1175, 35068
30925, 1176
8911, 1176
1176, 34385
18662, 1177
1177, 22424
33420, 1178
1178, 29650
10845, 1179
34862, 1179
1179, 16164
23600, 1180
1180, 25099
27127, 1181
11619, 1181
28281, 1181
12814, 1181
36123, 1181
9554, 1181
19955, 1181
22531, 1181
11286, 1181
1181, 21323
1181, 13248
1181, 15907
1181, 25789
1181, 24807
1181, 20050
1181, 22705
1181, 26902
1181, 29522
1181, 26520
21253, 1182
1182, 15024
21769, 1183
1183, 30835
19040, 1184
1184, 14212
31845, 1185
1185, 12431
20713, 1186
1186, 21534
24440, 1187
1187, 19454
22956, 1188
1188, 30160
34716, 1189
1189, 36654
25412, 1190
1190, 18662
12655, 1191
1191, 23762
23635, 1192
1192, 19700
13156, 1193
1193, 17674
13532, 1194
1194, 17811
22524, 1195
1195, 15419
1195, 14222
1195, 20298
31621, 1196
14752, 1196
1196, 19970
32377, 1197
11278, 1197
17315, 1197
14862, 1197
1197, 26533
20146, 1198
17891, 1198
1198, 35856
1198, 15838
22485, 1199
1199, 14569
34251, 1200
1200, 22181
1200, 25099
36170, 1201
1201, 34033
23990, 1202
1202, 17533
25279, 1203
20075, 1203
25785, 1203
1203, 22941
26200, 1204
1204, 29295
1204, 35255
12451, 1205
1205, 31189
9815, 1206
1206, 14491
1206, 23798
17894, 1207
1207, 26989
28166, 1208
1208, 32453
29002, 1209
23887, 1209
9853, 1209
8954, 1209
1209, 15442
13609, 1210
1210, 23914
11482, 1211
15258, 1211
27531, 1211
36915, 1211
31216, 1211
1211, 30381
1211, 11896
1211, 16463
1211, 17112
1211, 36338
1211, 11135
23540, 1212
1212, 8425
18662, 1213
1213, 31392
32378, 1214
11732, 1214
1214, 22798
23771, 1215
1215, 23371
22492, 1216
1216, 13774
25447, 1217
1217, 28758
26042, 1218
1218, 9521
33420, 1219
1219, 30046
33420, 1220
1220, 22779
16162, 1221
29289, 1221
1221, 13732
31646, 1222
21870, 1222
1222, 23024
19069, 1223
1223, 29058
23249, 1224
26901, 1224
34786, 1224
34393, 1224
1224, 23371
27800, 1225
1225, 12971
28357, 1226
1226, 27646
11892, 1227
20889, 1227
35161, 1227
12724, 1227
17060, 1227
27836, 1227
1227, 20206
17469, 1228
1228, 35939
1228, 18662
20063, 1229
1229, 33281
27203, 1230
1230, 28763
1230, 25002
19904, 1231
1231, 19875
24218, 1232
1232, 36137
16340, 1233
35006, 1233
29738, 1233
33281, 1233
17629, 1233
23371, 1233
31460, 1233
15572, 1233
21178, 1233
19324, 1233
35061, 1233
22588, 1233
21124, 1233
1233, 24153
1233, 28945
1233, 13064
1233, 21888
1233, 11352
1233, 24298
1233, 28010
1233, 31199
1233, 24234
1233, 32076
1233, 33849
1233, 21913
1233, 36184
1233, 32042
1233, 10576
12696, 1234
1234, 16433
25340, 1235
1235, 24680
1235, 18808
32306, 1236
21156, 1236
1236, 31539
13182, 1237
1237, 12711
24502, 1238
14813, 1238
27122, 1238
10260, 1238
22256, 1238
31251, 1238
32953, 1238
15903, 1238
1238, 11841
1238, 9638
1238, 14259
19827, 1239
1239, 28281
36689, 1240
16551, 1240
28975, 1240
18146, 1240
1240, 36047
12735, 1241
1241, 13800
33481, 1242
19155, 1242
1242, 14713
17038, 1243
1243, 9721
21253, 1244
1244, 13872
21253, 1245
1245, 22479
29917, 1246
34466, 1246
35242, 1246
13286, 1246
1246, 11099
1246, 34147
14351, 1247
1247, 26951
16213, 1248
1248, 14394
23228, 1249
1249, 25464
32700, 1250
1250, 24201
27780, 1251
29956, 1251
36369, 1251
14271, 1251
17338, 1251
29192, 1251
10561, 1251
1251, 11873
27509, 1252
1252, 11375
28281, 1253
11083, 1253
10973, 1253
1253, 26246
1253, 24595
1253, 15055
1253, 23605
8923, 1254
1254, 20496
18879, 1255
18488, 1255
32055, 1255
12711, 1255
27675, 1255
23371, 1255
24184, 1255
15572, 1255
26763, 1255
9601, 1255
1255, 8863
1255, 9271
1255, 29507
1255, 36552
1255, 36908
1255, 19237
1255, 20553
1255, 16915
1255, 21075
1255, 29638
1255, 22025
16650, 1256
21669, 1256
1256, 36601
8921, 1257
1257, 36398
13730, 1258
1258, 31900
10243, 1259
1259, 18662
30669, 1260
1260, 26358
35759, 1261
24201, 1261
1261, 11077
28231, 1262
17057, 1262
19786, 1262
12138, 1262
15493, 1262
31752, 1262
1262, 22496
1262, 37055
12082, 1263
1263, 26001
21198, 1264
1264, 18449
17400, 1265
1265, 31851
28549, 1266
17709, 1266
1266, 17434
1266, 33317
1266, 26013
1266, 22832
1266, 15236
15789, 1267
1267, 33703
19629, 1268
1268, 26593
31581, 1269
12306, 1269
1269, 32712
16666, 1270
35996, 1270
1270, 17773
31966, 1271
1271, 21898
32738, 1272
1272, 25099
32647, 1273
1273, 35964
1273, 21185
10975, 1274
1274, 10021
18222, 1275
35789, 1275
1275, 27354
25617, 1276
1276, 28903
21253, 1277
1277, 14677
8999, 1278
18410, 1278
15118, 1278
36123, 1278
26027, 1278
24963, 1278
16089, 1278
18259, 1278
13711, 1278
1278, 23509
1278, 24717
1278, 36964
1278, 14519
1278, 29654
1278, 12051
1278, 34317
1278, 18823
1278, 11671
1278, 19390
18463, 1279
9329, 1279
1279, 11879
16300, 1280
1280, 15483
30873, 1281
9305, 1281
1281, 17297
24844, 1282
1282, 34380
10407, 1283
1283, 15111
33710, 1284
1284, 11157
16515, 1285
1285, 8531
1285, 36748
1285, 10668
1285, 28952
1285, 9810
1285, 23444
1285, 17689
1285, 9929
1285, 23358
1285, 34797
1285, 20936
1285, 33336
1285, 35306
1285, 19738
1285, 9148
1285, 36007
1285, 16089
1285, 8377
1285, 9179
1285, 12128
1285, 36708
1285, 36397
18088, 1286
24287, 1286
27501, 1286
17449, 1286
34679, 1286
29772, 1286
15330, 1286
11890, 1286
1286, 28281
23282, 1287
1287, 17003
25916, 1288
1288, 14228
17907, 1289
18591, 1289
1289, 33637
21348, 1290
1290, 23371
13246, 1291
29605, 1291
19632, 1291
26919, 1291
31066, 1291
23058, 1291
26870, 1291
28846, 1291
16454, 1291
24003, 1291
15859, 1291
15209, 1291
11898, 1291
13303, 1291
1291, 35145
1291, 10887
1291, 12763
1291, 33386
1291, 9532
1291, 17787
1291, 34571
1291, 21651
1291, 33565
1291, 29738
1291, 17855
1291, 22688
1291, 10807
1291, 15371
1291, 8497
1291, 30923
26106, 1292
1292, 34934
10865, 1293
1293, 11349
36221, 1294
8748, 1294
31045, 1294
14496, 1294
30352, 1294
1294, 26793
1294, 20053
1294, 20068
1294, 12002
1294, 32479
1294, 20560
25944, 1295
1295, 14061
16186, 1296
1296, 30055
27219, 1297
1297, 36025
32774, 1298
1298, 18696
32677, 1299
1299, 8831
15359, 1300
1300, 12928
30239, 1301
35136, 1301
17882, 1301
25203, 1301
35027, 1301
18184, 1301
1301, 16226
1301, 18623
1301, 20249
1301, 12036
1301, 33976
1301, 18600
1301, 36698
23760, 1302
34080, 1302
22076, 1302
1302, 14395
22340, 1303
1303, 11676
31119, 1304
1304, 22779
30308, 1305
1305, 36023
1305, 26376
1305, 12206
1305, 27793
13513, 1306
27127, 1306
26951, 1306
35385, 1306
29652, 1306
1306, 36057
1306, 22364
1306, 32959
1306, 28533
1306, 19583
1306, 10143
13523, 1307
1307, 35680
21253, 1308
1308, 17533
15807, 1309
1309, 8853
1309, 18634
32896, 1310
31752, 1310
1310, 15526
28281, 1311
30215, 1311
28254, 1311
22102, 1311
24791, 1311
36397, 1311
1311, 17840
1311, 16894
1311, 34809
1311, 23657
1311, 17061
1311, 21547
1311, 26894
35963, 1312
1312, 21485
1312, 32095
1312, 14084
26623, 1313
1313, 26543
37041, 1314
1314, 21447
1314, 14667
21157, 1315
25690, 1315
1315, 14968
35179, 1316
1316, 25982
1316, 15937
1316, 13035
1316, 27208
15496, 1317
1317, 26487
34719, 1318
1318, 8521
30012, 1319
32058, 1319
1319, 28281
24831, 1320
1320, 35559
1320, 18662
15147, 1321
1321, 17533
22829, 1322
1322, 14306
35275, 1323
1323, 13220
11920, 1324
1324, 27893
17545, 1325
1325, 28835
25467, 1326
1326, 18662
29288, 1327
28452, 1327
36379, 1327
10483, 1327
9801, 1327
35750, 1327
13298, 1327
29795, 1327
36432, 1327
14189, 1327
1327, 11841
27002, 1328
31617, 1328
29784, 1328
25445, 1328
16980, 1328
32507, 1328
34321, 1328
19311, 1328
22482, 1328
25592, 1328
14168, 1328
26873, 1328
30433, 1328
31403, 1328
34142, 1328
1328, 27256
17051, 1329
1329, 10607
21043, 1330
31942, 1330
1330, 21579
31793, 1331
1331, 22259
1331, 23433
1331, 24730
1331, 19423
1331, 32119
27676, 1332
1332, 33057
13518, 1333
1333, 30090
16866, 1334
1334, 10601
11761, 1335
1335, 23644
35463, 1336
32865, 1336
1336, 16142
8634, 1337
1337, 19678
15342, 1338
1338, 24201
31752, 1339
1339, 30220
27629, 1340
1340, 25996
31969, 1341
32080, 1341
1341, 27543
12110, 1342
1342, 11732
9604, 1343
26251, 1343
21905, 1343
33680, 1343
16311, 1343
17647, 1343
15617, 1343
20919, 1343
14813, 1343
1343, 31647
1343, 36318
1343, 29126
31097, 1344
1344, 21974
35292, 1345
15556, 1345
30598, 1345
34578, 1345
12616, 1345
32225, 1345
1345, 17533
22930, 1346
1346, 33538
1346, 31734
17073, 1347
1347, 17533
32976, 1348
1348, 10107
24322, 1349
1349, 9467
1349, 26326
30848, 1350
1350, 12523
30649, 1351
1351, 33485
1351, 35153
22485, 1352
1352, 14569
12973, 1353
1353, 10617
22682, 1354
1354, 33581
22717, 1355
1355, 15140
1355, 19590
23472, 1356
1356, 8893
1356, 25608
24829, 1357
1357, 33281
21870, 1358
8728, 1358
1358, 8825
18900, 1359
1359, 28183
17115, 1360
1360, 17533
21253, 1361
1361, 22334
21253, 1362
1362, 11834
1362, 11616
17459, 1363
1363, 18662
17350, 1364
30114, 1364
1364, 27760
18982, 1365
1365, 36089
20023, 1366
1366, 9759
15001, 1367
1367, 23506
25281, 1368
26222, 1368
1368, 33615
23224, 1369
1369, 14938
36784, 1370
1370, 8831
21525, 1371
1371, 19953
24704, 1372
27903, 1372
1372, 19216
36011, 1373
29798, 1373
1373, 12554
10452, 1374
1374, 12748
27439, 1375
1375, 13929
36700, 1376
1376, 35739
13538, 1377
1377, 20996
16882, 1378
1378, 16232
36182, 1379
1379, 32712
34907, 1380
1380, 15755
26200, 1381
1381, 9496
30880, 1382
17281, 1382
19405, 1382
26639, 1382
11449, 1382
1382, 29877
1382, 18925
1382, 33447
8926, 1383
33181, 1383
22150, 1383
32373, 1383
16552, 1383
16004, 1383
28754, 1383
10982, 1383
30407, 1383
10504, 1383
20283, 1383
25809, 1383
9310, 1383
34973, 1383
15188, 1383
18489, 1383
23029, 1383
26170, 1383
30950, 1383
18505, 1383
36137, 1383
9650, 1383
22646, 1383
28866, 1383
15111, 1383
9441, 1383
21281, 1383
27468, 1383
12073, 1383
35118, 1383
36089, 1383
9290, 1383
17854, 1383
34438, 1383
16966, 1383
22407, 1383
13220, 1383
9843, 1383
24292, 1383
28615, 1383
31616, 1383
10476, 1383
17542, 1383
19481, 1383
22600, 1383
9818, 1383
22791, 1383
21854, 1383
22720, 1383
29903, 1383
12089, 1383
30729, 1383
16696, 1383
13035, 1383
26359, 1383
21925, 1383
28949, 1383
24485, 1383
33520, 1383
33598, 1383
33538, 1383
18556, 1383
9885, 1383
14167, 1383
24947, 1383
26103, 1383
18300, 1383
34441, 1383
22955, 1383
11512, 1383
24964, 1383
8866, 1383
18968, 1383
19556, 1383
17506, 1383
14399, 1383
34985, 1383
9787, 1383
26132, 1383
35954, 1383
24033, 1383
18014, 1383
26776, 1383
11117, 1383
16320, 1383
10717, 1383
11189, 1383
9730, 1383
15717, 1383
20830, 1383
11868, 1383
12199, 1383
25753, 1383
9957, 1383
31659, 1383
28332, 1383
12894, 1383
29946, 1383
23152, 1383
23460, 1383
29264, 1383
20832, 1383
33427, 1383
30907, 1383
29251, 1383
30287, 1383
24802, 1383
12296, 1383
9617, 1383
10707, 1383
17836, 1383
9483, 1383
32327, 1383
28394, 1383
13036, 1383
23903, 1383
29869, 1383
19059, 1383
34804, 1383
15380, 1383
15824, 1383
25446, 1383
20640, 1383
13126, 1383
30946, 1383
22780, 1383
15092, 1383
18700, 1383
11073, 1383
22846, 1383
35162, 1383
15964, 1383
26570, 1383
29725, 1383
8779, 1383
19947, 1383
27985, 1383
29706, 1383
32742, 1383
10279, 1383
23636, 1383
8774, 1383
9356, 1383
35945, 1383
16187, 1383
17785, 1383
10007, 1383
35885, 1383
36235, 1383
26943, 1383
1383, 28220
29676, 1384
1384, 30047
22852, 1385
1385, 9839
1385, 21707
1385, 35079
1385, 18121
1385, 20666
20219, 1386
24381, 1386
24641, 1386
10971, 1386
16935, 1386
1386, 36471
35721, 1387
18573, 1387
30329, 1387
1387, 11182
1387, 22909
31020, 1388
17263, 1388
31417, 1388
28716, 1388
14813, 1388
12938, 1388
1388, 11011
1388, 33463
31043, 1389
1389, 35670
23057, 1390
1390, 18662
21808, 1391
1391, 14035
12988, 1392
1392, 17044
1392, 18662
28888, 1393
1393, 21291
24737, 1394
1394, 33281
11719, 1395
1395, 26415
21253, 1396
1396, 18137
15955, 1397
1397, 20922
30326, 1398
1398, 17533
10470, 1399
1399, 24160
1399, 14770
1399, 22779
22750, 1400
25258, 1400
1400, 26162
26020, 1401
16224, 1401
1401, 20638
25629, 1402
33248, 1402
11045, 1402
11181, 1402
1402, 16142
15708, 1403
1403, 19953
35799, 1404
1404, 22851
31690, 1405
1405, 18955
20483, 1406
1406, 20691
1406, 16917
1406, 31746
10134, 1407
22553, 1407
27148, 1407
9710, 1407
16886, 1407
1407, 15034
34083, 1408
1408, 36148
1408, 21668
24897, 1409
1409, 20824
1409, 9817
9144, 1410
1410, 33463
21660, 1411
1411, 26354
1411, 28684
1411, 29217
16772, 1412
1412, 24831
34567, 1413
36173, 1413
1413, 27140
9411, 1414
1414, 26903
26439, 1415
36862, 1415
1415, 23512
28633, 1416
10173, 1416
25983, 1416
23502, 1416
19753, 1416
36477, 1416
13871, 1416
1416, 25700
1416, 32502
1416, 10104
1416, 27036
1416, 13009
1416, 27481
1416, 20323
1416, 18586
32944, 1417
35832, 1417
1417, 17533
35110, 1418
1418, 21987
30178, 1419
1419, 13929
35841, 1420
1420, 12886
14622, 1421
1421, 18561
19726, 1422
1422, 30466
19474, 1423
1423, 17714
30063, 1424
1424, 13201
1424, 28680
1424, 14574
32316, 1425
1425, 30186
34865, 1426
1426, 33281
21596, 1427
8454, 1427
17443, 1427
17046, 1427
13744, 1427
1427, 20447
18936, 1428
1428, 16841
28139, 1429
1429, 25154
23332, 1430
1430, 20445
15853, 1431
1431, 13194
16241, 1432
33989, 1432
1432, 17689
25822, 1433
1433, 10024
26200, 1434
1434, 33281
35953, 1435
1435, 19685
11226, 1436
1436, 23409
10986, 1437
1437, 19832
18662, 1438
1438, 31098
10235, 1439
1439, 24201
1439, 10461
26537, 1440
1440, 23163
27040, 1441
1441, 34102
31750, 1442
1442, 18359
30680, 1443
1443, 18662
18970, 1444
1444, 35954
1444, 23460
1444, 12296
21253, 1445
1445, 17533
30224, 1446
16033, 1446
20044, 1446
17707, 1446
8669, 1446
25877, 1446
36884, 1446
32209, 1446
31390, 1446
10627, 1446
20894, 1446
16898, 1446
35680, 1446
10473, 1446
1446, 19464
19719, 1447
1447, 33637
27742, 1448
1448, 9316
14745, 1449
1449, 21838
26986, 1450
24309, 1450
32697, 1450
25322, 1450
33153, 1450
15588, 1450
1450, 29573
12528, 1451
19855, 1451
1451, 26017
33203, 1452
1452, 33213
1452, 31383
16662, 1453
1453, 24207
34770, 1454
1454, 18014
1454, 29264
25348, 1455
1455, 23361
36140, 1456
20492, 1456
1456, 26993
22597, 1457
1457, 26061
35256, 1458
1458, 17533
36504, 1459
1459, 20783
1459, 20702
1459, 29384
1459, 36616
1459, 33068
1459, 18442
21667, 1460
1460, 28306
16808, 1461
1461, 21291
28052, 1462
1462, 21199
12407, 1463
1463, 22119
12354, 1464
1464, 22820
15186, 1465
1465, 12928
20831, 1466
1466, 12928
8651, 1467
13383, 1467
1467, 17885
25208, 1468
8450, 1468
36281, 1468
1468, 25680
1468, 16734
1468, 25065
1468, 21098
33993, 1469
1469, 12876
31417, 1470
32691, 1470
16625, 1470
33324, 1470
19589, 1470
18536, 1470
1470, 18714
1470, 23417
19603, 1471
27477, 1471
1471, 35555
22053, 1472
1472, 20290
1472, 18662
32098, 1473
1473, 18316
26051, 1474
1474, 27536
10713, 1475
1475, 13897
10558, 1476
15109, 1476
32004, 1476
1476, 17208
28281, 1477
24249, 1477
21524, 1477
1477, 8938
1477, 30161
1477, 32892
1477, 20374
1477, 36671
35011, 1478
1478, 8425
36022, 1479
1479, 9885
16730, 1480
1480, 10701
26519, 1481
1481, 34337
1481, 26523
1481, 34212
1481, 34628
1481, 16649
1481, 28465
16340, 1482
22752, 1482
30206, 1482
27512, 1482
18440, 1482
15795, 1482
21124, 1482
36281, 1482
34201, 1482
1482, 36718
1482, 26519
1482, 9230
1482, 19761
1482, 8386
1482, 12870
1482, 22179
1482, 14485
1482, 30273
1482, 8862
9430, 1483
1483, 22160
1483, 10266
35759, 1484
19643, 1484
30465, 1484
1484, 15158
27333, 1485
17093, 1485
1485, 30056
22614, 1486
1486, 31969
34435, 1487
1487, 19369
21372, 1488
1488, 13198
20024, 1489
1489, 23887
16680, 1490
1490, 31066
21631, 1491
10881, 1491
1491, 12248
9804, 1492
1492, 24207
12583, 1493
1493, 15573
10411, 1494
1494, 31091
1494, 12709
28645, 1495
1495, 23920
14588, 1496
1496, 15324
33718, 1497
32842, 1497
28260, 1497
14546, 1497
17512, 1497
30248, 1497
35439, 1497
1497, 35288
30072, 1498
1498, 36028
29554, 1499
1499, 14394
31550, 1500
18250, 1500
1500, 33637
27117, 1501
1501, 25080
1501, 18662
32850, 1502
1502, 18397
28559, 1503
17448, 1503
24920, 1503
20267, 1503
30103, 1503
25026, 1503
13187, 1503
16742, 1503
10227, 1503
15032, 1503
13596, 1503
27927, 1503
19388, 1503
9266, 1503
29666, 1503
16692, 1503
1503, 35371
36252, 1504
21283, 1504
36937, 1504
14146, 1504
20834, 1504
21238, 1504
14179, 1504
8453, 1504
8724, 1504
31480, 1504
27583, 1504
13347, 1504
37052, 1504
33087, 1504
28622, 1504
31033, 1504
23112, 1504
21559, 1504
19586, 1504
16493, 1504
12298, 1504
1504, 28725
1504, 18492
1504, 16206
12110, 1505
1505, 10150
8444, 1506
1506, 36654
33655, 1507
1507, 26063
23886, 1508
1508, 33692
32463, 1509
1509, 19534
1509, 12822
16533, 1510
1510, 23371
17806, 1511
36260, 1511
13348, 1511
34968, 1511
26702, 1511
1511, 11279
1511, 33735
1511, 29807
1511, 25699
1511, 22518
1511, 28228
21253, 1512
1512, 29126
36343, 1513
11292, 1513
1513, 36398
25005, 1514
17634, 1514
1514, 32893
14638, 1515
1515, 24546
29090, 1516
1516, 10257
1516, 26703
14700, 1517
1517, 15209
1517, 13909
30859, 1518
22023, 1518
20754, 1518
14780, 1518
9922, 1518
23866, 1518
17147, 1518
26794, 1518
25495, 1518
12615, 1518
13572, 1518
16472, 1518
26986, 1518
9222, 1518
17955, 1518
36622, 1518
30938, 1518
1518, 14496
1518, 21124
30409, 1519
1519, 30688
10463, 1520
1520, 28281
15672, 1521
1521, 37014
16848, 1522
19385, 1522
20692, 1522
23005, 1522
1522, 24635
15075, 1523
1523, 29521
22220, 1524
1524, 28257
31030, 1525
1525, 30668
28812, 1526
1526, 10460
12868, 1527
1527, 10555
35586, 1528
1528, 34702
17526, 1529
35094, 1529
1529, 25651
15853, 1530
1530, 13194
24985, 1531
1531, 33253
30540, 1532
1532, 13473
1532, 12223
32078, 1533
1533, 24635
21102, 1534
1534, 8674
31043, 1535
1535, 25099
1535, 16784
1535, 27005
23121, 1536
1536, 20005
36894, 1537
33777, 1537
19340, 1537
10989, 1537
15572, 1537
20631, 1537
1537, 20858
1537, 16204
1537, 14486
1537, 26542
1537, 34730
1537, 22115
1537, 28289
18808, 1538
1538, 16524
12349, 1539
31440, 1539
1539, 28890
18569, 1540
1540, 11575
35711, 1541
1541, 30828
10374, 1542
1542, 21707
1542, 21680
28222, 1543
1543, 24526
1543, 26838
15585, 1544
1544, 8831
26668, 1545
1545, 29549
26069, 1546
1546, 22878
10479, 1547
1547, 36899
1547, 13198
1547, 18310
1547, 15097
33175, 1548
1548, 35680
36837, 1549
1549, 12368
27569, 1550
1550, 30403
1550, 32260
1550, 29393
1550, 24743
1550, 15160
15782, 1551
1551, 9645
12240, 1552
1552, 28104
8472, 1553
20922, 1553
1553, 10274
29533, 1554
27869, 1554
1554, 17674
20468, 1555
1555, 33166
29879, 1556
28030, 1556
11071, 1556
23792, 1556
16016, 1556
33292, 1556
32474, 1556
1556, 29071
16402, 1557
1557, 23728
11622, 1558
1558, 23371
19419, 1559
1559, 16340
21532, 1560
1560, 30532
10394, 1561
23528, 1561
19902, 1561
32893, 1561
24184, 1561
35584, 1561
16089, 1561
33637, 1561
25099, 1561
1561, 17614
1561, 35636
1561, 34317
1561, 35169
1561, 16931
1561, 31136
1561, 13308
1561, 18571
1561, 13302
1561, 9656
29607, 1562
1562, 9074
8952, 1563
1563, 24786
21513, 1564
1564, 24707
1564, 9040
18360, 1565
1565, 17629
33271, 1566
1566, 22217
11882, 1567
1567, 17451
32131, 1568
23426, 1568
14079, 1568
27098, 1568
1568, 13772
19211, 1569
8728, 1569
20492, 1569
13365, 1569
1569, 34814
13131, 1570
12812, 1570
1570, 9162
14677, 1571
12886, 1571
11385, 1571
32648, 1571
1571, 24722
1571, 24182
1571, 18829
1571, 21196
1571, 19268
27203, 1572
1572, 36056
16446, 1573
1573, 36639
12464, 1574
1574, 9208
16825, 1575
24628, 1575
1575, 15071
28112, 1576
1576, 18662
29467, 1577
35645, 1577
1577, 34774
15252, 1578
9967, 1578
1578, 30776
30166, 1579
1579, 23371
33708, 1580
13819, 1580
18405, 1580
25890, 1580
1580, 25958
35068, 1581
1581, 34570
1581, 24157
15877, 1582
1582, 32731
1582, 15873
33136, 1583
1583, 24680
1583, 8666
17475, 1584
1584, 29549
32822, 1585
22247, 1585
34762, 1585
28685, 1585
22462, 1585
1585, 20248
1585, 33809
1585, 9406
1585, 23945
33778, 1586
25355, 1586
10867, 1586
20727, 1586
13973, 1586
1586, 13376
27419, 1587
1587, 24748
1587, 18662
22251, 1588
14569, 1588
1588, 14586
27557, 1589
14541, 1589
1589, 28865
17269, 1590
1590, 26522
20216, 1591
1591, 25012
1591, 8725
8758, 1592
1592, 17359
9969, 1593
35958, 1593
1593, 14453
18604, 1594
1594, 18295
19239, 1595
1595, 8433
34443, 1596
1596, 17743
1596, 31456
18662, 1597
1597, 11341
31857, 1598
1598, 29549
14981, 1599
1599, 23726
21742, 1600
1600, 9000
12855, 1601
1601, 17533
27022, 1602
29202, 1602
1602, 23371
12110, 1603
1603, 23912
24420, 1604
1604, 15873
10288, 1605
1605, 33281
31390, 1606
12523, 1606
1606, 11142
11042, 1607
1607, 19470
26540, 1608
14487, 1608
19104, 1608
26649, 1608
24144, 1608
22770, 1608
1608, 14515
20593, 1609
1609, 31651
20259, 1610
1610, 11756
17451, 1611
19163, 1611
1611, 32060
29425, 1612
1612, 22779
1612, 31169
28675, 1613
1613, 29467
8801, 1614
24242, 1614
1614, 16731
1614, 20556
19566, 1615
30136, 1615
12739, 1615
29660, 1615
14060, 1615
14476, 1615
32163, 1615
23314, 1615
1615, 10412
21927, 1616
1616, 15280
22987, 1617
1617, 11632
33502, 1618
1618, 9985
20191, 1619
1619, 26973
12324, 1620
1620, 19959
32829, 1621
1621, 23487
29193, 1622
1622, 28756
1622, 23867
32354, 1623
12618, 1623
1623, 31785
21253, 1624
1624, 17533
32583, 1625
1625, 33652
18464, 1626
1626, 30033
10823, 1627
19168, 1627
34093, 1627
23371, 1627
28183, 1627
25307, 1627
8677, 1627
23026, 1627
22071, 1627
1627, 20078
1627, 17536
1627, 20661
1627, 13977
1627, 16558
1627, 27614
1627, 35417
1627, 11488
1627, 24547
1627, 20682
26502, 1628
1628, 16167
21253, 1629
1629, 9834
35897, 1630
15163, 1630
22374, 1630
25826, 1630
11998, 1630
20241, 1630
19236, 1630
33606, 1630
21518, 1630
12631, 1630
1630, 11501
1630, 18619
1630, 23447
1630, 33213
1630, 26532
32541, 1631
1631, 17319
36243, 1632
1632, 20283
30259, 1633
1633, 36001
9955, 1634
1634, 23035
16973, 1635
1635, 25543
8906, 1636
1636, 24228
14609, 1637
1637, 36224
18749, 1638
1638, 36281
14138, 1639
1639, 16523
12996, 1640
9590, 1640
1640, 32243
1640, 15441
16186, 1641
1641, 13567
32900, 1642
1642, 18662
19319, 1643
1643, 21643
22054, 1644
1644, 30674
20612, 1645
1645, 33095
27751, 1646
1646, 26027
21653, 1647
1647, 10190
21253, 1648
1648, 34267
17956, 1649
1649, 16859
13518, 1650
1650, 30090
13580, 1651
25956, 1651
1651, 34481
21156, 1652
15138, 1652
1652, 12864
13105, 1653
1653, 28612
15990, 1654
1654, 34663
12110, 1655
1655, 33057
24140, 1656
1656, 13926
13113, 1657
32726, 1657
16934, 1657
1657, 26560
26537, 1658
1658, 20749
36936, 1659
1659, 20585
20023, 1660
1660, 9759
27013, 1661
1661, 21173
27604, 1662
1662, 15912
21362, 1663
22903, 1663
13929, 1663
34487, 1663
34544, 1663
20816, 1663
1663, 17573
1663, 34894
1663, 32758
1663, 33571
1663, 18844
1663, 20373
1663, 13875
11265, 1664
19990, 1664
1664, 18449
31789, 1665
24486, 1665
14812, 1665
1665, 22779
1665, 30996
35137, 1666
36216, 1666
1666, 33135
30119, 1667
1667, 15614
30683, 1668
1668, 20151
19799, 1669
1669, 15487
15407, 1670
1670, 16142
8947, 1671
1671, 30972
1671, 22334
14654, 1672
8432, 1672
24316, 1672
30935, 1672
1672, 14677
23157, 1673
1673, 35908
36268, 1674
1674, 19892
34926, 1675
1675, 21576
10452, 1676
1676, 32482
1676, 24584
28628, 1677
1677, 35979
33325, 1678
1678, 12652
1678, 18662
19658, 1679
16370, 1679
1679, 16142
21958, 1680
1680, 35555
31938, 1681
32686, 1681
21236, 1681
30281, 1681
27339, 1681
36403, 1681
1681, 11477
34372, 1682
1682, 16646
36559, 1683
1683, 28584
31899, 1684
1684, 29996
24413, 1685
1685, 19379
34397, 1686
22430, 1686
1686, 35557
11867, 1687
18856, 1687
1687, 32674
1687, 11539
1687, 20649
1687, 30107
12149, 1688
30181, 1688
32855, 1688
33740, 1688
12643, 1688
29766, 1688
25099, 1688
1688, 26869
1688, 16703
1688, 25062
1688, 10784
1688, 36761
1688, 23413
1688, 19244
1688, 30724
12536, 1689
1689, 27703
24092, 1690
1690, 30466
33584, 1691
30406, 1691
1691, 21607
1691, 32879
22888, 1692
22744, 1692
1692, 30847
27582, 1693
34674, 1693
1693, 22007
27813, 1694
1694, 21199
22548, 1695
1695, 19753
35208, 1696
35839, 1696
34145, 1696
15438, 1696
36391, 1696
1696, 11266
36006, 1697
1697, 26948
28295, 1698
1698, 17305
12945, 1699
1699, 25995
36652, 1700
1700, 27117
16691, 1701
1701, 23281
31056, 1702
32870, 1702
16869, 1702
28015, 1702
23769, 1702
23878, 1702
1702, 36984
1702, 16646
23039, 1703
13526, 1703
27192, 1703
36135, 1703
1703, 20585
14855, 1704
1704, 16611
8360, 1705
1705, 21285
22546, 1706
1706, 24635
35391, 1707
1707, 23576
30225, 1708
1708, 23608
21253, 1709
1709, 11834
36108, 1710
1710, 15074
27055, 1711
1711, 18808
19064, 1712
29772, 1712
26986, 1712
16072, 1712
9583, 1712
26054, 1712
1712, 31895
20116, 1713
1713, 24160
1713, 28458
26391, 1714
1714, 32621
1714, 8596
31982, 1715
11362, 1715
1715, 25099
17485, 1716
1716, 36907
32427, 1717
13721, 1717
22218, 1717
1717, 25729
22485, 1718
1718, 14569
24064, 1719
1719, 36214
29875, 1720
1720, 14227
1720, 27815
19026, 1721
31370, 1721
29274, 1721
10831, 1721
32010, 1721
27735, 1721
14294, 1721
34392, 1721
29913, 1721
25431, 1721
9192, 1721
19680, 1721
24294, 1721
11927, 1721
31889, 1721
1721, 26533
31682, 1722
1722, 34403
25692, 1723
1723, 17951
26008, 1724
1724, 25008
20529, 1725
33596, 1725
1725, 8473
30054, 1726
1726, 17533
35938, 1727
1727, 26284
14211, 1728
29378, 1728
20441, 1728
12714, 1728
35835, 1728
35840, 1728
24123, 1728
22797, 1728
1728, 13651
23653, 1729
1729, 11965
16482, 1730
1730, 11871
10697, 1731
1731, 24928
36321, 1732
1732, 23006
11662, 1733
1733, 20532
16738, 1734
15233, 1734
1734, 10656
31390, 1735
13111, 1735
30798, 1735
1735, 11859
33506, 1736
1736, 23795
28706, 1737
30884, 1737
1737, 33281
18662, 1738
1738, 23586
23624, 1739
1739, 23923
27380, 1740
1740, 18662
11481, 1741
1741, 25690
20541, 1742
1742, 14522
32616, 1743
1743, 28281
17581, 1744
1744, 9182
1744, 18662
26151, 1745
1745, 36516
1745, 31149
1745, 28851
1745, 25697
1745, 25272
1745, 24085
1745, 13017
21253, 1746
1746, 36821
19899, 1747
1747, 29058
30669, 1748
18936, 1748
1748, 29171
28281, 1749
16834, 1749
8425, 1749
21914, 1749
25099, 1749
29979, 1749
1749, 19535
1749, 24633
1749, 24987
1749, 37023
1749, 30139
1749, 16448
1749, 11855
26450, 1750
1750, 17674
31843, 1751
1751, 26284
34962, 1752
1752, 19994
21253, 1753
1753, 30465
34507, 1754
1754, 35472
23485, 1755
1755, 26522
24281, 1756
1756, 30718
15535, 1757
1757, 9822
1757, 35130
1757, 16151
18732, 1758
1758, 23625
33473, 1759
1759, 26284
15614, 1760
1760, 29247
1760, 17398
23982, 1761
1761, 8661
1761, 27325
1761, 31708
1761, 32452
1761, 24625
18761, 1762
1762, 14284
35947, 1763
1763, 28281
30546, 1764
1764, 25975
30834, 1765
24886, 1765
8443, 1765
18888, 1765
30020, 1765
13919, 1765
19895, 1765
12844, 1765
21192, 1765
14266, 1765
9720, 1765
27621, 1765
35109, 1765
14758, 1765
13811, 1765
1765, 21124
14252, 1766
27397, 1766
19324, 1766
24515, 1766
20849, 1766
18106, 1766
19826, 1766
1766, 23413
1766, 21558
1766, 31777
1766, 33719
1766, 12752
1766, 34156
1766, 30934
1766, 17788
28084, 1767
8720, 1767
14165, 1767
1767, 22571
1767, 18380
1767, 8398
36961, 1768
31762, 1768
1768, 33058
10407, 1769
1769, 15111
8999, 1770
8462, 1770
18613, 1770
27785, 1770
33910, 1770
25733, 1770
1770, 24881
1770, 26486
1770, 21344
1770, 12893
1770, 34035
1770, 13565
1770, 15939
12110, 1771
1771, 34948
27797, 1772
1772, 21418
16577, 1773
1773, 23371
36594, 1774
34055, 1774
14954, 1774
1774, 13929
1774, 17864
11088, 1775
1775, 20826
30576, 1776
1776, 23617
1776, 13883
30617, 1777
26665, 1777
12867, 1777
21518, 1777
8642, 1777
27900, 1777
1777, 34798
1777, 35137
1777, 9638
14756, 1778
1778, 18842
22866, 1779
1779, 36727
17767, 1780
1780, 24181
21150, 1781
1781, 24707
31301, 1782
1782, 17674
21480, 1783
1783, 35532
10546, 1784
1784, 34733
1784, 15885
17877, 1785
1785, 31332
27943, 1786
1786, 20153
21836, 1787
1787, 10194
28528, 1788
1788, 18662
30970, 1789
1789, 28427
1789, 24591
30944, 1790
1790, 19953
14659, 1791
1791, 22239
27794, 1792
1792, 16683
1792, 30180
31432, 1793
1793, 18288
18895, 1794
1794, 19324
28325, 1795
1795, 15676
23336, 1796
1796, 28281
36892, 1797
9995, 1797
14318, 1797
1797, 21517
1797, 23494
17518, 1798
37065, 1798
1798, 28281
36332, 1799
1799, 26973
15822, 1800
1800, 27692
13845, 1801
13091, 1801
21016, 1801
30357, 1801
28972, 1801
1801, 8698
23838, 1802
1802, 14212
23755, 1803
1803, 13897
15669, 1804
1804, 12273
27555, 1805
32992, 1805
1805, 35965
1805, 17124
25525, 1806
14651, 1806
1806, 26310
26866, 1807
1807, 13415
13236, 1808
1808, 27615
21253, 1809
1809, 31782
17354, 1810
1810, 18662
29895, 1811
1811, 34465
11786, 1812
1812, 28281
17862, 1813
1813, 28281
21666, 1814
1814, 36778
23436, 1815
1815, 36654
14717, 1816
1816, 18662
26963, 1817
1817, 20640
35124, 1818
1818, 15050
30965, 1819
20988, 1819
34841, 1819
1819, 33281
24984, 1820
1820, 27417
1820, 30184
32852, 1821
1821, 19690
8910, 1822
1822, 29653
28897, 1823
1823, 18662
20240, 1824
1824, 23342
33420, 1825
1825, 23613
34725, 1826
35555, 1826
1826, 25434
35926, 1827
1827, 14677
33649, 1828
1828, 22244
27687, 1829
24390, 1829
25272, 1829
24469, 1829
1829, 26515
1829, 8407
1829, 11415
1829, 23574
1829, 23899
14307, 1830
1830, 29543
13614, 1831
1831, 30980
1831, 15324
11724, 1832
1832, 26864
15726, 1833
1833, 21421
35977, 1834
18796, 1834
20342, 1834
1834, 14124
23548, 1835
1835, 15855
8638, 1836
1836, 18662
20177, 1837
1837, 32712
13533, 1838
1838, 14975
25400, 1839
1839, 36460
19462, 1840
1840, 18662
9448, 1841
1841, 34843
35058, 1842
1842, 12602
20012, 1843
30639, 1843
34489, 1843
15335, 1843
36096, 1843
1843, 32559
1843, 12050
30086, 1844
1844, 17451
33949, 1845
33174, 1845
25621, 1845
25509, 1845
35404, 1845
9528, 1845
23973, 1845
15348, 1845
32598, 1845
16780, 1845
8831, 1845
10515, 1845
28996, 1845
1845, 26533
28149, 1846
1846, 9740
21536, 1847
1847, 36133
29514, 1848
1848, 26626
34297, 1849
1849, 28281
28365, 1850
1850, 20841
27364, 1851
15630, 1851
14557, 1851
12062, 1851
35960, 1851
18733, 1851
12802, 1851
35326, 1851
13908, 1851
9857, 1851
16948, 1851
22330, 1851
22013, 1851
35170, 1851
34898, 1851
12361, 1851
17148, 1851
14094, 1851
34283, 1851
36973, 1851
30061, 1851
23346, 1851
14703, 1851
24441, 1851
30619, 1851
31678, 1851
10976, 1851
31702, 1851
24006, 1851
30432, 1851
10923, 1851
36314, 1851
11230, 1851
11207, 1851
13928, 1851
9934, 1851
8833, 1851
26744, 1851
18574, 1851
15623, 1851
18097, 1851
29365, 1851
9113, 1851
26546, 1851
25177, 1851
31101, 1851
22002, 1851
21119, 1851
33981, 1851
25714, 1851
25610, 1851
13756, 1851
34252, 1851
22788, 1851
25020, 1851
17273, 1851
27480, 1851
35252, 1851
34824, 1851
25238, 1851
15951, 1851
33788, 1851
23327, 1851
19034, 1851
35772, 1851
24168, 1851
17497, 1851
22895, 1851
26752, 1851
10906, 1851
23162, 1851
10019, 1851
14627, 1851
18570, 1851
13204, 1851
29486, 1851
21819, 1851
20292, 1851
27654, 1851
15784, 1851
13077, 1851
36610, 1851
10102, 1851
22711, 1851
20003, 1851
20611, 1851
21811, 1851
26848, 1851
21011, 1851
15785, 1851
30124, 1851
35415, 1851
32925, 1851
20160, 1851
28651, 1851
22848, 1851
14757, 1851
34529, 1851
33015, 1851
10035, 1851
17531, 1851
16061, 1851
9348, 1851
27232, 1851
22366, 1851
13969, 1851
24902, 1851
15854, 1851
26364, 1851
17290, 1851
34913, 1851
35541, 1851
19286, 1851
10262, 1851
21550, 1851
10449, 1851
19715, 1851
12347, 1851
31911, 1851
12669, 1851
15520, 1851
32475, 1851
12059, 1851
28804, 1851
13773, 1851
18469, 1851
15456, 1851
15360, 1851
25526, 1851
28120, 1851
10127, 1851
27865, 1851
28399, 1851
34662, 1851
18220, 1851
18882, 1851
23089, 1851
16681, 1851
13382, 1851
16687, 1851
13193, 1851
35210, 1851
13562, 1851
27143, 1851
12593, 1851
16807, 1851
10961, 1851
18080, 1851
18425, 1851
30763, 1851
12533, 1851
10094, 1851
11283, 1851
9928, 1851
24778, 1851
32156, 1851
17925, 1851
19993, 1851
30482, 1851
21677, 1851
26941, 1851
11723, 1851
13393, 1851
12940, 1851
32911, 1851
22699, 1851
34966, 1851
16919, 1851
35944, 1851
11276, 1851
27830, 1851
30731, 1851
29628, 1851
14691, 1851
35798, 1851
29084, 1851
34727, 1851
33490, 1851
11137, 1851
15991, 1851
34312, 1851
36916, 1851
17532, 1851
29292, 1851
12403, 1851
24494, 1851
22311, 1851
25535, 1851
16070, 1851
34752, 1851
17628, 1851
18908, 1851
14468, 1851
11875, 1851
14535, 1851
27899, 1851
8874, 1851
23021, 1851
22195, 1851
13067, 1851
9930, 1851
20118, 1851
18525, 1851
33523, 1851
15222, 1851
15819, 1851
29212, 1851
9781, 1851
9688, 1851
22700, 1851
24208, 1851
21472, 1851
14127, 1851
23815, 1851
29450, 1851
21591, 1851
26732, 1851
11863, 1851
13853, 1851
24997, 1851
16461, 1851
15961, 1851
35905, 1851
31241, 1851
17666, 1851
30345, 1851
18136, 1851
23843, 1851
34478, 1851
14884, 1851
15284, 1851
20721, 1851
26594, 1851
28200, 1851
1851, 8517
20490, 1852
1852, 17674
32831, 1853
1853, 30206
23875, 1854
1854, 20508
35758, 1855
12138, 1855
31752, 1855
1855, 13751
29958, 1856
1856, 28960
15559, 1857
1857, 16649
1857, 32716
1857, 33367
1857, 28092
1857, 33570
1857, 35854
1857, 34007
1857, 31995
1857, 30216
1857, 10642
1857, 18231
1857, 30319
1857, 36922
1857, 35892
1857, 15583
1857, 17461
1857, 23501
1857, 8657
1857, 33374
34698, 1858
1858, 29799
1858, 17891
12119, 1859
1859, 21190
25010, 1860
1860, 33281
17129, 1861
9681, 1861
33780, 1861
1861, 23582
30677, 1862
1862, 35113
23578, 1863
1863, 20804
12143, 1864
1864, 12928
32847, 1865
1865, 22450
28464, 1866
1866, 21870
1866, 23330
25095, 1867
1867, 11841
12110, 1868
1868, 11872
33357, 1869
1869, 22791
1869, 17506
1869, 9356
10890, 1870
30098, 1870
15599, 1870
1870, 28846
10566, 1871
22337, 1871
8577, 1871
32091, 1871
17921, 1871
1871, 9505
12155, 1872
36738, 1872
1872, 22217
30810, 1873
1873, 26348
34330, 1874
1874, 31866
24031, 1875
1875, 25853
18035, 1876
1876, 12596
27968, 1877
11095, 1877
9553, 1877
17689, 1877
15327, 1877
22253, 1877
14186, 1877
25421, 1877
25211, 1877
16316, 1877
18308, 1877
29497, 1877
34109, 1877
33970, 1877
1877, 26826
1877, 32335
1877, 10808
1877, 9168
1877, 12098
1877, 36731
1877, 29686
1877, 31977
1877, 29964
1877, 30959
1877, 28741
1877, 12129
1877, 32329
1877, 18101
1877, 27589
13304, 1878
1878, 11491
16302, 1879
1879, 20338
12387, 1880
34758, 1880
10642, 1880
12368, 1880
31294, 1880
14139, 1880
18309, 1880
17594, 1880
1880, 26868
1880, 24731
1880, 35267
1880, 26252
1880, 13177
1880, 34317
1880, 26685
1880, 19903
1880, 11979
17540, 1881
1881, 17674
18147, 1882
1882, 22540
1882, 25042
23331, 1883
1883, 28666
34732, 1884
1884, 13450
20215, 1885
13516, 1885
1885, 23556
10650, 1886
1886, 26334
22883, 1887
1887, 24831
24125, 1888
1888, 30783
31827, 1889
1889, 28281
15851, 1890
1890, 28723
1890, 22726
1890, 24067
16186, 1891
1891, 34016
25331, 1892
1892, 20368
1892, 27592
1892, 16218
12945, 1893
1893, 25995
22674, 1894
1894, 32778
1894, 28529
34184, 1895
1895, 16051
1895, 18662
28125, 1896
20343, 1896
33370, 1896
28183, 1896
15230, 1896
33170, 1896
26015, 1896
35468, 1896
30081, 1896
1896, 35823
1896, 15760
1896, 35935
1896, 28854
1896, 20978
1896, 12112
1896, 31692
1896, 9546
1896, 19380
1896, 22503
16804, 1897
1897, 17533
9116, 1898
12903, 1898
1898, 11869
31124, 1899
1899, 29410
16132, 1900
1900, 32539
14761, 1901
1901, 17533
28594, 1902
18451, 1902
12980, 1902
34255, 1902
35456, 1902
25312, 1902
18166, 1902
24811, 1902
1902, 32372
20907, 1903
1903, 26284
36526, 1904
1904, 12528
20506, 1905
31752, 1905
1905, 12903
14632, 1906
1906, 8567
35589, 1907
1907, 35686
1907, 18359
32884, 1908
1908, 19753
18936, 1909
1909, 25574
27715, 1910
1910, 15462
1910, 13473
12767, 1911
35237, 1911
24635, 1911
36398, 1911
33637, 1911
1911, 23926
1911, 18804
1911, 18565
1911, 9371
1911, 37023
1911, 14775
9396, 1912
31035, 1912
12928, 1912
1912, 31735
1912, 13483
1912, 29757
1912, 30889
18659, 1913
1913, 18675
26058, 1914
1914, 26674
1914, 24070
9285, 1915
1915, 17517
35888, 1916
18222, 1916
1916, 10849
1916, 14102
30007, 1917
1917, 33325
26402, 1918
1918, 24093
10373, 1919
1919, 14496
21858, 1920
1920, 19074
36807, 1921
34267, 1921
1921, 17494
27376, 1922
1922, 14003
1922, 12452
1922, 27349
1922, 10292
1922, 27926
1922, 33882
12488, 1923
1923, 10603
1923, 31094
1923, 33356
36988, 1924
1924, 32322
14572, 1925
1925, 34200
1925, 9289
22868, 1926
1926, 14643
33983, 1927
1927, 33868
27600, 1928
1928, 36654
36303, 1929
1929, 25099
33496, 1930
1930, 26236
18657, 1931
1931, 32503
1931, 12193
33420, 1932
1932, 23654
35038, 1933
1933, 25049
18820, 1934
1934, 8456
28839, 1935
1935, 33637
25573, 1936
1936, 17629
17659, 1937
1937, 12567
19270, 1938
16700, 1938
1938, 26015
16863, 1939
1939, 34772
1939, 15487
11610, 1940
29743, 1940
1940, 22056
27203, 1941
1941, 33626
11794, 1942
1942, 27806
22570, 1943
13543, 1943
1943, 21870
28514, 1944
15823, 1944
11379, 1944
12312, 1944
10938, 1944
27680, 1944
21531, 1944
1944, 32430
32227, 1945
27804, 1945
13814, 1945
9081, 1945
12758, 1945
13879, 1945
1945, 29573
13403, 1946
1946, 26306
19648, 1947
1947, 9091
24212, 1948
1948, 33782
1948, 36282
12416, 1949
1949, 26232
30290, 1950
22975, 1950
24831, 1950
20361, 1950
18662, 1950
1950, 17044
15970, 1951
1951, 24390
9210, 1952
1952, 34948
1952, 36051
9353, 1953
1953, 31925
22438, 1954
1954, 23281
24872, 1955
1955, 35680
36755, 1956
1956, 17674
1956, 9629
26380, 1957
1957, 15572
26145, 1958
1958, 22917
1958, 17734
1958, 22937
1958, 36703
1958, 36390
30669, 1959
1959, 18810
1959, 15801
29151, 1960
1960, 13094
16252, 1961
1961, 18842
28195, 1962
1962, 36654
13274, 1963
1963, 16532
9702, 1964
24039, 1964
21974, 1964
11224, 1964
21209, 1964
19243, 1964
19945, 1964
32996, 1964
12442, 1964
1964, 10048
1964, 21439
1964, 36412
1964, 28591
1964, 30410
1964, 16429
1964, 31777
1964, 12639
1964, 17991
1964, 8613
1964, 21909
36620, 1965
1965, 22994
32082, 1966
1966, 24635
8936, 1967
1967, 9675
25617, 1968
1968, 24845
28047, 1969
1969, 16550
24664, 1970
1970, 10158
17111, 1971
1971, 16060
20696, 1972
33281, 1972
21052, 1972
11617, 1972
11455, 1972
10024, 1972
1972, 35867
1972, 27283
1972, 33915
1972, 34447
1972, 12576
1972, 29324
1972, 31490
32593, 1973
12328, 1973
1973, 20394
1973, 24371
26200, 1974
1974, 26366
1974, 32528
26342, 1975
22110, 1975
1975, 9389
21265, 1976
12315, 1976
1976, 20794
21394, 1977
17899, 1977
19377, 1977
19780, 1977
1977, 23099
1977, 18162
1977, 8687
35980, 1978
18422, 1978
21787, 1978
1978, 36139
8969, 1979
11263, 1979
1979, 17071
20338, 1980
35115, 1980
1980, 36154
28455, 1981
1981, 10078
34903, 1982
1982, 36753
28638, 1983
1983, 35604
1983, 24820
1983, 34332
1983, 15626
13311, 1984
1984, 20062
25827, 1985
1985, 21199
12430, 1986
1986, 34146
15853, 1987
1987, 13194
35254, 1988
1988, 20604
13894, 1989
1989, 10049
11369, 1990
1990, 36085
11684, 1991
1991, 21199
21253, 1992
1992, 17533
21121, 1993
1993, 23935
26295, 1994
1994, 22899
23593, 1995
1995, 20215
1995, 22598
22372, 1996
21370, 1996
1996, 13303
32422, 1997
1997, 22967
21536, 1998
1998, 36133
9973, 1999
1999, 11841
1999, 26415
1999, 24160
32687, 2000
2000, 28660
22853, 2001
27534, 2001
14331, 2001
2001, 36209
10407, 2002
2002, 15111
24836, 2003
2003, 18662
34462, 2004
34861, 2004
22617, 2004
33417, 2004
2004, 12338
2004, 35691
2004, 17681
18317, 2005
2005, 18714
10386, 2006
2006, 14817
13651, 2007
14349, 2007
24172, 2007
8650, 2007
2007, 31880
2007, 36643
2007, 32279
2007, 35123
2007, 13216
27943, 2008
2008, 20153
2008, 25216
11377, 2009
10111, 2009
16968, 2009
21617, 2009
11165, 2009
36123, 2009
33929, 2009
31234, 2009
34307, 2009
35536, 2009
21576, 2009
2009, 31922
2009, 33601
2009, 12604
2009, 29929
2009, 27838
2009, 15200
2009, 12276
2009, 16711
2009, 18241
2009, 28597
2009, 19817
2009, 12422
23484, 2010
2010, 17533
25010, 2011
2011, 34199
27556, 2012
2012, 17662
23440, 2013
2013, 26284
20992, 2014
2014, 20396
17303, 2015
2015, 24448
25209, 2016
2016, 33928
16986, 2017
2017, 18662
30913, 2018
13836, 2018
2018, 22217
22744, 2019
23272, 2019
2019, 9820
35680, 2020
2020, 29049
2020, 35495
20925, 2021
27750, 2021
36047, 2021
32998, 2021
14496, 2021
24403, 2021
12886, 2021
33637, 2021
2021, 36805
2021, 22921
2021, 20418
2021, 35417
2021, 14583
2021, 22493
2021, 33162
2021, 9584
2021, 19310
13165, 2022
31149, 2022
28102, 2022
24635, 2022
14677, 2022
13897, 2022
33637, 2022
15124, 2022
2022, 12762
2022, 27171
2022, 36632
2022, 35743
2022, 18406
2022, 35770
2022, 36990
2022, 21482
2022, 16911
25864, 2023
2023, 22656
18936, 2024
2024, 9931
8528, 2025
24122, 2025
35796, 2025
11591, 2025
33461, 2025
16683, 2025
15176, 2025
29002, 2025
32209, 2025
13663, 2025
31390, 2025
15657, 2025
13125, 2025
15701, 2025
23323, 2025
10625, 2025
20151, 2025
9010, 2025
8728, 2025
22161, 2025
35800, 2025
16898, 2025
29349, 2025
32339, 2025
9853, 2025
12417, 2025
2025, 10531
34691, 2026
2026, 14042
10116, 2027
33201, 2027
12531, 2027
18095, 2027
35228, 2027
26121, 2027
21391, 2027
2027, 17808
2027, 18867
2027, 30541
2027, 9799
2027, 26211
2027, 28654
2027, 20646
2027, 21461
9646, 2028
31316, 2028
2028, 28281
2028, 22506
22554, 2029
20746, 2029
2029, 29096
29176, 2030
2030, 19361
2030, 24074
22510, 2031
24201, 2031
2031, 29602
28794, 2032
24706, 2032
35898, 2032
2032, 33281
14851, 2033
34798, 2033
33537, 2033
24932, 2033
27994, 2033
27953, 2033
34364, 2033
19342, 2033
22181, 2033
30309, 2033
17305, 2033
26001, 2033
18795, 2033
21336, 2033
26626, 2033
24895, 2033
35759, 2033
12571, 2033
12273, 2033
25710, 2033
34146, 2033
11841, 2033
22333, 2033
14026, 2033
26805, 2033
14499, 2033
34403, 2033
14871, 2033
13194, 2033
15411, 2033
36263, 2033
12865, 2033
21795, 2033
24498, 2033
35153, 2033
36870, 2033
11501, 2033
30807, 2033
27703, 2033
9602, 2033
21987, 2033
12927, 2033
19283, 2033
14788, 2033
27893, 2033
9467, 2033
29545, 2033
33935, 2033
11289, 2033
9021, 2033
10845, 2033
26441, 2033
16778, 2033
18808, 2033
13214, 2033
20019, 2033
35491, 2033
31146, 2033
31647, 2033
35855, 2033
16039, 2033
19454, 2033
28489, 2033
11214, 2033
33526, 2033
32999, 2033
25669, 2033
12699, 2033
16385, 2033
19897, 2033
31784, 2033
26236, 2033
16272, 2033
23914, 2033
34433, 2033
13863, 2033
25797, 2033
12632, 2033
36639, 2033
12889, 2033
10487, 2033
32837, 2033
33027, 2033
32273, 2033
19361, 2033
33011, 2033
36899, 2033
26593, 2033
20826, 2033
12239, 2033
33652, 2033
28239, 2033
27578, 2033
26673, 2033
23134, 2033
20804, 2033
8417, 2033
25239, 2033
15781, 2033
20408, 2033
24956, 2033
35174, 2033
22229, 2033
18773, 2033
33516, 2033
14569, 2033
36998, 2033
29650, 2033
20532, 2033
34460, 2033
28756, 2033
18714, 2033
29955, 2033
27827, 2033
8859, 2033
14975, 2033
9759, 2033
25419, 2033
32155, 2033
13858, 2033
24927, 2033
16394, 2033
21685, 2033
20620, 2033
33581, 2033
33994, 2033
35379, 2033
36449, 2033
11977, 2033
20474, 2033
21707, 2033
17705, 2033
11491, 2033
18979, 2033
28538, 2033
29295, 2033
15507, 2033
16411, 2033
17775, 2033
23393, 2033
23136, 2033
22474, 2033
10876, 2033
26097, 2033
30160, 2033
14425, 2033
25288, 2033
20899, 2033
20387, 2033
22583, 2033
20011, 2033
21009, 2033
17782, 2033
22526, 2033
11070, 2033
28479, 2033
11219, 2033
18803, 2033
16224, 2033
23002, 2033
11418, 2033
36434, 2033
16622, 2033
36460, 2033
22859, 2033
18222, 2033
20289, 2033
24798, 2033
34067, 2033
13198, 2033
21043, 2033
8990, 2033
18619, 2033
20722, 2033
15644, 2033
34299, 2033
31864, 2033
31338, 2033
23876, 2033
30972, 2033
25222, 2033
31743, 2033
29521, 2033
20570, 2033
33494, 2033
11155, 2033
35957, 2033
10758, 2033
19111, 2033
23447, 2033
23455, 2033
28688, 2033
29511, 2033
35140, 2033
9771, 2033
17294, 2033
15714, 2033
11349, 2033
31560, 2033
20087, 2033
22199, 2033
31566, 2033
21508, 2033
11808, 2033
31871, 2033
16723, 2033
32955, 2033
15153, 2033
19098, 2033
24668, 2033
9116, 2033
13941, 2033
13415, 2033
28184, 2033
20910, 2033
11965, 2033
14541, 2033
33835, 2033
26061, 2033
20410, 2033
35670, 2033
25464, 2033
28032, 2033
17846, 2033
9331, 2033
19875, 2033
22738, 2033
21255, 2033
20840, 2033
12540, 2033
19725, 2033
30811, 2033
27716, 2033
23590, 2033
26334, 2033
36209, 2033
26326, 2033
28104, 2033
15901, 2033
36001, 2033
21100, 2033
10701, 2033
21870, 2033
33213, 2033
16167, 2033
33803, 2033
17033, 2033
18310, 2033
25804, 2033
25498, 2033
21269, 2033
17168, 2033
14474, 2033
16613, 2033
17071, 2033
9565, 2033
35261, 2033
35555, 2033
11877, 2033
32631, 2033
24894, 2033
22360, 2033
24063, 2033
15280, 2033
19470, 2033
22919, 2033
20538, 2033
36450, 2033
14313, 2033
13950, 2033
13250, 2033
34632, 2033
34054, 2033
22258, 2033
21598, 2033
19892, 2033
23947, 2033
30747, 2033
25961, 2033
35255, 2033
21971, 2033
11337, 2033
34525, 2033
22128, 2033
23576, 2033
24093, 2033
35729, 2033
18032, 2033
21491, 2033
36318, 2033
9016, 2033
32047, 2033
24074, 2033
24042, 2033
19150, 2033
13905, 2033
23240, 2033
9754, 2033
27636, 2033
11065, 2033
30545, 2033
11470, 2033
23867, 2033
30102, 2033
36575, 2033
9558, 2033
31447, 2033
35979, 2033
24581, 2033
15369, 2033
26532, 2033
16375, 2033
27778, 2033
23487, 2033
24181, 2033
29126, 2033
13993, 2033
26063, 2033
11248, 2033
9675, 2033
23935, 2033
29921, 2033
11325, 2033
18907, 2033
26350, 2033
10899, 2033
12523, 2033
35733, 2033
15928, 2033
14791, 2033
12318, 2033
25613, 2033
30798, 2033
21316, 2033
18516, 2033
20005, 2033
30739, 2033
26184, 2033
33356, 2033
11709, 2033
20585, 2033
22657, 2033
11198, 2033
34371, 2033
9442, 2033
14339, 2033
10607, 2033
11871, 2033
16643, 2033
11942, 2033
26853, 2033
8954, 2033
26433, 2033
35949, 2033
23330, 2033
17892, 2033
15651, 2033
36695, 2033
17879, 2033
32871, 2033
14262, 2033
10510, 2033
29715, 2033
21363, 2033
20823, 2033
2033, 29349
8813, 2034
2034, 35385
36294, 2035
2035, 12886
12110, 2036
2036, 11872
12269, 2037
2037, 21870
2037, 15114
19743, 2038
16690, 2038
9156, 2038
11244, 2038
2038, 29911
25618, 2039
2039, 28736
13239, 2040
2040, 33637
21478, 2041
2041, 18662
15771, 2042
11349, 2042
2042, 22138
28281, 2043
32923, 2043
34494, 2043
25206, 2043
15572, 2043
34307, 2043
2043, 26383
2043, 19606
2043, 19745
2043, 18839
2043, 36012
2043, 18291
2043, 29211
25814, 2044
2044, 20407
20170, 2045
2045, 26888
18662, 2046
2046, 22544
28986, 2047
24338, 2047
2047, 19511
20255, 2048
2048, 34295
9430, 2049
2049, 35831
23384, 2050
2050, 34125
2050, 36324
22067, 2051
2051, 20159
31335, 2052
2052, 31035
11920, 2053
2053, 27893
20756, 2054
9497, 2054
2054, 23811
16243, 2055
2055, 22779
2055, 9818
2055, 11117
2055, 11189
2055, 35885
14549, 2056
2056, 25099
22789, 2057
21417, 2057
2057, 14446
13163, 2058
2058, 17611
2058, 32498
2058, 12014
12525, 2059
2059, 17533
12658, 2060
2060, 34448
19891, 2061
2061, 20276
16880, 2062
2062, 8990
12981, 2063
35045, 2063
2063, 28281
21959, 2064
2064, 12886
11411, 2065
34338, 2065
25089, 2065
2065, 12955
27028, 2066
2066, 29945
13936, 2067
31028, 2067
10059, 2067
16834, 2067
28775, 2067
16316, 2067
11390, 2067
9322, 2067
13484, 2067
17586, 2067
2067, 13522
2067, 9307
2067, 16418
2067, 10514
2067, 17008
2067, 23222
2067, 13537
2067, 19744
2067, 9737
2067, 21574
2067, 25962
13666, 2068
2068, 23058
32610, 2069
2069, 17421
20804, 2070
33692, 2070
2070, 33406
35951, 2071
2071, 14545
25781, 2072
2072, 9276
14765, 2073
2073, 33027
28115, 2074
2074, 34242
35276, 2075
2075, 24026
10500, 2076
2076, 23451
2076, 18662
17303, 2077
2077, 18723
36582, 2078
2078, 21966
15631, 2079
2079, 19140
25510, 2080
2080, 29642
22872, 2081
32749, 2081
2081, 24960
2081, 32713
2081, 31865
14449, 2082
2082, 16232
16193, 2083
2083, 18385
13465, 2084
2084, 17033
32251, 2085
2085, 13040
35845, 2086
2086, 19953
10407, 2087
30429, 2087
2087, 15111
33873, 2088
2088, 32469
2088, 33921
2088, 30275
29765, 2089
2089, 24279
34510, 2090
20975, 2090
2090, 8416
2090, 10445
15257, 2091
31752, 2091
2091, 22496
14418, 2092
23752, 2092
33616, 2092
19857, 2092
2092, 28281
8773, 2093
2093, 10156
2093, 17674
2093, 18842
16201, 2094
32962, 2094
21077, 2094
2094, 9677
27880, 2095
2095, 18388
10407, 2096
8693, 2096
2096, 15111
26635, 2097
2097, 9903
18667, 2098
21291, 2098
24653, 2098
23371, 2098
29815, 2098
35658, 2098
33255, 2098
18449, 2098
11939, 2098
15766, 2098
23906, 2098
15124, 2098
2098, 34965
2098, 36396
2098, 31443
2098, 25171
2098, 36054
2098, 9562
2098, 30084
2098, 26428
2098, 22652
2098, 26082
2098, 30607
2098, 34211
2098, 25148
2098, 33263
32852, 2099
2099, 32264
2099, 36847
2099, 17597
2099, 10293
2099, 24604
2099, 19992
2099, 29331
2099, 17770
2099, 13470
2099, 8534
2099, 34504
2099, 31657
2099, 12070
2099, 25555
2099, 34881
2099, 24068
2099, 31714
2099, 21035
2099, 26281
2099, 31768
15647, 2100
2100, 8433
19240, 2101
2101, 32839
31691, 2102
2102, 27332
30692, 2103
15461, 2103
2103, 21838
28815, 2104
13687, 2104
2104, 36587
12110, 2105
2105, 33526
15304, 2106
2106, 15108
26151, 2107
2107, 19131
2107, 23341
2107, 25875
2107, 9419
2107, 19609
2107, 26315
2107, 23364
2107, 30855
2107, 23502
2107, 17166
2107, 27777
2107, 23253
2107, 32203
2107, 20562
29642, 2108
32936, 2108
2108, 11313
30565, 2109
2109, 22140
2109, 28727
35279, 2110
12227, 2110
2110, 23371
21253, 2111
2111, 20494
13958, 2112
2112, 17836
21055, 2113
28496, 2113
26264, 2113
25668, 2113
14074, 2113
30809, 2113
28578, 2113
35579, 2113
18575, 2113
14690, 2113
22203, 2113
13333, 2113
21551, 2113
2113, 26533
35563, 2114
2114, 17064
2114, 18180
21369, 2115
2115, 28756
34849, 2116
2116, 18413
2116, 24707
35523, 2117
2117, 13016
21167, 2118
2118, 28281
29311, 2119
2119, 30941
28590, 2120
2120, 13456
16729, 2121
2121, 35759
23191, 2122
31752, 2122
2122, 25388
2122, 20025
25872, 2123
2123, 10225
15339, 2124
2124, 17903
34736, 2125
2125, 36907
2125, 24348
12066, 2126
2126, 21441
11920, 2127
2127, 27893
8721, 2128
2128, 18662
25004, 2129
2129, 16142
24399, 2130
2130, 18489
25010, 2131
2131, 33281
28449, 2132
2132, 23371
29898, 2133
2133, 25581
2133, 16142
31606, 2134
2134, 12928
9287, 2135
14394, 2135
33753, 2135
27512, 2135
26973, 2135
13567, 2135
2135, 15228
2135, 14448
2135, 35635
2135, 13501
2135, 18286
2135, 20169
2135, 33511
2135, 36157
14201, 2136
2136, 25099
2136, 9466
15472, 2137
2137, 28281
20693, 2138
2138, 21974
25010, 2139
2139, 29549
12589, 2140
2140, 17581
8992, 2141
14161, 2141
2141, 16281
2141, 15196
2141, 14731
16515, 2142
2142, 34184
2142, 33084
2142, 26100
2142, 12643
2142, 10548
35833, 2143
29097, 2143
22970, 2143
32929, 2143
2143, 10800
35244, 2144
2144, 19062
26757, 2145
2145, 31580
28048, 2146
2146, 18259
22740, 2147
2147, 18662
16018, 2148
2148, 27041
18333, 2149
2149, 11960
2149, 34161
32467, 2150
2150, 36629
8542, 2151
2151, 24384
34696, 2152
14095, 2152
28102, 2152
32840, 2152
25028, 2152
14367, 2152
8425, 2152
15637, 2152
2152, 27334
2152, 35537
2152, 27805
2152, 13381
2152, 14225
2152, 27948
2152, 26681
2152, 27420
2152, 24353
30863, 2153
2153, 26267
2153, 11960
2153, 15620
31333, 2154
2154, 16613
32305, 2155
2155, 26619
27365, 2156
34862, 2156
9316, 2156
22738, 2156
32339, 2156
35680, 2156
2156, 12015
19773, 2157
2157, 29332
20191, 2158
2158, 26973
13765, 2159
2159, 8522
21253, 2160
2160, 23371
16424, 2161
28245, 2161
17096, 2161
19795, 2161
12901, 2161
9081, 2161
2161, 35371
26410, 2162
22862, 2162
2162, 32938
29175, 2163
18198, 2163
32745, 2163
2163, 8728
26360, 2164
2164, 10894
21253, 2165
2165, 34141
2165, 12711
12023, 2166
2166, 10881
24870, 2167
2167, 21874
2167, 9808
2167, 27053
16124, 2168
2168, 13303
19852, 2169
2169, 10371
21194, 2170
12690, 2170
2170, 28190
26781, 2171
2171, 32731
26821, 2172
2172, 23876
23163, 2173
36842, 2173
2173, 13469
2173, 11328
9139, 2174
2174, 12886
19443, 2175
2175, 36304
2175, 15369
2175, 15561
15025, 2176
2176, 31835
2176, 30466
21769, 2177
2177, 30835
8502, 2178
2178, 25099
13412, 2179
2179, 24020
9324, 2180
30400, 2180
20420, 2180
2180, 20734
16737, 2181
28148, 2181
2181, 33637
15820, 2182
26624, 2182
2182, 12228
12110, 2183
2183, 22859
13466, 2184
2184, 23379
36852, 2185
2185, 18449
21204, 2186
2186, 24402
10112, 2187
2187, 35676
2187, 19739
27932, 2188
34584, 2188
32685, 2188
33879, 2188
17401, 2188
16628, 2188
27025, 2188
2188, 14288
11078, 2189
21543, 2189
30713, 2189
29335, 2189
30701, 2189
26128, 2189
35868, 2189
27533, 2189
36677, 2189
13435, 2189
12693, 2189
26404, 2189
19246, 2189
10220, 2189
32753, 2189
10088, 2189
27611, 2189
28319, 2189
16545, 2189
11507, 2189
24981, 2189
23475, 2189
22156, 2189
8742, 2189
22828, 2189
26890, 2189
13677, 2189
23001, 2189
36229, 2189
22373, 2189
18596, 2189
34757, 2189
15397, 2189
36293, 2189
11206, 2189
31512, 2189
31470, 2189
11293, 2189
35484, 2189
36105, 2189
12521, 2189
16517, 2189
27100, 2189
16768, 2189
30369, 2189
22274, 2189
35548, 2189
36040, 2189
37032, 2189
10296, 2189
31496, 2189
9472, 2189
30589, 2189
12205, 2189
31929, 2189
12113, 2189
11196, 2189
34366, 2189
9085, 2189
24326, 2189
12160, 2189
32916, 2189
12495, 2189
28516, 2189
29216, 2189
36350, 2189
28397, 2189
18430, 2189
27973, 2189
11018, 2189
21215, 2189
17186, 2189
34244, 2189
11612, 2189
24677, 2189
23745, 2189
31025, 2189
15716, 2189
30549, 2189
27009, 2189
24951, 2189
12990, 2189
10858, 2189
32497, 2189
36448, 2189
26245, 2189
24758, 2189
12247, 2189
34453, 2189
31194, 2189
13164, 2189
33354, 2189
12778, 2189
21618, 2189
36614, 2189
21960, 2189
10882, 2189
19861, 2189
31309, 2189
8354, 2189
21844, 2189
21451, 2189
12473, 2189
31716, 2189
30051, 2189
11656, 2189
22755, 2189
33413, 2189
20977, 2189
19523, 2189
35199, 2189
27162, 2189
15674, 2189
29977, 2189
34658, 2189
36078, 2189
19229, 2189
21000, 2189
19548, 2189
10171, 2189
23245, 2189
33227, 2189
8501, 2189
30519, 2189
23904, 2189
16830, 2189
10595, 2189
20793, 2189
16266, 2189
17358, 2189
34315, 2189
9456, 2189
36161, 2189
26285, 2189
22377, 2189
10475, 2189
12314, 2189
22952, 2189
20544, 2189
20341, 2189
24101, 2189
20094, 2189
10083, 2189
17924, 2189
35784, 2189
23108, 2189
11235, 2189
20135, 2189
27764, 2189
19936, 2189
8919, 2189
35486, 2189
34115, 2189
22324, 2189
16907, 2189
36109, 2189
11905, 2189
26374, 2189
20911, 2189
12100, 2189
24314, 2189
30031, 2189
10278, 2189
26317, 2189
11665, 2189
31561, 2189
9748, 2189
10466, 2189
28602, 2189
9956, 2189
9393, 2189
36016, 2189
28165, 2189
18826, 2189
23221, 2189
29971, 2189
31936, 2189
35600, 2189
13661, 2189
21644, 2189
24914, 2189
13733, 2189
33612, 2189
10636, 2189
34164, 2189
12653, 2189
20904, 2189
8600, 2189
8436, 2189
37064, 2189
26664, 2189
9596, 2189
9093, 2189
11693, 2189
16354, 2189
11115, 2189
18296, 2189
31530, 2189
28718, 2189
35214, 2189
32885, 2189
31813, 2189
15215, 2189
22805, 2189
36503, 2189
21033, 2189
33335, 2189
20269, 2189
18502, 2189
22042, 2189
20442, 2189
29641, 2189
31863, 2189
9881, 2189
19573, 2189
13691, 2189
21649, 2189
10720, 2189
13190, 2189
27758, 2189
21527, 2189
24086, 2189
32033, 2189
37036, 2189
30167, 2189
23850, 2189
17282, 2189
28089, 2189
23304, 2189
25204, 2189
36917, 2189
17005, 2189
27466, 2189
19395, 2189
21003, 2189
33127, 2189
23156, 2189
13056, 2189
34740, 2189
23463, 2189
13725, 2189
27883, 2189
27250, 2189
19093, 2189
14863, 2189
8586, 2189
26818, 2189
26708, 2189
26655, 2189
13849, 2189
35224, 2189
30377, 2189
36284, 2189
12687, 2189
20382, 2189
21965, 2189
35573, 2189
29099, 2189
30926, 2189
12881, 2189
19469, 2189
8891, 2189
34071, 2189
25978, 2189
15021, 2189
36849, 2189
27521, 2189
16019, 2189
23800, 2189
29190, 2189
26024, 2189
8410, 2189
14976, 2189
36420, 2189
9575, 2189
25578, 2189
11498, 2189
29584, 2189
31314, 2189
19972, 2189
16654, 2189
17022, 2189
23345, 2189
17390, 2189
22640, 2189
21097, 2189
13996, 2189
22884, 2189
34045, 2189
20036, 2189
14668, 2189
26116, 2189
16365, 2189
18092, 2189
21910, 2189
13870, 2189
19898, 2189
16310, 2189
14590, 2189
14088, 2189
8692, 2189
11285, 2189
11282, 2189
28671, 2189
26411, 2189
36431, 2189
21535, 2189
18533, 2189
23164, 2189
13305, 2189
25607, 2189
29253, 2189
33678, 2189
22388, 2189
13321, 2189
16468, 2189
8536, 2189
36483, 2189
32012, 2189
18037, 2189
10297, 2189
13796, 2189
18846, 2189
15639, 2189
35507, 2189
9648, 2189
9972, 2189
14384, 2189
26105, 2189
17727, 2189
12584, 2189
15812, 2189
11363, 2189
21715, 2189
22713, 2189
29245, 2189
29140, 2189
14038, 2189
20809, 2189
23741, 2189
14236, 2189
20842, 2189
24240, 2189
21864, 2189
32553, 2189
31721, 2189
21688, 2189
35278, 2189
29109, 2189
34788, 2189
24241, 2189
21626, 2189
33451, 2189
15603, 2189
9213, 2189
28765, 2189
26762, 2189
11490, 2189
36171, 2189
19455, 2189
32853, 2189
15948, 2189
16363, 2189
26259, 2189
16068, 2189
18207, 2189
12871, 2189
14530, 2189
25582, 2189
20321, 2189
27084, 2189
17750, 2189
27268, 2189
29083, 2189
26150, 2189
28013, 2189
2189, 28789
32445, 2190
2190, 18662
25010, 2191
2191, 28578
21843, 2192
2192, 21070
17066, 2193
2193, 20217
11945, 2194
36061, 2194
2194, 13362
18958, 2195
2195, 18830
32886, 2196
2196, 22217
20990, 2197
17348, 2197
2197, 18253
2197, 9535
2197, 28189
2197, 31151
22115, 2198
31105, 2198
11904, 2198
8719, 2198
11535, 2198
21380, 2198
2198, 14496
2198, 21124
26134, 2199
2199, 17685
22984, 2200
2200, 19345
14887, 2201
2201, 17674
32134, 2202
32300, 2202
2202, 19753
15559, 2203
2203, 26886
2203, 25159
2203, 30887
2203, 13936
2203, 10837
2203, 32055
2203, 22147
2203, 30266
2203, 14577
2203, 36418
2203, 30412
2203, 25933
2203, 10099
2203, 36188
2203, 25244
2203, 27998
2203, 33303
2203, 34797
2203, 31633
2203, 20686
2203, 8514
2203, 9304
2203, 9794
2203, 17516
2203, 18453
2203, 30089
2203, 27310
2203, 24963
2203, 9386
2203, 31455
2203, 29811
2203, 27687
2203, 20455
2203, 15409
2203, 21834
2203, 33929
2203, 19945
2203, 32407
2203, 11493
2203, 13484
2203, 34307
2203, 12490
2203, 19826
27203, 2204
2204, 18575
10407, 2205
2205, 15111
12491, 2206
15414, 2206
28992, 2206
9086, 2206
18866, 2206
31471, 2206
27344, 2206
20669, 2206
2206, 8744
27846, 2207
2207, 12690
32178, 2208
9548, 2208
22771, 2208
31773, 2208
18308, 2208
30764, 2208
8657, 2208
2208, 23399
2208, 27160
2208, 36124
2208, 29649
2208, 24639
2208, 14966
2208, 14856
2208, 26430
30669, 2209
28645, 2209
2209, 8945
2209, 18074
27042, 2210
2210, 22994
8414, 2211
2211, 33637
17083, 2212
2212, 32239
30185, 2213
2213, 9162
22933, 2214
2214, 32372
22764, 2215
28845, 2215
15080, 2215
11299, 2215
8403, 2215
27183, 2215
22023, 2215
24266, 2215
22409, 2215
2215, 33170
9912, 2216
17990, 2216
2216, 9341
9430, 2217
2217, 29968
2217, 30295
13219, 2218
2218, 15572
36933, 2219
2219, 23273
36744, 2220
2220, 27632
28914, 2221
2221, 9071
14391, 2222
2222, 17769
2222, 17451
2222, 24808
32918, 2223
2223, 8425
13026, 2224
2224, 18662
35393, 2225
2225, 33464
14260, 2226
2226, 17533
15068, 2227
25909, 2227
2227, 21343
2227, 32027
2227, 36144
24676, 2228
2228, 24122
19083, 2229
2229, 14713
15743, 2230
2230, 36434
18212, 2231
19690, 2231
13897, 2231
2231, 22468
2231, 26833
2231, 36630
2231, 35982
10024, 2232
22779, 2232
2232, 15455
2232, 34103
34122, 2233
2233, 33637
29108, 2234
2234, 13276
2234, 33750
24170, 2235
2235, 10793
33807, 2236
2236, 10054
28037, 2237
10791, 2237
17629, 2237
30428, 2237
31328, 2237
2237, 18771
2237, 21661
2237, 36385
2237, 17077
2237, 32486
2237, 13750
32181, 2238
2238, 9467
2238, 32273
32286, 2239
2239, 13036
31787, 2240
26449, 2240
2240, 35102
25413, 2241
2241, 12304
2241, 32447
11272, 2242
28281, 2242
35134, 2242
2242, 22010
2242, 9642
2242, 9486
2242, 9827
15486, 2243
2243, 11756
28068, 2244
20008, 2244
32941, 2244
24127, 2244
25923, 2244
2244, 29743
28799, 2245
2245, 10656
20092, 2246
2246, 34371
28964, 2247
2247, 8384
33099, 2248
2248, 16116
23414, 2249
16230, 2249
2249, 24635
29548, 2250
2250, 8483
32932, 2251
2251, 28758
21231, 2252
2252, 28833
30423, 2253
2253, 26097
2253, 18619
2253, 17294
2253, 23867
13434, 2254
8502, 2254
10496, 2254
2254, 25099
24715, 2255
2255, 16637
24819, 2256
2256, 24742
28627, 2257
2257, 28754
2257, 34985
2257, 10717
2257, 22846
20221, 2258
2258, 34200
2258, 33602
2258, 33904
21253, 2259
2259, 8809
23277, 2260
2260, 26354
2260, 24201
23974, 2261
2261, 33637
14855, 2262
2262, 16611
35572, 2263
23133, 2263
20445, 2263
2263, 26533
24506, 2264
18833, 2264
23758, 2264
19754, 2264
2264, 27933
29531, 2265
2265, 12524
12629, 2266
2266, 19428
2266, 12523
35345, 2267
2267, 15280
30754, 2268
12988, 2268
18662, 2268
2268, 33855
33829, 2269
2269, 34758
36843, 2270
2270, 34342
2270, 15369
24064, 2271
2271, 36214
31835, 2272
2272, 24476
15681, 2273
2273, 11534
17200, 2274
2274, 18709
29268, 2275
2275, 28791
31190, 2276
2276, 31871
21253, 2277
2277, 14677
18662, 2278
2278, 32451
30770, 2279
23785, 2279
17445, 2279
26932, 2279
14230, 2279
20345, 2279
11598, 2279
24243, 2279
2279, 13093
2279, 11873
26367, 2280
31186, 2280
26574, 2280
15226, 2280
35440, 2280
20689, 2280
11197, 2280
20270, 2280
34296, 2280
16995, 2280
18118, 2280
25631, 2280
23074, 2280
21195, 2280
11654, 2280
31160, 2280
28158, 2280
18636, 2280
31426, 2280
9852, 2280
16905, 2280
31781, 2280
36795, 2280
17592, 2280
14024, 2280
21921, 2280
36880, 2280
32075, 2280
20145, 2280
34178, 2280
20061, 2280
19834, 2280
33275, 2280
31608, 2280
33766, 2280
18018, 2280
32084, 2280
16607, 2280
28367, 2280
34641, 2280
27606, 2280
34617, 2280
13431, 2280
22940, 2280
34426, 2280
23458, 2280
13205, 2280
30515, 2280
19450, 2280
19039, 2280
11757, 2280
19103, 2280
19119, 2280
19667, 2280
12777, 2280
33673, 2280
2280, 18704
17608, 2281
2281, 25446
8728, 2282
2282, 33668
27753, 2283
2283, 16550
21253, 2284
2284, 10772
35571, 2285
2285, 24680
21253, 2286
2286, 33499
22032, 2287
2287, 25099
30180, 2288
10308, 2288
2288, 30486
17736, 2289
26382, 2289
23730, 2289
2289, 17533
23663, 2290
2290, 31645
31589, 2291
2291, 35566
11720, 2292
2292, 23281
2292, 16939
36921, 2293
33463, 2293
2293, 29772
20804, 2294
28910, 2294
2294, 24534
21859, 2295
2295, 14313
36180, 2296
2296, 35661
17794, 2297
2297, 18662
30098, 2298
2298, 28846
33151, 2299
2299, 36060
14660, 2300
2300, 16580
2300, 15704
2300, 19055
30459, 2301
2301, 15209
24138, 2302
2302, 18662
20647, 2303
30189, 2303
27967, 2303
25244, 2303
28092, 2303
17533, 2303
21576, 2303
29793, 2303
9786, 2303
19702, 2303
26284, 2303
9636, 2303
9309, 2303
27667, 2303
28782, 2303
19945, 2303
2303, 12995
2303, 20531
2303, 29293
2303, 36512
2303, 11700
2303, 20369
2303, 29028
2303, 10780
2303, 24536
2303, 27296
2303, 9764
2303, 23550
2303, 30667
2303, 32081
2303, 13578
2303, 25985
2303, 21627
2303, 16063
24624, 2304
2304, 15370
2304, 35932
30932, 2305
2305, 29117
2305, 26431
2305, 9850
25617, 2306
2306, 13527
11048, 2307
2307, 34257
21253, 2308
2308, 23099
33013, 2309
2309, 25099
26029, 2310
2310, 16912
11087, 2311
11256, 2311
2311, 33281
35346, 2312
2312, 13897
26680, 2313
22314, 2313
23544, 2313
25764, 2313
33353, 2313
2313, 16142
21253, 2314
2314, 21871
19931, 2315
2315, 26856
12603, 2316
2316, 35972
12029, 2317
24349, 2317
2317, 28491
2317, 36587
23374, 2318
2318, 29232
27463, 2319
2319, 35313
26689, 2320
16232, 2320
2320, 11401
2320, 27495
2320, 33675
21253, 2321
2321, 14823
22355, 2322
22748, 2322
2322, 36587
20198, 2323
2323, 36049
29210, 2324
2324, 36398
11143, 2325
2325, 22511
19142, 2326
2326, 19595
27847, 2327
2327, 21761
24082, 2328
2328, 11082
2328, 20835
33964, 2329
2329, 26273
36942, 2330
2330, 17003
27318, 2331
15995, 2331
26691, 2331
15464, 2331
28443, 2331
11307, 2331
13893, 2331
23861, 2331
16260, 2331
17810, 2331
18514, 2331
24574, 2331
36529, 2331
25054, 2331
18045, 2331
19631, 2331
10305, 2331
17623, 2331
2331, 13651
26825, 2332
2332, 22474
9587, 2333
2333, 9763
2333, 36129
10390, 2334
2334, 16643
35231, 2335
2335, 18842
28281, 2336
26005, 2336
2336, 10801
2336, 11086
2336, 19051
30434, 2337
15659, 2337
14152, 2337
28242, 2337
2337, 22230
11313, 2338
2338, 31846
33420, 2339
2339, 15087
14964, 2340
2340, 31817
2340, 24288
2340, 34102
24099, 2341
11568, 2341
2341, 19014
24734, 2342
2342, 32871
29056, 2343
2343, 17533
13324, 2344
2344, 8674
23070, 2345
2345, 16059
2345, 28450
8959, 2346
2346, 18404
2346, 18455
2346, 34524
2346, 10061
28281, 2347
16236, 2347
33278, 2347
21908, 2347
2347, 10988
2347, 34225
2347, 19208
2347, 16449
2347, 24818
10407, 2348
15553, 2348
2348, 15111
9819, 2349
2349, 16340
26646, 2350
2350, 22449
2350, 32678
2350, 14770
25161, 2351
2351, 28281
23468, 2352
2352, 20953
16985, 2353
2353, 18491
2353, 13508
2353, 27825
23282, 2354
2354, 10507
2354, 14343
2354, 8660
15482, 2355
2355, 13732
30452, 2356
2356, 11308
29199, 2357
2357, 33057
21846, 2358
2358, 25889
12454, 2359
2359, 8483
33491, 2360
2360, 14233
8578, 2361
15721, 2361
2361, 10656
15043, 2362
2362, 29911
24315, 2363
2363, 30545
8944, 2364
2364, 27152
34850, 2365
2365, 10816
29446, 2366
12351, 2366
2366, 8425
31816, 2367
2367, 24927
2367, 24580
8361, 2368
2368, 35979
9823, 2369
25060, 2369
2369, 29027
31752, 2370
2370, 32047
25262, 2371
2371, 9392
34320, 2372
2372, 26980
21189, 2373
2373, 17533
10491, 2374
34073, 2374
34424, 2374
10681, 2374
11166, 2374
17569, 2374
30581, 2374
2374, 9267
2374, 35884
2374, 22619
33053, 2375
27890, 2375
2375, 27632
20971, 2376
2376, 18528
11641, 2377
2377, 27760
35933, 2378
23342, 2378
2378, 10669
22278, 2379
2379, 13480
2379, 36186
31720, 2380
2380, 17629
21253, 2381
2381, 11990
8856, 2382
2382, 29915
14759, 2383
15724, 2383
11177, 2383
2383, 27956
21707, 2384
35680, 2384
2384, 36572
11873, 2385
32579, 2385
24402, 2385
2385, 23810
2385, 22115
2385, 33605
2385, 15633
33057, 2386
33637, 2386
35336, 2386
2386, 32160
2386, 32150
2386, 26786
2386, 28976
30954, 2387
2387, 24680
2387, 8585
2387, 17258
2387, 35140
37006, 2388
2388, 8456
19402, 2389
20340, 2389
2389, 9070
26978, 2390
2390, 35083
9101, 2391
2391, 15252
2391, 10395
2391, 29671
34910, 2392
16416, 2392
9305, 2392
2392, 17297
17956, 2393
2393, 21588
34488, 2394
2394, 12229
34606, 2395
2395, 29183
32551, 2396
2396, 18907
31516, 2397
2397, 36405
28588, 2398
2398, 17674
33176, 2399
2399, 20841
23984, 2400
2400, 17500
17581, 2401
2401, 27542
2401, 18662
30811, 2402
27771, 2402
2402, 25533
24696, 2403
2403, 24635
32019, 2404
2404, 29030
31538, 2405
2405, 28144
27303, 2406
31534, 2406
12932, 2406
10590, 2406
35672, 2406
11305, 2406
2406, 19098
20333, 2407
2407, 9403
33498, 2408
2408, 30411
2408, 19601
8641, 2409
2409, 35148
23239, 2410
2410, 9654
29781, 2411
30967, 2411
2411, 14212
21858, 2412
2412, 17723
17555, 2413
2413, 30918
23563, 2414
2414, 16001
16142, 2415
32744, 2415
19595, 2415
9817, 2415
29431, 2415
33637, 2415
2415, 34756
2415, 28266
2415, 29726
2415, 8701
2415, 21791
2415, 32815
2415, 17139
21489, 2416
11604, 2416
29891, 2416
2416, 18709
2416, 22560
2416, 33362
21095, 2417
2417, 28680
10407, 2418
36776, 2418
2418, 27760
2418, 15111
9364, 2419
2419, 29990
2419, 35458
2419, 16247
10270, 2420
2420, 15546
29457, 2421
2421, 18662
22182, 2422
9381, 2422
24220, 2422
12373, 2422
2422, 28621
11692, 2423
2423, 17674
20973, 2424
2424, 35078
25087, 2425
2425, 33339
2425, 18382
18048, 2426
2426, 9287
10689, 2427
2427, 21508
10537, 2428
19521, 2428
2428, 31946
21939, 2429
21755, 2429
22427, 2429
26302, 2429
34877, 2429
12787, 2429
14615, 2429
32147, 2429
21143, 2429
25833, 2429
22622, 2429
29355, 2429
23929, 2429
35287, 2429
14191, 2429
30924, 2429
16635, 2429
26356, 2429
29937, 2429
14437, 2429
20495, 2429
30653, 2429
29409, 2429
12656, 2429
9254, 2429
26434, 2429
10870, 2429
33841, 2429
36190, 2429
26361, 2429
29729, 2429
9950, 2429
21313, 2429
36944, 2429
13694, 2429
30844, 2429
31195, 2429
30872, 2429
29578, 2429
25640, 2429
23416, 2429
16195, 2429
22916, 2429
28532, 2429
32730, 2429
17646, 2429
37057, 2429
23825, 2429
32819, 2429
22653, 2429
25336, 2429
23805, 2429
19816, 2429
27685, 2429
34043, 2429
10593, 2429
32112, 2429
29969, 2429
35718, 2429
11924, 2429
31168, 2429
23019, 2429
10245, 2429
29933, 2429
10089, 2429
13595, 2429
15983, 2429
12594, 2429
27058, 2429
27920, 2429
32737, 2429
24789, 2429
14388, 2429
8894, 2429
29419, 2429
33919, 2429
28737, 2429
28036, 2429
22250, 2429
16312, 2429
25067, 2429
33103, 2429
31113, 2429
20236, 2429
26417, 2429
9966, 2429
30471, 2429
21589, 2429
27623, 2429
36736, 2429
31605, 2429
32068, 2429
9595, 2429
31637, 2429
27001, 2429
16568, 2429
35501, 2429
36389, 2429
28596, 2429
22453, 2429
17123, 2429
15618, 2429
31051, 2429
31317, 2429
15202, 2429
13358, 2429
8752, 2429
18813, 2429
19078, 2429
28457, 2429
34449, 2429
22615, 2429
35392, 2429
15832, 2429
22499, 2429
26349, 2429
35724, 2429
36143, 2429
23703, 2429
29515, 2429
2429, 33325
11088, 2430
2430, 20826
37028, 2431
34886, 2431
22226, 2431
32791, 2431
8377, 2431
2431, 30655
2431, 11133
2431, 12510
2431, 18823
2431, 10886
2431, 30300
24105, 2432
2432, 28578
15613, 2433
19701, 2433
21278, 2433
23525, 2433
24002, 2433
36732, 2433
26135, 2433
2433, 28184
23576, 2434
34404, 2434
2434, 22133
11100, 2435
2435, 26862
32852, 2436
2436, 14360
2436, 10366
2436, 32972
2436, 34780
2436, 12074
2436, 23246
2436, 12944
2436, 14379
2436, 28205
2436, 16963
2436, 17460
2436, 16549
2436, 36773
2436, 31748
2436, 35542
2436, 12183
2436, 27904
2436, 12142
2436, 33006
2436, 19911
2436, 27919
2436, 17039
2436, 11638
2436, 25637
2436, 29106
2436, 32894
2436, 11442
2436, 15725
2436, 34588
2436, 11675
2436, 13864
2436, 16664
2436, 26641
2436, 14243
2436, 12283
2436, 12858
2436, 26554
2436, 18298
2436, 34333
2436, 15661
2436, 17062
2436, 10238
2436, 23324
2436, 8882
2436, 29347
2436, 11384
2436, 21225
2436, 27888
2436, 9008
2436, 28241
2436, 24087
2436, 12470
2436, 19392
2436, 11546
11725, 2437
2437, 14851
30754, 2438
35022, 2438
12988, 2438
18662, 2438
2438, 33855
30043, 2439
28281, 2439
33970, 2439
2439, 34124
2439, 23518
2439, 24194
2439, 20663
12835, 2440
2440, 16340
26033, 2441
2441, 18449
11425, 2442
16494, 2442
20030, 2442
2442, 35014
18997, 2443
2443, 35661
31476, 2444
36486, 2444
2444, 21386
14319, 2445
21196, 2445
11976, 2445
33535, 2445
12604, 2445
14826, 2445
13668, 2445
11951, 2445
21682, 2445
2445, 17674
15248, 2446
2446, 13732
34921, 2447
2447, 25028
26168, 2448
2448, 14008
32720, 2449
2449, 14738
2449, 21974
11796, 2450
2450, 16232
10244, 2451
9451, 2451
2451, 31854
16331, 2452
31991, 2452
16473, 2452
11955, 2452
2452, 27224
28816, 2453
2453, 26522
19374, 2454
2454, 8425
8525, 2455
2455, 18662
12993, 2456
2456, 33581
28470, 2457
2457, 11918
29327, 2458
2458, 9795
19383, 2459
2459, 22779
34516, 2460
30211, 2460
2460, 13732
13499, 2461
2461, 16142
28412, 2462
18709, 2462
32615, 2462
2462, 29786
2462, 14376
2462, 33165
2462, 37071
25565, 2463
2463, 25982
2463, 25464
26124, 2464
2464, 36517
13787, 2465
2465, 24503
34974, 2466
16987, 2466
15974, 2466
14067, 2466
2466, 18449
22856, 2467
2467, 33463
2467, 23759
26937, 2468
11284, 2468
2468, 23371
19344, 2469
2469, 24465
35909, 2470
28305, 2470
11865, 2470
21522, 2470
34784, 2470
2470, 9939
2470, 31009
2470, 10556
2470, 13491
2470, 29724
29344, 2471
2471, 29431
14027, 2472
2472, 33578
14043, 2473
2473, 21363
13549, 2474
2474, 28912
17386, 2475
2475, 17581
32049, 2476
2476, 35277
2476, 10393
10814, 2477
19805, 2477
2477, 28758
11426, 2478
16750, 2478
2478, 33281
32852, 2479
2479, 22497
2479, 29323
2479, 14692
2479, 31304
2479, 22107
2479, 26766
2479, 23977
2479, 11886
2479, 24995
2479, 30342
2479, 16065
2479, 9908
2479, 18204
2479, 27520
2479, 20393
2479, 33992
2479, 12544
2479, 20413
2479, 22268
2479, 14570
2479, 8670
2479, 22005
2479, 10070
2479, 36395
2479, 13068
2479, 19167
2479, 32294
2479, 18482
2479, 29808
2479, 35946
2479, 8593
2479, 21092
2479, 11669
2479, 11200
2479, 16298
2479, 18784
2479, 25759
2479, 14862
2479, 36606
2479, 17246
2479, 35663
2479, 24809
2479, 24631
2479, 14177
2479, 16275
2479, 15973
2479, 18911
2479, 16630
33457, 2480
2480, 13732
28508, 2481
2481, 29955
2481, 13198
30992, 2482
26599, 2482
2482, 29803
13185, 2483
2483, 16039
2483, 32936
11160, 2484
2484, 14499
19549, 2485
2485, 17674
25394, 2486
10378, 2486
17466, 2486
27434, 2486
20965, 2486
35241, 2486
34607, 2486
30478, 2486
28840, 2486
2486, 24473
33246, 2487
24615, 2487
11854, 2487
2487, 30384
25385, 2488
2488, 36587
29809, 2489
2489, 34403
12733, 2490
2490, 17630
36689, 2491
18411, 2491
2491, 36047
9788, 2492
2492, 9402
12492, 2493
2493, 9967
10941, 2494
2494, 14040
33420, 2495
2495, 29912
33019, 2496
2496, 33596
32085, 2497
24893, 2497
35659, 2497
2497, 33637
12563, 2498
2498, 34948
10598, 2499
2499, 12711
15333, 2500
22347, 2500
2500, 17533
8915, 2501
36868, 2501
2501, 16622
8790, 2502
2502, 36209
17663, 2503
11316, 2503
32869, 2503
21852, 2503
22083, 2503
32027, 2503
15419, 2503
28725, 2503
19003, 2503
22912, 2503
29595, 2503
14463, 2503
36080, 2503
22917, 2503
26043, 2503
21398, 2503
10765, 2503
26320, 2503
15111, 2503
24481, 2503
17420, 2503
14721, 2503
34034, 2503
16944, 2503
34125, 2503
16215, 2503
19845, 2503
34108, 2503
17734, 2503
14838, 2503
27625, 2503
36027, 2503
28723, 2503
15732, 2503
16318, 2503
19351, 2503
11496, 2503
12887, 2503
15341, 2503
22726, 2503
27563, 2503
31061, 2503
21205, 2503
36508, 2503
25317, 2503
29978, 2503
10437, 2503
34667, 2503
32747, 2503
23892, 2503
18266, 2503
31169, 2503
22937, 2503
20691, 2503
33167, 2503
27048, 2503
15884, 2503
13331, 2503
23275, 2503
31156, 2503
36703, 2503
11615, 2503
22922, 2503
20998, 2503
20853, 2503
20857, 2503
18492, 2503
17835, 2503
23126, 2503
22743, 2503
30643, 2503
35995, 2503
27188, 2503
9661, 2503
27417, 2503
11222, 2503
29543, 2503
35966, 2503
36324, 2503
14222, 2503
18279, 2503
29359, 2503
32037, 2503
17848, 2503
13734, 2503
20298, 2503
32594, 2503
25480, 2503
11952, 2503
30258, 2503
15426, 2503
24465, 2503
25972, 2503
11570, 2503
16144, 2503
32249, 2503
36611, 2503
8421, 2503
16433, 2503
36520, 2503
19511, 2503
13660, 2503
21447, 2503
28064, 2503
32348, 2503
8736, 2503
18531, 2503
23273, 2503
14240, 2503
16384, 2503
36242, 2503
15561, 2503
36144, 2503
17479, 2503
9707, 2503
31404, 2503
25347, 2503
30806, 2503
16917, 2503
27242, 2503
14667, 2503
27163, 2503
33339, 2503
21497, 2503
19970, 2503
16595, 2503
11801, 2503
12611, 2503
12111, 2503
25198, 2503
24882, 2503
33021, 2503
16835, 2503
16206, 2503
14301, 2503
13161, 2503
34496, 2503
33875, 2503
33273, 2503
24067, 2503
30184, 2503
26927, 2503
18382, 2503
18394, 2503
31746, 2503
26837, 2503
12826, 2503
34275, 2503
15764, 2503
2503, 23788
21253, 2504
2504, 33661
20799, 2505
35763, 2505
2505, 35661
35100, 2506
28437, 2506
24968, 2506
12843, 2506
9102, 2506
2506, 22779
2506, 34108
2506, 11615
32905, 2507
2507, 13233
22736, 2508
2508, 16932
22449, 2509
20826, 2509
2509, 27711
11185, 2510
17018, 2510
2510, 25621
34382, 2511
32172, 2511
12882, 2511
22039, 2511
2511, 36587
17320, 2512
10407, 2512
2512, 20156
2512, 15111
27147, 2513
2513, 19915
9566, 2514
2514, 22473
36111, 2515
2515, 24779
21405, 2516
30131, 2516
28097, 2516
2516, 17674
24671, 2517
2517, 20722
2517, 11325
30887, 2518
21920, 2518
16814, 2518
35371, 2518
10588, 2518
30500, 2518
21285, 2518
16232, 2518
17550, 2518
25994, 2518
21124, 2518
2518, 34930
2518, 35057
2518, 36623
2518, 21415
2518, 13271
2518, 31649
2518, 16500
2518, 23477
2518, 10987
2518, 23509
2518, 26039
2518, 23219
20773, 2519
2519, 27202
16490, 2520
2520, 32701
8959, 2521
2521, 27067
2521, 12900
36163, 2522
33432, 2522
2522, 20748
13940, 2523
15275, 2523
20549, 2523
2523, 23811
22759, 2524
2524, 28578
18978, 2525
2525, 17533
27584, 2526
2526, 19188
22983, 2527
17330, 2527
24233, 2527
14640, 2527
29306, 2527
13372, 2527
23077, 2527
19965, 2527
20597, 2527
34084, 2527
18192, 2527
2527, 30201
13548, 2528
2528, 12402
23450, 2529
2529, 10429
16340, 2530
12711, 2530
17644, 2530
24473, 2530
27397, 2530
24333, 2530
12917, 2530
18184, 2530
2530, 24759
2530, 20644
2530, 29655
2530, 10796
2530, 32903
2530, 15212
2530, 9902
2530, 34958
2530, 10020
25437, 2531
2531, 13301
32000, 2532
2532, 10158
36335, 2533
2533, 9822
17674, 2534
16207, 2534
20872, 2534
36561, 2534
16932, 2534
2534, 15530
2534, 12651
2534, 27366
2534, 31555
2534, 12061
2534, 11849
18877, 2535
2535, 20062
2535, 32037
9639, 2536
2536, 33291
28498, 2537
30890, 2537
28772, 2537
12725, 2537
14315, 2537
10033, 2537
17527, 2537
19710, 2537
21229, 2537
9445, 2537
25100, 2537
36954, 2537
33045, 2537
2537, 21392
10122, 2538
2538, 33281
28204, 2539
12151, 2539
13484, 2539
2539, 33244
2539, 37021
2539, 31879
2539, 23320
31720, 2540
2540, 17629
26008, 2541
2541, 25008
15466, 2542
2542, 13732
12110, 2543
2543, 28987
11311, 2544
24041, 2544
12657, 2544
15968, 2544
22928, 2544
11039, 2544
15018, 2544
2544, 9730
2544, 30287
2544, 15824
23682, 2545
2545, 16142
23008, 2546
2546, 17533
12110, 2547
2547, 10473
18145, 2548
2548, 15701
19594, 2549
2549, 18662
23659, 2550
2550, 21336
2550, 18808
22134, 2551
2551, 10515
21812, 2552
2552, 16932
35318, 2553
2553, 16142
9349, 2554
27128, 2554
2554, 23371
14285, 2555
2555, 10409
15159, 2556
2556, 31390
18462, 2557
2557, 9702
36602, 2558
2558, 12820
17705, 2559
15580, 2559
2559, 21570
36867, 2560
20672, 2560
30304, 2560
2560, 17451
2560, 19917
31371, 2561
2561, 11942
13959, 2562
2562, 36115
2562, 25099
32806, 2563
2563, 30790
31752, 2564
2564, 15526
35934, 2565
2565, 21298
2565, 16150
19994, 2566
32419, 2566
2566, 9947
21345, 2567
2567, 17420
30877, 2568
2568, 25099
35488, 2569
2569, 8640
2569, 8916
2569, 33288
2569, 13895
36834, 2570
2570, 33283
32995, 2571
26324, 2571
2571, 10453
2571, 28717
2571, 12659
31696, 2572
2572, 13037
2572, 21324
2572, 20273
36525, 2573
2573, 22744
16842, 2574
2574, 22737
19491, 2575
2575, 36515
23863, 2576
2576, 37051
30021, 2577
19148, 2577
35040, 2577
9761, 2577
15619, 2577
19309, 2577
26904, 2577
2577, 22217
14670, 2578
2578, 15799
16466, 2579
26290, 2579
2579, 29359
2579, 11952
2579, 15426
34688, 2580
2580, 33246
2580, 33463
35626, 2581
2581, 24377
18091, 2582
2582, 13021
15161, 2583
25780, 2583
11296, 2583
11419, 2583
36123, 2583
32007, 2583
29370, 2583
32188, 2583
27324, 2583
12886, 2583
20777, 2583
33637, 2583
25559, 2583
2583, 30294
2583, 17876
2583, 31777
2583, 28345
2583, 34026
2583, 30981
2583, 10738
2583, 21300
2583, 17391
2583, 35830
2583, 30951
2583, 14357
2583, 16760
2583, 19654
22346, 2584
2584, 13303
12270, 2585
2585, 18808
19832, 2586
33591, 2586
33461, 2586
16702, 2586
9153, 2586
33928, 2586
9010, 2586
26581, 2586
8728, 2586
34140, 2586
14444, 2586
35680, 2586
20288, 2586
2586, 16043
21253, 2587
2587, 33637
35110, 2588
2588, 21987
28603, 2589
2589, 26862
11541, 2590
2590, 9310
2590, 26170
28380, 2591
2591, 16455
2591, 15967
10826, 2592
2592, 23371
18496, 2593
21363, 2593
2593, 14359
9257, 2594
2594, 36777
34951, 2595
27998, 2595
8820, 2595
33159, 2595
15572, 2595
11174, 2595
25540, 2595
2595, 19760
2595, 21012
2595, 30410
2595, 27169
2595, 27196
2595, 18690
2595, 31794
2595, 10010
31375, 2596
2596, 28950
9830, 2597
2597, 21616
25719, 2598
2598, 35061
12376, 2599
28281, 2599
20762, 2599
14124, 2599
16663, 2599
2599, 27227
2599, 25790
2599, 20129
2599, 24480
2599, 24083
2599, 35138
32518, 2600
2600, 12927
10594, 2601
35255, 2601
2601, 10302
27641, 2602
25679, 2602
2602, 11273
27203, 2603
2603, 23119
2603, 28849
2603, 33377
20525, 2604
2604, 36844
30499, 2605
2605, 28127
2605, 25099
22863, 2606
18035, 2606
2606, 32419
24342, 2607
2607, 24680
2607, 28916
12590, 2608
2608, 32837
9151, 2609
2609, 26368
35820, 2610
2610, 12255
2610, 22129
2610, 26994
2610, 8523
2610, 8437
28696, 2611
16380, 2611
2611, 28758
22586, 2612
14823, 2612
32761, 2612
17815, 2612
35661, 2612
13651, 2612
25932, 2612
2612, 8439
2612, 25941
2612, 33121
2612, 11020
2612, 36851
2612, 17800
2612, 9550
2612, 30429
10014, 2613
19917, 2613
2613, 34386
15424, 2614
2614, 25655
2614, 21310
9305, 2615
2615, 10724
23482, 2616
2616, 10158
20271, 2617
2617, 24635
24424, 2618
2618, 35567
2618, 12906
13962, 2619
2619, 26989
27013, 2620
2620, 21173
32568, 2621
2621, 20062
2621, 24288
18032, 2622
35680, 2622
2622, 11277
13998, 2623
23114, 2623
2623, 31557
2623, 14257
31719, 2624
2624, 13941
8383, 2625
17201, 2625
33368, 2625
11766, 2625
21773, 2625
29518, 2625
23991, 2625
16773, 2625
27740, 2625
24147, 2625
10957, 2625
20845, 2625
33460, 2625
36523, 2625
31044, 2625
2625, 32960
9729, 2626
2626, 26236
12123, 2627
2627, 30081
10771, 2628
17526, 2628
2628, 28904
19916, 2629
36471, 2629
16638, 2629
12151, 2629
2629, 11728
2629, 13098
2629, 23572
2629, 15649
2629, 25436
26569, 2630
2630, 17026
31340, 2631
2631, 15572
30753, 2632
2632, 14610
12569, 2633
2633, 17533
33925, 2634
2634, 32674
2634, 20824
2634, 15377
2634, 20649
34042, 2635
23679, 2635
35315, 2635
11364, 2635
32951, 2635
30837, 2635
34521, 2635
16761, 2635
34112, 2635
11085, 2635
30439, 2635
23032, 2635
27828, 2635
18583, 2635
30777, 2635
2635, 29708
30315, 2636
2636, 14541
25010, 2637
2637, 11038
9324, 2638
35352, 2638
2638, 20734
33506, 2639
2639, 19725
36321, 2640
2640, 23006
31941, 2641
2641, 31165
17353, 2642
2642, 23371
11565, 2643
12650, 2643
2643, 36639
11600, 2644
2644, 21914
30813, 2645
2645, 25501
15807, 2646
2646, 26189
2646, 32067
16359, 2647
2647, 20899
19873, 2648
2648, 35680
25095, 2649
2649, 11841
19382, 2650
2650, 14839
32976, 2651
2651, 10107
9234, 2652
26354, 2652
2652, 22614
20239, 2653
2653, 16361
18577, 2654
26772, 2654
2654, 19001
8385, 2655
31009, 2655
36123, 2655
16922, 2655
36047, 2655
28782, 2655
16608, 2655
12258, 2655
16388, 2655
2655, 16964
2655, 22961
2655, 21455
2655, 18993
2655, 17156
2655, 16332
2655, 36926
2655, 35867
2655, 24200
2655, 11221
2655, 31680
21286, 2656
2656, 21061
2656, 12087
21253, 2657
2657, 9313
19537, 2658
2658, 15572
24060, 2659
2659, 36331
30710, 2660
2660, 23371
36408, 2661
29285, 2661
2661, 33637
11532, 2662
2662, 31248
22095, 2663
2663, 25877
12066, 2664
2664, 34556
2664, 26535
2664, 26485
32509, 2665
2665, 17437
13215, 2666
2666, 11318
34507, 2667
2667, 35472
32141, 2668
2668, 29023
24189, 2669
2669, 13303
28340, 2670
2670, 30544
2670, 9771
2670, 25258
11737, 2671
30089, 2671
14824, 2671
2671, 36643
2671, 32665
2671, 8555
2671, 18542
25118, 2672
2672, 22779
2672, 28558
20117, 2673
2673, 21487
20636, 2674
2674, 9843
2674, 29869
18662, 2675
2675, 28456
20086, 2676
2676, 18662
14394, 2677
11273, 2677
32382, 2677
9070, 2677
13750, 2677
2677, 20673
2677, 9919
2677, 12253
2677, 28263
2677, 31174
2677, 35502
2677, 8781
31752, 2678
2678, 30688
15408, 2679
18789, 2679
2679, 17040
2679, 11547
2679, 21488
26157, 2680
2680, 36225
2680, 27355
35060, 2681
2681, 18662
33126, 2682
2682, 18842
12675, 2683
34513, 2683
32371, 2683
16456, 2683
25202, 2683
19819, 2683
28576, 2683
32013, 2683
11388, 2683
10760, 2683
18087, 2683
30424, 2683
25418, 2683
28823, 2683
27437, 2683
2683, 9044
9430, 2684
2684, 31610
30754, 2685
2685, 30512
2685, 18662
28710, 2686
2686, 34512
12945, 2687
2687, 25995
28677, 2688
2688, 27632
17382, 2689
2689, 12523
33836, 2690
2690, 30536
2690, 21230
12612, 2691
2691, 30053
28756, 2692
17035, 2692
2692, 13463
17082, 2693
2693, 25037
22614, 2694
2694, 31969
35681, 2695
2695, 16142
13965, 2696
2696, 12274
10530, 2697
2697, 13513
14382, 2698
20856, 2698
2698, 10221
35176, 2699
2699, 20848
2699, 19165
9524, 2700
2700, 21316
30157, 2701
18019, 2701
17629, 2701
20936, 2701
26763, 2701
22334, 2701
34446, 2701
18842, 2701
26966, 2701
2701, 11890
2701, 9338
2701, 33512
2701, 33258
2701, 13927
2701, 15070
2701, 26699
2701, 8529
2701, 11080
2701, 15415
18899, 2702
2702, 33281
12323, 2703
2703, 18449
20771, 2704
2704, 25650
34400, 2705
36563, 2705
13879, 2705
29892, 2705
31161, 2705
36416, 2705
2705, 13513
14258, 2706
2706, 20840
33880, 2707
2707, 28281
23868, 2708
2708, 33637
22127, 2709
2709, 12927
21253, 2710
2710, 15989
29806, 2711
2711, 8718
21253, 2712
2712, 24788
15389, 2713
2713, 23848
2713, 18705
2713, 20921
11236, 2714
25581, 2714
2714, 16701
36639, 2715
27950, 2715
2715, 28402
25613, 2716
2716, 31877
9747, 2717
2717, 21291
18767, 2718
2718, 35811
13108, 2719
2719, 20062
32860, 2720
2720, 28281
34631, 2721
2721, 13303
9561, 2722
2722, 30980
2722, 17973
2722, 35093
2722, 8384
9822, 2723
14227, 2723
35908, 2723
24932, 2723
13456, 2723
34364, 2723
8433, 2723
27374, 2723
31925, 2723
22525, 2723
24680, 2723
19232, 2723
36984, 2723
11238, 2723
15952, 2723
21336, 2723
10120, 2723
12273, 2723
14026, 2723
14499, 2723
25388, 2723
32372, 2723
22251, 2723
18041, 2723
31870, 2723
20062, 2723
31705, 2723
8406, 2723
19283, 2723
21615, 2723
35802, 2723
27893, 2723
24235, 2723
20027, 2723
10845, 2723
9276, 2723
18808, 2723
30980, 2723
26255, 2723
17451, 2723
10659, 2723
11060, 2723
35728, 2723
16039, 2723
23099, 2723
24503, 2723
9910, 2723
15525, 2723
34078, 2723
9392, 2723
19959, 2723
31413, 2723
16444, 2723
21801, 2723
13045, 2723
26236, 2723
23914, 2723
29280, 2723
25877, 2723
11984, 2723
19700, 2723
12632, 2723
30426, 2723
15190, 2723
15123, 2723
26953, 2723
17655, 2723
29930, 2723
17526, 2723
10150, 2723
20826, 2723
33652, 2723
31846, 2723
9111, 2723
10683, 2723
36841, 2723
27578, 2723
17773, 2723
15424, 2723
20804, 2723
25239, 2723
16009, 2723
30544, 2723
12754, 2723
34941, 2723
9011, 2723
14569, 2723
36998, 2723
26862, 2723
9839, 2723
20532, 2723
24160, 2723
15013, 2723
14713, 2723
29799, 2723
29911, 2723
9759, 2723
26112, 2723
9563, 2723
22231, 2723
25154, 2723
24927, 2723
24526, 2723
33744, 2723
34972, 2723
26980, 2723
21838, 2723
31896, 2723
36304, 2723
20474, 2723
12690, 2723
21707, 2723
27754, 2723
29046, 2723
27355, 2723
30757, 2723
18979, 2723
27385, 2723
11872, 2723
22906, 2723
10107, 2723
17764, 2723
31993, 2723
15507, 2723
28458, 2723
32079, 2723
12229, 2723
19188, 2723
22474, 2723
35472, 2723
17482, 2723
30022, 2723
35948, 2723
17902, 2723
34848, 2723
32453, 2723
26640, 2723
28479, 2723
18316, 2723
19428, 2723
18704, 2723
29118, 2723
16224, 2723
34087, 2723
11418, 2723
26888, 2723
13040, 2723
25044, 2723
26522, 2723
14330, 2723
29218, 2723
15522, 2723
22859, 2723
24798, 2723
34474, 2723
17020, 2723
23338, 2723
13198, 2723
23789, 2723
17891, 2723
11011, 2723
8990, 2723
25071, 2723
33246, 2723
11044, 2723
16116, 2723
17903, 2723
13905, 2723
33463, 2723
34515, 2723
26867, 2723
36331, 2723
11730, 2723
29715, 2723
21607, 2723
15873, 2723
18737, 2723
18295, 2723
24605, 2723
9116, 2723
20922, 2723
33928, 2723
37051, 2723
12315, 2723
30090, 2723
16615, 2723
30046, 2723
19140, 2723
22737, 2723
15592, 2723
14830, 2723
29521, 2723
23281, 2723
30000, 2723
14387, 2723
30730, 2723
19892, 2723
10510, 2723
11830, 2723
12523, 2723
34299, 2723
30835, 2723
28309, 2723
31969, 2723
12524, 2723
19044, 2723
9655, 2723
15177, 2723
22272, 2723
22738, 2723
27041, 2723
29862, 2723
32080, 2723
8955, 2723
13365, 2723
24546, 2723
21870, 2723
28085, 2723
33883, 2723
36991, 2723
26267, 2723
35093, 2723
31497, 2723
10158, 2723
33692, 2723
11349, 2723
10701, 2723
11038, 2723
18801, 2723
21961, 2723
13993, 2723
36214, 2723
16646, 2723
15324, 2723
9637, 2723
12135, 2723
23654, 2723
31111, 2723
35865, 2723
32871, 2723
31812, 2723
33213, 2723
22744, 2723
34054, 2723
27815, 2723
29743, 2723
19875, 2723
34703, 2723
9425, 2723
13450, 2723
10395, 2723
27615, 2723
31864, 2723
18190, 2723
35566, 2723
15876, 2723
28680, 2723
20402, 2723
30198, 2723
10234, 2723
31165, 2723
30783, 2723
24074, 2723
24093, 2723
9115, 2723
27409, 2723
17662, 2723
20840, 2723
25581, 2723
19430, 2723
9016, 2723
36209, 2723
21173, 2723
9220, 2723
31818, 2723
29846, 2723
27619, 2723
30894, 2723
18517, 2723
22258, 2723
26354, 2723
15184, 2723
35079, 2723
10435, 2723
17993, 2723
15855, 2723
9200, 2723
26036, 2723
17161, 2723
22657, 2723
36030, 2723
25458, 2723
11212, 2723
8653, 2723
29318, 2723
23590, 2723
17883, 2723
19461, 2723
13755, 2723
26548, 2723
23146, 2723
28356, 2723
29468, 2723
18329, 2723
36753, 2723
19226, 2723
36354, 2723
30047, 2723
9118, 2723
34591, 2723
25258, 2723
24117, 2723
26856, 2723
13053, 2723
23923, 2723
23759, 2723
35313, 2723
35555, 2723
26838, 2723
31243, 2723
24707, 2723
24226, 2723
23362, 2723
22140, 2723
36873, 2723
33954, 2723
14474, 2723
24853, 2723
29671, 2723
24348, 2723
23784, 2723
34305, 2723
35409, 2723
32879, 2723
9740, 2723
33693, 2723
19472, 2723
29915, 2723
30466, 2723
21680, 2723
27206, 2723
31871, 2723
21871, 2723
13800, 2723
10829, 2723
11732, 2723
32955, 2723
9197, 2723
24837, 2723
16023, 2723
18413, 2723
24201, 2723
19074, 2723
12087, 2723
20194, 2723
17685, 2723
19709, 2723
34580, 2723
23330, 2723
8384, 2723
13579, 2723
34650, 2723
16801, 2723
14610, 2723
18032, 2723
8718, 2723
2723, 17345
21251, 2724
2724, 11044
2724, 31642
18996, 2725
2725, 18303
12525, 2726
2726, 17533
23772, 2727
2727, 14066
2727, 20010
2727, 24074
12713, 2728
2728, 36156
30754, 2729
2729, 19859
2729, 18662
8595, 2730
2730, 11570
15191, 2731
2731, 29427
33821, 2732
2732, 9839
12110, 2733
2733, 23912
26435, 2734
2734, 21199
34792, 2735
28959, 2735
11890, 2735
27709, 2735
8708, 2735
17955, 2735
10490, 2735
2735, 23371
16736, 2736
33699, 2736
20446, 2736
12217, 2736
14514, 2736
23770, 2736
2736, 28051
2736, 19845
2736, 20857
2736, 11801
14602, 2737
2737, 16142
26337, 2738
2738, 32414
32976, 2739
2739, 10107
18199, 2740
2740, 8744
16533, 2741
2741, 23371
12300, 2742
2742, 25181
16050, 2743
2743, 24201
12864, 2744
21194, 2744
23841, 2744
2744, 8371
28405, 2745
22841, 2745
31883, 2745
29562, 2745
9568, 2745
21514, 2745
8667, 2745
26956, 2745
35959, 2745
13199, 2745
8831, 2745
2745, 26533
13059, 2746
2746, 12432
15924, 2747
2747, 12258
33326, 2748
2748, 35722
29983, 2749
2749, 20592
19691, 2750
27265, 2750
2750, 36121
33650, 2751
2751, 12928
35236, 2752
35627, 2752
2752, 35485
36202, 2753
24788, 2753
2753, 21029
22868, 2754
2754, 31243
15906, 2755
2755, 36654
17195, 2756
2756, 28063
2756, 34693
27020, 2757
2757, 19198
10457, 2758
2758, 17674
33801, 2759
2759, 17674
20991, 2760
2760, 9050
34801, 2761
2761, 28281
15604, 2762
24755, 2762
36056, 2762
29611, 2762
2762, 26533
33424, 2763
23389, 2763
2763, 26983
30961, 2764
26267, 2764
2764, 33988
23154, 2765
2765, 16197
2765, 21642
35623, 2766
17566, 2766
2766, 18767
27013, 2767
2767, 21173
18462, 2768
2768, 9702
30697, 2769
2769, 28786
2769, 23956
28517, 2770
2770, 28578
22654, 2771
2771, 24546
33836, 2772
2772, 26043
16899, 2773
2773, 27328
15780, 2774
2774, 18032
24586, 2775
2775, 31580
32454, 2776
33755, 2776
2776, 21751
2776, 21564
2776, 32760
23281, 2777
2777, 26731
12110, 2778
2778, 35174
24606, 2779
2779, 35739
32770, 2780
2780, 20585
36150, 2781
2781, 31476
12324, 2782
2782, 19959
26348, 2783
34179, 2783
2783, 29772
16958, 2784
2784, 33637
13339, 2785
10916, 2785
2785, 34779
10718, 2786
2786, 21974
35908, 2787
20804, 2787
2787, 13678
34725, 2788
27041, 2788
2788, 17212
16392, 2789
18832, 2789
2789, 35022
33360, 2790
2790, 11337
21253, 2791
2791, 17161
11391, 2792
2792, 29112
2792, 18662
10571, 2793
2793, 33637
13440, 2794
2794, 29911
2794, 27754
31040, 2795
35148, 2795
2795, 8544
19204, 2796
2796, 18384
2796, 24460
2796, 24990
2796, 30368
2796, 19812
2796, 16256
18345, 2797
2797, 21974
18736, 2798
2798, 19379
12753, 2799
2799, 8616
2799, 9601
9824, 2800
2800, 16340
9531, 2801
36603, 2801
21620, 2801
16994, 2801
19698, 2801
15752, 2801
33637, 2801
2801, 13520
2801, 19550
2801, 16651
2801, 15860
2801, 30650
2801, 33984
2801, 21128
2801, 9669
12110, 2802
2802, 11872
11578, 2803
2803, 9237
21519, 2804
2804, 33005
19139, 2805
2805, 17279
9889, 2806
2806, 11418
35448, 2807
2807, 21367
2807, 23020
30754, 2808
10330, 2808
12988, 2808
30512, 2808
18662, 2808
2808, 33855
17423, 2809
2809, 21838
27597, 2810
2810, 34454
32767, 2811
2811, 17451
21156, 2812
15138, 2812
2812, 9793
16186, 2813
2813, 23598
12413, 2814
9264, 2814
31118, 2814
32508, 2814
16123, 2814
8489, 2814
21994, 2814
17136, 2814
29113, 2814
30293, 2814
34354, 2814
32792, 2814
27879, 2814
21724, 2814
20080, 2814
31312, 2814
12803, 2814
2814, 31189
20599, 2815
2815, 11533
22234, 2816
30003, 2816
35766, 2816
9204, 2816
2816, 11676
34816, 2817
2817, 23623
17712, 2818
2818, 28578
29930, 2819
35680, 2819
2819, 26023
12688, 2820
2820, 34200
25628, 2821
2821, 28621
13159, 2822
32690, 2822
2822, 20447
29707, 2823
11752, 2823
33241, 2823
25881, 2823
2823, 9650
2823, 31616
16186, 2824
2824, 29734
35962, 2825
25076, 2825
2825, 14212
21851, 2826
19379, 2826
33333, 2826
36086, 2826
21734, 2826
2826, 26012
2826, 22273
2826, 21258
2826, 24596
2826, 21706
2826, 26199
2826, 13006
9523, 2827
2827, 32315
14983, 2828
2828, 14496
20335, 2829
16343, 2829
2829, 25777
25851, 2830
2830, 16994
8526, 2831
30500, 2831
10624, 2831
9538, 2831
2831, 25977
2831, 11774
2831, 31726
2831, 22307
2831, 14175
10407, 2832
34038, 2832
2832, 15111
34558, 2833
18785, 2833
2833, 33637
25460, 2834
12341, 2834
22204, 2834
2834, 10031
16173, 2835
2835, 28281
26810, 2836
2836, 13365
2836, 27633
2836, 17579
25656, 2837
2837, 20532
2837, 31871
2837, 11308
16668, 2838
2838, 33281
11644, 2839
2839, 31165
34922, 2840
27508, 2840
2840, 33999
13685, 2841
2841, 24932
30147, 2842
34304, 2842
31494, 2842
21147, 2842
17362, 2842
9539, 2842
29532, 2842
11606, 2842
9077, 2842
27708, 2842
27774, 2842
25799, 2842
19770, 2842
31536, 2842
23169, 2842
19205, 2842
2842, 33325
34734, 2843
2843, 13862
19350, 2844
25509, 2844
14811, 2844
13153, 2844
27264, 2844
32580, 2844
36719, 2844
2844, 26533
29226, 2845
2845, 24382
23294, 2846
2846, 23371
36689, 2847
22604, 2847
2847, 36047
16120, 2848
2848, 29241
32212, 2849
35371, 2849
19953, 2849
33637, 2849
25099, 2849
2849, 14658
2849, 19522
2849, 24176
2849, 23936
2849, 17219
2849, 9461
11954, 2850
29540, 2850
2850, 18901
35338, 2851
2851, 18662
31110, 2852
2852, 34364
16031, 2853
2853, 34201
2853, 21625
2853, 15629
20282, 2854
2854, 9771
24259, 2855
2855, 21331
18902, 2856
2856, 28281
19438, 2857
2857, 15406
10407, 2858
2858, 15111
10145, 2859
2859, 23393
15290, 2860
2860, 24261
12578, 2861
29033, 2861
21789, 2861
34517, 2861
25794, 2861
29919, 2861
29322, 2861
21113, 2861
15218, 2861
2861, 35371
22796, 2862
2862, 14472
29465, 2863
2863, 16340
8491, 2864
2864, 17581
2864, 32368
2864, 29999
2864, 21681
8946, 2865
2865, 31521
12764, 2866
34763, 2866
2866, 13732
25278, 2867
2867, 13301
20136, 2868
2868, 28578
12624, 2869
2869, 25537
22574, 2870
2870, 10024
23241, 2871
2871, 34463
21253, 2872
2872, 28479
13370, 2873
2873, 30000
28479, 2874
2874, 36148
15129, 2875
2875, 33277
24302, 2876
2876, 19610
26406, 2877
2877, 22820
25297, 2878
2878, 17533
21120, 2879
2879, 23914
29210, 2880
2880, 36398
20802, 2881
2881, 12690
10317, 2882
35216, 2882
2882, 8831
11753, 2883
2883, 27127
9292, 2884
19987, 2884
33924, 2884
18317, 2884
9715, 2884
30768, 2884
20919, 2884
24517, 2884
2884, 28529
32867, 2885
2885, 28281
25905, 2886
2886, 12776
8695, 2887
2887, 32347
2887, 8712
2887, 28738
23351, 2888
2888, 14399
24527, 2889
2889, 25166
23995, 2890
9856, 2890
2890, 14890
32039, 2891
2891, 32159
19060, 2892
2892, 28489
19276, 2893
2893, 20025
2893, 20312
33328, 2894
25768, 2894
2894, 29918
10613, 2895
2895, 25099
32943, 2896
2896, 27885
31968, 2897
25509, 2897
28578, 2897
27067, 2897
16841, 2897
8667, 2897
28527, 2897
11431, 2897
12900, 2897
36435, 2897
20356, 2897
25574, 2897
2897, 26533
27203, 2898
2898, 23133
11571, 2899
22744, 2899
2899, 27726
18035, 2900
25987, 2900
2900, 26193
18945, 2901
2901, 18662
27251, 2902
2902, 24201
25010, 2903
2903, 26410
31752, 2904
2904, 27778
26275, 2905
2905, 24201
35673, 2906
2906, 28714
15715, 2907
2907, 30747
28458, 2908
33692, 2908
2908, 10203
2908, 30940
9527, 2909
2909, 12988
18980, 2910
23371, 2910
36123, 2910
17026, 2910
9721, 2910
28333, 2910
2910, 20137
2910, 27796
2910, 9280
2910, 22001
2910, 15843
2910, 31201
2910, 10878
2910, 20843
36557, 2911
2911, 33396
2911, 20334
2911, 21122
10567, 2912
2912, 20899
36172, 2913
2913, 30798
16605, 2914
2914, 8698
25589, 2915
2915, 27468
36101, 2916
2916, 24508
24235, 2917
2917, 30846
29874, 2918
2918, 17674
31740, 2919
2919, 18675
36541, 2920
2920, 17629
35074, 2921
19365, 2921
12307, 2921
2921, 33281
23940, 2922
2922, 32080
24671, 2923
2923, 29227
20257, 2924
26230, 2924
2924, 25877
29388, 2925
2925, 16142
26377, 2926
24782, 2926
2926, 33281
30400, 2927
2927, 20734
15315, 2928
2928, 28404
21253, 2929
2929, 17533
19101, 2930
2930, 18300
23321, 2931
2931, 35153
18852, 2932
2932, 8585
8637, 2933
2933, 29046
21801, 2934
35487, 2934
2934, 19463
17284, 2935
2935, 33615
21156, 2936
15138, 2936
2936, 13264
13169, 2937
2937, 21576
30855, 2938
16295, 2938
13651, 2938
36875, 2938
10991, 2938
30313, 2938
29853, 2938
2938, 24165
2938, 26506
2938, 36749
2938, 29179
2938, 16470
2938, 31343
2938, 21243
2938, 34348
29642, 2939
23272, 2939
2939, 10135
27203, 2940
2940, 25200
2940, 8530
2940, 22774
15240, 2941
2941, 20062
2941, 8651
10913, 2942
2942, 20899
28570, 2943
36556, 2943
12761, 2943
23052, 2943
28847, 2943
17724, 2943
31725, 2943
25295, 2943
2943, 13513
19434, 2944
2944, 17456
2944, 11918
33912, 2945
20582, 2945
2945, 34128
16674, 2946
2946, 33598
31631, 2947
2947, 19140
33873, 2948
2948, 32469
2948, 33921
2948, 30275
10025, 2949
2949, 31864
29442, 2950
16505, 2950
2950, 28281
31653, 2951
2951, 15209
9543, 2952
34760, 2952
19025, 2952
21400, 2952
23537, 2952
29845, 2952
12448, 2952
19722, 2952
2952, 21801
2952, 31818
28868, 2953
24948, 2953
2953, 17773
25315, 2954
15772, 2954
12028, 2954
2954, 14026
16957, 2955
2955, 29298
37055, 2956
2956, 10497
12792, 2957
10407, 2957
2957, 15111
9228, 2958
2958, 33817
2958, 25982
2958, 26061
2958, 25099
19797, 2959
2959, 36326
24816, 2960
2960, 13040
28354, 2961
2961, 25430
36061, 2962
2962, 13362
29334, 2963
2963, 24680
2963, 23597
32889, 2964
2964, 25500
31087, 2965
2965, 33637
24672, 2966
2966, 29053
2966, 19862
11538, 2967
28211, 2967
20576, 2967
33382, 2967
24215, 2967
2967, 9812
9514, 2968
2968, 31871
2968, 36280
31176, 2969
2969, 11089
2969, 13933
2969, 16379
21625, 2970
32347, 2970
26674, 2970
19129, 2970
20821, 2970
20213, 2970
36474, 2970
20026, 2970
20085, 2970
9677, 2970
19058, 2970
30881, 2970
22851, 2970
20566, 2970
8739, 2970
22170, 2970
16580, 2970
25622, 2970
17434, 2970
9622, 2970
15111, 2970
32320, 2970
27570, 2970
32722, 2970
9403, 2970
11647, 2970
12971, 2970
23123, 2970
24070, 2970
19688, 2970
12667, 2970
24508, 2970
33317, 2970
36329, 2970
30648, 2970
29735, 2970
26006, 2970
17049, 2970
27697, 2970
35412, 2970
10021, 2970
16154, 2970
26013, 2970
18332, 2970
20060, 2970
27921, 2970
26465, 2970
36194, 2970
21842, 2970
22818, 2970
32621, 2970
32924, 2970
27138, 2970
14284, 2970
19369, 2970
19368, 2970
31424, 2970
21979, 2970
34686, 2970
14574, 2970
10304, 2970
31672, 2970
15629, 2970
36919, 2970
31369, 2970
35014, 2970
31091, 2970
11616, 2970
12709, 2970
32710, 2970
18961, 2970
22009, 2970
29659, 2970
14401, 2970
36727, 2970
10617, 2970
27103, 2970
20291, 2970
36051, 2970
18163, 2970
35978, 2970
14786, 2970
8712, 2970
15704, 2970
28634, 2970
14684, 2970
32530, 2970
25406, 2970
12520, 2970
26159, 2970
15050, 2970
9632, 2970
13276, 2970
26703, 2970
11555, 2970
11050, 2970
31319, 2970
14098, 2970
32254, 2970
25964, 2970
21367, 2970
13883, 2970
28738, 2970
12905, 2970
33750, 2970
17596, 2970
8596, 2970
10838, 2970
21433, 2970
15755, 2970
28831, 2970
10549, 2970
30073, 2970
27202, 2970
18518, 2970
23020, 2970
18772, 2970
18478, 2970
25815, 2970
15683, 2970
28450, 2970
22832, 2970
19055, 2970
22661, 2970
17607, 2970
18161, 2970
18628, 2970
26152, 2970
19317, 2970
34497, 2970
13315, 2970
30454, 2970
10834, 2970
27351, 2970
8850, 2970
13344, 2970
30909, 2970
24256, 2970
22124, 2970
12458, 2970
25304, 2970
17040, 2970
34033, 2970
31858, 2970
22913, 2970
11547, 2970
31159, 2970
25951, 2970
15236, 2970
2970, 8965
21253, 2971
2971, 12711
19346, 2972
2972, 11683
13539, 2973
2973, 21707
2973, 9116
25200, 2974
23912, 2974
30823, 2974
16695, 2974
8530, 2974
22774, 2974
15845, 2974
13707, 2974
2974, 26533
31752, 2975
2975, 14830
21253, 2976
2976, 11990
35809, 2977
2977, 28578
19570, 2978
2978, 25099
31811, 2979
2979, 13732
10741, 2980
17311, 2980
2980, 27778
16361, 2981
36686, 2981
25688, 2981
31216, 2981
17501, 2981
9389, 2981
20156, 2981
2981, 33226
2981, 30041
2981, 8696
2981, 27399
2981, 8733
2981, 14231
2981, 31728
2981, 27531
13651, 2982
33920, 2982
22586, 2982
35274, 2982
26368, 2982
13093, 2982
9627, 2982
11056, 2982
16274, 2982
12674, 2982
25678, 2982
25184, 2982
33146, 2982
2982, 27267
2982, 10480
2982, 9902
2982, 10969
2982, 19137
2982, 32256
2982, 11932
2982, 22632
2982, 16036
2982, 13009
2982, 34739
2982, 25082
2982, 17992
2982, 10764
2982, 26044
18569, 2983
2983, 11575
12346, 2984
2984, 17674
12837, 2985
2985, 36398
10407, 2986
24237, 2986
2986, 15111
11753, 2987
21175, 2987
2987, 27127
25269, 2988
2988, 15572
18322, 2989
2989, 26334
35391, 2990
2990, 23576
16149, 2991
2991, 12741
12681, 2992
2992, 21992
32852, 2993
2993, 32264
2993, 15794
2993, 17597
2993, 24069
2993, 31125
2993, 34040
2993, 29331
2993, 17770
2993, 14148
2993, 26022
2993, 8534
2993, 31806
2993, 31657
2993, 34881
2993, 23564
2993, 35975
2993, 18053
2993, 33834
2993, 14273
2993, 31768
2993, 12216
16670, 2994
2994, 20899
2994, 34102
2994, 21870
27458, 2995
25601, 2995
2995, 11324
2995, 32435
27272, 2996
2996, 25815
23282, 2997
2997, 24588
21797, 2998
2998, 29930
28207, 2999
28830, 2999
20748, 2999
8983, 2999
21168, 2999
18754, 2999
24012, 2999
33714, 2999
21146, 2999
29030, 2999
2999, 18346
2999, 33666
2999, 26034
2999, 22085
2999, 11202
2999, 35859
2999, 28477
2999, 15593
2999, 11831
2999, 9359
2999, 31272
16142, 3000
17689, 3000
34423, 3000
11493, 3000
33637, 3000
3000, 33322
3000, 21203
3000, 16904
3000, 12545
3000, 19763
3000, 36183
22821, 3001
3001, 23029
21221, 3002
3002, 9822
21769, 3003
3003, 17337
8490, 3004
3004, 35599
22181, 3005
27385, 3005
3005, 21595
16164, 3006
3006, 27385
35490, 3007
3007, 9655
11990, 3008
3008, 29135
19488, 3009
17149, 3009
3009, 26284
35205, 3010
25274, 3010
3010, 22779
27902, 3011
3011, 33516
24360, 3012
3012, 31165
34200, 3013
11990, 3013
3013, 15718
24875, 3014
3014, 19129
3014, 31672
3014, 26159
26860, 3015
30230, 3015
10187, 3015
3015, 25028
16930, 3016
3016, 31871
12457, 3017
3017, 33281
26721, 3018
8878, 3018
3018, 22473
3018, 18696
32277, 3019
3019, 29038
25103, 3020
3020, 16340
35019, 3021
3021, 26226
8979, 3022
3022, 13777
18373, 3023
3023, 13237
8647, 3024
21959, 3024
3024, 12886
22892, 3025
30398, 3025
3025, 10559
36203, 3026
3026, 26132
32979, 3027
25359, 3027
27402, 3027
10786, 3027
19641, 3027
23403, 3027
36000, 3027
15044, 3027
21402, 3027
14298, 3027
19647, 3027
33423, 3027
24205, 3027
3027, 31820
3027, 11873
23048, 3028
3028, 13732
12416, 3029
3029, 26232
24727, 3030
3030, 16340
13394, 3031
3031, 18979
32586, 3032
3032, 28458
10407, 3033
3033, 15111
19869, 3034
27624, 3034
3034, 36587
26422, 3035
8633, 3035
10827, 3035
21566, 3035
36285, 3035
29160, 3035
36564, 3035
3035, 22582
31752, 3036
3036, 27020
17283, 3037
3037, 36587
22169, 3038
17719, 3038
17162, 3038
3038, 25678
33091, 3039
3039, 8483
13015, 3040
3040, 26980
9941, 3041
3041, 21914
18353, 3042
3042, 30081
13281, 3043
3043, 36508
3043, 22743
19659, 3044
3044, 21707
3044, 35428
16492, 3045
3045, 31773
20338, 3046
3046, 27462
3046, 18646
8798, 3047
3047, 12754
33636, 3048
3048, 36709
12321, 3049
3049, 27127
29517, 3050
3050, 17491
20044, 3051
36025, 3051
3051, 21158
34624, 3052
3052, 24481
36010, 3053
3053, 18662
8531, 3054
30181, 3054
25206, 3054
19738, 3054
17746, 3054
32469, 3054
15583, 3054
19789, 3054
30612, 3054
8425, 3054
27959, 3054
3054, 18916
3054, 32226
3054, 23688
3054, 29697
3054, 31250
3054, 26209
3054, 17034
3054, 28221
3054, 21542
3054, 19564
3054, 21481
3054, 15954
16617, 3055
3055, 22859
3055, 34009
34430, 3056
3056, 28281
21320, 3057
3057, 15411
3057, 20585
23453, 3058
3058, 36654
14808, 3059
3059, 22217
8827, 3060
15235, 3060
20722, 3060
3060, 15048
20985, 3061
3061, 11623
31607, 3062
16444, 3062
13383, 3062
3062, 36423
25510, 3063
3063, 29642
32890, 3064
22244, 3064
35512, 3064
17533, 3064
19595, 3064
30273, 3064
3064, 9769
3064, 37048
3064, 15267
3064, 17776
3064, 17573
3064, 36409
3064, 24867
13708, 3065
3065, 19238
3065, 33676
9689, 3066
3066, 12387
28364, 3067
3067, 16232
32721, 3068
29059, 3068
12226, 3068
34420, 3068
25324, 3068
30473, 3068
27276, 3068
13587, 3068
13594, 3068
16126, 3068
23835, 3068
3068, 21392
33953, 3069
21194, 3069
3069, 26162
35645, 3070
15811, 3070
3070, 29337
11503, 3071
3071, 21598
27118, 3072
13146, 3072
25301, 3072
10300, 3072
17771, 3072
34768, 3072
26625, 3072
25715, 3072
32442, 3072
3072, 21392
11219, 3073
20312, 3073
3073, 20225
21253, 3074
3074, 16417
23529, 3075
3075, 36538
36491, 3076
3076, 13897
10642, 3077
36398, 3077
3077, 36856
3077, 11852
3077, 29168
21515, 3078
26565, 3078
3078, 31154
33642, 3079
3079, 24546
31909, 3080
3080, 11391
3080, 26019
34284, 3081
3081, 25099
11713, 3082
35079, 3082
16810, 3082
3082, 15022
3082, 17539
11041, 3083
3083, 16514
17909, 3084
3084, 36398
21349, 3085
34905, 3085
36740, 3085
20309, 3085
22030, 3085
22233, 3085
16067, 3085
36317, 3085
32745, 3085
3085, 8728
21561, 3086
3086, 24635
31547, 3087
3087, 21782
31327, 3088
3088, 19368
12200, 3089
3089, 33744
9366, 3090
3090, 23371
21499, 3091
3091, 31066
23833, 3092
3092, 20899
20161, 3093
36980, 3093
3093, 28281
33157, 3094
3094, 35518
24988, 3095
3095, 36870
3095, 18619
3095, 16372
8918, 3096
3096, 23281
30820, 3097
3097, 9010
32639, 3098
3098, 14394
34953, 3099
3099, 23371
12056, 3100
3100, 36905
18936, 3101
3101, 17594
25315, 3102
3102, 14026
8959, 3103
3103, 17043
3103, 14543
20779, 3104
3104, 36263
19331, 3105
3105, 8425
20023, 3106
3106, 9759
36668, 3107
30869, 3107
3107, 36970
30060, 3108
3108, 26558
21141, 3109
3109, 21269
31752, 3110
3110, 12754
30757, 3111
19881, 3111
3111, 21990
23940, 3112
3112, 32080
25476, 3113
3113, 28281
21291, 3114
36471, 3114
14823, 3114
35985, 3114
28846, 3114
25688, 3114
14326, 3114
27851, 3114
12928, 3114
3114, 35620
3114, 21246
3114, 17971
3114, 32821
3114, 22153
3114, 34892
3114, 34996
3114, 32340
3114, 22505
3114, 15463
12945, 3115
3115, 25995
9967, 3116
31390, 3116
27622, 3116
3116, 29407
31259, 3117
9810, 3117
11273, 3117
28985, 3117
16415, 3117
16749, 3117
20406, 3117
3117, 12635
3117, 11439
3117, 15381
3117, 29085
3117, 34183
3117, 32664
3117, 13705
3117, 27212
3117, 36145
22178, 3118
3118, 26763
16131, 3119
3119, 20432
3119, 13473
30754, 3120
3120, 26636
3120, 18662
32746, 3121
3121, 12886
33456, 3122
3122, 31892
8967, 3123
3123, 36654
24493, 3124
3124, 8616
12831, 3125
10161, 3125
9267, 3125
12602, 3125
31904, 3125
16333, 3125
29877, 3125
26852, 3125
28566, 3125
10097, 3125
18409, 3125
31134, 3125
13780, 3125
11699, 3125
21239, 3125
9055, 3125
34779, 3125
10054, 3125
31187, 3125
29055, 3125
10251, 3125
28274, 3125
24061, 3125
16784, 3125
15111, 3125
35083, 3125
24076, 3125
9071, 3125
33390, 3125
36629, 3125
31407, 3125
9606, 3125
9833, 3125
9250, 3125
18253, 3125
14974, 3125
32675, 3125
25604, 3125
9535, 3125
28612, 3125
23710, 3125
28658, 3125
25276, 3125
13004, 3125
35965, 3125
23608, 3125
20214, 3125
30441, 3125
24345, 3125
12828, 3125
21553, 3125
22979, 3125
18967, 3125
20666, 3125
22506, 3125
30174, 3125
19216, 3125
19567, 3125
29991, 3125
12577, 3125
17124, 3125
33658, 3125
18901, 3125
29670, 3125
26877, 3125
26503, 3125
22598, 3125
15265, 3125
11533, 3125
24966, 3125
27405, 3125
18712, 3125
35246, 3125
35691, 3125
11949, 3125
30790, 3125
10816, 3125
17864, 3125
35434, 3125
14452, 3125
34181, 3125
34455, 3125
35155, 3125
23571, 3125
13909, 3125
12822, 3125
20077, 3125
9808, 3125
32356, 3125
35114, 3125
17681, 3125
23670, 3125
20945, 3125
21366, 3125
19417, 3125
14251, 3125
18925, 3125
9466, 3125
15196, 3125
11422, 3125
31833, 3125
28185, 3125
14009, 3125
9261, 3125
19254, 3125
18436, 3125
24425, 3125
11124, 3125
14309, 3125
8750, 3125
31928, 3125
27322, 3125
32299, 3125
16514, 3125
17833, 3125
27956, 3125
18806, 3125
34242, 3125
8725, 3125
32784, 3125
24838, 3125
12665, 3125
11175, 3125
33362, 3125
20700, 3125
10108, 3125
32545, 3125
16752, 3125
8398, 3125
32215, 3125
12095, 3125
16837, 3125
28272, 3125
27602, 3125
19622, 3125
19534, 3125
25615, 3125
25743, 3125
22619, 3125
35263, 3125
25290, 3125
17797, 3125
12169, 3125
35793, 3125
15406, 3125
9686, 3125
28189, 3125
31151, 3125
30883, 3125
18720, 3125
3125, 11845
11423, 3126
15765, 3126
34400, 3126
34384, 3126
19416, 3126
34532, 3126
29399, 3126
14936, 3126
28559, 3126
11459, 3126
3126, 20866
18662, 3127
3127, 34078
21253, 3128
3128, 16821
15182, 3129
29544, 3129
33057, 3129
17629, 3129
17533, 3129
30685, 3129
18259, 3129
21469, 3129
16502, 3129
24779, 3129
22712, 3129
3129, 13565
3129, 11667
3129, 36518
3129, 19541
3129, 16847
3129, 9864
3129, 11782
3129, 31712
3129, 12808
3129, 31777
3129, 19723
3129, 22813
13798, 3130
3130, 20910
12329, 3131
26734, 3131
20125, 3131
18065, 3131
9745, 3131
10698, 3131
29169, 3131
32698, 3131
12896, 3131
25041, 3131
30580, 3131
27769, 3131
28251, 3131
10152, 3131
25108, 3131
17982, 3131
16556, 3131
23110, 3131
30800, 3131
21802, 3131
9520, 3131
22048, 3131
23828, 3131
17097, 3131
8993, 3131
34826, 3131
12841, 3131
25104, 3131
16277, 3131
8995, 3131
30358, 3131
27860, 3131
26268, 3131
33115, 3131
11217, 3131
31198, 3131
15107, 3131
18017, 3131
11151, 3131
10841, 3131
9022, 3131
36957, 3131
10289, 3131
12619, 3131
18201, 3131
30382, 3131
23998, 3131
17478, 3131
31971, 3131
18437, 3131
10802, 3131
25225, 3131
34896, 3131
18818, 3131
27207, 3131
36605, 3131
27235, 3131
12263, 3131
29157, 3131
8930, 3131
33161, 3131
14451, 3131
20893, 3131
28383, 3131
25997, 3131
33384, 3131
9360, 3131
34344, 3131
25018, 3131
17969, 3131
20812, 3131
9103, 3131
31771, 3131
22125, 3131
20924, 3131
15366, 3131
11485, 3131
20916, 3131
22045, 3131
32439, 3131
28511, 3131
20679, 3131
23966, 3131
20512, 3131
9279, 3131
28920, 3131
14815, 3131
32438, 3131
29093, 3131
35437, 3131
14578, 3131
12508, 3131
20571, 3131
10902, 3131
17865, 3131
32782, 3131
20134, 3131
30587, 3131
30900, 3131
13828, 3131
34561, 3131
9149, 3131
14978, 3131
34467, 3131
17943, 3131
14881, 3131
18248, 3131
26777, 3131
35365, 3131
32946, 3131
14482, 3131
28759, 3131
36714, 3131
31695, 3131
16526, 3131
14480, 3131
23128, 3131
33866, 3131
16522, 3131
22907, 3131
23267, 3131
30010, 3131
27810, 3131
10045, 3131
22410, 3131
36339, 3131
8537, 3131
31506, 3131
9676, 3131
23076, 3131
24562, 3131
14520, 3131
15814, 3131
31590, 3131
24551, 3131
15187, 3131
18125, 3131
35616, 3131
15920, 3131
19332, 3131
29643, 3131
20348, 3131
33559, 3131
34975, 3131
21365, 3131
9368, 3131
12756, 3131
15844, 3131
12791, 3131
16278, 3131
3131, 18408
36863, 3132
3132, 31372
20561, 3133
3133, 33637
31752, 3134
3134, 30688
3134, 27778
27440, 3135
3135, 25742
17627, 3136
3136, 24473
14353, 3137
28273, 3137
3137, 28281
35509, 3138
3138, 14866
3138, 16696
3138, 23903
32248, 3139
24202, 3139
3139, 28281
27323, 3140
3140, 9115
28230, 3141
3141, 24528
18668, 3142
3142, 25613
24769, 3143
3143, 16552
15170, 3144
3144, 26522
17903, 3145
34512, 3145
3145, 30831
11325, 3146
3146, 11795
23502, 3147
35661, 3147
35136, 3147
30081, 3147
16611, 3147
17424, 3147
3147, 28702
3147, 23894
3147, 30240
3147, 23856
3147, 19850
3147, 31463
3147, 28607
11734, 3148
22415, 3148
3148, 35959
14681, 3149
3149, 24201
19623, 3150
13283, 3150
3150, 31436
3150, 33861
3150, 35270
26741, 3151
3151, 21783
3151, 16793
21577, 3152
3152, 36724
30391, 3153
8481, 3153
3153, 35136
23529, 3154
3154, 12130
25262, 3155
3155, 9392
35561, 3156
3156, 8653
8783, 3157
3157, 12063
25988, 3158
3158, 20368
34712, 3159
3159, 29669
13049, 3160
3160, 19461
18618, 3161
3161, 24226
3161, 21199
19866, 3162
3162, 19128
26040, 3163
18262, 3163
3163, 14545
33420, 3164
3164, 35572
28838, 3165
3165, 17451
3165, 9528
12904, 3166
3166, 35412
27307, 3167
3167, 23409
15946, 3168
3168, 9655
18206, 3169
20035, 3169
29100, 3169
18395, 3169
27929, 3169
35648, 3169
17137, 3169
9443, 3169
18090, 3169
18401, 3169
32466, 3169
3169, 22627
12110, 3170
3170, 22979
28630, 3171
35472, 3171
3171, 21860
19262, 3172
3172, 17674
31719, 3173
3173, 13941
29959, 3174
3174, 24935
21253, 3175
3175, 17208
12082, 3176
3176, 26001
10639, 3177
3177, 24983
19214, 3178
3178, 25768
23557, 3179
3179, 29727
3179, 28680
3179, 24396
10109, 3180
22154, 3180
26183, 3180
3180, 22217
24299, 3181
24419, 3181
3181, 13844
21110, 3182
3182, 28281
21118, 3183
3183, 13989
24689, 3184
3184, 25458
8483, 3185
26864, 3185
3185, 14478
29864, 3186
3186, 11103
3186, 18919
27698, 3187
3187, 20402
8635, 3188
3188, 28281
20062, 3189
28630, 3189
26644, 3189
3189, 18661
13538, 3190
3190, 31338
11947, 3191
3191, 18662
21253, 3192
3192, 32443
36982, 3193
15225, 3193
3193, 19918
26347, 3194
3194, 17533
17071, 3195
27467, 3195
3195, 19195
32205, 3196
27834, 3196
27308, 3196
3196, 33281
20841, 3197
25008, 3197
3197, 11069
20908, 3198
3198, 30398
32844, 3199
3199, 20087
9616, 3200
3200, 33637
20352, 3201
3201, 17674
33420, 3202
3202, 29650
10715, 3203
3203, 21707
25952, 3204
3204, 9905
24825, 3205
3205, 13106
17415, 3206
3206, 28720
19764, 3207
3207, 17879
36688, 3208
3208, 20927
11344, 3209
3209, 17835
12093, 3210
3210, 8774
23640, 3211
3211, 11676
15726, 3212
3212, 21421
12110, 3213
3213, 11732
33756, 3214
3214, 16232
26047, 3215
15258, 3215
20749, 3215
11873, 3215
20055, 3215
16767, 3215
3215, 27576
3215, 29984
3215, 36539
3215, 33431
3215, 15932
3215, 15744
3215, 33839
16287, 3216
3216, 24864
14975, 3217
28458, 3217
3217, 35593
9094, 3218
3218, 29549
12453, 3219
3219, 19472
33426, 3220
3220, 8585
3220, 14804
3220, 17526
3220, 25119
3220, 10657
31644, 3221
3221, 14394
18662, 3222
3222, 8636
21711, 3223
14547, 3223
23897, 3223
3223, 14394
31642, 3224
3224, 14274
3224, 18662
17050, 3225
3225, 23956
23282, 3226
3226, 33102
10122, 3227
3227, 33281
10771, 3228
3228, 13758
11850, 3229
3229, 29878
3229, 24201
13294, 3230
3230, 20128
21135, 3231
3231, 34496
22635, 3232
20862, 3232
3232, 27557
12701, 3233
21685, 3233
21194, 3233
3233, 24185
25294, 3234
3234, 27619
27323, 3235
3235, 9115
24080, 3236
3236, 18704
14465, 3237
3237, 32830
10932, 3238
3238, 24503
35281, 3239
3239, 28157
3239, 32873
34541, 3240
3240, 23371
16460, 3241
3241, 18662
18717, 3242
11599, 3242
3242, 26927
9744, 3243
3243, 8585
3243, 9594
14847, 3244
3244, 21331
16544, 3245
3245, 23728
32153, 3246
3246, 17451
23740, 3247
3247, 16263
32269, 3248
3248, 23780
33501, 3249
36421, 3249
3249, 27829
3249, 27625
3249, 30258
30901, 3250
3250, 33637
19284, 3251
3251, 15908
14027, 3252
3252, 34000
9651, 3253
3253, 28281
23294, 3254
3254, 23371
14488, 3255
17975, 3255
3255, 23371
26748, 3256
21318, 3256
19630, 3256
33229, 3256
19326, 3256
34110, 3256
29632, 3256
27635, 3256
10835, 3256
19776, 3256
9143, 3256
27843, 3256
19605, 3256
8545, 3256
31071, 3256
8885, 3256
24387, 3256
35152, 3256
29644, 3256
28857, 3256
23944, 3256
23437, 3256
27099, 3256
16159, 3256
14469, 3256
31438, 3256
3256, 24831
19592, 3257
8373, 3257
35775, 3257
17760, 3257
14989, 3257
27935, 3257
3257, 18135
3257, 16000
29890, 3258
3258, 19953
24953, 3259
35385, 3259
29370, 3259
27632, 3259
3259, 11820
3259, 31103
3259, 11445
3259, 10775
3259, 18597
31940, 3260
3260, 34067
17303, 3261
3261, 35865
27498, 3262
3262, 20126
25165, 3263
3263, 34222
25740, 3264
20528, 3264
24496, 3264
33927, 3264
25720, 3264
28023, 3264
3264, 33637
21253, 3265
3265, 27760
9305, 3266
3266, 33753
18216, 3267
3267, 11491
12328, 3268
3268, 19906
3268, 35668
29895, 3269
3269, 34465
17336, 3270
3270, 14464
25520, 3271
3271, 20087
23631, 3272
19362, 3272
15235, 3272
15658, 3272
19532, 3272
34971, 3272
27950, 3272
35680, 3272
33661, 3272
3272, 17927
26008, 3273
3273, 25008
21670, 3274
26854, 3274
32855, 3274
28659, 3274
3274, 16010
3274, 15847
3274, 13695
3274, 12141
3274, 12105
10164, 3275
3275, 30980
3275, 10161
3275, 31187
9164, 3276
3276, 23371
17533, 3277
22779, 3277
3277, 9105
3277, 20630
3277, 19512
17455, 3278
36398, 3278
31675, 3278
35288, 3278
3278, 25955
3278, 21601
3278, 29752
3278, 23013
3278, 17236
18814, 3279
3279, 28633
26530, 3280
3280, 36209
21114, 3281
3281, 21241
25157, 3282
3282, 31035
30130, 3283
31348, 3283
31669, 3283
24437, 3283
3283, 10500
12945, 3284
3284, 25995
17306, 3285
18019, 3285
31009, 3285
31894, 3285
34778, 3285
18200, 3285
11553, 3285
35661, 3285
3285, 34531
3285, 24336
3285, 30720
3285, 30494
3285, 9772
3285, 14560
3285, 28852
3285, 13763
3285, 32672
14511, 3286
13047, 3286
3286, 13929
10157, 3287
3287, 21974
26059, 3288
27670, 3288
3288, 33281
23922, 3289
24573, 3289
21937, 3289
11109, 3289
21226, 3289
3289, 22334
15753, 3290
3290, 36398
36729, 3291
3291, 9116
16887, 3292
3292, 17533
20028, 3293
3293, 34087
22469, 3294
35699, 3294
3294, 33637
29235, 3295
3295, 10845
27988, 3296
3296, 14770
21452, 3297
3297, 28578
36300, 3298
3298, 31993
31583, 3299
24249, 3299
25678, 3299
26386, 3299
20202, 3299
11477, 3299
29390, 3299
3299, 23517
3299, 34495
3299, 9364
3299, 24654
3299, 17515
3299, 23407
3299, 31546
3299, 23776
34647, 3300
3300, 17533
36553, 3301
24687, 3301
9783, 3301
22683, 3301
8569, 3301
12064, 3301
22494, 3301
34134, 3301
22047, 3301
9848, 3301
17616, 3301
11009, 3301
29435, 3301
22113, 3301
3301, 29296
3301, 28831
10978, 3302
3302, 14791
27679, 3303
3303, 34867
18662, 3304
3304, 24398
36417, 3305
3305, 33281
12751, 3306
3306, 17783
3306, 8929
3306, 16921
13706, 3307
3307, 36576
18724, 3308
3308, 19143
36654, 3309
3309, 36199
3309, 18662
34212, 3310
25751, 3310
8748, 3310
14901, 3310
10664, 3310
34190, 3310
10895, 3310
25287, 3310
21026, 3310
34281, 3310
34572, 3310
25099, 3310
3310, 17704
3310, 25129
3310, 13887
3310, 12121
3310, 22757
3310, 25160
3310, 24467
3310, 29759
3310, 20619
3310, 16028
3310, 23925
3310, 35709
3310, 36053
9475, 3311
28817, 3311
19292, 3311
17204, 3311
20383, 3311
22999, 3311
9027, 3311
31887, 3311
36803, 3311
28940, 3311
15842, 3311
27552, 3311
36238, 3311
10063, 3311
13667, 3311
23066, 3311
21091, 3311
3311, 24340
9921, 3312
3312, 30747
13894, 3313
3313, 10049
13515, 3314
3314, 32155
28454, 3315
3315, 21974
35607, 3316
3316, 26763
16821, 3317
12523, 3317
3317, 8799
28925, 3318
3318, 36383
26124, 3319
3319, 36517
34645, 3320
3320, 14677
11926, 3321
3321, 23371
29210, 3322
3322, 36398
34118, 3323
3323, 33596
32466, 3324
25379, 3324
3324, 22627
35269, 3325
3325, 9483
19920, 3326
3326, 12886
16604, 3327
9490, 3327
3327, 23371
13109, 3328
3328, 9771
18255, 3329
3329, 32328
17973, 3330
26334, 3330
3330, 26256
9183, 3331
20776, 3331
22932, 3331
20761, 3331
33805, 3331
35826, 3331
18629, 3331
22255, 3331
33840, 3331
29591, 3331
28352, 3331
26474, 3331
24397, 3331
31049, 3331
17407, 3331
18335, 3331
29101, 3331
32187, 3331
32515, 3331
19255, 3331
29767, 3331
9358, 3331
30280, 3331
24356, 3331
13411, 3331
17098, 3331
32875, 3331
27277, 3331
22539, 3331
27316, 3331
11741, 3331
25620, 3331
10761, 3331
18043, 3331
28282, 3331
10667, 3331
26889, 3331
19175, 3331
16488, 3331
3331, 15034
18662, 3332
3332, 31597
24376, 3333
3333, 9442
24246, 3334
3334, 28803
13239, 3335
3335, 33637
34200, 3336
3336, 14850
30310, 3337
3337, 27578
9917, 3338
3338, 22181
3338, 35815
12207, 3339
24280, 3339
8509, 3339
31628, 3339
3339, 19792
19377, 3340
29417, 3340
32692, 3340
22847, 3340
36306, 3340
19164, 3340
15713, 3340
3340, 11501
3340, 31647
36332, 3341
3341, 26973
21253, 3342
3342, 36821
12945, 3343
3343, 25995
32318, 3344
20811, 3344
35807, 3344
27421, 3344
25139, 3344
36767, 3344
13608, 3344
29358, 3344
30842, 3344
14328, 3344
3344, 31895
3344, 21124
26914, 3345
15280, 3345
3345, 18038
11770, 3346
3346, 23037
3346, 25099
19506, 3347
3347, 35948
16432, 3348
3348, 21974
19921, 3349
3349, 14394
8805, 3350
3350, 8425
33517, 3351
25043, 3351
3351, 23126
3351, 19848
20543, 3352
3352, 8456
25548, 3353
3353, 30289
19060, 3354
3354, 11157
13586, 3355
3355, 33281
16346, 3356
3356, 27936
3356, 25768
19934, 3357
3357, 26348
23705, 3358
29896, 3358
3358, 35072
24530, 3359
3359, 18662
21148, 3360
3360, 18842
34935, 3361
3361, 25543
25806, 3362
31052, 3362
9328, 3362
3362, 23371
19822, 3363
26426, 3363
14677, 3363
14878, 3363
13862, 3363
25741, 3363
34761, 3363
3363, 16216
3363, 29609
3363, 31776
3363, 22960
3363, 16128
3363, 34992
3363, 34616
3363, 35198
14408, 3364
24271, 3364
10812, 3364
19604, 3364
31511, 3364
20196, 3364
20819, 3364
10095, 3364
15468, 3364
36764, 3364
23905, 3364
16906, 3364
16924, 3364
26182, 3364
20708, 3364
35073, 3364
24762, 3364
21027, 3364
11173, 3364
35308, 3364
15888, 3364
21216, 3364
19199, 3364
20061, 3364
21702, 3364
14034, 3364
23028, 3364
14529, 3364
22281, 3364
34418, 3364
28140, 3364
31293, 3364
36656, 3364
29470, 3364
8943, 3364
35141, 3364
19275, 3364
31498, 3364
12821, 3364
20895, 3364
28499, 3364
22260, 3364
18304, 3364
27958, 3364
15497, 3364
19621, 3364
21641, 3364
26370, 3364
18441, 3364
30237, 3364
32106, 3364
21458, 3364
15398, 3364
21109, 3364
20484, 3364
31184, 3364
34232, 3364
31989, 3364
3364, 17922
35851, 3365
3365, 27754
3365, 32159
34889, 3366
26202, 3366
3366, 37050
11035, 3367
3367, 11214
3367, 22760
17948, 3368
29858, 3368
26830, 3368
22100, 3368
3368, 22217
30340, 3369
35567, 3369
19998, 3369
31576, 3369
9552, 3369
24969, 3369
30644, 3369
23963, 3369
32142, 3369
8672, 3369
13070, 3369
34988, 3369
34008, 3369
32368, 3369
32333, 3369
9311, 3369
35421, 3369
24781, 3369
15975, 3369
15111, 3369
8458, 3369
20587, 3369
29016, 3369
14817, 3369
12902, 3369
8518, 3369
10073, 3369
21635, 3369
32313, 3369
12402, 3369
25280, 3369
23871, 3369
25950, 3369
26632, 3369
29999, 3369
22589, 3369
8659, 3369
16417, 3369
31117, 3369
18677, 3369
28642, 3369
29362, 3369
29764, 3369
13353, 3369
10190, 3369
14035, 3369
18798, 3369
14491, 3369
33662, 3369
35293, 3369
36574, 3369
13833, 3369
36212, 3369
12096, 3369
31645, 3369
8786, 3369
16912, 3369
29547, 3369
29208, 3369
14440, 3369
25488, 3369
15307, 3369
23395, 3369
18460, 3369
13774, 3369
28760, 3369
28162, 3369
29432, 3369
36853, 3369
11149, 3369
33541, 3369
23780, 3369
35192, 3369
13822, 3369
13213, 3369
30307, 3369
16060, 3369
35618, 3369
21454, 3369
19687, 3369
10501, 3369
36233, 3369
19695, 3369
17491, 3369
18182, 3369
24228, 3369
20879, 3369
13094, 3369
20396, 3369
29525, 3369
23129, 3369
9005, 3369
23372, 3369
29576, 3369
25583, 3369
35316, 3369
27044, 3369
28577, 3369
17954, 3369
11993, 3369
9877, 3369
26584, 3369
14915, 3369
33251, 3369
28224, 3369
12362, 3369
18816, 3369
13880, 3369
21681, 3369
20923, 3369
14902, 3369
20987, 3369
14732, 3369
36206, 3369
9432, 3369
13988, 3369
33185, 3369
24384, 3369
35334, 3369
25417, 3369
24075, 3369
9401, 3369
29840, 3369
17873, 3369
33179, 3369
15375, 3369
17739, 3369
33552, 3369
26740, 3369
18086, 3369
31824, 3369
11395, 3369
16383, 3369
34581, 3369
21103, 3369
30009, 3369
11985, 3369
31791, 3369
24179, 3369
30741, 3369
15737, 3369
25803, 3369
15607, 3369
22986, 3369
23798, 3369
20032, 3369
33304, 3369
10903, 3369
20437, 3369
3369, 34408
10407, 3370
30429, 3370
13400, 3370
30955, 3370
3370, 15111
24426, 3371
14895, 3371
32250, 3371
3371, 19753
28923, 3372
3372, 24635
11460, 3373
3373, 32196
29229, 3374
26166, 3374
12673, 3374
25539, 3374
16037, 3374
29392, 3374
3374, 35686
9665, 3375
3375, 12902
34630, 3376
3376, 10487
33067, 3377
28451, 3377
29358, 3377
27501, 3377
28177, 3377
11961, 3377
31329, 3377
24532, 3377
22995, 3377
23168, 3377
3377, 21124
19477, 3378
3378, 11502
30659, 3379
10407, 3379
3379, 15111
36322, 3380
12259, 3380
14228, 3380
14395, 3380
19209, 3380
30754, 3380
8442, 3380
30691, 3380
12613, 3380
31478, 3380
21182, 3380
18658, 3380
12988, 3380
21441, 3380
11162, 3380
33325, 3380
9714, 3380
18662, 3380
11287, 3380
26834, 3380
3380, 33855
33709, 3381
3381, 27051
26200, 3382
32238, 3382
13874, 3382
17710, 3382
24557, 3382
30397, 3382
18872, 3382
3382, 12328
18147, 3383
3383, 16290
35778, 3384
3384, 21838
3384, 12540
15798, 3385
3385, 13170
16754, 3386
22217, 3386
21974, 3386
29105, 3386
24635, 3386
14677, 3386
3386, 31905
3386, 33571
3386, 15810
3386, 22939
3386, 20375
3386, 28623
3386, 34197
20804, 3387
21194, 3387
13125, 3387
35762, 3387
10468, 3387
35680, 3387
3387, 34874
21253, 3388
3388, 8973
25750, 3389
29817, 3389
34550, 3389
16678, 3389
35493, 3389
15418, 3389
3389, 15889
21529, 3390
34380, 3390
3390, 22200
3390, 31759
3390, 21045
24843, 3391
3391, 21336
24844, 3392
3392, 29986
29763, 3393
3393, 24207
27446, 3394
3394, 33637
14975, 3395
23876, 3395
3395, 22455
14860, 3396
3396, 29605
36942, 3397
3397, 29695
32943, 3398
3398, 27885
22485, 3399
3399, 14569
14581, 3400
29037, 3400
3400, 14664
25806, 3401
3401, 23371
17980, 3402
3402, 35958
12110, 3403
3403, 11872
13140, 3404
3404, 16579
3404, 25060
29954, 3405
3405, 36398
9698, 3406
25135, 3406
3406, 17674
28331, 3407
3407, 23371
35397, 3408
3408, 29241
29878, 3409
3409, 11754
36942, 3410
26168, 3410
3410, 31610
18786, 3411
3411, 12087
3411, 35404
36547, 3412
26827, 3412
3412, 23371
21253, 3413
3413, 11990
30558, 3414
3414, 19809
3414, 8601
14630, 3415
3415, 21363
36402, 3416
3416, 36654
11017, 3417
3417, 20674
3417, 27156
3417, 25099
8641, 3418
3418, 11368
12818, 3419
10945, 3419
20299, 3419
3419, 17774
23558, 3420
3420, 8425
28359, 3421
28807, 3421
14220, 3421
3421, 12095
27203, 3422
3422, 34835
14026, 3423
34862, 3423
21707, 3423
31390, 3423
28479, 3423
25995, 3423
3423, 13834
30761, 3424
3424, 27382
21138, 3425
35004, 3425
3425, 28183
30658, 3426
3426, 33637
33530, 3427
3427, 22859
11093, 3428
9272, 3428
34257, 3428
26284, 3428
16740, 3428
3428, 9529
3428, 29162
3428, 34193
3428, 29067
3428, 11535
3428, 31391
35587, 3429
24122, 3429
34862, 3429
21194, 3429
31390, 3429
9316, 3429
36494, 3429
13111, 3429
8533, 3429
22729, 3429
3429, 8691
35607, 3430
3430, 33637
22520, 3431
33182, 3431
3431, 24020
35121, 3432
3432, 33057
23274, 3433
3433, 18662
12191, 3434
3434, 31852
22238, 3435
3435, 22875
24855, 3436
3436, 27352
20803, 3437
3437, 21914
16324, 3438
3438, 13147
19577, 3439
20152, 3439
24996, 3439
21554, 3439
27114, 3439
25114, 3439
17069, 3439
10892, 3439
3439, 21629
3439, 9638
26130, 3440
8388, 3440
13768, 3440
27397, 3440
19826, 3440
3440, 24052
3440, 22063
3440, 16703
3440, 23907
3440, 19581
3440, 34023
19510, 3441
3441, 12667
22358, 3442
3442, 14341
15807, 3443
3443, 23622
24502, 3444
3444, 26576
23723, 3445
3445, 18662
30743, 3446
3446, 25743
11500, 3447
3447, 11971
9287, 3448
17762, 3448
31820, 3448
8567, 3448
27381, 3448
3448, 16818
3448, 26863
3448, 17593
3448, 13162
3448, 18768
3448, 14894
31245, 3449
3449, 20677
25263, 3450
3450, 22661
31148, 3451
9572, 3451
3451, 14296
8871, 3452
3452, 32712
15665, 3453
3453, 13564
27203, 3454
3454, 33497
28425, 3455
3455, 14804
3455, 28239
18927, 3456
3456, 33637
12157, 3457
3457, 8667
30348, 3458
3458, 13621
17432, 3459
35405, 3459
3459, 36013
21183, 3460
22643, 3460
3460, 16232
30421, 3461
3461, 10014
3461, 25099
3461, 25633
18129, 3462
3462, 36151
36912, 3463
19969, 3463
3463, 35661
25748, 3464
28828, 3464
35371, 3464
33240, 3464
30276, 3464
21124, 3464
33753, 3464
14888, 3464
13115, 3464
10641, 3464
3464, 13267
3464, 28169
3464, 18052
3464, 22978
3464, 31551
3464, 18082
3464, 33869
3464, 28927
3464, 34473
3464, 37063
3464, 23852
23596, 3465
3465, 28578
12582, 3466
3466, 18808
14393, 3467
3467, 23136
17674, 3468
27814, 3468
17224, 3468
34109, 3468
32275, 3468
3468, 20763
3468, 32642
3468, 33752
3468, 22328
3468, 21211
3468, 21214
12890, 3469
8682, 3469
3469, 21265
14120, 3470
3470, 18662
25136, 3471
30243, 3471
23607, 3471
24982, 3471
3471, 35512
25262, 3472
3472, 9392
19543, 3473
18457, 3473
26714, 3473
21274, 3473
14477, 3473
27621, 3473
35108, 3473
10299, 3473
23055, 3473
35235, 3473
12578, 3473
20643, 3473
31803, 3473
16344, 3473
21703, 3473
3473, 21124
30696, 3474
3474, 12345
34472, 3475
3475, 21576
23908, 3476
20757, 3476
16878, 3476
16698, 3476
20430, 3476
26528, 3476
3476, 13651
32852, 3477
3477, 19690
34832, 3478
3478, 29722
19804, 3479
3479, 21350
15577, 3480
29632, 3480
23337, 3480
12662, 3480
33898, 3480
31615, 3480
22171, 3480
12233, 3480
29004, 3480
17346, 3480
24188, 3480
35737, 3480
28934, 3480
25433, 3480
31511, 3480
13404, 3480
15447, 3480
10170, 3480
8558, 3480
24236, 3480
33560, 3480
34595, 3480
17667, 3480
22649, 3480
31999, 3480
12017, 3480
30334, 3480
26846, 3480
21450, 3480
15296, 3480
20471, 3480
26728, 3480
18118, 3480
34259, 3480
21041, 3480
3480, 17922
15550, 3481
35385, 3481
9440, 3481
29129, 3481
18449, 3481
11040, 3481
12643, 3481
12490, 3481
3481, 17157
3481, 14985
3481, 14261
3481, 23413
3481, 23787
3481, 11033
3481, 20192
3481, 18122
3481, 10424
28507, 3482
3482, 19454
3482, 18329
22163, 3483
3483, 33637
8387, 3484
27037, 3484
3484, 14733
3484, 30793
25074, 3485
3485, 18662
14804, 3486
22466, 3486
3486, 16553
21728, 3487
3487, 12928
25468, 3488
12037, 3488
3488, 27330
15794, 3489
17597, 3489
24069, 3489
31125, 3489
34040, 3489
18848, 3489
28578, 3489
29331, 3489
17770, 3489
20482, 3489
35265, 3489
14148, 3489
26022, 3489
30788, 3489
8534, 3489
31806, 3489
31657, 3489
25777, 3489
34881, 3489
23564, 3489
35975, 3489
17994, 3489
28666, 3489
18053, 3489
33834, 3489
14273, 3489
31768, 3489
12216, 3489
3489, 26533
25112, 3490
3490, 15326
3490, 20492
22938, 3491
3491, 28281
10407, 3492
3492, 15111
32966, 3493
3493, 30428
10452, 3494
3494, 20785
16400, 3495
3495, 16939
13406, 3496
3496, 9244
25527, 3497
17174, 3497
3497, 27206
3497, 34275
25095, 3498
3498, 11841
12175, 3499
3499, 17451
30754, 3500
3500, 25496
3500, 18662
22515, 3501
3501, 19461
12969, 3502
3502, 20329
26139, 3503
22727, 3503
10138, 3503
13221, 3503
14712, 3503
34189, 3503
27071, 3503
25619, 3503
3503, 24927
3503, 35409
13285, 3504
3504, 36486
27600, 3505
3505, 36654
9004, 3506
3506, 24707
3506, 31083
28046, 3507
3507, 18801
9284, 3508
36859, 3508
27395, 3508
31815, 3508
34096, 3508
21530, 3508
28995, 3508
26713, 3508
3508, 29573
3508, 31895
12005, 3509
34579, 3509
3509, 22779
18662, 3510
3510, 29640
23450, 3511
3511, 25239
21253, 3512
3512, 15989
22787, 3513
16575, 3513
14518, 3513
26088, 3513
31086, 3513
3513, 18266
3513, 27242
12961, 3514
3514, 33637
29073, 3515
3515, 11031
3515, 18662
17816, 3516
3516, 28615
3516, 16320
32930, 3517
12700, 3517
18193, 3517
3517, 34671
3517, 35638
33044, 3518
17274, 3518
8836, 3518
3518, 13993
14820, 3519
10663, 3519
3519, 13732
28983, 3520
3520, 27632
28968, 3521
3521, 23371
16164, 3522
3522, 27385
10407, 3523
3523, 15111
24760, 3524
15428, 3524
13234, 3524
31244, 3524
3524, 31441
21782, 3525
13534, 3525
9929, 3525
13420, 3525
35288, 3525
3525, 24585
3525, 20210
3525, 24120
3525, 23717
3525, 8412
3525, 15046
3525, 28262
12726, 3526
31739, 3526
3526, 35478
31752, 3527
3527, 29743
31439, 3528
3528, 33994
15111, 3529
3529, 30681
21284, 3530
3530, 32327
22485, 3531
3531, 14569
34507, 3532
3532, 35472
28655, 3533
13599, 3533
3533, 32712
14479, 3534
10677, 3534
3534, 27528
29298, 3535
25000, 3535
3535, 13134
23959, 3536
3536, 17674
22625, 3537
3537, 23947
20577, 3538
3538, 29054
10346, 3539
3539, 24160
3539, 25099
20008, 3540
32790, 3540
3540, 22496
14874, 3541
3541, 16232
31752, 3542
3542, 10693
24844, 3543
3543, 29420
12001, 3544
17792, 3544
34091, 3544
3544, 28281
11740, 3545
3545, 8469
30502, 3546
3546, 28664
14947, 3547
3547, 22231
26200, 3548
3548, 23308
31207, 3549
3549, 8456
10067, 3550
3550, 17533
12645, 3551
3551, 11726
34680, 3552
3552, 16004
3552, 29946
8469, 3553
32139, 3553
3553, 35922
3553, 25093
12945, 3554
3554, 25995
20755, 3555
3555, 16994
10407, 3556
3556, 15111
17404, 3557
3557, 10484
26214, 3558
3558, 12465
33563, 3559
11440, 3559
17562, 3559
32135, 3559
32139, 3559
34431, 3559
23371, 3559
13550, 3559
29549, 3559
17670, 3559
8510, 3559
3559, 26749
3559, 20917
3559, 20518
3559, 23716
3559, 22224
3559, 22951
3559, 11567
3559, 15977
3559, 12965
3559, 26592
3559, 15358
3559, 30513
11491, 3560
23330, 3560
22563, 3560
3560, 33762
19681, 3561
8520, 3561
18317, 3561
35768, 3561
20152, 3561
3561, 21629
23432, 3562
3562, 27786
3562, 8754
3562, 24871
3562, 8421
11013, 3563
3563, 9655
34622, 3564
3564, 35020
30668, 3565
3565, 29228
3565, 18662
17070, 3566
3566, 33463
18035, 3567
3567, 27760
11920, 3568
3568, 27893
20162, 3569
26455, 3569
12279, 3569
35806, 3569
3569, 18842
30257, 3570
3570, 11395
21721, 3571
3571, 24201
29199, 3572
3572, 33057
22280, 3573
3573, 26354
34210, 3574
3574, 21974
21298, 3575
11575, 3575
3575, 26241
31046, 3576
3576, 35645
8791, 3577
3577, 30093
13655, 3578
3578, 16480
10355, 3579
34484, 3579
3579, 17674
8460, 3580
31788, 3580
3580, 33057
26208, 3581
3581, 25430
19009, 3582
33252, 3582
3582, 35661
25970, 3583
3583, 18662
9430, 3584
3584, 18906
36251, 3585
3585, 21067
25819, 3586
25587, 3586
3586, 33637
28046, 3587
3587, 32532
10629, 3588
3588, 17891
9812, 3589
9419, 3589
34797, 3589
14080, 3589
3589, 28852
3589, 36388
3589, 24111
3589, 24529
3589, 35906
11559, 3590
3590, 35319
3590, 26457
3590, 20545
3590, 34759
25441, 3591
3591, 13365
3591, 12914
13197, 3592
3592, 13929
3592, 33410
3592, 25481
15559, 3593
3593, 36380
3593, 15761
3593, 35296
3593, 9045
3593, 36825
3593, 25887
3593, 21333
3593, 18564
3593, 16816
3593, 24541
3593, 25924
3593, 18019
3593, 21529
3593, 34659
3593, 33180
3593, 13374
3593, 24039
3593, 35396
3593, 15949
3593, 24146
3593, 15118
3593, 23676
3593, 31894
3593, 24184
3593, 28985
3593, 19777
3593, 26878
3593, 22735
3593, 27397
3593, 30623
3593, 14824
3593, 33779
3593, 15469
3593, 31057
3593, 34231
3593, 24617
3593, 13637
3593, 30612
3593, 21391
3593, 29867
3593, 15766
3593, 18964
3593, 17586
3593, 11698
12048, 3594
33373, 3594
33558, 3594
36102, 3594
34858, 3594
3594, 13353
33231, 3595
3595, 24335
11517, 3596
3596, 14624
10155, 3597
3597, 36654
20570, 3598
31566, 3598
3598, 23541
32397, 3599
3599, 15424
3599, 9290
33716, 3600
3600, 18904
15853, 3601
3601, 13194
18509, 3602
25967, 3602
3602, 11746
20434, 3603
3603, 29549
13866, 3604
3604, 26108
3604, 24853
17297, 3605
15546, 3605
28670, 3605
3605, 24650
3605, 23165
3605, 34098
3605, 23851
30825, 3606
3606, 33637
15376, 3607
3607, 17674
20765, 3608
3608, 22119
21352, 3609
26753, 3609
3609, 10771
13793, 3610
17514, 3610
14049, 3610
29932, 3610
3610, 27381
12078, 3611
20480, 3611
3611, 31769
28403, 3612
3612, 31204
14762, 3613
3613, 21146
26168, 3614
15807, 3614
9430, 3614
23450, 3614
3614, 15348
33463, 3615
3615, 31562
27243, 3616
3616, 18662
12110, 3617
3617, 16023
23972, 3618
3618, 33281
25010, 3619
3619, 29549
25105, 3620
3620, 28786
20870, 3621
3621, 13732
19066, 3622
3622, 18950
12110, 3623
3623, 14470
23138, 3624
3624, 18460
29022, 3625
3625, 21979
14537, 3626
3626, 24798
25097, 3627
3627, 15274
3627, 20922
27203, 3628
3628, 27264
15067, 3629
3629, 12278
33425, 3630
3630, 11198
34163, 3631
3631, 22217
20133, 3632
3632, 25678
13242, 3633
3633, 19620
25229, 3634
3634, 25290
22686, 3635
15244, 3635
27094, 3635
3635, 19399
16356, 3636
3636, 36715
26168, 3637
3637, 35265
14137, 3638
29632, 3638
31237, 3638
12392, 3638
12234, 3638
19103, 3638
32836, 3638
30449, 3638
16423, 3638
19156, 3638
25922, 3638
24874, 3638
33196, 3638
36407, 3638
30145, 3638
10154, 3638
29910, 3638
17711, 3638
20711, 3638
29693, 3638
17270, 3638
12704, 3638
36341, 3638
32094, 3638
29593, 3638
33079, 3638
25980, 3638
33831, 3638
16779, 3638
8621, 3638
13781, 3638
32291, 3638
27585, 3638
29018, 3638
27730, 3638
34984, 3638
23591, 3638
10318, 3638
29572, 3638
3638, 12349
25391, 3639
33504, 3639
3639, 23371
9506, 3640
31222, 3640
21134, 3640
3640, 27256
19968, 3641
3641, 24473
21915, 3642
3642, 28281
22283, 3643
3643, 10096
27203, 3644
3644, 31308
3644, 34490
9723, 3645
3645, 33281
20168, 3646
3646, 15481
9245, 3647
35680, 3647
3647, 19294
16861, 3648
37008, 3648
3648, 33637
21253, 3649
3649, 16358
18755, 3650
3650, 19232
30417, 3651
3651, 11683
26497, 3652
13459, 3652
3652, 36340
27499, 3653
13591, 3653
20185, 3653
29885, 3653
23229, 3653
31038, 3653
3653, 34295
9743, 3654
28072, 3654
16851, 3654
26816, 3654
8897, 3654
31737, 3654
11802, 3654
3654, 10461
32245, 3655
3655, 33637
16762, 3656
20468, 3656
3656, 9052
34597, 3657
3657, 30958
11313, 3658
3658, 31846
32895, 3659
3659, 21961
3659, 28145
11331, 3660
3660, 25509
13986, 3661
3661, 35289
21471, 3662
3662, 26522
10877, 3663
3663, 23371
28361, 3664
23082, 3664
17006, 3664
9491, 3664
3664, 13513
26509, 3665
3665, 17020
25739, 3666
3666, 20804
3666, 29217
36225, 3667
36326, 3667
3667, 23592
25673, 3668
3668, 12315
12723, 3669
3669, 36209
18662, 3670
3670, 30573
33521, 3671
3671, 25678
19820, 3672
25408, 3672
3672, 33281
10770, 3673
3673, 20804
3673, 29043
14406, 3674
22326, 3674
22822, 3674
34378, 3674
33295, 3674
29646, 3674
30840, 3674
15254, 3674
27395, 3674
3674, 13651
21194, 3675
29183, 3675
3675, 36305
15646, 3676
3676, 32955
19920, 3677
3677, 12886
20405, 3678
3678, 22092
3678, 28026
22221, 3679
3679, 9890
13402, 3680
3680, 18662
13894, 3681
3681, 10049
20723, 3682
3682, 17674
19166, 3683
3683, 29208
22623, 3684
3684, 12318
12246, 3685
23113, 3685
15705, 3685
18869, 3685
21624, 3685
33854, 3685
36712, 3685
11572, 3685
3685, 35371
21798, 3686
3686, 33526
28281, 3687
31979, 3687
35029, 3687
29338, 3687
28984, 3687
32648, 3687
3687, 32585
3687, 23526
3687, 27678
3687, 37061
3687, 36142
3687, 27236
3687, 36399
33468, 3688
3688, 25311
3688, 8628
15996, 3689
3689, 8425
9439, 3690
15505, 3690
28848, 3690
12929, 3690
35584, 3690
11912, 3690
19915, 3690
37046, 3690
3690, 15879
3690, 11948
3690, 15587
3690, 22806
3690, 21820
3690, 32016
3690, 26769
3690, 10430
3690, 15739
11443, 3691
3691, 18662
36558, 3692
3692, 35518
22885, 3693
3693, 25271
20505, 3694
3694, 28020
27530, 3695
3695, 24680
3695, 33463
3695, 25309
3695, 10612
18512, 3696
3696, 35986
3696, 30325
3696, 31791
25821, 3697
3697, 9997
26213, 3698
10896, 3698
22359, 3698
23983, 3698
18047, 3698
24445, 3698
28879, 3698
11187, 3698
32617, 3698
27976, 3698
9438, 3698
29421, 3698
19247, 3698
36166, 3698
26083, 3698
3698, 35519
32852, 3699
3699, 24410
3699, 17464
3699, 24386
3699, 26820
3699, 13975
3699, 14510
3699, 13388
3699, 22327
3699, 20863
3699, 20767
3699, 34964
3699, 22292
3699, 35526
3699, 24319
3699, 30618
3699, 16253
3699, 28430
3699, 23930
3699, 18722
3699, 13542
3699, 17489
3699, 36577
3699, 10121
3699, 31096
3699, 16110
3699, 18918
3699, 29173
3699, 27822
3699, 29741
3699, 26604
3699, 32222
3699, 34875
3699, 18134
3699, 11708
3699, 23182
3699, 35358
3699, 21825
3699, 23159
3699, 21610
3699, 32983
3699, 14742
3699, 13184
3699, 32612
3699, 11468
3699, 15437
3699, 32636
3699, 10948
3699, 13096
3699, 19449
3699, 17363
3699, 30755
3699, 17143
3699, 36286
3699, 30785
3699, 25825
3699, 23706
3699, 20000
3699, 29188
3699, 9067
3699, 10688
20191, 3700
3700, 26973
35670, 3701
26864, 3701
3701, 28733
26056, 3702
3702, 33637
22193, 3703
35451, 3703
3703, 18559
35666, 3704
3704, 23590
30706, 3705
17851, 3705
3705, 17902
3705, 13653
9776, 3706
3706, 24485
3706, 20832
12414, 3707
3707, 14251
28002, 3708
3708, 8433
19010, 3709
3709, 23371
32578, 3710
3710, 29318
14808, 3711
3711, 22217
22523, 3712
3712, 22258
11372, 3713
3713, 33637
26289, 3714
3714, 32832
15111, 3715
3715, 20844
3715, 19203
22811, 3716
3716, 17533
31932, 3717
3717, 31647
15033, 3718
24956, 3718
9116, 3718
3718, 26790
13034, 3719
3719, 14880
13166, 3720
3720, 36354
20755, 3721
32776, 3721
3721, 16994
29924, 3722
35857, 3722
3722, 12887
3722, 16595
19626, 3723
3723, 33281
14870, 3724
19815, 3724
3724, 12928
27174, 3725
19179, 3725
3725, 14878
24698, 3726
3726, 22809
18662, 3727
3727, 26151
30626, 3728
3728, 32372
34790, 3729
3729, 33637
27721, 3730
3730, 34403
3730, 34725
3730, 10058
13089, 3731
3731, 31917
19531, 3732
3732, 28281
10188, 3733
25959, 3733
34492, 3733
9736, 3733
17753, 3733
28570, 3733
31831, 3733
24048, 3733
3733, 33370
31641, 3734
3734, 11091
28629, 3735
3735, 28281
14157, 3736
3736, 27578
3736, 9839
25315, 3737
3737, 14026
26200, 3738
3738, 29295
18230, 3739
3739, 17533
20468, 3740
3740, 29030
33936, 3741
3741, 33552
13504, 3742
3742, 33418
3742, 18662
31752, 3743
3743, 25388
36111, 3744
31604, 3744
3744, 24779
26566, 3745
3745, 17775
28702, 3746
27766, 3746
26973, 3746
20604, 3746
17629, 3746
17787, 3746
30081, 3746
28183, 3746
27760, 3746
11834, 3746
3746, 24186
3746, 27254
3746, 33183
3746, 25366
3746, 9362
3746, 34266
3746, 32032
3746, 33163
3746, 12371
3746, 33028
3746, 11180
17289, 3747
14939, 3747
3747, 19881
22325, 3748
3748, 24560
3748, 8954
25791, 3749
3749, 33692
17070, 3750
3750, 29681
24817, 3751
3751, 12928
33234, 3752
3752, 24635
30044, 3753
3753, 24404
22962, 3754
3754, 28281
14499, 3755
3755, 29651
28686, 3756
3756, 20987
27736, 3757
33346, 3757
36653, 3757
3757, 8797
3757, 12169
25010, 3758
3758, 11038
23065, 3759
19397, 3759
3759, 30176
11974, 3760
8655, 3760
10280, 3760
31710, 3760
33239, 3760
3760, 25581
3760, 9923
3760, 10160
3760, 10240
12701, 3761
13362, 3761
3761, 17106
32202, 3762
3762, 8584
3762, 25099
14750, 3763
3763, 16550
28495, 3764
3764, 18662
11194, 3765
3765, 10982
3765, 21854
3765, 21925
3765, 19556
8356, 3766
26396, 3766
12680, 3766
9287, 3766
35104, 3766
19448, 3766
30457, 3766
32195, 3766
23842, 3766
13301, 3766
15209, 3766
23917, 3766
20496, 3766
3766, 29503
3766, 15002
3766, 26687
3766, 8543
3766, 8555
3766, 8407
3766, 16952
3766, 17602
3766, 10016
3766, 36009
3766, 28108
3766, 15527
3766, 24578
3766, 31973
3766, 36205
10407, 3767
20491, 3767
34615, 3767
3767, 15111
12110, 3768
3768, 23065
29174, 3769
3769, 26644
31276, 3770
8759, 3770
27537, 3770
3770, 28938
24456, 3771
3771, 28281
25028, 3772
33637, 3772
17461, 3772
22779, 3772
3772, 14232
3772, 19755
3772, 16895
3772, 13334
3772, 32766
17025, 3773
3773, 32113
8959, 3774
3774, 23916
3774, 27507
33701, 3775
3775, 13929
11272, 3776
21343, 3776
12680, 3776
35305, 3776
14604, 3776
15560, 3776
21124, 3776
3776, 11682
3776, 34582
3776, 18257
3776, 9803
3776, 32756
3776, 18172
3776, 8560
3776, 32032
3776, 16751
29041, 3777
3777, 16265
15141, 3778
3778, 24707
9790, 3779
3779, 23330
30714, 3780
3780, 36654
26822, 3781
3781, 21576
30668, 3782
3782, 13644
3782, 18662
24959, 3783
32974, 3783
3783, 20783
34916, 3784
3784, 12928
12359, 3785
3785, 32933
22607, 3786
34298, 3786
3786, 16340
18540, 3787
31752, 3787
3787, 15526
31030, 3788
3788, 30668
14041, 3789
3789, 14896
9471, 3790
3790, 36398
33855, 3791
3791, 35022
32852, 3792
3792, 22772
3792, 26297
3792, 33383
3792, 9226
3792, 31150
3792, 31362
3792, 15175
3792, 27770
3792, 22629
3792, 16782
3792, 27798
3792, 31284
3792, 31745
3792, 20284
3792, 10291
3792, 20349
3792, 28872
3792, 29294
3792, 19735
3792, 10454
3792, 18159
3792, 24738
3792, 31092
3792, 21877
3792, 34555
3792, 31822
3792, 17946
3792, 36489
3792, 34218
3792, 22624
3792, 18313
3792, 17268
3792, 36356
3792, 9775
3792, 12684
3792, 34191
3792, 22924
3792, 15229
3792, 28932
3792, 29007
3792, 33743
3792, 30079
3792, 16743
3792, 30766
3792, 17436
3792, 29104
3792, 13309
3792, 12950
3792, 9079
3792, 9706
3792, 34711
3792, 34158
3792, 24148
3792, 28441
3792, 26798
3792, 34324
3792, 35844
3792, 15632
31720, 3793
3793, 17629
23579, 3794
11520, 3794
13443, 3794
3794, 30894
13285, 3795
3795, 36486
21301, 3796
3796, 23371
13194, 3797
14425, 3797
3797, 25073
21253, 3798
3798, 12117
14685, 3799
3799, 28281
10390, 3800
3800, 16643
15615, 3801
3801, 18288
8675, 3802
29771, 3802
36633, 3802
26244, 3802
31980, 3802
10539, 3802
25368, 3802
3802, 13651
3802, 35371
29995, 3803
3803, 17092
3803, 30897
16404, 3804
18605, 3804
34334, 3804
3804, 22496
22959, 3805
3805, 30950
33951, 3806
3806, 22779
28935, 3807
30460, 3807
3807, 23371
33591, 3808
35313, 3808
3808, 25841
20045, 3809
3809, 35702
26093, 3810
3810, 19044
14601, 3811
3811, 22526
24938, 3812
3812, 10024
13274, 3813
3813, 36014
30781, 3814
3814, 33281
35290, 3815
25924, 3815
33180, 3815
17533, 3815
30500, 3815
22831, 3815
17605, 3815
27341, 3815
15891, 3815
33637, 3815
29867, 3815
16232, 3815
17586, 3815
11308, 3815
3815, 16653
3815, 28966
3815, 33955
3815, 21395
3815, 13861
3815, 10839
3815, 13560
3815, 16647
3815, 14737
3815, 14246
3815, 26902
3815, 24761
3815, 22393
3815, 8379
3815, 22704
14089, 3816
3816, 33914
33420, 3817
3817, 29631
23405, 3818
36473, 3818
3818, 23811
24792, 3819
19225, 3819
3819, 35948
8365, 3820
3820, 25044
21557, 3821
3821, 28786
14382, 3822
20585, 3822
3822, 11969
32886, 3823
3823, 22217
35717, 3824
3824, 8504
19041, 3825
3825, 34619
28139, 3826
3826, 25154
20235, 3827
3827, 32159
3827, 12520
14537, 3828
3828, 24798
35325, 3829
19888, 3829
28579, 3829
33725, 3829
15572, 3829
3829, 20072
3829, 15373
3829, 16092
3829, 13128
3829, 23511
3829, 13943
15807, 3830
3830, 21055
3830, 35579
35686, 3831
24201, 3831
3831, 21509
15982, 3832
3832, 14677
35950, 3833
31383, 3833
9812, 3833
26951, 3833
37056, 3833
21627, 3833
23371, 3833
35371, 3833
21044, 3833
3833, 10009
3833, 23630
3833, 28657
3833, 25762
3833, 26339
3833, 28445
3833, 27131
3833, 31504
3833, 14019
3833, 15011
22447, 3834
3834, 27914
21253, 3835
3835, 25654
8914, 3836
19798, 3836
3836, 9126
21253, 3837
3837, 9422
21233, 3838
3838, 36033
13013, 3839
26369, 3839
26589, 3839
32136, 3839
3839, 30206
21357, 3840
11575, 3840
3840, 12310
10407, 3841
30429, 3841
36008, 3841
3841, 15111
20325, 3842
3842, 10353
3842, 15313
30095, 3843
3843, 18662
9135, 3844
3844, 22272
27203, 3845
3845, 33949
12558, 3846
3846, 22862
21253, 3847
3847, 32443
25906, 3848
17105, 3848
34272, 3848
3848, 16966
3848, 11073
8464, 3849
3849, 24117
10398, 3850
20142, 3850
21813, 3850
26490, 3850
14012, 3850
25235, 3850
15386, 3850
20433, 3850
15886, 3850
33648, 3850
3850, 27008
26886, 3851
3851, 21302
3851, 18662
17070, 3852
3852, 10829
3852, 25736
27706, 3853
3853, 19481
35690, 3854
3854, 36587
3854, 24635
15566, 3855
3855, 9402
11042, 3856
3856, 19470
17303, 3857
3857, 12443
17581, 3858
3858, 20902
3858, 18662
30669, 3859
3859, 18368
30224, 3860
20529, 3860
21929, 3860
27140, 3860
29988, 3860
8827, 3860
30980, 3860
22591, 3860
24122, 3860
19832, 3860
36884, 3860
21584, 3860
18079, 3860
20734, 3860
32902, 3860
22760, 3860
14280, 3860
15231, 3860
15658, 3860
9316, 3860
15657, 3860
27702, 3860
36271, 3860
29503, 3860
13125, 3860
15701, 3860
15834, 3860
9153, 3860
23323, 3860
35765, 3860
24615, 3860
18865, 3860
21867, 3860
9010, 3860
22888, 3860
36935, 3860
23887, 3860
14836, 3860
22161, 3860
22723, 3860
30398, 3860
24459, 3860
33499, 3860
16898, 3860
10393, 3860
35605, 3860
27802, 3860
8686, 3860
10468, 3860
32339, 3860
10347, 3860
9853, 3860
24051, 3860
35680, 3860
33684, 3860
24627, 3860
30465, 3860
3860, 19314
24509, 3861
3861, 11215
9374, 3862
36459, 3862
3862, 35661
35732, 3863
35329, 3863
3863, 10468
15524, 3864
3864, 36695
26612, 3865
3865, 12701
25192, 3866
3866, 17533
21253, 3867
3867, 30465
28689, 3868
3868, 14040
3868, 28875
21156, 3869
15138, 3869
3869, 16442
21764, 3870
3870, 30081
8473, 3871
3871, 11069
17932, 3872
3872, 31019
29382, 3873
31144, 3873
3873, 17674
17303, 3874
3874, 20949
32005, 3875
3875, 20044
11920, 3876
3876, 27893
10022, 3877
33933, 3877
28237, 3877
30470, 3877
20539, 3877
3877, 30378
3877, 9632
18791, 3878
3878, 9502
3878, 14119
3878, 34844
22130, 3879
3879, 24798
16560, 3880
3880, 9055
30008, 3881
3881, 36304
3881, 15421
3881, 14031
18662, 3882
3882, 18054
9151, 3883
3883, 26368
23695, 3884
3884, 22888
16109, 3885
9386, 3885
25131, 3885
22779, 3885
3885, 27910
3885, 24849
3885, 9306
3885, 24111
3885, 25241
21253, 3886
3886, 16238
12952, 3887
3887, 22874
22252, 3888
10899, 3888
3888, 16759
34029, 3889
33746, 3889
36487, 3889
17133, 3889
3889, 17674
3889, 19542
31752, 3890
3890, 25632
30231, 3891
28378, 3891
3891, 13929
3891, 22864
3891, 31017
14663, 3892
26690, 3892
3892, 27256
31840, 3893
12648, 3893
19134, 3893
3893, 8607
3893, 16855
3893, 9120
31685, 3894
3894, 26060
22286, 3895
36715, 3895
8522, 3895
11249, 3895
36935, 3895
3895, 36702
9794, 3896
12928, 3896
3896, 32607
3896, 8769
33683, 3897
36585, 3897
10219, 3897
34151, 3897
32063, 3897
3897, 28353
26809, 3898
3898, 33261
11400, 3899
3899, 22994
28219, 3900
3900, 25317
26195, 3901
3901, 8653
12110, 3902
3902, 24453
27414, 3903
3903, 18662
28809, 3904
3904, 22510
24747, 3905
14163, 3905
13427, 3905
35485, 3905
11834, 3905
17208, 3905
10772, 3905
3905, 9465
3905, 31401
3905, 36082
3905, 17641
3905, 31343
3905, 16657
3905, 15277
3905, 33638
3905, 21748
3905, 18807
12492, 3906
3906, 9967
12603, 3907
3907, 18520
29199, 3908
3908, 33057
32297, 3909
3909, 29840
12492, 3910
3910, 9967
36771, 3911
3911, 16224
14804, 3912
12754, 3912
3912, 13899
10355, 3913
3913, 17674
14749, 3914
3914, 33637
31069, 3915
3915, 17533
26033, 3916
3916, 18449
23282, 3917
3917, 20264
3917, 11674
10324, 3918
3918, 26188
3918, 22903
22023, 3919
32052, 3919
13799, 3919
13657, 3919
8953, 3919
18758, 3919
25292, 3919
16519, 3919
33672, 3919
14897, 3919
3919, 26047
35011, 3920
3920, 8425
17261, 3921
3921, 10107
29861, 3922
3922, 36520
18281, 3923
21046, 3923
3923, 24635
12110, 3924
3924, 22286
36906, 3925
3925, 33184
3925, 13208
13850, 3926
21866, 3926
3926, 15258
35923, 3927
15346, 3927
3927, 28281
14493, 3928
9010, 3928
35733, 3928
20585, 3928
3928, 36046
29926, 3929
3929, 21870
3929, 33637
19658, 3930
3930, 21291
29810, 3931
3931, 26344
28022, 3932
3932, 24860
33971, 3933
3933, 12928
9430, 3934
3934, 33376
18289, 3935
3935, 20804
3935, 17674
27075, 3936
23854, 3936
34708, 3936
13606, 3936
29646, 3936
9854, 3936
10936, 3936
3936, 29410
3936, 24614
24766, 3937
12804, 3937
19295, 3937
20477, 3937
3937, 21616
31611, 3938
3938, 13993
16270, 3939
14650, 3939
3939, 31407
30165, 3940
3940, 25615
30233, 3941
3941, 18662
23181, 3942
12196, 3942
3942, 24635
13597, 3943
3943, 23371
26727, 3944
3944, 9641
28400, 3945
3945, 18662
31108, 3946
3946, 20804
24038, 3947
3947, 25464
32025, 3948
19011, 3948
29580, 3948
15036, 3948
25401, 3948
26780, 3948
20510, 3948
24597, 3948
10919, 3948
3948, 19043
3948, 33637
12459, 3949
3949, 18662
31380, 3950
3950, 23516
3950, 14861
21511, 3951
3951, 12632
3951, 26640
11767, 3952
3952, 10158
8933, 3953
3953, 11756
31180, 3954
26991, 3954
22724, 3954
27491, 3954
3954, 35661
9430, 3955
3955, 31167
27881, 3956
3956, 31360
18760, 3957
3957, 8457
18948, 3958
3958, 34404
32124, 3959
3959, 18662
36342, 3960
3960, 23058
35890, 3961
19965, 3961
14813, 3961
13601, 3961
36334, 3961
36044, 3961
21659, 3961
10933, 3961
24929, 3961
32174, 3961
24846, 3961
35521, 3961
35185, 3961
3961, 36968
18662, 3962
3962, 21727
32773, 3963
3963, 36956
31752, 3964
3964, 25669
35101, 3965
8717, 3965
25722, 3965
32645, 3965
25482, 3965
23581, 3965
3965, 9225
23467, 3966
3966, 18662
30651, 3967
3967, 28642
12110, 3968
3968, 9312
21253, 3969
3969, 18399
8871, 3970
3970, 8686
28265, 3971
17629, 3971
17533, 3971
17406, 3971
14677, 3971
31373, 3971
14004, 3971
31757, 3971
13263, 3971
18530, 3971
3971, 30039
3971, 36964
3971, 11179
3971, 23639
3971, 29575
3971, 16871
3971, 20150
3971, 32891
3971, 31777
3971, 16396
3971, 20224
18545, 3972
27807, 3972
19635, 3972
11014, 3972
21889, 3972
21171, 3972
27496, 3972
27980, 3972
28997, 3972
24032, 3972
12670, 3972
32246, 3972
25255, 3972
3972, 31928
30570, 3973
3973, 22738
3973, 13905
3973, 37029
3973, 20084
21253, 3974
3974, 30835
29579, 3975
3975, 18662
9430, 3976
3976, 25751
22580, 3977
3977, 25099
36666, 3978
3978, 19058
35984, 3979
3979, 30648
9826, 3980
3980, 10461
3980, 19437
3980, 31937
21253, 3981
3981, 12049
25251, 3982
21337, 3982
10644, 3982
3982, 25678
22094, 3983
3983, 33281
14263, 3984
3984, 20922
9915, 3985
3985, 24473
23232, 3986
3986, 19917
31065, 3987
3987, 35568
23410, 3988
3988, 25550
25163, 3989
3989, 14823
29613, 3990
3990, 13303
27412, 3991
31070, 3991
3991, 31389
25192, 3992
3992, 17533
20940, 3993
29261, 3993
3993, 15701
32897, 3994
3994, 17879
3994, 15855
18725, 3995
3995, 31884
12920, 3996
3996, 30747
24183, 3997
3997, 20432
3997, 21360
29346, 3998
3998, 14212
12327, 3999
3999, 21678
18155, 4000
23455, 4000
4000, 36148
12110, 4001
4001, 14493
20371, 4002
4002, 37031
29215, 4003
4003, 33637
16082, 4004
4004, 36398
4004, 12928
4004, 33541
32616, 4005
4005, 28281
30686, 4006
4006, 13732
35189, 4007
4007, 14167
13513, 4008
27127, 4008
12955, 4008
19609, 4008
17629, 4008
23043, 4008
32443, 4008
8963, 4008
21329, 4008
4008, 10910
4008, 28699
4008, 30113
4008, 28076
4008, 26902
4008, 9667
4008, 20272
4008, 36756
4008, 20461
4008, 16341
16164, 4009
4009, 27385
15813, 4010
4010, 34008
24203, 4011
4011, 26503
27986, 4012
26725, 4012
4012, 10515
19426, 4013
4013, 12523
27157, 4014
17798, 4014
4014, 30748
16412, 4015
4015, 28281
25465, 4016
4016, 20769
13380, 4017
35371, 4017
13171, 4017
12886, 4017
24779, 4017
4017, 33586
4017, 20542
4017, 29751
4017, 32218
4017, 26902
4017, 8873
17702, 4018
4018, 8425
23269, 4019
4019, 18968
14322, 4020
33770, 4020
30945, 4020
4020, 28281
16525, 4021
4021, 8384
25010, 4022
4022, 17674
23610, 4023
4023, 10656
21253, 4024
4024, 16476
23260, 4025
4025, 24635
13869, 4026
25594, 4026
9961, 4026
23022, 4026
15510, 4026
4026, 18709
4026, 32675
28891, 4027
8837, 4027
15094, 4027
33795, 4027
36485, 4027
4027, 36398
28962, 4028
4028, 15762
22323, 4029
4029, 16276
19652, 4030
16722, 4030
4030, 12410
4030, 26403
4030, 20520
18023, 4031
4031, 24235
32852, 4032
4032, 34888
4032, 36987
4032, 24922
4032, 29444
4032, 35940
4032, 23246
4032, 18926
4032, 10719
4032, 22310
4032, 33734
4032, 34744
4032, 19339
4032, 12800
4032, 18428
4032, 20863
4032, 20767
4032, 34964
4032, 12474
4032, 11404
4032, 28901
4032, 14344
4032, 10180
4032, 30618
4032, 26808
4032, 18722
4032, 10121
4032, 14647
4032, 19425
4032, 31096
4032, 17184
4032, 29741
4032, 23023
4032, 36234
4032, 11638
4032, 32222
4032, 29106
4032, 11442
4032, 19905
4032, 21825
4032, 16303
4032, 23159
4032, 15938
4032, 20200
4032, 15253
4032, 24007
4032, 17176
4032, 13568
4032, 21288
4032, 26573
4032, 21225
4032, 29277
4032, 28241
4032, 14709
4032, 16049
4032, 28316
4032, 13654
4032, 18013
4032, 8658
11605, 4033
23684, 4033
4033, 30961
36110, 4034
4034, 23240
12257, 4035
4035, 18329
4035, 13929
22286, 4036
24707, 4036
4036, 31457
26621, 4037
4037, 29037
4037, 26398
30905, 4038
19561, 4038
14997, 4038
33700, 4038
29617, 4038
31753, 4038
10551, 4038
19614, 4038
25140, 4038
36920, 4038
35551, 4038
15827, 4038
20997, 4038
10340, 4038
27056, 4038
20535, 4038
34046, 4038
9649, 4038
27739, 4038
14075, 4038
23425, 4038
27747, 4038
34383, 4038
13489, 4038
30575, 4038
26587, 4038
19475, 4038
8466, 4038
29008, 4038
17793, 4038
23827, 4038
17411, 4038
20500, 4038
20888, 4038
32679, 4038
21501, 4038
17881, 4038
27571, 4038
26092, 4038
27598, 4038
22454, 4038
14608, 4038
35999, 4038
22626, 4038
27006, 4038
33388, 4038
20976, 4038
24609, 4038
28027, 4038
15343, 4038
21726, 4038
31731, 4038
31875, 4038
15621, 4038
18602, 4038
12621, 4038
13890, 4038
10336, 4038
29904, 4038
32719, 4038
24244, 4038
19781, 4038
12291, 4038
36638, 4038
18127, 4038
27475, 4038
22122, 4038
22618, 4038
26078, 4038
31249, 4038
11148, 4038
19870, 4038
33688, 4038
15777, 4038
27599, 4038
36626, 4038
27392, 4038
19571, 4038
8559, 4038
27955, 4038
24514, 4038
13288, 4038
22121, 4038
34623, 4038
29374, 4038
9336, 4038
18654, 4038
14912, 4038
18312, 4038
13810, 4038
28406, 4038
32276, 4038
34813, 4038
17633, 4038
36579, 4038
25183, 4038
31554, 4038
23665, 4038
33622, 4038
9096, 4038
17403, 4038
32646, 4038
19174, 4038
29769, 4038
33789, 4038
21590, 4038
23584, 4038
20322, 4038
22665, 4038
14131, 4038
19360, 4038
21582, 4038
12197, 4038
30415, 4038
18666, 4038
24729, 4038
25735, 4038
25511, 4038
15747, 4038
26067, 4038
21125, 4038
36454, 4038
31394, 4038
14548, 4038
15856, 4038
15958, 4038
34840, 4038
9660, 4038
36349, 4038
36950, 4038
10301, 4038
13990, 4038
23368, 4038
26684, 4038
26945, 4038
9100, 4038
29762, 4038
32210, 4038
30335, 4038
12107, 4038
10596, 4038
28639, 4038
10004, 4038
29424, 4038
16013, 4038
34706, 4038
17221, 4038
36500, 4038
8652, 4038
31927, 4038
4038, 9431
35142, 4039
4039, 35810
4039, 18662
22032, 4040
4040, 25099
18936, 4041
4041, 23090
4041, 9079
15614, 4042
36202, 4042
4042, 9990
18837, 4043
4043, 36998
22142, 4044
4044, 21473
4044, 23779
12110, 4045
4045, 10116
17375, 4046
4046, 28281
24909, 4047
4047, 25223
21253, 4048
4048, 13663
31752, 4049
4049, 37055
18130, 4050
32868, 4050
4050, 13897
9978, 4051
4051, 30783
24010, 4052
4052, 15915
27682, 4053
4053, 23371
21923, 4054
4054, 29868
33810, 4055
4055, 29124
4055, 9969
4055, 10739
4055, 27211
23653, 4056
4056, 11965
12055, 4057
4057, 32574
12066, 4058
4058, 11431
9822, 4059
14851, 4059
27152, 4059
33007, 4059
35908, 4059
23742, 4059
28063, 4059
22181, 4059
15033, 4059
8433, 4059
9502, 4059
17305, 4059
22525, 4059
17769, 4059
24680, 4059
26001, 4059
19232, 4059
28157, 4059
21336, 4059
9246, 4059
9341, 4059
34566, 4059
25008, 4059
25975, 4059
25718, 4059
35759, 4059
27722, 4059
34146, 4059
31040, 4059
30321, 4059
11841, 4059
17258, 4059
14499, 4059
34454, 4059
14410, 4059
34403, 4059
10693, 4059
13194, 4059
9076, 4059
10043, 4059
35858, 4059
34772, 4059
26375, 4059
15487, 4059
20329, 4059
33772, 4059
36263, 4059
22216, 4059
35153, 4059
31058, 4059
34200, 4059
31651, 4059
25223, 4059
33647, 4059
27893, 4059
9467, 4059
32274, 4059
10845, 4059
28494, 4059
32991, 4059
26441, 4059
22899, 4059
9050, 4059
18808, 4059
21058, 4059
17451, 4059
31436, 4059
28529, 4059
16039, 4059
8599, 4059
33544, 4059
19422, 4059
17118, 4059
33526, 4059
9392, 4059
21067, 4059
10716, 4059
31866, 4059
12528, 4059
31817, 4059
31204, 4059
11666, 4059
34292, 4059
9905, 4059
33461, 4059
18987, 4059
9416, 4059
11971, 4059
20949, 4059
26108, 4059
25196, 4059
31835, 4059
25239, 4059
28903, 4059
30544, 4059
12754, 4059
28980, 4059
34941, 4059
14569, 4059
9839, 4059
19645, 4059
20532, 4059
34460, 4059
24160, 4059
11683, 4059
12805, 4059
15989, 4059
29911, 4059
9759, 4059
10874, 4059
18954, 4059
24927, 4059
16083, 4059
27605, 4059
21685, 4059
26980, 4059
21838, 4059
36449, 4059
15421, 4059
16330, 4059
12690, 4059
25439, 4059
21707, 4059
23087, 4059
21360, 4059
18979, 4059
26876, 4059
31836, 4059
11872, 4059
23722, 4059
32816, 4059
10107, 4059
35739, 4059
28458, 4059
33223, 4059
35986, 4059
25092, 4059
22474, 4059
18181, 4059
13335, 4059
23259, 4059
30325, 4059
24191, 4059
28111, 4059
35948, 4059
20899, 4059
17902, 4059
16809, 4059
15274, 4059
28479, 4059
36468, 4059
25982, 4059
19428, 4059
21694, 4059
11219, 4059
23002, 4059
11418, 4059
13040, 4059
16622, 4059
22357, 4059
26522, 4059
21053, 4059
9109, 4059
9496, 4059
22859, 4059
22496, 4059
24928, 4059
29504, 4059
28065, 4059
23951, 4059
17020, 4059
25868, 4059
13198, 4059
17891, 4059
19143, 4059
9726, 4059
12333, 4059
18402, 4059
31906, 4059
22112, 4059
19472, 4059
24288, 4059
34551, 4059
23876, 4059
33463, 4059
20807, 4059
29521, 4059
32239, 4059
21761, 4059
9387, 4059
35093, 4059
8935, 4059
16023, 4059
29642, 4059
10158, 4059
24601, 4059
34591, 4059
19977, 4059
35140, 4059
24853, 4059
36907, 4059
10537, 4059
20025, 4059
33534, 4059
11349, 4059
29669, 4059
31560, 4059
19001, 4059
32731, 4059
20866, 4059
34058, 4059
18669, 4059
29107, 4059
25690, 4059
17803, 4059
15876, 4059
28104, 4059
26838, 4059
13905, 4059
23597, 4059
16643, 4059
25181, 4059
31165, 4059
31780, 4059
35555, 4059
10234, 4059
30000, 4059
25309, 4059
34009, 4059
14170, 4059
11960, 4059
18267, 4059
12540, 4059
26225, 4059
15462, 4059
24201, 4059
13450, 4059
26063, 4059
31877, 4059
28082, 4059
18137, 4059
28958, 4059
8920, 4059
32080, 4059
24707, 4059
31969, 4059
27778, 4059
15759, 4059
29037, 4059
29727, 4059
30001, 4059
25662, 4059
15432, 4059
11871, 4059
33214, 4059
26548, 4059
33934, 4059
9331, 4059
37010, 4059
16116, 4059
18496, 4059
17903, 4059
13788, 4059
15855, 4059
35979, 4059
30033, 4059
34161, 4059
26310, 4059
35313, 4059
19074, 4059
23037, 4059
30090, 4059
13653, 4059
30688, 4059
10432, 4059
24093, 4059
8483, 4059
16810, 4059
22450, 4059
15114, 4059
27936, 4059
10078, 4059
18950, 4059
34305, 4059
19709, 4059
22689, 4059
17879, 4059
9116, 4059
10657, 4059
36354, 4059
17444, 4059
34465, 4059
33213, 4059
11575, 4059
21269, 4059
8384, 4059
25464, 4059
8634, 4059
36209, 4059
21331, 4059
26366, 4059
29298, 4059
19062, 4059
20922, 4059
17056, 4059
9740, 4059
24419, 4059
25613, 4059
23330, 4059
30962, 4059
13993, 4059
34102, 4059
26856, 4059
12523, 4059
36956, 4059
18015, 4059
14839, 4059
14770, 4059
30783, 4059
20041, 4059
30835, 4059
20193, 4059
11038, 4059
21061, 4059
19833, 4059
26061, 4059
9655, 4059
30180, 4059
9026, 4059
34089, 4059
34147, 4059
25768, 4059
29054, 4059
11732, 4059
30555, 4059
16646, 4059
12117, 4059
35406, 4059
23867, 4059
36091, 4059
12087, 4059
35686, 4059
35130, 4059
28680, 4059
23272, 4059
14339, 4059
31521, 4059
15651, 4059
10607, 4059
29915, 4059
22258, 4059
30747, 4059
30545, 4059
36515, 4059
16329, 4059
24181, 4059
9126, 4059
26326, 4059
9237, 4059
18190, 4059
17003, 4059
18359, 4059
27293, 4059
4059, 21867
30214, 4060
4060, 28281
27469, 4061
4061, 32356
22425, 4062
20087, 4062
4062, 24630
10634, 4063
4063, 19317
24735, 4064
21656, 4064
34655, 4064
21516, 4064
14841, 4064
34708, 4064
18969, 4064
4064, 17674
4064, 32113
15807, 4065
4065, 20166
33802, 4066
4066, 33647
10469, 4067
4067, 21360
4067, 34065
4067, 15490
13148, 4068
4068, 34591
13968, 4069
4069, 18662
31352, 4070
4070, 12928
10361, 4071
4071, 19947
34731, 4072
4072, 14394
15403, 4073
4073, 13383
9746, 4074
12072, 4074
4074, 35202
14247, 4075
4075, 34591
4075, 19461
4075, 25258
27013, 4076
4076, 21173
20191, 4077
4077, 19520
10754, 4078
4078, 36202
4078, 23371
28046, 4079
4079, 14163
23914, 4080
23762, 4080
4080, 21991
15073, 4081
4081, 17867
27073, 4082
28818, 4082
20468, 4082
4082, 28125
27026, 4083
4083, 31521
31752, 4084
4084, 22496
29098, 4085
32506, 4085
4085, 17949
4085, 21220
29629, 4086
4086, 9875
21009, 4087
11575, 4087
4087, 25584
9522, 4088
23434, 4088
4088, 19257
8673, 4089
4089, 24201
22099, 4090
4090, 13326
31752, 4091
4091, 27778
36942, 4092
4092, 15579
22497, 4093
10277, 4093
27787, 4093
31823, 4093
20503, 4093
22389, 4093
32795, 4093
24995, 4093
22191, 4093
16065, 4093
32232, 4093
19223, 4093
31360, 4093
19487, 4093
20101, 4093
29177, 4093
22268, 4093
13573, 4093
18909, 4093
10070, 4093
27922, 4093
31461, 4093
21928, 4093
18263, 4093
20790, 4093
31802, 4093
11931, 4093
32501, 4093
32211, 4093
11297, 4093
10670, 4093
32294, 4093
35946, 4093
17055, 4093
25958, 4093
20276, 4093
19000, 4093
8831, 4093
21453, 4093
16264, 4093
18784, 4093
29889, 4093
15699, 4093
17246, 4093
12850, 4093
14188, 4093
9825, 4093
34223, 4093
17802, 4093
31462, 4093
18911, 4093
18479, 4093
4093, 26533
26085, 4094
4094, 18808
12722, 4095
17429, 4095
4095, 17533
18614, 4096
4096, 23690
23791, 4097
4097, 16142
20989, 4098
4098, 18662
14337, 4099
4099, 21974
17986, 4100
23807, 4100
17013, 4100
26595, 4100
21008, 4100
25484, 4100
15330, 4100
21601, 4100
30305, 4100
4100, 29573
14889, 4101
4101, 9467
9847, 4102
4102, 20062
30149, 4103
4103, 13147
4103, 8850
9581, 4104
31701, 4104
4104, 28281
36267, 4105
4105, 15225
8723, 4106
4106, 29844
22474, 4107
8374, 4107
4107, 27826
33672, 4108
11299, 4108
21632, 4108
29438, 4108
35644, 4108
30645, 4108
35349, 4108
28570, 4108
10310, 4108
4108, 31820
12760, 4109
4109, 18613
35096, 4110
27775, 4110
4110, 16142
36735, 4111
4111, 36398
14891, 4112
4112, 13365
20478, 4113
4113, 35979
4113, 20551
11254, 4114
23935, 4114
4114, 19122
13512, 4115
4115, 17596
10914, 4116
4116, 21373
14250, 4117
4117, 21392
18870, 4118
4118, 33637
30674, 4119
22859, 4119
4119, 17537
21189, 4120
4120, 17533
20044, 4121
32462, 4121
13778, 4121
4121, 32757
24794, 4122
4122, 33637
22850, 4123
4123, 18662
17652, 4124
17231, 4124
36475, 4124
4124, 28281
26203, 4125
9949, 4125
4125, 19209
11815, 4126
4126, 12928
21987, 4127
24707, 4127
4127, 32154
12601, 4128
4128, 31780
10591, 4129
4129, 22119
22413, 4130
4130, 25961
17441, 4131
4131, 29492
20804, 4132
36118, 4132
4132, 25899
29634, 4133
4133, 29218
36942, 4134
4134, 36850
34870, 4135
4135, 13755
4135, 15855
30868, 4136
4136, 23240
19937, 4137
4137, 13365
11920, 4138
4138, 27893
21253, 4139
4139, 20602
14162, 4140
4140, 18950
31752, 4141
4141, 15432
23589, 4142
4142, 24201
23527, 4143
21512, 4143
4143, 27140
10536, 4144
13143, 4144
17928, 4144
25949, 4144
18759, 4144
35678, 4144
29886, 4144
21187, 4144
25364, 4144
10215, 4144
23042, 4144
31458, 4144
19544, 4144
15416, 4144
14059, 4144
19533, 4144
22338, 4144
15355, 4144
32495, 4144
16112, 4144
22677, 4144
12481, 4144
14528, 4144
8903, 4144
30399, 4144
34021, 4144
12401, 4144
26496, 4144
34175, 4144
23612, 4144
11195, 4144
26971, 4144
14224, 4144
15237, 4144
31295, 4144
29336, 4144
15874, 4144
12731, 4144
17116, 4144
30871, 4144
24955, 4144
32609, 4144
30048, 4144
15262, 4144
32529, 4144
32630, 4144
13517, 4144
21639, 4144
17387, 4144
15514, 4144
34821, 4144
21244, 4144
18005, 4144
23497, 4144
35550, 4144
14595, 4144
29443, 4144
20064, 4144
16858, 4144
32266, 4144
33654, 4144
31723, 4144
22189, 4144
27191, 4144
36476, 4144
30331, 4144
26118, 4144
34086, 4144
12047, 4144
9110, 4144
16951, 4144
17019, 4144
21408, 4144
25070, 4144
10884, 4144
34247, 4144
33539, 4144
9028, 4144
23310, 4144
13487, 4144
28769, 4144
27930, 4144
26726, 4144
10331, 4144
15095, 4144
37034, 4144
33643, 4144
10661, 4144
31254, 4144
24645, 4144
22284, 4144
30899, 4144
10485, 4144
13227, 4144
14795, 4144
23933, 4144
30062, 4144
29304, 4144
23258, 4144
8480, 4144
12785, 4144
26286, 4144
20444, 4144
11355, 4144
21237, 4144
23116, 4144
28825, 4144
17419, 4144
36507, 4144
34642, 4144
24227, 4144
30662, 4144
31255, 4144
12989, 4144
20658, 4144
19483, 4144
20660, 4144
35540, 4144
32389, 4144
12529, 4144
14196, 4144
34347, 4144
26768, 4144
16066, 4144
35386, 4144
29116, 4144
34675, 4144
16347, 4144
33846, 4144
8680, 4144
16636, 4144
35471, 4144
13295, 4144
18293, 4144
33131, 4144
15458, 4144
26340, 4144
15364, 4144
25125, 4144
14614, 4144
14115, 4144
18386, 4144
16406, 4144
20688, 4144
14457, 4144
23968, 4144
27233, 4144
13083, 4144
13530, 4144
18698, 4144
34309, 4144
26717, 4144
29284, 4144
25341, 4144
8816, 4144
22312, 4144
17341, 4144
35703, 4144
21389, 4144
16012, 4144
13099, 4144
14931, 4144
36706, 4144
30977, 4144
10655, 4144
11171, 4144
17887, 4144
36701, 4144
35013, 4144
22472, 4144
20920, 4144
25828, 4144
25416, 4144
15146, 4144
28610, 4144
26789, 4144
11564, 4144
14977, 4144
20222, 4144
10562, 4144
14141, 4144
25600, 4144
22749, 4144
32440, 4144
10620, 4144
18490, 4144
30134, 4144
25701, 4144
24733, 4144
29072, 4144
11769, 4144
18165, 4144
33209, 4144
29539, 4144
34553, 4144
8393, 4144
22786, 4144
35928, 4144
15223, 4144
13061, 4144
11574, 4144
14032, 4144
28785, 4144
10417, 4144
14965, 4144
11203, 4144
10711, 4144
29561, 4144
16838, 4144
35300, 4144
28009, 4144
34237, 4144
22302, 4144
10638, 4144
11361, 4144
26617, 4144
8625, 4144
35664, 4144
24608, 4144
14332, 4144
29682, 4144
21998, 4144
21806, 4144
20962, 4144
32416, 4144
30560, 4144
37018, 4144
33569, 4144
18611, 4144
28358, 4144
27720, 4144
18167, 4144
23027, 4144
31520, 4144
30505, 4144
19575, 4144
8505, 4144
28734, 4144
28796, 4144
32535, 4144
19193, 4144
14458, 4144
12367, 4144
28681, 4144
13575, 4144
12815, 4144
14755, 4144
21800, 4144
26355, 4144
12004, 4144
19628, 4144
36861, 4144
34536, 4144
10117, 4144
31614, 4144
29201, 4144
16656, 4144
13401, 4144
27963, 4144
26563, 4144
8937, 4144
12475, 4144
35465, 4144
24154, 4144
10451, 4144
22451, 4144
26459, 4144
18819, 4144
36094, 4144
23454, 4144
14680, 4144
21955, 4144
8479, 4144
10210, 4144
29273, 4144
15121, 4144
16685, 4144
19486, 4144
27281, 4144
15711, 4144
17323, 4144
12201, 4144
19348, 4144
28073, 4144
12953, 4144
21268, 4144
9255, 4144
13038, 4144
22697, 4144
18617, 4144
29015, 4144
31662, 4144
18142, 4144
13807, 4144
26077, 4144
17241, 4144
26365, 4144
17121, 4144
17779, 4144
16693, 4144
14566, 4144
15266, 4144
23777, 4144
32950, 4144
12396, 4144
12784, 4144
36358, 4144
22401, 4144
33479, 4144
25137, 4144
16557, 4144
25696, 4144
37005, 4144
24857, 4144
25344, 4144
31466, 4144
25671, 4144
30791, 4144
9673, 4144
23809, 4144
9778, 4144
36891, 4144
32978, 4144
30057, 4144
19616, 4144
33853, 4144
36696, 4144
18774, 4144
17032, 4144
27369, 4144
26385, 4144
28877, 4144
33775, 4144
22344, 4144
32415, 4144
12080, 4144
14986, 4144
28248, 4144
28287, 4144
28729, 4144
22081, 4144
33751, 4144
19465, 4144
15003, 4144
29397, 4144
9768, 4144
23567, 4144
25143, 4144
25451, 4144
30388, 4144
25562, 4144
14567, 4144
35812, 4144
20580, 4144
15869, 4144
34116, 4144
29880, 4144
26959, 4144
34592, 4144
13203, 4144
11851, 4144
35637, 4144
29345, 4144
33243, 4144
28039, 4144
34059, 4144
9541, 4144
9980, 4144
17547, 4144
26260, 4144
10034, 4144
20149, 4144
22870, 4144
24701, 4144
24004, 4144
28105, 4144
29559, 4144
35674, 4144
36219, 4144
19656, 4144
26443, 4144
14375, 4144
24015, 4144
36490, 4144
19707, 4144
34270, 4144
19907, 4144
15485, 4144
27524, 4144
29565, 4144
15899, 4144
26800, 4144
12326, 4144
21047, 4144
9700, 4144
28922, 4144
8710, 4144
13698, 4144
20667, 4144
14796, 4144
27550, 4144
18711, 4144
21068, 4144
17422, 4144
27638, 4144
35091, 4144
19724, 4144
18625, 4144
34069, 4144
14992, 4144
18256, 4144
27302, 4144
9388, 4144
8538, 4144
19149, 4144
9202, 4144
11456, 4144
29914, 4144
9560, 4144
10615, 4144
20933, 4144
35783, 4144
33015, 4144
14256, 4144
31876, 4144
11457, 4144
29233, 4144
11274, 4144
9265, 4144
35795, 4144
9209, 4144
35067, 4144
30943, 4144
10144, 4144
33542, 4144
23464, 4144
9127, 4144
35961, 4144
28678, 4144
24135, 4144
17502, 4144
32240, 4144
14345, 4144
9410, 4144
12058, 4144
14766, 4144
34204, 4144
17117, 4144
9851, 4144
21993, 4144
9918, 4144
15367, 4144
20443, 4144
32673, 4144
23601, 4144
22843, 4144
35357, 4144
9090, 4144
32838, 4144
20392, 4144
21066, 4144
19830, 4144
32841, 4144
27616, 4144
31282, 4144
30137, 4144
12922, 4144
32550, 4144
27331, 4144
8532, 4144
23611, 4144
27180, 4144
25164, 4144
25432, 4144
16229, 4144
36232, 4144
9813, 4144
19530, 4144
21857, 4144
11981, 4144
16725, 4144
11745, 4144
19381, 4144
33659, 4144
10538, 4144
11453, 4144
33938, 4144
32833, 4144
22576, 4144
22212, 4144
19504, 4144
21164, 4144
29847, 4144
19439, 4144
31481, 4144
8467, 4144
36196, 4144
24572, 4144
32644, 4144
32061, 4144
14662, 4144
14238, 4144
8554, 4144
27182, 4144
18635, 4144
11047, 4144
9640, 4144
10578, 4144
32008, 4144
25329, 4144
12317, 4144
26300, 4144
32281, 4144
34111, 4144
25931, 4144
26480, 4144
10911, 4144
30693, 4144
22910, 4144
19752, 4144
21621, 4144
36951, 4144
16133, 4144
27438, 4144
16822, 4144
34638, 4144
22383, 4144
36087, 4144
21942, 4144
17819, 4144
24136, 4144
25506, 4144
34413, 4144
14898, 4144
36597, 4144
21017, 4144
12171, 4144
28096, 4144
9224, 4144
12991, 4144
21714, 4144
21767, 4144
17080, 4144
24490, 4144
17507, 4144
25328, 4144
36959, 4144
9078, 4144
30543, 4144
9351, 4144
22537, 4144
29092, 4144
22739, 4144
27877, 4144
13054, 4144
31741, 4144
9559, 4144
28312, 4144
34506, 4144
33990, 4144
19860, 4144
31797, 4144
27898, 4144
26985, 4144
17495, 4144
25597, 4144
16988, 4144
14076, 4144
36647, 4144
8395, 4144
19107, 4144
34831, 4144
31873, 4144
28504, 4144
29705, 4144
20487, 4144
20453, 4144
32689, 4144
31578, 4144
14374, 4144
13027, 4144
11987, 4144
16237, 4144
14805, 4144
36352, 4144
21882, 4144
17104, 4144
26969, 4144
15504, 4144
29657, 4144
29594, 4144
19404, 4144
17868, 4144
36658, 4144
13646, 4144
35730, 4144
30795, 4144
23799, 4144
32083, 4144
28837, 4144
9060, 4144
31341, 4144
32877, 4144
22298, 4144
14592, 4144
13338, 4144
17264, 4144
12780, 4144
36560, 4144
25134, 4144
35272, 4144
8422, 4144
36363, 4144
16955, 4144
16317, 4144
10495, 4144
35339, 4144
21949, 4144
24994, 4144
31874, 4144
16183, 4144
29633, 4144
20598, 4144
34076, 4144
9232, 4144
22293, 4144
31302, 4144
21918, 4144
34895, 4144
26215, 4144
9006, 4144
33623, 4144
28317, 4144
28841, 4144
21565, 4144
21749, 4144
33739, 4144
34690, 4144
9273, 4144
15666, 4144
10744, 4144
11489, 4144
22969, 4144
22709, 4144
32384, 4144
24566, 4144
10228, 4144
30836, 4144
4144, 17455
4144, 32382
18936, 4145
4145, 12865
4145, 15845
12170, 4146
4146, 16189
18061, 4147
20925, 4147
9287, 4147
28633, 4147
13419, 4147
24602, 4147
32526, 4147
20623, 4147
4147, 32524
4147, 34101
4147, 36673
4147, 18473
4147, 8400
4147, 34221
4147, 18113
4147, 29159
4147, 20055
17070, 4148
4148, 16613
12229, 4149
18824, 4149
4149, 31418
26295, 4150
4150, 22899
34507, 4151
4151, 22251
33086, 4152
4152, 28281
10846, 4153
4153, 22231
4153, 11418
26936, 4154
23565, 4154
4154, 8761
4154, 18989
4154, 34577
26774, 4155
4155, 23371
18808, 4156
24860, 4156
22888, 4156
18907, 4156
4156, 28130
17756, 4157
4157, 12886
13837, 4158
10699, 4158
4158, 28183
16450, 4159
4159, 31440
31720, 4160
4160, 17629
24213, 4161
18418, 4161
4161, 19924
4161, 18967
32041, 4162
4162, 24719
36174, 4163
4163, 10845
4163, 26470
11731, 4164
4164, 35759
18364, 4165
28952, 4165
29052, 4165
23371, 4165
17533, 4165
15270, 4165
32275, 4165
4165, 28698
4165, 11837
4165, 28852
4165, 29661
4165, 29966
4165, 15008
4165, 8487
4165, 27057
25554, 4166
9061, 4166
4166, 23087
8832, 4167
4167, 9787
4167, 10007
4167, 25513
33194, 4168
9059, 4168
4168, 19567
10621, 4169
4169, 24927
31665, 4170
4170, 28306
4170, 31213
33202, 4171
4171, 21576
19063, 4172
4172, 17533
23353, 4173
4173, 21842
4173, 14786
4173, 10549
4173, 18161
24304, 4174
9963, 4174
15687, 4174
29648, 4174
18872, 4174
4174, 35688
9169, 4175
4175, 12928
17774, 4176
4176, 19266
4176, 29243
11975, 4177
4177, 18667
4177, 11876
4177, 29257
4177, 16326
4177, 31259
4177, 15161
4177, 35877
4177, 14121
4177, 23817
4177, 23109
4177, 32802
4177, 26176
4177, 8709
4177, 31149
4177, 24249
4177, 30028
4177, 27785
4177, 24832
4177, 27069
4177, 28313
4177, 10059
4177, 29105
4177, 24824
4177, 34007
4177, 22253
4177, 16852
4177, 22771
4177, 14186
4177, 27397
4177, 28279
4177, 32403
4177, 12531
4177, 12151
4177, 9473
4177, 12929
4177, 18212
4177, 35228
4177, 18585
4177, 12917
4177, 21968
4177, 16415
4177, 21280
4177, 23137
4177, 11939
4177, 14430
4177, 23961
4177, 33857
4177, 24267
4177, 36259
4177, 26121
4177, 11553
4177, 11784
4177, 34109
4177, 23680
4177, 22761
4177, 24946
4177, 35900
4177, 14552
4177, 18365
4177, 20398
4177, 32996
4177, 30059
4177, 31183
4177, 19008
4177, 32173
4177, 31006
4177, 27123
4177, 15480
4177, 36436
4177, 29184
4177, 12574
4177, 32066
9430, 4178
4178, 31021
4178, 32843
31718, 4179
4179, 10597
34118, 4180
4180, 33596
25656, 4181
4181, 20804
36540, 4182
4182, 15695
4182, 23633
13398, 4183
4183, 27328
36799, 4184
4184, 17674
27490, 4185
14807, 4185
9258, 4185
4185, 33637
20982, 4186
4186, 28281
13078, 4187
4187, 16358
25315, 4188
4188, 14026
17233, 4189
4189, 30861
22614, 4190
4190, 31969
9725, 4191
14239, 4191
4191, 20289
30865, 4192
4192, 26284
30700, 4193
4193, 30774
29316, 4194
4194, 35093
4194, 10393
34318, 4195
22703, 4195
20254, 4195
24891, 4195
10511, 4195
11551, 4195
33429, 4195
17745, 4195
9731, 4195
16970, 4195
24487, 4195
20947, 4195
30734, 4195
33783, 4195
10444, 4195
4195, 13437
4195, 31464
22621, 4196
4196, 25500
33294, 4197
4197, 21329
10407, 4198
4198, 15111
24854, 4199
4199, 33281
16171, 4200
14052, 4200
4200, 33637
28093, 4201
4201, 10659
27840, 4202
4202, 15462
18143, 4203
4203, 25670
14132, 4204
4204, 30757
4204, 28958
4204, 20041
19344, 4205
4205, 34946
24913, 4206
23888, 4206
29550, 4206
4206, 16142
11804, 4207
4207, 27332
32718, 4208
4208, 23871
4208, 31117
26151, 4209
4209, 29073
4209, 21130
4209, 9419
4209, 19609
4209, 27239
4209, 24039
4209, 23364
4209, 17166
4209, 32749
4209, 20562
35052, 4210
34234, 4210
9716, 4210
17525, 4210
21224, 4210
12455, 4210
4210, 14568
11521, 4211
4211, 26273
21253, 4212
4212, 22948
12415, 4213
4213, 22229
30385, 4214
4214, 17049
21803, 4215
4215, 18662
9566, 4216
4216, 30870
12898, 4217
4217, 24201
24671, 4218
4218, 26354
12110, 4219
4219, 31040
15870, 4220
4220, 21070
21253, 4221
4221, 21194
4221, 14677
26905, 4222
11156, 4222
32975, 4222
14504, 4222
13454, 4222
24756, 4222
4222, 24284
13274, 4223
4223, 25239
4223, 12547
36444, 4224
4224, 22357
33923, 4225
4225, 35949
27981, 4226
4226, 33281
8827, 4227
20585, 4227
4227, 21630
17202, 4228
4228, 29511
4228, 21782
16299, 4229
4229, 26188
4229, 22903
22479, 4230
9655, 4230
4230, 35821
22641, 4231
4231, 10120
35003, 4232
21986, 4232
4232, 18226
26760, 4233
4233, 12776
31507, 4234
4234, 17674
10570, 4235
30080, 4235
4235, 35759
12492, 4236
4236, 9967
26491, 4237
4237, 14463
22080, 4238
23747, 4238
19878, 4238
4238, 12955
11088, 4239
4239, 20826
34168, 4240
4240, 23576
16724, 4241
4241, 10024
23179, 4242
4242, 35805
22868, 4243
4243, 20194
19524, 4244
4244, 24635
28900, 4245
4245, 16767
33878, 4246
4246, 13732
11313, 4247
4247, 31846
25095, 4248
4248, 11841
21253, 4249
4249, 31607
18197, 4250
15701, 4250
32419, 4250
4250, 14072
26124, 4251
4251, 36517
35834, 4252
4252, 21576
36745, 4253
4253, 8425
23529, 4254
4254, 31760
4254, 8630
4254, 19478
21194, 4255
36313, 4255
13689, 4255
9010, 4255
10393, 4255
20091, 4255
4255, 12550
11710, 4256
4256, 14732
12275, 4257
4257, 31890
24530, 4258
4258, 18662
27884, 4259
4259, 35476
14210, 4260
4260, 16033
22868, 4261
4261, 14643
15592, 4262
4262, 21383
27997, 4263
13912, 4263
25609, 4263
4263, 13303
14671, 4264
21962, 4264
4264, 25098
4264, 15764
16707, 4265
4265, 16142
20218, 4266
4266, 28281
34565, 4267
14474, 4267
4267, 20157
19640, 4268
17578, 4268
4268, 31453
4268, 35146
11088, 4269
4269, 20826
14973, 4270
4270, 20041
25178, 4271
19468, 4271
4271, 33281
24274, 4272
4272, 8639
24320, 4273
4273, 33637
30030, 4274
4274, 23371
12024, 4275
10252, 4275
34718, 4275
29534, 4275
4275, 10251
10879, 4276
4276, 34565
28164, 4277
4277, 30804
30960, 4278
23575, 4278
4278, 17533
27234, 4279
4279, 11477
27072, 4280
4280, 24051
29096, 4281
11950, 4281
33333, 4281
22799, 4281
30206, 4281
26453, 4281
11873, 4281
24973, 4281
16115, 4281
33170, 4281
24614, 4281
35468, 4281
18830, 4281
22633, 4281
4281, 24336
4281, 27694
4281, 22463
4281, 10142
4281, 15694
4281, 29142
4281, 20234
4281, 15320
4281, 9534
4281, 25523
4281, 18875
4281, 27532
4281, 17110
4281, 26147
4281, 13505
4281, 27014
35585, 4282
4282, 26867
30140, 4283
19136, 4283
15628, 4283
27247, 4283
30317, 4283
15005, 4283
20263, 4283
13716, 4283
11887, 4283
10370, 4283
25556, 4283
27119, 4283
9032, 4283
4283, 10813
21253, 4284
4284, 17747
21848, 4285
22104, 4285
4285, 19680
31681, 4286
21223, 4286
4286, 17674
12589, 4287
4287, 17581
14351, 4288
26801, 4288
13082, 4288
4288, 26951
18307, 4289
4289, 8634
18147, 4290
4290, 26263
4290, 32729
12797, 4291
4291, 26225
32852, 4292
4292, 22772
4292, 31862
4292, 13496
4292, 31150
4292, 33402
4292, 21950
4292, 25847
4292, 27798
4292, 23443
4292, 29294
4292, 9908
4292, 10854
4292, 21877
4292, 31518
4292, 34555
4292, 20854
4292, 27520
4292, 10825
4292, 12544
4292, 34596
4292, 28160
4292, 14570
4292, 17277
4292, 32242
4292, 20046
4292, 14335
4292, 28932
4292, 28726
4292, 29007
4292, 20745
4292, 26427
4292, 31063
4292, 30068
4292, 12950
4292, 32352
4292, 9079
4292, 9706
4292, 25731
4292, 24148
4292, 34072
4292, 24833
4292, 25759
4292, 11685
4292, 28973
4292, 27164
4292, 23170
4292, 9907
4292, 25474
4292, 28441
4292, 26798
4292, 18682
4292, 35844
4292, 15632
4292, 28919
23552, 4293
4293, 20445
14981, 4294
4294, 16968
32189, 4295
15164, 4295
26233, 4295
19453, 4295
9738, 4295
13222, 4295
20262, 4295
31923, 4295
30446, 4295
30339, 4295
10247, 4295
31634, 4295
13686, 4295
13551, 4295
22988, 4295
13675, 4295
4295, 18842
33506, 4296
4296, 13790
36386, 4297
13817, 4297
4297, 22231
30210, 4298
4298, 28082
30094, 4299
4299, 16033
15138, 4300
4300, 9793
23445, 4301
4301, 31848
18275, 4302
30422, 4302
22350, 4302
8824, 4302
27818, 4302
25665, 4302
23090, 4302
9079, 4302
28580, 4302
11674, 4302
27378, 4302
4302, 26533
11320, 4303
4303, 28281
13514, 4304
4304, 9707
30773, 4305
14136, 4305
32572, 4305
11989, 4305
31267, 4305
32186, 4305
14171, 4305
35525, 4305
22282, 4305
23388, 4305
28386, 4305
31419, 4305
33212, 4305
18579, 4305
28011, 4305
28277, 4305
22299, 4305
30821, 4305
29110, 4305
4305, 18696
33355, 4306
4306, 24927
21442, 4307
4307, 32674
4307, 20649
4307, 23361
34105, 4308
14117, 4308
33203, 4308
33634, 4308
31361, 4308
21028, 4308
19681, 4308
8700, 4308
32627, 4308
28178, 4308
4308, 36870
23940, 4309
4309, 32080
11312, 4310
4310, 26284
23142, 4311
4311, 24602
13518, 4312
4312, 30090
20178, 4313
4313, 20074
12912, 4314
4314, 21914
19741, 4315
4315, 28910
19569, 4316
4316, 28281
14281, 4317
18613, 4317
27105, 4317
33180, 4317
18027, 4317
36123, 4317
30296, 4317
8425, 4317
4317, 29166
4317, 23957
4317, 10322
4317, 28321
4317, 24652
4317, 34700
4317, 17470
4317, 27746
4317, 31334
34720, 4318
29709, 4318
31574, 4318
18777, 4318
17343, 4318
19152, 4318
12503, 4318
4318, 22630
9657, 4319
4319, 29549
14398, 4320
4320, 26548
4320, 11949
14829, 4321
4321, 28281
4321, 19597
30163, 4322
4322, 28281
10964, 4323
4323, 8469
26672, 4324
30673, 4324
4324, 13732
23469, 4325
4325, 35147
4325, 16142
4325, 9686
33899, 4326
14023, 4326
4326, 20445
19331, 4327
4327, 8425
31238, 4328
21304, 4328
22944, 4328
28461, 4328
18881, 4328
30728, 4328
21287, 4328
10126, 4328
9663, 4328
22412, 4328
21933, 4328
8872, 4328
30986, 4328
17884, 4328
25056, 4328
33633, 4328
28609, 4328
35431, 4328
28853, 4328
31570, 4328
35483, 4328
33749, 4328
36613, 4328
8689, 4328
19391, 4328
21526, 4328
15740, 4328
21903, 4328
12092, 4328
29884, 4328
34174, 4328
22288, 4328
14873, 4328
20266, 4328
22521, 4328
23915, 4328
20227, 4328
20523, 4328
18794, 4328
8656, 4328
10074, 4328
22073, 4328
18278, 4328
20088, 4328
14116, 4328
36644, 4328
26144, 4328
25396, 4328
37058, 4328
16998, 4328
35284, 4328
18093, 4328
16770, 4328
14347, 4328
24666, 4328
27116, 4328
28574, 4328
14594, 4328
35394, 4328
12538, 4328
26892, 4328
20967, 4328
20007, 4328
35915, 4328
26663, 4328
26923, 4328
21486, 4328
15790, 4328
14000, 4328
28674, 4328
36505, 4328
36302, 4328
32952, 4328
19884, 4328
20758, 4328
4328, 29605
16340, 4329
13289, 4329
21438, 4329
26951, 4329
35576, 4329
17847, 4329
31372, 4329
21124, 4329
4329, 11914
4329, 34602
4329, 24204
4329, 36502
4329, 23832
4329, 8594
4329, 10337
4329, 28193
4329, 18554
28361, 4330
4330, 13513
13894, 4331
4331, 10049
12110, 4332
4332, 33934
33455, 4333
4333, 14227
4333, 24821
8913, 4334
32546, 4334
4334, 18279
11753, 4335
4335, 27127
34339, 4336
4336, 29250
20044, 4337
31987, 4337
4337, 36192
9010, 4338
25119, 4338
4338, 28575
8879, 4339
4339, 21014
30350, 4340
4340, 23762
27666, 4341
10351, 4341
27145, 4341
4341, 35136
30235, 4342
4342, 24680
33199, 4343
4343, 29016
29778, 4344
4344, 17258
12630, 4345
4345, 15937
25617, 4346
4346, 28065
26151, 4347
4347, 25159
4347, 21636
4347, 8999
4347, 25875
4347, 26315
4347, 30855
4347, 23502
4347, 19938
4347, 8948
4347, 22911
4347, 28370
4347, 23253
4347, 32203
4347, 28937
4347, 8980
9430, 4348
4348, 18164
23287, 4349
4349, 26980
17967, 4350
4350, 25829
23143, 4351
24173, 4351
35371, 4351
36896, 4351
30275, 4351
4351, 10564
4351, 16222
4351, 33305
4351, 32650
4351, 35341
4351, 11434
34634, 4352
34753, 4352
4352, 18259
31622, 4353
4353, 34403
4353, 10657
10057, 4354
30503, 4354
4354, 11817
29901, 4355
27343, 4355
4355, 21182
8681, 4356
4356, 16109
25430, 4357
9115, 4357
4357, 14934
18147, 4358
4358, 19000
33104, 4359
4359, 10537
30364, 4360
4360, 23361
34104, 4361
4361, 33022
35283, 4362
4362, 17723
13630, 4363
4363, 28281
26409, 4364
4364, 22458
28656, 4365
4365, 33281
9325, 4366
4366, 20808
4366, 18662
13186, 4367
4367, 21291
21412, 4368
4368, 35986
4368, 32731
4368, 12087
11332, 4369
4369, 26036
16668, 4370
15594, 4370
4370, 33281
13274, 4371
4371, 36413
22982, 4372
4372, 28281
36942, 4373
4373, 26310
33416, 4374
4374, 28578
11683, 4375
34387, 4375
4375, 18707
24844, 4376
4376, 16608
18031, 4377
4377, 15487
4377, 24956
24151, 4378
4378, 28458
10027, 4379
4379, 25099
11454, 4380
4380, 28236
31859, 4381
4381, 19875
11753, 4382
4382, 27127
17911, 4383
27713, 4383
14217, 4383
4383, 33281
13364, 4384
33144, 4384
13065, 4384
10253, 4384
26331, 4384
4384, 31820
19364, 4385
4385, 26325
33428, 4386
4386, 16646
4386, 13929
30733, 4387
4387, 26063
24770, 4388
22272, 4388
4388, 13028
31331, 4389
4389, 9740
26751, 4390
4390, 24201
25663, 4391
24300, 4391
29739, 4391
12115, 4391
35792, 4391
14234, 4391
22152, 4391
4391, 29718
4391, 16232
31356, 4392
4392, 28910
21253, 4393
4393, 30199
11910, 4394
4394, 9568
29348, 4395
4395, 31586
18743, 4396
4396, 14425
10407, 4397
4397, 15111
17713, 4398
4398, 18662
13273, 4399
4399, 30501
24471, 4400
4400, 12244
33222, 4401
30153, 4401
13565, 4401
26715, 4401
25190, 4401
18396, 4401
14271, 4401
37044, 4401
19046, 4401
35535, 4401
15172, 4401
33489, 4401
33232, 4401
32267, 4401
35120, 4401
25138, 4401
20584, 4401
24703, 4401
9081, 4401
26730, 4401
22363, 4401
4401, 10136
10660, 4402
4402, 33494
18002, 4403
4403, 22845
9384, 4404
4404, 11070
36979, 4405
19479, 4405
15926, 4405
29775, 4405
9052, 4405
21050, 4405
11455, 4405
4405, 32635
4405, 21355
4405, 26902
4405, 12572
4405, 11053
4405, 12411
4405, 12260
4405, 23102
4405, 22365
34510, 4406
20953, 4406
4406, 10557
12415, 4407
4407, 22229
15004, 4408
10830, 4408
31844, 4408
4408, 14740
17558, 4409
4409, 34403
26168, 4410
4410, 30594
4410, 24620
20787, 4411
4411, 28578
10671, 4412
4412, 27482
26027, 4413
34625, 4413
31386, 4413
4413, 21807
4413, 15197
4413, 29581
4413, 16864
34646, 4414
4414, 12447
12301, 4415
19718, 4415
4415, 33281
30128, 4416
18265, 4416
14046, 4416
17610, 4416
16161, 4416
24866, 4416
15667, 4416
4416, 12377
4416, 11486
18934, 4417
26951, 4417
23739, 4417
11493, 4417
27914, 4417
20999, 4417
4417, 22773
4417, 9054
4417, 12020
4417, 32345
4417, 32668
4417, 31415
4417, 23559
36542, 4418
4418, 13897
12854, 4419
4419, 16340
36830, 4420
4420, 12524
26516, 4421
4421, 9508
4421, 22367
10811, 4422
4422, 23914
33140, 4423
4423, 33281
17581, 4424
4424, 32954
4424, 18662
26787, 4425
4425, 21331
35597, 4426
4426, 35945
25647, 4427
4427, 20174
36934, 4428
4428, 23371
33508, 4429
4429, 18638
36895, 4430
4430, 18709
4430, 36345
21674, 4431
4431, 17674
15532, 4432
4432, 9138
13422, 4433
4433, 9668
30298, 4434
4434, 35661
9003, 4435
4435, 35113
23984, 4436
4436, 33281
28296, 4437
19801, 4437
33499, 4437
14444, 4437
4437, 29925
21769, 4438
4438, 30835
14254, 4439
4439, 28281
36058, 4440
4440, 24927
4440, 36265
11504, 4441
4441, 14394
35500, 4442
24975, 4442
34994, 4442
4442, 11630
16707, 4443
4443, 16142
26686, 4444
23322, 4444
30158, 4444
17017, 4444
4444, 10255
21692, 4445
4445, 20439
32990, 4446
4446, 18662
20082, 4447
4447, 13045
17693, 4448
4448, 35359
27127, 4449
27675, 4449
22586, 4449
8517, 4449
35371, 4449
21972, 4449
28758, 4449
25741, 4449
33170, 4449
24390, 4449
25091, 4449
26711, 4449
4449, 12604
4449, 8618
4449, 22647
4449, 24234
4449, 33727
4449, 17041
4449, 22068
4449, 17572
4449, 32089
4449, 20275
4449, 33867
4449, 8884
4449, 30987
27934, 4450
4450, 20927
28410, 4451
4451, 15111
28833, 4452
30180, 4452
4452, 27987
12817, 4453
4453, 33223
13258, 4454
4454, 19874
20609, 4455
4455, 21576
30670, 4456
4456, 30081
36283, 4457
4457, 17244
4457, 18662
11888, 4458
4458, 22744
27257, 4459
4459, 11555
37054, 4460
4460, 25500
32204, 4461
4461, 20109
4461, 19028
27725, 4462
4462, 10468
22032, 4463
11382, 4463
13979, 4463
9964, 4463
29599, 4463
36886, 4463
4463, 25099
21130, 4464
24511, 4464
17826, 4464
33637, 4464
4464, 18703
4464, 21234
4464, 21290
4464, 12219
4464, 17995
14097, 4465
4465, 13950
10630, 4466
4466, 29341
36881, 4467
4467, 22779
24776, 4468
4468, 15572
9352, 4469
24876, 4469
4469, 17674
9678, 4470
4470, 24358
4470, 18607
24542, 4471
10287, 4471
20699, 4471
4471, 11755
4471, 20633
20171, 4472
24005, 4472
10382, 4472
30374, 4472
4472, 20964
13765, 4473
4473, 8522
22485, 4474
4474, 14569
23733, 4475
17942, 4475
34764, 4475
13619, 4475
32404, 4475
9536, 4475
4475, 34487
18375, 4476
30687, 4476
32714, 4476
30401, 4476
35640, 4476
32496, 4476
30531, 4476
23891, 4476
4476, 11060
4476, 13237
30935, 4477
14654, 4477
4477, 14677
11694, 4478
4478, 19472
24334, 4479
4479, 28281
33302, 4480
4480, 19470
17929, 4481
4481, 18842
35026, 4482
4482, 32002
17235, 4483
4483, 23371
19421, 4484
4484, 36921
18360, 4485
4485, 17629
28455, 4486
4486, 10078
9417, 4487
4487, 9016
15396, 4488
15878, 4488
4488, 19576
4488, 26763
12039, 4489
4489, 14066
4489, 33463
18480, 4490
4490, 16033
19281, 4491
4491, 20899
4491, 24404
18493, 4492
4492, 13337
4492, 33399
4492, 14108
4492, 8901
26962, 4493
28787, 4493
4493, 18187
9316, 4494
4494, 28476
11731, 4495
4495, 35759
23699, 4496
4496, 21576
9294, 4497
9199, 4497
22214, 4497
4497, 31028
30673, 4498
4498, 13732
31752, 4499
4499, 12754
9705, 4500
4500, 22181
4500, 19422
4500, 20387
11740, 4501
21273, 4501
4501, 8469
22286, 4502
25982, 4502
4502, 25514
22745, 4503
4503, 36919
26723, 4504
4504, 36449
18247, 4505
20139, 4505
4505, 23058
19183, 4506
4506, 14417
21788, 4507
4507, 25994
16826, 4508
4508, 36013
4508, 14066
21875, 4509
4509, 17674
25253, 4510
4510, 33281
32421, 4511
19467, 4511
4511, 28458
15470, 4512
4512, 19709
4512, 17674
13521, 4513
4513, 32945
28435, 4514
27695, 4514
16434, 4514
12585, 4514
15037, 4514
17053, 4514
12939, 4514
26957, 4514
4514, 29410
36406, 4515
4515, 24581
33941, 4516
4516, 15516
21277, 4517
4517, 33637
32317, 4518
4518, 17674
28021, 4519
20532, 4519
19215, 4519
4519, 15835
17314, 4520
4520, 21207
22790, 4521
26823, 4521
18691, 4521
25888, 4521
18035, 4521
12766, 4521
12476, 4521
28001, 4521
18362, 4521
31225, 4521
4521, 18466
31315, 4522
4522, 29818
19172, 4523
4523, 13341
21253, 4524
4524, 30835
29144, 4525
4525, 18662
15634, 4526
4526, 22765
10407, 4527
4527, 15111
8704, 4528
4528, 20804
21253, 4529
4529, 25194
19792, 4530
23598, 4530
8857, 4530
24580, 4530
29734, 4530
18021, 4530
23210, 4530
12193, 4530
35722, 4530
18408, 4530
24436, 4530
19516, 4530
10980, 4530
24283, 4530
16632, 4530
11937, 4530
35146, 4530
31444, 4530
27445, 4530
15111, 4530
9431, 4530
17543, 4530
20327, 4530
10543, 4530
31960, 4530
11845, 4530
13903, 4530
31213, 4530
19716, 4530
23459, 4530
10586, 4530
25285, 4530
12465, 4530
34016, 4530
14523, 4530
12011, 4530
30378, 4530
27544, 4530
36390, 4530
29740, 4530
29040, 4530
30536, 4530
21863, 4530
28283, 4530
34310, 4530
21078, 4530
9450, 4530
18297, 4530
32414, 4530
19146, 4530
26306, 4530
34663, 4530
25098, 4530
24045, 4530
22225, 4530
33254, 4530
27965, 4530
27646, 4530
15762, 4530
16265, 4530
27142, 4530
37031, 4530
34480, 4530
36033, 4530
27021, 4530
32401, 4530
30443, 4530
19230, 4530
8965, 4530
17402, 4530
29631, 4530
8409, 4530
8858, 4530
29818, 4530
19848, 4530
21879, 4530
21488, 4530
23035, 4530
4530, 18643
4530, 24869
34542, 4531
4531, 20804
16730, 4532
4532, 10701
22173, 4533
35285, 4533
20683, 4533
33624, 4533
32393, 4533
14194, 4533
27168, 4533
15911, 4533
4533, 34893
8579, 4534
4534, 18662
33731, 4535
4535, 33254
10506, 4536
4536, 9118
9214, 4537
35925, 4537
11879, 4537
4537, 11948
4537, 27230
4537, 30049
26087, 4538
29906, 4538
30539, 4538
21576, 4538
4538, 36964
4538, 24407
4538, 14988
4538, 13641
4538, 14996
22148, 4539
4539, 17533
16038, 4540
4540, 15732
14981, 4541
4541, 25313
19662, 4542
4542, 34448
21969, 4543
21160, 4543
18709, 4543
19953, 4543
4543, 30123
4543, 27003
4543, 16971
4543, 28497
4543, 8842
15692, 4544
4544, 35363
28606, 4545
4545, 15572
16111, 4546
4546, 24201
4546, 20041
23713, 4547
4547, 14804
31591, 4548
4548, 30437
33596, 4549
28910, 4549
4549, 17135
26232, 4550
36209, 4550
4550, 15741
21253, 4551
4551, 12776
24905, 4552
8425, 4552
4552, 27027
4552, 18284
21024, 4553
4553, 17533
25598, 4554
4554, 19415
33434, 4555
4555, 13303
27947, 4556
10860, 4556
4556, 28758
9724, 4557
10763, 4557
4557, 33637
35713, 4558
31558, 4558
4558, 21099
12836, 4559
4559, 25099
16765, 4560
15736, 4560
4560, 10388
25095, 4561
4561, 11841
29029, 4562
34295, 4562
29473, 4562
14607, 4562
23901, 4562
9644, 4562
33281, 4562
14086, 4562
28183, 4562
36824, 4562
14496, 4562
11897, 4562
13897, 4562
24267, 4562
33753, 4562
9521, 4562
4562, 29303
4562, 19679
4562, 21730
4562, 34269
4562, 32433
4562, 12238
4562, 16629
4562, 9364
4562, 28300
4562, 15128
4562, 21675
4562, 26902
4562, 18238
4562, 30203
4562, 24925
4562, 14508
4562, 26814
25315, 4563
4563, 14026
10298, 4564
4564, 25099
29574, 4565
4565, 27405
8620, 4566
4566, 34200
36745, 4567
4567, 8425
24587, 4568
4568, 15030
21139, 4569
4569, 33281
15969, 4570
4570, 23326
4570, 33835
16179, 4571
4571, 23281
9347, 4572
4572, 35948
22671, 4573
4573, 24477
4573, 10881
35666, 4574
4574, 23590
16495, 4575
4575, 28743
10407, 4576
36020, 4576
24337, 4576
4576, 15111
23048, 4577
4577, 13732
36522, 4578
4578, 14825
14914, 4579
4579, 24201
4579, 16142
32908, 4580
4580, 27210
11902, 4581
21886, 4581
10099, 4581
24415, 4581
29252, 4581
31895, 4581
35661, 4581
11308, 4581
4581, 19766
4581, 34470
4581, 26902
4581, 24844
4581, 17477
4581, 18398
4581, 27167
4581, 22610
4581, 26110
23359, 4582
4582, 16083
26999, 4583
4583, 24831
27857, 4584
36073, 4584
4584, 8425
14855, 4585
4585, 16611
27127, 4586
13885, 4586
28926, 4586
22187, 4586
9929, 4586
23371, 4586
36777, 4586
20230, 4586
32769, 4586
13263, 4586
24779, 4586
20435, 4586
9206, 4586
15124, 4586
4586, 23301
4586, 27223
4586, 24897
4586, 20021
4586, 29755
4586, 30876
4586, 25883
4586, 22243
4586, 25810
4586, 31587
4586, 15096
4586, 25321
4586, 14551
4586, 13581
4586, 24443
15707, 4587
24554, 4587
4587, 36787
30792, 4588
9454, 4588
27691, 4588
4588, 16232
13894, 4589
4589, 10049
36121, 4590
27043, 4590
20673, 4590
23817, 4590
32682, 4590
16421, 4590
31820, 4590
23067, 4590
28758, 4590
14394, 4590
21303, 4590
31655, 4590
16358, 4590
24402, 4590
4590, 30349
4590, 28608
4590, 29865
4590, 10686
4590, 11831
4590, 15374
4590, 14169
4590, 30162
4590, 11807
4590, 14333
4590, 33224
4590, 9323
4590, 34225
4590, 13243
4590, 29977
4590, 26343
12628, 4591
4591, 21617
12208, 4592
4592, 11215
33692, 4593
9655, 4593
4593, 22269
8408, 4594
4594, 32348
34535, 4595
4595, 11676
23683, 4596
4596, 35896
28035, 4597
4597, 10173
16174, 4598
4598, 17533
17772, 4599
4599, 16810
30383, 4600
4600, 23371
26206, 4601
4601, 17674
11920, 4602
4602, 27893
32569, 4603
4603, 21870
4603, 25099
12970, 4604
22572, 4604
19012, 4604
23397, 4604
4604, 21974
11067, 4605
4605, 24150
21922, 4606
32581, 4606
4606, 36318
36639, 4607
33283, 4607
4607, 24583
33094, 4608
4608, 35957
15423, 4609
4609, 23487
34162, 4610
4610, 20894
22008, 4611
4611, 25222
4611, 12358
31422, 4612
14329, 4612
18258, 4612
4612, 35468
29360, 4613
4613, 9601
23448, 4614
4614, 18803
12552, 4615
4615, 20492
36528, 4616
4616, 11756
13540, 4617
4617, 15225
18662, 4618
4618, 32573
22614, 4619
4619, 31969
25334, 4620
28895, 4620
25643, 4620
29570, 4620
4620, 21974
10891, 4621
4621, 20792
9430, 4622
4622, 19584
24642, 4623
4623, 11918
12426, 4624
4624, 14425
24201, 4625
4625, 21735
28110, 4626
4626, 33637
20529, 4627
24615, 4627
12087, 4627
4627, 26461
24858, 4628
4628, 26522
17967, 4629
4629, 31367
31552, 4630
4630, 35661
26123, 4631
4631, 23762
20191, 4632
4632, 18842
10314, 4633
16135, 4633
4633, 10124
27104, 4634
4634, 13903
12779, 4635
31491, 4635
22051, 4635
35505, 4635
31752, 4635
4635, 27768
31944, 4636
4636, 34713
4636, 33794
28768, 4637
4637, 29569
9773, 4638
30026, 4638
24716, 4638
10907, 4638
34358, 4638
19037, 4638
20180, 4638
9832, 4638
17731, 4638
33060, 4638
21042, 4638
24062, 4638
27652, 4638
35603, 4638
18622, 4638
4638, 24340
8827, 4639
31715, 4639
32997, 4639
4639, 14013
15117, 4640
4640, 36587
12076, 4641
4641, 17674
10773, 4642
4642, 34941
4642, 14474
18378, 4643
4643, 35288
10407, 4644
4644, 15111
27690, 4645
33332, 4645
4645, 10461
36745, 4646
4646, 8425
20290, 4647
4647, 10527
25228, 4648
18019, 4648
17226, 4648
31809, 4648
20175, 4648
21295, 4648
35900, 4648
33970, 4648
12424, 4648
4648, 32910
4648, 18829
4648, 33419
4648, 18815
4648, 9509
4648, 11116
4648, 36694
4648, 30638
4648, 24623
4648, 16755
12609, 4649
4649, 34441
21253, 4650
4650, 31607
10290, 4651
4651, 33637
31263, 4652
22581, 4652
4652, 35213
32125, 4653
29616, 4653
22162, 4653
16100, 4653
4653, 36587
27245, 4654
27031, 4654
20449, 4654
33774, 4654
4654, 27476
16594, 4655
30156, 4655
4655, 11190
11307, 4656
23270, 4656
35720, 4656
9057, 4656
33555, 4656
17601, 4656
19297, 4656
4656, 29573
30737, 4657
4657, 18662
29240, 4658
4658, 33394
18475, 4659
29883, 4659
13447, 4659
35498, 4659
32618, 4659
30286, 4659
13652, 4659
22210, 4659
13495, 4659
14921, 4659
14822, 4659
20429, 4659
27855, 4659
23262, 4659
17308, 4659
29692, 4659
4659, 28281
9343, 4660
4660, 18720
30564, 4661
4661, 23371
28202, 4662
4662, 10809
15589, 4663
4663, 36120
13902, 4664
4664, 10043
12370, 4665
4665, 10597
4665, 22922
21475, 4666
4666, 34387
23456, 4667
17091, 4667
4667, 16333
4667, 20700
34509, 4668
4668, 11349
21782, 4669
36570, 4669
11452, 4669
35371, 4669
13343, 4669
25813, 4669
34625, 4669
20428, 4669
23253, 4669
11698, 4669
32648, 4669
4669, 28569
4669, 21833
4669, 28530
4669, 18169
4669, 26199
4669, 22757
4669, 19064
4669, 9452
4669, 20311
4669, 36819
4669, 19737
4669, 22320
21253, 4670
4670, 14215
15922, 4671
4671, 30811
28645, 4672
4672, 24991
4672, 12438
4672, 36758
25262, 4673
4673, 9392
10922, 4674
4674, 25099
35377, 4675
4675, 18662
22702, 4676
4676, 22765
4676, 9554
4676, 19738
16075, 4677
4677, 9308
11943, 4678
23988, 4678
9072, 4678
35355, 4678
33361, 4678
11592, 4678
36766, 4678
36566, 4678
29748, 4678
4678, 9287
4678, 35371
21253, 4679
4679, 33883
18108, 4680
4680, 36587
4680, 16044
12492, 4681
4681, 9967
31116, 4682
16747, 4682
35385, 4682
21897, 4682
33970, 4682
4682, 31985
4682, 17830
4682, 34969
4682, 35298
4682, 20957
4682, 33495
27203, 4683
9430, 4683
15807, 4683
4683, 11016
4683, 28405
28924, 4684
4684, 28479
11660, 4685
4685, 25276
24248, 4686
4686, 22859
17939, 4687
4687, 20804
20179, 4688
4688, 8674
23408, 4689
26425, 4689
4689, 30081
17463, 4690
4690, 13461
8457, 4691
4691, 20569
4691, 18662
26851, 4692
4692, 20585
32115, 4693
26700, 4693
8446, 4693
23175, 4693
4693, 18842
29309, 4694
4694, 18662
34051, 4695
4695, 25220
4695, 36661
4695, 18523
27176, 4696
30260, 4696
13359, 4696
9653, 4696
11862, 4696
4696, 36121
21156, 4697
10223, 4697
4697, 12864
19973, 4698
4698, 19044
35031, 4699
4699, 33615
36942, 4700
4700, 21173
13101, 4701
30574, 4701
36376, 4701
15540, 4701
30799, 4701
32745, 4701
4701, 8728
20233, 4702
19976, 4702
9088, 4702
32432, 4702
4702, 28306
4702, 27882
29127, 4703
4703, 18662
15288, 4704
4704, 33281
36438, 4705
4705, 17533
21440, 4706
10313, 4706
4706, 27351
23300, 4707
4707, 27142
23543, 4708
4708, 31836
17428, 4709
4709, 25865
34130, 4710
4710, 12794
4710, 19003
24408, 4711
4711, 36123
32706, 4712
21978, 4712
14901, 4712
22771, 4712
30121, 4712
28310, 4712
32648, 4712
4712, 37016
4712, 23238
4712, 18029
4712, 19393
4712, 21862
4712, 17737
4712, 26424
4712, 34838
4712, 13682
21253, 4713
4713, 33100
31265, 4714
35136, 4714
24528, 4714
19412, 4714
33281, 4714
23364, 4714
33570, 4714
32517, 4714
15179, 4714
23924, 4714
31131, 4714
18842, 4714
34369, 4714
4714, 36307
4714, 13284
4714, 17657
4714, 23187
4714, 34937
4714, 24351
4714, 17985
4714, 28006
4714, 19602
4714, 35669
4714, 10406
4714, 15663
4714, 20475
4714, 31323
36017, 4715
4715, 25877
36983, 4716
4716, 27936
4716, 14770
32703, 4717
4717, 22112
12156, 4718
4718, 33281
11841, 4719
20804, 4719
12328, 4719
4719, 30624
23438, 4720
4720, 28578
36881, 4721
4721, 22779
23992, 4722
4722, 16682
30866, 4723
4723, 18662
10407, 4724
30270, 4724
13546, 4724
26883, 4724
4724, 15111
34921, 4725
4725, 25028
27853, 4726
10249, 4726
10407, 4726
4726, 15111
17383, 4727
4727, 27965
23398, 4728
32064, 4728
4728, 9207
20740, 4729
4729, 17674
14900, 4730
4730, 28996
24539, 4731
23887, 4731
4731, 29398
31752, 4732
4732, 30688
12851, 4733
4733, 29549
30509, 4734
13524, 4734
17987, 4734
27790, 4734
4734, 35661
22772, 4735
31862, 4735
13496, 4735
31150, 4735
33402, 4735
21950, 4735
25847, 4735
23912, 4735
27798, 4735
23443, 4735
28578, 4735
29294, 4735
9908, 4735
24026, 4735
10854, 4735
16695, 4735
21877, 4735
31518, 4735
34555, 4735
20854, 4735
27520, 4735
10825, 4735
19935, 4735
12544, 4735
22875, 4735
34596, 4735
28160, 4735
14570, 4735
17277, 4735
32242, 4735
20046, 4735
34361, 4735
14335, 4735
28932, 4735
27864, 4735
28726, 4735
29007, 4735
20785, 4735
29024, 4735
20745, 4735
26427, 4735
31063, 4735
28665, 4735
30068, 4735
12950, 4735
32352, 4735
24016, 4735
10533, 4735
9079, 4735
24166, 4735
9706, 4735
25731, 4735
24148, 4735
34072, 4735
24833, 4735
25759, 4735
11685, 4735
28973, 4735
27164, 4735
23170, 4735
9907, 4735
25474, 4735
28441, 4735
26798, 4735
18682, 4735
35844, 4735
15632, 4735
28919, 4735
20494, 4735
4735, 26533
32901, 4736
4736, 31204
19282, 4737
19467, 4737
4737, 28458
19485, 4738
4738, 8831
12110, 4739
4739, 9076
23997, 4740
4740, 13665
30882, 4741
18960, 4741
30593, 4741
4741, 31159
33986, 4742
4742, 24831
11378, 4743
4743, 9655
11464, 4744
4744, 15033
9519, 4745
4745, 26522
21253, 4746
4746, 26853
13040, 4747
28753, 4747
4747, 30175
27488, 4748
4748, 18222
15658, 4749
25395, 4749
27622, 4749
17232, 4749
27950, 4749
4749, 27742
33118, 4750
4750, 19307
32963, 4751
4751, 21763
31976, 4752
4752, 9558
16515, 4753
4753, 12767
4753, 8531
4753, 36748
4753, 10668
4753, 28952
4753, 9810
4753, 17689
4753, 9929
4753, 23358
4753, 34797
4753, 20936
4753, 33336
4753, 35306
4753, 9148
4753, 36007
4753, 16089
4753, 11390
4753, 8377
4753, 9179
4753, 20816
4753, 32275
4753, 12128
4753, 27820
4753, 36708
4753, 36397
4753, 25702
4753, 21904
29645, 4754
23588, 4754
36375, 4754
26924, 4754
14669, 4754
24579, 4754
33050, 4754
27503, 4754
23641, 4754
29623, 4754
30779, 4754
31603, 4754
9633, 4754
21817, 4754
14801, 4754
20164, 4754
33219, 4754
26276, 4754
12295, 4754
34692, 4754
35846, 4754
13918, 4754
23715, 4754
19837, 4754
27039, 4754
32311, 4754
17917, 4754
36829, 4754
19750, 4754
36160, 4754
4754, 28743
13771, 4755
4755, 17581
20058, 4756
4756, 18662
36855, 4757
4757, 29564
28132, 4758
28908, 4758
4758, 31773
28467, 4759
4759, 29776
15431, 4760
25195, 4760
20529, 4760
21929, 4760
17612, 4760
24122, 4760
33591, 4760
35645, 4760
33461, 4760
21571, 4760
29053, 4760
21194, 4760
28479, 4760
25022, 4760
21403, 4760
15701, 4760
9153, 4760
20151, 4760
31992, 4760
22161, 4760
22723, 4760
35115, 4760
22729, 4760
10393, 4760
28736, 4760
25313, 4760
36787, 4760
21739, 4760
9853, 4760
27360, 4760
4760, 11069
10159, 4761
36056, 4761
19035, 4761
15900, 4761
19627, 4761
15132, 4761
4761, 26533
33312, 4762
4762, 17533
31972, 4763
4763, 36048
21253, 4764
4764, 23696
20918, 4765
21196, 4765
33531, 4765
20929, 4765
16655, 4765
18075, 4765
28260, 4765
11299, 4765
4765, 35371
12515, 4766
4766, 22776
4766, 25352
4766, 32606
4766, 19670
15807, 4767
4767, 18971
28307, 4768
4768, 19875
12110, 4769
4769, 16480
22614, 4770
4770, 31969
27757, 4771
4771, 36587
35362, 4772
4772, 12691
12603, 4773
4773, 15900
15430, 4774
22714, 4774
24000, 4774
12189, 4774
29222, 4774
23313, 4774
4774, 18979
12942, 4775
4775, 15993
29026, 4776
4776, 33057
27689, 4777
11417, 4777
16358, 4777
27760, 4777
4777, 11351
4777, 14396
4777, 37023
4777, 33155
4777, 23000
18548, 4778
4778, 28236
10407, 4779
4779, 15111
24859, 4780
32005, 4780
4780, 20044
18601, 4781
4781, 30798
27548, 4782
4782, 28580
9598, 4783
14050, 4783
34294, 4783
29214, 4783
24077, 4783
30780, 4783
17915, 4783
35776, 4783
20468, 4783
4783, 19938
19699, 4784
23148, 4784
36056, 4784
23125, 4784
16145, 4784
29506, 4784
21319, 4784
15132, 4784
4784, 26533
24364, 4785
4785, 33281
29326, 4786
4786, 15132
25262, 4787
4787, 9392
20168, 4788
4788, 27938
31107, 4789
4789, 12665
36794, 4790
4790, 36123
28320, 4791
4791, 15180
4791, 18505
4791, 22646
4791, 12073
4791, 23152
4791, 16202
34594, 4792
4792, 30783
19883, 4793
23645, 4793
26739, 4793
4793, 18842
14534, 4794
4794, 28111
9426, 4795
33720, 4795
4795, 26862
24491, 4796
15876, 4796
4796, 24449
10750, 4797
4797, 36670
36043, 4798
4798, 30033
11138, 4799
32777, 4799
37025, 4799
33871, 4799
26166, 4799
19589, 4799
10647, 4799
10338, 4799
20195, 4799
27288, 4799
15256, 4799
4799, 11977
4799, 9754
35878, 4800
4800, 23670
26270, 4801
4801, 13778
4801, 20193
12732, 4802
4802, 28281
10545, 4803
33469, 4803
4803, 33281
19572, 4804
4804, 32893
19222, 4805
31454, 4805
4805, 29848
4805, 14838
4805, 23275
4805, 31156
4805, 27188
4805, 16835
13218, 4806
4806, 26864
23237, 4807
4807, 15701
24622, 4808
23325, 4808
4808, 19044
24732, 4809
4809, 22888
27443, 4810
4810, 33281
20468, 4811
4811, 33166
10587, 4812
4812, 24473
19924, 4813
8666, 4813
16909, 4813
14181, 4813
29189, 4813
32376, 4813
19238, 4813
16618, 4813
33058, 4813
29583, 4813
13280, 4813
27938, 4813
21874, 4813
9408, 4813
26452, 4813
31804, 4813
18380, 4813
17811, 4813
16044, 4813
32559, 4813
30748, 4813
36023, 4813
22784, 4813
9315, 4813
21935, 4813
13349, 4813
15111, 4813
18121, 4813
14069, 4813
30838, 4813
15282, 4813
37012, 4813
19460, 4813
26376, 4813
22560, 4813
12206, 4813
35757, 4813
22304, 4813
11630, 4813
15313, 4813
32873, 4813
20359, 4813
27793, 4813
28145, 4813
16281, 4813
11755, 4813
11266, 4813
12338, 4813
26068, 4813
29960, 4813
36139, 4813
21206, 4813
26745, 4813
14257, 4813
29451, 4813
32243, 4813
15142, 4813
25865, 4813
27053, 4813
17181, 4813
13511, 4813
16731, 4813
37029, 4813
17369, 4813
20677, 4813
33676, 4813
14731, 4813
21792, 4813
12021, 4813
15515, 4813
10908, 4813
25012, 4813
23512, 4813
25176, 4813
30111, 4813
15682, 4813
10037, 4813
15706, 4813
31917, 4813
25633, 4813
24489, 4813
15441, 4813
20964, 4813
29384, 4813
10096, 4813
31920, 4813
36913, 4813
9875, 4813
10729, 4813
32035, 4813
16364, 4813
36616, 4813
19597, 4813
20084, 4813
17791, 4813
36472, 4813
35884, 4813
14215, 4813
13954, 4813
18397, 4813
32969, 4813
9225, 4813
16582, 4813
35044, 4813
31785, 4813
33599, 4813
27432, 4813
30996, 4813
35696, 4813
15065, 4813
21037, 4813
14606, 4813
27005, 4813
16306, 4813
16626, 4813
20633, 4813
22909, 4813
10412, 4813
15481, 4813
26597, 4813
32375, 4813
12391, 4813
16197, 4813
10579, 4813
24808, 4813
35343, 4813
34919, 4813
11019, 4813
14903, 4813
33447, 4813
23014, 4813
33068, 4813
20556, 4813
24229, 4813
12050, 4813
34057, 4813
14133, 4813
18442, 4813
19542, 4813
28731, 4813
21642, 4813
32096, 4813
26944, 4813
19540, 4813
27238, 4813
18459, 4813
9645, 4813
18477, 4813
21014, 4813
4813, 19230
25617, 4814
4814, 25718
34493, 4815
24273, 4815
4815, 26284
24790, 4816
4816, 18662
21377, 4817
4817, 21616
12695, 4818
4818, 30544
19932, 4819
4819, 31829
4819, 22807
15487, 4820
34200, 4820
4820, 16569
33550, 4821
4821, 36398
21540, 4822
18114, 4822
32934, 4822
24178, 4822
34666, 4822
8851, 4822
29859, 4822
25429, 4822
9108, 4822
15029, 4822
36615, 4822
15134, 4822
25483, 4822
12951, 4822
13835, 4822
32739, 4822
34834, 4822
29479, 4822
35617, 4822
25126, 4822
32402, 4822
36704, 4822
14746, 4822
26066, 4822
35511, 4822
31687, 4822
9495, 4822
17169, 4822
21853, 4822
9124, 4822
13073, 4822
10604, 4822
16155, 4822
12738, 4822
36067, 4822
18081, 4822
23242, 4822
26998, 4822
10056, 4822
20519, 4822
12872, 4822
23457, 4822
30455, 4822
15941, 4822
30642, 4822
24209, 4822
35613, 4822
18244, 4822
13057, 4822
15779, 4822
19901, 4822
23804, 4822
28199, 4822
15448, 4822
34445, 4822
19095, 4822
34025, 4822
13645, 4822
29047, 4822
23599, 4822
35181, 4822
36836, 4822
21738, 4822
10623, 4822
9615, 4822
22881, 4822
15962, 4822
11593, 4822
34604, 4822
18687, 4822
21695, 4822
14405, 4822
12320, 4822
28896, 4822
20388, 4822
35480, 4822
26654, 4822
27705, 4822
33023, 4822
13826, 4822
11398, 4822
36068, 4822
20878, 4822
32608, 4822
29756, 4822
19302, 4822
13299, 4822
20009, 4822
35842, 4822
8548, 4822
34316, 4822
26590, 4822
36789, 4822
18178, 4822
36792, 4822
22679, 4822
20253, 4822
28662, 4822
12173, 4822
13350, 4822
22064, 4822
35682, 4822
12504, 4822
32470, 4822
30024, 4822
23479, 4822
35166, 4822
17878, 4822
35018, 4822
34589, 4822
13699, 4822
15130, 4822
27852, 4822
30359, 4822
29907, 4822
36392, 4822
33713, 4822
34107, 4822
32519, 4822
18843, 4822
28870, 4822
29860, 4822
31286, 4822
32104, 4822
24612, 4822
10972, 4822
30252, 4822
15545, 4822
25149, 4822
23488, 4822
29683, 4822
29854, 4822
23496, 4822
26661, 4822
28955, 4822
29943, 4822
10427, 4822
25397, 4822
26643, 4822
29122, 4822
15353, 4822
33152, 4822
24097, 4822
20724, 4822
33371, 4822
16705, 4822
26055, 4822
33966, 4822
30571, 4822
31709, 4822
26037, 4822
18986, 4822
27487, 4822
34326, 4822
33315, 4822
18483, 4822
28874, 4822
26642, 4822
13471, 4822
15410, 4822
20395, 4822
33015, 4822
13196, 4822
11668, 4822
33588, 4822
8770, 4822
26257, 4822
32554, 4822
12016, 4822
12916, 4822
28466, 4822
21583, 4822
35211, 4822
29493, 4822
16590, 4822
33635, 4822
22297, 4822
31943, 4822
12287, 4822
22584, 4822
27858, 4822
26928, 4822
17217, 4822
9896, 4822
30209, 4822
32287, 4822
36835, 4822
14646, 4822
33210, 4822
13640, 4822
36384, 4822
17457, 4822
21483, 4822
13590, 4822
32793, 4822
16527, 4822
28055, 4822
16792, 4822
22495, 4822
35631, 4822
8592, 4822
21985, 4822
20513, 4822
11380, 4822
26653, 4822
19625, 4822
10091, 4822
31517, 4822
37018, 4822
28619, 4822
23033, 4822
12472, 4822
29031, 4822
24411, 4822
24014, 4822
10930, 4822
24385, 4822
21347, 4822
9247, 4822
21873, 4822
11806, 4822
21723, 4822
20738, 4822
25575, 4822
31582, 4822
33412, 4822
13231, 4822
20995, 4822
14892, 4822
12075, 4822
35271, 4822
20457, 4822
17642, 4822
12830, 4822
18620, 4822
26181, 4822
24130, 4822
34503, 4822
33082, 4822
21568, 4822
33230, 4822
12946, 4822
20637, 4822
20618, 4822
18452, 4822
23153, 4822
9512, 4822
25551, 4822
9861, 4822
22336, 4822
17814, 4822
18319, 4822
9073, 4822
12509, 4822
14794, 4822
14432, 4822
32022, 4822
36730, 4822
35028, 4822
12692, 4822
35707, 4822
9046, 4822
34306, 4822
33264, 4822
12562, 4822
20425, 4822
17742, 4822
28129, 4822
33769, 4822
9470, 4822
28744, 4822
17079, 4822
30071, 4822
28107, 4822
31595, 4822
17799, 4822
13792, 4822
22838, 4822
32359, 4822
28031, 4822
23569, 4822
8890, 4822
35574, 4822
8991, 4822
27093, 4822
33545, 4822
35952, 4822
25667, 4822
33169, 4822
15602, 4822
35182, 4822
36976, 4822
8960, 4822
23796, 4822
18421, 4822
22595, 4822
29061, 4822
18338, 4822
30988, 4822
9518, 4822
19176, 4822
15501, 4822
29317, 4822
16786, 4822
27937, 4822
28887, 4822
35303, 4822
10524, 4822
13475, 4822
25475, 4822
33827, 4822
10648, 4822
29972, 4822
30797, 4822
25120, 4822
27241, 4822
16950, 4822
12668, 4822
17522, 4822
16034, 4822
18336, 4822
25039, 4822
13175, 4822
8648, 4822
26627, 4822
12966, 4822
8631, 4822
19207, 4822
10606, 4822
33433, 4822
25758, 4822
18456, 4822
24114, 4822
22351, 4822
33393, 4822
32540, 4822
9132, 4822
32489, 4822
22879, 4822
25795, 4822
19371, 4822
29301, 4822
20303, 4822
29471, 4822
18157, 4822
14082, 4822
32097, 4822
17068, 4822
33142, 4822
13891, 4822
10759, 4822
22804, 4822
25857, 4822
25884, 4822
28134, 4822
25185, 4822
31321, 4822
17249, 4822
36600, 4822
32144, 4822
8985, 4822
31479, 4822
16610, 4822
36994, 4822
15382, 4822
22111, 4822
35847, 4822
26249, 4822
34401, 4822
15966, 4822
33488, 4822
21916, 4822
22435, 4822
15106, 4822
9904, 4822
22794, 4822
8679, 4822
25611, 4822
15105, 4822
22065, 4822
14859, 4822
31756, 4822
17367, 4822
30283, 4822
30483, 4822
28697, 4822
34748, 4822
34872, 4822
33903, 4822
9733, 4822
14153, 4822
26004, 4822
21129, 4822
29415, 4822
24989, 4822
22164, 4822
32993, 4822
36779, 4822
25946, 4822
8780, 4822
31398, 4822
15049, 4822
21321, 4822
8419, 4822
24924, 4822
34672, 4822
20415, 4822
12888, 4822
12147, 4822
11420, 4822
31881, 4822
22270, 4822
25187, 4822
33307, 4822
9749, 4822
26479, 4822
14672, 4822
10599, 4822
12909, 4822
10206, 4822
20901, 4822
31747, 4822
26828, 4822
30939, 4822
36177, 4822
21964, 4822
18465, 4822
28258, 4822
36493, 4822
12400, 4822
29401, 4822
19782, 4822
19951, 4822
14226, 4822
20626, 4822
25375, 4822
21523, 4822
8468, 4822
19432, 4822
16572, 4822
34678, 4822
11813, 4822
34388, 4822
21663, 4822
35698, 4822
8768, 4822
13207, 4822
31919, 4822
17084, 4822
33112, 4822
9167, 4822
10651, 4822
11271, 4822
33059, 4822
18030, 4822
26982, 4822
26610, 4822
34407, 4822
20123, 4822
18036, 4822
13409, 4822
25641, 4822
15467, 4822
27741, 4822
35047, 4822
34005, 4822
19112, 4822
16965, 4822
24777, 4822
18642, 4822
34626, 4822
21262, 4822
17777, 4822
8391, 4822
35608, 4822
21810, 4822
13693, 4822
23881, 4822
32388, 4822
36931, 4822
13636, 4822
9478, 4822
24392, 4822
9937, 4822
34194, 4822
27107, 4822
24880, 4822
28562, 4822
8792, 4822
10462, 4822
33513, 4822
33973, 4822
30676, 4822
10459, 4822
32671, 4822
21683, 4822
37024, 4822
14321, 4822
8392, 4822
35361, 4822
16710, 4822
24746, 4822
30284, 4822
27403, 4822
34133, 4822
33814, 4822
32040, 4822
33074, 4822
20278, 4822
28563, 4822
8950, 4822
29484, 4822
26099, 4822
32657, 4822
8643, 4822
21704, 4822
11268, 4822
34415, 4822
35322, 4822
29851, 4822
25182, 4822
34918, 4822
11123, 4822
21861, 4822
36467, 4822
35662, 4822
11881, 4822
23462, 4822
15390, 4822
34100, 4822
34044, 4822
27772, 4822
23520, 4822
36032, 4822
34818, 4822
22137, 4822
18039, 4822
36367, 4822
19877, 4822
34880, 4822
35035, 4822
18060, 4822
16974, 4822
35139, 4822
30496, 4822
35582, 4822
15976, 4822
32349, 4822
33610, 4822
31305, 4822
8745, 4822
32446, 4822
22516, 4822
11611, 4822
34028, 4822
28216, 4822
26120, 4822
20632, 4822
11186, 4822
27844, 4822
17397, 4822
11967, 4822
19991, 4822
22974, 4822
28739, 4822
29791, 4822
14242, 4822
36898, 4822
36650, 4822
9269, 4822
15751, 4822
9925, 4822
9053, 4822
36655, 4822
30069, 4822
21737, 4822
25424, 4822
30679, 4822
35087, 4822
25586, 4822
36059, 4822
31473, 4822
29396, 4822
26754, 4822
10766, 4822
11164, 4822
29700, 4822
12418, 4822
31428, 4822
35829, 4822
10833, 4822
29529, 4822
15271, 4822
15126, 4822
33575, 4822
28460, 4822
28582, 4822
27474, 4822
23205, 4822
21193, 4822
11825, 4822
31023, 4822
18004, 4822
33906, 4822
24152, 4822
26683, 4822
33629, 4822
35848, 4822
26501, 4822
36681, 4822
9991, 4822
21179, 4822
14015, 4822
13329, 4822
29244, 4822
32343, 4822
24593, 4822
12848, 4822
10448, 4822
20540, 4822
9455, 4822
33808, 4822
30045, 4822
20176, 4822
24107, 4822
31171, 4822
17938, 4822
17210, 4822
33644, 4822
18213, 4822
26538, 4822
24359, 4822
10787, 4822
33177, 4822
21364, 4822
11058, 4822
35575, 4822
19196, 4822
11711, 4822
18252, 4822
21416, 4822
11768, 4822
12222, 4822
22694, 4822
21341, 4822
26755, 4822
28535, 4822
12213, 4822
28832, 4822
28040, 4822
14237, 4822
19941, 4822
12166, 4822
27015, 4822
25286, 4822
33450, 4822
12334, 4822
26525, 4822
29114, 4822
33422, 4822
13851, 4822
14951, 4822
24131, 4822
25356, 4822
16846, 4822
35983, 4822
27244, 4822
17675, 4822
29354, 4822
12637, 4822
28463, 4822
23069, 4822
17045, 4822
24753, 4822
18780, 4822
32661, 4822
9576, 4822
25591, 4822
34806, 4822
35227, 4822
17298, 4822
36424, 4822
11595, 4822
24892, 4822
20237, 4822
17300, 4822
9924, 4822
9662, 4822
22241, 4822
17804, 4822
10383, 4822
28715, 4822
9758, 4822
10197, 4822
21907, 4822
30076, 4822
11936, 4822
31048, 4822
16928, 4822
9421, 4822
25337, 4822
28003, 4822
12331, 4822
31292, 4822
36042, 4822
31749, 4822
13623, 4822
32413, 4822
18006, 4822
26990, 4822
15581, 4822
28942, 4822
12319, 4822
22396, 4822
8624, 4822
29696, 4822
11075, 4822
36963, 4822
15710, 4822
34942, 4822
20296, 4822
34543, 4822
35850, 4822
34673, 4822
33937, 4822
10852, 4822
9679, 4822
34166, 4822
34902, 4822
21074, 4822
36149, 4822
36816, 4822
16176, 4822
13898, 4822
26436, 4822
32252, 4822
34585, 4822
27258, 4822
19846, 4822
16369, 4822
34649, 4822
29714, 4822
36414, 4822
17694, 4822
27450, 4822
23797, 4822
32864, 4822
18836, 4822
16660, 4822
19868, 4822
33164, 4822
16137, 4822
15363, 4822
33256, 4822
27522, 4822
22815, 4822
35454, 4822
32798, 4822
20850, 4822
24370, 4822
35976, 4822
19813, 4822
16136, 4822
28138, 4822
36511, 4822
18930, 4822
34365, 4822
28459, 4822
33902, 4822
25776, 4822
21840, 4822
11153, 4822
10746, 4822
11255, 4822
29149, 4822
9378, 4822
32620, 4822
22810, 4822
10205, 4822
35629, 4822
4822, 26834
28299, 4823
25530, 4823
23358, 4823
8892, 4823
24824, 4823
34007, 4823
33921, 4823
4823, 35899
4823, 32292
4823, 15523
4823, 11964
4823, 11159
4823, 31898
4823, 9936
4823, 27081
26008, 4824
4824, 25008
32858, 4825
14348, 4825
27493, 4825
35546, 4825
35230, 4825
22219, 4825
29377, 4825
31135, 4825
23101, 4825
31727, 4825
22568, 4825
9697, 4825
22436, 4825
32634, 4825
9146, 4825
10114, 4825
21019, 4825
22934, 4825
28050, 4825
26514, 4825
35388, 4825
11306, 4825
20302, 4825
22392, 4825
24795, 4825
27190, 4825
34644, 4825
16602, 4825
12420, 4825
15960, 4825
27101, 4825
19814, 4825
35774, 4825
19442, 4825
26229, 4825
10995, 4825
23734, 4825
29481, 4825
31158, 4825
33767, 4825
32796, 4825
35489, 4825
10934, 4825
22369, 4825
20791, 4825
34450, 4825
12581, 4825
20231, 4825
29194, 4825
30023, 4825
18988, 4825
31115, 4825
23505, 4825
15562, 4825
15517, 4825
27863, 4825
30291, 4825
34137, 4825
9975, 4825
13553, 4825
30096, 4825
16425, 4825
23054, 4825
34576, 4825
28253, 4825
9332, 4825
18582, 4825
27010, 4825
18992, 4825
22685, 4825
15608, 4825
9858, 4825
24428, 4825
33009, 4825
28218, 4825
27309, 4825
20173, 4825
30249, 4825
35320, 4825
28025, 4825
25248, 4825
18487, 4825
32625, 4825
22262, 4825
9481, 4825
20232, 4825
18138, 4825
14564, 4825
27854, 4825
17649, 4825
35407, 4825
18671, 4825
34548, 4825
14621, 4825
13681, 4825
18355, 4825
29577, 4825
19494, 4825
24552, 4825
18640, 4825
16020, 4825
12461, 4825
32590, 4825
12018, 4825
11451, 4825
36510, 4825
34794, 4825
13820, 4825
8713, 4825
15090, 4825
17916, 4825
35065, 4825
32194, 4825
21422, 4825
24310, 4825
12137, 4825
13960, 4825
13882, 4825
8924, 4825
10768, 4825
33582, 4825
21500, 4825
11027, 4825
12860, 4825
33870, 4825
27792, 4825
18476, 4825
25691, 4825
24252, 4825
10640, 4825
20226, 4825
24091, 4825
10610, 4825
32011, 4825
33998, 4825
15276, 4825
12956, 4825
30937, 4825
25676, 4825
18729, 4825
29488, 4825
33787, 4825
28637, 4825
27336, 4825
22670, 4825
18880, 4825
24516, 4825
8451, 4825
19578, 4825
23566, 4825
4825, 10980
34852, 4826
4826, 23194
27129, 4827
4827, 23371
29849, 4828
4828, 25741
31005, 4829
13368, 4829
13753, 4829
9933, 4829
4829, 9188
22201, 4830
4830, 18842
21175, 4831
12321, 4831
11753, 4831
26194, 4831
19045, 4831
4831, 27127
21065, 4832
4832, 28281
28534, 4833
4833, 8527
4833, 13212
20532, 4834
30199, 4834
31871, 4834
4834, 14187
19771, 4835
19872, 4835
4835, 28281
29630, 4836
4836, 17764
4836, 34703
21545, 4837
31460, 4837
14269, 4837
17465, 4837
24415, 4837
9308, 4837
35311, 4837
8356, 4837
4837, 30074
4837, 10414
4837, 36964
4837, 16486
4837, 11505
4837, 32230
4837, 10084
4837, 24081
4837, 14818
8855, 4838
17225, 4838
11526, 4838
11402, 4838
31434, 4838
30903, 4838
34933, 4838
26333, 4838
12243, 4838
31438, 4838
16062, 4838
17198, 4838
10282, 4838
13938, 4838
23996, 4838
29632, 4838
19261, 4838
17280, 4838
36348, 4838
33975, 4838
14122, 4838
33758, 4838
11866, 4838
17667, 4838
31344, 4838
11291, 4838
23555, 4838
10513, 4838
24286, 4838
33229, 4838
20188, 4838
30435, 4838
17004, 4838
4838, 36225
26509, 4839
4839, 17020
30133, 4840
4840, 18795
4840, 8990
4840, 26354
35606, 4841
4841, 17674
17303, 4842
4842, 19226
14526, 4843
4843, 14394
31668, 4844
4844, 13269
16640, 4845
4845, 21732
24355, 4846
4846, 15157
26084, 4847
4847, 28281
35243, 4848
4848, 21070
28074, 4849
4849, 27605
21149, 4850
4850, 13778
4850, 36282
30629, 4851
4851, 30789
4851, 16096
35615, 4852
4852, 21914
9345, 4853
4853, 36263
33206, 4854
34959, 4854
33035, 4854
19958, 4854
4854, 19645
4854, 17988
31966, 4855
4855, 21898
12131, 4856
4856, 18028
35113, 4857
4857, 25133
4857, 18662
26008, 4858
4858, 25008
12793, 4859
4859, 18662
31918, 4860
36221, 4860
23250, 4860
30500, 4860
28279, 4860
35584, 4860
26709, 4860
4860, 11432
4860, 28999
4860, 21414
4860, 33859
4860, 13356
4860, 33036
4860, 10202
4860, 15543
17526, 4861
23762, 4861
4861, 13134
23047, 4862
4862, 31647
4862, 18619
4862, 24668
13670, 4863
4863, 10468
26942, 4864
4864, 15701
29236, 4865
11094, 4865
4865, 28311
4865, 33046
4865, 23710
32847, 4866
4866, 19705
18976, 4867
4867, 22664
25749, 4868
4868, 23442
11566, 4869
4869, 16142
21253, 4870
4870, 21194
25032, 4871
14402, 4871
4871, 26284
32054, 4872
4872, 32212
22233, 4873
32745, 4873
4873, 8728
15539, 4874
4874, 35314
18973, 4875
4875, 24201
24210, 4876
4876, 24503
4876, 13516
8749, 4877
32531, 4877
4877, 25914
34912, 4878
4878, 36587
12110, 4879
4879, 28356
12603, 4880
4880, 10159
20910, 4881
29043, 4881
4881, 21936
17603, 4882
4882, 16142
33359, 4883
4883, 16444
4883, 34299
16336, 4884
4884, 35801
25487, 4885
4885, 13450
18076, 4886
4886, 9109
4886, 30883
28655, 4887
4887, 32712
13494, 4888
4888, 27766
19173, 4889
4889, 11799
19696, 4890
4890, 12928
26087, 4891
26951, 4891
10509, 4891
4891, 24380
4891, 32450
4891, 33572
4891, 16624
32899, 4892
4892, 36654
28343, 4893
14456, 4893
25698, 4893
30732, 4893
22753, 4893
21411, 4893
4893, 15336
18884, 4894
25180, 4894
4894, 35263
24352, 4895
4895, 27419
8486, 4896
4896, 23631
15990, 4897
4897, 24436
10380, 4898
15693, 4898
4898, 33637
35212, 4899
36763, 4899
28826, 4899
4899, 24307
9771, 4900
20492, 4900
4900, 24879
28153, 4901
4901, 24172
12110, 4902
4902, 10172
17138, 4903
4903, 17533
27968, 4904
28265, 4904
23941, 4904
13545, 4904
20108, 4904
10098, 4904
19981, 4904
24020, 4904
20649, 4904
13206, 4904
22139, 4904
30612, 4904
33637, 4904
14552, 4904
25099, 4904
4904, 21358
4904, 17059
4904, 33571
4904, 22481
4904, 18056
4904, 34314
4904, 12677
4904, 20286
4904, 26476
4904, 10734
4904, 19928
4904, 10939
4904, 8555
4904, 17067
4904, 16448
4904, 29723
34583, 4905
16537, 4905
13424, 4905
31157, 4905
17755, 4905
4905, 30688
26933, 4906
4906, 12316
35947, 4907
4907, 28281
21373, 4908
20432, 4908
4908, 21445
27803, 4909
11339, 4909
4909, 23371
20205, 4910
4910, 10116
4910, 22003
11373, 4911
4911, 13734
13046, 4912
4912, 16232
28137, 4913
4913, 28578
34485, 4914
23803, 4914
14278, 4914
34004, 4914
4914, 15111
17738, 4915
18742, 4915
30521, 4915
4915, 22225
20384, 4916
4916, 9606
4916, 35434
4916, 32545
4916, 32215
4916, 26877
19648, 4917
4917, 9091
18860, 4918
4918, 33281
17349, 4919
4919, 15572
32847, 4920
4920, 28065
23783, 4921
4921, 8425
32295, 4922
4922, 11496
18662, 4923
4923, 34681
29096, 4924
15889, 4924
27271, 4924
8698, 4924
4924, 29503
4924, 35879
4924, 36437
4924, 29982
4924, 29719
30669, 4925
4925, 18275
35022, 4926
4926, 21106
4926, 18662
33351, 4927
4927, 22473
11088, 4928
4928, 20826
21769, 4929
4929, 30835
27908, 4930
4930, 33637
22962, 4931
4931, 28281
27016, 4932
25172, 4932
21948, 4932
4932, 14738
4932, 13349
4932, 29670
4932, 14903
25858, 4933
4933, 16099
4933, 19337
4933, 30256
17508, 4934
4934, 36751
33420, 4935
4935, 27864
19044, 4936
11325, 4936
4936, 13804
28875, 4937
4937, 34683
16437, 4938
4938, 18662
13244, 4939
4939, 27271
35078, 4940
4940, 17272
23662, 4941
4941, 33637
33747, 4942
4942, 13929
18225, 4943
4943, 28281
9727, 4944
4944, 10771
4944, 20474
4944, 22779
26010, 4945
29249, 4945
4945, 13450
25173, 4946
19649, 4946
4946, 32648
9126, 4947
21331, 4947
4947, 34477
15085, 4948
35207, 4948
33896, 4948
4948, 25665
17399, 4949
12256, 4949
22769, 4949
34056, 4949
30929, 4949
34402, 4949
22613, 4949
33815, 4949
23934, 4949
35601, 4949
27185, 4949
28513, 4949
29394, 4949
22146, 4949
36498, 4949
23015, 4949
4949, 29735
4949, 31319
35136, 4950
15643, 4950
35245, 4950
27299, 4950
33887, 4950
12463, 4950
22254, 4950
23585, 4950
4950, 18302
4950, 33568
4950, 27923
4950, 10970
4950, 16820
4950, 14276
4950, 36084
4950, 10832
4950, 15435
11139, 4951
4951, 18737
4951, 13003
36188, 4952
25697, 4952
25775, 4952
36047, 4952
36165, 4952
36716, 4952
4952, 16703
4952, 23675
4952, 21307
4952, 15499
4952, 21586
4952, 19127
4952, 19988
9993, 4953
4953, 13732
24098, 4954
4954, 17526
4954, 16182
19913, 4955
4955, 36654
10230, 4956
10560, 4956
4956, 21398
4956, 16944
4956, 35995
4956, 17479
4956, 25198
31778, 4957
4957, 10085
11476, 4958
4958, 31871
35103, 4959
18994, 4959
4959, 22765
27165, 4960
4960, 33143
12492, 4961
4961, 9967
8795, 4962
4962, 23371
31754, 4963
4963, 23631
10407, 4964
4964, 15111
36278, 4965
4965, 16853
30566, 4966
4966, 17674
15162, 4967
4967, 35759
4967, 8920
16130, 4968
4968, 35966
18662, 4969
4969, 13224
11473, 4970
4970, 36449
4970, 34804
25050, 4971
19529, 4971
23877, 4971
25870, 4971
4971, 22420
32247, 4972
4972, 8472
21253, 4973
4973, 24357
17702, 4974
4974, 8425
11740, 4975
4975, 8469
35110, 4976
4976, 21987
11465, 4977
4977, 23371
25953, 4978
4978, 18117
16806, 4979
21612, 4979
4979, 11069
35248, 4980
25887, 4980
35180, 4980
23371, 4980
18135, 4980
4980, 35859
4980, 9014
4980, 32986
4980, 9902
4980, 33811
4980, 13584
16074, 4981
30588, 4981
4981, 10435
19619, 4982
4982, 26087
31974, 4983
4983, 36123
29774, 4984
4984, 28162
12321, 4985
11753, 4985
19045, 4985
4985, 27127
13412, 4986
4986, 24020
15259, 4987
4987, 17533
29810, 4988
4988, 35986
11349, 4989
21870, 4989
4989, 25095
20386, 4990
4990, 26284
18216, 4991
4991, 11491
8753, 4992
10713, 4992
16108, 4992
4992, 13897
13158, 4993
4993, 28384
16982, 4994
4994, 13198
4994, 9136
33313, 4995
4995, 35919
4995, 23305
4995, 14291
4995, 31277
25557, 4996
4996, 31705
4996, 22906
22491, 4997
4997, 30081
31354, 4998
4998, 21617
32614, 4999
4999, 30081
10901, 5000
5000, 9601
5000, 22779
5000, 16384
5000, 13161
16889, 5001
5001, 23987
23689, 5002
5002, 23914
21759, 5003
5003, 34487
11523, 5004
26813, 5004
5004, 23371
25659, 5005
5005, 34667
8602, 5006
5006, 17629
20629, 5007
5007, 35246
21253, 5008
5008, 12711
13377, 5009
5009, 14496
22868, 5010
5010, 32164
10177, 5011
5011, 31390
36330, 5012
17733, 5012
5012, 34048
13663, 5013
10200, 5013
5013, 20984
31211, 5014
5014, 14301
26454, 5015
5015, 9549
5015, 35333
5015, 36927
28268, 5016
32126, 5016
28605, 5016
5016, 9250
5016, 26597
9181, 5017
5017, 18700
11821, 5018
13191, 5018
29204, 5018
19890, 5018
22036, 5018
32092, 5018
17183, 5018
35372, 5018
10918, 5018
36360, 5018
32670, 5018
12487, 5018
16785, 5018
25167, 5018
5018, 23786
24550, 5019
5019, 23385
33671, 5020
13065, 5020
30895, 5020
13671, 5020
16485, 5020
26394, 5020
22326, 5020
27267, 5020
5020, 27117
21253, 5021
5021, 14330
5021, 30835
33880, 5022
5022, 28281
23865, 5023
5023, 16142
18290, 5024
5024, 15572
15210, 5025
23381, 5025
8765, 5025
28341, 5025
5025, 24635
5025, 13511
20932, 5026
5026, 18662
11695, 5027
11749, 5027
5027, 33390
15815, 5028
5028, 19254
9564, 5029
5029, 12886
29737, 5030
5030, 19953
36524, 5031
5031, 10024
18662, 5032
5032, 21384
24201, 5033
27619, 5033
5033, 34047
20833, 5034
5034, 36470
26630, 5035
5035, 36907
21674, 5036
5036, 17674
23626, 5037
36642, 5037
27999, 5037
5037, 23371
12750, 5038
29182, 5038
33286, 5038
13384, 5038
24952, 5038
5038, 34057
28448, 5039
5039, 17533
12519, 5040
5040, 13897
25438, 5041
5041, 35978
33698, 5042
5042, 33436
35238, 5043
5043, 35566
23008, 5044
5044, 17533
15310, 5045
5045, 28281
29503, 5046
23011, 5046
23362, 5046
20439, 5046
5046, 36846
25224, 5047
17052, 5047
5047, 8831
25800, 5048
22378, 5048
10404, 5048
10951, 5048
20404, 5048
35544, 5048
20788, 5048
18946, 5048
5048, 32338
5048, 10765
10960, 5049
5049, 23371
9391, 5050
5050, 18332
17568, 5051
5051, 33409
29375, 5052
5052, 30798
20082, 5053
5053, 13045
14867, 5054
29238, 5054
30819, 5054
9895, 5054
27449, 5054
22855, 5054
33979, 5054
5054, 19832
21175, 5055
11753, 5055
19045, 5055
12321, 5055
5055, 27127
33591, 5056
36884, 5056
13480, 5056
14425, 5056
33499, 5056
15405, 5056
23877, 5056
5056, 19624
24160, 5057
32166, 5057
25256, 5057
5057, 33952
21253, 5058
5058, 23253
24671, 5059
5059, 28634
17780, 5060
5060, 17674
12066, 5061
5061, 17912
15904, 5062
5062, 17674
16326, 5063
32964, 5063
12223, 5063
19774, 5063
18783, 5063
27201, 5063
32407, 5063
30107, 5063
5063, 21059
5063, 34766
5063, 30014
5063, 36274
5063, 17142
5063, 26258
5063, 34249
5063, 31067
5063, 11636
28586, 5064
5064, 28910
31886, 5065
24812, 5065
5065, 23371
18009, 5066
5066, 11374
30106, 5067
17416, 5067
8912, 5067
23371, 5067
30500, 5067
29976, 5067
22052, 5067
5067, 11792
5067, 33804
5067, 14728
5067, 29716
5067, 21354
5067, 25254
5067, 23793
5067, 9299
20212, 5068
5068, 9200
15641, 5069
5069, 25877
12987, 5070
14809, 5070
33553, 5070
5070, 14069
33200, 5071
5071, 35093
35907, 5072
23141, 5072
36595, 5072
5072, 28281
23450, 5073
5073, 27378
21982, 5074
5074, 33281
33372, 5075
5075, 13884
10294, 5076
16923, 5076
34486, 5076
26972, 5076
36897, 5076
35545, 5076
35797, 5076
29234, 5076
35781, 5076
36772, 5076
16913, 5076
21772, 5076
35514, 5076
22222, 5076
19169, 5076
29161, 5076
25874, 5076
21880, 5076
19933, 5076
36878, 5076
12389, 5076
30630, 5076
27872, 5076
19694, 5076
27253, 5076
14435, 5076
20199, 5076
24900, 5076
8615, 5076
34177, 5076
19982, 5076
11864, 5076
25712, 5076
25862, 5076
18630, 5076
27125, 5076
31808, 5076
33171, 5076
22992, 5076
11966, 5076
34714, 5076
9474, 5076
36191, 5076
12031, 5076
21665, 5076
24741, 5076
20781, 5076
23661, 5076
13497, 5076
32681, 5076
10843, 5076
9019, 5076
28171, 5076
20764, 5076
36122, 5076
10550, 5076
14415, 5076
34311, 5076
12124, 5076
12254, 5076
11228, 5076
12833, 5076
26210, 5076
25907, 5076
10064, 5076
10569, 5076
33408, 5076
23646, 5076
24589, 5076
14412, 5076
31529, 5076
9503, 5076
5076, 28665
32588, 5077
18983, 5077
11705, 5077
12644, 5077
14704, 5077
28567, 5077
33939, 5077
20946, 5077
22265, 5077
14223, 5077
28604, 5077
24519, 5077
20346, 5077
15537, 5077
29731, 5077
31958, 5077
34020, 5077
34587, 5077
24143, 5077
35082, 5077
12382, 5077
36509, 5077
31839, 5077
34755, 5077
13981, 5077
18728, 5077
19952, 5077
18320, 5077
31072, 5077
12071, 5077
21633, 5077
22291, 5077
15285, 5077
32702, 5077
16048, 5077
21040, 5077
22935, 5077
29789, 5077
21609, 5077
30229, 5077
11823, 5077
18325, 5077
15953, 5077
25549, 5077
24907, 5077
33238, 5077
23211, 5077
20370, 5077
32970, 5077
9988, 5077
16373, 5077
21776, 5077
15963, 5077
24421, 5077
9375, 5077
30664, 5077
22196, 5077
13116, 5077
19273, 5077
27398, 5077
22484, 5077
12022, 5077
19871, 5077
17159, 5077
36003, 5077
12908, 5077
32582, 5077
16900, 5077
14429, 5077
32434, 5077
13650, 5077
30562, 5077
31625, 5077
15987, 5077
31099, 5077
28554, 5077
33715, 5077
19386, 5077
21743, 5077
15575, 5077
34540, 5077
16106, 5077
13019, 5077
14695, 5077
29132, 5077
25045, 5077
32088, 5077
15347, 5077
25861, 5077
28007, 5077
20431, 5077
35258, 5077
12237, 5077
18239, 5077
28483, 5077
27455, 5077
8541, 5077
36077, 5077
14385, 5077
33026, 5077
8430, 5077
25878, 5077
25325, 5077
28078, 5077
21983, 5077
14419, 5077
16350, 5077
15362, 5077
19999, 5077
24685, 5077
29939, 5077
19335, 5077
32405, 5077
19233, 5077
34075, 5077
8574, 5077
22316, 5077
15746, 5077
33477, 5077
36453, 5077
13448, 5077
32062, 5077
34993, 5077
16285, 5077
26175, 5077
14711, 5077
29079, 5077
15927, 5077
37035, 5077
27358, 5077
36854, 5077
15047, 5077
15299, 5077
23172, 5077
31231, 5077
34931, 5077
12027, 5077
26212, 5077
32015, 5077
33932, 5077
11225, 5077
8566, 5077
11689, 5077
30067, 5077
18985, 5077
26631, 5077
17278, 5077
29571, 5077
8756, 5077
21368, 5077
5077, 13658
18981, 5078
28176, 5078
5078, 26284
29456, 5079
34327, 5079
9628, 5079
30344, 5079
5079, 16754
28600, 5080
5080, 24160
8435, 5081
5081, 17056
32358, 5082
5082, 31182
5082, 17954
26168, 5083
5083, 28979
5083, 33438
9983, 5084
23236, 5084
19547, 5084
22559, 5084
20564, 5084
24699, 5084
29632, 5084
26274, 5084
16024, 5084
32417, 5084
30387, 5084
26812, 5084
17410, 5084
11788, 5084
13433, 5084
14001, 5084
18740, 5084
10618, 5084
32381, 5084
17417, 5084
36555, 5084
27312, 5084
18652, 5084
26922, 5084
28090, 5084
17636, 5084
22016, 5084
30170, 5084
17510, 5084
16528, 5084
22394, 5084
11809, 5084
13737, 5084
19123, 5084
8581, 5084
9841, 5084
25494, 5084
21459, 5084
8800, 5084
23720, 5084
21911, 5084
9608, 5084
17667, 5084
36598, 5084
5084, 16194
17920, 5085
5085, 12087
26151, 5086
5086, 29073
5086, 8999
5086, 13545
5086, 30189
5086, 27717
5086, 23502
5086, 31076
25730, 5087
5087, 19350
9305, 5088
5088, 22350
30564, 5089
5089, 23371
17565, 5090
5090, 12387
12340, 5091
28701, 5091
36481, 5091
13228, 5091
5091, 16727
12085, 5092
5092, 18662
27086, 5093
5093, 31896
9058, 5094
5094, 26678
5094, 25206
20047, 5095
5095, 28281
17248, 5096
10023, 5096
16219, 5096
28434, 5096
8900, 5096
12381, 5096
9503, 5096
23693, 5096
35781, 5096
31808, 5096
36466, 5096
16094, 5096
16084, 5096
18781, 5096
9906, 5096
10600, 5096
24126, 5096
28288, 5096
9611, 5096
22715, 5096
23025, 5096
26729, 5096
30966, 5096
14185, 5096
28337, 5096
20022, 5096
19939, 5096
14018, 5096
32100, 5096
33276, 5096
29234, 5096
24029, 5096
31722, 5096
32505, 5096
32591, 5096
21261, 5096
10843, 5096
26761, 5096
12031, 5096
28232, 5096
30628, 5096
30537, 5096
5096, 15730
5096, 16817
19856, 5097
17520, 5097
11779, 5097
25371, 5097
22507, 5097
5097, 36035
24010, 5098
5098, 27693
36088, 5099
30461, 5099
8867, 5099
17989, 5099
22050, 5099
20347, 5099
35895, 5099
36193, 5099
33791, 5099
18594, 5099
10753, 5099
36419, 5099
22263, 5099
16021, 5099
16481, 5099
17312, 5099
14953, 5099
14037, 5099
31078, 5099
17937, 5099
33323, 5099
33909, 5099
9066, 5099
29196, 5099
29402, 5099
27749, 5099
17812, 5099
25901, 5099
25205, 5099
27568, 5099
23514, 5099
28644, 5099
24692, 5099
13477, 5099
26220, 5099
29833, 5099
27329, 5099
8818, 5099
14656, 5099
20389, 5099
20377, 5099
13262, 5099
8962, 5099
32809, 5099
10367, 5099
24137, 5099
9797, 5099
29453, 5099
25124, 5099
21999, 5099
14747, 5099
14481, 5099
9625, 5099
13683, 5099
25746, 5099
24646, 5099
32265, 5099
24775, 5099
31291, 5099
13261, 5099
24180, 5099
19954, 5099
14114, 5099
35994, 5099
11059, 5099
33825, 5099
19096, 5099
19277, 5099
21001, 5099
23044, 5099
34771, 5099
28440, 5099
36679, 5099
29405, 5099
11618, 5099
28426, 5099
30269, 5099
25793, 5099
20610, 5099
27273, 5099
14618, 5099
31997, 5099
33116, 5099
17977, 5099
15595, 5099
12003, 5099
14202, 5099
33137, 5099
24828, 5099
31253, 5099
28373, 5099
35425, 5099
8572, 5099
28135, 5099
8902, 5099
16661, 5099
30120, 5099
22437, 5099
33705, 5099
18977, 5099
30968, 5099
32109, 5099
36831, 5099
15660, 5099
36796, 5099
27340, 5099
18935, 5099
15057, 5099
28889, 5099
30333, 5099
8896, 5099
10917, 5099
30979, 5099
35017, 5099
23286, 5099
27535, 5099
27731, 5099
14111, 5099
19088, 5099
19117, 5099
24803, 5099
16676, 5099
20144, 5099
32342, 5099
23096, 5099
11659, 5099
9863, 5099
30886, 5099
19073, 5099
13110, 5099
11317, 5099
30606, 5099
12727, 5099
32321, 5099
10400, 5099
13071, 5099
20846, 5099
30971, 5099
24383, 5099
32293, 5099
19400, 5099
9231, 5099
22836, 5099
34335, 5099
21126, 5099
31014, 5099
34425, 5099
35479, 5099
16914, 5099
32473, 5099
5099, 23459
26319, 5100
14078, 5100
18379, 5100
26216, 5100
5100, 18107
25102, 5101
14969, 5101
5101, 10876
19557, 5102
16340, 5102
15394, 5102
28281, 5102
28183, 5102
18686, 5102
13897, 5102
24390, 5102
12886, 5102
13732, 5102
21124, 5102
5102, 10517
5102, 11848
5102, 18010
5102, 33158
5102, 31443
5102, 28077
5102, 36311
5102, 30738
5102, 23700
5102, 16122
5102, 28010
5102, 26339
5102, 14204
31715, 5103
21678, 5103
5103, 30561
22533, 5104
5104, 18662
17160, 5105
5105, 36282
16005, 5106
5106, 10845
36026, 5107
5107, 31204
21404, 5108
29269, 5108
5108, 14425
34208, 5109
12429, 5109
5109, 33637
24395, 5110
5110, 34138
33134, 5111
5111, 13897
26712, 5112
5112, 34375
5112, 35348
5112, 21827
34475, 5113
5113, 30757
5113, 35351
9049, 5114
5114, 21685
25346, 5115
5115, 8674
11545, 5116
5116, 32436
17756, 5117
5117, 12886
21470, 5118
5118, 24635
28246, 5119
5119, 33637
16658, 5120
5120, 31035
24910, 5121
26440, 5121
5121, 14425
30104, 5122
22873, 5122
8424, 5122
5122, 33316
20141, 5123
33499, 5123
35680, 5123
5123, 13482
17888, 5124
5124, 36654
35657, 5125
5125, 36202
15807, 5126
5126, 22203
11759, 5127
5127, 27622
9732, 5128
5128, 8726
13630, 5129
5129, 28281
33445, 5130
5130, 8452
16200, 5131
5131, 13233
35075, 5132
5132, 10024
28565, 5133
5133, 17581
5133, 30263
5133, 15558
5133, 15148
5133, 29619
5133, 11193
9136, 5134
18669, 5134
5134, 21032
17431, 5135
5135, 31111
33661, 5136
5136, 28411
12435, 5137
18651, 5137
5137, 16144
17258, 5138
12229, 5138
5138, 27862
17756, 5139
5139, 12886
26840, 5140
36670, 5140
23728, 5140
33311, 5140
26619, 5140
36283, 5140
18226, 5140
15573, 5140
29478, 5140
34184, 5140
34671, 5140
30870, 5140
15354, 5140
34820, 5140
14174, 5140
36280, 5140
13069, 5140
17747, 5140
31854, 5140
19272, 5140
28264, 5140
24277, 5140
8676, 5140
16096, 5140
21906, 5140
36115, 5140
26344, 5140
34735, 5140
22242, 5140
5140, 18662
18860, 5141
5141, 33281
29555, 5142
10626, 5142
30451, 5142
5142, 13613
28051, 5143
5143, 25930
5143, 18662
21428, 5144
5144, 23371
32410, 5145
5145, 33563
16008, 5146
5146, 30309
9157, 5147
23371, 5147
29172, 5147
11455, 5147
5147, 24263
5147, 19201
5147, 20464
5147, 28873
5147, 15443
12352, 5148
5148, 30407
25017, 5149
5149, 9190
15439, 5150
5150, 35385
12026, 5151
25497, 5151
19783, 5151
34428, 5151
35458, 5151
30500, 5151
15572, 5151
28279, 5151
28465, 5151
33779, 5151
25029, 5151
23361, 5151
26557, 5151
18470, 5151
5151, 26988
5151, 31841
5151, 32074
5151, 34187
5151, 9176
5151, 12542
5151, 26804
5151, 23292
5151, 8970
5151, 13618
5151, 36090
5151, 31062
5151, 16134
5151, 36889
5151, 30933
30647, 5152
5152, 25099
12065, 5153
19734, 5153
17717, 5153
18236, 5153
31988, 5153
16041, 5153
15654, 5153
29010, 5153
11329, 5153
27396, 5153
10840, 5153
33449, 5153
15260, 5153
16367, 5153
10275, 5153
29941, 5153
9842, 5153
27433, 5153
9545, 5153
14047, 5153
5153, 35371
5153, 33170
5153, 21124
13421, 5154
5154, 22473
21253, 5155
5155, 24788
16327, 5156
5156, 24895
15807, 5157
18936, 5157
5157, 31639
25111, 5158
5158, 12982
27062, 5159
5159, 10421
5159, 18229
21562, 5160
5160, 19278
5160, 28102
29333, 5161
5161, 36435
14698, 5162
5162, 11765
28227, 5163
5163, 29037
27082, 5164
5164, 22217
10545, 5165
5165, 33281
23295, 5166
31730, 5166
15471, 5166
15309, 5166
34954, 5166
30756, 5166
22037, 5166
13255, 5166
22508, 5166
24145, 5166
31421, 5166
22977, 5166
29207, 5166
28909, 5166
14748, 5166
9436, 5166
25404, 5166
18897, 5166
13541, 5166
11653, 5166
30083, 5166
36130, 5166
27262, 5166
16314, 5166
9350, 5166
26172, 5166
33781, 5166
25308, 5166
28049, 5166
20353, 5166
31007, 5166
26706, 5166
11043, 5166
24651, 5166
12094, 5166
16828, 5166
15399, 5166
17598, 5166
13310, 5166
25145, 5166
20498, 5166
33510, 5166
12153, 5166
25107, 5166
14683, 5166
27052, 5166
9658, 5166
12880, 5166
22782, 5166
19995, 5166
35049, 5166
11000, 5166
17301, 5166
11229, 5166
33818, 5166
36722, 5166
22860, 5166
24563, 5166
26567, 5166
29242, 5166
17521, 5166
12556, 5166
10239, 5166
15365, 5166
14184, 5166
33129, 5166
32009, 5166
28595, 5166
19253, 5166
33122, 5166
26977, 5166
20915, 5166
17801, 5166
14403, 5166
20362, 5166
23104, 5166
9399, 5166
19065, 5166
10464, 5166
21342, 5166
22477, 5166
10165, 5166
35508, 5166
28553, 5166
17758, 5166
29612, 5166
18734, 5166
9784, 5166
22489, 5166
36943, 5166
11055, 5166
22232, 5166
22638, 5166
11257, 5166
34747, 5166
12032, 5166
11639, 5166
34664, 5166
26125, 5166
30194, 5166
26811, 5166
12477, 5166
25917, 5166
35767, 5166
36401, 5166
26722, 5166
13761, 5166
32118, 5166
12434, 5166
13428, 5166
26299, 5166
15465, 5166
23261, 5166
36684, 5166
32488, 5166
31758, 5166
35177, 5166
14106, 5166
36240, 5166
13659, 5166
9540, 5166
9034, 5166
17090, 5166
30572, 5166
12045, 5166
24475, 5166
18692, 5166
8405, 5166
30413, 5166
19203, 5166
21424, 5166
32056, 5166
14652, 5166
27547, 5166
15677, 5166
11870, 5166
36289, 5166
35625, 5166
8598, 5166
28687, 5166
14785, 5166
25502, 5166
25047, 5166
28813, 5166
33245, 5166
25856, 5166
25378, 5166
24013, 5166
22718, 5166
9498, 5166
5166, 31960
26694, 5167
14392, 5167
34792, 5167
35054, 5167
10051, 5167
35040, 5167
16790, 5167
20719, 5167
5167, 32274
23529, 5168
5168, 31968
32237, 5169
5169, 10622
10452, 5170
5170, 14299
10407, 5171
5171, 15111
15316, 5172
5172, 31390
5172, 31820
14697, 5173
30949, 5173
5173, 21553
33816, 5174
5174, 9890
35378, 5175
5175, 25372
11370, 5176
5176, 16638
27755, 5177
5177, 12528
28422, 5178
5178, 17533
13976, 5179
5179, 28281
23429, 5180
5180, 30296
17304, 5181
15956, 5181
12432, 5181
31322, 5181
12597, 5181
5181, 12664
5181, 36290
5181, 10084
5181, 11907
5181, 36134
5181, 24311
9152, 5182
29077, 5182
13129, 5182
5182, 15261
11560, 5183
5183, 21037
8997, 5184
15532, 5184
5184, 9138
16362, 5185
5185, 13732
34862, 5186
23923, 5186
5186, 17292
25838, 5187
5187, 12711
21086, 5188
5188, 11418
32175, 5189
5189, 37010
28636, 5190
36962, 5190
25078, 5190
16469, 5190
36019, 5190
35041, 5190
5190, 13093
18631, 5191
5191, 28264
10671, 5192
5192, 13504
5192, 29366
5192, 19922
11006, 5193
5193, 35136
25850, 5194
5194, 35313
22157, 5195
5195, 17629
16052, 5196
5196, 8567
30466, 5197
5197, 17050
34206, 5198
35218, 5198
10066, 5198
5198, 33599
31257, 5199
5199, 22738
26072, 5200
5200, 35992
11334, 5201
24903, 5201
5201, 9240
20252, 5202
19920, 5202
5202, 12886
24927, 5203
10421, 5203
5203, 29130
11620, 5204
14554, 5204
5204, 20447
19359, 5205
5205, 31461
34301, 5206
5206, 13554
35310, 5207
5207, 23150
35740, 5208
5208, 29549
30621, 5209
36469, 5209
5209, 32419
23642, 5210
5210, 12096
12712, 5211
5211, 30958
23744, 5212
5212, 9246
5212, 9601
17442, 5213
5213, 36121
33420, 5214
5214, 22585
5214, 29307
19626, 5215
16214, 5215
5215, 33281
31358, 5216
5216, 26944
12110, 5217
5217, 11872
11209, 5218
5218, 15759
5218, 29126
22908, 5219
5219, 33281
31126, 5220
5220, 16376
12701, 5221
13125, 5221
15701, 5221
25256, 5221
10871, 5221
5221, 34136
23383, 5222
35403, 5222
10461, 5222
27397, 5222
30319, 5222
5222, 26738
5222, 28436
5222, 23836
5222, 24545
5222, 10743
5222, 31233
9430, 5223
5223, 16644
31601, 5224
5224, 18662
15541, 5225
5225, 25688
15217, 5226
5226, 26548
14325, 5227
11350, 5227
25920, 5227
34220, 5227
22343, 5227
21443, 5227
5227, 18371
11945, 5228
5228, 13362
11733, 5229
5229, 21199
5229, 33674
5229, 12456
9398, 5230
5230, 17533
10583, 5231
5231, 27271
30380, 5232
25319, 5232
5232, 29423
10123, 5233
5233, 9373
5233, 31594
24649, 5234
18606, 5234
36430, 5234
5234, 18975
22467, 5235
5235, 35815
5235, 36972
23030, 5236
5236, 26876
8547, 5237
5237, 13660
19708, 5238
5238, 23762
26200, 5239
32238, 5239
5239, 13250
25851, 5240
15836, 5240
10368, 5240
5240, 16994
24321, 5241
21473, 5241
5241, 18896
32852, 5242
5242, 14360
5242, 15513
5242, 25459
5242, 9836
5242, 32972
5242, 12074
5242, 20190
5242, 36993
5242, 22708
5242, 14379
5242, 32110
5242, 31377
5242, 28205
5242, 11930
5242, 33145
5242, 21528
5242, 15023
5242, 24525
5242, 28114
5242, 18921
5242, 15488
5242, 35542
5242, 12183
5242, 15862
5242, 25283
5242, 15622
5242, 25767
5242, 18655
5242, 17039
5242, 25637
5242, 21672
5242, 34588
5242, 16586
5242, 12283
5242, 21165
5242, 12428
5242, 29347
5242, 11384
5242, 9008
5242, 20516
5242, 36065
5242, 36286
5242, 36551
5242, 28324
5242, 19392
30375, 5243
5243, 26236
23940, 5244
5244, 32080
36765, 5245
5245, 18517
9163, 5246
26419, 5246
5246, 35759
18621, 5247
5247, 30685
18788, 5248
17796, 5248
9621, 5248
5248, 8425
15526, 5249
5249, 13188
19068, 5250
5250, 14975
13194, 5251
14061, 5251
5251, 23831
9822, 5252
23970, 5252
5252, 27068
13771, 5253
5253, 17581
29963, 5254
5254, 28257
28133, 5255
5255, 10024
34135, 5256
5256, 18449
13303, 5257
22473, 5257
5257, 10592
5257, 17761
5257, 15144
29125, 5258
5258, 13240
26825, 5259
5259, 22474
18144, 5260
5260, 12928
10821, 5261
5261, 31836
18782, 5262
5262, 29547
20191, 5263
5263, 23637
24667, 5264
5264, 22231
21036, 5265
5265, 36013
36998, 5266
5266, 23056
26161, 5267
5267, 12636
23855, 5268
5268, 22251
34948, 5269
21331, 5269
5269, 27995
26961, 5270
5270, 36894
5270, 27138
5270, 31369
24541, 5271
29549, 5271
17716, 5271
11428, 5271
12531, 5271
24614, 5271
33637, 5271
9883, 5271
5271, 36904
5271, 34126
5271, 16032
5271, 15825
5271, 12501
5271, 31230
5271, 33565
5271, 30920
5271, 25844
24794, 5272
5272, 33637
24844, 5273
5273, 13380
21333, 5274
24358, 5274
11493, 5274
21576, 5274
5274, 27662
5274, 29984
5274, 21756
5274, 11919
5274, 28695
13266, 5275
5275, 11501
31752, 5276
5276, 29743
26354, 5277
19226, 5277
5277, 12963
34640, 5278
5278, 17782
18874, 5279
5279, 34581
12211, 5280
5280, 33637
27545, 5281
5281, 28306
5281, 25492
5281, 14876
27907, 5282
28954, 5282
5282, 35991
12300, 5283
5283, 35680
29305, 5284
5284, 12611
34149, 5285
5285, 14339
18569, 5286
5286, 11575
12122, 5287
5287, 17533
34271, 5288
5288, 8450
15193, 5289
5289, 8425
13218, 5290
5290, 27213
12110, 5291
5291, 16385
27013, 5292
5292, 21173
17050, 5293
5293, 23956
15457, 5294
5294, 36654
24844, 5295
5295, 26870
30365, 5296
5296, 25964
34240, 5297
5297, 34725
22426, 5298
5298, 36654
21253, 5299
5299, 33883
29825, 5300
5300, 13279
27786, 5301
29118, 5301
36383, 5301
5301, 36986
13569, 5302
29557, 5302
5302, 18449
21760, 5303
5303, 33637
26090, 5304
14308, 5304
5304, 9408
5304, 20214
5304, 12021
5304, 36472
8760, 5305
5305, 31239
34113, 5306
5306, 18662
16186, 5307
5307, 11346
30813, 5308
5308, 25501
17581, 5309
5309, 13766
5309, 18662
27203, 5310
5310, 26264
5310, 21551
13679, 5311
5311, 31216
26968, 5312
31073, 5312
5312, 28250
17297, 5313
31820, 5313
25889, 5313
35661, 5313
13354, 5313
5313, 13696
5313, 36333
5313, 14445
5313, 17698
5313, 30429
5313, 28670
26014, 5314
5314, 28496
13145, 5315
5315, 18767
10352, 5316
5316, 25678
26362, 5317
17031, 5317
9882, 5317
24686, 5317
22587, 5317
8917, 5317
5317, 22150
5317, 8866
5317, 12984
5317, 26570
27773, 5318
5318, 19953
11508, 5319
5319, 25099
10434, 5320
5320, 23914
23614, 5321
12789, 5321
17509, 5321
36941, 5321
21184, 5321
19056, 5321
8987, 5321
5321, 20447
32576, 5322
14531, 5322
5322, 12623
5322, 28042
9647, 5323
5323, 20521
23151, 5324
35219, 5324
16227, 5324
16708, 5324
36815, 5324
16228, 5324
8729, 5324
9457, 5324
9084, 5324
5324, 25803
17227, 5325
5325, 17960
26087, 5326
10837, 5326
12711, 5326
12591, 5326
35136, 5326
11125, 5326
24979, 5326
15572, 5326
11718, 5326
12886, 5326
33637, 5326
5326, 36315
5326, 23012
5326, 29186
5326, 26586
5326, 15942
5326, 19274
5326, 15792
5326, 11777
5326, 26579
5326, 32601
5326, 31777
5326, 29311
5326, 24269
10407, 5327
5327, 15111
24751, 5328
5328, 10024
16340, 5329
21847, 5329
22586, 5329
34893, 5329
14083, 5329
5329, 22115
5329, 13888
5329, 35416
5329, 18166
5329, 10402
5329, 8764
17956, 5330
5330, 23065
15971, 5331
18854, 5331
5331, 33281
34117, 5332
20501, 5332
5332, 20670
23197, 5333
5333, 35389
14673, 5334
27603, 5334
26983, 5334
9313, 5334
5334, 30578
24388, 5335
5335, 18288
35452, 5336
36249, 5336
5336, 28509
32422, 5337
5337, 22967
17890, 5338
31543, 5338
17672, 5338
5338, 22779
20578, 5339
5339, 18190
26938, 5340
5340, 25744
9591, 5341
5341, 33637
28486, 5342
5342, 21631
5342, 33954
20515, 5343
5343, 19427
21717, 5344
27717, 5344
36418, 5344
32712, 5344
34601, 5344
28650, 5344
23676, 5344
36155, 5344
15261, 5344
12986, 5344
33779, 5344
21968, 5344
16089, 5344
27201, 5344
23961, 5344
31183, 5344
5344, 35206
5344, 30367
5344, 20459
5344, 23412
5344, 15264
5344, 13570
5344, 33852
5344, 30762
5344, 18209
5344, 17870
5344, 36072
5344, 22722
5344, 11376
5344, 24972
5344, 15156
5344, 27511
5344, 20069
35871, 5345
18044, 5345
26315, 5345
25153, 5345
13374, 5345
24358, 5345
27204, 5345
10556, 5345
29863, 5345
10656, 5345
31057, 5345
18308, 5345
5345, 30414
5345, 12010
5345, 35738
5345, 10781
5345, 19660
5345, 24161
5345, 14292
5345, 25818
5345, 27767
5345, 15748
5345, 33415
5345, 21648
5345, 30808
34102, 5346
29715, 5346
5346, 13360
23940, 5347
5347, 32080
13741, 5348
5348, 36216
8535, 5349
5349, 22525
15111, 5350
5350, 24283
5350, 15988
28146, 5351
5351, 13282
19966, 5352
5352, 31216
12811, 5353
5353, 16454
17297, 5354
23000, 5354
15427, 5354
32532, 5354
32133, 5354
24340, 5354
5354, 28077
5354, 24822
5354, 36114
5354, 20741
5354, 30207
5354, 34291
5354, 26342
27172, 5355
5355, 28640
5355, 28017
15404, 5356
5356, 36471
5356, 36534
26756, 5357
5357, 26103
5357, 32742
21585, 5358
5358, 12328
14495, 5359
5359, 21974
32604, 5360
5360, 31817
31204, 5361
5361, 19162
12708, 5362
24303, 5362
23075, 5362
8688, 5362
24610, 5362
18876, 5362
28519, 5362
13848, 5362
5362, 23362
5362, 29217
34461, 5363
5363, 35468
27203, 5364
5364, 36131
21945, 5365
5365, 24937
30569, 5366
5366, 16142
16679, 5367
5367, 25501
22543, 5368
5368, 17674
32221, 5369
5369, 10039
19100, 5370
16158, 5370
32638, 5370
18738, 5370
8852, 5370
5370, 8831
14454, 5371
35371, 5371
5371, 14380
5371, 11233
5371, 31556
5371, 28780
9099, 5372
5372, 35618
36153, 5373
5373, 32369
8714, 5374
5374, 15572
32845, 5375
5375, 36225
16714, 5376
5376, 25458
5376, 30730
9468, 5377
5377, 20899
5377, 31706
32289, 5378
36938, 5378
17585, 5378
32454, 5378
5378, 21751
5378, 21564
5378, 32760
35532, 5379
17662, 5379
5379, 33466
33319, 5380
5380, 21685
5380, 22859
18727, 5381
14536, 5381
5381, 11182
25674, 5382
5382, 33281
21832, 5383
5383, 10345
17689, 5384
8514, 5384
28020, 5384
5384, 27346
5384, 21822
5384, 17740
5384, 16073
12861, 5385
33187, 5385
5385, 23046
11816, 5386
18903, 5386
5386, 29549
11088, 5387
5387, 20826
25233, 5388
5388, 18662
28033, 5389
5389, 18662
14381, 5390
5390, 19881
31752, 5391
5391, 27768
17344, 5392
5392, 12395
20163, 5393
26845, 5393
14774, 5393
32846, 5393
20533, 5393
5393, 18135
5393, 16000
17523, 5394
28951, 5394
8611, 5394
5394, 30187
21736, 5395
20329, 5395
5395, 22057
25095, 5396
5396, 11841
34699, 5397
5397, 8425
23088, 5398
5398, 20062
5398, 9910
17863, 5399
5399, 20649
5399, 23361
24830, 5400
5400, 12886
9012, 5401
5401, 28311
35164, 5402
13651, 5402
27766, 5402
26973, 5402
5402, 27576
5402, 24298
5402, 27510
5402, 30425
5402, 28797
20750, 5403
5403, 15205
15293, 5404
5404, 26386
21253, 5405
5405, 33499
22421, 5406
5406, 13415
26197, 5407
5407, 15876
5407, 29126
5407, 14170
26151, 5408
5408, 34951
5408, 30497
5408, 25780
5408, 18787
5408, 27460
5408, 35520
5408, 27201
5408, 28310
5408, 35062
5408, 16740
5408, 11704
5408, 29390
5408, 16428
22579, 5409
5409, 18842
25984, 5410
5410, 29251
35430, 5411
23377, 5411
5411, 23371
10755, 5412
5412, 11418
10723, 5413
24473, 5413
19355, 5413
33002, 5413
5413, 11076
5413, 25349
5413, 12604
5413, 24723
5413, 25998
12945, 5414
5414, 25995
34469, 5415
5415, 24201
19786, 5416
9344, 5416
31648, 5416
12948, 5416
27637, 5416
5416, 37055
23296, 5417
5417, 15225
23821, 5418
26218, 5418
23140, 5418
11958, 5418
13317, 5418
12190, 5418
5418, 19461
24323, 5419
5419, 15487
5419, 11911
13916, 5420
5420, 18662
11131, 5421
11918, 5421
5421, 16267
24683, 5422
5422, 37022
18569, 5423
5423, 11575
31215, 5424
23371, 5424
24184, 5424
30500, 5424
15572, 5424
13795, 5424
5424, 11640
5424, 25046
5424, 21919
5424, 14803
5424, 33226
5424, 14390
5424, 17823
31878, 5425
28730, 5425
5425, 25099
31738, 5426
26310, 5426
5426, 36099
12012, 5427
5427, 32722
21253, 5428
5428, 35136
34300, 5429
5429, 26020
5429, 36841
31412, 5430
5430, 29521
25123, 5431
5431, 8425
16239, 5432
5432, 34146
14959, 5433
5433, 12831
26880, 5434
5434, 28239
14935, 5435
5435, 17993
17347, 5436
5436, 24932
12702, 5437
5437, 13337
5437, 16862
5437, 35813
10407, 5438
29170, 5438
15312, 5438
5438, 15111
8502, 5439
13434, 5439
5439, 25099
35055, 5440
5440, 14440
5440, 15737
22233, 5441
28301, 5441
32745, 5441
5441, 8728
21821, 5442
5442, 11756
31022, 5443
5443, 20532
5443, 33844
8638, 5444
5444, 18662
31805, 5445
5445, 16142
5445, 28731
25783, 5446
11524, 5446
16796, 5446
9571, 5446
14634, 5446
16534, 5446
5446, 32375
20555, 5447
5447, 30788
27187, 5448
5448, 12928
36418, 5449
17516, 5449
15261, 5449
11056, 5449
20455, 5449
14506, 5449
5449, 10188
5449, 18062
5449, 10327
5449, 26122
5449, 11646
5449, 9944
5449, 11429
16340, 5450
10748, 5450
31786, 5450
12596, 5450
10401, 5450
25094, 5450
5450, 21257
5450, 31250
5450, 26199
5450, 23476
5450, 20067
5450, 26975
5450, 26907
18348, 5451
5451, 26006
5451, 34686
5451, 27103
12164, 5452
5452, 35160
22429, 5453
33822, 5453
5453, 25413
34024, 5454
5454, 33637
36745, 5455
5455, 8425
31956, 5456
5456, 9303
5456, 29126
31965, 5457
5457, 22425
28821, 5458
5458, 18662
28556, 5459
5459, 35986
22228, 5460
5460, 35022
25852, 5461
5461, 34941
5461, 12933
27931, 5462
5462, 25099
25268, 5463
5463, 24635
9242, 5464
5464, 11647
15723, 5465
5465, 15507
30245, 5466
5466, 22859
5466, 26867
19329, 5467
5467, 27271
16667, 5468
5468, 18470
33855, 5469
5469, 35022
22923, 5470
5470, 23037
28308, 5471
5471, 18662
17697, 5472
5472, 13001
12873, 5473
22144, 5473
5473, 14259
25121, 5474
5474, 23371
5474, 25099
8399, 5475
5475, 19087
28630, 5476
16157, 5476
19043, 5476
29241, 5476
30398, 5476
5476, 15563
18678, 5477
5477, 30747
5477, 29549
5477, 27217
32248, 5478
5478, 28281
30437, 5479
14730, 5479
5479, 15829
8549, 5480
5480, 13600
29437, 5481
5481, 25622
36133, 5482
33253, 5482
5482, 13032
12690, 5483
20194, 5483
5483, 11540
22131, 5484
5484, 23371
10671, 5485
5485, 24431
23631, 5486
24201, 5486
5486, 33907
33117, 5487
5487, 35385
34505, 5488
5488, 34515
25010, 5489
5489, 33281
24665, 5490
5490, 14738
17674, 5491
18564, 5491
17629, 5491
29220, 5491
30500, 5491
20649, 5491
18135, 5491
14496, 5491
29172, 5491
15268, 5491
21849, 5491
20602, 5491
27249, 5491
5491, 32065
5491, 30917
5491, 10675
5491, 33518
5491, 29843
5491, 22918
5491, 28280
5491, 27454
5491, 36618
5491, 15422
5491, 35652
5491, 26902
5491, 17737
5491, 36210
5491, 27581
33484, 5492
5492, 21616
18240, 5493
5493, 18662
8714, 5494
5494, 15572
23687, 5495
16697, 5495
21267, 5495
19308, 5495
12507, 5495
35814, 5495
11597, 5495
5495, 13732
31752, 5496
5496, 19283
36249, 5497
5497, 28509
10285, 5498
13531, 5498
20197, 5498
24637, 5498
26140, 5498
20424, 5498
8358, 5498
33848, 5498
12013, 5498
25532, 5498
24693, 5498
10272, 5498
36946, 5498
36514, 5498
28668, 5498
10646, 5498
5498, 13929
5498, 14849
5498, 10410
18003, 5499
5499, 36140
13627, 5500
5500, 25509
28043, 5501
5501, 36998
5501, 36494
5501, 26354
33062, 5502
5502, 27716
26384, 5503
5503, 9655
19308, 5504
5504, 13732
12945, 5505
5505, 25995
24455, 5506
5506, 21974
34198, 5507
18040, 5507
14277, 5507
9235, 5507
19674, 5507
5507, 35919
5507, 16618
10676, 5508
5508, 23338
31700, 5509
5509, 12528
30604, 5510
31847, 5510
5510, 13732
21507, 5511
5511, 36326
14576, 5512
5512, 26522
9655, 5513
5513, 11513
33420, 5514
5514, 23654
5514, 16695
18485, 5515
36975, 5515
13253, 5515
36953, 5515
33738, 5515
5515, 24179
5515, 18086
34598, 5516
5516, 33281
10041, 5517
5517, 33526
5517, 32619
5517, 18608
21080, 5518
5518, 15572
33207, 5519
5519, 10432
8999, 5520
33281, 5520
36123, 5520
12355, 5520
5520, 10006
5520, 11136
5520, 28988
5520, 27150
5520, 27714
21038, 5521
5521, 23371
34320, 5522
5522, 20899
5522, 27936
23914, 5523
30717, 5523
5523, 35790
19978, 5524
5524, 25775
25993, 5525
5525, 31684
19849, 5526
5526, 15793
32247, 5527
5527, 8472
11281, 5528
5528, 11238
14763, 5529
15351, 5529
12751, 5529
20649, 5529
28155, 5529
28161, 5529
11191, 5529
31032, 5529
20355, 5529
16247, 5529
5529, 18235
5529, 33039
5529, 19745
5529, 29000
5529, 27672
5529, 29887
5529, 19081
5529, 37037
5529, 17991
5529, 11776
5529, 14255
30341, 5530
5530, 30033
5530, 31080
13674, 5531
5531, 28306
5531, 14907
21538, 5532
5532, 34454
5532, 13240
30744, 5533
5533, 20410
28213, 5534
5534, 9234
33046, 5535
5535, 9696
5535, 18662
10609, 5536
25933, 5536
34797, 5536
13795, 5536
35557, 5536
33637, 5536
5536, 23954
5536, 26307
5536, 17923
5536, 12813
5536, 23553
5536, 11773
5536, 31166
36447, 5537
5537, 14135
16627, 5538
5538, 18808
20826, 5539
5539, 25694
16903, 5540
5540, 19875
5540, 15369
13406, 5541
5541, 9244
11940, 5542
5542, 30518
31003, 5543
5543, 22170
5543, 25951
19141, 5544
5544, 33255
10455, 5545
5545, 30174
16805, 5546
5546, 21576
14778, 5547
5547, 11050
20466, 5548
5548, 24201
20798, 5549
5549, 27409
34128, 5550
24742, 5550
23371, 5550
36470, 5550
22994, 5550
33637, 5550
31095, 5550
5550, 26902
5550, 23656
5550, 24933
5550, 8909
5550, 25808
5550, 33290
5550, 27263
5550, 24784
5550, 8376
18936, 5551
5551, 16728
5551, 21432
32228, 5552
5552, 25099
30525, 5553
5553, 17533
27187, 5554
5554, 12928
12110, 5555
5555, 22644
32426, 5556
5556, 36474
24770, 5557
15728, 5557
31390, 5557
26522, 5557
21403, 5557
30465, 5557
5557, 31384
31442, 5558
25802, 5558
5558, 25500
35534, 5559
5559, 16224
19217, 5560
11158, 5560
5560, 28281
22614, 5561
5561, 31969
23860, 5562
5562, 25509
25851, 5563
5563, 16994
19562, 5564
5564, 20899
5564, 11325
5564, 21103
16499, 5565
10065, 5565
31296, 5565
22687, 5565
23754, 5565
18189, 5565
12236, 5565
12721, 5565
5565, 16142
10616, 5566
5566, 32212
26965, 5567
31907, 5567
5567, 22973
5567, 26137
5567, 29948
5567, 30750
31724, 5568
5568, 12328
11427, 5569
5569, 18647
5569, 24132
17581, 5570
5570, 14404
5570, 18662
14351, 5571
5571, 26951
33761, 5572
5572, 26522
29624, 5573
5573, 22181
27323, 5574
5574, 9115
23558, 5575
5575, 8425
14150, 5576
27659, 5576
5576, 21707
29936, 5577
5577, 26763
34185, 5578
5578, 14730
33046, 5579
5579, 21169
5579, 18662
10407, 5580
5580, 15111
20828, 5581
5581, 20899
32847, 5582
5582, 15770
14981, 5583
5583, 26027
26785, 5584
9807, 5584
5584, 18259
32616, 5585
5585, 28281
12272, 5586
36689, 5586
33208, 5586
5586, 36047
32852, 5587
5587, 31503
5587, 28298
5587, 27787
5587, 17440
5587, 36215
5587, 17196
5587, 31744
5587, 34169
5587, 22669
5587, 9129
5587, 24319
5587, 33186
5587, 16253
5587, 24221
5587, 16603
5587, 28430
5587, 23930
5587, 13542
5587, 17489
5587, 35736
5587, 28369
5587, 23606
5587, 29177
5587, 23532
5587, 36158
5587, 18918
5587, 22116
5587, 24640
5587, 26604
5587, 34875
5587, 18263
5587, 28822
5587, 25380
5587, 11931
5587, 32220
5587, 11297
5587, 15569
5587, 19182
5587, 21610
5587, 14742
5587, 23672
5587, 13181
5587, 26053
5587, 32612
5587, 18858
5587, 31181
5587, 27113
5587, 10948
5587, 37047
5587, 24332
5587, 16543
5587, 32330
5587, 12850
5587, 23367
5587, 14852
5587, 20245
5587, 17802
5587, 32623
5587, 16775
5587, 18790
5587, 21007
5587, 18589
5587, 16623
5587, 18689
22614, 5588
5588, 31969
17037, 5589
24600, 5589
5589, 9905
13274, 5590
5590, 21043
5590, 34287
5590, 10286
5590, 31224
16457, 5591
5591, 18180
25763, 5592
31916, 5592
37060, 5592
5592, 10748
22174, 5593
32143, 5593
5593, 34049
5593, 29583
16507, 5594
5594, 33030
30285, 5595
5595, 23371
30355, 5596
5596, 13100
21053, 5597
23037, 5597
5597, 8826
25519, 5598
5598, 18662
23115, 5599
5599, 23371
13538, 5600
5600, 20996
29589, 5601
5601, 11182
5601, 16232
13736, 5602
5602, 28281
21024, 5603
5603, 17533
9227, 5604
5604, 25370
29369, 5605
5605, 27374
24495, 5606
5606, 17674
33883, 5607
5607, 11839
17773, 5608
17216, 5608
5608, 22075
30906, 5609
5609, 10845
24064, 5610
5610, 36214
24544, 5611
28503, 5611
5611, 10989
13274, 5612
5612, 18392
35128, 5613
14580, 5613
5613, 35661
19663, 5614
5614, 29549
18905, 5615
5615, 33637
14450, 5616
5616, 20821
5616, 27570
24444, 5617
5617, 32564
5617, 32652
18753, 5618
35442, 5618
5618, 28691
33452, 5619
5619, 23371
18141, 5620
5620, 9822
5620, 23970
5620, 30033
24461, 5621
5621, 11002
24921, 5622
5622, 36123
33717, 5623
5623, 17581
21006, 5624
5624, 22561
28661, 5625
5625, 9795
18035, 5626
8563, 5626
5626, 27620
27290, 5627
5627, 15424
5627, 34551
5627, 9946
23540, 5628
5628, 8425
8834, 5629
30768, 5629
11642, 5629
23317, 5629
19681, 5629
23731, 5629
12592, 5629
27505, 5629
5629, 15876
21253, 5630
5630, 34196
28531, 5631
5631, 9777
15391, 5632
26243, 5632
15006, 5632
36876, 5632
16746, 5632
10268, 5632
29632, 5632
17484, 5632
35457, 5632
20864, 5632
12365, 5632
34957, 5632
33515, 5632
11602, 5632
33600, 5632
26913, 5632
21593, 5632
26388, 5632
5632, 22750
25010, 5633
5633, 33281
9042, 5634
5634, 24635
27742, 5635
5635, 9316
8807, 5636
20703, 5636
9789, 5636
5636, 33281
30179, 5637
5637, 31390
32735, 5638
5638, 18662
21020, 5639
5639, 33281
33768, 5640
9287, 5640
8378, 5640
23371, 5640
14303, 5640
14677, 5640
30271, 5640
29822, 5640
14740, 5640
23058, 5640
15209, 5640
18427, 5640
31895, 5640
33905, 5640
5640, 27133
5640, 19343
5640, 24414
5640, 32206
5640, 14249
5640, 14316
5640, 22105
5640, 26902
5640, 31602
5640, 33090
5640, 23806
5640, 9938
5640, 31133
5640, 21558
5640, 19108
11562, 5641
9117, 5641
8445, 5641
28740, 5641
5641, 14133
29052, 5642
15949, 5642
23371, 5642
17001, 5642
22135, 5642
5642, 20414
5642, 17427
5642, 22929
5642, 15169
5642, 21604
5642, 33916
31752, 5643
5643, 25669
30526, 5644
5644, 10510
16733, 5645
5645, 8786
26929, 5646
11918, 5646
24063, 5646
5646, 15319
24316, 5647
5647, 14677
34202, 5648
5648, 20085
5648, 20566
17228, 5649
15020, 5649
14354, 5649
28522, 5649
5649, 24635
21929, 5650
5650, 8825
20806, 5651
5651, 12773
5651, 9780
5651, 35037
25179, 5652
5652, 26541
27117, 5653
5653, 35747
5653, 18662
29702, 5654
5654, 32594
5654, 14240
24695, 5655
22346, 5655
5655, 13303
28998, 5656
5656, 34968
26802, 5657
5657, 19430
26791, 5658
5658, 36583
33392, 5659
14206, 5659
5659, 35757
5659, 9450
5659, 17791
14077, 5660
25075, 5660
35694, 5660
29383, 5660
14913, 5660
12719, 5660
5660, 9308
10196, 5661
5661, 12433
31568, 5662
5662, 26876
27338, 5663
5663, 10461
8762, 5664
5664, 32079
25752, 5665
5665, 12886
35924, 5666
5666, 25540
35110, 5667
5667, 21987
17749, 5668
5668, 20695
11088, 5669
5669, 20826
35335, 5670
5670, 32503
23914, 5671
14679, 5671
5671, 30928
9814, 5672
5672, 28281
8562, 5673
5673, 24207
11210, 5674
9879, 5674
26960, 5674
27891, 5674
32052, 5674
20563, 5674
18450, 5674
15959, 5674
13172, 5674
17000, 5674
5674, 19340
18276, 5675
5675, 37014
5675, 26677
24713, 5676
5676, 8425
15839, 5677
5677, 17605
14065, 5678
5678, 12577
20606, 5679
5679, 13897
14727, 5680
22662, 5680
13011, 5680
5680, 28335
22485, 5681
5681, 14569
36220, 5682
5682, 35933
10396, 5683
5683, 21870
24455, 5684
5684, 21974
26008, 5685
5685, 25008
36872, 5686
5686, 29545
25219, 5687
5687, 18222
22781, 5688
5688, 36587
5688, 23060
26200, 5689
5689, 17533
20753, 5690
5690, 21514
17978, 5691
5691, 11198
28952, 5692
20083, 5692
30600, 5692
5692, 36783
5692, 37049
5692, 17832
5692, 29205
11727, 5693
5693, 18662
37045, 5694
31408, 5694
23160, 5694
25218, 5694
24019, 5694
24712, 5694
5694, 35385
13904, 5695
5695, 24831
21155, 5696
12043, 5696
10407, 5696
5696, 15111
14906, 5697
5697, 13732
11740, 5698
5698, 8469
30818, 5699
5699, 18842
23018, 5700
11645, 5700
5700, 21064
10147, 5701
20326, 5701
16435, 5701
16142, 5701
24340, 5701
15546, 5701
16859, 5701
17297, 5701
5701, 17028
5701, 23513
5701, 20037
5701, 18762
5701, 11150
5701, 12775
5701, 10678
5701, 26032
5701, 17439
16887, 5702
5702, 17533
8516, 5703
5703, 28281
21253, 5704
5704, 10850
23712, 5705
5705, 31751
5705, 26864
23006, 5706
25690, 5706
5706, 27677
30908, 5707
5707, 21685
20665, 5708
5708, 8425
10365, 5709
8364, 5709
5709, 19415
14377, 5710
8802, 5710
5710, 18783
28234, 5711
5711, 33772
21079, 5712
5712, 15369
12078, 5713
5713, 31769
18270, 5714
5714, 25588
29690, 5715
5715, 18696
23786, 5716
25244, 5716
30192, 5716
25099, 5716
5716, 15947
5716, 30129
5716, 23603
5716, 25162
5716, 28103
18808, 5717
16251, 5717
5717, 27315
12034, 5718
5718, 21670
16508, 5719
13456, 5719
15912, 5719
19342, 5719
22181, 5719
9502, 5719
14896, 5719
24680, 5719
14119, 5719
29058, 5719
26001, 5719
17379, 5719
21613, 5719
25008, 5719
25718, 5719
16523, 5719
35759, 5719
12273, 5719
28236, 5719
11841, 5719
8585, 5719
9369, 5719
14026, 5719
31573, 5719
11301, 5719
34454, 5719
10771, 5719
25388, 5719
22251, 5719
27020, 5719
13194, 5719
15487, 5719
31770, 5719
36263, 5719
28311, 5719
20959, 5719
33464, 5719
36870, 5719
15591, 5719
27703, 5719
34141, 5719
36751, 5719
36013, 5719
33785, 5719
35815, 5719
17500, 5719
27893, 5719
27768, 5719
33291, 5719
17359, 5719
10603, 5719
12372, 5719
24235, 5719
36576, 5719
10845, 5719
36810, 5719
22899, 5719
21070, 5719
26020, 5719
17451, 5719
35137, 5719
20338, 5719
28529, 5719
19454, 5719
16764, 5719
23099, 5719
28791, 5719
19422, 5719
13200, 5719
33526, 5719
28257, 5719
34702, 5719
24284, 5719
13527, 5719
23914, 5719
12528, 5719
25044, 5719
19140, 5719
10225, 5719
30811, 5719
35149, 5719
14830, 5719
25464, 5719
11368, 5719
19098, 5719
34844, 5719
27418, 5719
20804, 5719
31094, 5719
24871, 5719
25613, 5719
34481, 5719
20410, 5719
20899, 5719
30958, 5719
15104, 5719
9138, 5719
36998, 5719
28756, 5719
10881, 5719
11349, 5719
18714, 5719
24296, 5719
29653, 5719
30783, 5719
18561, 5719
23867, 5719
9759, 5719
35313, 5719
15225, 5719
24477, 5719
36209, 5719
11799, 5719
12315, 5719
16076, 5719
30961, 5719
27778, 5719
10739, 5719
29663, 5719
9594, 5719
21173, 5719
21685, 5719
28127, 5719
21707, 5719
24788, 5719
11366, 5719
14474, 5719
19917, 5719
11575, 5719
34138, 5719
36224, 5719
31829, 5719
31817, 5719
18767, 5719
25271, 5719
16939, 5719
30798, 5719
21898, 5719
27224, 5719
8500, 5719
37050, 5719
22496, 5719
21331, 5719
16853, 5719
23240, 5719
26862, 5719
18919, 5719
10487, 5719
31852, 5719
20585, 5719
8653, 5719
21009, 5719
26193, 5719
28835, 5719
33005, 5719
9638, 5719
9091, 5719
21872, 5719
25670, 5719
35080, 5719
36899, 5719
23762, 5719
19709, 5719
23841, 5719
8522, 5719
32325, 5719
30244, 5719
12523, 5719
27156, 5719
15908, 5719
31580, 5719
29071, 5719
12374, 5719
15433, 5719
9771, 5719
10733, 5719
11016, 5719
33692, 5719
34292, 5719
21680, 5719
36921, 5719
25894, 5719
33246, 5719
33463, 5719
32298, 5719
23767, 5719
20474, 5719
13941, 5719
36326, 5719
30201, 5719
35369, 5719
28680, 5719
20826, 5719
13201, 5719
24726, 5719
25430, 5719
33581, 5719
28684, 5719
20285, 5719
15326, 5719
12406, 5719
22246, 5719
11038, 5719
26060, 5719
34102, 5719
22231, 5719
24090, 5719
32080, 5719
12654, 5719
22474, 5719
11418, 5719
8687, 5719
33261, 5719
19794, 5719
31871, 5719
13621, 5719
23417, 5719
30688, 5719
20674, 5719
32871, 5719
29930, 5719
12891, 5719
31993, 5719
13620, 5719
26558, 5719
16613, 5719
32453, 5719
18162, 5719
35363, 5719
19881, 5719
20521, 5719
33409, 5719
15205, 5719
20996, 5719
19875, 5719
24798, 5719
34946, 5719
9905, 5719
9795, 5719
21468, 5719
22807, 5719
31275, 5719
12741, 5719
23631, 5719
17775, 5719
11157, 5719
15781, 5719
37022, 5719
35992, 5719
10876, 5719
17856, 5719
33011, 5719
15012, 5719
11491, 5719
34848, 5719
8404, 5719
19139, 5719
16801, 5719
9675, 5719
22644, 5719
25768, 5719
15507, 5719
20109, 5719
9111, 5719
26009, 5719
9839, 5719
23487, 5719
18164, 5719
36202, 5719
13237, 5719
35072, 5719
26354, 5719
29868, 5719
24539, 5719
22859, 5719
26338, 5719
26543, 5719
24226, 5719
16411, 5719
15369, 5719
16355, 5719
36639, 5719
11103, 5719
15206, 5719
22738, 5719
35093, 5719
13040, 5719
23690, 5719
35068, 5719
9109, 5719
27211, 5719
25904, 5719
14417, 5719
35680, 5719
35957, 5719
23536, 5719
24201, 5719
26470, 5719
10158, 5719
29350, 5719
9969, 5719
10234, 5719
23668, 5719
16001, 5719
17879, 5719
29650, 5719
24927, 5719
20786, 5719
23956, 5719
33516, 5719
14569, 5719
35130, 5719
36907, 5719
35147, 5719
35801, 5719
13147, 5719
16972, 5719
22862, 5719
10107, 5719
15712, 5719
31280, 5719
13600, 5719
28104, 5719
23326, 5719
14776, 5719
14113, 5719
8384, 5719
15855, 5719
35979, 5719
18295, 5719
17095, 5719
11690, 5719
13473, 5719
21870, 5719
33213, 5719
13704, 5719
13362, 5719
26323, 5719
14770, 5719
26576, 5719
36972, 5719
35958, 5719
21713, 5719
21508, 5719
14259, 5719
18359, 5719
27578, 5719
10657, 5719
19444, 5719
12923, 5719
9200, 5719
33835, 5719
17526, 5719
17891, 5719
18180, 5719
24404, 5719
10124, 5719
20840, 5719
9655, 5719
9313, 5719
34491, 5719
8456, 5719
23876, 5719
5719, 27603
10447, 5720
5720, 12654
17452, 5721
5721, 19881
33792, 5722
5722, 31165
32736, 5723
5723, 33637
31947, 5724
5724, 18662
19844, 5725
18710, 5725
8380, 5725
31261, 5725
32928, 5725
36279, 5725
15080, 5725
29178, 5725
14155, 5725
5725, 35371
18662, 5726
5726, 15116
29081, 5727
5727, 18662
36037, 5728
5728, 16232
28547, 5729
21085, 5729
5729, 23811
16587, 5730
5730, 23371
27472, 5731
17171, 5731
36586, 5731
22078, 5731
26472, 5731
5731, 25071
16535, 5732
5732, 8728
22485, 5733
5733, 14569
31164, 5734
5734, 17994
10452, 5735
5735, 27249
5735, 14156
27817, 5736
17844, 5736
14270, 5736
24940, 5736
13014, 5736
36465, 5736
5736, 20456
5736, 23955
19344, 5737
5737, 20361
21010, 5738
10894, 5738
9874, 5738
31308, 5738
34490, 5738
5738, 26533
33583, 5739
9999, 5739
16721, 5739
19983, 5739
16080, 5739
30440, 5739
33960, 5739
31636, 5739
36832, 5739
24282, 5739
31297, 5739
21312, 5739
21374, 5739
5739, 16422
33266, 5740
5740, 19779
36320, 5741
5741, 14851
5741, 23134
13287, 5742
5742, 11219
17748, 5743
28724, 5743
31364, 5743
12468, 5743
5743, 17533
27868, 5744
5744, 27619
25658, 5745
5745, 13957
27332, 5746
33637, 5746
5746, 24052
5746, 16496
9613, 5747
26519, 5747
5747, 34337
5747, 26523
5747, 34212
5747, 34628
5747, 28465
17956, 5748
5748, 18119
25926, 5749
5749, 20814
31220, 5750
5750, 17674
22861, 5751
5751, 18449
24279, 5752
30398, 5752
11157, 5752
5752, 10141
13336, 5753
5753, 13732
29372, 5754
5754, 21616
14904, 5755
16709, 5755
36992, 5755
10994, 5755
9593, 5755
26710, 5755
5755, 33170
5755, 8963
29990, 5756
10116, 5756
28928, 5756
25099, 5756
5756, 22648
5756, 18351
5756, 35650
5756, 12282
5756, 30395
16240, 5757
5757, 33281
28339, 5758
5758, 17533
20081, 5759
16588, 5759
37028, 5759
17533, 5759
23594, 5759
5759, 18024
5759, 25470
5759, 28375
5759, 16891
5759, 25023
5759, 21330
14360, 5760
31503, 5760
15513, 5760
25459, 5760
9836, 5760
28298, 5760
27787, 5760
32972, 5760
23912, 5760
12074, 5760
17440, 5760
36215, 5760
20190, 5760
36993, 5760
22708, 5760
14379, 5760
32110, 5760
31377, 5760
28205, 5760
11930, 5760
17196, 5760
31744, 5760
34169, 5760
22669, 5760
9129, 5760
33145, 5760
21528, 5760
15023, 5760
24525, 5760
24319, 5760
33186, 5760
16253, 5760
28114, 5760
18921, 5760
24221, 5760
16603, 5760
28430, 5760
23930, 5760
32436, 5760
15488, 5760
35542, 5760
12183, 5760
13542, 5760
17489, 5760
33497, 5760
15862, 5760
35736, 5760
25283, 5760
15622, 5760
28369, 5760
23606, 5760
29177, 5760
23532, 5760
36158, 5760
25767, 5760
18918, 5760
22116, 5760
18655, 5760
24640, 5760
26604, 5760
17039, 5760
34875, 5760
25637, 5760
18263, 5760
28822, 5760
25380, 5760
21672, 5760
11931, 5760
32220, 5760
34360, 5760
11297, 5760
15569, 5760
19182, 5760
21610, 5760
34588, 5760
11431, 5760
16586, 5760
14742, 5760
12283, 5760
23672, 5760
13181, 5760
21165, 5760
26053, 5760
32612, 5760
12428, 5760
12748, 5760
18858, 5760
31181, 5760
27113, 5760
10948, 5760
37047, 5760
29347, 5760
11384, 5760
24332, 5760
16543, 5760
15132, 5760
9008, 5760
32330, 5760
20516, 5760
12850, 5760
36065, 5760
36286, 5760
23367, 5760
14852, 5760
36551, 5760
20245, 5760
28666, 5760
17802, 5760
32623, 5760
16775, 5760
28324, 5760
14299, 5760
18790, 5760
21007, 5760
19392, 5760
18589, 5760
16623, 5760
18689, 5760
5760, 26533
30620, 5761
5761, 13732
31798, 5762
30465, 5762
5762, 26949
27127, 5763
16550, 5763
8948, 5763
10731, 5763
14565, 5763
12886, 5763
31895, 5763
29719, 5763
31423, 5763
5763, 14754
5763, 15311
5763, 16114
5763, 17952
5763, 27231
5763, 21947
5763, 22773
5763, 9364
5763, 33554
5763, 20112
10880, 5764
5764, 22779
5764, 36443
27773, 5765
5765, 19953
27833, 5766
5766, 8587
26168, 5767
5767, 36030
36461, 5768
5768, 28680
10423, 5769
5769, 33057
23386, 5770
5770, 30450
31868, 5771
5771, 36810
10044, 5772
5772, 18626
11918, 5773
20996, 5773
5773, 16088
24164, 5774
5774, 35114
17197, 5775
13278, 5775
12204, 5775
5775, 14499
30910, 5776
5776, 36692
12321, 5777
21175, 5777
11753, 5777
5777, 27127
20961, 5778
5778, 14009
13602, 5779
5779, 21254
30151, 5780
5780, 26989
31330, 5781
5781, 32108
20023, 5782
5782, 9759
23065, 5783
9154, 5783
17951, 5783
5783, 30602
15274, 5784
13125, 5784
5784, 29560
27444, 5785
20909, 5785
5785, 24705
9417, 5786
5786, 9016
25365, 5787
5787, 15188
31153, 5788
5788, 30180
14434, 5789
5789, 13732
18662, 5790
5790, 20246
28655, 5791
5791, 32712
32350, 5792
5792, 20722
8959, 5793
5793, 15769
33506, 5794
5794, 9880
19027, 5795
5795, 26856
35759, 5796
35093, 5796
5796, 26107
30978, 5797
15519, 5797
5797, 34181
21838, 5798
22246, 5798
5798, 35849
19526, 5799
5799, 15132
24502, 5800
5800, 24894
21643, 5801
9244, 5801
5801, 10857
24661, 5802
25839, 5802
14048, 5802
23086, 5802
12579, 5802
5802, 22304
5802, 16752
22151, 5803
5803, 26255
33686, 5804
5804, 15280
5804, 32142
32596, 5805
5805, 25099
29263, 5806
5806, 28578
19227, 5807
5807, 28281
15853, 5808
5808, 13194
12911, 5809
5809, 33611
12819, 5810
5810, 36654
20851, 5811
5811, 33637
21444, 5812
8546, 5812
5812, 35661
27203, 5813
5813, 29674
5813, 27818
20204, 5814
5814, 21576
20329, 5815
20874, 5815
24251, 5815
5815, 13942
26171, 5816
5816, 18662
21771, 5817
5817, 25099
15147, 5818
5818, 17533
21970, 5819
25116, 5819
17964, 5819
9038, 5819
23542, 5819
26057, 5819
5819, 13081
31387, 5820
5820, 33637
19492, 5821
5821, 15380
35125, 5822
5822, 23442
15800, 5823
5823, 33637
34488, 5824
5824, 12229
15990, 5825
5825, 33958
17967, 5826
5826, 13171
12460, 5827
5827, 24969
14620, 5828
5828, 30961
19445, 5829
5829, 23240
33328, 5830
5830, 12037
5830, 33017
37075, 5831
5831, 30811
9305, 5832
5832, 33753
18892, 5833
5833, 15132
17953, 5834
5834, 18662
24798, 5835
36742, 5835
5835, 24217
24993, 5836
5836, 23371
30363, 5837
5837, 17903
18035, 5838
30843, 5838
36069, 5838
13024, 5838
5838, 34385
16688, 5839
5839, 19140
5839, 22779
8635, 5840
5840, 28281
21253, 5841
5841, 28309
11383, 5842
5842, 16232
32138, 5843
5843, 22600
34341, 5844
26421, 5844
5844, 12101
19608, 5845
33886, 5845
5845, 23371
30754, 5846
12988, 5846
5846, 26151
5846, 18662
18627, 5847
5847, 36165
25580, 5848
5848, 11374
33420, 5849
5849, 28306
5849, 16695
9630, 5850
5850, 27428
11843, 5851
5851, 21616
9430, 5852
5852, 29024
23188, 5853
5853, 17674
5853, 33057
5853, 24292
35351, 5854
25541, 5854
5854, 21991
14351, 5855
17048, 5855
16146, 5855
5855, 26951
19160, 5856
5856, 29998
32137, 5857
30394, 5857
5857, 33637
13458, 5858
5858, 34403
27832, 5859
35085, 5859
5859, 25775
17250, 5860
5860, 17581
31752, 5861
5861, 19283
5861, 14830
9288, 5862
5862, 21336
14205, 5863
10407, 5863
5863, 15111
10146, 5864
5864, 15717
25703, 5865
5865, 10586
16771, 5866
5866, 15282
25010, 5867
23984, 5867
5867, 32788
14515, 5868
28621, 5868
31820, 5868
30241, 5868
36157, 5868
8737, 5868
25889, 5868
21576, 5868
36692, 5868
27271, 5868
9162, 5868
17643, 5868
16611, 5868
5868, 32395
5868, 18264
5868, 18656
5868, 12974
5868, 16405
5868, 29785
5868, 26127
5868, 18424
5868, 21292
5868, 11790
5868, 25577
5868, 18210
5868, 9866
5868, 26561
5868, 16115
28154, 5869
5869, 25543
12394, 5870
30801, 5870
31260, 5870
5870, 33281
15568, 5871
5871, 33662
33585, 5872
5872, 35919
27765, 5873
11731, 5873
10472, 5873
18049, 5873
10570, 5873
5873, 8667
28672, 5874
5874, 26236
24912, 5875
5875, 17581
5875, 36484
28561, 5876
5876, 21009
24306, 5877
5877, 18662
26405, 5878
5878, 30783
30754, 5879
9985, 5879
24831, 5879
29073, 5879
20960, 5879
19762, 5879
19378, 5879
18662, 5879
5879, 33855
16860, 5880
5880, 31424
5880, 18628
10391, 5881
5881, 15307
5881, 18816
35031, 5882
5882, 24226
21298, 5883
32626, 5883
5883, 22552
8868, 5884
17102, 5884
13154, 5884
23979, 5884
26460, 5884
23669, 5884
9051, 5884
5884, 29595
5884, 20853
22301, 5885
5885, 36263
25142, 5886
5886, 11325
14502, 5887
5887, 29991
26200, 5888
5888, 35255
21699, 5889
5889, 17533
34448, 5890
15123, 5890
5890, 10332
24702, 5891
5891, 20338
18203, 5892
5892, 23371
27630, 5893
5893, 9771
28655, 5894
9301, 5894
5894, 32712
23450, 5895
5895, 10985
21253, 5896
5896, 21194
34742, 5897
16819, 5897
5897, 33281
21034, 5898
5898, 29647
15567, 5899
21984, 5899
36720, 5899
5899, 33637
8974, 5900
5900, 23396
5900, 36775
5900, 22172
18870, 5901
5901, 33637
15668, 5902
5902, 34102
18662, 5903
5903, 34188
13233, 5904
28578, 5904
34835, 5904
36131, 5904
19584, 5904
5904, 26533
14254, 5905
5905, 28281
22868, 5906
5906, 23265
28095, 5907
5907, 18496
24999, 5908
5908, 26284
33691, 5909
5909, 14569
21253, 5910
5910, 26338
9471, 5911
5911, 36398
14611, 5912
15152, 5912
36785, 5912
5912, 23248
35680, 5913
5913, 35967
22868, 5914
5914, 22466
28018, 5915
5915, 9759
11312, 5916
5916, 26284
30754, 5917
22053, 5917
35022, 5917
12988, 5917
18662, 5917
5917, 33855
16680, 5918
5918, 31066
36745, 5919
5919, 8425
30370, 5920
5920, 31165
11101, 5921
5921, 21736
26704, 5922
19613, 5922
8503, 5922
23873, 5922
16309, 5922
8847, 5922
9894, 5922
23247, 5922
21467, 5922
36351, 5922
20350, 5922
32740, 5922
14995, 5922
33016, 5922
14363, 5922
28060, 5922
24492, 5922
17193, 5922
26843, 5922
15026, 5922
13775, 5922
13809, 5922
8972, 5922
17781, 5922
25653, 5922
23059, 5922
36955, 5922
31729, 5922
17063, 5922
24736, 5922
30751, 5922
25895, 5922
15803, 5922
29376, 5922
26101, 5922
25507, 5922
31826, 5922
11970, 5922
34351, 5922
32811, 5922
19664, 5922
20557, 5922
30420, 5922
18246, 5922
22562, 5922
9603, 5922
11527, 5922
11664, 5922
15133, 5922
25672, 5922
31037, 5922
12230, 5922
18995, 5922
34738, 5922
11687, 5922
24555, 5922
33077, 5922
22551, 5922
16003, 5922
34651, 5922
16011, 5922
31449, 5922
30990, 5922
9770, 5922
34186, 5922
10966, 5922
35634, 5922
10354, 5922
26468, 5922
26046, 5922
33900, 5922
18174, 5922
21296, 5922
25130, 5922
25265, 5922
36169, 5922
25992, 5922
28539, 5922
9800, 5922
16570, 5922
18443, 5922
26909, 5922
23503, 5922
34938, 5922
31246, 5922
30666, 5922
35700, 5922
31819, 5922
10169, 5922
36513, 5922
11819, 5922
10467, 5922
25866, 5922
34286, 5922
9400, 5922
27867, 5922
23461, 5922
34176, 5922
25175, 5922
15452, 5922
20766, 5922
26796, 5922
23839, 5922
31998, 5922
19144, 5922
12182, 5922
18315, 5922
14562, 5922
19821, 5922
31957, 5922
25234, 5922
10440, 5922
16407, 5922
35771, 5922
8794, 5922
23227, 5922
18578, 5922
20104, 5922
31337, 5922
23176, 5922
17215, 5922
10954, 5922
18827, 5922
21758, 5922
13825, 5922
13130, 5922
29902, 5922
13812, 5922
25377, 5922
34508, 5922
15016, 5922
36827, 5922
15804, 5922
31139, 5922
13410, 5922
14955, 5922
21328, 5922
11988, 5922
15077, 5922
33977, 5922
34077, 5922
15979, 5922
12090, 5922
14467, 5922
29062, 5922
14386, 5922
16901, 5922
13449, 5922
36928, 5922
8706, 5922
10092, 5922
9030, 5922
34427, 5922
10231, 5922
36721, 5922
20653, 5922
28054, 5922
14356, 5922
24450, 5922
20391, 5922
27756, 5922
19509, 5922
26478, 5922
15352, 5922
13629, 5922
35200, 5922
18139, 5922
13528, 5922
24834, 5922
14199, 5922
36296, 5922
24863, 5922
10853, 5922
18504, 5922
32391, 5922
36996, 5922
20820, 5922
28856, 5922
36628, 5922
34452, 5922
27734, 5922
32705, 5922
30749, 5922
17257, 5922
10873, 5922
20357, 5922
34094, 5922
26921, 5922
9945, 5922
32461, 5922
16916, 5922
16410, 5922
36682, 5922
23354, 5922
13535, 5922
29590, 5922
14869, 5922
13612, 5922
11803, 5922
21477, 5922
28709, 5922
29635, 5922
29020, 5922
37019, 5922
17696, 5922
35639, 5922
12530, 5922
13395, 5922
32394, 5922
9262, 5922
29279, 5922
15395, 5922
9394, 5922
26832, 5922
16874, 5922
27158, 5922
29291, 5922
19803, 5922
33627, 5922
27430, 5922
31613, 5922
9333, 5922
16823, 5922
18195, 5922
17099, 5922
33885, 5922
19287, 5922
32380, 5922
34391, 5922
20648, 5922
24810, 5922
17861, 5922
35735, 5922
26513, 5922
18354, 5922
34262, 5922
12660, 5922
11061, 5922
30488, 5922
28792, 5922
23816, 5922
8899, 5922
12187, 5922
12215, 5922
31882, 5922
23958, 5922
16854, 5922
27306, 5922
24780, 5922
36152, 5922
11435, 5922
25766, 5922
17945, 5922
28776, 5922
14686, 5922
26695, 5922
21697, 5922
28187, 5922
30122, 5922
13223, 5922
15061, 5922
30911, 5922
15552, 5922
20048, 5922
9449, 5922
22091, 5922
16381, 5922
23193, 5922
36536, 5922
16313, 5922
9047, 5922
24169, 5922
22097, 5922
16288, 5922
12081, 5922
17361, 5922
29788, 5922
33707, 5922
24700, 5922
10389, 5922
25299, 5922
34278, 5922
15440, 5922
31145, 5922
21952, 5922
30011, 5922
32353, 5922
10967, 5922
16441, 5922
36871, 5922
15165, 5922
25389, 5922
30132, 5922
18942, 5922
27090, 5922
23198, 5922
33833, 5922
10028, 5922
19312, 5922
36366, 5922
20986, 5922
23271, 5922
30994, 5922
13840, 5922
24655, 5922
23016, 5922
9174, 5922
20559, 5922
16885, 5922
26688, 5922
14633, 5922
11775, 5922
18128, 5922
21420, 5922
34322, 5922
24499, 5922
33128, 5922
15671, 5922
23999, 5922
33195, 5922
34781, 5922
10925, 5922
23545, 5922
18952, 5922
28330, 5922
17172, 5922
27087, 5922
35552, 5922
14007, 5922
34783, 5922
16387, 5922
10080, 5922
27035, 5922
34370, 5922
29012, 5922
34340, 5922
26770, 5922
20548, 5922
14125, 5922
21382, 5922
28965, 5922
12339, 5922
24970, 5922
35077, 5922
16908, 5922
24725, 5922
35240, 5922
9998, 5922
32555, 5922
28860, 5922
21757, 5922
27280, 5922
28784, 5922
33590, 5922
12033, 5922
17591, 5922
35400, 5922
10119, 5922
30663, 5922
34887, 5922
8415, 5922
32804, 5922
18185, 5922
18913, 5922
33189, 5922
31619, 5922
35929, 5922
18938, 5922
20181, 5922
26136, 5922
31755, 5922
16453, 5922
17291, 5922
35981, 5922
23226, 5922
35117, 5922
32967, 5922
9007, 5922
15263, 5922
19914, 5922
26231, 5922
23223, 5922
23562, 5922
13209, 5922
32562, 5922
28401, 5922
29588, 5922
9158, 5922
27979, 5922
34436, 5922
28424, 5922
13984, 5922
10442, 5922
12943, 5922
34132, 5922
33832, 5922
13662, 5922
13462, 5922
34227, 5922
29191, 5922
34119, 5922
16119, 5922
16430, 5922
23279, 5922
8895, 5922
27644, 5922
21346, 5922
19806, 5922
27918, 5922
31175, 5922
24354, 5922
24018, 5922
28745, 5922
30632, 5922
17125, 5922
30611, 5922
14782, 5922
16504, 5922
35837, 5922
33487, 5922
17813, 5922
33220, 5922
18254, 5922
17355, 5922
29568, 5922
24231, 5922
35779, 5922
18208, 5922
33946, 5922
27415, 5922
35710, 5922
5922, 30081
32169, 5923
5923, 10024
14751, 5924
16996, 5924
20367, 5924
5924, 8676
17163, 5925
9806, 5925
18042, 5925
22470, 5925
14241, 5925
16445, 5925
9643, 5925
8711, 5925
9728, 5925
17875, 5925
33306, 5925
28206, 5925
28275, 5925
17384, 5925
21076, 5925
14407, 5925
29379, 5925
26891, 5925
14666, 5925
11586, 5925
21112, 5925
10585, 5925
18624, 5925
25332, 5925
10959, 5925
36029, 5925
37000, 5925
34573, 5925
29005, 5925
14340, 5925
25681, 5925
32785, 5925
11787, 5925
18581, 5925
34643, 5925
18434, 5925
15204, 5925
33620, 5925
20297, 5925
29219, 5925
24850, 5925
27538, 5925
15056, 5925
25885, 5925
17778, 5925
19926, 5925
20358, 5925
29621, 5925
23939, 5925
23534, 5925
9694, 5925
13183, 5925
12642, 5925
20732, 5925
11280, 5925
21646, 5925
11213, 5925
24104, 5925
15734, 5925
18282, 5925
30155, 5925
31127, 5925
33895, 5925
30802, 5925
27218, 5925
23049, 5925
9263, 5925
31339, 5925
14282, 5925
34394, 5925
19053, 5925
23095, 5925
31273, 5925
18506, 5925
32888, 5925
12099, 5925
35530, 5925
25282, 5925
29267, 5925
22690, 5925
26767, 5925
28551, 5925
15498, 5925
22381, 5925
33341, 5925
15119, 5925
19996, 5925
16984, 5925
30456, 5925
10912, 5925
32491, 5925
29111, 5925
21976, 5925
35010, 5925
14661, 5925
16875, 5925
19636, 5925
10534, 5925
22500, 5925
14073, 5925
21831, 5925
34243, 5925
13389, 5925
35187, 5925
18429, 5925
28991, 5925
8590, 5925
31609, 5925
10420, 5925
18886, 5925
31446, 5925
28075, 5925
9959, 5925
22557, 5925
13921, 5925
37030, 5925
35259, 5925
33012, 5925
19091, 5925
12729, 5925
23365, 5925
11259, 5925
30723, 5925
27839, 5925
19825, 5925
19720, 5925
19016, 5925
9984, 5925
16578, 5925
33444, 5925
37062, 5925
25055, 5925
31814, 5925
30708, 5925
23007, 5925
34356, 5925
30265, 5925
8355, 5925
14149, 5925
10666, 5925
35481, 5925
22897, 5925
29855, 5925
33711, 5925
25999, 5925
18468, 5925
14842, 5925
16389, 5925
25305, 5925
13436, 5925
15318, 5925
21926, 5925
17458, 5925
11467, 5925
36499, 5925
23549, 5925
26952, 5925
10482, 5925
21434, 5925
19747, 5925
19673, 5925
23757, 5925
30705, 5925
32909, 5925
36533, 5925
26918, 5925
29832, 5925
8428, 5925
12716, 5925
28314, 5925
28174, 5925
31528, 5925
13173, 5925
32978, 5925
11261, 5925
23895, 5925
34751, 5925
9626, 5925
31897, 5925
14561, 5925
9249, 5925
30299, 5925
18507, 5925
25569, 5925
8984, 5925
9580, 5925
22352, 5925
18314, 5925
20229, 5925
12511, 5925
11880, 5925
35268, 5925
10315, 5925
17366, 5925
9098, 5925
22725, 5925
20364, 5925
32472, 5925
16305, 5925
18501, 5925
23311, 5925
8485, 5925
28431, 5925
24616, 5925
20124, 5925
27647, 5925
25528, 5925
30878, 5925
28159, 5925
13444, 5925
10350, 5925
32849, 5925
11579, 5925
18539, 5925
30324, 5925
26079, 5925
13769, 5925
22914, 5925
36925, 5925
22414, 5925
25478, 5925
24603, 5925
28764, 5925
23347, 5925
9420, 5925
19517, 5925
13502, 5925
25442, 5925
20412, 5925
26940, 5925
18063, 5925
25755, 5925
30609, 5925
26534, 5925
11104, 5925
15606, 5925
25648, 5925
22569, 5925
33120, 5925
33763, 5925
35423, 5925
22031, 5925
15301, 5925
21294, 5925
33798, 5925
21266, 5925
19218, 5925
31893, 5925
36223, 5925
17342, 5925
25760, 5925
25051, 5925
23316, 5925
10101, 5925
34022, 5925
36568, 5925
10381, 5925
15340, 5925
19880, 5925
12054, 5925
31978, 5925
26588, 5925
14178, 5925
34471, 5925
30556, 5925
32485, 5925
9517, 5925
16475, 5925
14424, 5925
14619, 5925
35760, 5925
18102, 5925
15039, 5925
14350, 5925
25350, 5925
35438, 5925
18423, 5925
32087, 5925
34676, 5925
18664, 5925
15325, 5925
27673, 5925
30850, 5925
23937, 5925
20524, 5925
20014, 5925
22963, 5925
17534, 5925
13634, 5925
31650, 5925
31924, 5925
24059, 5925
14025, 5925
25387, 5925
23423, 5925
30689, 5925
16064, 5925
22476, 5925
8716, 5925
35874, 5925
26783, 5925
31214, 5925
26647, 5925
16090, 5925
34050, 5925
33890, 5925
31437, 5925
36066, 5925
23387, 5925
23418, 5925
28842, 5925
34285, 5925
31796, 5925
20320, 5925
30974, 5925
21018, 5925
21628, 5925
31663, 5925
22012, 5925
19241, 5925
13397, 5925
31450, 5925
33891, 5925
18341, 5925
33996, 5925
24670, 5925
12280, 5925
10658, 5925
30584, 5925
24799, 5925
13023, 5925
10757, 5925
15896, 5925
26393, 5925
10679, 5925
17706, 5925
13972, 5925
22817, 5925
18857, 5925
20981, 5925
19617, 5925
32947, 5925
28982, 5925
18962, 5925
28850, 5925
30101, 5925
29212, 5925
18718, 5925
35392, 5925
19940, 5925
25106, 5925
28091, 5925
12118, 5925
22361, 5925
26352, 5925
32307, 5925
9618, 5925
25072, 5925
9196, 5925
18701, 5925
36015, 5925
32399, 5925
15895, 5925
18261, 5925
11928, 5925
24036, 5925
35918, 5925
35531, 5925
13924, 5925
26471, 5925
19599, 5925
14101, 5925
35921, 5925
23814, 5925
25836, 5925
10329, 5925
23980, 5925
19036, 5925
12783, 5925
22676, 5925
18890, 5925
14500, 5925
10528, 5925
27061, 5925
31298, 5925
27228, 5925
14516, 5925
26357, 5925
16374, 5925
13297, 5925
12588, 5925
26098, 5925
13877, 5925
19746, 5925
29546, 5925
34866, 5925
26550, 5925
10241, 5925
11712, 5925
13854, 5925
31039, 5925
18472, 5925
22058, 5925
36812, 5925
19321, 5925
25014, 5925
26526, 5925
20497, 5925
26113, 5925
13853, 5925
27146, 5925
16941, 5925
28898, 5925
26254, 5925
11935, 5925
13970, 5925
32183, 5925
15494, 5925
17765, 5925
14631, 5925
12167, 5925
18800, 5925
14972, 5925
13485, 5925
23183, 5925
14723, 5925
14872, 5925
11309, 5925
10797, 5925
36310, 5925
18616, 5925
31465, 5925
23344, 5925
31368, 5925
8565, 5925
24116, 5925
27411, 5925
17599, 5925
34417, 5925
10207, 5925
27837, 5925
29685, 5925
12195, 5925
33289, 5925
23761, 5925
25508, 5925
12599, 5925
9573, 5925
17299, 5925
13229, 5925
20591, 5925
13086, 5925
26253, 5925
23209, 5925
34514, 5925
19191, 5925
24285, 5925
15379, 5925
16712, 5925
24501, 5925
17831, 5925
24507, 5925
32492, 5925
24488, 5925
19269, 5925
26438, 5925
26765, 5925
14799, 5925
34685, 5925
23884, 5925
17984, 5925
32781, 5925
28327, 5925
33173, 5925
11234, 5925
32708, 5925
31717, 5925
18334, 5925
32571, 5925
33073, 5925
33300, 5925
22186, 5925
25947, 5925
32455, 5925
27996, 5925
21131, 5925
10443, 5925
21332, 5925
29783, 5925
23174, 5925
31660, 5925
14420, 5925
28409, 5925
29558, 5925
15120, 5925
26227, 5925
18566, 5925
18068, 5925
12297, 5925
19219, 5925
22800, 5925
11247, 5925
25231, 5925
34434, 5925
23391, 5925
11811, 5925
29711, 5925
33267, 5925
15950, 5925
21766, 5925
13195, 5925
27784, 5925
20332, 5925
20768, 5925
12386, 5925
17620, 5925
10184, 5925
32643, 5925
34952, 5925
34837, 5925
32460, 5925
32544, 5925
10847, 5925
32707, 5925
10153, 5925
16259, 5925
27004, 5925
20681, 5925
18805, 5925
20625, 5925
22532, 5925
15221, 5925
11992, 5925
12910, 5925
26025, 5925
5925, 32923
5925, 32072
5925, 31742
13150, 5926
22659, 5926
5926, 28281
10036, 5927
5927, 30961
15894, 5928
5928, 24635
10984, 5929
15876, 5929
5929, 15183
36942, 5930
5930, 32961
5930, 18522
10572, 5931
10492, 5931
5931, 33281
13647, 5932
12068, 5932
35671, 5932
34144, 5932
28878, 5932
5932, 31248
5932, 33658
30862, 5933
5933, 33637
10390, 5934
5934, 29549
28339, 5935
5935, 17533
19948, 5936
5936, 16232
23859, 5937
5937, 33637
22198, 5938
5938, 29960
5938, 35044
21771, 5939
5939, 25099
11313, 5940
5940, 31846
36935, 5941
17242, 5941
5941, 25128
25095, 5942
5942, 11841
29895, 5943
5943, 34465
23034, 5944
5944, 28281
33625, 5945
5945, 18449
35866, 5946
5946, 35801
37020, 5947
23568, 5947
5947, 28281
11201, 5948
5948, 11756
10106, 5949
5949, 24160
29271, 5950
5950, 25994
15403, 5951
5951, 13383
36604, 5952
5952, 17533
30100, 5953
5953, 30807
10671, 5954
5954, 25239
5954, 18083
22734, 5955
5955, 17533
32653, 5956
27030, 5956
36939, 5956
10751, 5956
24949, 5956
26633, 5956
8375, 5956
17134, 5956
11405, 5956
34795, 5956
23360, 5956
9216, 5956
16308, 5956
28113, 5956
22456, 5956
10822, 5956
22905, 5956
11826, 5956
5956, 21517
11125, 5957
20936, 5957
9601, 5957
33637, 5957
5957, 32557
5957, 25717
5957, 16255
5957, 12218
5957, 20574
9305, 5958
5958, 24238
35731, 5959
5959, 33803
9533, 5960
33959, 5960
5960, 16999
5960, 33167
5960, 17848
5960, 34480
29340, 5961
5961, 15572
26693, 5962
5962, 26584
31981, 5963
5963, 18676
25616, 5964
5964, 31864
31902, 5965
5965, 8425
27388, 5966
5966, 24033
5966, 10279
5966, 17785
16573, 5967
5967, 18662
14265, 5968
5968, 19794
22904, 5969
14603, 5969
35095, 5969
20944, 5969
15679, 5969
10198, 5969
15985, 5969
32641, 5969
5969, 24340
10671, 5970
5970, 20583
21253, 5971
5971, 17533
37038, 5972
31149, 5972
24564, 5972
25244, 5972
29768, 5972
11300, 5972
35062, 5972
5972, 27672
5972, 21744
5972, 26517
5972, 18029
5972, 36752
5972, 9567
5972, 30595
5972, 32268
36640, 5973
5973, 29903
29126, 5974
5974, 10521
5974, 22066
29147, 5975
5975, 30909
32282, 5976
5976, 18662
10532, 5977
18693, 5977
5977, 14394
8978, 5978
5978, 19044
18662, 5979
5979, 26151
32236, 5980
5980, 30972
14461, 5981
33978, 5981
19067, 5981
27178, 5981
5981, 9833
5981, 12391
5981, 35343
26063, 5982
19963, 5982
5982, 30561
19875, 5983
32528, 5983
5983, 29720
8414, 5984
5984, 33637
35788, 5985
5985, 15876
5985, 16151
11412, 5986
5986, 24207
33963, 5987
5987, 10399
31676, 5988
5988, 20804
21693, 5989
5989, 34454
12110, 5990
5990, 28306
37039, 5991
26429, 5991
16648, 5991
5991, 22779
26529, 5992
5992, 24201
5992, 14721
5992, 16215
16738, 5993
5993, 10656
29155, 5994
5994, 36870
33546, 5995
5995, 19074
5995, 8483
28977, 5996
5996, 8926
5996, 17854
32976, 5997
5997, 10107
32423, 5998
5998, 24235
5998, 26864
5998, 25099
16194, 5999
5999, 14753
26014, 6000
6000, 14209
17941, 6001
6001, 26284
16058, 6002
33604, 6002
28368, 6002
6002, 17533
13785, 6003
6003, 13472
6003, 23371
26758, 6004
6004, 23371
9647, 6005
6005, 20521
33564, 6006
6006, 26763
36427, 6007
6007, 18135
17960, 6008
9910, 6008
21623, 6008
6008, 28130
28947, 6009
6009, 22779
18521, 6010
6010, 36587
6010, 24943
23231, 6011
6011, 16340
24088, 6012
6012, 24635
23278, 6013
6013, 16358
31310, 6014
6014, 11149
29526, 6015
6015, 34580
21202, 6016
6016, 15572
36942, 6017
6017, 11569
22947, 6018
6018, 23841
14260, 6019
6019, 17533
12679, 6020
6020, 18316
33031, 6021
6021, 24831
11878, 6022
6022, 21285
32982, 6023
6023, 15487
6023, 34292
6023, 21685
21253, 6024
6024, 9834
21597, 6025
6025, 24605
16192, 6026
6026, 32795
11753, 6027
6027, 27127
19908, 6028
23660, 6028
6028, 31992
22614, 6029
6029, 31969
9330, 6030
25109, 6030
22931, 6030
21002, 6030
8564, 6030
8699, 6030
6030, 35371
20023, 6031
6031, 9759
33782, 6032
12523, 6032
6032, 34534
33420, 6033
6033, 15087
12985, 6034
6034, 17533
11587, 6035
6035, 20642
21253, 6036
6036, 33376
8762, 6037
6037, 32079
22485, 6038
6038, 14569
19329, 6039
6039, 27271
18662, 6040
6040, 24482
23685, 6041
6041, 19953
8662, 6042
18590, 6042
11269, 6042
6042, 33730
10452, 6043
6043, 36669
20826, 6044
22889, 6044
6044, 11319
35855, 6045
6045, 24663
25851, 6046
9868, 6046
6046, 16994
36793, 6047
6047, 24798
17065, 6048
25113, 6048
22084, 6048
6048, 13822
18662, 6049
6049, 28254
16451, 6050
6050, 36478
33420, 6051
6051, 23613
22485, 6052
6052, 14569
32512, 6053
6053, 33281
32408, 6054
6054, 13070
24950, 6055
31042, 6055
6055, 33637
12945, 6056
6056, 25995
14297, 6057
6057, 22473
26295, 6058
6058, 22899
19824, 6059
6059, 17168
20729, 6060
6060, 23811
24001, 6061
6061, 22009
21253, 6062
6062, 31607
13868, 6063
6063, 17674
8561, 6064
6064, 20532
32283, 6065
26466, 6065
15738, 6065
14990, 6065
9082, 6065
27371, 6065
17154, 6065
26002, 6065
11392, 6065
18390, 6065
20305, 6065
25455, 6065
26582, 6065
30150, 6065
25546, 6065
15402, 6065
35751, 6065
11365, 6065
28418, 6065
18132, 6065
30904, 6065
25585, 6065
29802, 6065
28388, 6065
17618, 6065
9798, 6065
18920, 6065
14544, 6065
21073, 6065
34745, 6065
18369, 6065
16315, 6065
30610, 6065
19133, 6065
16902, 6065
14579, 6065
24433, 6065
26545, 6065
25226, 6065
29754, 6065
20331, 6065
6065, 15034
34352, 6066
6066, 21792
35974, 6067
6067, 17451
10341, 6068
6068, 14339
20419, 6069
6069, 18662
11798, 6070
6070, 29414
33056, 6071
6071, 12613
10029, 6072
6072, 32710
21253, 6073
6073, 22473
34030, 6074
6074, 13450
36258, 6075
6075, 13214
29965, 6076
24340, 6076
8698, 6076
6076, 18363
6076, 20705
6076, 23577
6076, 16255
22353, 6077
6077, 17533
16739, 6078
6078, 28633
33926, 6079
6079, 25028
12927, 6080
28786, 6080
6080, 31218
15559, 6081
6081, 16316
24844, 6082
6082, 10989
29373, 6083
32043, 6083
10095, 6083
16879, 6083
22143, 6083
16732, 6083
20601, 6083
16328, 6083
33944, 6083
34160, 6083
13598, 6083
26598, 6083
11549, 6083
34949, 6083
15322, 6083
10502, 6083
33020, 6083
31088, 6083
9412, 6083
10168, 6083
18595, 6083
31313, 6083
31475, 6083
13075, 6083
23698, 6083
14854, 6083
18223, 6083
33265, 6083
11525, 6083
19842, 6083
18497, 6083
35073, 6083
10284, 6083
24193, 6083
14771, 6083
31807, 6083
14710, 6083
33260, 6083
35756, 6083
21390, 6083
20895, 6083
23097, 6083
19354, 6083
20951, 6083
21180, 6083
20381, 6083
15213, 6083
21030, 6083
26064, 6083
30297, 6083
31736, 6083
21308, 6083
20372, 6083
14397, 6083
17122, 6083
19288, 6083
22072, 6083
28824, 6083
15088, 6083
28746, 6083
6083, 17922
36942, 6084
6084, 21906
34652, 6085
6085, 26284
24317, 6086
6086, 26273
31864, 6087
6087, 9068
26236, 6088
14214, 6088
6088, 11387
6088, 29520
26168, 6089
6089, 30698
18808, 6090
14160, 6090
8686, 6090
6090, 20223
12425, 6091
6091, 14738
6091, 12894
27170, 6092
8483, 6092
6092, 31525
13850, 6093
6093, 15258
16351, 6094
28281, 6094
33281, 6094
29986, 6094
33336, 6094
35306, 6094
20649, 6094
19738, 6094
33637, 6094
32231, 6094
6094, 32748
6094, 19366
6094, 25652
6094, 35494
6094, 30472
6094, 9361
6094, 21196
6094, 9855
6094, 32431
6094, 11129
6094, 21560
24275, 6095
6095, 23616
6095, 27762
11479, 6096
6096, 29310
22375, 6097
6097, 29911
19923, 6098
6098, 33281
11742, 6099
10570, 6099
6099, 35759
34565, 6100
32574, 6100
34867, 6100
6100, 17613
21253, 6101
6101, 23818
18377, 6102
25146, 6102
21814, 6102
25897, 6102
6102, 21617
24931, 6103
6103, 12928
20016, 6104
6104, 22416
27275, 6105
6105, 18613
34331, 6106
6106, 23371
30142, 6107
14917, 6107
6107, 36283
28338, 6108
6108, 35118
6108, 31801
25144, 6109
6109, 14098
31825, 6110
6110, 22779
35436, 6111
31010, 6111
14494, 6111
32595, 6111
29905, 6111
6111, 26900
6111, 31837
6111, 36588
30336, 6112
6112, 33281
30852, 6113
6113, 19753
9558, 6114
6114, 23664
21430, 6115
8669, 6115
9316, 6115
23590, 6115
35680, 6115
6115, 28936
24936, 6116
6116, 9246
6116, 19301
6116, 11029
6116, 35864
34944, 6117
6117, 15487
6117, 11418
35794, 6118
6118, 24635
15821, 6119
6119, 21961
33098, 6120
6120, 28281
26016, 6121
6121, 36902
21944, 6122
6122, 15901
16876, 6123
6123, 9325
6123, 10437
17164, 6124
6124, 8483
13751, 6125
14475, 6125
6125, 10794
17209, 6126
6126, 10024
34728, 6127
24056, 6127
11764, 6127
6127, 18806
12110, 6128
6128, 31447
31513, 6129
6129, 18232
31205, 6130
6130, 17533
23017, 6131
6131, 34537
14899, 6132
6132, 27360
9211, 6133
6133, 25099
31752, 6134
6134, 22496
6134, 37055
25817, 6135
14537, 6135
6135, 24798
21309, 6136
6136, 14902
16185, 6137
6137, 23762
19966, 6138
6138, 31216
14380, 6139
6139, 20532
20174, 6140
27952, 6140
6140, 31451
31390, 6141
15701, 6141
24404, 6141
6141, 18148
12363, 6142
6142, 25464
6142, 13905
9551, 6143
6143, 10461
6143, 20291
28139, 6144
6144, 25154
21156, 6145
15138, 6145
6145, 28757
11838, 6146
18431, 6146
25422, 6146
30177, 6146
16439, 6146
29413, 6146
35260, 6146
31838, 6146
25840, 6146
6146, 31820
15990, 6147
6147, 9011
26168, 6148
6148, 22768
22485, 6149
6149, 14569
24707, 6150
21061, 6150
6150, 26577
25259, 6151
6151, 19232
18233, 6152
6152, 23917
8514, 6153
16852, 6153
21199, 6153
13637, 6153
6153, 32409
6153, 35744
6153, 10673
6153, 24925
6153, 14414
20079, 6154
6154, 8954
6154, 19695
20052, 6155
6155, 22880
27742, 6156
6156, 9316
33486, 6157
6157, 31204
34878, 6158
6158, 10236
6158, 27102
6158, 29618
15807, 6159
6159, 21725
6159, 21581
28385, 6160
6160, 23371
27189, 6161
6161, 29058
25374, 6162
6162, 25099
30462, 6163
6163, 9109
12449, 6164
6164, 16017
13896, 6165
6165, 11539
6165, 23361
21253, 6166
6166, 10772
22391, 6167
6167, 17895
30464, 6168
6168, 20585
30376, 6169
31152, 6169
9130, 6169
6169, 12035
6169, 18696
6169, 31444
19289, 6170
18303, 6170
14677, 6170
12886, 6170
24740, 6170
11879, 6170
6170, 26191
6170, 29342
6170, 24986
6170, 8555
6170, 14834
6170, 20114
6170, 36660
22893, 6171
6171, 34983
30398, 6172
30789, 6172
6172, 13180
17303, 6173
6173, 30657
10407, 6174
6174, 15111
28512, 6175
6175, 28708
33075, 6176
6176, 23326
10810, 6177
6177, 27921
21339, 6178
6178, 20532
6178, 34591
6178, 35680
35069, 6179
6179, 27766
12565, 6180
6180, 23371
35032, 6181
6181, 19688
25867, 6182
35209, 6182
28572, 6182
17377, 6182
11650, 6182
6182, 11699
16422, 6183
13651, 6183
21617, 6183
25141, 6183
28335, 6183
6183, 11707
6183, 15841
6183, 25936
6183, 13501
6183, 14696
6183, 9319
15758, 6184
17153, 6184
11156, 6184
9444, 6184
24313, 6184
18069, 6184
19962, 6184
18156, 6184
25009, 6184
18532, 6184
10836, 6184
6184, 34848
6184, 15433
6184, 16972
9460, 6185
17132, 6185
6185, 16550
17909, 6186
6186, 36398
12110, 6187
6187, 28067
18191, 6188
34359, 6188
6188, 18449
10522, 6189
6189, 24201
8784, 6190
31652, 6190
6190, 9637
36932, 6191
6191, 20602
29776, 6192
6192, 20795
6192, 18662
25910, 6193
22175, 6193
6193, 17773
11326, 6194
27528, 6194
14394, 6194
9335, 6194
11909, 6194
34456, 6194
30665, 6194
14878, 6194
30839, 6194
16611, 6194
25243, 6194
6194, 15652
6194, 29311
6194, 21777
6194, 31777
6194, 10526
6194, 32613
6194, 32958
6194, 28243
6194, 30182
6194, 35323
6194, 16546
6194, 27274
35455, 6195
6195, 25094
16887, 6196
6196, 17533
28643, 6197
6197, 29118
6197, 27829
19256, 6198
6198, 17674
36220, 6199
6199, 35933
35122, 6200
6200, 8500
33596, 6201
20585, 6201
6201, 9407
27516, 6202
6202, 15375
25754, 6203
6203, 11418
25123, 6204
6204, 8425
26898, 6205
6205, 33273
14008, 6206
15451, 6206
35572, 6206
14151, 6206
23119, 6206
29695, 6206
12104, 6206
28578, 6206
23778, 6206
31515, 6206
36818, 6206
29698, 6206
19357, 6206
28979, 6206
28849, 6206
19228, 6206
24222, 6206
33438, 6206
9809, 6206
21397, 6206
26263, 6206
29893, 6206
33269, 6206
11215, 6206
33197, 6206
26935, 6206
33377, 6206
32729, 6206
20445, 6206
36413, 6206
6206, 26533
20023, 6207
6207, 9759
13498, 6208
6208, 29452
25010, 6209
6209, 33281
36055, 6210
9447, 6210
15931, 6210
6210, 28527
11746, 6211
8747, 6211
26973, 6211
23637, 6211
17922, 6211
6211, 23736
6211, 25066
6211, 9318
6211, 25981
6211, 14421
6211, 10929
35877, 6212
10059, 6212
11066, 6212
21280, 6212
14430, 6212
15769, 6212
6212, 15893
6212, 10295
6212, 18245
6212, 17081
6212, 20782
6212, 27551
6212, 36185
11556, 6213
6213, 34725
6213, 24707
26678, 6214
20651, 6214
24779, 6214
18830, 6214
6214, 12671
6214, 21051
6214, 24644
6214, 29120
6214, 19502
36132, 6215
6215, 11683
19008, 6216
16479, 6216
32173, 6216
31006, 6216
21751, 6216
27123, 6216
15480, 6216
36436, 6216
29184, 6216
12574, 6216
21564, 6216
14296, 6216
32066, 6216
32760, 6216
6216, 26533
24112, 6217
6217, 18662
14702, 6218
6218, 18808
6218, 24201
17972, 6219
6219, 19994
35587, 6220
15526, 6220
24122, 6220
16157, 6220
14425, 6220
15100, 6220
27702, 6220
24335, 6220
17345, 6220
10601, 6220
8728, 6220
32339, 6220
10347, 6220
27360, 6220
23877, 6220
6220, 19956
17933, 6221
10573, 6221
6221, 25099
34362, 6222
28680, 6222
6222, 29087
20042, 6223
6223, 19862
6223, 14262
9413, 6224
6224, 19953
32560, 6225
6225, 9387
6225, 16045
15957, 6226
6226, 17256
29672, 6227
6227, 23409
15846, 6228
6228, 19342
33259, 6229
6229, 36283
36123, 6230
36709, 6230
6230, 36266
6230, 13252
25752, 6231
6231, 12886
32655, 6232
6232, 33370
30888, 6233
6233, 15515
21253, 6234
6234, 24553
16361, 6235
10668, 6235
13216, 6235
14550, 6235
6235, 32499
6235, 30989
6235, 36200
6235, 9516
6235, 9597
35933, 6236
34342, 6236
6236, 17845
20586, 6237
6237, 18662
8999, 6238
34099, 6238
10554, 6238
28851, 6238
21503, 6238
20649, 6238
35350, 6238
30612, 6238
30764, 6238
30107, 6238
26284, 6238
6238, 30327
6238, 21796
6238, 28970
6238, 27916
6238, 33051
6238, 16345
6238, 32958
6238, 31192
6238, 10529
6238, 36063
6238, 35084
6238, 30487
10577, 6239
6239, 28688
27656, 6240
6240, 10476
12771, 6241
6241, 26943
31227, 6242
6242, 9839
24470, 6243
6243, 31373
6243, 17530
6243, 28543
21392, 6244
6244, 26151
6244, 18662
30247, 6245
6245, 9502
18432, 6246
11876, 6246
32055, 6246
25875, 6246
32716, 6246
23371, 6246
15572, 6246
36187, 6246
34422, 6246
21136, 6246
15662, 6246
33637, 6246
33970, 6246
6246, 31203
6246, 36816
6246, 32826
6246, 11608
6246, 31931
6246, 25011
6246, 8727
6246, 27596
6246, 25635
6246, 23707
6246, 28631
6246, 13127
6246, 21361
6246, 32649
23331, 6247
6247, 28666
20438, 6248
6248, 34725
30416, 6249
6249, 35948
13556, 6250
6250, 10627
12945, 6251
6251, 25995
34313, 6252
6252, 12928
35759, 6253
27754, 6253
6253, 17260
19234, 6254
6254, 32871
19375, 6255
6255, 24635
28046, 6256
6256, 25141
14868, 6257
6257, 20532
11944, 6258
6258, 19916
14573, 6259
18324, 6259
6259, 24340
8998, 6260
6260, 12955
24187, 6261
35363, 6261
6261, 22051
33113, 6262
6262, 10049
31259, 6263
9810, 6263
9821, 6263
17629, 6263
30206, 6263
31258, 6263
32715, 6263
32648, 6263
6263, 25805
6263, 31120
6263, 23256
6263, 8966
6263, 25007
6263, 33081
6263, 14182
6263, 22098
6263, 18672
6263, 15478
32847, 6264
6264, 18015
24944, 6265
31089, 6265
24648, 6265
6265, 18979
21253, 6266
6266, 11990
14806, 6267
19558, 6267
34769, 6267
6267, 16232
13211, 6268
20342, 6268
9620, 6268
11563, 6268
6268, 14124
26087, 6269
15161, 6269
29830, 6269
28152, 6269
18070, 6269
21178, 6269
36398, 6269
6269, 34101
6269, 12730
6269, 32940
6269, 34398
6269, 23307
6269, 15549
6269, 22115
6269, 26074
33695, 6270
6270, 33281
28881, 6271
25625, 6271
21186, 6271
28173, 6271
23415, 6271
10818, 6271
6271, 30282
10713, 6272
6272, 13897
26842, 6273
32592, 6273
22046, 6273
27983, 6273
9711, 6273
36496, 6273
11450, 6273
6273, 16232
6273, 36411
6273, 23636
21253, 6274
6274, 10304
11444, 6275
6275, 25849
20718, 6276
6276, 34925
32971, 6277
6277, 15993
25737, 6278
17446, 6278
6278, 25147
32428, 6279
6279, 33237
6279, 35293
33913, 6280
6280, 33637
34468, 6281
35410, 6281
6281, 10461
15559, 6282
6282, 16316
9967, 6283
9091, 6283
6283, 21437
19473, 6284
12220, 6284
21200, 6284
27059, 6284
13857, 6284
36866, 6284
6284, 23210
8762, 6285
6285, 32079
20047, 6286
6286, 28281
15305, 6287
6287, 13316
19118, 6288
6288, 13871
31281, 6289
10897, 6289
6289, 16142
36220, 6290
6290, 35933
25388, 6291
11683, 6291
31935, 6291
6291, 24115
19024, 6292
6292, 11069
24245, 6293
6293, 32674
6293, 20649
21253, 6294
6294, 19762
22667, 6295
6295, 26541
16992, 6296
6296, 10869
23613, 6297
6297, 17966
6297, 18662
36237, 6298
6298, 31081
18748, 6299
6299, 26165
24757, 6300
6300, 10431
31212, 6301
6301, 17674
29927, 6302
6302, 16411
19389, 6303
15898, 6303
6303, 33281
12110, 6304
6304, 23708
26151, 6305
6305, 25159
6305, 24039
6305, 25697
6305, 19938
6305, 22911
6305, 28370
6305, 32749
6305, 20306
15635, 6306
13396, 6306
11015, 6306
20458, 6306
6306, 33637
18407, 6307
16776, 6307
6307, 18232
29897, 6308
6308, 30961
27365, 6309
9316, 6309
11375, 6309
6309, 28396
36297, 6310
6310, 16142
19757, 6311
6311, 36654
14507, 6312
30266, 6312
28281, 6312
23813, 6312
30500, 6312
29829, 6312
28795, 6312
34109, 6312
11698, 6312
6312, 18599
6312, 12308
6312, 19305
6312, 30814
6312, 32379
6312, 27278
6312, 22746
6312, 21051
6312, 20187
6312, 12146
25695, 6313
6313, 34972
9845, 6314
6314, 35133
18662, 6315
6315, 36663
8763, 6316
6316, 33637
12110, 6317
6317, 10116
36337, 6318
17513, 6318
6318, 9322
20130, 6319
6319, 12135
6319, 10510
12110, 6320
6320, 25868
29993, 6321
6321, 29626
12620, 6322
6322, 18438
29961, 6323
6323, 26953
6323, 29766
20547, 6324
6324, 23923
6324, 13905
6324, 21087
35609, 6325
6325, 24207
12878, 6326
23627, 6326
28669, 6326
30228, 6326
26045, 6326
6326, 31413
6326, 17902
6326, 31812
6326, 32024
20747, 6327
12097, 6327
33646, 6327
16642, 6327
22824, 6327
27379, 6327
15572, 6327
22668, 6327
27154, 6327
6327, 14333
6327, 21887
6327, 29876
6327, 23768
6327, 30261
6327, 27248
6327, 27510
6327, 24073
6327, 30152
6327, 8557
14305, 6328
17170, 6328
6328, 33281
13176, 6329
30202, 6329
6329, 33637
36870, 6330
30688, 6330
6330, 22018
16788, 6331
16563, 6331
34523, 6331
33033, 6331
23217, 6331
33454, 6331
6331, 20702
6331, 10543
29473, 6332
13651, 6332
9760, 6332
29237, 6332
27271, 6332
26973, 6332
22627, 6332
15034, 6332
27760, 6332
6332, 27948
6332, 17901
6332, 27304
6332, 25033
6332, 10728
6332, 28704
6332, 24211
6332, 11347
6332, 12202
6332, 35321
6332, 34568
24718, 6333
12877, 6333
13519, 6333
16976, 6333
27179, 6333
19965, 6333
27260, 6333
27556, 6333
26045, 6333
6333, 24853
6333, 24837
8359, 6334
6334, 28281
35089, 6335
6335, 19163
21504, 6336
6336, 27814
30654, 6337
6337, 32734
33010, 6338
6338, 34448
8381, 6339
6339, 30443
21291, 6340
18171, 6340
19399, 6340
6340, 15464
6340, 14357
6340, 19831
6340, 20735
25686, 6341
31962, 6341
6341, 33637
8463, 6342
6342, 34460
6342, 28756
17078, 6343
6343, 13335
16104, 6344
6344, 19454
18218, 6345
6345, 24160
20184, 6346
11441, 6346
29290, 6346
32494, 6346
10364, 6346
22194, 6346
23308, 6346
6346, 23853
6346, 11867
6346, 23889
6346, 32450
6346, 34182
6346, 22834
6346, 24454
6346, 26475
20600, 6347
6347, 29237
10999, 6348
21396, 6348
33287, 6348
6348, 16232
27314, 6349
29513, 6349
6349, 29052
30703, 6350
6350, 22888
29849, 6351
6351, 25741
21253, 6352
6352, 21914
13859, 6353
6353, 10537
29873, 6354
25522, 6354
6354, 11056
14597, 6355
6355, 15084
11680, 6356
6356, 18135
28618, 6357
13268, 6357
21659, 6357
17192, 6357
33689, 6357
21145, 6357
9292, 6357
14813, 6357
6357, 23099
6357, 18714
6357, 16076
10242, 6358
6358, 17957
18662, 6359
6359, 30512
12300, 6360
6360, 22475
11022, 6361
6361, 22967
15161, 6362
14462, 6362
30239, 6362
28281, 6362
19609, 6362
25213, 6362
13206, 6362
21968, 6362
29712, 6362
22867, 6362
8425, 6362
30563, 6362
6362, 13168
6362, 18932
6362, 17433
6362, 26902
6362, 15919
6362, 29352
6362, 30712
6362, 36806
6362, 23526
6362, 33014
6362, 23655
6362, 11648
6362, 22997
6362, 11003
17999, 6363
6363, 19028
6363, 36216
22842, 6364
6364, 12333
6364, 30001
8854, 6365
6365, 25196
26601, 6366
6366, 32096
22248, 6367
34608, 6367
24635, 6367
36007, 6367
13897, 6367
11091, 6367
17333, 6367
8356, 6367
6367, 26489
6367, 24198
6367, 32861
6367, 8553
6367, 10792
6367, 17910
6367, 22840
6367, 15136
6367, 34498
28978, 6368
6368, 10771
20652, 6369
6369, 15327
6369, 31425
24576, 6370
6370, 25452
18515, 6371
6371, 31165
33682, 6372
6372, 28020
32566, 6373
6373, 24191
25079, 6374
6374, 26558
32622, 6375
6375, 24207
27320, 6376
6376, 15324
6376, 25509
27285, 6377
6377, 36587
20191, 6378
6378, 26973
22972, 6379
6379, 28157
6379, 16009
6379, 33147
35347, 6380
6380, 25099
9337, 6381
12948, 6381
31752, 6381
6381, 12754
8582, 6382
6382, 22362
15731, 6383
19249, 6383
21428, 6383
24028, 6383
35353, 6383
6383, 23371
32239, 6384
6384, 36254
31545, 6385
6385, 18259
28029, 6386
6386, 9248
35734, 6387
6387, 33692
13414, 6388
6388, 35680
20654, 6389
6389, 33325
6389, 33054
27558, 6390
6390, 20945
19490, 6391
26987, 6391
33865, 6391
31082, 6391
8540, 6391
11980, 6391
25257, 6391
21104, 6391
28217, 6391
31468, 6391
36327, 6391
20013, 6391
21013, 6391
28521, 6391
15578, 6391
19220, 6391
31431, 6391
10633, 6391
22490, 6391
10742, 6391
18928, 6391
27940, 6391
13684, 6391
19593, 6391
16606, 6391
15361, 6391
18051, 6391
33574, 6391
18196, 6391
35712, 6391
34639, 6391
30879, 6391
11343, 6391
23233, 6391
22795, 6391
26477, 6391
15098, 6391
18433, 6391
19333, 6391
30343, 6391
21647, 6391
16436, 6391
30226, 6391
27078, 6391
21890, 6391
35447, 6391
31970, 6391
21048, 6391
33453, 6391
34876, 6391
25837, 6391
26858, 6391
16053, 6391
33667, 6391
13947, 6391
35882, 6391
15387, 6391
12421, 6391
20502, 6391
29330, 6391
17570, 6391
20876, 6391
18343, 6391
35324, 6391
35578, 6391
16857, 6391
20260, 6391
32799, 6391
29243, 6391
21975, 6391
10306, 6391
23618, 6391
15655, 6391
16619, 6391
15122, 6391
25247, 6391
35012, 6391
35704, 6391
25708, 6391
13080, 6391
11750, 6391
35132, 6391
30171, 6391
10909, 6391
26169, 6391
33641, 6391
22020, 6391
29429, 6391
22240, 6391
14819, 6391
14219, 6391
14455, 6391
19618, 6391
26995, 6391
17918, 6391
16147, 6391
19106, 6391
20427, 6391
8476, 6391
12427, 6391
15495, 6391
29920, 6391
29527, 6391
30827, 6391
33888, 6391
34817, 6391
28170, 6391
31188, 6391
29086, 6391
15742, 6391
11028, 6391
16199, 6391
19896, 6391
31355, 6391
21252, 6391
22593, 6391
34637, 6391
14845, 6391
14707, 6391
17430, 6391
15492, 6391
10185, 6391
10311, 6391
19634, 6391
23284, 6391
9390, 6391
24318, 6391
25646, 6391
21546, 6391
8830, 6391
9708, 6391
11634, 6391
17874, 6391
35375, 6391
22528, 6391
25330, 6391
33547, 6391
27782, 6391
31100, 6391
13119, 6391
28101, 6391
23595, 6391
34139, 6391
24174, 6391
12335, 6391
20300, 6391
24569, 6391
18272, 6391
16960, 6391
17394, 6391
6391, 21863
23109, 6392
15505, 6392
28119, 6392
18535, 6392
35725, 6392
6392, 27023
6392, 29872
6392, 29899
6392, 26676
6392, 18828
6392, 33247
18662, 6393
6393, 34884
25771, 6394
6394, 25206
6394, 34919
33771, 6395
6395, 17305
36942, 6396
6396, 19334
16271, 6397
6397, 33637
8838, 6398
6398, 25543
12110, 6399
6399, 22333
24794, 6400
6400, 33637
14933, 6401
6401, 23914
13012, 6402
6402, 33823
17914, 6403
6403, 34735
6403, 28136
35910, 6404
6404, 23136
24405, 6405
25685, 6405
28802, 6405
21275, 6405
18280, 6405
34799, 6405
13010, 6405
23531, 6405
35475, 6405
28907, 6405
20351, 6405
30262, 6405
20860, 6405
20328, 6405
26228, 6405
10856, 6405
6405, 22417
32396, 6406
6406, 8686
27453, 6407
6407, 8653
8808, 6408
6408, 33281
13690, 6409
6409, 34310
21338, 6410
24919, 6410
6410, 28281
16802, 6411
28247, 6411
6411, 27649
29121, 6412
6412, 30757
6412, 16811
27978, 6413
35930, 6413
19879, 6413
36312, 6413
19159, 6413
34723, 6413
36138, 6413
13192, 6413
20552, 6413
35782, 6413
32034, 6413
24538, 6413
15923, 6413
8455, 6413
31544, 6413
28387, 6413
14920, 6413
35873, 6413
23928, 6413
10508, 6413
19611, 6413
19235, 6413
19500, 6413
35201, 6413
21005, 6413
15750, 6413
25614, 6413
34440, 6413
25769, 6413
34891, 6413
15420, 6413
35222, 6413
21081, 6413
20913, 6413
15192, 6413
16501, 6413
25823, 6413
30782, 6413
23718, 6413
28285, 6413
8605, 6413
30805, 6413
8645, 6413
9326, 6413
13856, 6413
13628, 6413
34377, 6413
35714, 6413
23519, 6413
36981, 6413
25816, 6413
15837, 6413
34018, 6413
24463, 6413
11722, 6413
35337, 6413
29749, 6413
24365, 6413
29428, 6413
33687, 6413
19320, 6413
20059, 6413
29224, 6413
31664, 6413
23965, 6413
34777, 6413
19974, 6413
34530, 6413
27565, 6413
14585, 6413
15332, 6413
24599, 6413
27282, 6413
26910, 6413
26313, 6413
17492, 6413
25425, 6413
15697, 6413
16244, 6413
15185, 6413
16774, 6413
31232, 6413
34325, 6413
26648, 6413
12224, 6413
22305, 6413
35701, 6413
14816, 6413
20183, 6413
14109, 6413
27494, 6413
9722, 6413
20780, 6413
24977, 6413
33080, 6413
35470, 6413
22827, 6413
21698, 6413
24022, 6413
15329, 6413
14020, 6413
15610, 6413
14371, 6413
17002, 6413
18211, 6413
9395, 6413
10433, 6413
29411, 6413
26081, 6413
35773, 6413
16748, 6413
11327, 6413
12133, 6413
19587, 6413
28767, 6413
28679, 6413
20189, 6413
29567, 6413
29610, 6413
28690, 6413
25845, 6413
26148, 6413
16591, 6413
25545, 6413
21474, 6413
27594, 6413
31429, 6413
27108, 6413
31674, 6413
10788, 6413
28342, 6413
11407, 6413
10233, 6413
35612, 6413
14925, 6413
13980, 6413
21356, 6413
34374, 6413
14657, 6413
34082, 6413
23909, 6413
31229, 6413
22399, 6413
36308, 6413
10363, 6413
12605, 6413
25015, 6413
9835, 6413
22439, 6413
11144, 6413
26395, 6413
35803, 6413
14798, 6413
8812, 6413
19525, 6413
31627, 6413
22660, 6413
24800, 6413
17635, 6413
19431, 6413
24128, 6413
31054, 6413
27391, 6413
16978, 6413
13956, 6413
25892, 6413
21407, 6413
17638, 6413
16547, 6413
34684, 6413
28188, 6413
23299, 6413
33133, 6413
17632, 6413
31901, 6413
28593, 6413
28728, 6413
16409, 6413
23118, 6413
21270, 6413
29823, 6413
12992, 6413
26248, 6413
25122, 6413
25854, 6413
35233, 6413
15872, 6413
19017, 6413
26049, 6413
26555, 6413
16483, 6413
22976, 6413
17203, 6413
23651, 6413
28536, 6413
31673, 6413
27634, 6413
16506, 6413
35764, 6413
9515, 6413
19110, 6413
9370, 6413
33228, 6413
31477, 6413
11822, 6413
25945, 6413
17307, 6413
17131, 6413
35402, 6413
17730, 6413
27515, 6413
14665, 6413
33640, 6413
20315, 6413
10087, 6413
35195, 6413
35510, 6413
9035, 6413
13649, 6413
6413, 33566
16340, 6414
25501, 6414
35937, 6414
17297, 6414
28183, 6414
31372, 6414
30450, 6414
35136, 6414
15166, 6414
17208, 6414
6414, 31459
6414, 31500
6414, 12008
6414, 11345
6414, 34095
6414, 32074
6414, 32437
6414, 22754
6414, 8553
6414, 22115
6414, 27269
6414, 27689
11399, 6415
6415, 26737
6415, 23647
18662, 6416
6416, 17044
25517, 6417
6417, 32530
35264, 6418
6418, 18182
35450, 6419
6419, 21707
6419, 20109
6419, 17674
36225, 6420
29675, 6420
6420, 27917
15154, 6421
6421, 14827
9704, 6422
14129, 6422
6422, 25413
10772, 6423
8928, 6423
21576, 6423
28335, 6423
6423, 12769
6423, 27362
6423, 29704
6423, 32914
6423, 8606
33892, 6424
11336, 6424
6424, 21291
18704, 6425
6425, 28751
20148, 6426
8628, 6426
15572, 6426
25596, 6426
26763, 6426
23058, 6426
24779, 6426
6426, 22348
6426, 35853
6426, 11900
6426, 34172
6426, 15509
6426, 14987
6426, 26902
6426, 31949
6426, 13714
21253, 6427
6427, 33637
19325, 6428
36117, 6428
18078, 6428
30419, 6428
25954, 6428
11105, 6428
28391, 6428
17351, 6428
27655, 6428
16231, 6428
32090, 6428
22684, 6428
18931, 6428
11245, 6428
34851, 6428
16953, 6428
24079, 6428
24862, 6428
10456, 6428
23214, 6428
23580, 6428
23829, 6428
20106, 6428
34854, 6428
34367, 6428
36457, 6428
32978, 6428
28620, 6428
12342, 6428
32105, 6428
31053, 6428
19032, 6428
22730, 6428
21762, 6428
27286, 6428
29888, 6428
8519, 6428
31252, 6428
22069, 6428
13574, 6428
13589, 6428
10708, 6428
32725, 6428
23820, 6428
21463, 6428
30727, 6428
26782, 6428
37040, 6428
14128, 6428
33331, 6428
24374, 6428
35917, 6428
26332, 6428
9664, 6428
30109, 6428
35973, 6428
20499, 6428
8877, 6428
23561, 6428
34726, 6428
10217, 6428
21191, 6428
33299, 6428
34319, 6428
13272, 6428
35880, 6428
36083, 6428
24457, 6428
30436, 6428
14096, 6428
13225, 6428
10963, 6428
12172, 6428
14994, 6428
16612, 6428
29136, 6428
27849, 6428
12423, 6428
26841, 6428
18544, 6428
27301, 6428
29627, 6428
30548, 6428
23177, 6428
17968, 6428
32851, 6428
22766, 6428
16645, 6428
13917, 6428
12174, 6428
21248, 6428
26250, 6428
16166, 6428
32537, 6428
12399, 6428
13114, 6428
12408, 6428
36949, 6428
16753, 6428
11835, 6428
31860, 6428
30253, 6428
21552, 6428
34482, 6428
32881, 6428
22208, 6428
29064, 6428
11681, 6428
26021, 6428
17357, 6428
25918, 6428
26899, 6428
17768, 6428
19900, 6428
12627, 6428
13432, 6428
11995, 6428
15636, 6428
31015, 6428
8508, 6428
12077, 6428
14158, 6428
26316, 6428
33982, 6428
25201, 6428
11778, 6428
34924, 6428
25747, 6428
12983, 6428
35883, 6428
31393, 6428
21951, 6428
10749, 6428
23063, 6428
15656, 6428
9260, 6428
34379, 6428
31472, 6428
21054, 6428
31703, 6428
30323, 6428
36164, 6428
16641, 6428
11251, 6428
27342, 6428
21885, 6428
36631, 6428
30646, 6428
14365, 6428
35081, 6428
24941, 6428
10030, 6428
35446, 6428
16087, 6428
24607, 6428
26562, 6428
21900, 6428
26585, 6428
23394, 6428
33576, 6428
8654, 6428
17086, 6428
14584, 6428
14706, 6428
35443, 6428
21410, 6428
18105, 6428
12042, 6428
24366, 6428
29679, 6428
33961, 6428
28886, 6428
27925, 6428
18033, 6428
31779, 6428
15773, 6428
26158, 6428
31114, 6428
35183, 6428
35317, 6428
15890, 6428
32198, 6428
26859, 6428
22567, 6428
21025, 6428
13745, 6428
31359, 6428
34224, 6428
14533, 6428
30405, 6428
31548, 6428
18541, 6428
18331, 6428
13000, 6428
16348, 6428
26408, 6428
15219, 6428
16769, 6428
24575, 6428
16163, 6428
13051, 6428
30036, 6428
25360, 6428
13948, 6428
14924, 6428
34350, 6428
29819, 6428
9379, 6428
21650, 6428
32800, 6428
22267, 6428
36100, 6428
15502, 6428
8363, 6428
17178, 6428
10665, 6428
33759, 6428
13946, 6428
18699, 6428
24827, 6428
10093, 6428
20043, 6428
21679, 6428
21460, 6428
13441, 6428
19863, 6428
11184, 6428
13939, 6428
30615, 6428
26620, 6428
17438, 6428
20031, 6428
35171, 6428
14166, 6428
27126, 6428
18152, 6428
25855, 6428
28931, 6428
11243, 6428
12498, 6428
36227, 6428
20881, 6428
31129, 6428
20797, 6428
27079, 6428
16503, 6428
31699, 6428
34180, 6428
25873, 6428
26931, 6428
9039, 6428
14835, 6428
23490, 6428
23900, 6428
21159, 6428
13915, 6428
32020, 6428
35178, 6428
12625, 6428
22558, 6428
14154, 6428
29535, 6428
30453, 6428
36802, 6428
34830, 6428
28058, 6428
21895, 6428
10359, 6428
35010, 6428
11925, 6428
19865, 6428
28540, 6428
27456, 6428
23921, 6428
35769, 6428
35008, 6428
16098, 6428
34557, 6428
17637, 6428
18089, 6428
36359, 6428
17691, 6428
22535, 6428
21264, 6428
25155, 6428
9321, 6428
21401, 6428
31698, 6428
31967, 6428
25664, 6428
18012, 6428
35144, 6428
16335, 6428
22213, 6428
19263, 6428
16865, 6428
13786, 6428
20760, 6428
18887, 6428
36593, 6428
26614, 6428
32045, 6428
35056, 6428
18140, 6428
24046, 6428
30034, 6428
23078, 6428
12957, 6428
31271, 6428
33577, 6428
26571, 6428
36211, 6428
30547, 6428
31400, 6428
26186, 6428
12852, 6428
8881, 6428
16858, 6428
34511, 6428
13226, 6428
33124, 6428
29857, 6428
9607, 6428
12116, 6428
12697, 6428
30188, 6428
26185, 6428
20517, 6428
11471, 6428
10563, 6428
35911, 6428
33721, 6428
11394, 6428
31579, 6428
26141, 6428
23975, 6428
29744, 6428
34419, 6428
22313, 6428
19285, 6428
26637, 6428
34600, 6428
31963, 6428
21750, 6428
36197, 6428
20450, 6428
16745, 6428
32514, 6428
23420, 6428
20698, 6428
27313, 6428
16055, 6428
28482, 6428
14033, 6428
16576, 6428
18344, 6428
30490, 6428
15788, 6428
18990, 6428
27363, 6428
22756, 6428
11763, 6428
32412, 6428
23319, 6428
17113, 6428
10866, 6428
10319, 6428
15401, 6428
12607, 6428
13095, 6428
17189, 6428
21072, 6428
11922, 6428
23132, 6428
15609, 6428
24400, 6428
36535, 6428
13603, 6428
27701, 6428
8493, 6428
10893, 6428
21957, 6428
11246, 6428
29422, 6428
22968, 6428
34106, 6428
23053, 6428
31084, 6428
23199, 6428
25242, 6428
16584, 6428
36119, 6428
16961, 6428
21981, 6428
29717, 6428
31527, 6428
12506, 6428
14789, 6428
18361, 6428
16565, 6428
26011, 6428
34900, 6428
15086, 6428
33446, 6428
14338, 6428
20440, 6428
18552, 6428
14134, 6428
32536, 6428
15645, 6428
21850, 6428
32651, 6428
16349, 6428
30052, 6428
32818, 6428
12053, 6428
8956, 6428
29797, 6428
23230, 6428
19772, 6428
34399, 6428
17054, 6428
23318, 6428
32023, 6428
34395, 6428
35968, 6428
17179, 6428
35002, 6428
16391, 6428
24916, 6428
31661, 6428
17759, 6428
25727, 6428
20015, 6428
28616, 6428
33894, 6428
33985, 6428
15696, 6428
19639, 6428
27562, 6428
27427, 6428
29728, 6428
32660, 6428
19768, 6428
32217, 6428
35887, 6428
20097, 6428
33812, 6428
9742, 6428
25471, 6428
12874, 6428
9962, 6428
15278, 6428
32170, 6428
23093, 6428
22680, 6428
30605, 6428
18641, 6428
15548, 6428
33221, 6428
11223, 6428
26000, 6428
8668, 6428
15113, 6428
32288, 6428
15564, 6428
9979, 6428
24923, 6428
31502, 6428
29664, 6428
11147, 6428
36569, 6428
22443, 6428
22014, 6428
14720, 6428
22149, 6428
24347, 6428
33352, 6428
32309, 6428
36769, 6428
31510, 6428
30430, 6428
11800, 6428
12302, 6428
34088, 6428
17480, 6428
14693, 6428
9243, 6428
10769, 6428
32167, 6428
14982, 6428
30892, 6428
12158, 6428
23491, 6428
31209, 6428
13638, 6428
10237, 6428
14598, 6428
29433, 6428
22488, 6428
16639, 6428
33776, 6428
23122, 6428
20775, 6428
29777, 6428
30601, 6428
18055, 6428
33043, 6428
25383, 6428
34899, 6428
17496, 6428
26464, 6428
36675, 6428
20486, 6428
18173, 6428
17651, 6428
33589, 6428
10940, 6428
22183, 6428
36364, 6428
32600, 6428
9446, 6428
35106, 6428
11670, 6428
34657, 6428
8573, 6428
28541, 6428
35642, 6428
33826, 6428
22384, 6428
33363, 6428
31549, 6428
35299, 6428
12641, 6428
11084, 6428
16867, 6428
33078, 6428
34345, 6428
9340, 6428
11651, 6428
18374, 6428
25277, 6428
25068, 6428
23546, 6428
18841, 6428
15605, 6428
11857, 6428
19853, 6428
15833, 6428
29760, 6428
17085, 6428
19089, 6428
19946, 6428
8844, 6428
26657, 6428
21506, 6428
16699, 6428
14814, 6428
14612, 6428
26773, 6428
15600, 6428
32018, 6428
12497, 6428
23218, 6428
17450, 6428
36646, 6428
20076, 6428
31299, 6428
12252, 6428
20697, 6428
32161, 6428
31666, 6428
29143, 6428
29128, 6428
28191, 6428
21240, 6428
14893, 6428
29367, 6428
31306, 6428
35376, 6428
19802, 6428
24524, 6428
19769, 6428
28094, 6428
36355, 6428
35804, 6428
34560, 6428
20635, 6428
23144, 6428
21056, 6428
17334, 6428
30898, 6428
32456, 6428
29814, 6428
32458, 6428
9574, 6428
32926, 6428
18764, 6428
17577, 6428
32755, 6428
30013, 6428
15292, 6428
30197, 6428
24678, 6428
36024, 6428
9150, 6428
19330, 6428
25787, 6428
32199, 6428
30481, 6428
15412, 6428
19756, 6428
21883, 6428
13920, 6428
18550, 6428
10965, 6428
28259, 6428
34842, 6428
20634, 6428
28501, 6428
23976, 6428
17587, 6428
35135, 6428
20958, 6428
10375, 6428
28599, 6428
23038, 6428
31132, 6428
30213, 6428
9996, 6428
15774, 6428
25707, 6428
9968, 6428
27173, 6428
17818, 6428
18400, 6428
28028, 6428
9765, 6428
33465, 6428
10042, 6428
9544, 6428
9089, 6428
27500, 6428
21892, 6428
17388, 6428
18467, 6428
12261, 6428
18889, 6428
32656, 6428
10993, 6428
11288, 6428
22317, 6428
20436, 6428
30330, 6428
29673, 6428
11081, 6428
28290, 6428
22901, 6428
21399, 6428
15934, 6428
23692, 6428
32711, 6428
15805, 6428
28859, 6428
30332, 6428
32285, 6428
22502, 6428
23204, 6428
36530, 6428
11614, 6428
29447, 6428
16712, 6428
16631, 6428
24945, 6428
9578, 6428
14164, 6428
27431, 6428
33236, 6428
8975, 6428
22339, 6428
17682, 6428
12057, 6428
27063, 6428
8632, 6428
32290, 6428
8743, 6428
31914, 6428
13838, 6428
22691, 6428
18124, 6428
8626, 6428
26719, 6428
19704, 6428
33837, 6428
14999, 6428
25989, 6428
33364, 6428
12610, 6428
26606, 6428
36218, 6428
23964, 6428
9766, 6428
25657, 6428
34052, 6428
35282, 6428
35492, 6428
33459, 6428
22471, 6428
31623, 6428
22823, 6428
9838, 6428
17926, 6428
20336, 6428
33257, 6428
36198, 6428
18474, 6428
20974, 6428
35602, 6428
16716, 6428
11957, 6428
34376, 6428
26964, 6428
22038, 6428
33632, 6428
21896, 6428
21917, 6428
26298, 6428
36687, 6428
25414, 6428
22074, 6428
14885, 6428
24427, 6428
10425, 6428
28480, 6428
12412, 6428
13692, 6428
17679, 6428
31707, 6428
25713, 6428
22958, 6428
15797, 6428
17276, 6428
13423, 6428
10052, 6428
15189, 6428
27451, 6428
9365, 6428
19839, 6428
36969, 6428
19413, 6428
26493, 6428
21729, 6428
31948, 6428
19409, 6428
36617, 6428
26659, 6428
32775, 6428
34868, 6428
17108, 6428
29566, 6428
12165, 6428
10377, 6428
13020, 6428
24647, 6428
20095, 6428
36269, 6428
30902, 6428
35554, 6428
15520, 6428
17998, 6428
36429, 6428
15690, 6428
27870, 6428
17617, 6428
18538, 6428
12471, 6428
28537, 6428
11938, 6428
11946, 6428
11114, 6428
26829, 6428
34855, 6428
35220, 6428
26733, 6428
8617, 6428
21865, 6428
22555, 6428
15909, 6428
13886, 6428
14517, 6428
25246, 6428
20314, 6428
26363, 6428
36782, 6428
22019, 6428
36820, 6428
17009, 6428
29935, 6428
27861, 6428
18679, 6428
23195, 6428
24974, 6428
14286, 6428
28276, 6428
27640, 6428
29665, 6428
19545, 6428
36707, 6428
12606, 6428
10018, 6428
19264, 6428
30467, 6428
26458, 6428
11230, 6428
21655, 6428
17631, 6428
27876, 6428
13379, 6428
35687, 6428
30787, 6428
30337, 6428
27811, 6428
25786, 6428
37072, 6428
12030, 6428
28647, 6428
22033, 6428
19116, 6428
31830, 6428
14053, 6428
24372, 6428
22190, 6428
11499, 6428
20251, 6428
15125, 6428
20873, 6428
10179, 6428
25069, 6428
21671, 6428
17058, 6428
24367, 6428
32527, 6428
31689, 6428
36463, 6428
13245, 6428
16113, 6428
6428, 15103
26001, 6429
20044, 6429
25454, 6429
10736, 6429
20159, 6429
13125, 6429
15701, 6429
23163, 6429
20151, 6429
34971, 6429
21060, 6429
22744, 6429
8728, 6429
10181, 6429
27360, 6429
6429, 22927
35891, 6430
17629, 6430
15806, 6430
34048, 6430
6430, 17519
6430, 19847
6430, 13476
6430, 21059
6430, 30029
6430, 12163
19966, 6431
6431, 31216
25515, 6432
29826, 6432
9752, 6432
6432, 36587
10122, 6433
6433, 33281
18067, 6434
6434, 32035
10320, 6435
6435, 21281
24468, 6436
28827, 6436
25893, 6436
17024, 6436
6436, 23371
21448, 6437
6437, 33179
36451, 6438
19341, 6438
36657, 6438
29582, 6438
6438, 21199
6438, 27563
22433, 6439
10732, 6439
6439, 15142
25863, 6440
6440, 12905
6440, 22124
28730, 6441
28478, 6441
18186, 6441
22090, 6441
6441, 25099
35098, 6442
6442, 17674
12322, 6443
6443, 21515
6443, 27442
18694, 6444
6444, 35136
17626, 6445
6445, 30438
34479, 6446
6446, 28085
21260, 6447
6447, 25285
26168, 6448
6448, 19627
27894, 6449
6449, 28875
22765, 6450
27781, 6450
28281, 6450
26176, 6450
35380, 6450
16722, 6450
24390, 6450
33637, 6450
16247, 6450
31311, 6450
6450, 11110
6450, 22223
6450, 21839
6450, 15634
6450, 33630
6450, 19489
6450, 31075
6450, 23763
6450, 22027
6450, 29034
6450, 32939
6450, 13802
11396, 6451
18295, 6451
6451, 32814
15532, 6452
6452, 9138
22900, 6453
25216, 6453
10894, 6453
8853, 6453
30796, 6453
13371, 6453
10199, 6453
31096, 6453
15551, 6453
25665, 6453
18634, 6453
6453, 26533
22464, 6454
6454, 33281
25315, 6455
25463, 6455
6455, 14026
10968, 6456
24656, 6456
6456, 22258
14503, 6457
6457, 35908
22631, 6458
6458, 24207
27960, 6459
6459, 12315
23558, 6460
6460, 8425
22695, 6461
34603, 6461
14993, 6461
24629, 6461
32783, 6461
6461, 21576
19251, 6462
6462, 18662
9025, 6463
6463, 22385
15111, 6464
6464, 33656
6464, 35793
32484, 6465
6465, 11730
25127, 6466
6466, 21974
34127, 6467
6467, 12928
23329, 6468
19006, 6468
35754, 6468
28552, 6468
6468, 25027
28656, 6469
6469, 33281
28121, 6470
6470, 26284
34238, 6471
6471, 10438
6471, 29637
6471, 31185
6471, 28151
6471, 16145
31050, 6472
6472, 8374
19778, 6473
6473, 25560
18115, 6474
6474, 17903
16361, 6475
26456, 6475
23811, 6475
32443, 6475
29030, 6475
34568, 6475
35661, 6475
15034, 6475
6475, 13702
6475, 22022
6475, 21144
6475, 26902
6475, 19729
6475, 12242
6475, 33800
6475, 28024
6475, 17424
21253, 6476
6476, 19484
18747, 6477
24998, 6477
36241, 6477
23943, 6477
15534, 6477
6477, 9315
6477, 13004
27327, 6478
6478, 11418
10407, 6479
6479, 15111
12066, 6480
6480, 12997
6480, 36627
35666, 6481
6481, 23590
32659, 6482
6482, 34491
6482, 15993
6482, 36322
37055, 6483
6483, 33830
20659, 6484
6484, 26935
23212, 6485
6485, 9823
36607, 6486
6486, 35993
16614, 6487
6487, 33281
21326, 6488
6488, 20032
17545, 6489
6489, 28835
33071, 6490
6490, 16033
29095, 6491
6491, 15487
6491, 20807
26194, 6492
6492, 27127
24992, 6493
6493, 24932
6493, 25099
14804, 6494
27385, 6494
6494, 9911
21253, 6495
6495, 13663
32552, 6496
6496, 20285
19265, 6497
6497, 26852
9074, 6498
32462, 6498
6498, 16766
6498, 15089
14855, 6499
6499, 16611
12527, 6500
6500, 18767
30098, 6501
6501, 28846
26705, 6502
6502, 21297
33296, 6503
22487, 6503
33280, 6503
18249, 6503
6503, 36106
18283, 6504
6504, 33637
35941, 6505
6505, 17856
12967, 6506
6506, 24175
31501, 6507
6507, 24680
6507, 31871
6507, 22892
27892, 6508
6508, 9601
32367, 6509
6509, 12928
8372, 6510
6510, 18311
22157, 6511
6511, 17629
26337, 6512
6512, 9409
23949, 6513
19554, 6513
6513, 20631
6513, 22912
6513, 12826
19313, 6514
36070, 6514
26138, 6514
9482, 6514
6514, 24076
28000, 6515
6515, 23742
6515, 24561
36879, 6516
35364, 6516
6516, 28281
11010, 6517
6517, 16142
16046, 6518
12798, 6518
28885, 6518
6518, 24598
26591, 6519
6519, 21707
25010, 6520
6520, 34497
12360, 6521
6521, 16251
6521, 19397
34575, 6522
6522, 12523
15143, 6523
6523, 22473
21891, 6524
6524, 18662
18936, 6525
6525, 26997
27136, 6526
6526, 16142
24764, 6527
6527, 33637
9203, 6528
6528, 11994
14705, 6529
6529, 20840
9297, 6530
29951, 6530
17629, 6530
30206, 6530
9052, 6530
15572, 6530
27609, 6530
6530, 22279
6530, 18683
6530, 31959
6530, 16440
6530, 26902
6530, 36357
6530, 32387
6530, 25006
25761, 6531
6531, 26465
6531, 36194
16186, 6532
6532, 28871
23529, 6533
15807, 6533
6533, 23973
16140, 6534
6534, 26284
15652, 6535
16225, 6535
14394, 6535
18371, 6535
19882, 6535
34090, 6535
6535, 35076
6535, 9499
6535, 8757
6535, 11781
6535, 23192
6535, 28429
6535, 31777
6535, 15640
6535, 27728
6535, 32493
6535, 16435
15541, 6536
6536, 25688
9291, 6537
6537, 18155
23061, 6538
34250, 6538
21212, 6538
6538, 25960
6538, 30212
19049, 6539
6539, 27448
24378, 6540
23139, 6540
6540, 19721
12849, 6541
6541, 17581
6541, 18961
17581, 6542
6542, 16014
6542, 18662
16533, 6543
6543, 23371
31029, 6544
6544, 28578
13237, 6545
10627, 6545
22723, 6545
6545, 28196
20801, 6546
6546, 15855
35986, 6547
6547, 15195
6547, 20656
12300, 6548
6548, 25044
23171, 6549
9114, 6549
6549, 15572
23896, 6550
20228, 6550
12332, 6550
29357, 6550
11130, 6550
6550, 34761
11294, 6551
6551, 16232
31499, 6552
6552, 13579
8614, 6553
6553, 22053
20752, 6554
29944, 6554
29361, 6554
28474, 6554
11338, 6554
8499, 6554
25036, 6554
24223, 6554
25886, 6554
27683, 6554
14521, 6554
29500, 6554
8976, 6554
33681, 6554
9701, 6554
11933, 6554
6554, 16550
22101, 6555
6555, 15225
20739, 6556
6556, 32372
21253, 6557
6557, 13069
36294, 6558
6558, 12886
31964, 6559
6559, 22452
36960, 6560
19765, 6560
6560, 31035
19224, 6561
6561, 33281
25770, 6562
6562, 9839
6562, 9740
14416, 6563
6563, 25678
9191, 6564
22857, 6564
34416, 6564
18840, 6564
11169, 6564
6564, 30081
19296, 6565
35371, 6565
9695, 6565
18811, 6565
14740, 6565
16269, 6565
21124, 6565
6565, 36311
6565, 10952
6565, 12737
6565, 34192
6565, 17996
6565, 24765
6565, 30349
6565, 28778
25095, 6566
6566, 11841
17413, 6567
6567, 13201
31752, 6568
6568, 14830
28645, 6569
6569, 24755
26327, 6570
6570, 33637
26815, 6571
6571, 16438
31607, 6572
31390, 6572
28479, 6572
9558, 6572
6572, 33607
17418, 6573
6573, 32159
17218, 6574
32812, 6574
6574, 11038
28100, 6575
6575, 26375
6575, 26267
11827, 6576
6576, 11993
17222, 6577
6577, 19699
8994, 6578
6578, 30961
28045, 6579
6579, 24345
29231, 6580
6580, 19994
31259, 6581
9690, 6581
10864, 6581
6581, 10637
6581, 14653
6581, 25348
6581, 32956
35726, 6582
6582, 34361
22672, 6583
6583, 35020
28546, 6584
6584, 14523
21115, 6585
6585, 17581
6585, 19146
10046, 6586
31752, 6586
6586, 15432
18569, 6587
6587, 11575
27407, 6588
31396, 6588
6588, 24160
6588, 27760
12267, 6589
6589, 22779
16707, 6590
6590, 16142
35462, 6591
6591, 23762
15853, 6592
6592, 13194
31969, 6593
24877, 6593
6593, 19615
31799, 6594
24675, 6594
6594, 33516
14792, 6595
35680, 6595
6595, 32533
21298, 6596
36486, 6596
6596, 22758
25504, 6597
6597, 26284
35861, 6598
6598, 17533
23529, 6599
6599, 34539
8478, 6600
19706, 6600
30956, 6600
32130, 6600
15601, 6600
30768, 6600
6600, 20474
6600, 17107
6600, 15876
19840, 6601
29519, 6601
6601, 31130
20955, 6602
6602, 12743
6602, 33493
6602, 18175
6602, 29736
30429, 6603
34610, 6603
11996, 6603
6603, 15111
34725, 6604
26267, 6604
6604, 26718
31219, 6605
6605, 28633
18633, 6606
36034, 6606
15868, 6606
6606, 30510
18077, 6607
6607, 12315
8528, 6608
19143, 6608
9010, 6608
6608, 13482
26168, 6609
6609, 36056
26236, 6610
23576, 6610
6610, 33500
29124, 6611
35801, 6611
6611, 32208
14961, 6612
6612, 17451
6612, 12111
25410, 6613
6613, 28866
27703, 6614
6614, 33796
12110, 6615
6615, 10473
21253, 6616
6616, 26338
17979, 6617
6617, 11349
32684, 6618
6618, 22229
25415, 6619
6619, 34364
6619, 26856
34722, 6620
6620, 36209
34168, 6621
6621, 23576
23050, 6622
6622, 26323
8791, 6623
6623, 30093
21765, 6624
6624, 29491
20468, 6625
6625, 16351
12945, 6626
6626, 25995
21537, 6627
6627, 15591
31226, 6628
6628, 10977
15017, 6629
6629, 18662
11686, 6630
6630, 28183
36049, 6631
32419, 6631
6631, 18064
19677, 6632
6632, 19211
6632, 24526
6632, 33463
29441, 6633
14163, 6633
34980, 6633
18891, 6633
19099, 6633
33842, 6633
20892, 6633
11354, 6633
16263, 6633
6633, 35223
6633, 24110
6633, 25772
6633, 35249
6633, 22276
6633, 19023
6633, 36964
6633, 8555
6633, 25169
6633, 9104
6633, 23844
27621, 6634
20730, 6634
29753, 6634
29713, 6634
13803, 6634
14310, 6634
6634, 21124
34782, 6635
6635, 24932
26622, 6636
6636, 22611
22538, 6637
8459, 6637
12162, 6637
20102, 6637
31228, 6637
6637, 28758
27083, 6638
34857, 6638
12437, 6638
19054, 6638
31677, 6638
18066, 6638
12975, 6638
30195, 6638
31885, 6638
30050, 6638
34378, 6638
18285, 6638
27335, 6638
33088, 6638
12768, 6638
17900, 6638
30065, 6638
25564, 6638
16273, 6638
10782, 6638
12809, 6638
10105, 6638
28682, 6638
6638, 27117
8531, 6639
33281, 6639
33303, 6639
15572, 6639
18696, 6639
6639, 12127
6639, 31283
6639, 27546
6639, 13914
6639, 34545
6639, 19245
17853, 6640
6640, 15507
6640, 11349
6640, 33282
10008, 6641
6641, 19190
10484, 6642
26864, 6642
6642, 29962
12694, 6643
6643, 30811
6643, 13344
10407, 6644
6644, 15111
36652, 6645
6645, 27117
29694, 6646
25921, 6646
35649, 6646
10397, 6646
6646, 28281
15776, 6647
6647, 20329
6647, 31659
25170, 6648
6648, 23094
16945, 6649
6649, 15572
26967, 6650
6650, 22602
19329, 6651
6651, 27271
14922, 6652
6652, 33637
11543, 6653
6653, 25099
14283, 6654
11603, 6654
12977, 6654
29552, 6654
6654, 30081
22207, 6655
6655, 16780
30117, 6656
6656, 13991
36739, 6657
6657, 28281
21253, 6658
6658, 32443
29600, 6659
20605, 6659
14909, 6659
6659, 12711
25626, 6660
6660, 10461
10471, 6661
6661, 22900
21778, 6662
6662, 16318
17904, 6663
6663, 32712
22882, 6664
6664, 10516
29013, 6665
6665, 24635
20191, 6666
6666, 26293
36794, 6667
6667, 36123
34353, 6668
6668, 29037
36567, 6669
6669, 14984
29308, 6670
6670, 29562
24898, 6671
6671, 26184
14235, 6672
6672, 29911
35621, 6673
6673, 28020
15571, 6674
19468, 6674
6674, 33281
34908, 6675
6675, 16142
32121, 6676
6676, 27506
28059, 6677
6677, 28281
36800, 6678
8730, 6678
9564, 6678
11986, 6678
6678, 12886
21768, 6679
6679, 21053
25645, 6680
6680, 13732
9434, 6681
30498, 6681
11098, 6681
15867, 6681
6681, 26553
6681, 16815
6681, 18524
13391, 6682
10413, 6682
6682, 30081
25937, 6683
6683, 12442
31563, 6684
14940, 6684
19189, 6684
6684, 29715
15807, 6685
6685, 14862
11410, 6686
6686, 10838
14081, 6687
6687, 30236
31182, 6688
21934, 6688
6688, 34807
16340, 6689
9335, 6689
13651, 6689
30055, 6689
24172, 6689
19985, 6689
26368, 6689
13093, 6689
27271, 6689
32443, 6689
22306, 6689
17208, 6689
6689, 26515
6689, 35226
6689, 26192
6689, 16717
6689, 17688
6689, 26446
6689, 19410
6689, 28589
6689, 18160
6689, 13506
6689, 16756
6689, 18779
6689, 26855
30812, 6690
6690, 17533
10998, 6691
6691, 27703
6691, 15012
6691, 19461
6691, 10234
33132, 6692
6692, 19026
35957, 6693
32945, 6693
12982, 6693
6693, 14636
18662, 6694
6694, 20379
25781, 6695
6695, 9276
29133, 6696
6696, 33427
28059, 6697
6697, 28281
11715, 6698
6698, 20359
9339, 6699
6699, 14113
16872, 6700
9671, 6700
17533, 6700
27732, 6700
17042, 6700
22119, 6700
31773, 6700
18449, 6700
9712, 6700
35892, 6700
16139, 6700
6700, 31800
6700, 15169
6700, 19646
6700, 28990
6700, 11279
6700, 25521
6700, 21049
6700, 23725
6700, 8461
6700, 25435
6700, 8556
6700, 22793
27610, 6701
6701, 35313
15567, 6702
6702, 33637
9141, 6703
6703, 35948
36977, 6704
6704, 36123
9236, 6705
6705, 28281
29549, 6706
35592, 6706
22601, 6706
6706, 19864
6706, 28781
6706, 27700
6706, 32185
17872, 6707
6707, 11607
31509, 6708
6708, 19291
22034, 6709
6709, 10845
15726, 6710
6710, 21421
22404, 6711
6711, 33181
20731, 6712
6712, 20474
6712, 33883
32847, 6713
6713, 36742
15074, 6714
19875, 6714
6714, 12963
34538, 6715
6715, 21291
6715, 17674
25842, 6716
6716, 23371
26194, 6717
11753, 6717
6717, 27127
18855, 6718
6718, 33463
36759, 6719
6719, 10771
6719, 23362
6719, 14040
27719, 6720
6720, 18662
26200, 6721
22165, 6721
12683, 6721
6721, 25271
6721, 20894
21253, 6722
6722, 12406
8705, 6723
6723, 28910
32259, 6724
6724, 31925
23249, 6725
6725, 23371
31505, 6726
6726, 17533
11021, 6727
6727, 34054
23309, 6728
9151, 6728
6728, 26368
12512, 6729
12350, 6729
11483, 6729
6729, 24953
23558, 6730
6730, 8425
14218, 6731
6731, 19557
10774, 6732
6732, 21615
21360, 6733
36318, 6733
6733, 26608
14172, 6734
6734, 33534
6734, 10234
15138, 6735
6735, 13264
21253, 6736
6736, 12372
23830, 6737
6737, 17846
8999, 6738
21782, 6738
22915, 6738
28179, 6738
13897, 6738
11290, 6738
20934, 6738
6738, 15875
6738, 32284
6738, 24290
6738, 36098
6738, 22547
6738, 35697
6738, 15691
6738, 25485
36050, 6739
6739, 15680
31011, 6740
6740, 21359
29512, 6741
6741, 13604
6741, 15604
6741, 9874
6741, 34070
6741, 33987
6741, 23072
6741, 17544
6741, 10199
6741, 13107
6741, 29611
6741, 28417
6741, 25038
6741, 16817
6741, 19300
6741, 32580
19920, 6742
6742, 12886
23282, 6743
6743, 29187
27742, 6744
6744, 9316
29257, 6745
28281, 6745
30942, 6745
14555, 6745
17533, 6745
35204, 6745
24635, 6745
34956, 6745
15756, 6745
36549, 6745
33637, 6745
8425, 6745
6745, 17317
6745, 20883
6745, 19328
6745, 18756
6745, 33111
6745, 28172
6745, 30070
6745, 15385
6745, 29680
6745, 28810
6745, 26611
6745, 18821
6745, 18937
8829, 6746
6746, 9655
8791, 6747
6747, 30093
25788, 6748
6748, 21497
36125, 6749
6749, 9822
6749, 29799
6749, 30198
21253, 6750
6750, 18924
13452, 6751
13929, 6751
33255, 6751
25099, 6751
6751, 27195
6751, 29399
6751, 30553
6751, 31777
6751, 36452
8471, 6752
6752, 16263
9756, 6753
6753, 36654
24420, 6754
6754, 29799
6754, 31165
36402, 6755
6755, 36654
27368, 6756
6756, 35316
26354, 6757
24448, 6757
6757, 33018
6757, 16360
22485, 6758
6758, 14569
23390, 6759
31969, 6759
6759, 34444
9286, 6760
6760, 35680
35426, 6761
6761, 13957
26872, 6762
27928, 6762
33637, 6762
6762, 33864
6762, 27961
6762, 33114
6762, 23288
17213, 6763
6763, 36991
10452, 6764
6764, 21319
21587, 6765
6765, 29504
17297, 6766
23851, 6766
6766, 23967
6766, 9970
6766, 33838
12082, 6767
6767, 26001
33052, 6768
22460, 6768
6768, 16669
21492, 6769
6769, 10178
26174, 6770
6770, 24615
36639, 6771
12933, 6771
6771, 27345
23294, 6772
6772, 23371
17944, 6773
6773, 22550
14459, 6774
31908, 6774
15449, 6774
29730, 6774
35408, 6774
16665, 6774
21637, 6774
24634, 6774
30746, 6774
14958, 6774
30066, 6774
22716, 6774
15062, 6774
18914, 6774
25968, 6774
8608, 6774
14963, 6774
29321, 6774
13860, 6774
22249, 6774
6774, 13897
10979, 6775
6775, 18662
27203, 6776
6776, 18848
6776, 20482
10695, 6777
9994, 6777
34476, 6777
17488, 6777
33897, 6777
26287, 6777
13720, 6777
29691, 6777
30492, 6777
19376, 6777
31761, 6777
34129, 6777
34961, 6777
9589, 6777
19459, 6777
6777, 22779
6777, 36611
6777, 33875
21636, 6778
15118, 6778
21974, 6778
35520, 6778
31455, 6778
13732, 6778
31248, 6778
22761, 6778
36495, 6778
6778, 11046
6778, 27484
6778, 30019
6778, 17588
6778, 17393
6778, 27579
6778, 25911
6778, 15010
6778, 32478
6778, 8982
36636, 6779
15238, 6779
31121, 6779
13544, 6779
26204, 6779
21741, 6779
21124, 6779
29390, 6779
6779, 15115
6779, 34014
6779, 21096
6779, 20567
6779, 16871
6779, 31777
6779, 30655
6779, 15069
6779, 27064
35607, 6780
6780, 16845
36929, 6781
6781, 15324
6781, 16059
9171, 6782
6782, 18662
32813, 6783
6783, 10656
27091, 6784
16209, 6784
6784, 21935
6784, 24966
6784, 18436
31751, 6785
8954, 6785
6785, 14540
31012, 6786
6786, 31275
9717, 6787
6787, 11356
22398, 6788
6788, 17674
9121, 6789
6789, 21359
6789, 9558
6789, 21061
6789, 23935
6789, 8954
24851, 6790
34797, 6790
15118, 6790
28851, 6790
30275, 6790
6790, 17783
6790, 13445
6790, 11063
6790, 8438
6790, 15995
6790, 10474
15990, 6791
6791, 17208
35266, 6792
6792, 22859
18808, 6793
6793, 26234
21573, 6794
31752, 6794
6794, 30688
21157, 6795
9186, 6795
6795, 18999
10608, 6796
6796, 8425
24774, 6797
6797, 17451
6797, 25581
6797, 19521
10845, 6798
9759, 6798
6798, 9926
18662, 6799
6799, 32810
18752, 6800
23036, 6800
6800, 26578
6800, 30583
24478, 6801
6801, 25166
30429, 6802
28624, 6802
10407, 6802
6802, 15111
14431, 6803
6803, 18662
25798, 6804
6804, 20492
31890, 6805
29878, 6805
6805, 20250
36672, 6806
25327, 6806
6806, 23371
22026, 6807
9795, 6807
6807, 31093
35993, 6808
35645, 6808
12328, 6808
6808, 32271
13066, 6809
6809, 33281
21379, 6810
31810, 6810
9870, 6810
21166, 6810
6810, 11868
20674, 6811
25240, 6811
11629, 6811
6811, 36713
36768, 6812
6812, 25256
28233, 6813
19447, 6813
32241, 6813
29075, 6813
13656, 6813
32752, 6813
23348, 6813
22115, 6813
30238, 6813
6813, 35371
12294, 6814
18025, 6814
6814, 27229
6814, 20616
11102, 6815
6815, 29562
15861, 6816
6816, 17095
19250, 6817
6817, 36838
15453, 6818
6818, 12315
27954, 6819
6819, 21515
24119, 6820
36966, 6820
33806, 6820
6820, 18709
18569, 6821
6821, 11575
27203, 6822
6822, 23778
6822, 21397
36580, 6823
6823, 33637
15598, 6824
10885, 6824
6824, 24613
6824, 29436
6824, 26950
19349, 6825
6825, 31573
29801, 6826
6826, 18449
15384, 6827
33603, 6827
6827, 33637
32130, 6828
23334, 6828
28488, 6828
34302, 6828
31002, 6828
8478, 6828
29827, 6828
9802, 6828
6828, 8827
21754, 6829
6829, 30881
6829, 29659
8413, 6830
6830, 16142
12759, 6831
14501, 6831
6831, 36534
26375, 6832
6832, 16512
18277, 6833
22778, 6833
6833, 32869
6833, 29978
6833, 15884
27033, 6834
26656, 6834
34457, 6834
13442, 6834
26129, 6834
23621, 6834
15081, 6834
30078, 6834
23938, 6834
25323, 6834
17185, 6834
34960, 6834
26390, 6834
29180, 6834
18685, 6834
8492, 6834
6834, 11482
27203, 6835
6835, 14811
6835, 19019
26847, 6836
6836, 24297
19259, 6837
19751, 6837
6837, 33637
9001, 6838
6838, 17674
24504, 6839
24754, 6839
6839, 33281
15273, 6840
6840, 34474
33529, 6841
6841, 28281
36300, 6842
6842, 31993
23643, 6843
14641, 6843
6843, 36086
22382, 6844
32699, 6844
17259, 6844
13901, 6844
20017, 6844
35330, 6844
6844, 15265
10628, 6845
6845, 28281
29942, 6846
6846, 17533
10103, 6847
6847, 18662
16107, 6848
6848, 12199
6848, 9957
6848, 30946
26200, 6849
6849, 9496
35005, 6850
6850, 8653
36062, 6851
6851, 32159
13274, 6852
6852, 36045
6852, 13153
6852, 36719
31752, 6853
6853, 15104
27674, 6854
6854, 24680
6854, 23722
33268, 6855
6855, 23914
8869, 6856
6856, 18662
33760, 6857
6857, 35136
30885, 6858
6858, 33281
26142, 6859
13468, 6859
6859, 26862
34064, 6860
15054, 6860
6860, 28630
19612, 6861
6861, 16643
25333, 6862
6862, 25419
6862, 24201
15796, 6863
6863, 15701
26048, 6864
6864, 14606
20641, 6865
6865, 35680
6865, 16182
34847, 6866
6866, 22859
25831, 6867
6867, 30961
28645, 6868
6868, 11278
34414, 6869
6869, 16039
6869, 9441
22614, 6870
6870, 31969
36591, 6871
32080, 6871
6871, 23315
21298, 6872
15611, 6872
6872, 18104
13992, 6873
6873, 17451
23034, 6874
6874, 28281
24714, 6875
6875, 26284
10175, 6876
24195, 6876
35053, 6876
10428, 6876
16890, 6876
29667, 6876
12039, 6876
20778, 6876
33764, 6876
15918, 6876
6876, 11841
6876, 13704
35133, 6877
21838, 6877
6877, 36250
29996, 6878
34565, 6878
36450, 6878
6878, 36228
27463, 6879
6879, 35313
24138, 6880
6880, 18662
24155, 6881
6881, 13503
15052, 6882
6882, 24207
35624, 6883
6883, 17026
8755, 6884
6884, 21298
6884, 28127
26373, 6885
6885, 19595
29230, 6886
6886, 17674
23824, 6887
6887, 20894
9106, 6888
6888, 18842
35628, 6889
6889, 16142
21654, 6890
6890, 25099
16621, 6891
6891, 19454
14383, 6892
19742, 6892
10081, 6892
31221, 6892
17820, 6892
29091, 6892
23105, 6892
27186, 6892
6892, 22181
25709, 6893
6893, 13929
10931, 6894
6894, 14690
35759, 6895
32372, 6895
12672, 6895
6895, 28304
13029, 6896
6896, 21357
6896, 30811
6896, 15007
32528, 6897
35154, 6897
6897, 26026
10014, 6898
29911, 6898
6898, 31451
8474, 6899
25682, 6899
28181, 6899
19153, 6899
31912, 6899
11884, 6899
10696, 6899
22833, 6899
15000, 6899
30582, 6899
12290, 6899
18953, 6899
30912, 6899
14760, 6899
15392, 6899
22264, 6899
32988, 6899
6899, 33325
10541, 6900
21218, 6900
15521, 6900
23918, 6900
9217, 6900
10407, 6900
6900, 15111
18724, 6901
6901, 19143
17014, 6902
6902, 17674
22614, 6903
6903, 31969
29156, 6904
6904, 36591
14045, 6905
33281, 6905
29549, 6905
35667, 6905
18026, 6905
27201, 6905
19243, 6905
33637, 6905
13474, 6905
33730, 6905
33921, 6905
6905, 13697
6905, 25552
6905, 35745
6905, 29319
6905, 23068
6905, 13247
6905, 28484
6905, 20839
6905, 25236
6905, 9526
6905, 17752
6905, 30491
6905, 26795
15542, 6906
6906, 12559
14515, 6907
13651, 6907
15546, 6907
13779, 6907
22370, 6907
13567, 6907
32701, 6907
16611, 6907
26855, 6907
6907, 9062
6907, 18957
6907, 17931
6907, 11790
6907, 29694
6907, 32448
6907, 26304
6907, 24343
6907, 22317
6907, 13427
12110, 6908
6908, 29536
29150, 6909
6909, 14151
8447, 6910
6910, 25099
21388, 6911
6911, 9245
27534, 6912
6912, 10733
9997, 6913
6913, 29103
19480, 6914
6914, 35957
6914, 28910
6914, 25099
19796, 6915
6915, 21974
33506, 6916
6916, 23795
8535, 6917
6917, 22525
24868, 6918
16059, 6918
6918, 22285
16706, 6919
6919, 22888
9967, 6920
6920, 23041
6920, 23847
12110, 6921
6921, 19444
34798, 6922
29703, 6922
6922, 14886
31202, 6923
6923, 29473
18923, 6924
6924, 24404
16025, 6925
6925, 13303
9385, 6926
6926, 25627
12110, 6927
6927, 23912
23732, 6928
6928, 11871
22542, 6929
6929, 21298
6929, 36304
6929, 36209
33799, 6930
6930, 17379
10477, 6931
6931, 12928
29836, 6932
6932, 34487
27092, 6933
6933, 31040
29416, 6934
26775, 6934
19157, 6934
12535, 6934
27291, 6934
13789, 6934
26835, 6934
28044, 6934
17575, 6934
17251, 6934
14524, 6934
34274, 6934
30963, 6934
16849, 6934
25448, 6934
26177, 6934
28201, 6934
6934, 33945
6934, 8828
32071, 6935
6935, 35759
22331, 6936
6936, 10656
22868, 6937
6937, 24296
28645, 6938
6938, 13199
24721, 6939
23371, 6939
17026, 6939
30845, 6939
30311, 6939
6939, 25943
6939, 21442
6939, 36705
6939, 35021
6939, 22993
6939, 9185
34454, 6940
9116, 6940
6940, 24253
25642, 6941
6941, 21801
6941, 27699
12110, 6942
6942, 10116
17306, 6943
8744, 6943
18019, 6943
23371, 6943
14677, 6943
33637, 6943
32263, 6943
6943, 11901
6943, 34522
6943, 10926
6943, 9871
6943, 9302
6943, 36565
6943, 34976
6943, 10026
10544, 6944
6944, 26456
27284, 6945
6945, 23371
17821, 6946
6946, 19150
8368, 6947
6947, 18109
35286, 6948
6948, 36091
23468, 6949
6949, 20953
18237, 6950
22628, 6950
6950, 24965
6950, 23604
29508, 6951
6951, 9111
35370, 6952
6952, 13722
10525, 6953
6953, 14066
6953, 21855
24690, 6954
6954, 21576
25393, 6955
21657, 6955
30829, 6955
30976, 6955
24662, 6955
21282, 6955
28269, 6955
6955, 33170
21989, 6956
28899, 6956
32862, 6956
26849, 6956
9898, 6956
33532, 6956
19949, 6956
12707, 6956
27710, 6956
19828, 6956
35684, 6956
12108, 6956
27088, 6956
25593, 6956
30597, 6956
11805, 6956
11240, 6956
6956, 19128
16297, 6957
6957, 23887
29445, 6958
6958, 32453
12390, 6959
6959, 14394
22673, 6960
6960, 36907
32372, 6961
29467, 6961
6961, 23452
16371, 6962
6962, 24061
6962, 25604
10407, 6963
30429, 6963
6963, 15111
13765, 6964
6964, 8522
11335, 6965
6965, 18556
19126, 6966
6966, 11462
28645, 6967
23529, 6967
6967, 27264
16164, 6968
6968, 27385
10672, 6969
22442, 6969
26217, 6969
8627, 6969
6969, 16340
17538, 6970
6970, 32149
35596, 6971
6971, 26284
12110, 6972
6972, 32419
23282, 6973
6973, 28223
36887, 6974
6974, 36202
36781, 6975
6975, 29626
14126, 6976
12903, 6976
6976, 20416
26527, 6977
6977, 17469
24763, 6978
26951, 6978
12517, 6978
23371, 6978
21996, 6978
6978, 25310
6978, 33860
6978, 20209
6978, 17313
6978, 28005
6978, 30372
28675, 6979
6979, 29467
17255, 6980
6980, 15281
31550, 6981
6981, 33637
14853, 6982
6982, 22779
31925, 6983
12745, 6983
6983, 22445
22522, 6984
29209, 6984
6984, 24051
32948, 6985
6985, 29506
8475, 6986
16097, 6986
10692, 6986
18500, 6986
13742, 6986
32102, 6986
8782, 6986
20280, 6986
10003, 6986
6986, 16142
23200, 6987
6987, 17533
29058, 6988
32080, 6988
6988, 18896
36774, 6989
6989, 10683
6989, 36873
8791, 6990
6990, 30093
29710, 6991
6991, 10049
10493, 6992
6992, 36155
25010, 6993
6993, 28578
16188, 6994
29608, 6994
6994, 35661
26572, 6995
27239, 6995
26379, 6995
17533, 6995
24635, 6995
32717, 6995
35046, 6995
20455, 6995
34170, 6995
23916, 6995
16232, 6995
6995, 11127
6995, 27529
6995, 16431
6995, 29353
6995, 12566
6995, 19676
6995, 20488
6995, 30635
6995, 23392
6995, 9354
6995, 24611
6995, 36104
30312, 6996
6996, 22862
33095, 6997
36209, 6997
6997, 21162
33461, 6998
8429, 6998
21194, 6998
22859, 6998
18103, 6998
12083, 6998
35680, 6998
6998, 10186
32913, 6999
6999, 19428
20624, 7000
7000, 31390
7000, 23046
31172, 7001
16781, 7001
7001, 24635
24904, 7002
7002, 15427
24796, 7003
7003, 27353
17653, 7004
20281, 7004
19242, 7004
11097, 7004
7004, 35061
8522, 7005
30835, 7005
7005, 31024
21360, 7006
21870, 7006
7006, 37067
8949, 7007
7007, 26225
7007, 22177
36362, 7008
35969, 7008
7008, 17533
18697, 7009
7009, 25665
20131, 7010
7010, 23631
14981, 7011
7011, 23708
15757, 7012
7012, 24635
24439, 7013
20390, 7013
7013, 33637
18702, 7014
7014, 22779
23940, 7015
7015, 32080
26200, 7016
7016, 34265
11254, 7017
36354, 7017
7017, 24739
31256, 7018
7018, 34089
23303, 7019
24201, 7019
7019, 28911
28598, 7020
7020, 24882
28571, 7021
29063, 7021
23371, 7021
35371, 7021
36777, 7021
15565, 7021
27271, 7021
11487, 7021
36398, 7021
12128, 7021
7021, 36336
7021, 24619
7021, 20877
7021, 13417
7021, 19018
7021, 26269
7021, 34230
7021, 15066
7021, 18730
7021, 9372
7021, 34885
21253, 7022
7022, 33637
21253, 7023
7023, 32298
25427, 7024
7024, 32113
25820, 7025
7025, 34054
12782, 7026
7026, 35153
7026, 19422
7026, 21133
34246, 7027
13648, 7027
7027, 28281
14768, 7028
15080, 7028
34378, 7028
33972, 7028
26920, 7028
34710, 7028
34157, 7028
21580, 7028
7028, 31895
25851, 7029
7029, 16994
34288, 7030
7030, 28577
11701, 7031
7031, 17581
31030, 7032
7032, 30668
30997, 7033
7033, 24201
11088, 7034
7034, 20826
36257, 7035
19007, 7035
9794, 7035
10024, 7035
25099, 7035
7035, 31556
7035, 28876
7035, 10776
7035, 22741
7035, 9069
7035, 33991
8796, 7036
7036, 28858
36699, 7037
7037, 20329
7037, 32626
7037, 16116
28871, 7038
7038, 29675
7038, 10248
32257, 7039
7039, 35805
14064, 7040
7040, 17891
10387, 7041
18847, 7041
10069, 7041
7041, 14878
21253, 7042
7042, 28917
23081, 7043
7043, 32373
7043, 16187
21175, 7044
26194, 7044
11753, 7044
7044, 27127
18662, 7045
7045, 34998
8875, 7046
7046, 11984
13320, 7047
7047, 14823
29782, 7048
16561, 7048
7048, 21972
15642, 7049
18610, 7049
7049, 28578
32872, 7050
7050, 13732
18662, 7051
7051, 26151
33148, 7052
15574, 7052
7052, 16232
12110, 7053
7053, 28067
26200, 7054
7054, 25541
32801, 7055
7055, 29549
17546, 7056
22036, 7056
11119, 7056
33385, 7056
23363, 7056
35107, 7056
17827, 7056
31891, 7056
16585, 7056
32780, 7056
29204, 7056
36360, 7056
32670, 7056
16397, 7056
32184, 7056
21340, 7056
7056, 23786
8744, 7057
30458, 7057
27310, 7057
14937, 7057
30557, 7057
25099, 7057
7057, 15995
7057, 20725
7057, 12796
7057, 29014
7057, 27549
7057, 25369
7057, 9405
33262, 7058
7058, 35815
25110, 7059
7059, 19420
8734, 7060
7060, 33281
12899, 7061
10038, 7061
7061, 17883
33272, 7062
7062, 33281
20191, 7063
7063, 34510
22446, 7064
7064, 27953
29232, 7065
27293, 7065
7065, 13552
26743, 7066
7066, 21044
12781, 7067
26911, 7067
7067, 17145
7067, 34332
8575, 7068
7068, 21795
7068, 23876
29123, 7069
7069, 30110
26223, 7070
7070, 27873
36372, 7071
26856, 7071
7071, 32278
10447, 7072
7072, 12654
10851, 7073
7073, 24635
31775, 7074
7074, 23914
25979, 7075
7075, 33637
17074, 7076
7076, 28281
10956, 7077
10086, 7077
36462, 7077
13430, 7077
16566, 7077
7077, 18394
18650, 7078
7078, 9200
18834, 7079
7079, 27426
7079, 13852
23638, 7080
7080, 19838
33461, 7081
30056, 7081
15701, 7081
8384, 7081
7081, 16531
26168, 7082
7082, 25505
32847, 7083
7083, 34305
12546, 7084
7084, 23184
7084, 14253
28203, 7085
29632, 7085
14085, 7085
11797, 7085
11178, 7085
11655, 7085
31438, 7085
35395, 7085
17155, 7085
29992, 7085
31210, 7085
36287, 7085
19596, 7085
33790, 7085
23356, 7085
16292, 7085
28438, 7085
12404, 7085
23404, 7085
23498, 7085
15865, 7085
17561, 7085
13132, 7085
27591, 7085
16426, 7085
17447, 7085
17076, 7085
31511, 7085
23215, 7085
11895, 7085
17288, 7085
15817, 7085
26388, 7085
20838, 7085
19103, 7085
36989, 7085
7085, 18704
7085, 27760
36126, 7086
7086, 17674
7086, 35421
25859, 7087
7087, 8599
26861, 7088
34614, 7088
34349, 7088
7088, 11074
7088, 23371
7088, 29055
22035, 7089
31983, 7089
36609, 7089
7089, 10116
7089, 11422
20534, 7090
7090, 24539
7090, 26009
25382, 7091
7091, 18449
21253, 7092
7092, 33499
26168, 7093
7093, 32843
7093, 15383
13953, 7094
26444, 7094
7094, 12928
21253, 7095
7095, 30835
24156, 7096
7096, 22252
10407, 7097
7097, 27760
7097, 15111
18242, 7098
7098, 29350
23431, 7099
36204, 7099
36262, 7099
16322, 7099
7099, 15111
36865, 7100
7100, 28578
28800, 7101
7101, 12928
14509, 7102
7102, 19454
7102, 36242
29689, 7103
7103, 15341
14192, 7104
7104, 23892
29957, 7105
7105, 34039
27816, 7106
23220, 7106
7106, 33637
23366, 7107
21247, 7107
28844, 7107
9878, 7107
26906, 7107
19651, 7107
34384, 7107
16991, 7107
19895, 7107
7107, 21124
31872, 7108
7108, 28281
10060, 7109
7109, 23812
30172, 7110
20588, 7110
30127, 7110
33823, 7110
23613, 7110
32324, 7110
12375, 7110
10937, 7110
34750, 7110
14918, 7110
9283, 7110
29042, 7110
22308, 7110
33310, 7110
9793, 7110
20242, 7110
32919, 7110
18529, 7110
8889, 7110
12718, 7110
28560, 7110
13816, 7110
19858, 7110
33040, 7110
16881, 7110
29259, 7110
27540, 7110
18940, 7110
12035, 7110
36282, 7110
17567, 7110
24261, 7110
35819, 7110
22596, 7110
23290, 7110
37001, 7110
27523, 7110
34920, 7110
15612, 7110
17880, 7110
35595, 7110
24793, 7110
33974, 7110
18653, 7110
30360, 7110
10257, 7110
36970, 7110
15239, 7110
8683, 7110
21090, 7110
33338, 7110
11475, 7110
26742, 7110
27361, 7110
30517, 7110
17615, 7110
28803, 7110
23818, 7110
34097, 7110
27177, 7110
28648, 7110
19790, 7110
28106, 7110
36654, 7110
23149, 7110
14473, 7110
10850, 7110
27419, 7110
35312, 7110
33130, 7110
29351, 7110
35151, 7110
22964, 7110
29312, 7110
22571, 7110
27620, 7110
19576, 7110
8817, 7110
25392, 7110
22400, 7110
20668, 7110
26280, 7110
36458, 7110
19559, 7110
14877, 7110
12543, 7110
10137, 7110
18415, 7110
8968, 7110
20572, 7110
10342, 7110
25398, 7110
17683, 7110
21732, 7110
35159, 7110
18022, 7110
17471, 7110
14527, 7110
28250, 7110
35413, 7110
26265, 7110
24915, 7110
28500, 7110
25531, 7110
23790, 7110
29916, 7110
10163, 7110
28649, 7110
30754, 7110
31732, 7110
30998, 7110
36074, 7110
24724, 7110
13752, 7110
20264, 7110
19356, 7110
12126, 7110
13332, 7110
16669, 7110
36410, 7110
13790, 7110
27718, 7110
19942, 7110
30126, 7110
9582, 7110
12203, 7110
29036, 7110
20706, 7110
8568, 7110
11537, 7110
25550, 7110
36283, 7110
34773, 7110
32751, 7110
15925, 7110
29699, 7110
35340, 7110
9774, 7110
11818, 7110
18955, 7110
27946, 7110
35860, 7110
10745, 7110
9713, 7110
13264, 7110
27835, 7110
23726, 7110
34337, 7110
9023, 7110
18562, 7110
33041, 7110
10861, 7110
22776, 7110
9579, 7110
16677, 7110
27631, 7110
20207, 7110
23473, 7110
20861, 7110
21837, 7110
25326, 7110
13277, 7110
29677, 7110
15516, 7110
9791, 7110
15536, 7110
36035, 7110
10360, 7110
12998, 7110
12069, 7110
17015, 7110
33533, 7110
14428, 7110
24831, 7110
12101, 7110
13355, 7110
36195, 7110
8440, 7110
34767, 7110
28819, 7110
29828, 7110
21464, 7110
19740, 7110
27724, 7110
35188, 7110
14538, 7110
12079, 7110
23570, 7110
13617, 7110
16943, 7110
9087, 7110
29848, 7110
19731, 7110
32808, 7110
29871, 7110
27887, 7110
34656, 7110
19090, 7110
22898, 7110
32272, 7110
35294, 7110
21662, 7110
11304, 7110
13251, 7110
24258, 7110
26874, 7110
24745, 7110
33856, 7110
30528, 7110
9040, 7110
11853, 7110
15079, 7110
26778, 7110
18868, 7110
21385, 7110
23748, 7110
13337, 7110
30196, 7110
19736, 7110
8922, 7110
23801, 7110
27788, 7110
27483, 7110
12462, 7110
8610, 7110
30027, 7110
15084, 7110
27404, 7110
36270, 7110
35039, 7110
30870, 7110
27575, 7110
9194, 7110
30853, 7110
9173, 7110
36247, 7110
11829, 7110
34002, 7110
31539, 7110
36791, 7110
33274, 7110
11374, 7110
31848, 7110
9860, 7110
34661, 7110
20261, 7110
36076, 7110
16797, 7110
19925, 7110
22342, 7110
32787, 7110
28053, 7110
25159, 7110
12309, 7110
25040, 7110
18034, 7110
10353, 7110
14320, 7110
25423, 7110
12264, 7110
32543, 7110
29045, 7110
34500, 7110
37027, 7110
29475, 7110
12649, 7110
24965, 7110
16182, 7110
16029, 7110
34670, 7110
19231, 7110
17962, 7110
8803, 7110
31856, 7110
34879, 7110
26615, 7110
32898, 7110
23632, 7110
36103, 7110
9180, 7110
19714, 7110
14142, 7110
16442, 7110
21953, 7110
12937, 7110
34863, 7110
11679, 7110
33931, 7110
19497, 7110
16276, 7110
30695, 7110
13390, 7110
24930, 7110
16893, 7110
31834, 7110
15249, 7110
35894, 7110
32482, 7110
29158, 7110
14781, 7110
23378, 7110
21219, 7110
13254, 7110
32994, 7110
28748, 7110
13865, 7110
12159, 7110
18878, 7110
14587, 7110
16637, 7110
17425, 7110
28453, 7110
19076, 7110
15943, 7110
8697, 7110
28987, 7110
14556, 7110
31000, 7110
31542, 7110
22762, 7110
18260, 7110
27626, 7110
20702, 7110
18119, 7110
35562, 7110
11729, 7110
23424, 7110
27066, 7110
15053, 7110
17595, 7110
31288, 7110
21992, 7110
36045, 7110
20898, 7110
15998, 7110
18751, 7110
16777, 7110
29146, 7110
16850, 7110
18838, 7110
27799, 7110
27913, 7110
37068, 7110
20522, 7110
26817, 7110
35862, 7110
34620, 7110
18588, 7110
16181, 7110
14442, 7110
12044, 7110
30173, 7110
12364, 7110
10139, 7110
18414, 7110
32280, 7110
25353, 7110
26065, 7110
17871, 7110
15041, 7110
31526, 7110
33404, 7110
29701, 7110
13978, 7110
26109, 7110
30469, 7110
12559, 7110
30523, 7110
10005, 7110
34906, 7110
35870, 7110
11126, 7110
11267, 7110
25194, 7110
14714, 7110
15871, 7110
19401, 7110
34451, 7110
14553, 7110
11676, 7110
23180, 7110
15745, 7110
26378, 7110
9080, 7110
24632, 7110
25595, 7110
25088, 7110
25402, 7110
22185, 7110
14093, 7110
28226, 7110
33400, 7110
11074, 7110
12277, 7110
19278, 7110
14289, 7110
25147, 7110
33215, 7110
23587, 7110
12640, 7110
25728, 7110
29841, 7110
31760, 7110
9188, 7110
14840, 7110
16170, 7110
33893, 7110
30427, 7110
30822, 7110
29223, 7110
9397, 7110
17094, 7110
24512, 7110
13762, 7110
18598, 7110
23667, 7110
36911, 7110
29073, 7110
22611, 7110
15915, 7110
16989, 7110
26482, 7110
35836, 7110
20206, 7110
28714, 7110
30390, 7110
8488, 7110
11941, 7110
13911, 7110
24720, 7110
13878, 7110
34564, 7110
10349, 7110
14021, 7110
35577, 7110
35063, 7110
33042, 7110
9240, 7110
30530, 7110
8823, 7110
8793, 7110
21151, 7110
28583, 7110
26294, 7110
13408, 7110
25457, 7110
12988, 7110
13413, 7110
20479, 7110
35517, 7110
35009, 7110
31598, 7110
22379, 7110
26652, 7110
33536, 7110
22946, 7110
33430, 7110
9357, 7110
33380, 7110
14846, 7110
14466, 7110
32145, 7110
18835, 7110
35655, 7110
31332, 7110
11239, 7110
23756, 7110
16233, 7110
21435, 7110
27845, 7110
22696, 7110
16794, 7110
9691, 7110
30715, 7110
11004, 7110
13102, 7110
33034, 7110
26463, 7110
29970, 7110
35113, 7110
23837, 7110
21123, 7110
14497, 7110
8815, 7110
24312, 7110
20258, 7110
28614, 7110
21605, 7110
23302, 7110
34277, 7110
20880, 7110
23960, 7110
22197, 7110
10216, 7110
10261, 7110
8671, 7110
12554, 7110
26473, 7110
30493, 7110
24856, 7110
33615, 7110
12959, 7110
20417, 7110
36428, 7110
32201, 7110
36519, 7110
33125, 7110
25563, 7110
9668, 7110
20268, 7110
11391, 7110
16634, 7110
34049, 7110
24065, 7110
16283, 7110
31350, 7110
11323, 7110
26523, 7110
19345, 7110
21153, 7110
21101, 7110
28938, 7110
14317, 7110
31484, 7110
24167, 7110
22441, 7110
17866, 7110
11024, 7110
25660, 7110
11408, 7110
19033, 7110
13974, 7110
11008, 7110
33282, 7110
17581, 7110
33119, 7110
15937, 7110
14505, 7110
11824, 7110
29254, 7110
17331, 7110
33562, 7110
8797, 7110
29499, 7110
35399, 7110
25553, 7110
27459, 7110
11812, 7110
13808, 7110
17150, 7110
15180, 7110
27966, 7110
33342, 7110
23349, 7110
14688, 7110
23004, 7110
25302, 7110
15139, 7110
33192, 7110
21684, 7110
25650, 7110
14288, 7110
18632, 7110
25462, 7110
19021, 7110
12954, 7110
34421, 7110
25390, 7110
30351, 7110
8996, 7110
12551, 7110
12846, 7110
18435, 7110
27298, 7110
20954, 7110
11917, 7110
25683, 7110
32168, 7110
27586, 7110
33943, 7110
35570, 7110
15287, 7110
16946, 7110
11154, 7110
34063, 7110
23551, 7110
33843, 7110
31867, 7110
17961, 7110
27841, 7110
36746, 7110
35297, 7110
16620, 7110
35708, 7110
31950, 7110
13740, 7110
10542, 7110
27448, 7110
21299, 7110
31884, 7110
22079, 7110
24464, 7110
9508, 7110
18662, 7110
26149, 7110
11780, 7110
11908, 7110
36997, 7110
31173, 7110
19727, 7110
31900, 7110
9958, 7110
20530, 7110
24458, 7110
16151, 7110
20942, 7110
34749, 7110
25405, 7110
15783, 7110
22329, 7110
10900, 7110
31733, 7110
25024, 7110
7110, 33855
36387, 7111
7111, 29911
28645, 7112
7112, 25751
16791, 7113
7113, 18619
7113, 23867
28095, 7114
7114, 18496
16340, 7115
30004, 7115
23444, 7115
19007, 7115
16550, 7115
19759, 7115
7115, 28300
7115, 26926
7115, 33697
7115, 11279
7115, 9295
7115, 12006
7115, 26494
25979, 7116
7116, 33637
28354, 7117
7117, 23280
13493, 7118
7118, 26745
7118, 23571
20397, 7119
7119, 21613
12139, 7120
7120, 22258
14163, 7121
22926, 7121
27528, 7121
25141, 7121
35661, 7121
11069, 7121
26044, 7121
26318, 7121
7121, 34429
7121, 32226
7121, 36888
7121, 17034
7121, 27587
7121, 9974
7121, 9193
7121, 16798
7121, 26308
7121, 25243
35815, 7122
27382, 7122
7122, 29281
32031, 7123
20717, 7123
12869, 7123
34562, 7123
27447, 7123
22266, 7123
7123, 23099
31290, 7124
24361, 7124
7124, 23371
18569, 7125
7125, 11575
35748, 7126
7126, 33637
8740, 7127
7127, 16039
17036, 7128
7128, 16142
20943, 7129
16936, 7129
7129, 25028
21201, 7130
7130, 32372
8827, 7131
34054, 7131
7131, 9140
11585, 7132
27194, 7132
7132, 15111
31173, 7133
7133, 18662
7133, 24027
24276, 7134
7134, 24425
29636, 7135
7135, 10845
7135, 37012
36683, 7136
7136, 16002
25195, 7137
9010, 7137
9997, 7137
7137, 22565
11753, 7138
12321, 7138
7138, 27127
34195, 7139
7139, 35487
29069, 7140
7140, 28281
22112, 7141
7141, 21912
34502, 7142
7142, 24093
17199, 7143
7143, 23455
7143, 22199
7143, 34058
17564, 7144
7144, 13788
22614, 7145
7145, 31969
21253, 7146
7146, 16795
26558, 7147
27909, 7147
7147, 33072
21118, 7148
7148, 10128
23582, 7149
35680, 7149
7149, 28346
19560, 7150
7150, 23762
25095, 7151
7151, 11841
11360, 7152
7152, 20109
25984, 7153
7153, 12178
13633, 7154
7154, 23620
12711, 7155
25027, 7155
30354, 7155
23371, 7155
9525, 7155
33637, 7155
11553, 7155
7155, 26403
7155, 13748
7155, 26399
7155, 24129
7155, 15010
7155, 11781
7155, 10859
7155, 31711
10904, 7156
7156, 24390
27886, 7157
30234, 7157
7157, 30022
24854, 7158
12289, 7158
7158, 33281
23045, 7159
37066, 7159
7159, 15572
24308, 7160
7160, 19422
21779, 7161
7161, 17795
21804, 7162
7162, 21782
18778, 7163
7163, 13330
15529, 7164
7164, 33637
12415, 7165
7165, 22229
15400, 7166
7166, 34054
11959, 7167
7167, 29290
32127, 7168
16947, 7168
7168, 8425
22868, 7169
7169, 20194
33918, 7170
7170, 17533
13043, 7171
7171, 17526
7171, 16142
30538, 7172
7172, 17674
7172, 13929
7172, 26143
7172, 12557
7172, 20279
7172, 32310
33476, 7173
7173, 26776
14193, 7174
7174, 35406
19980, 7175
7175, 28374
36276, 7176
32882, 7176
22710, 7176
16077, 7176
7176, 34848
23874, 7177
7177, 16764
11430, 7178
7178, 11366
28281, 7179
10049, 7179
10024, 7179
7179, 32914
7179, 36659
7179, 11005
7179, 13944
8591, 7180
7180, 24680
15839, 7181
7181, 17605
15138, 7182
7182, 9793
23869, 7183
7183, 20220
16458, 7184
7184, 11316
34936, 7185
9415, 7185
7185, 27170
13922, 7186
30115, 7186
24020, 7186
33637, 7186
34999, 7186
18964, 7186
7186, 9547
7186, 11221
7186, 26462
7186, 18956
7186, 17373
7186, 28855
7186, 17220
16487, 7187
7187, 17402
14361, 7188
7188, 15424
13375, 7189
7189, 11289
35752, 7190
7190, 35802
10176, 7191
7191, 10845
10343, 7192
7192, 20804
7192, 35992
7192, 14474
12539, 7193
7193, 36839
22123, 7194
7194, 36998
7194, 32871
16892, 7195
7195, 20536
10920, 7196
7196, 30000
33347, 7197
7197, 11121
25426, 7198
11112, 7198
10183, 7198
26284, 7198
18131, 7198
7198, 34096
7198, 12007
7198, 34549
7198, 15455
7198, 21181
7198, 20376
20817, 7199
7199, 10700
34282, 7200
19836, 7200
7200, 28281
16382, 7201
7201, 13732
24453, 7202
24546, 7202
7202, 26237
12110, 7203
7203, 35986
18584, 7204
7204, 33637
11858, 7205
7205, 23371
33344, 7206
7206, 13456
34342, 7207
21363, 7207
7207, 22564
18917, 7208
7208, 33463
7208, 31871
29434, 7209
7209, 27293
29542, 7210
7210, 36685
14605, 7211
36371, 7211
15300, 7211
28485, 7211
12638, 7211
8746, 7211
21967, 7211
25639, 7211
33997, 7211
34528, 7211
32516, 7211
8477, 7211
25779, 7211
24518, 7211
19887, 7211
16800, 7211
27650, 7211
17144, 7211
35217, 7211
33967, 7211
16983, 7211
7211, 28875
27639, 7212
23419, 7212
33645, 7212
34070, 7212
28578, 7212
34332, 7212
12288, 7212
27155, 7212
10515, 7212
27222, 7212
32580, 7212
7212, 26533
37002, 7213
7213, 25099
11920, 7214
7214, 27893
9862, 7215
7215, 24635
9270, 7216
7216, 13566
18328, 7217
15808, 7217
7217, 12596
35221, 7218
25882, 7218
7218, 26080
7218, 31585
7218, 21578
13801, 7219
7219, 13611
7219, 17535
26925, 7220
7220, 29432
20243, 7221
7221, 13880
14793, 7222
7222, 25028
15255, 7223
7223, 23735
34459, 7224
7224, 33057
20403, 7225
7225, 31804
17686, 7226
17843, 7226
9929, 7226
28102, 7226
10723, 7226
27199, 7226
26763, 7226
35584, 7226
33637, 7226
16827, 7226
29573, 7226
19446, 7226
27829, 7226
7226, 35611
7226, 22087
7226, 17156
7226, 35360
7226, 17504
7226, 11447
7226, 16836
7226, 15992
7226, 33025
7226, 20890
7226, 26096
7226, 26979
7226, 24295
7226, 12580
24559, 7227
7227, 14784
36497, 7228
7228, 29626
32523, 7229
31752, 7229
7229, 25388
20452, 7230
27485, 7230
24301, 7230
25466, 7230
12445, 7230
32303, 7230
31752, 7230
7230, 27778
14195, 7231
7231, 8425
34403, 7232
35389, 7232
7232, 13135
8528, 7233
30220, 7233
7233, 35232
25379, 7234
14092, 7234
30099, 7234
7234, 22627
12514, 7235
7235, 17643
26696, 7236
21943, 7236
33101, 7236
18389, 7236
7236, 19661
35422, 7237
7237, 9655
15853, 7238
7238, 13194
16540, 7239
36248, 7239
30227, 7239
19200, 7239
29772, 7239
33375, 7239
27266, 7239
34384, 7239
32390, 7239
14802, 7239
25734, 7239
8418, 7239
30675, 7239
16286, 7239
35419, 7239
24688, 7239
36442, 7239
7239, 31820
13936, 7240
16142, 7240
34628, 7240
23882, 7240
27777, 7240
23137, 7240
23308, 7240
7240, 9792
7240, 35706
7240, 22844
7240, 19057
7240, 21946
7240, 36674
7240, 31559
7240, 10605
22525, 7241
19028, 7241
7241, 24980
17296, 7242
7242, 18267
13492, 7243
13352, 7243
7243, 33615
24429, 7244
7244, 27448
7244, 34410
20201, 7245
7245, 26522
23481, 7246
7246, 32989
22229, 7247
25386, 7247
7247, 20887
16138, 7248
7248, 32216
7248, 31102
10032, 7249
7249, 22588
27132, 7250
11414, 7250
36635, 7250
10407, 7250
7250, 15111
17956, 7251
7251, 35403
24831, 7252
7252, 26151
7252, 18662
15247, 7253
36544, 7253
7253, 25500
20928, 7254
7254, 34233
33726, 7255
7255, 33214
18098, 7256
7256, 13929
9953, 7257
7257, 18662
30408, 7258
28284, 7258
7258, 16749
28705, 7259
7259, 18662
20127, 7260
7260, 34973
7260, 17229
21603, 7261
16079, 7261
27012, 7261
7261, 19833
28110, 7262
7262, 33637
27945, 7263
7263, 25208
13418, 7264
7264, 14499
24050, 7265
7265, 27653
7265, 13982
17303, 7266
7266, 32176
18662, 7267
7267, 10680
13293, 7268
7268, 28281
19331, 7269
7269, 8425
13850, 7270
11558, 7270
7270, 15258
31508, 7271
7271, 18662
27561, 7272
18347, 7272
10875, 7272
7272, 15111
25572, 7273
7273, 18449
14855, 7274
7274, 16611
18662, 7275
7275, 26151
23855, 7276
7276, 22251
22530, 7277
15372, 7277
7277, 23371
21253, 7278
7278, 13115
29816, 7279
12968, 7279
7279, 8858
14425, 7280
10178, 7280
7280, 25117
10039, 7281
14545, 7281
18520, 7281
17611, 7281
22434, 7281
13611, 7281
30720, 7281
32498, 7281
35972, 7281
29187, 7281
24377, 7281
17535, 7281
16532, 7281
33143, 7281
35519, 7281
12014, 7281
7281, 26533
17297, 7282
17145, 7282
18363, 7282
28408, 7282
7282, 20308
7282, 14676
7282, 14002
7282, 9212
7282, 13354
21253, 7283
7283, 10772
18050, 7284
7284, 35261
35581, 7285
7285, 30321
7285, 9416
7285, 9726
19186, 7286
7286, 27619
27783, 7287
7287, 23371
27889, 7288
25260, 7288
7288, 28281
10167, 7289
19435, 7289
33503, 7289
13930, 7289
34982, 7289
7289, 22329
28713, 7290
20712, 7290
28433, 7290
10762, 7290
9223, 7290
36599, 7290
24047, 7290
18965, 7290
12192, 7290
30772, 7290
23858, 7290
18100, 7290
10645, 7290
17828, 7290
36726, 7290
18471, 7290
27518, 7290
21108, 7290
7290, 18639
35467, 7291
7291, 19139
23031, 7292
7292, 23841
7292, 24707
7292, 8776
27034, 7293
21427, 7293
7293, 29965
31670, 7294
7294, 26763
23466, 7295
7295, 18737
7295, 10116
8535, 7296
7296, 22525
30219, 7297
29328, 7297
28210, 7297
29137, 7297
10000, 7297
35816, 7297
27573, 7297
21105, 7297
14400, 7297
12293, 7297
24108, 7297
29556, 7297
31363, 7297
13963, 7297
17541, 7297
25732, 7297
28967, 7297
33211, 7297
21387, 7297
27134, 7297
11953, 7297
21664, 7297
16715, 7297
34707, 7297
16673, 7297
10115, 7297
22483, 7297
15702, 7297
19927, 7297
33314, 7297
26875, 7297
16597, 7297
11828, 7297
9189, 7297
9064, 7297
11068, 7297
11519, 7297
13392, 7297
13457, 7297
9900, 7297
25019, 7297
8571, 7297
33947, 7297
35368, 7297
25316, 7297
29537, 7297
28360, 7297
17976, 7297
36323, 7297
19961, 7297
33076, 7297
9873, 7297
31123, 7297
17295, 7297
19125, 7297
24958, 7297
21325, 7297
27590, 7297
32429, 7297
23225, 7297
26071, 7297
9867, 7297
34741, 7297
22943, 7297
23674, 7297
30379, 7297
32386, 7297
20071, 7297
18572, 7297
26239, 7297
26296, 7297
36301, 7297
33733, 7297
29066, 7297
27096, 7297
34348, 7297
29021, 7297
9462, 7297
20294, 7297
28783, 7297
28294, 7297
25250, 7297
24840, 7297
18713, 7297
32363, 7297
21963, 7297
12337, 7297
35683, 7297
27949, 7297
32158, 7297
34609, 7297
18526, 7297
31445, 7297
9031, 7297
20099, 7297
35165, 7297
28240, 7297
16235, 7297
17329, 7297
8841, 7297
31774, 7297
10281, 7297
11721, 7297
33592, 7297
27574, 7297
9504, 7297
25156, 7297
15597, 7297
11202, 7297
36645, 7297
35610, 7297
27941, 7297
20093, 7297
24883, 7297
18883, 7297
10333, 7297
24549, 7297
23554, 7297
17930, 7297
26897, 7297
12734, 7297
25053, 7297
20378, 7297
28083, 7297
11509, 7297
34153, 7297
33250, 7297
13202, 7297
27149, 7297
29733, 7297
20098, 7297
9914, 7297
13738, 7297
25373, 7297
34121, 7297
31378, 7297
15082, 7297
9097, 7297
18417, 7297
25357, 7297
17481, 7297
31671, 7297
10002, 7297
10246, 7297
10376, 7297
22114, 7297
33479, 7297
13631, 7297
11232, 7297
16538, 7297
14639, 7297
31667, 7297
35654, 7297
10379, 7297
35186, 7297
17583, 7297
17405, 7297
11211, 7297
23834, 7297
25684, 7297
14090, 7297
33015, 7297
34860, 7297
11550, 7297
14221, 7297
15857, 7297
30242, 7297
17671, 7297
29469, 7297
21793, 7297
10682, 7297
9259, 7297
25186, 7297
10552, 7297
20882, 7297
32200, 7297
28278, 7297
25571, 7297
24346, 7297
35955, 7297
32723, 7297
28711, 7297
21600, 7297
29404, 7297
15459, 7297
35257, 7297
22448, 7297
26007, 7297
25928, 7297
14911, 7297
17177, 7297
22894, 7297
7297, 31189
24533, 7298
7298, 12523
7298, 21199
31030, 7299
7299, 24418
28350, 7300
7300, 23371
12311, 7301
7301, 9303
22692, 7302
7302, 28680
20818, 7303
7303, 18135
22545, 7304
13932, 7304
7304, 30961
36654, 7305
7305, 25096
7305, 18662
36828, 7306
7306, 13303
24473, 7307
33779, 7307
34231, 7307
32407, 7307
7307, 26831
7307, 13387
7307, 20107
7307, 35123
7307, 29614
21381, 7308
7308, 15769
36256, 7309
7309, 27985
10779, 7310
23283, 7310
19293, 7310
7310, 15703
19206, 7311
7311, 17891
31336, 7312
7312, 26624
20710, 7313
7313, 31820
16611, 7314
9777, 7314
24446, 7314
11135, 7314
29237, 7314
14470, 7314
22296, 7314
7314, 14349
7314, 29975
7314, 9069
7314, 12604
7314, 15554
7314, 31880
7314, 23967
7314, 32477
25536, 7315
7315, 31824
14336, 7316
32942, 7316
18035, 7316
16420, 7316
7316, 8528
25617, 7317
7317, 15522
9829, 7318
7318, 30093
11840, 7319
7319, 21576
14312, 7320
7320, 21872
19213, 7321
7321, 15638
7321, 19875
9229, 7322
7322, 22656
31638, 7323
30193, 7323
9241, 7323
29881, 7323
7323, 11308
28086, 7324
7324, 12571
7324, 25710
7324, 20620
18719, 7325
7325, 8425
17435, 7326
7326, 27197
7326, 11322
7326, 31493
7326, 33877
7326, 15303
26387, 7327
7327, 28281
31162, 7328
7328, 35371
15729, 7329
7329, 25439
7329, 9026
24885, 7330
7330, 14792
17967, 7331
7331, 10323
30055, 7332
8470, 7332
27528, 7332
15546, 7332
16358, 7332
26973, 7332
17714, 7332
27760, 7332
7332, 10166
7332, 36634
7332, 15101
7332, 9151
7332, 34527
7332, 12962
7332, 12646
7332, 9610
7332, 15166
18662, 7333
7333, 24482
10407, 7334
7334, 15111
22868, 7335
7335, 32164
9305, 7336
7336, 33753
20109, 7337
17071, 7337
7337, 23446
15466, 7338
19258, 7338
17352, 7338
7338, 13732
35997, 7339
7339, 21707
7339, 23654
29430, 7340
7340, 19998
20525, 7341
7341, 9331
9897, 7342
7342, 15572
28707, 7343
7343, 10656
8367, 7344
8776, 7344
22362, 7344
35342, 7344
31656, 7344
35568, 7344
17319, 7344
26019, 7344
14003, 7344
12770, 7344
23946, 7344
28727, 7344
33602, 7344
20848, 7344
27699, 7344
36885, 7344
30110, 7344
32839, 7344
16811, 7344
23955, 7344
22602, 7344
13665, 7344
21245, 7344
31586, 7344
10399, 7344
12452, 7344
10553, 7344
22878, 7344
29510, 7344
27348, 7344
23504, 7344
34537, 7344
36905, 7344
10160, 7344
14423, 7344
29023, 7344
22809, 7344
33399, 7344
19739, 7344
9190, 7344
36588, 7344
9903, 7344
14624, 7344
10869, 7344
12278, 7344
27926, 7344
36690, 7344
14108, 7344
32522, 7344
25729, 7344
17630, 7344
24291, 7344
17579, 7344
23244, 7344
31851, 7344
20126, 7344
19165, 7344
14784, 7344
28017, 7344
21705, 7344
29414, 7344
12178, 7344
14039, 7344
25037, 7344
10292, 7344
20695, 7344
11511, 7344
30969, 7344
23124, 7344
13100, 7344
8504, 7344
9629, 7344
10800, 7344
31279, 7344
36340, 7344
12447, 7344
8901, 7344
34222, 7344
14880, 7344
18904, 7344
25152, 7344
16002, 7344
23385, 7344
9779, 7344
12876, 7344
14055, 7344
23248, 7344
25452, 7344
23735, 7344
32108, 7344
34199, 7344
15799, 7344
12345, 7344
29722, 7344
31019, 7344
35515, 7344
23623, 7344
9923, 7344
35676, 7344
27536, 7344
32024, 7344
21122, 7344
35383, 7344
36723, 7344
27352, 7344
27633, 7344
8507, 7344
29912, 7344
8835, 7344
36292, 7344
10622, 7344
15676, 7344
25736, 7344
11607, 7344
10793, 7344
28640, 7344
26900, 7344
20334, 7344
29681, 7344
33904, 7344
19779, 7344
30915, 7344
18975, 7344
31837, 7344
13722, 7344
30135, 7344
31047, 7344
33882, 7344
10240, 7344
25849, 7344
14472, 7344
21172, 7344
15111, 7344
19749, 7344
10345, 7344
18388, 7344
20456, 7344
33396, 7344
36127, 7344
31869, 7344
29427, 7344
10977, 7344
27349, 7344
12914, 7344
20165, 7344
12148, 7344
35453, 7344
35359, 7344
18793, 7344
16979, 7344
7344, 19516
17580, 7345
7345, 21360
7345, 23876
31264, 7346
7346, 11470
28525, 7347
19323, 7347
35913, 7347
7347, 24726
12698, 7348
7348, 8483
34546, 7349
7349, 19358
25774, 7350
7350, 30111
26953, 7351
9316, 7351
15967, 7351
7351, 24772
30567, 7352
7352, 15701
15853, 7353
7353, 13194
18662, 7354
7354, 26636
14364, 7355
7355, 16033
16164, 7356
7356, 27385
9948, 7357
18035, 7357
7357, 20684
33467, 7358
7358, 19379
15557, 7359
23524, 7359
15058, 7359
26507, 7359
24520, 7359
13913, 7359
32441, 7359
19514, 7359
34791, 7359
23382, 7359
20070, 7359
20983, 7359
34226, 7359
9888, 7359
18563, 7359
20687, 7359
16165, 7359
8495, 7359
16294, 7359
11302, 7359
34085, 7359
29928, 7359
10684, 7359
12235, 7359
10132, 7359
7359, 19753
31593, 7360
7360, 25809
7360, 32465
7360, 10707
18292, 7361
7361, 22216
13712, 7362
7362, 15546
12265, 7363
7363, 21613
15512, 7364
13743, 7364
7364, 27829
24260, 7365
18822, 7365
13935, 7365
21089, 7365
26946, 7365
23583, 7365
30625, 7365
7365, 24340
15990, 7366
7366, 12486
15060, 7367
7367, 26599
14596, 7368
7368, 30796
17674, 7369
23371, 7369
33578, 7369
7369, 11216
7369, 28852
7369, 33872
7369, 27166
26322, 7370
7370, 36885
34687, 7371
23474, 7371
7371, 9166
9685, 7372
7372, 31643
7372, 33526
7372, 24927
17581, 7373
7373, 9065
7373, 18662
34845, 7374
7374, 14163
31385, 7375
7375, 11756
35896, 7376
13106, 7376
32419, 7376
7376, 34945
21845, 7377
7377, 36807
12575, 7378
7378, 15771
7378, 36903
34216, 7379
7379, 9092
28256, 7380
7380, 29052
20409, 7381
7381, 15177
35253, 7382
7382, 10597
9107, 7383
7383, 21635
10706, 7384
7384, 23914
23297, 7385
7385, 31770
14173, 7386
7386, 36770
16377, 7387
7387, 24635
24671, 7388
7388, 10881
7388, 25099
28286, 7389
7389, 18518
18269, 7390
20316, 7390
23883, 7390
29197, 7390
25826, 7390
29934, 7390
27580, 7390
7390, 13200
7390, 8404
7390, 15433
24680, 7391
36209, 7391
7391, 16337
23486, 7392
7392, 28281
21392, 7393
7393, 32743
7393, 18662
22925, 7394
7394, 11628
27801, 7395
7395, 16232
18385, 7396
34161, 7396
7396, 12626
35022, 7397
7397, 26151
7397, 18662
10407, 7398
7398, 15111
11025, 7399
7399, 12745
12945, 7400
7400, 25995
32828, 7401
7401, 18662
14439, 7402
7402, 31035
13782, 7403
7403, 34448
7403, 11960
7403, 30962
25362, 7404
7404, 9325
7404, 26547
7404, 28064
13593, 7405
7405, 31864
31036, 7406
7406, 33281
27323, 7407
33851, 7407
7407, 9115
21494, 7408
32258, 7408
20455, 7408
24469, 7408
7408, 36095
7408, 27617
7408, 16352
7408, 14304
7408, 11783
29329, 7409
7409, 32401
36942, 7410
7410, 14811
36584, 7411
7411, 17444
7411, 34201
7411, 24802
7411, 28394
26167, 7412
7412, 35805
13453, 7413
7413, 23371
10789, 7414
7414, 19472
12343, 7415
7415, 36587
28529, 7416
29232, 7416
14944, 7416
7416, 26031
8849, 7417
7417, 26452
30112, 7418
7418, 29915
7418, 8653
7418, 30730
11582, 7419
31382, 7419
7419, 35385
29145, 7420
7420, 17533
10407, 7421
30931, 7421
25314, 7421
8550, 7421
7421, 20156
28645, 7422
7422, 29698
7422, 19228
21571, 7423
18737, 7423
34971, 7423
30398, 7423
7423, 13050
13936, 7424
31633, 7424
8514, 7424
18787, 7424
14890, 7424
19953, 7424
34668, 7424
33637, 7424
20398, 7424
7424, 34429
7424, 17529
7424, 19109
7424, 30983
7424, 14422
7424, 14625
7424, 20001
7424, 14623
7424, 10868
7424, 26292
7424, 18367
34405, 7425
7425, 23371
10709, 7426
11842, 7426
27181, 7426
11739, 7426
7426, 8367
7426, 24291
15853, 7427
7427, 13194
24956, 7428
7428, 25493
26247, 7429
7429, 18648
7429, 33407
33651, 7430
14722, 7430
20662, 7430
7430, 26284
32733, 7431
7431, 20804
7431, 28786
10407, 7432
16559, 7432
23515, 7432
12478, 7432
7432, 15111
26759, 7433
7433, 8423
15112, 7434
7434, 27544
7434, 25347
33085, 7435
7435, 27578
34526, 7436
7436, 20899
11920, 7437
7437, 27893
13605, 7438
20293, 7438
27080, 7438
36018, 7438
27075, 7438
28347, 7438
7438, 15859
18864, 7439
7439, 9655
18337, 7440
36581, 7440
7440, 22473
7440, 32747
7440, 20998
19396, 7441
9017, 7441
25944, 7441
7441, 19680
33526, 7442
29118, 7442
7442, 32658
15861, 7443
33329, 7443
7443, 17095
23506, 7444
14719, 7444
18543, 7444
30319, 7444
9757, 7444
30612, 7444
24740, 7444
23625, 7444
7444, 20900
7444, 30993
7444, 18508
7444, 14948
7444, 23289
7444, 12678
7444, 14764
7444, 31223
7444, 20926
23350, 7445
7445, 11834
32137, 7446
8772, 7446
7446, 33637
30484, 7447
7447, 36449
7447, 35670
7447, 21576
36176, 7448
7448, 17533
23632, 7449
7449, 15484
7449, 18662
27112, 7450
7450, 33281
23617, 7451
23887, 7451
7451, 18708
29710, 7452
7452, 10049
30794, 7453
7453, 17674
22732, 7454
7454, 24201
16164, 7455
7455, 27385
30634, 7456
12523, 7456
7456, 15308
25095, 7457
7457, 11841
34725, 7458
13450, 7458
7458, 26915
24017, 7459
7459, 20109
11841, 7460
18228, 7460
8686, 7460
7460, 12266
16177, 7461
7461, 28281
20049, 7462
7462, 12432
30577, 7463
7463, 29703
22575, 7464
7464, 28281
35401, 7465
7465, 30047
30927, 7466
7466, 9771
35374, 7467
21132, 7467
16990, 7467
15986, 7467
16599, 7467
30475, 7467
35384, 7467
7467, 24451
19457, 7468
12604, 7468
9300, 7468
23167, 7468
26416, 7468
21402, 7468
22920, 7468
7468, 35536
34518, 7469
7469, 21870
7469, 25099
24813, 7470
20565, 7470
7470, 15572
21253, 7471
7471, 13717
30075, 7472
7472, 23739
7472, 36860
7472, 36548
34265, 7473
23912, 7473
34800, 7473
17732, 7473
26189, 7473
22540, 7473
29310, 7473
28763, 7473
22475, 7473
14156, 7473
8667, 7473
25002, 7473
30594, 7473
19334, 7473
27264, 7473
23714, 7473
23622, 7473
25042, 7473
8945, 7473
26487, 7473
31138, 7473
35912, 7473
32067, 7473
28721, 7473
22452, 7473
10136, 7473
24620, 7473
15132, 7473
29528, 7473
30236, 7473
17468, 7473
18074, 7473
7473, 26533
14027, 7474
7474, 17732
7474, 28721
29620, 7475
7475, 28658
7475, 9261
23080, 7476
7476, 30826
7476, 24324
36521, 7477
7477, 27328
13765, 7478
7478, 8522
32192, 7479
7479, 33246
22017, 7480
7480, 12523
21977, 7481
22041, 7481
7481, 33333
7481, 35204
30208, 7482
7482, 32593
11315, 7483
7483, 32712
31469, 7484
7484, 21343
7484, 22779
21602, 7485
25801, 7485
10806, 7485
8394, 7485
31752, 7485
7485, 27020
7485, 37055
10461, 7486
15261, 7486
18585, 7486
20143, 7486
26397, 7486
7486, 36761
7486, 35225
7486, 22049
7486, 34035
7486, 18318
7486, 10488
33880, 7487
7487, 28281
36209, 7488
24201, 7488
7488, 11889
25942, 7489
7489, 17056
32852, 7490
7490, 22497
7490, 10277
7490, 27787
7490, 31823
7490, 20503
7490, 22389
7490, 24995
7490, 16065
7490, 32232
7490, 19223
7490, 19487
7490, 20101
7490, 29177
7490, 22268
7490, 13573
7490, 18909
7490, 10070
7490, 27922
7490, 21928
7490, 18263
7490, 20790
7490, 31802
7490, 11931
7490, 32501
7490, 11297
7490, 10670
7490, 32294
7490, 35946
7490, 17055
7490, 21453
7490, 16264
7490, 18784
7490, 29889
7490, 17246
7490, 12850
7490, 14188
7490, 9825
7490, 34223
7490, 17802
7490, 31462
7490, 18911
7490, 18479
21253, 7491
7491, 34650
16763, 7492
7492, 36123
26392, 7493
7493, 16994
14360, 7494
24410, 7494
35572, 7494
17464, 7494
24386, 7494
10366, 7494
32972, 7494
34780, 7494
26820, 7494
12074, 7494
13975, 7494
23246, 7494
35831, 7494
12944, 7494
14510, 7494
14379, 7494
28205, 7494
13388, 7494
16963, 7494
17460, 7494
22327, 7494
20863, 7494
20767, 7494
34964, 7494
16549, 7494
22292, 7494
16695, 7494
35526, 7494
36773, 7494
24319, 7494
30618, 7494
16253, 7494
26997, 7494
28430, 7494
23930, 7494
31748, 7494
32436, 7494
35542, 7494
12183, 7494
27904, 7494
12142, 7494
18722, 7494
33006, 7494
13542, 7494
17489, 7494
36577, 7494
19911, 7494
10121, 7494
31096, 7494
32369, 7494
16110, 7494
18918, 7494
36669, 7494
27919, 7494
29173, 7494
27822, 7494
29741, 7494
26604, 7494
17039, 7494
11638, 7494
32222, 7494
34875, 7494
18134, 7494
25637, 7494
29106, 7494
11708, 7494
32894, 7494
11442, 7494
23182, 7494
15725, 7494
35358, 7494
21825, 7494
23159, 7494
14233, 7494
21610, 7494
34588, 7494
11675, 7494
13864, 7494
16664, 7494
26641, 7494
32983, 7494
14243, 7494
14742, 7494
13184, 7494
12283, 7494
12858, 7494
26554, 7494
18298, 7494
32612, 7494
11468, 7494
34333, 7494
15437, 7494
15661, 7494
8831, 7494
32636, 7494
10948, 7494
17062, 7494
10238, 7494
23324, 7494
8882, 7494
29347, 7494
13096, 7494
11384, 7494
19449, 7494
17363, 7494
21225, 7494
30755, 7494
27888, 7494
9008, 7494
28241, 7494
17143, 7494
36286, 7494
30785, 7494
25825, 7494
23706, 7494
12198, 7494
24087, 7494
12470, 7494
20000, 7494
19392, 7494
29188, 7494
9067, 7494
11546, 7494
10688, 7494
7494, 26533
27046, 7495
7495, 8425
27669, 7496
7496, 26095
7496, 12482
20770, 7497
7497, 18372
29509, 7498
7498, 9116
10418, 7499
7499, 28680
30982, 7500
7500, 18117
25948, 7501
7501, 29410
23516, 7502
23396, 7502
22585, 7502
11082, 7502
18770, 7502
30053, 7502
9641, 7502
23848, 7502
10612, 7502
35991, 7502
14464, 7502
30861, 7502
36775, 7502
34713, 7502
20835, 7502
20407, 7502
30263, 7502
18349, 7502
30774, 7502
30826, 7502
12255, 7502
17895, 7502
33316, 7502
29813, 7502
22172, 7502
8893, 7502
30289, 7502
27311, 7502
32216, 7502
15111, 7502
23644, 7502
23280, 7502
29117, 7502
29307, 7502
30953, 7502
22129, 7502
11002, 7502
13824, 7502
27197, 7502
17265, 7502
34733, 7502
11322, 7502
22458, 7502
29668, 7502
25481, 7502
14861, 7502
16045, 7502
31493, 7502
31357, 7502
26803, 7502
22367, 7502
26431, 7502
36443, 7502
10898, 7502
14984, 7502
33877, 7502
23060, 7502
24324, 7502
17517, 7502
12274, 7502
10409, 7502
13884, 7502
27210, 7502
10236, 7502
29564, 7502
15148, 7502
11403, 7502
26190, 7502
20128, 7502
10555, 7502
16376, 7502
21894, 7502
29619, 7502
25492, 7502
11193, 7502
9373, 7502
28558, 7502
8601, 7502
29953, 7502
19685, 7502
12063, 7502
20921, 7502
28960, 7502
28026, 7502
26325, 7502
8437, 7502
31706, 7502
25608, 7502
22092, 7502
35864, 7502
30824, 7502
31892, 7502
18311, 7502
18705, 7502
34233, 7502
19291, 7502
20642, 7502
26994, 7502
27051, 7502
19950, 7502
27649, 7502
35037, 7502
25960, 7502
34207, 7502
9654, 7502
12636, 7502
24786, 7502
9780, 7502
19874, 7502
34410, 7502
18523, 7502
29618, 7502
8587, 7502
25220, 7502
27882, 7502
15778, 7502
36661, 7502
10431, 7502
14876, 7502
30212, 7502
26677, 7502
11324, 7502
9750, 7502
32435, 7502
14568, 7502
15885, 7502
13461, 7502
15849, 7502
31102, 7502
21763, 7502
34260, 7502
36085, 7502
34501, 7502
18527, 7502
24864, 7502
14910, 7502
9850, 7502
30554, 7502
8523, 7502
10371, 7502
25370, 7502
37014, 7502
14945, 7502
36156, 7502
30318, 7502
18109, 7502
22664, 7502
13926, 7502
12184, 7502
7502, 11458
15473, 7503
7503, 35136
13630, 7504
7504, 28281
34829, 7505
13429, 7505
7505, 26284
20301, 7506
24750, 7506
7506, 17674
18724, 7507
7507, 19143
8910, 7508
7508, 29653
21253, 7509
7509, 33281
25939, 7510
7510, 17533
11188, 7511
7511, 18662
25675, 7512
22578, 7512
30947, 7512
26886, 7512
11978, 7512
24510, 7512
8411, 7512
26484, 7512
23046, 7512
22059, 7512
27692, 7512
31782, 7512
18357, 7512
19131, 7512
24965, 7512
23145, 7512
9476, 7512
17648, 7512
11676, 7512
23795, 7512
14289, 7512
32788, 7512
23341, 7512
13092, 7512
29025, 7512
36967, 7512
23604, 7512
30657, 7512
17743, 7512
31610, 7512
7512, 18662
31460, 7513
35371, 7513
14124, 7513
25697, 7513
29837, 7513
20355, 7513
21124, 7513
29153, 7513
7513, 19711
7513, 15511
7513, 30627
7513, 17728
7513, 36999
7513, 12466
7513, 17325
7513, 15429
7513, 21708
21314, 7514
29632, 7514
13719, 7514
20051, 7514
18609, 7514
32759, 7514
11601, 7514
21718, 7514
27255, 7514
15250, 7514
23435, 7514
27305, 7514
28773, 7514
35466, 7514
33298, 7514
32874, 7514
30579, 7514
35564, 7514
30278, 7514
19103, 7514
11613, 7514
34010, 7514
32558, 7514
30463, 7514
14844, 7514
23602, 7514
16554, 7514
26679, 7514
32029, 7514
13346, 7514
33270, 7514
25919, 7514
7514, 26867
23127, 7515
19338, 7515
21311, 7515
7515, 18979
14107, 7516
7516, 18662
32120, 7517
7517, 30318
8619, 7518
7518, 29699
12600, 7519
29742, 7519
7519, 12711
19384, 7520
7520, 19953
17328, 7521
7521, 11301
32129, 7522
7522, 24877
8804, 7523
7523, 23371
11921, 7524
7524, 27622
13513, 7525
9810, 7525
16415, 7525
33637, 7525
7525, 21690
7525, 26902
7525, 15194
7525, 28742
7525, 13797
36378, 7526
7526, 15682
7526, 36913
12328, 7527
26184, 7527
7527, 28502
22236, 7528
7528, 30961
13794, 7529
10649, 7529
12380, 7529
20822, 7529
10783, 7529
18340, 7529
19536, 7529
33663, 7529
17622, 7529
7529, 17533
32190, 7530
7530, 19461
17364, 7531
7531, 27771
7531, 8384
7531, 25099
7531, 14275
22103, 7532
7532, 27124
23268, 7533
7533, 11215
32847, 7534
7534, 15770
21785, 7535
7535, 22880
32847, 7536
7536, 15592
34168, 7537
7537, 23576
30957, 7538
7538, 30290
17721, 7539
7539, 36209
26087, 7540
28432, 7540
24406, 7540
26996, 7540
17533, 7540
26763, 7540
33637, 7540
35288, 7540
7540, 33320
7540, 10935
7540, 28974
7540, 21780
7540, 20111
7540, 23911
7540, 15858
7540, 11923
7540, 24196
31820, 7541
17629, 7541
11112, 7541
31372, 7541
10012, 7541
16339, 7541
16530, 7541
7541, 14743
7541, 32229
7541, 12106
7541, 11152
7541, 13831
7541, 31349
7541, 27993
7541, 10608
7541, 22211
34465, 7542
7542, 10703
22168, 7543
24206, 7543
7543, 11219
10079, 7544
7544, 11349
7544, 22657
33105, 7545
27463, 7545
7545, 35313
29174, 7546
7546, 26644
21253, 7547
7547, 8698
20627, 7548
13966, 7548
7548, 23371
21084, 7549
31064, 7549
26117, 7549
26200, 7549
14637, 7549
7549, 28281
30279, 7550
21291, 7550
29052, 7550
17533, 7550
32840, 7550
24020, 7550
10656, 7550
16413, 7550
33637, 7550
34261, 7550
9500, 7550
7550, 14699
7550, 27824
7550, 19124
7550, 28208
7550, 15648
7550, 18194
7550, 17786
7550, 37059
7550, 11057
7550, 24890
7550, 19181
7550, 28471
33420, 7551
7551, 16695
15394, 7552
32326, 7552
11738, 7552
15572, 7552
16000, 7552
7552, 32510
7552, 9278
7552, 34554
7552, 28372
7552, 19538
7552, 17807
25010, 7553
7553, 11510
25174, 7554
7554, 22217
25010, 7555
7555, 33281
14558, 7556
7556, 19642
17180, 7557
7557, 18151
7557, 13151
7557, 15685
20432, 7558
23867, 7558
7558, 12292
18096, 7559
7559, 27831
27386, 7560
7560, 9552
7560, 28224
35759, 7561
21588, 7561
7561, 21555
30661, 7562
7562, 12378
25782, 7563
7563, 15487
7563, 18295
25095, 7564
7564, 11841
13545, 7565
25530, 7565
17416, 7565
20148, 7565
13088, 7565
14550, 7565
14130, 7565
33637, 7565
11784, 7565
7565, 33439
7565, 29057
7565, 28646
7565, 31533
7565, 31571
7565, 27971
7565, 10611
7565, 8811
7565, 29654
7565, 13123
9864, 7566
7566, 28281
21241, 7567
11918, 7567
7567, 14525
25516, 7568
7568, 32574
36797, 7569
7569, 29930
17959, 7570
7570, 17581
17305, 7571
20368, 7571
7571, 15388
18662, 7572
7572, 23978
28655, 7573
7573, 32712
21253, 7574
7574, 32712
12110, 7575
7575, 14871
21154, 7576
7576, 11756
13513, 7577
34925, 7577
17629, 7577
31009, 7577
21980, 7577
9052, 7577
14496, 7577
33637, 7577
11553, 7577
25738, 7577
36261, 7577
7577, 28929
7577, 9015
7577, 10889
7577, 30672
7577, 26506
7577, 16718
7577, 31828
7577, 8846
7577, 31777
7577, 37042
7577, 16399
7577, 10790
7577, 15810
7577, 11358
30322, 7578
16480, 7578
7578, 17262
29455, 7579
7579, 32615
28587, 7580
25880, 7580
31752, 7580
7580, 17803
15421, 7581
22496, 7581
7581, 18383
19252, 7582
7582, 9655
34068, 7583
15030, 7583
7583, 34950
21599, 7584
7584, 18663
16887, 7585
7585, 17533
32392, 7586
7586, 18662
16829, 7587
7587, 30798
11348, 7588
30596, 7588
7588, 33661
28156, 7589
7589, 35288
33063, 7590
7590, 11918
12883, 7591
7591, 23163
24328, 7592
7592, 13040
18936, 7593
7593, 11830
22300, 7594
7594, 12923
36654, 7595
7595, 12041
7595, 18662
35989, 7596
7596, 15572
23298, 7597
12663, 7597
7597, 26350
7597, 27760
21117, 7598
23823, 7598
16977, 7598
24708, 7598
34279, 7598
11141, 7598
29549, 7598
11581, 7598
8425, 7598
12825, 7598
8657, 7598
7598, 36239
7598, 10316
7598, 17552
7598, 16152
7598, 15267
7598, 30716
7598, 19064
7598, 19808
7598, 36440
7598, 27110
7598, 10335
7598, 35988
24350, 7599
16040, 7599
7599, 10468
15853, 7600
7600, 13194
17715, 7601
7601, 16142
13274, 7602
7602, 8955
14539, 7603
21673, 7603
22949, 7603
29949, 7603
15323, 7603
29632, 7603
18765, 7603
10232, 7603
28971, 7603
26018, 7603
18016, 7603
14036, 7603
25384, 7603
21327, 7603
31388, 7603
8694, 7603
18153, 7603
33229, 7603
16121, 7603
28905, 7603
33321, 7603
17639, 7603
30896, 7603
11874, 7603
9256, 7603
22345, 7603
11522, 7603
11291, 7603
11506, 7603
34013, 7603
9198, 7603
13985, 7603
30725, 7603
8981, 7603
23819, 7603
24483, 7603
27513, 7603
27038, 7603
7603, 26867
23450, 7604
7604, 19030
19352, 7605
7605, 31478
9624, 7606
7606, 11417
17958, 7607
7607, 32712
25868, 7608
26348, 7608
7608, 18558
27560, 7609
27541, 7609
29051, 7609
19120, 7609
30190, 7609
7609, 33652
27203, 7610
7610, 32211
15726, 7611
7611, 21421
14163, 7612
26283, 7612
18807, 7612
26583, 7612
36259, 7612
14394, 7612
21576, 7612
30088, 7612
25756, 7612
12567, 7612
7612, 28124
7612, 20090
7612, 33522
7612, 8781
7612, 11049
7612, 27727
7612, 23098
7612, 25363
7612, 32480
7612, 27642
7612, 19495
7612, 31343
7612, 25932
31077, 7613
12313, 7613
20006, 7613
8588, 7613
36733, 7613
12446, 7613
22839, 7613
21687, 7613
25489, 7613
20645, 7613
15921, 7613
13723, 7613
28652, 7613
35023, 7613
30125, 7613
8449, 7613
11673, 7613
33524, 7613
18251, 7613
15933, 7613
20034, 7613
11168, 7613
12717, 7613
21753, 7613
31567, 7613
34955, 7613
20073, 7613
8524, 7613
13813, 7613
31001, 7613
26549, 7613
25081, 7613
13561, 7613
21163, 7613
28389, 7613
7613, 15034
27393, 7614
26701, 7614
7614, 33146
24394, 7615
7615, 33637
9846, 7616
7616, 23330
9976, 7617
35464, 7617
7617, 10037
24794, 7618
7618, 33637
22887, 7619
7619, 36654
17661, 7620
7620, 18808
7620, 17526
14905, 7621
18035, 7621
7621, 34750
35538, 7622
7622, 14475
9859, 7623
16093, 7623
31577, 7623
15914, 7623
7623, 23161
20454, 7624
7624, 18662
11088, 7625
7625, 20826
11841, 7626
32419, 7626
7626, 35064
11582, 7627
14741, 7627
7627, 35385
31492, 7628
7628, 31869
13120, 7629
15584, 7629
29203, 7629
13615, 7629
8845, 7629
36809, 7629
7629, 31820
7629, 15859
24873, 7630
7630, 27238
19005, 7631
16178, 7631
31629, 7631
28180, 7631
11037, 7631
7631, 15980
16443, 7632
7632, 22859
19194, 7633
7633, 24601
30254, 7634
7634, 24871
29060, 7635
7635, 19460
22945, 7636
7636, 21934
23185, 7637
7637, 9817
7637, 23361
21585, 7638
7638, 23065
27517, 7639
7639, 17533
25376, 7640
7640, 15092
16101, 7641
7641, 13929
31832, 7642
7642, 31146
33618, 7643
7643, 36479
13635, 7644
7644, 16232
17070, 7645
7645, 18808
7645, 18032
25995, 7646
28910, 7646
7646, 13149
27200, 7647
7647, 21491
15853, 7648
7648, 13194
28167, 7649
25456, 7649
29551, 7649
33595, 7649
7649, 24473
11913, 7650
7650, 15712
19415, 7651
16476, 7651
17533, 7651
7651, 36990
7651, 13525
7651, 23919
7651, 24149
34737, 7652
7652, 36654
17095, 7653
30775, 7653
7653, 15014
12209, 7654
7654, 13945
10477, 7655
7655, 12928
33217, 7656
7656, 17581
10710, 7657
28410, 7657
30429, 7657
10407, 7657
7657, 15111
26807, 7658
7658, 26284
18147, 7659
7659, 19935
7659, 24016
12110, 7660
7660, 9969
16368, 7661
7661, 17674
21111, 7662
7662, 36639
16047, 7663
7663, 26763
18301, 7664
25399, 7664
7664, 32376
20244, 7665
7665, 23914
14216, 7666
7666, 18662
10407, 7667
7667, 15111
36798, 7668
7668, 29740
31178, 7669
7669, 24539
7669, 10881
7669, 31858
25510, 7670
7670, 29642
25010, 7671
7671, 11038
30077, 7672
7672, 18517
26716, 7673
7673, 19378
11250, 7674
7674, 17674
19721, 7675
23371, 7675
17376, 7675
9123, 7675
16672, 7675
10955, 7675
21930, 7675
19071, 7675
11791, 7675
36840, 7675
7675, 31953
7675, 15378
7675, 34061
7675, 30292
7675, 9161
7675, 31376
7675, 24865
7675, 16937
7675, 36649
7675, 8751
7675, 13373
26720, 7676
7676, 18662
11052, 7677
7677, 16979
16529, 7678
30402, 7678
15038, 7678
34563, 7678
30217, 7678
7678, 10461
7678, 24232
7678, 31855
11497, 7679
7679, 14949
25191, 7680
7680, 28281
31686, 7681
7681, 27909
25382, 7682
7682, 18449
21652, 7683
7683, 11756
33420, 7684
7684, 29650
28820, 7685
7685, 13929
15809, 7686
7686, 17118
7686, 19709
24794, 7687
7687, 33637
13726, 7688
7688, 35680
7688, 30975
18569, 7689
7689, 11575
24113, 7690
7690, 21914
26330, 7691
7691, 33637
29131, 7692
7692, 28102
29821, 7693
7693, 33637
31849, 7694
7694, 15525
28653, 7695
7695, 35566
10486, 7696
7696, 18662
34364, 7697
16574, 7697
7697, 19192
28068, 7698
23749, 7698
9507, 7698
25443, 7698
21563, 7698
31752, 7698
7698, 30694
30017, 7699
7699, 9817
15328, 7700
7700, 24740
15876, 7701
34161, 7701
7701, 20575
30497, 7702
31130, 7702
21658, 7702
24779, 7702
7702, 23073
7702, 27627
7702, 10817
7702, 19631
7702, 14715
36172, 7703
7703, 30798
14205, 7704
10407, 7704
7704, 27760
7704, 15111
10407, 7705
7705, 15111
21023, 7706
7706, 27827
7706, 17071
7706, 17674
27013, 7707
7707, 21173
18454, 7708
18741, 7708
7708, 30838
25010, 7709
7709, 36967
33876, 7710
7710, 25141
27441, 7711
33820, 7711
35354, 7711
33083, 7711
7711, 28185
7711, 23014
34519, 7712
7712, 16810
20690, 7713
7713, 31453
22819, 7714
18681, 7714
7714, 33281
18387, 7715
7715, 25099
29181, 7716
7716, 8483
7716, 22407
20109, 7717
36216, 7717
7717, 16489
24404, 7718
8674, 7718
7718, 35685
36449, 7719
20474, 7719
9092, 7719
7719, 15503
22775, 7720
7720, 28281
21253, 7721
7721, 28479
11743, 7722
7722, 24045
13642, 7723
7723, 36283
33494, 7724
9154, 7724
7724, 24219
18662, 7725
7725, 30786
27990, 7726
7726, 23136
18035, 7727
7727, 25894
36488, 7728
7728, 8425
36361, 7729
7729, 18737
13405, 7730
7730, 35762
22504, 7731
7731, 17674
32985, 7732
7732, 23371
34064, 7733
15054, 7733
7733, 28630
28811, 7734
30431, 7734
10465, 7734
27095, 7734
29596, 7734
24785, 7734
35614, 7734
16910, 7734
11359, 7734
10756, 7734
30396, 7734
14110, 7734
35043, 7734
23312, 7734
21548, 7734
8821, 7734
27504, 7734
7734, 36329
18662, 7735
7735, 8971
36689, 7736
7736, 36047
27991, 7737
7737, 9287
28944, 7738
7738, 36991
26200, 7739
9901, 7739
7739, 22434
26102, 7740
7740, 18842
28750, 7741
7741, 36654
29940, 7742
7742, 11287
28809, 7743
7743, 22510
15853, 7744
7744, 13194
36153, 7745
7745, 28617
26784, 7746
7746, 9432
19299, 7747
7747, 15487
7747, 34292
7747, 12315
25132, 7748
7748, 33637
8941, 7749
7749, 18662
22820, 7750
13994, 7750
11756, 7750
13510, 7750
21968, 7750
13897, 7750
26386, 7750
33472, 7750
19810, 7750
29573, 7750
23625, 7750
8809, 7750
27193, 7750
7750, 18299
7750, 11438
7750, 34853
7750, 20463
7750, 25048
7750, 19408
7750, 13060
7750, 35742
7750, 30678
7750, 34928
7750, 30064
7750, 17606
7750, 21541
7750, 11590
7750, 35167
21436, 7751
7751, 19832
13815, 7752
7752, 16272
7752, 18516
7752, 30037
15897, 7753
7753, 28281
33506, 7754
7754, 9880
28157, 7755
10996, 7755
7755, 16378
31112, 7756
7756, 20474
7756, 17662
13144, 7757
7757, 8739
14123, 7758
30529, 7758
19552, 7758
11915, 7758
17839, 7758
7758, 34201
32422, 7759
7759, 22967
27127, 7760
9287, 7760
23202, 7760
14496, 7760
18797, 7760
30187, 7760
21676, 7760
12886, 7760
24024, 7760
23625, 7760
32334, 7760
7760, 27077
7760, 23255
7760, 23953
7760, 21116
7760, 13259
7760, 21884
7760, 19451
7760, 8649
7760, 20249
7760, 33441
7760, 26272
7760, 27728
7760, 15902
33202, 7761
7761, 21576
22497, 7762
29323, 7762
14692, 7762
31304, 7762
22107, 7762
34888, 7762
26766, 7762
23977, 7762
36847, 7762
36987, 7762
17597, 7762
24922, 7762
29444, 7762
35940, 7762
23246, 7762
11886, 7762
18926, 7762
10719, 7762
22310, 7762
33734, 7762
34744, 7762
19339, 7762
25913, 7762
24995, 7762
12800, 7762
10293, 7762
30342, 7762
24604, 7762
18428, 7762
20863, 7762
20767, 7762
16065, 7762
28578, 7762
34964, 7762
12474, 7762
9908, 7762
18204, 7762
19992, 7762
11404, 7762
28901, 7762
14344, 7762
10180, 7762
29331, 7762
30618, 7762
12547, 7762
27520, 7762
26808, 7762
18906, 7762
18722, 7762
20393, 7762
33992, 7762
22475, 7762
12544, 7762
17770, 7762
20413, 7762
10121, 7762
13470, 7762
14647, 7762
19425, 7762
22268, 7762
31096, 7762
14570, 7762
8670, 7762
22005, 7762
10070, 7762
36395, 7762
17184, 7762
8534, 7762
29741, 7762
23023, 7762
36234, 7762
11638, 7762
32222, 7762
13068, 7762
23920, 7762
29106, 7762
34504, 7762
11442, 7762
19167, 7762
19905, 7762
21825, 7762
31657, 7762
16303, 7762
23159, 7762
32294, 7762
18482, 7762
12070, 7762
15938, 7762
25555, 7762
20200, 7762
29808, 7762
34881, 7762
35946, 7762
15253, 7762
8593, 7762
24068, 7762
24007, 7762
31714, 7762
17176, 7762
13568, 7762
21288, 7762
36014, 7762
8831, 7762
21092, 7762
11669, 7762
11200, 7762
26573, 7762
16298, 7762
18784, 7762
19680, 7762
25759, 7762
21225, 7762
29277, 7762
21035, 7762
28241, 7762
14862, 7762
36606, 7762
17246, 7762
35663, 7762
24809, 7762
24631, 7762
14177, 7762
16275, 7762
14709, 7762
15973, 7762
31639, 7762
16049, 7762
18911, 7762
26281, 7762
31768, 7762
28316, 7762
13654, 7762
16630, 7762
18013, 7762
8658, 7762
7762, 26533
16160, 7763
7763, 21616
12864, 7764
9655, 7764
7764, 22858
31752, 7765
7765, 26914
32107, 7766
16589, 7766
7766, 25040
11716, 7767
24906, 7767
13290, 7767
33543, 7767
15882, 7767
12325, 7767
9684, 7767
21289, 7767
9913, 7767
17126, 7767
20040, 7767
16196, 7767
31523, 7767
14070, 7767
19103, 7767
26207, 7767
31345, 7767
8888, 7767
9992, 7767
14358, 7767
25085, 7767
36624, 7767
30633, 7767
37043, 7767
33969, 7767
18912, 7767
21107, 7767
20895, 7767
19135, 7767
13536, 7767
27024, 7767
16600, 7767
13249, 7767
17553, 7767
16249, 7767
20885, 7767
26131, 7767
13256, 7767
29248, 7767
19889, 7767
10212, 7767
13479, 7767
15999, 7767
18688, 7767
33948, 7767
31600, 7767
16511, 7767
27375, 7767
10254, 7767
12522, 7767
7767, 11937
21799, 7768
7768, 19953
10602, 7769
7769, 20910
13210, 7770
7770, 15683
27800, 7771
7771, 34455
12945, 7772
7772, 25995
16190, 7773
7773, 35309
10407, 7774
7774, 27760
31752, 7775
7775, 19283
23306, 7776
7776, 13732
26261, 7777
7777, 27779
7777, 10614
7777, 28355
12300, 7778
7778, 22475
32123, 7779
7779, 11236
7779, 14160
7779, 8584
9305, 7780
7780, 33753
20191, 7781
7781, 34510
18179, 7782
7782, 28281
21118, 7783
7783, 11096
7783, 33178
24590, 7784
7784, 32372
18116, 7785
7785, 29298
21517, 7786
7786, 19132
7786, 18662
35893, 7787
7787, 13233
22614, 7788
7788, 31969
12231, 7789
33001, 7789
18499, 7789
25261, 7789
7789, 35992
21253, 7790
7790, 11482
11962, 7791
7791, 14010
21413, 7792
22465, 7792
20337, 7792
16091, 7792
24684, 7792
7792, 31373
34559, 7793
7793, 29478
7793, 22765
19515, 7794
7794, 33692
14351, 7795
7795, 26951
25991, 7796
7796, 32443
12867, 7797
30092, 7797
25826, 7797
21876, 7797
9165, 7797
13967, 7797
36813, 7797
30768, 7797
7797, 28529
7797, 33213
26151, 7798
7798, 13092
7798, 21636
7798, 34951
7798, 25780
7798, 27239
7798, 31149
7798, 28851
7798, 27201
7798, 35062
7798, 29390
7798, 34027
7798, 30091
24513, 7799
10357, 7799
7799, 35696
24710, 7800
7800, 31035
22447, 7801
7801, 27914
20138, 7802
7802, 18662
33930, 7803
7803, 31026
10140, 7804
7804, 33693
23309, 7805
9151, 7805
7805, 26368
20421, 7806
7806, 36587
17028, 7807
22586, 7807
26651, 7807
8698, 7807
30941, 7807
13503, 7807
31655, 7807
9162, 7807
14879, 7807
7807, 22609
7807, 29035
7807, 25300
7807, 24657
7807, 15241
7807, 31343
7807, 36266
7807, 32229
7807, 17486
7807, 11227
7807, 27763
7807, 14083
14981, 7808
7808, 23708
30711, 7809
7809, 11818
7809, 34201
15474, 7810
7810, 34438
14140, 7811
7811, 10881
27761, 7812
27356, 7812
12838, 7812
7812, 15354
34228, 7813
22322, 7813
7813, 34702
25010, 7814
7814, 21894
29139, 7815
21686, 7815
7815, 22244
25995, 7816
7816, 22405
23940, 7817
7817, 32080
22614, 7818
7818, 31969
35993, 7819
36216, 7819
7819, 26824
32789, 7820
7820, 15912
33049, 7821
7821, 22385
31764, 7822
26666, 7822
20680, 7822
25252, 7822
22747, 7822
8434, 7822
31041, 7822
11146, 7822
13446, 7822
13351, 7822
27664, 7822
26328, 7822
20122, 7822
25796, 7822
13700, 7822
13892, 7822
22126, 7822
15027, 7822
20527, 7822
22277, 7822
23880, 7822
16035, 7822
32077, 7822
12810, 7822
24835, 7822
12186, 7822
13931, 7822
24531, 7822
15145, 7822
29019, 7822
31483, 7822
34660, 7822
33284, 7822
24537, 7822
16212, 7822
12336, 7822
32148, 7822
33863, 7822
22006, 7822
15936, 7822
28806, 7822
23234, 7822
25381, 7822
33096, 7822
18227, 7822
17784, 7822
9767, 7822
36737, 7822
35131, 7822
10224, 7822
35630, 7822
32046, 7822
36930, 7822
22549, 7822
13759, 7822
30759, 7822
20426, 7822
30841, 7822
29080, 7822
32587, 7822
14744, 7822
29356, 7822
29297, 7822
32704, 7822
29152, 7822
15491, 7822
20096, 7822
26912, 7822
36394, 7822
30552, 7822
34785, 7822
12947, 7822
25473, 7822
30250, 7822
13425, 7822
8766, 7822
32548, 7822
11997, 7822
35034, 7822
24565, 7822
27842, 7822
25990, 7822
28462, 7822
22318, 7822
27017, 7822
31262, 7822
31163, 7822
11702, 7822
33395, 7822
29302, 7822
23189, 7822
14991, 7822
32876, 7822
13307, 7822
26309, 7822
27175, 7822
27489, 7822
19070, 7822
25567, 7822
35193, 7822
13739, 7822
22206, 7822
26879, 7822
30480, 7822
20462, 7822
28524, 7822
24250, 7822
35366, 7822
22517, 7822
24330, 7822
27848, 7822
34970, 7822
19086, 7822
32887, 7822
14413, 7822
21556, 7822
10148, 7822
19202, 7822
28863, 7822
22461, 7822
9865, 7822
13323, 7822
28573, 7822
23276, 7822
23178, 7822
13999, 7822
16675, 7822
23166, 7822
22529, 7822
29894, 7822
31930, 7822
10110, 7822
13664, 7822
9037, 7822
29622, 7822
20675, 7822
15149, 7822
11437, 7822
14068, 7822
8552, 7822
24516, 7822
33942, 7822
35449, 7822
20676, 7822
20615, 7822
15518, 7822
31342, 7822
25503, 7822
28892, 7822
22141, 7822
7822, 18297
15650, 7823
28353, 7823
26973, 7823
10388, 7823
9597, 7823
7823, 29503
7823, 11054
7823, 11134
7823, 34225
7823, 35741
7823, 10208
35474, 7824
27942, 7824
7824, 29118
28675, 7825
7825, 29467
13266, 7826
21197, 7826
18680, 7826
25021, 7826
34390, 7826
21378, 7826
18448, 7826
9989, 7826
7826, 36013
7826, 14066
7826, 35130
28376, 7827
7827, 31853
35461, 7828
7828, 14031
7828, 32044
14244, 7829
7829, 17542
26884, 7830
7830, 36654
20750, 7831
7831, 15205
30671, 7832
35646, 7832
18849, 7832
13757, 7832
12366, 7832
13142, 7832
15350, 7832
7832, 24615
10273, 7833
7833, 18662
27357, 7834
9680, 7834
7834, 29473
11199, 7835
14883, 7835
33403, 7835
7835, 16994
33093, 7836
24899, 7836
26345, 7836
33348, 7836
12285, 7836
12941, 7836
12823, 7836
7836, 21205
22061, 7837
7837, 32361
36036, 7838
8953, 7838
14017, 7838
21938, 7838
30551, 7838
11838, 7838
18817, 7838
12862, 7838
27159, 7838
19793, 7838
7838, 35371
11208, 7839
7839, 22217
27648, 7840
7840, 21685
7840, 20585
34297, 7841
7841, 28281
25010, 7842
7842, 33281
14851, 7843
35759, 7843
7843, 15848
11161, 7844
7844, 20824
18149, 7845
7845, 26267
22485, 7846
7846, 14569
36093, 7847
7847, 16232
24239, 7848
7848, 9396
23428, 7849
25940, 7849
27424, 7849
24861, 7849
8722, 7849
24257, 7849
7849, 27660
7849, 34988
7849, 35192
8551, 7850
11272, 7850
13084, 7850
36002, 7850
29931, 7850
17629, 7850
11125, 7850
28183, 7850
35441, 7850
33608, 7850
28985, 7850
18696, 7850
23470, 7850
9952, 7850
7850, 34864
7850, 16758
7850, 20994
7850, 29089
7850, 28663
7850, 23252
7850, 17027
7850, 32556
7850, 11466
7850, 33754
7850, 32224
7850, 14724
7850, 31986
7850, 22070
7850, 17191
16938, 7851
21493, 7851
18744, 7851
31565, 7851
29989, 7851
16870, 7851
11748, 7851
7851, 30741
35497, 7852
16419, 7852
12740, 7852
9277, 7852
32048, 7852
15321, 7852
22541, 7852
26836, 7852
31532, 7852
28192, 7852
17621, 7852
32116, 7852
8939, 7852
27461, 7852
7852, 32254
33242, 7853
7853, 26953
7853, 36209
11042, 7854
7854, 19470
21065, 7855
28473, 7855
7855, 28281
23750, 7856
16839, 7856
20657, 7856
33557, 7856
12241, 7856
21956, 7856
7856, 22776
7856, 25206
35825, 7857
7857, 21265
21253, 7858
7858, 24446
28255, 7859
7859, 27467
12795, 7860
10547, 7860
28363, 7860
16321, 7860
7860, 18459
34483, 7861
7861, 11512
23616, 7862
9029, 7862
27592, 7862
12623, 7862
18647, 7862
15242, 7862
34375, 7862
26578, 7862
20769, 7862
8527, 7862
29368, 7862
24943, 7862
27912, 7862
26080, 7862
27762, 7862
8607, 7862
26143, 7862
27779, 7862
10819, 7862
10450, 7862
17949, 7862
16509, 7862
30501, 7862
29038, 7862
24937, 7862
18989, 7862
26329, 7862
32564, 7862
21783, 7862
13279, 7862
20814, 7862
14306, 7862
14253, 7862
15281, 7862
35348, 7862
31585, 7862
24232, 7862
21087, 7862
14522, 7862
21254, 7862
15775, 7862
26126, 7862
16069, 7862
36883, 7862
10271, 7862
15097, 7862
11089, 7862
23194, 7862
31853, 7862
20906, 7862
13933, 7862
12358, 7862
18305, 7862
16855, 7862
32652, 7862
32830, 7862
24132, 7862
16793, 7862
35309, 7862
20616, 7862
31456, 7862
33147, 7862
14733, 7862
22177, 7862
28374, 7862
22007, 7862
21099, 7862
9987, 7862
33054, 7862
26226, 7862
17340, 7862
13021, 7862
16218, 7862
32539, 7862
12820, 7862
15479, 7862
32310, 7862
36253, 7862
19620, 7862
28355, 7862
13376, 7862
21578, 7862
22864, 7862
30718, 7862
36478, 7862
30583, 7862
24357, 7862
15793, 7862
28708, 7862
36685, 7862
34577, 7862
28664, 7862
23993, 7862
29423, 7862
10928, 7862
35036, 7862
27124, 7862
23945, 7862
31017, 7862
23812, 7862
37014, 7862
36601, 7862
17867, 7862
9406, 7862
33611, 7862
9422, 7862
30037, 7862
13212, 7862
29492, 7862
27217, 7862
11318, 7862
27426, 7862
9120, 7862
31855, 7862
28691, 7862
17908, 7862
21350, 7862
17256, 7862
22721, 7862
12557, 7862
20411, 7862
16815, 7862
27229, 7862
12378, 7862
21220, 7862
19031, 7862
21827, 7862
35964, 7862
26950, 7862
35702, 7862
18910, 7862
28042, 7862
21133, 7862
33809, 7862
10614, 7862
19014, 7862
10997, 7862
16513, 7862
20279, 7862
30793, 7862
13208, 7862
16379, 7862
29592, 7862
29436, 7862
21185, 7862
14648, 7862
13852, 7862
32014, 7862
32430, 7862
36298, 7862
7862, 24659
14718, 7863
10068, 7863
27717, 7863
34128, 7863
8986, 7863
35396, 7863
25784, 7863
35306, 7863
33779, 7863
35584, 7863
18695, 7863
33637, 7863
31183, 7863
31141, 7863
7863, 30148
7863, 19237
7863, 18498
7863, 35647
7863, 33677
7863, 36804
7863, 9687
7863, 36545
7863, 21856
7863, 10258
7863, 34411
7863, 14701
7863, 22176
7863, 29780
7863, 36978
10077, 7864
7864, 11099
7864, 15876
24540, 7865
7865, 33637
10407, 7866
7866, 15111
16398, 7867
7867, 31061
21253, 7868
7868, 15775
25636, 7869
7869, 18669
23535, 7870
7870, 21576
30087, 7871
16840, 7871
32072, 7871
23371, 7871
17720, 7871
11704, 7871
7871, 36266
7871, 27911
7871, 22319
7871, 19097
7871, 21611
7871, 36311
7871, 26580
29221, 7872
7872, 31656
26415, 7873
24201, 7873
9853, 7873
7873, 32856
34078, 7874
23950, 7874
7874, 29074
11113, 7875
7875, 17305
7875, 18228
7875, 9558
7875, 25099
18757, 7876
18893, 7876
7876, 22779
35863, 7877
7877, 30747
15638, 7878
26354, 7878
7878, 21271
17109, 7879
7879, 8507
18949, 7880
7880, 19415
7880, 27348
7880, 20165
7880, 29510
33999, 7881
7881, 12485
7881, 18662
32319, 7882
7882, 30554
14264, 7883
7883, 27697
7883, 30454
34152, 7884
7884, 22859
14716, 7885
7885, 11222
36747, 7886
30591, 7886
7886, 11391
7886, 22083
7886, 36080
7886, 27048
7886, 32249
25748, 7887
12834, 7887
33057, 7887
10632, 7887
23371, 7887
28985, 7887
10408, 7887
14677, 7887
19243, 7887
29724, 7887
32203, 7887
7887, 23186
7887, 22402
7887, 9672
7887, 25090
7887, 29834
7887, 26645
7887, 27608
7887, 22792
7887, 30699
7887, 13018
7887, 36299
7887, 25025
30356, 7888
7888, 21285
23294, 7889
7889, 23371
23006, 7890
24093, 7890
7890, 22077
22614, 7891
7891, 31969
34205, 7892
7892, 21576
7892, 27912
28414, 7893
7893, 36654
12321, 7894
7894, 27127
35653, 7895
7895, 11418
18179, 7896
7896, 28281
11099, 7897
24117, 7897
7897, 11609
26896, 7898
7898, 20840
34381, 7899
7899, 18709
7899, 15706
7899, 10579
15701, 7900
20151, 7900
30398, 7900
10393, 7900
10468, 7900
7900, 22380
9013, 7901
7901, 14394
33379, 7902
7902, 28578
25716, 7903
7903, 16039
19959, 7904
8653, 7904
20585, 7904
7904, 26885
33881, 7905
7905, 24090
18059, 7906
27326, 7906
33367, 7906
32712, 7906
18453, 7906
29973, 7906
12284, 7906
28937, 7906
7906, 12915
7906, 10195
7906, 29276
7906, 14773
7906, 19178
7906, 26658
7906, 28468
7906, 20018
7906, 18461
14821, 7907
7907, 17674
23529, 7908
7908, 18939
9982, 7909
14738, 7909
20867, 7909
9935, 7909
31766, 7909
23371, 7909
26052, 7909
14186, 7909
15270, 7909
22911, 7909
7909, 10804
7909, 21462
7909, 10505
7909, 25634
7909, 17061
7909, 27109
7909, 34229
7909, 14865
7909, 24545
7909, 36159
7909, 17182
32271, 7910
7910, 33011
7910, 23841
28018, 7911
7911, 9759
17941, 7912
7912, 26284
18412, 7913
7913, 30135
28645, 7914
7914, 25668
7914, 13333
34846, 7915
7915, 25058
7915, 10553
15700, 7916
7916, 33637
9424, 7917
7917, 33526
11530, 7918
7918, 9714
27018, 7919
7919, 11418
11982, 7920
7920, 24419
27127, 7921
23352, 7921
17533, 7921
23502, 7921
21786, 7921
7921, 18993
7921, 14726
7921, 34328
7921, 15528
7921, 29466
7921, 15720
7921, 26902
7921, 11640
7921, 23704
11623, 7922
24927, 7922
7922, 16877
12066, 7923
7923, 32598
23291, 7924
26483, 7924
7924, 25751
7924, 22663
21082, 7925
7925, 16364
7925, 27322
23065, 7926
18808, 7926
13125, 7926
8465, 7926
7926, 18915
14121, 7927
33561, 7927
32802, 7927
18537, 7927
12249, 7927
26176, 7927
34659, 7927
35396, 7927
22880, 7927
27256, 7927
29986, 7927
35520, 7927
7927, 27694
7927, 18209
7927, 14058
7927, 10589
7927, 29688
7927, 27283
7927, 22332
7927, 27111
7927, 22814
7927, 30445
7927, 16118
7927, 31016
7927, 24806
33420, 7928
7928, 29684
26086, 7929
9796, 7929
16006, 7929
17374, 7929
7929, 12011
34248, 7930
7930, 25488
24844, 7931
7931, 16608
11205, 7932
7932, 20899
27187, 7933
7933, 12928
32693, 7934
7934, 22231
7934, 22859
24054, 7935
7935, 33172
7935, 9005
25061, 7936
7936, 35237
13270, 7937
7937, 34078
7937, 18662
23737, 7938
7938, 21713
27013, 7939
7939, 21173
17467, 7940
7940, 30081
22120, 7941
13850, 7941
9718, 7941
7941, 15258
22245, 7942
7942, 8778
24911, 7943
7943, 11065
23648, 7944
7944, 21336
7944, 9601
32848, 7945
7945, 34566
7945, 15572
16836, 7946
7946, 15377
18870, 7947
7947, 33637
30613, 7948
7948, 20830
7948, 35162
7948, 36235
29824, 7949
7949, 13905
25034, 7950
7950, 22862
23691, 7951
7951, 35385
23876, 7952
7952, 14436
28915, 7953
23285, 7953
24133, 7953
9081, 7953
13906, 7953
27318, 7953
9537, 7953
27891, 7953
25335, 7953
25264, 7953
13806, 7953
8369, 7953
16414, 7953
35547, 7953
35116, 7953
28117, 7953
36116, 7953
7953, 35288
12110, 7954
7954, 23912
21790, 7955
7955, 9601
7955, 18770
7955, 13824
7955, 14910
24142, 7956
7956, 12928
22706, 7957
7957, 20317
7957, 18349
7957, 10898
20847, 7958
7958, 17883
27809, 7959
10040, 7959
22115, 7959
8580, 7959
20038, 7959
7959, 31820
36111, 7960
33358, 7960
34293, 7960
14200, 7960
27643, 7960
7960, 24779
33141, 7961
7961, 21508
23120, 7962
12592, 7962
18274, 7962
14813, 7962
10075, 7962
32099, 7962
16054, 7962
19910, 7962
25826, 7962
29639, 7962
12405, 7962
14682, 7962
7962, 9369
7962, 21629
7962, 11501
7962, 17965
7962, 28529
7962, 18714
7962, 23536
7962, 34848
7962, 31280
7962, 23867
12945, 7963
7963, 25995
13141, 7964
7964, 33057
8905, 7965
7965, 18842
35314, 7966
33661, 7966
7966, 32817
30922, 7967
35301, 7967
29502, 7967
7967, 25581
23450, 7968
7968, 36743
14571, 7969
31752, 7969
7969, 20408
10071, 7970
7970, 18662
32794, 7971
7971, 8737
18936, 7972
7972, 26956
33387, 7973
7973, 19226
19004, 7974
7974, 27293
7974, 28332
7974, 29725
25315, 7975
7975, 14026
31752, 7976
7976, 27778
34915, 7977
13367, 7977
35886, 7977
16844, 7977
15040, 7977
7977, 14074
10630, 7978
7978, 29341
7978, 31294
7978, 14139
36654, 7979
7979, 35163
7979, 18662
16816, 7980
23739, 7980
14677, 7980
25197, 7980
10024, 7980
34412, 7980
7980, 27704
7980, 22636
7980, 9902
7980, 19137
7980, 28943
7980, 16601
7980, 28755
36321, 7981
7981, 23006
30353, 7982
7982, 21468
32457, 7983
20313, 7983
7983, 27448
7983, 19622
7983, 12828
33293, 7984
7984, 20062
7984, 15855
36464, 7985
15209, 7985
7985, 18623
7985, 29606
7985, 32575
34432, 7986
28012, 7986
7986, 9425
15624, 7987
7987, 17674
20155, 7988
7988, 13053
20804, 7989
20492, 7989
7989, 24071
10778, 7990
7990, 25753
8822, 7991
32935, 7991
30527, 7991
7991, 16999
7991, 18531
15131, 7992
7992, 35149
28395, 7993
7993, 14163
25698, 7994
21411, 7994
30732, 7994
7994, 15336
28095, 7995
7995, 18496
34839, 7996
7996, 13040
15425, 7997
7997, 18662
27975, 7998
13136, 7998
35598, 7998
12824, 7998
18271, 7998
24225, 7998
34079, 7998
31143, 7998
18665, 7998
20247, 7998
29283, 7998
29812, 7998
34654, 7998
15850, 7998
36344, 7998
33008, 7998
24804, 7998
30534, 7998
25361, 7998
27465, 7998
29603, 7998
13133, 7998
34439, 7998
20897, 7998
12088, 7998
16520, 7998
22044, 7998
21701, 7998
27429, 7998
33149, 7998
18183, 7998
28700, 7998
16172, 7998
34171, 7998
34241, 7998
29463, 7998
29325, 7998
20796, 7998
26414, 7998
33968, 7998
33024, 7998
7998, 15572
13672, 7999
7999, 26112
31720, 8000
8000, 17629
19068, 8001
8001, 14975
19637, 8002
8002, 36233
14960, 8003
8003, 12273
15356, 8004
8004, 36123
15910, 8005
8005, 20899
24462, 8006
8006, 8935
34927, 8007
8007, 8442
9413, 8008
8008, 19953
25315, 8009
8009, 14026
36780, 8010
19398, 8010
13731, 8010
10407, 8010
8010, 27760
8010, 15111
17412, 8011
8011, 26273
35202, 8012
33356, 8012
8012, 11945
21826, 8013
35129, 8013
16403, 8013
11528, 8013
17563, 8013
16129, 8013
24543, 8013
19372, 8013
16884, 8013
17103, 8013
13867, 8013
13987, 8013
27874, 8013
36291, 8013
26564, 8013
9112, 8013
30108, 8013
17703, 8013
17829, 8013
30758, 8013
19600, 8013
11576, 8013
36971, 8013
10540, 8013
9215, 8013
11751, 8013
10369, 8013
16539, 8013
32917, 8013
14272, 8013
22808, 8013
23615, 8013
34765, 8013
11861, 8013
23495, 8013
12840, 8013
29586, 8013
12161, 8013
21740, 8013
30660, 8013
21210, 8013
13823, 8013
29787, 8013
33819, 8013
16334, 8013
34303, 8013
35719, 8013
22865, 8013
32312, 8013
11903, 8013
25207, 8013
14644, 8013
10082, 8013
34323, 8013
14932, 8013
29299, 8013
12885, 8013
19791, 8013
16719, 8013
31289, 8013
32051, 8013
28225, 8013
9145, 8013
35749, 8013
13174, 8013
13160, 8013
19433, 8013
17165, 8013
10944, 8013
30018, 8013
31688, 8013
13900, 8013
17656, 8013
16562, 8013
36381, 8013
17088, 8013
24094, 8013
32779, 8013
13314, 8013
8013, 15572
13087, 8014
8014, 29237
22868, 8015
8015, 33007
18670, 8016
8016, 33185
14654, 8017
24316, 8017
8017, 14677
15203, 8018
36128, 8018
25284, 8018
25449, 8018
12863, 8018
8018, 36281
21253, 8019
8019, 11854
32944, 8020
8020, 28281
17214, 8021
8021, 17340
8021, 17087
8021, 18910
8021, 19031
21253, 8022
8022, 12776
20655, 8023
14145, 8023
8023, 18793
23846, 8024
21924, 8024
15328, 8024
8024, 24740
15297, 8025
8025, 26323
8025, 30180
22040, 8026
8026, 35759
33729, 8027
8027, 20492
33205, 8028
35277, 8028
8028, 31236
8674, 8029
24560, 8029
8029, 21322
19788, 8030
8030, 14387
20108, 8031
17850, 8031
35458, 8031
36717, 8031
34343, 8031
17708, 8031
23501, 8031
8031, 25003
8031, 28300
8031, 21457
8031, 22468
8031, 21094
8031, 31200
8031, 23702
8031, 34081
30816, 8032
8032, 8425
17211, 8033
8033, 14677
20307, 8034
8034, 22181
8034, 11960
26682, 8035
8035, 14823
27115, 8036
10385, 8036
8036, 15034
25430, 8037
20203, 8037
8037, 16598
31693, 8038
8038, 14714
24342, 8039
8039, 32728
11793, 8040
8040, 36921
8040, 16646
35539, 8041
8041, 12344
25724, 8042
10211, 8042
28292, 8042
12180, 8042
20137, 8042
21709, 8042
14797, 8042
19895, 8042
12934, 8042
14016, 8042
11092, 8042
31307, 8042
10983, 8042
12807, 8042
10416, 8042
12720, 8042
33860, 8042
31208, 8042
28844, 8042
9583, 8042
10191, 8042
27075, 8042
14298, 8042
8042, 24415
20082, 8043
8043, 13045
15940, 8044
8044, 36716
24794, 8045
8045, 33637
11635, 8046
8767, 8046
8046, 34608
23985, 8047
8047, 26840
21638, 8048
8048, 18662
14979, 8049
8049, 25099
32398, 8050
10133, 8050
8050, 17674
15559, 8051
8051, 23109
8051, 26075
8051, 26650
8051, 14367
8051, 18309
8051, 16125
34805, 8052
8052, 35080
12440, 8053
8053, 18662
16482, 8054
8054, 11871
19648, 8055
8055, 9091
23117, 8056
8056, 16508
21253, 8057
8057, 33883
9139, 8058
8058, 12886
20931, 8059
8059, 14851
28489, 8060
9091, 8060
21207, 8060
8060, 18684
19732, 8061
8061, 17674
8061, 10116
8061, 13929
18941, 8062
8062, 14126
30669, 8063
8063, 15596
13830, 8064
33702, 8064
8064, 17533
8064, 15778
8064, 34260
34074, 8065
9428, 8065
8065, 16142
8065, 36236
36691, 8066
8066, 25395
24618, 8067
8067, 21613
36874, 8068
8068, 35908
8068, 28102
29839, 8069
8069, 18449
16450, 8070
8070, 31440
34214, 8071
26539, 8071
8071, 16142
33391, 8072
8072, 15132
9317, 8073
23489, 8073
8073, 15604
8073, 27639
8073, 23419
8073, 33645
8073, 9874
8073, 21940
8073, 34070
8073, 23072
8073, 12288
8073, 28417
8073, 20614
8073, 27155
8073, 19298
8073, 26201
8073, 27222
8073, 32580
26291, 8074
8074, 23371
10747, 8075
8075, 24927
33351, 8076
8076, 12328
26500, 8077
8077, 20026
8077, 14684
30585, 8078
8078, 35729
31522, 8079
8079, 22780
18229, 8080
10128, 8080
8080, 23547
27409, 8081
13365, 8081
8081, 14916
35460, 8082
11856, 8082
32117, 8082
26736, 8082
22155, 8082
8082, 26803
14207, 8083
8083, 16837
28057, 8084
8084, 31871
14027, 8085
8085, 35369
24522, 8086
8086, 31646
22273, 8087
17476, 8087
8087, 22650
8087, 36534
8087, 23361
18020, 8088
8088, 21576
24798, 8089
8089, 9682
30183, 8090
8090, 33637
30669, 8091
9430, 8091
26168, 8091
18936, 8091
8091, 30168
34464, 8092
8092, 21576
20573, 8093
8093, 18446
8093, 13040
9083, 8094
18984, 8094
8094, 16956
30154, 8095
8095, 23728
26825, 8096
8096, 22474
12194, 8097
8097, 17533
19866, 8098
8098, 19128
32176, 8099
27497, 8099
8099, 22590
12262, 8100
8100, 34138
8100, 18919
8100, 27760
9811, 8101
8101, 31497
28913, 8102
8102, 28281
30754, 8103
21392, 8103
12988, 8103
8103, 33855
8103, 18662
8702, 8104
8104, 21914
25792, 8105
25677, 8105
8105, 22217
35273, 8106
8106, 8425
26160, 8107
8107, 12086
8107, 34290
8107, 11583
9287, 8108
14496, 8108
31895, 8108
22712, 8108
15719, 8108
27271, 8108
14394, 8108
35854, 8108
8108, 27043
8108, 15436
8108, 18381
8108, 35927
8108, 34901
8108, 13189
8108, 15064
8108, 14159
8108, 26240
14735, 8109
12188, 8109
15625, 8109
29255, 8109
8109, 28621
13625, 8110
8110, 11879
35119, 8111
8111, 17533
12110, 8112
8112, 11872
31618, 8113
8113, 36027
8113, 9661
8113, 27163
23822, 8114
8114, 23722
8114, 30514
35861, 8115
11747, 8115
32487, 8115
36985, 8115
8115, 17533
21253, 8116
8116, 27760
11272, 8117
9951, 8117
22903, 8117
23676, 8117
30623, 8117
26638, 8117
21209, 8117
33637, 8117
8117, 31772
8117, 10499
8117, 13709
8117, 36147
8117, 15306
8117, 21196
8117, 32057
8117, 19655
8117, 32563
8117, 31055
25095, 8118
8118, 11841
32235, 8119
8119, 23371
26360, 8120
8120, 10894
27686, 8121
13983, 8121
8121, 33281
9477, 8122
33070, 8122
15483, 8122
28122, 8122
34287, 8122
10286, 8122
31224, 8122
33626, 8122
32328, 8122
20445, 8122
8122, 26533
27435, 8123
8123, 13201
11218, 8124
8124, 33637
8397, 8125
32786, 8125
22854, 8125
8125, 13280
8125, 30441
8125, 17369
8125, 19540
31752, 8126
8126, 37055
36822, 8127
8127, 20906
8127, 29592
33597, 8128
8128, 25688
15590, 8129
8129, 8904
21253, 8130
8130, 14677
8762, 8131
8131, 32079
10452, 8132
8132, 21173
8614, 8133
8133, 22053
35499, 8134
8134, 25099
8134, 27432
19114, 8135
8135, 17533
32807, 8136
8136, 25777
13842, 8137
8382, 8137
31584, 8137
36945, 8137
10643, 8137
8137, 9777
9125, 8138
8138, 20402
8138, 30730
24636, 8139
8139, 28056
8139, 30833
8139, 30907
8139, 13126
11772, 8140
21614, 8140
29952, 8140
8140, 28183
30208, 8141
8141, 32593
10862, 8142
8142, 23784
23885, 8143
8143, 12132
8143, 17146
12548, 8144
8144, 14738
19407, 8145
8145, 28020
21966, 8146
10158, 8146
8146, 30542
23560, 8147
8147, 33281
14779, 8148
8148, 20410
17677, 8149
8149, 24201
10303, 8150
8150, 21285
33366, 8151
32597, 8151
22675, 8151
8431, 8151
27974, 8151
23343, 8151
31467, 8151
23243, 8151
18046, 8151
31366, 8151
34991, 8151
26187, 8151
17604, 8151
20472, 8151
16242, 8151
29381, 8151
26314, 8151
25524, 8151
36760, 8151
15791, 8151
30719, 8151
10652, 8151
8644, 8151
23981, 8151
23773, 8151
24567, 8151
22509, 8151
31060, 8151
30550, 8151
34143, 8151
26445, 8151
31640, 8151
10581, 8151
10419, 8151
29440, 8151
22942, 8151
24254, 8151
10872, 8151
35427, 8151
22188, 8151
36445, 8151
35920, 8151
36222, 8151
9320, 8151
17664, 8151
19912, 8151
18358, 8151
11736, 8151
17548, 8151
12250, 8151
31268, 8151
26305, 8151
28994, 8151
13997, 8151
28564, 8151
21868, 8151
33492, 8151
17175, 8151
26277, 8151
12685, 8151
21259, 8151
22062, 8151
27423, 8151
35780, 8151
22513, 8151
15127, 8151
29474, 8151
24190, 8151
9178, 8151
16962, 8151
17503, 8151
9043, 8151
15102, 8151
21606, 8151
24214, 8151
36676, 8151
29200, 8151
20621, 8151
11557, 8151
17047, 8151
9433, 8151
32070, 8151
12686, 8151
21446, 8151
13464, 8151
27526, 8151
21835, 8151
21263, 8151
11012, 8151
13669, 8151
20628, 8151
28882, 8151
26238, 8151
12450, 8151
23103, 8151
23573, 8151
14930, 8151
18859, 8151
30516, 8151
18221, 8151
25965, 8151
10090, 8151
23335, 8151
23111, 8151
15616, 8151
28585, 8151
23263, 8151
26050, 8151
30222, 8151
31524, 8151
15035, 8151
12586, 8151
32036, 8151
22577, 8151
34148, 8151
17549, 8151
9033, 8151
16477, 8151
22701, 8151
33669, 8151
29747, 8151
17173, 8151
32589, 8151
17245, 8151
19943, 8151
32346, 8151
25189, 8151
13583, 8151
9327, 8151
12046, 8151
9762, 8151
21902, 8151
12757, 8151
17335, 8151
35591, 8151
23849, 8151
28238, 8151
18312, 8151
15816, 8151
23523, 8151
19038, 8151
23478, 8151
10635, 8151
12385, 8151
17609, 8151
9609, 8151
22936, 8151
31486, 8151
25542, 8151
24621, 8151
8151, 8857
18147, 8152
8152, 15451
8152, 29893
8152, 33197
24831, 8153
8153, 29400
8153, 18662
34873, 8154
8154, 26548
8154, 25613
16942, 8155
35787, 8155
30409, 8155
31752, 8155
8155, 22496
19624, 8156
8156, 16329
33057, 8157
9287, 8157
11534, 8157
10099, 8157
12379, 8157
31895, 8157
8157, 29003
8157, 35247
8157, 35267
8157, 36964
8157, 12936
8157, 17849
8157, 14708
17680, 8158
8158, 20824
32906, 8159
8159, 33856
31954, 8160
8160, 35093
27069, 8161
13732, 8161
8161, 9501
8161, 10687
8161, 22271
14649, 8162
8162, 30783
13559, 8163
8163, 22779
20100, 8164
8164, 35661
32165, 8165
8165, 27497
16533, 8166
8166, 23371
32577, 8167
36319, 8167
15209, 8167
23969, 8167
8167, 34754
8167, 32922
8167, 15055
8167, 9238
8167, 22996
32981, 8168
8168, 8384
31694, 8169
30857, 8169
8169, 23371
26540, 8170
28611, 8170
26707, 8170
8170, 14515
34914, 8171
8171, 17533
33748, 8172
8172, 35379
30005, 8173
32741, 8173
30704, 8173
8173, 33637
9296, 8174
8174, 25099
29615, 8175
8175, 18561
18991, 8176
8176, 24635
17956, 8177
8177, 25994
23529, 8178
8178, 11162
11573, 8179
8179, 11756
17306, 8180
33172, 8180
9214, 8180
26951, 8180
16386, 8180
32605, 8180
21974, 8180
10461, 8180
36589, 8180
8425, 8180
24779, 8180
15124, 8180
8180, 9063
8180, 11832
8180, 27304
8180, 28493
8180, 19703
8180, 28667
8180, 29163
8180, 29505
8180, 21242
8180, 18802
8180, 10339
8180, 19728
8180, 17462
8180, 28182
25832, 8181
8181, 36853
17234, 8182
11275, 8182
11531, 8182
17252, 8182
10426, 8182
34923, 8182
22767, 8182
16078, 8182
30218, 8182
20422, 8182
14832, 8182
36325, 8182
33514, 8182
12369, 8182
8964, 8182
33235, 8182
17886, 8182
16086, 8182
33378, 8182
9423, 8182
32171, 8182
26371, 8182
9960, 8182
29501, 8182
28693, 8182
35051, 8182
32026, 8182
35513, 8182
32654, 8182
10334, 8182
29852, 8182
10631, 8182
15099, 8182
29483, 8182
19002, 8182
17970, 8182
12084, 8182
17919, 8182
16148, 8182
19151, 8182
28334, 8182
30006, 8182
34819, 8182
30392, 8182
24339, 8182
16117, 8182
24847, 8182
8182, 35661
21498, 8183
29391, 8183
35956, 8183
8183, 15546
15533, 8184
23264, 8184
8184, 33213
8184, 28085
36282, 8185
30754, 8185
12988, 8185
18662, 8185
8185, 26151
32667, 8186
8186, 9779
8186, 31047
19539, 8187
8187, 35079
12134, 8188
8188, 36690
17426, 8189
8189, 20804
8189, 24160
8189, 28283
35327, 8190
15684, 8190
8190, 33637
25617, 8191
8191, 17842
8402, 8192
8192, 36127
34789, 8193
28867, 8193
8193, 16909
8193, 14181
8193, 17181
26469, 8194
8194, 18772
19407, 8195
8195, 28020
19851, 8196
8196, 33637
18662, 8197
8197, 13291
35473, 8198
8198, 11157
8198, 31883
17073, 8199
8199, 17533
15286, 8200
8200, 30309
31535, 8201
8201, 25982
17590, 8202
8202, 14378
31179, 8203
8203, 13331
16238, 8204
30674, 8204
21934, 8204
8204, 32360
16684, 8205
8205, 30775
21569, 8206
8206, 36471
8206, 9721
12082, 8207
8207, 26001
25010, 8208
8208, 33281
36942, 8209
8209, 13371
28884, 8210
8210, 21430
8210, 12924
30393, 8211
8211, 23632
24500, 8212
8212, 9839
8212, 20492
24216, 8213
8213, 31357
18870, 8214
8214, 33637
21253, 8215
8215, 33534
11627, 8216
25704, 8216
8216, 21914
30964, 8217
17556, 8217
27665, 8217
8217, 33471
8217, 18295
8771, 8218
8218, 17533
33233, 8219
8219, 21707
32234, 8220
8220, 18662
22614, 8221
8221, 31969
27203, 8222
8222, 22191
8222, 15699
15199, 8223
8223, 22650
29790, 8224
8224, 22591
33855, 8225
8225, 35022
15576, 8226
8226, 14499
34019, 8227
8227, 21199
23206, 8228
14010, 8228
36216, 8228
8228, 13134
28080, 8229
8229, 32712
16474, 8230
8230, 35728
8230, 36304
8230, 29970
26616, 8231
33567, 8231
8231, 35020
26155, 8232
8232, 35805
8232, 14040
8232, 25030
8232, 18494
27019, 8233
8233, 9877
37026, 8234
9965, 8234
32179, 8234
29632, 8234
13431, 8234
25101, 8234
9942, 8234
15831, 8234
36664, 8234
32547, 8234
21353, 8234
20694, 8234
31511, 8234
31438, 8234
12921, 8234
25232, 8234
12749, 8234
17619, 8234
12245, 8234
32666, 8234
15413, 8234
14028, 8234
36480, 8234
12102, 8234
19667, 8234
31861, 8234
25971, 8234
8951, 8234
18673, 8234
32558, 8234
8234, 24831
23529, 8235
8235, 15769
8235, 11431
21253, 8236
8236, 21914
23658, 8237
8237, 17581
35291, 8238
8238, 17533
23500, 8239
8239, 19397
8239, 15937
22108, 8240
8240, 28281
27408, 8241
8241, 36915
26510, 8242
8242, 23876
8242, 32626
11584, 8243
8243, 33281
22899, 8244
21855, 8244
8244, 25843
29870, 8245
8245, 22720
32341, 8246
8246, 28281
33593, 8247
28735, 8247
18972, 8247
9739, 8247
8247, 20825
27127, 8248
27831, 8248
29096, 8248
11873, 8248
35371, 8248
35527, 8248
22257, 8248
29587, 8248
8248, 19957
8248, 36964
8248, 10691
8248, 34017
8248, 24432
8248, 25237
8248, 30472
8248, 12444
8248, 30608
34507, 8249
8249, 22251
19967, 8250
8250, 30643
34971, 8251
33138, 8251
8251, 11529
22205, 8252
8252, 15291
8252, 25876
12549, 8253
8253, 16778
8253, 34971
8253, 21199
22431, 8254
8254, 17629
22991, 8255
24452, 8255
31697, 8255
32637, 8255
30995, 8255
27752, 8255
19894, 8255
8255, 20213
17581, 8256
8256, 11295
8256, 18662
21305, 8257
8257, 28281
12467, 8258
24908, 8258
8258, 36398
25123, 8259
8259, 8425
9840, 8260
8260, 23371
33801, 8261
8261, 17674
25271, 8262
34267, 8262
8262, 27712
8262, 15763
11386, 8263
13897, 8263
34001, 8263
8263, 24391
8263, 18321
8263, 34245
8263, 21217
14970, 8264
8264, 13732
21830, 8265
21291, 8265
15272, 8265
36894, 8265
18072, 8265
18564, 8265
8265, 33685
8265, 12960
8265, 13319
8265, 12268
8265, 24139
8265, 36814
8265, 27085
12299, 8266
12736, 8266
8266, 33637
18491, 8267
35604, 8267
33945, 8267
24991, 8267
13508, 8267
24820, 8267
34332, 8267
27864, 8267
28318, 8267
10985, 8267
15626, 8267
12438, 8267
36758, 8267
18392, 8267
17957, 8267
27825, 8267
8828, 8267
17421, 8267
36850, 8267
8267, 26533
10946, 8268
8268, 33637
13378, 8269
8269, 23259
8269, 26548
20468, 8270
8270, 18484
26335, 8271
33458, 8271
8271, 25751
8271, 22663
15807, 8272
8272, 30809
28645, 8273
8273, 31096
8273, 15551
28415, 8274
8274, 26980
11270, 8275
8275, 28791
11658, 8276
8276, 25768
8276, 31820
17083, 8277
8277, 31987
16102, 8278
8278, 24226
23631, 8279
8279, 13632
31085, 8280
8280, 18696
22802, 8281
8281, 18449
30477, 8282
8282, 19749
18676, 8283
20899, 8283
8283, 11552
13841, 8284
8284, 25086
12110, 8285
8285, 22242
25262, 8286
8286, 9392
9221, 8287
8287, 24201
31752, 8288
8288, 20786
27161, 8289
8289, 20148
23422, 8290
8290, 14642
13746, 8291
8291, 35680
34235, 8292
8292, 24235
8292, 19917
23984, 8293
8293, 21782
17625, 8294
8294, 13732
14736, 8295
8295, 21272
13451, 8296
36439, 8296
8296, 17797
33478, 8297
8297, 18662
32418, 8298
8298, 28538
8298, 13564
13274, 8299
8299, 14006
18511, 8300
8300, 16142
23127, 8301
8301, 18979
15001, 8302
8302, 23506
19930, 8303
8303, 33637
15477, 8304
8304, 31798
10962, 8305
8305, 33637
25568, 8306
8306, 30969
27347, 8307
8307, 18288
9588, 8308
8308, 10468
20105, 8309
8309, 10446
8309, 10627
8309, 25099
21253, 8310
8310, 12117
32513, 8311
35786, 8311
8311, 23058
34053, 8312
8312, 33281
35970, 8313
8313, 15013
35902, 8314
8314, 9220
28930, 8315
8315, 32712
22990, 8316
16447, 8316
13588, 8316
35506, 8316
8316, 23136
34621, 8317
8317, 22744
9282, 8318
8318, 8425
30320, 8319
8319, 22955
8319, 29706
23530, 8320
8320, 10234
20211, 8321
8321, 15820
13090, 8322
8322, 33281
15314, 8323
8323, 34501
28059, 8324
8324, 28281
10321, 8325
9674, 8325
8325, 29830
30656, 8326
8326, 11756
14806, 8327
8327, 16232
22109, 8328
10503, 8328
34239, 8328
33191, 8328
8328, 29473
8535, 8329
8329, 22525
26552, 8330
8330, 20602
30684, 8331
28214, 8331
8331, 21245
8331, 14055
34725, 8332
33596, 8332
8332, 24103
18702, 8333
8333, 12328
8333, 10928
29482, 8334
8334, 16677
32059, 8335
9138, 8335
8335, 16246
21858, 8336
8336, 34364
30386, 8337
8337, 21685
25151, 8338
8338, 11349
8338, 31165
31242, 8339
8339, 17533
26200, 8340
8340, 22779
12918, 8341
8341, 17208
12853, 8342
8342, 23887
28235, 8343
8343, 21476
25262, 8344
8344, 9392
9614, 8345
8345, 33637
20514, 8346
24134, 8346
18317, 8346
31417, 8346
20033, 8346
14433, 8346
8346, 11099
8346, 14346
8346, 33463
8346, 17071
36175, 8347
8347, 23470
23695, 8348
8348, 22888
13729, 8349
8349, 28281
30476, 8350
8350, 20959
28143, 8351
8351, 26126
26168, 8352
8352, 25913
30919, 8353
8353, 29053
