29844, 1
1, 25289
27996, 2
15790, 2
12676, 2
41080, 2
35325, 2
35730, 2
26035, 2
36844, 2
29138, 2
20574, 2
33510, 2
18120, 2
31674, 2
17242, 2
2, 46806
2, 28075
15259, 3
42150, 3
3, 20989
3, 25945
48391, 4
4, 41671
4, 12358
4, 26662
21424, 5
47615, 5
17124, 5
35457, 5
34259, 5
5, 25871
31068, 6
6, 15763
31059, 7
7, 31647
42110, 8
8, 28101
42110, 9
9, 39576
31059, 10
10, 46121
15432, 11
11, 39484
32578, 12
12, 27430
44680, 13
36899, 13
24004, 13
13, 31792
31633, 14
14, 14398
20032, 15
15, 37903
27818, 16
16, 37509
26543, 17
17, 44309
42110, 18
18, 33027
14780, 19
26554, 19
46476, 19
19, 17800
17794, 20
20, 19595
20, 32511
20, 21666
20, 13190
32571, 21
21, 43817
21, 13888
21, 12692
36465, 22
22, 30766
31394, 23
23, 15658
23, 18829
44856, 24
23811, 24
33862, 24
19595, 24
20193, 24
33522, 24
31538, 24
13213, 24
24761, 24
15555, 24
31000, 24
33576, 24
27018, 24
15910, 24
31786, 24
38462, 24
32437, 24
23695, 24
25395, 24
26238, 24
38881, 24
28807, 24
15702, 24
28734, 24
45616, 24
13246, 24
26994, 24
44925, 24
12607, 24
34270, 24
20515, 24
37529, 24
32125, 24
38065, 24
41960, 24
14625, 24
41582, 24
35099, 24
14995, 24
45023, 24
46346, 24
21753, 24
37402, 24
16605, 24
31291, 24
48168, 24
15797, 24
42329, 24
24399, 24
37138, 24
18765, 24
15249, 24
24095, 24
28132, 24
37544, 24
20191, 24
33265, 24
16322, 24
18105, 24
40710, 24
41370, 24
45223, 24
18917, 24
45898, 24
26106, 24
18656, 24
21795, 24
22779, 24
46149, 24
21965, 24
14446, 24
31156, 24
14025, 24
32697, 24
41391, 24
14709, 24
18821, 24
41662, 24
46985, 24
41366, 24
32072, 24
20725, 24
25289, 24
23273, 24
38694, 24
21196, 24
39470, 24
17939, 24
24, 42110
34490, 25
27849, 25
25, 42224
25, 42727
35735, 26
26, 13898
35379, 27
27, 37190
28103, 28
28, 29942
24171, 29
29, 25157
13026, 30
30, 28846
30, 12856
30, 33243
30, 47010
27836, 31
31, 24189
30490, 32
32, 22836
41831, 33
33, 25311
48201, 34
31080, 34
24484, 34
38721, 34
34, 36776
19692, 35
35, 18421
30486, 36
36, 27992
15883, 37
37, 35122
29993, 38
38, 46063
16988, 39
32296, 39
35740, 39
32776, 39
16032, 39
43108, 39
32106, 39
23859, 39
35939, 39
22343, 39
38438, 39
39610, 39
48138, 39
27753, 39
28150, 39
28907, 39
21562, 39
36880, 39
39, 27384
30837, 40
41381, 40
15831, 40
15387, 40
40, 17137
18474, 41
41, 34989
15929, 42
42, 45129
20213, 43
43, 18596
25879, 44
44, 21129
18123, 45
45, 25325
33513, 46
15953, 46
37835, 46
46, 27147
30536, 47
47, 26294
14343, 48
35629, 48
48, 22168
27595, 49
49, 15702
42110, 50
50, 19377
37849, 51
51, 38138
25245, 52
52, 42104
13635, 53
26341, 53
53, 46343
23500, 54
26451, 54
30836, 54
45556, 54
42618, 54
45600, 54
30258, 54
13213, 54
33576, 54
38867, 54
46169, 54
47775, 54
15558, 54
32308, 54
23975, 54
14821, 54
34821, 54
37030, 54
31185, 54
21401, 54
26849, 54
17132, 54
45023, 54
21804, 54
23436, 54
24249, 54
32619, 54
16495, 54
48168, 54
25097, 54
12463, 54
42329, 54
45880, 54
24046, 54
22970, 54
40831, 54
33654, 54
27852, 54
24289, 54
20149, 54
16474, 54
36926, 54
14815, 54
21965, 54
44766, 54
33653, 54
18656, 54
25365, 54
43241, 54
23996, 54
54, 42110
40341, 55
55, 33556
47575, 56
56, 33121
35909, 57
57, 23269
35830, 58
58, 23866
40218, 59
46890, 59
16844, 59
59, 30365
28620, 60
60, 40655
26078, 61
61, 36698
24133, 62
45712, 62
13586, 62
14845, 62
21444, 62
24959, 62
46826, 62
46626, 62
32894, 62
43400, 62
24462, 62
16176, 62
45813, 62
62, 28626
21061, 63
37685, 63
63, 42109
42110, 64
64, 21015
19916, 65
45919, 65
46035, 65
26602, 65
25952, 65
31132, 65
18136, 65
42162, 65
23293, 65
26902, 65
65, 46795
23362, 66
66, 31611
66, 28186
66, 24599
66, 44905
66, 14625
29220, 67
67, 42369
13013, 68
68, 25015
45708, 69
69, 36416
39237, 70
70, 22577
39690, 71
71, 38345
48540, 72
72, 34521
72, 15844
72, 27401
72, 45853
20087, 73
26700, 73
16784, 73
36300, 73
19048, 73
73, 37528
16244, 74
74, 38324
13165, 75
75, 41543
24733, 76
76, 47955
16798, 77
23788, 77
77, 32860
42110, 78
78, 27819
30282, 79
79, 29782
42110, 80
80, 39366
20209, 81
81, 19652
81, 23066
81, 36984
38829, 82
82, 26451
82, 40893
31944, 83
83, 43932
44446, 84
84, 47863
46595, 85
85, 47625
30182, 86
86, 33496
86, 35032
86, 25833
36465, 87
87, 16511
43351, 88
12405, 88
35942, 88
33783, 88
16186, 88
34314, 88
48527, 88
24911, 88
30449, 88
88, 38882
88, 20305
88, 42329
88, 24289
20794, 89
38049, 89
89, 24094
24897, 90
90, 30038
90, 32323
32652, 91
91, 34927
17629, 92
92, 24773
13165, 93
93, 43227
21869, 94
94, 25502
14329, 95
95, 35842
16054, 96
96, 28357
13935, 97
97, 34850
22331, 98
98, 24809
27818, 99
99, 32261
22310, 100
100, 12452
30174, 101
101, 40482
39627, 102
102, 22887
102, 38808
102, 47010
36395, 103
103, 12672
12490, 104
104, 34488
35615, 105
105, 30159
20047, 106
106, 45525
106, 16386
22187, 107
107, 13256
107, 38784
47575, 108
108, 15967
36628, 109
13290, 109
109, 13286
15142, 110
110, 48637
37475, 111
111, 21488
42110, 112
112, 41998
26271, 113
43306, 113
113, 18250
21331, 114
114, 34773
114, 25086
114, 48032
114, 29138
13318, 115
21889, 115
115, 31957
16860, 116
116, 44227
46445, 117
36301, 117
117, 23350
44514, 118
118, 27020
25974, 119
119, 44427
119, 33237
119, 29688
33756, 120
120, 31081
38492, 121
121, 22536
12392, 122
20919, 122
19009, 122
122, 27127
42110, 123
123, 34154
17387, 124
124, 42077
24499, 125
125, 25117
17953, 126
34669, 126
16074, 126
19850, 126
46620, 126
34138, 126
31746, 126
42337, 126
34614, 126
46886, 126
21110, 126
15079, 126
45895, 126
43043, 126
44142, 126
39928, 126
35592, 126
26788, 126
35966, 126
13989, 126
47204, 126
33017, 126
28928, 126
21419, 126
45543, 126
24165, 126
39883, 126
39393, 126
18417, 126
126, 43757
126, 27444
126, 14514
126, 43266
18702, 127
127, 21474
127, 48684
127, 12313
127, 43464
127, 33346
127, 46876
16882, 128
128, 20547
14787, 129
129, 23346
129, 45964
129, 44761
42110, 130
130, 14770
20441, 131
131, 34477
39481, 132
46343, 132
132, 40082
47864, 133
133, 30318
45205, 134
134, 14774
134, 44520
134, 32808
134, 14437
26378, 135
135, 26032
14725, 136
136, 24364
36360, 137
47534, 137
137, 23456
31080, 138
22697, 138
39623, 138
45982, 138
26656, 138
138, 22722
47271, 139
16454, 139
139, 15841
15787, 140
140, 35440
22877, 141
19128, 141
19050, 141
42767, 141
141, 25330
46806, 142
142, 47811
34045, 143
31974, 143
143, 26639
47791, 144
144, 30736
144, 37545
19610, 145
145, 47615
12834, 146
146, 43571
42110, 147
147, 19287
46174, 148
148, 26095
45205, 149
149, 35917
149, 32957
21360, 150
150, 27351
25426, 151
151, 30835
151, 13880
151, 48504
13549, 152
152, 45299
152, 35470
152, 13038
27162, 153
153, 36394
34211, 154
31508, 154
30985, 154
154, 39377
13221, 155
155, 34513
38829, 156
156, 26451
42110, 157
157, 14488
25932, 158
158, 13094
12502, 159
159, 35422
31364, 160
160, 47931
160, 13408
13884, 161
161, 15167
41902, 162
162, 29440
25510, 163
163, 22524
163, 14826
163, 24294
163, 16904
48496, 164
47755, 164
48167, 164
21516, 164
14705, 164
46125, 164
41137, 164
48131, 164
36653, 164
27236, 164
33432, 164
14135, 164
37642, 164
42768, 164
23866, 164
32989, 164
36976, 164
14764, 164
42251, 164
35575, 164
38751, 164
35954, 164
44047, 164
14115, 164
32000, 164
38532, 164
16548, 164
42987, 164
34381, 164
21050, 164
48064, 164
22356, 164
13110, 164
23093, 164
43214, 164
44016, 164
38881, 164
12911, 164
20786, 164
25933, 164
33353, 164
46392, 164
29705, 164
48292, 164
43119, 164
29559, 164
22246, 164
39443, 164
36718, 164
28685, 164
16886, 164
45737, 164
16416, 164
19804, 164
38637, 164
20468, 164
28421, 164
13763, 164
23940, 164
21552, 164
42095, 164
43752, 164
31076, 164
28626, 164
41023, 164
39919, 164
23322, 164
46649, 164
32619, 164
41754, 164
30963, 164
38767, 164
40107, 164
39596, 164
43880, 164
15841, 164
40727, 164
18603, 164
32525, 164
19425, 164
34975, 164
38038, 164
16398, 164
27662, 164
16072, 164
22970, 164
14838, 164
13767, 164
14817, 164
38557, 164
26125, 164
38913, 164
24294, 164
39264, 164
36277, 164
38382, 164
35493, 164
16978, 164
30159, 164
34208, 164
45577, 164
41182, 164
47368, 164
45144, 164
48504, 164
36817, 164
32980, 164
31809, 164
12976, 164
33339, 164
27983, 164
20592, 164
18001, 164
29238, 164
45252, 164
48301, 164
18259, 164
37290, 164
36478, 164
22710, 164
31310, 164
38364, 164
20920, 164
23038, 164
28416, 164
42210, 164
16151, 164
18570, 164
40620, 164
47211, 164
30335, 164
22896, 164
36408, 164
36582, 164
31156, 164
28590, 164
45610, 164
37996, 164
17664, 164
164, 42110
20096, 165
14323, 165
13591, 165
39341, 165
15807, 165
39402, 165
26273, 165
30470, 165
13536, 165
165, 21245
165, 23267
21944, 166
166, 41932
46806, 167
167, 30157
46163, 168
168, 46717
168, 28791
168, 33374
168, 42021
168, 35386
168, 20341
168, 36055
168, 15718
168, 42384
168, 42504
168, 48600
168, 19459
168, 25535
168, 25767
168, 44785
168, 46914
168, 34354
168, 18152
168, 30731
168, 19946
45940, 169
28544, 169
169, 36690
25927, 170
28510, 170
170, 19789
47785, 171
171, 42357
171, 20066
171, 44636
30257, 172
172, 42559
172, 38069
172, 28889
12884, 173
173, 41641
34118, 174
174, 38999
20365, 175
31484, 175
175, 41451
175, 30073
175, 31570
175, 46210
175, 30123
37265, 176
176, 38205
176, 28890
27279, 177
24326, 177
177, 15601
22083, 178
178, 27113
41660, 179
179, 12681
12502, 180
180, 35422
13165, 181
181, 42806
181, 37548
47215, 182
182, 15990
38839, 183
183, 31248
23337, 184
184, 44457
184, 20170
184, 39919
184, 38644
43731, 185
185, 12989
47695, 186
28735, 186
28072, 186
14126, 186
48432, 186
17864, 186
42250, 186
29319, 186
186, 23444
40636, 187
187, 16258
23473, 188
188, 14410
188, 30087
31081, 189
21889, 189
36488, 189
189, 21167
47453, 190
190, 34226
39649, 191
191, 39562
48499, 192
192, 33409
30956, 193
193, 40141
24239, 194
194, 26861
42110, 195
195, 18968
16244, 196
196, 32980
38829, 197
197, 34290
16069, 198
198, 48064
198, 39264
32064, 199
199, 27756
199, 33346
199, 31348
199, 20631
46806, 200
200, 22179
42110, 201
201, 40846
30956, 202
202, 29724
202, 13953
202, 22435
36314, 203
203, 21733
12997, 204
30820, 204
15612, 204
43126, 204
34492, 204
36221, 204
14320, 204
204, 44239
204, 28468
20571, 205
205, 23602
33844, 206
206, 28694
47755, 207
23462, 207
21516, 207
46125, 207
24145, 207
40908, 207
40119, 207
35396, 207
30217, 207
45456, 207
13136, 207
40458, 207
27113, 207
13697, 207
33432, 207
37642, 207
30258, 207
48686, 207
20404, 207
42545, 207
31321, 207
14005, 207
38369, 207
46169, 207
17204, 207
21989, 207
17216, 207
21050, 207
28883, 207
16095, 207
34726, 207
43214, 207
44016, 207
33496, 207
19745, 207
35496, 207
12466, 207
39479, 207
45390, 207
16416, 207
35356, 207
46777, 207
42095, 207
46929, 207
13951, 207
17870, 207
27904, 207
48252, 207
46010, 207
46966, 207
13470, 207
32684, 207
48477, 207
43421, 207
20231, 207
22959, 207
26144, 207
44061, 207
29953, 207
41342, 207
18966, 207
17593, 207
22970, 207
14838, 207
32631, 207
30465, 207
22199, 207
22896, 207
35470, 207
46497, 207
31310, 207
35283, 207
14446, 207
16014, 207
41391, 207
48232, 207
30819, 207
27664, 207
23980, 207
17194, 207
35274, 207
13433, 207
26861, 207
34208, 207
38580, 207
20556, 207
12749, 207
41183, 207
20841, 207
18821, 207
16175, 207
46342, 207
31221, 207
36817, 207
38557, 207
27722, 207
48504, 207
13880, 207
29238, 207
25365, 207
31837, 207
32975, 207
45144, 207
32124, 207
17800, 207
24294, 207
14514, 207
31684, 207
32232, 207
40161, 207
47090, 207
37254, 207
207, 42110
31427, 208
208, 12574
16188, 209
209, 48401
209, 27063
34126, 210
210, 47462
12439, 211
28458, 211
211, 40331
24561, 212
212, 26542
212, 37459
42110, 213
213, 37925
26970, 214
214, 47211
46806, 215
215, 13729
42110, 216
216, 33599
21118, 217
217, 32724
28113, 218
22216, 218
44520, 218
32808, 218
13257, 218
31802, 218
16386, 218
20674, 218
35940, 218
44239, 218
14437, 218
18882, 218
20932, 218
48088, 218
41395, 218
218, 17302
18196, 219
219, 14835
29800, 220
220, 26045
220, 17664
35707, 221
221, 26191
221, 32446
46806, 222
222, 44564
43721, 223
223, 27694
223, 12700
223, 39714
31830, 224
26917, 224
48605, 224
41839, 224
37976, 224
14619, 224
24975, 224
24921, 224
45332, 224
15948, 224
48326, 224
36689, 224
27269, 224
14648, 224
16028, 224
44415, 224
38959, 224
40290, 224
24809, 224
40497, 224
28231, 224
34623, 224
20719, 224
26636, 224
42128, 224
32103, 224
12422, 224
22836, 224
23189, 224
36355, 224
13723, 224
224, 38376
224, 46806
18992, 225
225, 46162
45650, 226
226, 28221
36974, 227
37541, 227
227, 22502
34431, 228
228, 46766
22443, 229
39599, 229
43844, 229
32148, 229
46893, 229
16760, 229
45686, 229
44149, 229
38106, 229
19896, 229
229, 39245
36465, 230
230, 46592
13377, 231
231, 26504
231, 21791
231, 26917
46806, 232
232, 43906
38829, 233
233, 43168
42110, 234
234, 32759
23391, 235
235, 42200
47699, 236
236, 34900
31490, 237
30095, 237
34064, 237
34013, 237
237, 15824
19046, 238
238, 12422
26884, 239
239, 13133
239, 26024
239, 15849
239, 18847
239, 15060
239, 41995
239, 44017
239, 12420
41472, 240
240, 27626
42368, 241
241, 30258
42110, 242
242, 37255
18480, 243
243, 33033
24093, 244
244, 34208
14612, 245
245, 29196
34360, 246
246, 15100
246, 14838
246, 17194
31965, 247
247, 38582
247, 27194
247, 26057
247, 27784
28716, 248
248, 34940
248, 16132
36616, 249
249, 27408
42110, 250
250, 17087
42110, 251
251, 23712
42110, 252
252, 38832
43692, 253
253, 14843
253, 30584
253, 21916
253, 27401
253, 40559
23408, 254
44290, 254
21271, 254
16977, 254
254, 22711
15142, 255
255, 48637
21875, 256
256, 48413
24788, 257
48132, 257
257, 21063
257, 18300
48340, 258
258, 21938
258, 42836
258, 12865
46949, 259
259, 20404
43332, 260
260, 40125
27274, 261
261, 47210
23270, 262
262, 25714
14518, 263
263, 27674
42110, 264
264, 24762
47160, 265
21255, 265
265, 19088
36616, 266
266, 21479
17541, 267
267, 30016
45714, 268
268, 32308
26592, 269
35910, 269
26961, 269
46834, 269
14184, 269
21216, 269
17529, 269
35378, 269
44058, 269
46951, 269
48060, 269
21573, 269
20633, 269
21667, 269
15005, 269
36448, 269
31908, 269
45564, 269
46334, 269
18406, 269
24246, 269
38230, 269
27954, 269
13420, 269
13773, 269
14367, 269
40030, 269
17103, 269
30638, 269
16586, 269
47380, 269
22003, 269
40788, 269
28517, 269
46640, 269
26213, 269
14769, 269
24585, 269
17196, 269
39304, 269
20654, 269
44600, 269
44348, 269
48560, 269
25508, 269
13839, 269
33181, 269
12374, 269
31569, 269
15923, 269
37979, 269
18652, 269
38082, 269
25791, 269
30231, 269
38330, 269
30198, 269
29076, 269
45826, 269
27177, 269
35848, 269
16727, 269
16940, 269
18188, 269
37129, 269
29780, 269
35888, 269
13271, 269
24156, 269
42534, 269
37326, 269
30021, 269
34044, 269
36725, 269
30392, 269
31477, 269
23393, 269
32812, 269
14893, 269
24250, 269
45582, 269
42540, 269
21437, 269
36350, 269
38769, 269
30538, 269
35367, 269
19118, 269
32361, 269
19609, 269
38563, 269
24164, 269
48342, 269
27296, 269
13737, 269
43647, 269
19919, 269
22669, 269
47251, 269
19476, 269
46598, 269
15538, 269
43536, 269
21210, 269
27510, 269
32481, 269
45856, 269
21098, 269
14556, 269
33091, 269
28629, 269
13262, 269
26804, 269
20205, 269
37187, 269
26722, 269
38354, 269
269, 30062
41029, 270
270, 20497
42110, 271
271, 46196
31087, 272
272, 14931
47794, 273
273, 30452
32707, 274
274, 20810
37295, 275
275, 35141
275, 17560
275, 15684
275, 44015
275, 14815
35649, 276
35724, 276
276, 26215
20427, 277
277, 28293
19084, 278
278, 22769
15795, 279
38627, 279
279, 21719
44439, 280
280, 12681
39628, 281
281, 22209
39964, 282
26230, 282
12633, 282
12438, 282
282, 46013
27778, 283
283, 12313
283, 45555
16244, 284
284, 38324
42737, 285
285, 36580
29183, 286
286, 33800
29311, 287
287, 42681
287, 20446
32927, 288
288, 41228
32903, 289
289, 30292
39043, 290
290, 46929
290, 17870
290, 37109
290, 15866
290, 41815
27274, 291
291, 30409
32295, 292
292, 13545
40493, 293
293, 37920
42166, 294
294, 44929
18471, 295
295, 22473
37860, 296
296, 44881
296, 48684
296, 42288
296, 16386
36188, 297
297, 14689
297, 39850
36465, 298
298, 39811
298, 45701
43588, 299
299, 33863
299, 23075
299, 37967
42110, 300
300, 46910
33546, 301
301, 33478
301, 43307
39834, 302
13739, 302
19252, 302
21124, 302
33836, 302
28117, 302
38090, 302
47799, 302
302, 42598
35498, 303
38393, 303
303, 37456
47699, 304
304, 15902
35409, 305
40142, 305
305, 32533
45668, 306
306, 34873
47321, 307
307, 24364
43075, 308
308, 35716
42110, 309
309, 29772
13068, 310
310, 38557
21466, 311
13693, 311
37041, 311
47603, 311
27990, 311
311, 36670
311, 22223
22717, 312
312, 14887
42110, 313
313, 22490
40334, 314
314, 30503
314, 31310
25382, 315
33861, 315
315, 17342
14768, 316
316, 23608
23634, 317
317, 20740
38829, 318
318, 40175
26413, 319
319, 26866
16658, 320
320, 13470
42110, 321
321, 45659
37611, 322
322, 39821
322, 37353
42110, 323
323, 35964
42110, 324
324, 25874
29877, 325
325, 43307
26837, 326
326, 28296
326, 39057
19096, 327
327, 38689
26974, 328
328, 31076
14244, 329
329, 32792
35700, 330
330, 40548
20570, 331
331, 35575
331, 41023
331, 31310
27428, 332
332, 36125
18292, 333
333, 15526
38829, 334
334, 38877
30791, 335
335, 31396
36261, 336
336, 33950
28683, 337
36832, 337
337, 27287
46297, 338
338, 47288
19390, 339
339, 24513
42526, 340
340, 41500
32933, 341
28523, 341
45482, 341
341, 35879
17447, 342
342, 39856
342, 21414
342, 17278
342, 44789
342, 48157
342, 40033
41627, 343
19930, 343
343, 13242
343, 15105
24451, 344
344, 38796
37280, 345
345, 22691
17785, 346
346, 28160
346, 39216
346, 27783
46806, 347
347, 48301
43292, 348
348, 47428
18592, 349
349, 46325
41465, 350
350, 14327
21331, 351
351, 47996
351, 12985
40580, 352
352, 24939
42153, 353
353, 38644
353, 33246
353, 18591
353, 16386
36465, 354
354, 26716
354, 27996
354, 27488
32150, 355
355, 35868
37994, 356
356, 29620
30865, 357
357, 38768
46806, 358
358, 15611
16999, 359
359, 45964
359, 19270
47699, 360
360, 15902
16010, 361
361, 31189
35785, 362
362, 21334
42110, 363
363, 26450
23258, 364
364, 29993
364, 42888
364, 39827
364, 40119
364, 12476
364, 40101
47234, 365
365, 25260
34811, 366
366, 27063
42110, 367
367, 48555
13037, 368
25257, 368
368, 28572
26756, 369
369, 38593
369, 16300
37399, 370
370, 48127
46806, 371
371, 32834
14878, 372
35289, 372
372, 27517
47575, 373
373, 29848
373, 25976
24950, 374
33586, 374
27617, 374
374, 30851
37633, 375
375, 46963
47425, 376
376, 45240
42110, 377
377, 17879
16244, 378
378, 27409
12881, 379
379, 43282
24803, 380
380, 36903
29181, 381
381, 29719
42110, 382
382, 42511
40086, 383
383, 23435
12373, 384
28098, 384
23762, 384
22521, 384
47169, 384
33990, 384
13348, 384
12991, 384
47100, 384
42435, 384
18421, 384
20934, 384
384, 17302
40232, 385
16740, 385
385, 24809
42110, 386
386, 25825
34782, 387
39056, 387
41244, 387
28490, 387
22755, 387
45919, 387
16178, 387
30651, 387
28967, 387
12721, 387
30292, 387
36808, 387
17428, 387
12437, 387
13323, 387
29566, 387
18569, 387
45398, 387
18493, 387
13130, 387
32916, 387
33179, 387
20302, 387
22868, 387
19161, 387
37462, 387
21283, 387
12907, 387
45693, 387
44382, 387
34740, 387
34137, 387
32870, 387
22161, 387
41355, 387
41133, 387
13938, 387
32804, 387
14658, 387
21799, 387
30847, 387
29555, 387
13568, 387
24644, 387
45503, 387
26602, 387
21179, 387
14524, 387
12993, 387
22954, 387
19366, 387
42300, 387
42630, 387
19088, 387
21748, 387
12674, 387
13491, 387
45487, 387
46692, 387
44555, 387
28689, 387
47102, 387
46434, 387
40201, 387
21462, 387
26040, 387
40589, 387
15510, 387
30760, 387
47146, 387
18677, 387
27533, 387
16953, 387
387, 18881
35379, 388
388, 28890
47514, 389
389, 45422
389, 34940
389, 23506
389, 16386
28823, 390
21750, 390
390, 29601
390, 35792
390, 27889
390, 47241
390, 22620
390, 38139
390, 13337
42110, 391
391, 12305
26460, 392
392, 36810
43714, 393
393, 37364
20403, 394
394, 39164
44498, 395
395, 20303
395, 16655
395, 31176
42110, 396
396, 25727
41119, 397
27230, 397
397, 17942
42722, 398
398, 46641
21305, 399
399, 44415
36143, 400
400, 39835
400, 24290
400, 26059
400, 22861
400, 22428
400, 19812
35381, 401
401, 22887
401, 37642
401, 21772
401, 34381
16741, 402
402, 39039
39448, 403
403, 45794
42110, 404
404, 35404
18412, 405
405, 45680
405, 18591
405, 32288
405, 17514
41951, 406
406, 43831
37680, 407
407, 32354
407, 45282
13288, 408
408, 31738
31392, 409
20422, 409
39034, 409
26993, 409
20089, 409
27871, 409
43024, 409
35130, 409
12357, 409
17961, 409
15754, 409
40927, 409
42981, 409
36836, 409
47021, 409
25638, 409
43442, 409
26234, 409
13824, 409
28154, 409
15309, 409
13867, 409
27899, 409
22283, 409
24732, 409
42723, 409
45462, 409
42983, 409
22589, 409
25781, 409
20821, 409
14891, 409
36583, 409
17534, 409
38196, 409
47771, 409
35061, 409
38950, 409
30160, 409
28112, 409
34816, 409
32244, 409
33567, 409
409, 13008
36667, 410
410, 44024
29554, 411
411, 20008
41246, 412
412, 32785
47347, 413
413, 30942
42110, 414
414, 12949
36616, 415
415, 44652
40634, 416
47551, 416
14938, 416
24432, 416
416, 31076
14076, 417
29830, 417
417, 40999
45205, 418
418, 20684
418, 26402
20499, 419
37454, 419
39022, 419
17309, 419
31320, 419
25463, 419
33779, 419
16685, 419
27834, 419
21310, 419
13315, 419
33610, 419
36587, 419
28506, 419
32110, 419
17749, 419
44663, 419
47464, 419
13198, 419
47408, 419
17976, 419
33217, 419
14057, 419
14985, 419
31271, 419
34766, 419
38897, 419
44894, 419
37775, 419
36953, 419
44580, 419
15523, 419
12496, 419
41044, 419
37582, 419
23884, 419
33209, 419
14632, 419
21487, 419
38045, 419
17191, 419
13925, 419
37547, 419
30885, 419
48427, 419
15347, 419
42352, 419
31861, 419
34028, 419
34202, 419
18828, 419
25043, 419
27386, 419
46827, 419
34807, 419
419, 31076
16971, 420
31806, 420
27996, 420
30275, 420
18644, 420
46438, 420
33061, 420
19713, 420
35440, 420
26264, 420
24737, 420
41839, 420
48582, 420
45597, 420
19766, 420
12401, 420
37158, 420
30299, 420
31335, 420
26030, 420
27269, 420
15167, 420
47840, 420
18867, 420
16087, 420
16817, 420
15601, 420
33682, 420
16028, 420
40092, 420
36247, 420
43651, 420
19966, 420
14889, 420
37082, 420
33212, 420
420, 46806
420, 48623
19895, 421
40422, 421
48428, 421
48255, 421
21588, 421
16550, 421
26008, 421
35237, 421
18390, 421
421, 42457
16754, 422
422, 27063
422, 13561
28349, 423
423, 12341
423, 28045
38678, 424
424, 15036
424, 24119
424, 14838
424, 47535
16671, 425
425, 28309
44204, 426
426, 46307
16956, 427
427, 40744
427, 19993
427, 46365
25477, 428
428, 28890
428, 38770
19525, 429
36931, 429
429, 32754
36465, 430
430, 27996
430, 24200
430, 35100
35035, 431
34250, 431
41054, 431
18907, 431
13639, 431
431, 48365
431, 37544
24821, 432
432, 33326
32851, 433
433, 37130
433, 34767
46806, 434
434, 30402
13661, 435
19747, 435
24945, 435
37558, 435
18683, 435
38691, 435
44851, 435
14990, 435
18357, 435
12351, 435
14099, 435
435, 35682
19413, 436
38486, 436
40025, 436
16768, 436
32824, 436
14399, 436
27194, 436
23735, 436
44750, 436
29675, 436
19805, 436
44140, 436
15666, 436
16095, 436
34730, 436
20264, 436
25161, 436
42060, 436
35548, 436
39650, 436
14410, 436
31299, 436
44166, 436
38644, 436
31355, 436
17275, 436
33349, 436
48041, 436
45152, 436
29193, 436
19829, 436
48266, 436
16052, 436
36815, 436
20232, 436
12748, 436
20025, 436
16090, 436
41370, 436
15866, 436
39855, 436
44274, 436
18034, 436
43364, 436
48246, 436
42210, 436
26836, 436
44836, 436
37967, 436
436, 42110
42110, 437
437, 23433
42110, 438
438, 19626
27484, 439
439, 29566
25969, 440
440, 33252
17910, 441
441, 14524
41717, 442
442, 17841
14922, 443
443, 19678
38829, 444
444, 19192
27536, 445
445, 48140
445, 45757
42110, 446
446, 45740
32010, 447
447, 37456
26239, 448
448, 27481
44210, 449
449, 32415
35379, 450
450, 45329
39391, 451
451, 31820
18764, 452
452, 17351
27235, 453
453, 17783
39111, 454
454, 16028
37433, 455
455, 16386
41644, 456
38726, 456
41082, 456
456, 35515
456, 43234
456, 14793
22139, 457
457, 25715
36852, 458
458, 27655
458, 22507
458, 25901
458, 44188
458, 38085
458, 29392
458, 35407
38829, 459
459, 25869
32578, 460
460, 33862
46806, 461
461, 37727
41762, 462
39131, 462
462, 40697
38977, 463
463, 36048
463, 15856
46378, 464
464, 36488
18806, 465
15276, 465
465, 39959
39997, 466
466, 14705
37630, 467
467, 13226
32948, 468
468, 46140
468, 13318
468, 39218
468, 16416
30855, 469
469, 27733
21030, 470
470, 36990
35249, 471
471, 18672
16430, 472
472, 23960
20518, 473
473, 32744
46806, 474
474, 39503
44702, 475
475, 16011
19374, 476
476, 21246
29198, 477
477, 34207
477, 28458
24117, 478
478, 16716
478, 39537
35110, 479
15104, 479
479, 33724
479, 24453
23103, 480
480, 40025
480, 38307
480, 16386
24854, 481
481, 33596
481, 16105
36177, 482
482, 44576
42110, 483
483, 29973
30536, 484
484, 47056
15805, 485
13452, 485
32465, 485
48354, 485
43234, 485
485, 42731
46771, 486
486, 33041
15708, 487
487, 42768
21016, 488
488, 23228
16945, 489
29555, 489
28186, 489
489, 31866
46806, 490
490, 46067
26566, 491
491, 44440
491, 39516
42110, 492
492, 41882
32211, 493
493, 37109
27274, 494
494, 14774
23226, 495
495, 38446
14948, 496
496, 16073
27178, 497
497, 17890
14256, 498
498, 34671
42110, 499
499, 32512
46289, 500
31085, 500
26023, 500
48490, 500
500, 12652
47490, 501
27514, 501
501, 18855
38506, 502
43476, 502
19491, 502
48186, 502
17489, 502
23360, 502
502, 44096
42110, 503
503, 21477
35719, 504
26508, 504
504, 29196
41951, 505
505, 31183
42110, 506
506, 19287
37249, 507
507, 19036
42925, 508
508, 44641
31059, 509
509, 38324
46806, 510
510, 47486
42110, 511
511, 48353
45485, 512
512, 12633
15614, 513
513, 23714
24171, 514
514, 15113
38887, 515
515, 19766
35678, 516
39202, 516
516, 34923
19544, 517
517, 45399
517, 13094
517, 41731
517, 30532
29488, 518
518, 22004
518, 20264
518, 27193
18892, 519
519, 15825
34039, 520
520, 14846
34644, 521
521, 16456
43797, 522
522, 45946
522, 34860
39624, 523
523, 43465
24406, 524
524, 20595
524, 32435
39749, 525
21377, 525
42817, 525
19472, 525
19688, 525
31277, 525
43217, 525
525, 18571
23904, 526
21435, 526
26895, 526
526, 19493
42110, 527
527, 40657
24125, 528
18362, 528
528, 35954
29587, 529
22432, 529
529, 40497
41617, 530
530, 23018
18518, 531
531, 27767
47527, 532
532, 28690
30623, 533
533, 43214
42110, 534
534, 20784
46806, 535
535, 39920
17387, 536
536, 42077
12622, 537
537, 24095
39835, 538
13952, 538
29783, 538
26225, 538
20008, 538
22880, 538
27481, 538
36502, 538
538, 18120
538, 46806
39986, 539
539, 31221
31134, 540
540, 15597
540, 35857
540, 37410
25806, 541
541, 36541
23868, 542
542, 43978
46343, 543
35956, 543
543, 23833
543, 23744
26561, 544
544, 31501
30461, 545
30320, 545
43403, 545
35064, 545
545, 20746
27150, 546
546, 21397
44937, 547
27124, 547
547, 19240
26784, 548
548, 31250
32363, 549
549, 47637
15146, 550
550, 44637
27818, 551
551, 15065
17229, 552
552, 32933
552, 28158
552, 21963
21971, 553
553, 35956
46682, 554
31024, 554
554, 38867
28540, 555
555, 23189
42174, 556
556, 46469
15338, 557
557, 22410
42110, 558
558, 46752
37755, 559
559, 44985
34274, 560
17826, 560
14329, 560
14748, 560
15541, 560
36463, 560
47764, 560
13570, 560
44320, 560
20733, 560
34932, 560
20459, 560
32630, 560
45161, 560
30995, 560
37400, 560
33582, 560
14665, 560
35421, 560
43380, 560
37936, 560
20603, 560
13969, 560
41675, 560
44040, 560
42430, 560
20520, 560
38665, 560
16370, 560
16221, 560
46271, 560
33241, 560
37316, 560
29474, 560
42886, 560
17176, 560
16777, 560
29778, 560
46969, 560
14637, 560
40785, 560
32433, 560
17312, 560
36369, 560
37944, 560
42795, 560
43662, 560
36707, 560
26536, 560
12540, 560
18175, 560
16168, 560
34599, 560
39104, 560
30303, 560
23552, 560
19845, 560
32271, 560
35321, 560
14239, 560
17749, 560
31724, 560
28904, 560
18675, 560
31543, 560
25740, 560
25186, 560
13466, 560
45444, 560
46673, 560
45621, 560
34695, 560
28534, 560
19964, 560
19313, 560
40934, 560
43369, 560
46545, 560
26847, 560
15226, 560
27460, 560
45790, 560
38801, 560
46676, 560
30166, 560
48607, 560
33937, 560
19473, 560
48185, 560
21722, 560
21323, 560
22935, 560
43171, 560
18318, 560
25749, 560
24931, 560
14620, 560
13282, 560
21920, 560
22144, 560
24586, 560
38236, 560
32300, 560
40510, 560
16892, 560
22841, 560
41959, 560
26166, 560
33485, 560
14575, 560
22003, 560
46009, 560
28770, 560
17834, 560
20492, 560
31928, 560
18464, 560
22270, 560
25665, 560
40531, 560
37063, 560
44786, 560
25040, 560
33217, 560
39326, 560
33715, 560
36994, 560
20900, 560
31086, 560
26359, 560
40519, 560
28739, 560
39424, 560
12775, 560
23474, 560
40809, 560
35316, 560
34357, 560
44668, 560
38234, 560
27146, 560
17837, 560
28313, 560
42638, 560
34337, 560
20836, 560
38592, 560
24054, 560
36434, 560
45455, 560
36872, 560
26633, 560
19278, 560
45755, 560
37568, 560
46202, 560
36962, 560
47325, 560
14831, 560
16909, 560
14009, 560
34670, 560
20375, 560
24243, 560
22189, 560
18749, 560
19873, 560
25156, 560
25736, 560
39418, 560
24843, 560
12440, 560
31960, 560
29249, 560
28363, 560
46143, 560
39766, 560
47427, 560
19258, 560
22052, 560
13533, 560
37317, 560
15758, 560
44158, 560
30055, 560
12639, 560
19860, 560
42915, 560
21353, 560
21062, 560
20069, 560
21524, 560
28073, 560
30853, 560
44591, 560
38389, 560
42378, 560
22476, 560
33418, 560
43639, 560
33700, 560
47890, 560
22078, 560
19456, 560
46747, 560
15185, 560
38035, 560
47277, 560
25609, 560
24703, 560
41120, 560
31625, 560
560, 32933
560, 46934
21711, 561
561, 15908
25649, 562
17946, 562
21426, 562
26259, 562
28746, 562
21248, 562
18730, 562
48033, 562
28392, 562
39526, 562
14711, 562
33174, 562
38445, 562
21151, 562
43937, 562
47267, 562
43036, 562
41235, 562
35312, 562
29610, 562
19452, 562
19643, 562
37407, 562
33398, 562
23214, 562
17743, 562
41158, 562
21382, 562
46687, 562
22194, 562
42580, 562
42589, 562
12757, 562
41318, 562
21797, 562
17316, 562
20455, 562
26592, 562
13816, 562
13891, 562
43233, 562
30911, 562
32451, 562
25528, 562
22084, 562
41479, 562
29934, 562
13701, 562
26233, 562
47239, 562
37440, 562
562, 12830
562, 25856
562, 33536
562, 36984
37541, 563
563, 22502
35916, 564
12327, 564
27857, 564
25167, 564
39770, 564
36151, 564
17380, 564
36978, 564
36342, 564
32655, 564
42611, 564
37367, 564
42226, 564
19271, 564
29628, 564
48334, 564
48063, 564
26441, 564
564, 35141
44656, 565
565, 16049
29799, 566
566, 32392
38748, 567
567, 30035
44055, 568
568, 30579
37132, 569
569, 38770
569, 21670
569, 15866
44901, 570
570, 22415
20882, 571
571, 43264
571, 34881
571, 47535
28303, 572
572, 31843
47613, 573
573, 23241
573, 36724
573, 16555
32544, 574
574, 16969
27840, 575
27491, 575
29395, 575
29263, 575
20060, 575
21433, 575
575, 17302
24495, 576
576, 24988
576, 39946
16749, 577
577, 30836
577, 42618
577, 25338
24307, 578
578, 27626
38650, 579
579, 22880
41261, 580
26993, 580
32244, 580
36954, 580
36836, 580
20218, 580
27871, 580
14633, 580
34367, 580
35861, 580
18287, 580
26312, 580
14447, 580
29895, 580
20116, 580
43258, 580
45215, 580
43991, 580
13206, 580
40734, 580
17324, 580
32777, 580
46872, 580
18544, 580
38093, 580
38127, 580
27962, 580
15302, 580
17971, 580
44616, 580
17633, 580
40466, 580
20422, 580
27203, 580
34734, 580
22439, 580
25232, 580
27571, 580
35927, 580
32338, 580
30310, 580
26854, 580
38293, 580
16773, 580
43778, 580
39483, 580
44399, 580
43073, 580
31504, 580
34417, 580
14971, 580
24606, 580
20907, 580
580, 28738
38050, 581
581, 19973
581, 25427
581, 44013
32049, 582
33630, 582
32981, 582
43162, 582
582, 23965
46343, 583
22420, 583
583, 34615
35717, 584
45126, 584
30584, 584
584, 37824
25742, 585
585, 13042
19343, 586
586, 46912
42110, 587
587, 25656
27895, 588
588, 47090
16244, 589
589, 26962
44012, 590
28457, 590
590, 13275
590, 44502
46529, 591
28048, 591
29486, 591
44109, 591
17613, 591
20988, 591
12400, 591
25136, 591
36071, 591
26558, 591
20370, 591
41471, 591
44999, 591
29449, 591
41444, 591
23826, 591
42613, 591
41589, 591
591, 34270
591, 26106
26676, 592
592, 43448
592, 30699
42110, 593
593, 18868
36465, 594
594, 40724
594, 25350
594, 18690
32942, 595
595, 26030
46806, 596
596, 48596
36465, 597
597, 27996
597, 47086
15689, 598
598, 15071
46806, 599
599, 40161
46806, 600
600, 41662
16394, 601
601, 36547
32202, 602
602, 37603
602, 28995
602, 36391
42110, 603
603, 14393
43333, 604
604, 27741
22550, 605
15644, 605
19937, 605
41621, 605
41434, 605
13024, 605
24427, 605
26181, 605
34855, 605
14647, 605
41940, 605
12670, 605
34713, 605
26571, 605
42910, 605
45278, 605
16249, 605
25266, 605
23873, 605
37842, 605
47196, 605
605, 23444
605, 13582
14068, 606
606, 47723
31988, 607
607, 34238
16144, 608
608, 30346
36465, 609
609, 33534
31227, 610
25438, 610
19999, 610
29496, 610
29989, 610
46184, 610
23843, 610
22045, 610
21383, 610
22347, 610
48663, 610
28625, 610
37150, 610
34332, 610
37658, 610
18692, 610
19304, 610
16287, 610
27906, 610
18858, 610
39340, 610
29515, 610
30241, 610
21448, 610
27960, 610
25813, 610
15639, 610
44462, 610
610, 31328
16244, 611
611, 43213
31140, 612
18426, 612
23300, 612
612, 41759
40674, 613
613, 13265
43161, 614
614, 38856
25764, 615
615, 16504
18261, 616
616, 34237
18666, 617
617, 34302
43103, 618
618, 13626
25135, 619
27923, 619
31537, 619
36973, 619
24713, 619
42355, 619
13847, 619
619, 45626
619, 17870
16324, 620
620, 31114
43872, 621
621, 36690
42728, 622
622, 29785
18191, 623
15978, 623
39689, 623
29691, 623
623, 21309
41859, 624
15371, 624
624, 42821
27286, 625
625, 21525
29086, 626
30208, 626
626, 26229
626, 44165
42110, 627
627, 15379
43481, 628
628, 22795
46806, 629
629, 46342
32984, 630
630, 29783
19086, 631
39531, 631
631, 25402
45307, 632
632, 24342
14047, 633
633, 27626
42110, 634
634, 30457
40463, 635
635, 18049
635, 41697
43173, 636
14386, 636
44032, 636
636, 27343
46806, 637
637, 14956
15689, 638
638, 30442
42110, 639
639, 38130
31394, 640
640, 34708
640, 13474
39200, 641
641, 34588
42252, 642
642, 34164
23688, 643
643, 39596
36465, 644
644, 27996
644, 35100
23770, 645
645, 24764
45906, 646
646, 48360
42110, 647
647, 38665
18471, 648
648, 48315
30956, 649
649, 40098
42110, 650
650, 36144
23045, 651
651, 35818
47060, 652
44374, 652
33970, 652
25667, 652
13153, 652
20788, 652
35641, 652
27758, 652
26910, 652
31718, 652
27276, 652
35628, 652
47844, 652
38988, 652
28399, 652
30336, 652
38002, 652
39742, 652
17780, 652
44326, 652
41540, 652
45288, 652
32545, 652
43565, 652
45544, 652
37942, 652
15329, 652
41744, 652
24592, 652
26615, 652
41036, 652
22365, 652
26714, 652
41517, 652
45684, 652
14760, 652
19597, 652
38542, 652
16650, 652
35224, 652
14175, 652
30270, 652
29304, 652
39705, 652
18517, 652
13546, 652
22002, 652
43340, 652
17733, 652
38060, 652
32814, 652
13793, 652
32641, 652
36744, 652
32673, 652
14927, 652
27333, 652
25093, 652
12563, 652
15583, 652
29040, 652
20828, 652
31450, 652
27821, 652
29645, 652
24257, 652
15773, 652
48366, 652
39660, 652
24410, 652
17262, 652
30045, 652
27364, 652
35140, 652
23926, 652
44777, 652
44151, 652
47093, 652
12682, 652
31578, 652
19346, 652
27077, 652
37060, 652
34125, 652
48071, 652
27977, 652
36578, 652
37245, 652
37733, 652
29015, 652
15960, 652
23163, 652
18045, 652
32165, 652
41502, 652
18080, 652
24489, 652
36379, 652
31127, 652
44653, 652
20287, 652
32988, 652
22553, 652
48125, 652
33523, 652
14350, 652
23243, 652
47842, 652
37801, 652
19131, 652
31683, 652
36493, 652
19458, 652
48423, 652
23405, 652
33351, 652
45715, 652
12953, 652
34896, 652
24102, 652
25460, 652
40767, 652
32794, 652
38511, 652
13248, 652
38070, 652
43069, 652
28291, 652
20769, 652
29014, 652
42719, 652
25797, 652
38006, 652
21629, 652
46864, 652
32914, 652
652, 19207
37826, 653
653, 24189
46163, 654
654, 38551
654, 46197
654, 24320
654, 40333
654, 37377
654, 33374
654, 48690
654, 36632
654, 43854
654, 23051
654, 38539
654, 41347
654, 42634
654, 47337
654, 41945
654, 43093
654, 17391
654, 26185
654, 20150
654, 38453
654, 41782
654, 22905
654, 44215
24041, 655
655, 15580
42110, 656
656, 41647
14026, 657
657, 25320
31394, 658
658, 46881
658, 20167
42110, 659
659, 35586
35553, 660
660, 41813
31042, 661
661, 39388
661, 42992
33307, 662
15500, 662
13509, 662
26500, 662
45914, 662
662, 18842
27768, 663
23206, 663
23913, 663
663, 44322
19486, 664
664, 20515
23860, 665
13833, 665
43751, 665
24340, 665
25721, 665
39205, 665
43212, 665
27329, 665
35608, 665
45013, 665
665, 25981
27818, 666
666, 22149
12310, 667
667, 37431
667, 27664
38663, 668
25323, 668
668, 36923
668, 23988
37469, 669
669, 15782
31375, 670
34215, 670
670, 36780
35436, 671
671, 31248
46722, 672
25223, 672
672, 15362
41139, 673
673, 30953
46771, 674
29809, 674
44221, 674
674, 18071
674, 13394
27917, 675
675, 25317
675, 44925
675, 24046
23252, 676
676, 36031
21830, 677
677, 30136
43329, 678
678, 25267
678, 45468
678, 42945
678, 34233
678, 44274
36486, 679
679, 29702
42110, 680
680, 39849
42110, 681
681, 32662
44775, 682
682, 36951
31735, 683
683, 34883
35197, 684
684, 16109
684, 27091
15243, 685
685, 14327
41221, 686
31433, 686
686, 33518
686, 35267
686, 27664
24444, 687
687, 42847
31949, 688
688, 18887
688, 28898
46771, 689
689, 45478
689, 34378
689, 39904
35379, 690
690, 41332
19695, 691
691, 32240
46892, 692
692, 17820
42110, 693
693, 25243
31059, 694
694, 38694
41951, 695
695, 33349
27137, 696
696, 24062
696, 42614
45801, 697
697, 28983
16470, 698
698, 31588
43522, 699
699, 43615
29668, 700
700, 12493
27476, 701
701, 34873
23925, 702
702, 33157
702, 37770
38141, 703
703, 33212
33361, 704
704, 14410
704, 17129
704, 26785
47946, 705
705, 18026
16707, 706
706, 39855
46717, 707
12590, 707
38551, 707
36955, 707
33108, 707
46197, 707
17983, 707
26136, 707
25054, 707
46388, 707
45277, 707
19653, 707
19604, 707
28543, 707
12616, 707
24320, 707
18958, 707
40333, 707
30801, 707
40388, 707
37377, 707
23924, 707
33374, 707
42087, 707
25854, 707
48690, 707
16847, 707
36632, 707
43854, 707
48239, 707
13834, 707
24248, 707
23051, 707
28817, 707
16354, 707
39224, 707
14941, 707
18601, 707
39506, 707
46622, 707
38539, 707
41347, 707
36055, 707
21391, 707
42217, 707
42634, 707
12694, 707
47337, 707
14111, 707
34770, 707
35392, 707
36825, 707
40742, 707
40081, 707
13528, 707
46106, 707
43741, 707
41945, 707
43093, 707
48600, 707
17391, 707
26185, 707
28407, 707
37764, 707
15528, 707
38775, 707
45910, 707
20150, 707
40807, 707
12730, 707
29156, 707
38453, 707
39455, 707
46548, 707
22613, 707
15120, 707
25327, 707
30967, 707
707, 17302
40116, 708
708, 46978
708, 20264
708, 48041
46806, 709
709, 47387
709, 19257
46857, 710
710, 17265
39173, 711
711, 27382
711, 25123
42110, 712
712, 48592
32810, 713
713, 46348
40636, 714
714, 16258
36804, 715
715, 18642
42174, 716
716, 33414
24550, 717
42868, 717
25971, 717
32494, 717
48190, 717
22039, 717
20917, 717
32561, 717
35262, 717
21834, 717
18874, 717
717, 29248
717, 45695
25847, 718
718, 22161
718, 28132
718, 15124
718, 27664
42110, 719
719, 17922
21231, 720
720, 12621
35306, 721
721, 13296
22142, 722
722, 29160
722, 15096
722, 18598
43090, 723
30708, 723
20242, 723
41595, 723
33065, 723
12807, 723
36381, 723
32877, 723
35379, 723
723, 31474
32095, 724
724, 35134
36465, 725
725, 14216
725, 14153
13653, 726
726, 17644
24197, 727
727, 38557
35454, 728
33260, 728
728, 45085
31059, 729
729, 32980
40574, 730
730, 34521
42110, 731
731, 42541
29265, 732
732, 26278
22955, 733
733, 44419
35379, 734
734, 43804
42110, 735
735, 37580
46806, 736
736, 29483
29958, 737
737, 37898
14290, 738
22320, 738
738, 16768
24831, 739
739, 32018
13854, 740
740, 22698
34326, 741
741, 38172
741, 46803
24885, 742
742, 23993
38338, 743
743, 22173
33465, 744
744, 19104
43166, 745
745, 31273
745, 29752
745, 20841
19077, 746
746, 29620
45205, 747
747, 27826
747, 24059
19241, 748
47531, 748
30841, 748
14199, 748
21521, 748
748, 17137
748, 48552
748, 17001
42110, 749
749, 21802
17763, 750
750, 22973
19299, 751
751, 43638
28074, 752
752, 31906
27563, 753
753, 22356
753, 17870
753, 34424
17387, 754
754, 42077
39254, 755
31207, 755
39392, 755
755, 16739
28271, 756
756, 27113
48170, 757
46612, 757
19686, 757
757, 17302
47682, 758
25746, 758
37597, 758
758, 37056
37937, 759
29446, 759
40653, 759
759, 38172
759, 18757
42059, 760
760, 20202
33893, 761
761, 22256
48599, 762
762, 26861
42110, 763
763, 35591
38195, 764
25856, 764
48104, 764
31872, 764
764, 14304
22079, 765
765, 32013
20340, 766
766, 39196
766, 47389
41951, 767
767, 20566
767, 47877
46806, 768
768, 43781
35181, 769
769, 26010
13444, 770
770, 35690
17525, 771
771, 40847
771, 40025
35941, 772
772, 40989
29768, 773
21527, 773
773, 36180
42938, 774
774, 38985
27602, 775
775, 39443
37602, 776
776, 34064
21810, 777
30361, 777
777, 21217
33095, 778
778, 26939
29202, 779
779, 34110
779, 15119
779, 27580
13663, 780
780, 16969
46806, 781
781, 45784
36465, 782
782, 19206
782, 44966
20630, 783
13075, 783
24682, 783
23353, 783
15855, 783
32650, 783
33940, 783
33921, 783
783, 45747
783, 13807
22976, 784
18776, 784
45595, 784
784, 47637
784, 22524
784, 32619
784, 20793
784, 14360
26953, 785
785, 19317
785, 41243
785, 18063
785, 16659
42110, 786
786, 16411
22512, 787
787, 32359
787, 28565
14969, 788
788, 30584
29346, 789
789, 47617
40491, 790
790, 17877
25748, 791
791, 32139
38829, 792
792, 26275
38829, 793
793, 42848
42110, 794
794, 45361
24801, 795
795, 12350
26872, 796
796, 47462
42110, 797
797, 20891
32078, 798
798, 20137
13441, 799
35090, 799
26835, 799
22446, 799
799, 19215
42110, 800
800, 14203
38668, 801
801, 33867
42110, 802
802, 18624
42110, 803
803, 21987
16139, 804
804, 17464
42110, 805
805, 30889
42110, 806
806, 17922
28446, 807
807, 38760
36849, 808
808, 32123
17824, 809
809, 39457
32864, 810
810, 14006
44928, 811
811, 48525
811, 28144
31534, 812
812, 37071
812, 32414
17652, 813
813, 38942
813, 36535
35295, 814
814, 48053
39041, 815
815, 34738
34963, 816
816, 19546
33550, 817
817, 30104
817, 32925
33858, 818
818, 35169
42110, 819
819, 29240
42110, 820
820, 20212
36599, 821
821, 47370
821, 31858
821, 42454
25880, 822
822, 42265
39773, 823
823, 15848
23127, 824
824, 12948
21127, 825
825, 29943
33422, 826
826, 15023
14922, 827
827, 19678
21177, 828
38598, 828
43472, 828
45350, 828
828, 25515
828, 35507
37224, 829
829, 28323
15689, 830
830, 15071
42110, 831
831, 19287
41972, 832
33371, 832
832, 47942
832, 48017
25759, 833
833, 29678
36696, 834
38051, 834
834, 16808
41422, 835
835, 19185
40356, 836
836, 42203
46806, 837
837, 33576
46806, 838
838, 22180
838, 23476
42064, 839
839, 24188
36273, 840
840, 37695
21549, 841
34186, 841
15141, 841
45812, 841
48422, 841
45605, 841
18901, 841
25222, 841
32720, 841
12628, 841
41176, 841
39501, 841
27810, 841
30327, 841
29791, 841
42941, 841
45758, 841
17121, 841
31748, 841
45882, 841
28819, 841
46840, 841
13055, 841
46025, 841
42331, 841
37373, 841
40188, 841
33594, 841
19779, 841
42027, 841
12319, 841
16325, 841
48067, 841
22494, 841
22008, 841
18345, 841
21680, 841
37789, 841
19182, 841
29902, 841
43219, 841
39968, 841
40476, 841
41200, 841
37876, 841
36688, 841
23155, 841
46875, 841
33215, 841
47902, 841
16487, 841
40630, 841
36683, 841
35190, 841
25194, 841
33240, 841
37664, 841
28494, 841
20474, 841
45477, 841
13672, 841
27015, 841
46385, 841
12514, 841
17527, 841
12530, 841
13876, 841
13835, 841
33382, 841
40304, 841
16714, 841
21338, 841
21766, 841
21724, 841
24138, 841
42785, 841
40583, 841
45682, 841
29977, 841
42005, 841
15032, 841
44560, 841
27047, 841
20947, 841
30063, 841
18670, 841
25183, 841
38354, 841
27907, 841
19142, 841
25191, 841
28947, 841
44540, 841
19122, 841
29404, 841
23658, 841
13926, 841
26295, 841
34926, 841
13713, 841
39086, 841
24224, 841
21581, 841
27833, 841
43486, 841
15390, 841
28589, 841
46213, 841
27040, 841
32530, 841
39590, 841
37382, 841
47843, 841
35846, 841
31608, 841
17788, 841
841, 19372
841, 25856
19345, 842
842, 28919
14168, 843
843, 27802
42110, 844
844, 34694
42110, 845
845, 46414
15605, 846
846, 19492
42620, 847
847, 24983
36465, 848
848, 26264
848, 43096
33337, 849
849, 20740
37162, 850
850, 46092
21477, 851
851, 17704
14989, 852
13918, 852
27947, 852
17138, 852
25774, 852
852, 19143
13187, 853
853, 16376
21339, 854
21784, 854
854, 21687
31394, 855
855, 35451
22021, 856
28439, 856
856, 24979
42110, 857
857, 27095
41325, 858
858, 32389
27204, 859
37036, 859
859, 21513
16270, 860
860, 38796
38570, 861
861, 45946
861, 14457
861, 30640
861, 35625
861, 33164
38269, 862
25416, 862
17378, 862
862, 48556
30340, 863
863, 46055
31406, 864
13942, 864
18067, 864
27299, 864
864, 27253
19701, 865
865, 12313
865, 30912
12878, 866
866, 36626
22983, 867
30237, 867
867, 14867
15012, 868
868, 22416
31988, 869
869, 34984
40721, 870
870, 37429
12995, 871
871, 36718
24872, 872
872, 14037
872, 46434
872, 47755
872, 24294
40778, 873
40865, 873
873, 41425
873, 40138
36465, 874
874, 16998
39213, 875
875, 22502
18482, 876
876, 39625
12803, 877
877, 33744
877, 14446
31522, 878
878, 17400
878, 26480
29245, 879
41470, 879
879, 47365
39036, 880
880, 43744
42110, 881
881, 19004
41786, 882
882, 33528
882, 37642
882, 28149
16564, 883
883, 16845
40425, 884
884, 39718
22004, 885
885, 16219
37199, 886
886, 24791
20723, 887
887, 29641
25678, 888
888, 17211
21700, 889
42254, 889
24333, 889
43287, 889
48331, 889
41356, 889
37050, 889
889, 29949
39781, 890
890, 35899
13866, 891
891, 38881
24260, 892
892, 18562
892, 46480
892, 20367
35464, 893
893, 38387
42110, 894
894, 27697
33437, 895
895, 39919
895, 41824
895, 23060
16271, 896
896, 43264
896, 16108
896, 16386
48480, 897
46132, 897
38250, 897
32244, 897
42512, 897
13738, 897
38298, 897
21510, 897
26038, 897
25780, 897
23137, 897
46830, 897
31358, 897
38414, 897
25668, 897
14891, 897
36649, 897
16080, 897
23191, 897
47974, 897
13088, 897
31582, 897
17747, 897
20055, 897
27651, 897
12385, 897
31574, 897
14701, 897
22101, 897
35176, 897
38361, 897
897, 34547
897, 18259
32758, 898
898, 34276
23775, 899
899, 40567
34039, 900
900, 20646
42110, 901
901, 38322
19394, 902
902, 47755
902, 24046
33592, 903
903, 13119
23127, 904
904, 13723
20826, 905
905, 45953
42110, 906
906, 31637
29562, 907
12321, 907
907, 31280
907, 45672
907, 19865
12360, 908
37725, 908
908, 39753
44611, 909
909, 20027
40182, 910
20751, 910
14758, 910
31631, 910
24584, 910
27516, 910
33127, 910
18780, 910
39577, 910
29840, 910
14678, 910
35216, 910
42609, 910
18173, 910
12570, 910
15529, 910
32263, 910
34804, 910
31033, 910
27898, 910
14820, 910
41348, 910
45143, 910
27607, 910
31181, 910
27735, 910
16424, 910
27164, 910
33084, 910
42026, 910
21991, 910
19388, 910
35946, 910
44282, 910
45184, 910
23644, 910
25948, 910
43000, 910
18461, 910
39356, 910
38052, 910
48180, 910
22786, 910
43645, 910
20817, 910
28805, 910
29843, 910
27233, 910
27816, 910
48388, 910
35047, 910
20076, 910
38402, 910
29104, 910
32411, 910
48624, 910
25228, 910
22772, 910
22146, 910
910, 19161
22111, 911
911, 26057
16919, 912
912, 31388
43228, 913
43775, 913
913, 44406
913, 46866
18614, 914
914, 13226
27239, 915
16596, 915
33098, 915
19464, 915
16503, 915
14219, 915
35174, 915
31105, 915
31817, 915
36733, 915
20626, 915
15478, 915
39953, 915
28772, 915
27668, 915
12833, 915
26569, 915
18006, 915
13924, 915
20114, 915
27003, 915
37167, 915
41087, 915
30015, 915
44304, 915
43573, 915
45396, 915
20419, 915
19589, 915
12597, 915
28675, 915
43740, 915
35288, 915
26871, 915
48144, 915
31791, 915
43592, 915
17803, 915
16686, 915
18956, 915
20431, 915
38353, 915
17493, 915
43799, 915
34948, 915
39731, 915
19327, 915
22624, 915
36013, 915
41396, 915
22263, 915
48653, 915
31351, 915
15315, 915
43029, 915
35989, 915
22886, 915
14702, 915
35841, 915
47846, 915
13679, 915
28496, 915
19587, 915
34161, 915
14001, 915
31963, 915
18988, 915
17795, 915
27677, 915
19433, 915
24869, 915
21043, 915
38826, 915
48507, 915
41464, 915
43460, 915
23253, 915
29543, 915
40990, 915
41375, 915
41501, 915
31943, 915
48317, 915
37120, 915
35204, 915
14112, 915
18563, 915
39929, 915
21949, 915
25882, 915
14853, 915
43209, 915
30775, 915
12583, 915
21754, 915
24647, 915
25066, 915
33604, 915
37956, 915
28542, 915
30939, 915
25114, 915
26199, 915
15399, 915
18767, 915
32832, 915
24110, 915
15907, 915
13646, 915
17018, 915
33120, 915
44276, 915
22117, 915
41792, 915
28180, 915
45181, 915
37564, 915
44492, 915
44890, 915
24607, 915
43386, 915
12705, 915
25376, 915
35573, 915
26686, 915
24251, 915
31306, 915
22437, 915
37585, 915
24778, 915
38568, 915
24768, 915
45624, 915
41020, 915
23550, 915
29603, 915
23012, 915
24170, 915
33588, 915
16662, 915
20323, 915
42362, 915
39279, 915
25633, 915
21642, 915
23487, 915
15171, 915
46645, 915
15982, 915
13595, 915
28377, 915
18872, 915
32685, 915
45997, 915
22425, 915
47201, 915
31634, 915
36726, 915
43308, 915
38278, 915
21535, 915
12548, 915
35582, 915
21218, 915
28704, 915
16009, 915
46520, 915
38216, 915
30861, 915
12640, 915
38454, 915
32853, 915
48468, 915
34825, 915
29750, 915
22172, 915
26577, 915
29807, 915
32105, 915
34278, 915
23639, 915
43383, 915
38642, 915
28288, 915
40824, 915
17495, 915
30244, 915
40743, 915
47003, 915
42380, 915
46493, 915
27492, 915
32373, 915
43325, 915
48263, 915
22919, 915
35626, 915
20936, 915
12693, 915
27243, 915
23114, 915
13982, 915
14696, 915
39885, 915
34522, 915
37067, 915
24322, 915
41836, 915
41514, 915
41634, 915
46017, 915
24400, 915
21157, 915
20196, 915
33430, 915
22100, 915
42205, 915
19057, 915
44367, 915
16303, 915
42220, 915
35803, 915
34763, 915
16828, 915
25082, 915
34198, 915
39001, 915
23027, 915
19756, 915
15395, 915
48478, 915
31623, 915
37991, 915
29748, 915
915, 28963
30262, 916
47088, 916
916, 44244
46806, 917
917, 26003
43104, 918
918, 32870
918, 41116
918, 29942
14348, 919
21550, 919
25454, 919
30259, 919
19932, 919
29851, 919
33104, 919
37141, 919
919, 34172
27274, 920
920, 27657
25657, 921
921, 14821
921, 39218
921, 22779
17000, 922
922, 31267
42110, 923
923, 33491
20872, 924
924, 13657
924, 19074
924, 13178
924, 20596
31059, 925
925, 42251
27818, 926
926, 22907
42864, 927
927, 18379
38311, 928
45796, 928
928, 16151
45329, 929
22446, 929
929, 14544
30802, 930
930, 44883
930, 24069
930, 34080
39695, 931
931, 21486
43008, 932
932, 35374
932, 16416
46806, 933
933, 15337
46806, 934
934, 29555
39849, 935
935, 39470
26794, 936
936, 36476
936, 41800
25280, 937
937, 33132
937, 15457
36465, 938
938, 27996
938, 32687
46806, 939
939, 40161
45777, 940
18036, 940
30239, 940
30966, 940
34960, 940
15439, 940
24295, 940
21636, 940
46725, 940
940, 14432
940, 18154
17220, 941
941, 45852
31437, 942
18848, 942
35379, 942
942, 12842
31598, 943
943, 33075
31972, 944
944, 24433
38918, 945
945, 35843
42110, 946
946, 27538
28088, 947
46731, 947
947, 35551
947, 38860
947, 28842
947, 46199
29254, 948
948, 44800
42110, 949
949, 29272
36465, 950
950, 27996
21454, 951
39457, 951
951, 23058
34873, 952
46305, 952
42225, 952
28983, 952
952, 39430
28714, 953
953, 30038
953, 44385
31394, 954
954, 24007
42110, 955
955, 39849
21841, 956
20632, 956
29509, 956
20049, 956
17101, 956
35642, 956
16345, 956
46159, 956
46638, 956
46406, 956
25014, 956
32861, 956
27521, 956
43621, 956
27879, 956
28120, 956
23628, 956
36756, 956
38803, 956
29592, 956
22882, 956
21655, 956
41469, 956
35442, 956
25881, 956
24261, 956
30185, 956
37610, 956
956, 45050
17726, 957
46266, 957
21278, 957
27128, 957
13017, 957
33314, 957
44164, 957
31072, 957
24637, 957
40644, 957
25271, 957
29956, 957
29414, 957
14494, 957
46069, 957
30436, 957
35329, 957
34359, 957
38046, 957
35238, 957
31334, 957
19727, 957
19500, 957
41315, 957
28606, 957
957, 27054
24181, 958
958, 17282
958, 12720
23169, 959
959, 23130
42110, 960
960, 25951
15740, 961
961, 18447
36574, 962
962, 13862
36616, 963
963, 22534
36465, 964
964, 43180
27818, 965
965, 19686
41360, 966
22370, 966
966, 34740
966, 48475
966, 21989
966, 28943
966, 33898
966, 35753
31935, 967
42543, 967
967, 18303
31594, 968
968, 34137
29853, 969
28632, 969
969, 16885
35952, 970
33922, 970
970, 43497
21203, 971
971, 46428
971, 17281
971, 38644
21707, 972
972, 18712
48603, 973
22089, 973
12927, 973
32522, 973
13584, 973
24631, 973
18791, 973
36282, 973
36617, 973
19565, 973
30671, 973
15163, 973
42515, 973
40866, 973
23509, 973
46490, 973
41241, 973
23582, 973
39900, 973
27001, 973
46523, 973
14842, 973
16590, 973
37741, 973
19897, 973
38170, 973
17930, 973
24446, 973
33651, 973
39283, 973
14704, 973
35168, 973
27527, 973
42878, 973
15169, 973
33113, 973
15200, 973
37183, 973
20564, 973
38084, 973
973, 19413
27017, 974
974, 38760
26911, 975
975, 26594
975, 39165
14077, 976
976, 15602
42110, 977
977, 45453
27454, 978
978, 31333
978, 17426
42110, 979
979, 23576
46669, 980
980, 42145
31929, 981
981, 22572
41950, 982
982, 18134
982, 18627
982, 20231
40505, 983
983, 18634
26063, 984
984, 34453
28151, 985
985, 19970
47625, 986
46790, 986
986, 48176
986, 47684
17295, 987
987, 36102
987, 41982
41771, 988
988, 30557
37648, 989
989, 15825
38829, 990
990, 42848
20074, 991
991, 42139
26243, 992
992, 38858
992, 48444
14349, 993
993, 22828
993, 19340
993, 33190
993, 22602
25856, 994
13920, 994
994, 40795
994, 12831
42110, 995
995, 16208
46806, 996
996, 45943
42110, 997
997, 19819
31505, 998
998, 25567
26296, 999
999, 26914
999, 27754
999, 37431
21539, 1000
1000, 23181
13295, 1001
1001, 13034
42110, 1002
1002, 14859
30618, 1003
47457, 1003
25050, 1003
43182, 1003
20243, 1003
20754, 1003
40169, 1003
1003, 24617
29922, 1004
1004, 39024
1004, 22959
33886, 1005
47780, 1005
1005, 33510
20671, 1006
1006, 16110
22286, 1007
1007, 30870
22412, 1008
1008, 21612
1008, 13353
1008, 22163
42110, 1009
1009, 19287
42110, 1010
1010, 12964
44108, 1011
1011, 31168
1011, 28149
25826, 1012
1012, 25383
40636, 1013
1013, 16258
17581, 1014
1014, 40832
41201, 1015
1015, 31858
1015, 14765
33146, 1016
1016, 13318
1016, 32227
23377, 1017
1017, 29398
32202, 1018
1018, 32318
42110, 1019
1019, 30119
46439, 1020
28034, 1020
1020, 46697
41004, 1021
1021, 26486
31019, 1022
1022, 23083
19028, 1023
1023, 19960
1023, 21773
1023, 41690
1023, 47378
13387, 1024
1024, 32670
1024, 15510
14988, 1025
1025, 13008
38765, 1026
1026, 21495
30225, 1027
1027, 40821
39325, 1028
1028, 13008
33350, 1029
1029, 40131
28283, 1030
1030, 36233
1030, 14410
1030, 41754
42110, 1031
1031, 39849
20873, 1032
1032, 23018
42572, 1033
1033, 20193
36465, 1034
1034, 27996
1034, 19872
30927, 1035
1035, 18071
1035, 44469
29364, 1036
1036, 46444
19186, 1037
1037, 42182
46771, 1038
1038, 14658
1038, 27561
33342, 1039
1039, 41093
34994, 1040
1040, 17979
1040, 41122
1040, 43824
42110, 1041
1041, 40643
35379, 1042
1042, 38212
1042, 13436
46496, 1043
38458, 1043
37203, 1043
40755, 1043
46844, 1043
30710, 1043
34364, 1043
48357, 1043
20953, 1043
1043, 23267
42110, 1044
1044, 15553
42841, 1045
20339, 1045
1045, 39625
46728, 1046
1046, 20374
1046, 29472
13057, 1047
1047, 34482
40046, 1048
1048, 35017
32573, 1049
23308, 1049
1049, 12914
46806, 1050
1050, 29555
45748, 1051
1051, 44496
32873, 1052
1052, 33320
40909, 1053
1053, 22527
42110, 1054
1054, 17499
21640, 1055
1055, 35233
1055, 22356
35181, 1056
17243, 1056
1056, 26010
31771, 1057
1057, 30629
37906, 1058
1058, 29482
44351, 1059
1059, 22325
30530, 1060
14841, 1060
1060, 37082
24206, 1061
1061, 48401
1061, 47655
30571, 1062
1062, 21665
1062, 19511
1062, 17870
1062, 25388
1062, 27401
17107, 1063
19630, 1063
34873, 1063
40836, 1063
29196, 1063
20223, 1063
30292, 1063
41373, 1063
28890, 1063
42633, 1063
18569, 1063
22502, 1063
20334, 1063
20302, 1063
37750, 1063
31083, 1063
39964, 1063
42713, 1063
32465, 1063
35596, 1063
19710, 1063
44034, 1063
46343, 1063
21733, 1063
38138, 1063
37218, 1063
18374, 1063
45845, 1063
29356, 1063
39850, 1063
34064, 1063
35688, 1063
42848, 1063
19592, 1063
12989, 1063
40696, 1063
16641, 1063
20509, 1063
37459, 1063
22985, 1063
24269, 1063
37456, 1063
29972, 1063
17019, 1063
39157, 1063
44059, 1063
1063, 22454
33441, 1064
46455, 1064
1064, 19980
42110, 1065
1065, 13104
45591, 1066
1066, 27909
28747, 1067
1067, 48419
32903, 1068
1068, 30292
36465, 1069
1069, 18353
1069, 26139
44338, 1070
27911, 1070
1070, 38973
22585, 1071
1071, 40832
45527, 1072
1072, 14415
30926, 1073
1073, 28004
31394, 1074
1074, 31870
34784, 1075
1075, 40291
36465, 1076
1076, 30560
1076, 47586
40186, 1077
1077, 13250
43027, 1078
1078, 39979
19530, 1079
1079, 38557
30680, 1080
1080, 25768
1080, 28458
42110, 1081
1081, 48294
28867, 1082
1082, 40391
33254, 1083
1083, 26622
42110, 1084
1084, 28215
36465, 1085
1085, 14153
30360, 1086
1086, 34828
26593, 1087
1087, 46611
28236, 1088
1088, 39919
1088, 25833
42110, 1089
1089, 45084
36465, 1090
1090, 37149
1090, 26528
42110, 1091
1091, 31169
42110, 1092
1092, 27647
29702, 1093
27533, 1093
1093, 27315
22382, 1094
1094, 21452
26638, 1095
1095, 29923
35379, 1096
1096, 27940
22259, 1097
1097, 39915
31953, 1098
29555, 1098
37456, 1098
1098, 14750
27818, 1099
1099, 40326
32585, 1100
1100, 44931
36465, 1101
1101, 27996
1101, 40251
16757, 1102
1102, 39523
31900, 1103
1103, 14218
39075, 1104
39647, 1104
1104, 42658
14286, 1105
28781, 1105
18070, 1105
34055, 1105
1105, 40575
47234, 1106
1106, 25260
34392, 1107
1107, 27812
45108, 1108
1108, 38018
31340, 1109
1109, 43541
29494, 1110
17736, 1110
35052, 1110
24313, 1110
34860, 1110
22535, 1110
38749, 1110
45349, 1110
35779, 1110
13566, 1110
24767, 1110
45116, 1110
24760, 1110
24219, 1110
24553, 1110
31715, 1110
28330, 1110
14430, 1110
18735, 1110
31833, 1110
32256, 1110
24948, 1110
18022, 1110
29203, 1110
43139, 1110
37802, 1110
27719, 1110
40771, 1110
36948, 1110
24252, 1110
18967, 1110
46641, 1110
13250, 1110
26024, 1110
21648, 1110
15216, 1110
12350, 1110
21414, 1110
26345, 1110
38985, 1110
27382, 1110
20777, 1110
48582, 1110
34437, 1110
19872, 1110
17400, 1110
48017, 1110
37751, 1110
37908, 1110
22132, 1110
38172, 1110
21818, 1110
45354, 1110
30081, 1110
21674, 1110
17137, 1110
12401, 1110
25903, 1110
19089, 1110
34752, 1110
28613, 1110
48249, 1110
31472, 1110
27802, 1110
44322, 1110
47584, 1110
48112, 1110
35792, 1110
40872, 1110
19568, 1110
17095, 1110
28694, 1110
17760, 1110
45150, 1110
16862, 1110
27653, 1110
32391, 1110
32551, 1110
40467, 1110
40230, 1110
18009, 1110
23598, 1110
26278, 1110
13182, 1110
35777, 1110
41868, 1110
30442, 1110
29132, 1110
31820, 1110
34698, 1110
17718, 1110
42481, 1110
15217, 1110
22859, 1110
18710, 1110
29230, 1110
29211, 1110
24643, 1110
27143, 1110
42727, 1110
45516, 1110
19870, 1110
35716, 1110
21860, 1110
13483, 1110
47389, 1110
40812, 1110
32415, 1110
33731, 1110
19353, 1110
35153, 1110
14951, 1110
36956, 1110
46410, 1110
34256, 1110
24160, 1110
39258, 1110
17171, 1110
37935, 1110
17714, 1110
27656, 1110
12919, 1110
21309, 1110
28976, 1110
34550, 1110
43964, 1110
12645, 1110
16657, 1110
27938, 1110
45907, 1110
48360, 1110
40251, 1110
13306, 1110
26519, 1110
20310, 1110
39074, 1110
17298, 1110
15060, 1110
48096, 1110
16817, 1110
20989, 1110
34142, 1110
36060, 1110
23713, 1110
44846, 1110
12508, 1110
26950, 1110
44308, 1110
29257, 1110
23189, 1110
36247, 1110
43318, 1110
43985, 1110
36626, 1110
28519, 1110
33165, 1110
47467, 1110
44176, 1110
35389, 1110
20313, 1110
43723, 1110
29374, 1110
39193, 1110
24881, 1110
37231, 1110
33667, 1110
18802, 1110
45816, 1110
39822, 1110
43643, 1110
38850, 1110
44804, 1110
31984, 1110
45419, 1110
40586, 1110
31710, 1110
35100, 1110
31954, 1110
36641, 1110
12420, 1110
33810, 1110
40490, 1110
23129, 1110
27408, 1110
32745, 1110
12422, 1110
30123, 1110
21379, 1110
35059, 1110
37482, 1110
23132, 1110
45542, 1110
42404, 1110
38178, 1110
44966, 1110
39745, 1110
39740, 1110
43285, 1110
47710, 1110
26139, 1110
31267, 1110
24131, 1110
31248, 1110
15299, 1110
1110, 28053
1110, 46806
47769, 1111
1111, 37140
15689, 1112
1112, 15071
27631, 1113
1113, 30989
19318, 1114
1114, 12844
1114, 33388
1114, 24750
28932, 1115
1115, 43102
36137, 1116
1116, 36047
20604, 1117
1117, 29571
1117, 13213
1117, 21965
22823, 1118
42741, 1118
28015, 1118
27688, 1118
24317, 1118
19722, 1118
47067, 1118
28104, 1118
23780, 1118
18382, 1118
15514, 1118
41948, 1118
40848, 1118
41968, 1118
26256, 1118
45496, 1118
40659, 1118
13644, 1118
13594, 1118
34815, 1118
32576, 1118
23449, 1118
45872, 1118
47596, 1118
14046, 1118
19696, 1118
28212, 1118
38820, 1118
48666, 1118
44570, 1118
24286, 1118
24544, 1118
1118, 37831
42110, 1119
1119, 29698
26381, 1120
1120, 27783
24580, 1121
31153, 1121
1121, 34944
42214, 1122
37962, 1122
23559, 1122
46369, 1122
17956, 1122
19358, 1122
13180, 1122
41591, 1122
19099, 1122
35348, 1122
17839, 1122
47760, 1122
21646, 1122
32223, 1122
44821, 1122
26746, 1122
37424, 1122
45090, 1122
24488, 1122
46027, 1122
41006, 1122
45998, 1122
40600, 1122
34355, 1122
14228, 1122
1122, 37483
46090, 1123
1123, 21894
1123, 37269
19007, 1124
1124, 47159
28939, 1125
22548, 1125
34225, 1125
17616, 1125
30306, 1125
1125, 44231
39420, 1126
1126, 20404
1126, 26643
1126, 19507
1126, 17346
29974, 1127
1127, 43897
32213, 1128
37444, 1128
31622, 1128
40527, 1128
1128, 42498
48023, 1129
1129, 22824
40414, 1130
1130, 38925
26606, 1131
1131, 40049
40833, 1132
1132, 17519
1132, 30192
1132, 38858
1132, 16302
1132, 13782
1132, 46346
1132, 36476
1132, 27105
46098, 1133
1133, 41693
47518, 1134
1134, 34977
19598, 1135
1135, 48084
46806, 1136
1136, 48330
21881, 1137
14396, 1137
1137, 22502
14482, 1138
1138, 24046
42110, 1139
1139, 35355
34285, 1140
1140, 29817
22032, 1141
17073, 1141
1141, 32290
1141, 17228
1141, 16339
23000, 1142
25653, 1142
1142, 42550
23616, 1143
1143, 20550
25759, 1144
1144, 32583
32967, 1145
1145, 12872
1145, 18049
1145, 36903
42421, 1146
1146, 39445
1146, 27708
1146, 17228
1146, 48621
27829, 1147
43585, 1147
1147, 19348
1147, 44557
20142, 1148
1148, 28976
26875, 1149
1149, 44427
1149, 40119
31333, 1150
1150, 14491
20081, 1151
1151, 46151
1151, 30942
1151, 20959
1151, 48064
1151, 43119
13165, 1152
1152, 19069
1152, 43732
47552, 1153
1153, 33919
42225, 1154
13486, 1154
1154, 45416
20923, 1155
45311, 1155
14521, 1155
19663, 1155
1155, 33339
38529, 1156
1156, 13660
35000, 1157
1157, 15492
17765, 1158
1158, 39416
1158, 33457
1158, 13561
1158, 41690
29986, 1159
1159, 13888
1159, 36423
42110, 1160
1160, 20057
46806, 1161
1161, 35718
1161, 35687
36465, 1162
1162, 27996
1162, 19447
41225, 1163
16156, 1163
16820, 1163
26829, 1163
21547, 1163
12611, 1163
45745, 1163
24146, 1163
27958, 1163
37173, 1163
15322, 1163
40938, 1163
24527, 1163
19590, 1163
12372, 1163
17610, 1163
34757, 1163
41061, 1163
21416, 1163
36916, 1163
17796, 1163
26315, 1163
17670, 1163
23395, 1163
31642, 1163
43750, 1163
43911, 1163
28146, 1163
47995, 1163
23863, 1163
1163, 41619
33816, 1164
1164, 18288
18441, 1165
1165, 16768
41498, 1166
1166, 34697
47886, 1167
1167, 19015
1167, 41269
17072, 1168
1168, 14336
33402, 1169
1169, 43285
44298, 1170
29990, 1170
28302, 1170
46250, 1170
24231, 1170
24537, 1170
30426, 1170
1170, 46140
1170, 19187
1170, 33432
1170, 21063
1170, 13269
1170, 48444
36690, 1171
21120, 1171
1171, 32503
1171, 29375
47583, 1172
20242, 1172
35379, 1172
1172, 42109
33145, 1173
27387, 1173
1173, 42383
38136, 1174
20334, 1174
47615, 1174
38855, 1174
23313, 1174
45589, 1174
1174, 48387
44490, 1175
1175, 29783
44359, 1176
1176, 48074
19974, 1177
1177, 40705
39198, 1178
1178, 31280
15862, 1179
1179, 34054
40037, 1180
1180, 29331
34671, 1181
48070, 1181
1181, 40814
20424, 1182
29480, 1182
15458, 1182
18388, 1182
38531, 1182
15694, 1182
48430, 1182
19712, 1182
31296, 1182
48521, 1182
31399, 1182
1182, 38664
41282, 1183
1183, 34033
17396, 1184
1184, 33135
42110, 1185
1185, 30394
19351, 1186
1186, 46808
32461, 1187
1187, 15763
30362, 1188
17721, 1188
1188, 27973
40513, 1189
1189, 39472
20752, 1190
1190, 40897
44734, 1191
1191, 47264
1191, 27401
46829, 1192
1192, 34623
20766, 1193
1193, 20374
31394, 1194
1194, 20934
25341, 1195
17086, 1195
1195, 15400
24057, 1196
1196, 17742
17549, 1197
1197, 21532
22188, 1198
1198, 41428
46806, 1199
1199, 29555
14215, 1200
30599, 1200
1200, 20191
37519, 1201
1201, 30876
19015, 1202
27223, 1202
42950, 1202
1202, 37328
30097, 1203
20129, 1203
1203, 17346
18995, 1204
1204, 23346
1204, 48354
1204, 39484
1204, 36327
42110, 1205
1205, 19398
31059, 1206
1206, 24832
42110, 1207
1207, 45746
45940, 1208
1208, 36690
41951, 1209
1209, 17182
42110, 1210
1210, 37832
21488, 1211
19710, 1211
1211, 30126
33470, 1212
25730, 1212
29119, 1212
33752, 1212
19177, 1212
44078, 1212
29682, 1212
19486, 1212
1212, 37740
29149, 1213
1213, 47687
13808, 1214
1214, 17362
40891, 1215
1215, 36524
28876, 1216
1216, 17167
42110, 1217
1217, 19864
46806, 1218
1218, 33948
34485, 1219
1219, 47615
30859, 1220
1220, 30212
1220, 14890
1220, 42503
1220, 32288
1220, 27664
45984, 1221
23840, 1221
39827, 1221
1221, 44521
40246, 1222
1222, 16657
46509, 1223
1223, 28784
1223, 41535
1223, 42152
1223, 46217
1223, 14917
32898, 1224
1224, 25946
39079, 1225
36010, 1225
1225, 18394
42110, 1226
1226, 30273
18722, 1227
1227, 19080
39773, 1228
1228, 35570
38829, 1229
1229, 16275
24870, 1230
41489, 1230
33577, 1230
34192, 1230
39829, 1230
26993, 1230
48588, 1230
38940, 1230
17961, 1230
14542, 1230
24419, 1230
36836, 1230
21500, 1230
15971, 1230
39259, 1230
13516, 1230
22810, 1230
13392, 1230
34907, 1230
37230, 1230
30374, 1230
14472, 1230
42994, 1230
16629, 1230
32417, 1230
45560, 1230
37617, 1230
14891, 1230
26744, 1230
28672, 1230
21706, 1230
24215, 1230
39337, 1230
19559, 1230
17661, 1230
20753, 1230
21388, 1230
1230, 19161
30769, 1231
1231, 47388
1231, 27783
1231, 16386
13956, 1232
1232, 45075
1232, 21922
1232, 27409
1232, 39657
1232, 29942
46076, 1233
1233, 35065
42110, 1234
1234, 13421
46806, 1235
1235, 18312
1235, 21316
17192, 1236
1236, 19367
37595, 1237
1237, 16034
14131, 1238
1238, 34307
31867, 1239
1239, 19349
30987, 1240
1240, 48088
22292, 1241
1241, 35850
46595, 1242
1242, 47625
20601, 1243
1243, 21335
1243, 39988
1243, 31299
1243, 30165
1243, 44322
42110, 1244
1244, 24678
44850, 1245
1245, 25924
42110, 1246
1246, 31337
25296, 1247
1247, 35735
1247, 33496
1247, 44056
1247, 31185
1247, 21476
1247, 16014
18090, 1248
1248, 24790
1248, 17304
1248, 25491
1248, 28979
1248, 22625
1248, 30393
38078, 1249
1249, 15115
42110, 1250
1250, 35964
14497, 1251
1251, 16817
45451, 1252
1252, 17701
46806, 1253
1253, 37727
45915, 1254
1254, 30637
38829, 1255
1255, 29356
17240, 1256
1256, 33674
23620, 1257
1257, 13418
46519, 1258
1258, 38879
27013, 1259
1259, 31526
15195, 1260
1260, 28980
1260, 38836
28038, 1261
15571, 1261
44997, 1261
40459, 1261
32212, 1261
1261, 34335
24186, 1262
1262, 31769
27818, 1263
1263, 48017
29196, 1264
27865, 1264
30870, 1264
24617, 1264
45329, 1264
1264, 25042
35009, 1265
1265, 33243
31394, 1266
1266, 34142
14310, 1267
1267, 48519
1267, 37544
1267, 40524
42110, 1268
1268, 32919
15240, 1269
1269, 41023
1269, 22564
1269, 16767
32857, 1270
1270, 37262
42110, 1271
1271, 20496
18033, 1272
1272, 39443
42110, 1273
1273, 38363
22042, 1274
34334, 1274
1274, 45153
19151, 1275
1275, 26809
31394, 1276
1276, 19049
35086, 1277
1277, 21552
1277, 41815
17907, 1278
1278, 39643
44614, 1279
1279, 47393
45251, 1280
46434, 1280
1280, 24871
42174, 1281
1281, 19786
42110, 1282
1282, 15728
42110, 1283
1283, 24375
44862, 1284
1284, 18469
1284, 24046
1284, 25022
37425, 1285
1285, 37967
45823, 1286
1286, 36484
41951, 1287
1287, 18444
17184, 1288
26525, 1288
34019, 1288
1288, 31835
14530, 1289
1289, 20823
32893, 1290
1290, 37593
44074, 1291
1291, 25778
22981, 1292
1292, 26505
1292, 32489
1292, 35558
14131, 1293
1293, 19858
28823, 1294
1294, 46427
1294, 38188
42110, 1295
1295, 48410
27381, 1296
1296, 20776
24207, 1297
1297, 39486
18999, 1298
1298, 34661
36465, 1299
1299, 18008
43928, 1300
1300, 19737
31394, 1301
1301, 13238
1301, 22435
23059, 1302
13501, 1302
1302, 33517
43518, 1303
1303, 37447
36486, 1304
1304, 29702
22681, 1305
46100, 1305
43782, 1305
35419, 1305
1305, 14485
16636, 1306
1306, 28688
15946, 1307
1307, 43449
18059, 1308
1308, 23401
46806, 1309
1309, 46381
43692, 1310
34084, 1310
1310, 28659
1310, 26191
1310, 48231
1310, 22071
27343, 1311
17231, 1311
1311, 29098
33288, 1312
1312, 22354
1312, 16539
1312, 26636
30536, 1313
1313, 43985
36465, 1314
1314, 27996
1314, 14420
14416, 1315
1315, 22859
34565, 1316
1316, 41162
31164, 1317
1317, 23265
19124, 1318
1318, 35440
47755, 1319
26451, 1319
16655, 1319
47727, 1319
27063, 1319
28505, 1319
41966, 1319
24594, 1319
41438, 1319
41535, 1319
14821, 1319
27517, 1319
33496, 1319
35496, 1319
46392, 1319
27783, 1319
16764, 1319
37529, 1319
32398, 1319
27904, 1319
31176, 1319
27505, 1319
35862, 1319
37593, 1319
40611, 1319
21661, 1319
12756, 1319
22280, 1319
32706, 1319
36476, 1319
34208, 1319
14025, 1319
27302, 1319
16661, 1319
19901, 1319
17514, 1319
20841, 1319
35500, 1319
22022, 1319
21495, 1319
39884, 1319
1319, 45991
40740, 1320
1320, 40559
34206, 1321
1321, 24444
1321, 21408
13168, 1322
1322, 22328
33915, 1323
1323, 23879
24579, 1324
1324, 36502
1324, 22417
25298, 1325
37750, 1325
17014, 1325
38860, 1325
1325, 40717
23014, 1326
1326, 28953
42110, 1327
1327, 48353
25075, 1328
1328, 37218
40505, 1329
1329, 18634
43135, 1330
1330, 35868
1330, 43083
1330, 20596
40898, 1331
1331, 21108
30282, 1332
1332, 36101
13616, 1333
1333, 42484
1333, 14370
1333, 16386
48418, 1334
1334, 35649
1334, 26367
1334, 28911
36629, 1335
1335, 34117
1335, 36127
45205, 1336
1336, 32935
31342, 1337
1337, 18985
1337, 38644
1337, 32631
30414, 1338
1338, 28976
13617, 1339
1339, 17675
39546, 1340
1340, 27539
1340, 42503
1340, 38059
38829, 1341
1341, 38684
28990, 1342
1342, 32330
37917, 1343
1343, 35006
15691, 1344
42955, 1344
1344, 18969
41938, 1345
1345, 48252
33638, 1346
1346, 35148
33158, 1347
38566, 1347
1347, 45878
1347, 42095
1347, 21540
36616, 1348
1348, 22132
1348, 37807
39743, 1349
16483, 1349
32039, 1349
19595, 1349
30217, 1349
35634, 1349
43168, 1349
42768, 1349
32829, 1349
41598, 1349
35575, 1349
27194, 1349
18049, 1349
35874, 1349
24218, 1349
38867, 1349
34216, 1349
42342, 1349
33157, 1349
15910, 1349
27518, 1349
22356, 1349
39445, 1349
30640, 1349
35625, 1349
31619, 1349
17464, 1349
40017, 1349
33800, 1349
14609, 1349
48231, 1349
45129, 1349
16530, 1349
36903, 1349
34224, 1349
31858, 1349
14765, 1349
19296, 1349
38879, 1349
20018, 1349
17275, 1349
18627, 1349
38370, 1349
44974, 1349
37545, 1349
31051, 1349
14059, 1349
12778, 1349
17512, 1349
31526, 1349
36926, 1349
28058, 1349
43346, 1349
34653, 1349
43468, 1349
40087, 1349
33339, 1349
27708, 1349
25253, 1349
22530, 1349
46307, 1349
33164, 1349
19892, 1349
38930, 1349
42503, 1349
20502, 1349
31221, 1349
15491, 1349
16765, 1349
17528, 1349
48246, 1349
15457, 1349
19207, 1349
1349, 42110
42110, 1350
1350, 47720
12822, 1351
1351, 47114
1351, 30699
37761, 1352
40838, 1352
1352, 18333
35157, 1353
1353, 44770
29167, 1354
1354, 39359
19677, 1355
1355, 41089
38918, 1356
1356, 35843
46757, 1357
1357, 16692
27818, 1358
1358, 44979
18404, 1359
1359, 23022
1359, 21668
16253, 1360
1360, 22025
26167, 1361
1361, 37913
42110, 1362
1362, 18147
31059, 1363
1363, 17606
42110, 1364
1364, 19287
43945, 1365
1365, 16843
12305, 1366
1366, 23186
29310, 1367
1367, 22420
1367, 19804
35071, 1368
1368, 18022
36084, 1369
1369, 34110
1369, 27664
1369, 16705
29957, 1370
1370, 20823
44971, 1371
13576, 1371
43658, 1371
34917, 1371
34388, 1371
24026, 1371
42855, 1371
1371, 16910
22016, 1372
1372, 12706
37069, 1373
1373, 24524
42174, 1374
1374, 34905
42110, 1375
1375, 35333
27306, 1376
23614, 1376
1376, 30902
32259, 1377
19894, 1377
1377, 40980
29141, 1378
19198, 1378
43226, 1378
1378, 19870
1378, 22927
28005, 1379
1379, 13226
36465, 1380
1380, 26345
1380, 47481
1380, 40230
1380, 33450
1380, 20577
37005, 1381
1381, 36060
45619, 1382
46820, 1382
30572, 1382
35894, 1382
40236, 1382
43566, 1382
24739, 1382
42197, 1382
32067, 1382
48308, 1382
27089, 1382
21441, 1382
42107, 1382
28678, 1382
48142, 1382
17036, 1382
43149, 1382
29006, 1382
1382, 39586
1382, 22182
34455, 1383
1383, 34705
1383, 44947
1383, 32918
16980, 1384
43264, 1384
1384, 34686
38829, 1385
1385, 15491
38919, 1386
1386, 40872
47590, 1387
1387, 14830
31346, 1388
15365, 1388
33771, 1388
41073, 1388
19650, 1388
47442, 1388
26498, 1388
37990, 1388
1388, 19041
14130, 1389
1389, 25331
15336, 1390
1390, 21516
19020, 1391
1391, 42379
45558, 1392
1392, 34890
1392, 27194
1392, 37967
1392, 26836
32903, 1393
1393, 30292
16875, 1394
39311, 1394
16640, 1394
17352, 1394
1394, 38834
1394, 27269
42542, 1395
1395, 41790
1395, 37405
1395, 41878
32620, 1396
1396, 34226
30186, 1397
1397, 22025
13866, 1398
1398, 16460
1398, 38754
42110, 1399
1399, 17224
30173, 1400
1400, 22521
42110, 1401
1401, 17940
16554, 1402
1402, 20973
37429, 1403
25013, 1403
1403, 34648
40297, 1404
34781, 1404
1404, 19361
32638, 1405
1405, 40213
15123, 1406
1406, 44883
40751, 1407
24118, 1407
13706, 1407
1407, 40897
14475, 1408
44286, 1408
1408, 16147
1408, 35198
38829, 1409
1409, 34229
23652, 1410
1410, 47755
33370, 1411
1411, 32627
47485, 1412
1412, 44427
34272, 1413
1413, 47931
35871, 1414
1414, 24417
42110, 1415
1415, 38922
17184, 1416
19015, 1416
1416, 22695
24623, 1417
18226, 1417
36317, 1417
1417, 26525
1417, 48246
32578, 1418
1418, 13849
42112, 1419
1419, 15763
34495, 1420
1420, 38125
29202, 1421
1421, 29752
15282, 1422
1422, 45911
12909, 1423
1423, 21049
42110, 1424
1424, 27910
33681, 1425
1425, 40052
16800, 1426
28242, 1426
1426, 24724
1426, 12623
1426, 33444
16969, 1427
34229, 1427
47891, 1427
1427, 35693
26828, 1428
1428, 12991
47888, 1429
1429, 12887
14534, 1430
1430, 47761
1430, 19202
42110, 1431
1431, 33269
22585, 1432
1432, 40832
46806, 1433
1433, 12587
47272, 1434
1434, 19163
32012, 1435
1435, 16764
1435, 41358
42271, 1436
1436, 37031
16960, 1437
37450, 1437
1437, 16958
43362, 1438
1438, 19615
19691, 1439
1439, 13486
41431, 1440
1440, 30850
24563, 1441
1441, 20154
41680, 1442
1442, 30069
44755, 1443
1443, 30389
43958, 1444
1444, 33882
1444, 33781
1444, 39059
1444, 30252
1444, 21264
1444, 12380
1444, 42641
1444, 17565
23444, 1445
24764, 1445
1445, 21809
14414, 1446
1446, 25316
27084, 1447
17113, 1447
18398, 1447
47837, 1447
12352, 1447
1447, 29653
48253, 1448
1448, 35325
16007, 1449
1449, 46349
23588, 1450
1450, 47475
18674, 1451
46246, 1451
1451, 29203
1451, 43285
37834, 1452
1452, 17536
45411, 1453
18046, 1453
20277, 1453
1453, 14025
40561, 1454
1454, 27612
25078, 1455
1455, 27599
1455, 33044
40118, 1456
1456, 39258
39078, 1457
1457, 29226
1457, 36104
1457, 16095
1457, 14147
42110, 1458
1458, 17922
42110, 1459
1459, 19548
41965, 1460
39847, 1460
1460, 37736
13030, 1461
1461, 23073
39350, 1462
1462, 30722
46806, 1463
1463, 41487
16969, 1464
22339, 1464
43276, 1464
22939, 1464
28523, 1464
38136, 1464
45572, 1464
21294, 1464
30989, 1464
21120, 1464
43906, 1464
47811, 1464
29613, 1464
39586, 1464
46035, 1464
32670, 1464
15473, 1464
46203, 1464
35457, 1464
29702, 1464
45911, 1464
28729, 1464
47185, 1464
18132, 1464
30584, 1464
41790, 1464
28953, 1464
14573, 1464
28592, 1464
18677, 1464
1464, 35703
48464, 1465
1465, 38796
39076, 1466
1466, 24280
1466, 27158
41951, 1467
1467, 16788
42110, 1468
1468, 33308
42174, 1469
1469, 35882
44259, 1470
15225, 1470
1470, 22768
28925, 1471
44956, 1471
26065, 1471
34103, 1471
19703, 1471
22802, 1471
22578, 1471
23316, 1471
24401, 1471
35005, 1471
42592, 1471
19091, 1471
44610, 1471
45553, 1471
35773, 1471
37202, 1471
24415, 1471
16976, 1471
41335, 1471
37131, 1471
47250, 1471
38062, 1471
42086, 1471
18340, 1471
23923, 1471
28121, 1471
13142, 1471
45113, 1471
43570, 1471
17854, 1471
40328, 1471
33499, 1471
28174, 1471
19333, 1471
23242, 1471
39648, 1471
17906, 1471
43581, 1471
23587, 1471
47885, 1471
41784, 1471
32869, 1471
12308, 1471
27867, 1471
29625, 1471
21149, 1471
40805, 1471
33123, 1471
17754, 1471
27119, 1471
40268, 1471
28709, 1471
12933, 1471
13932, 1471
47180, 1471
33643, 1471
35305, 1471
24650, 1471
43690, 1471
41372, 1471
19168, 1471
13260, 1471
25718, 1471
20355, 1471
44933, 1471
29351, 1471
34077, 1471
13696, 1471
24596, 1471
14680, 1471
23024, 1471
36107, 1471
47499, 1471
16402, 1471
19532, 1471
45011, 1471
42173, 1471
34461, 1471
30832, 1471
16604, 1471
46054, 1471
34173, 1471
24565, 1471
27248, 1471
12609, 1471
28282, 1471
23530, 1471
33087, 1471
17689, 1471
17698, 1471
34499, 1471
25003, 1471
18099, 1471
45825, 1471
18812, 1471
14108, 1471
38924, 1471
37347, 1471
39376, 1471
30521, 1471
37953, 1471
37743, 1471
23580, 1471
32595, 1471
1471, 22294
13823, 1472
44662, 1472
24450, 1472
47243, 1472
15736, 1472
41793, 1472
19516, 1472
42583, 1472
29910, 1472
13814, 1472
18724, 1472
42899, 1472
1472, 20975
34046, 1473
1473, 40313
37206, 1474
12366, 1474
1474, 43134
45038, 1475
1475, 46335
41164, 1476
1476, 20740
39801, 1477
1477, 44225
29741, 1478
1478, 44995
26666, 1479
1479, 30237
20176, 1480
1480, 28323
1480, 34493
42110, 1481
1481, 21066
42110, 1482
1482, 44744
39159, 1483
41006, 1483
27623, 1483
45827, 1483
36457, 1483
33538, 1483
17531, 1483
43249, 1483
1483, 39745
32177, 1484
46532, 1484
46505, 1484
14778, 1484
37124, 1484
46681, 1484
30029, 1484
36176, 1484
38535, 1484
47701, 1484
1484, 41112
22639, 1485
1485, 23046
46806, 1486
1486, 45589
19187, 1487
19698, 1487
1487, 19000
20647, 1488
1488, 25856
1488, 22071
15131, 1489
1489, 23695
36465, 1490
1490, 15139
1490, 38319
1490, 22201
37804, 1491
17503, 1491
1491, 38867
42110, 1492
1492, 24539
17266, 1493
1493, 21650
1493, 45116
1493, 42736
1493, 39521
1493, 24948
1493, 43139
1493, 37802
1493, 41551
1493, 34701
1493, 35447
1493, 35236
1493, 43009
1493, 25870
1493, 32612
1493, 13848
1493, 31472
1493, 48112
1493, 16589
1493, 33166
1493, 31439
1493, 23598
1493, 25390
1493, 37684
1493, 38286
1493, 26059
1493, 48082
1493, 20844
1493, 27161
1493, 21638
1493, 19353
1493, 36956
1493, 16992
1493, 27656
1493, 44802
1493, 41154
1493, 25031
1493, 29721
1493, 26025
1493, 24700
1493, 18737
1493, 12508
1493, 13666
1493, 15951
1493, 38565
1493, 37560
1493, 33171
1493, 21990
1493, 48385
17825, 1494
1494, 21997
43160, 1495
1495, 26032
46806, 1496
1496, 18609
1496, 27932
37631, 1497
1497, 28285
45384, 1498
26697, 1498
1498, 13029
42110, 1499
1499, 47340
22596, 1500
1500, 17774
1500, 35575
1500, 29793
1500, 32380
42110, 1501
1501, 19276
27881, 1502
30444, 1502
36406, 1502
26266, 1502
1502, 41113
42907, 1503
1503, 43851
42110, 1504
1504, 35884
41407, 1505
1505, 40291
45849, 1506
1506, 23735
22679, 1507
21492, 1507
1507, 13269
12962, 1508
25272, 1508
1508, 37721
45658, 1509
1509, 32696
1509, 33831
1509, 14090
1509, 39950
1509, 38655
42110, 1510
1510, 40643
46730, 1511
1511, 46129
1511, 18264
1511, 28190
45447, 1512
1512, 34568
38829, 1513
1513, 25226
42110, 1514
1514, 13667
42982, 1515
27306, 1515
32559, 1515
1515, 26726
47153, 1516
45954, 1516
1516, 27445
31059, 1517
1517, 22371
44101, 1518
1518, 36405
31108, 1519
1519, 25402
1519, 27351
23943, 1520
1520, 46073
17387, 1521
1521, 42077
15570, 1522
16644, 1522
1522, 18761
45926, 1523
1523, 27783
1523, 15457
1523, 40559
45782, 1524
1524, 18981
34668, 1525
33231, 1525
23997, 1525
42831, 1525
1525, 44604
23538, 1526
1526, 41203
46137, 1527
1527, 32609
13545, 1528
19187, 1528
35497, 1528
1528, 23641
16167, 1529
1529, 18628
42110, 1530
1530, 24002
21578, 1531
1531, 13226
31594, 1532
1532, 34137
43996, 1533
1533, 36765
30729, 1534
1534, 24835
1534, 15376
44550, 1535
1535, 32196
1535, 27295
42110, 1536
1536, 26157
42110, 1537
1537, 37662
44062, 1538
1538, 19686
15805, 1539
44054, 1539
16739, 1539
17519, 1539
34873, 1539
28490, 1539
21586, 1539
17184, 1539
24444, 1539
28855, 1539
36337, 1539
38048, 1539
32503, 1539
13453, 1539
43276, 1539
33906, 1539
25885, 1539
39301, 1539
19372, 1539
42225, 1539
48365, 1539
16960, 1539
15036, 1539
22147, 1539
31845, 1539
30292, 1539
33863, 1539
38543, 1539
26332, 1539
48007, 1539
42833, 1539
13323, 1539
13151, 1539
34790, 1539
19290, 1539
47811, 1539
16243, 1539
40744, 1539
36575, 1539
42109, 1539
21204, 1539
15465, 1539
40821, 1539
39138, 1539
26705, 1539
48176, 1539
16295, 1539
26864, 1539
26542, 1539
34061, 1539
47615, 1539
24926, 1539
19161, 1539
37750, 1539
30013, 1539
34693, 1539
46376, 1539
30897, 1539
46035, 1539
32670, 1539
34137, 1539
45425, 1539
32870, 1539
17047, 1539
22004, 1539
36751, 1539
21531, 1539
16645, 1539
34989, 1539
42224, 1539
27640, 1539
14902, 1539
46741, 1539
22954, 1539
29356, 1539
26367, 1539
47625, 1539
21320, 1539
36475, 1539
38978, 1539
22795, 1539
15532, 1539
20002, 1539
38860, 1539
42200, 1539
35558, 1539
42288, 1539
35680, 1539
27100, 1539
39201, 1539
31455, 1539
25229, 1539
46465, 1539
15191, 1539
45837, 1539
19405, 1539
26604, 1539
21922, 1539
48121, 1539
24832, 1539
34977, 1539
23203, 1539
22985, 1539
36383, 1539
28400, 1539
44440, 1539
35578, 1539
31180, 1539
43403, 1539
45329, 1539
21889, 1539
37456, 1539
15525, 1539
27940, 1539
28810, 1539
28306, 1539
31559, 1539
14573, 1539
13856, 1539
15096, 1539
22446, 1539
47146, 1539
31263, 1539
1539, 19990
26067, 1540
1540, 43392
16097, 1541
1541, 16703
42110, 1542
1542, 48333
47238, 1543
15548, 1543
1543, 36160
28759, 1544
1544, 18347
1544, 12874
43888, 1545
1545, 23189
21280, 1546
1546, 32026
1546, 39932
42079, 1547
1547, 24783
1547, 13862
36465, 1548
1548, 18802
1548, 27488
42640, 1549
18475, 1549
1549, 26639
20803, 1550
1550, 18468
28585, 1551
1551, 25590
31112, 1552
1552, 42429
19486, 1553
28011, 1553
1553, 20515
19125, 1554
1554, 35439
46806, 1555
1555, 32882
29531, 1556
1556, 37318
1556, 24760
16333, 1557
1557, 44337
32578, 1558
1558, 33565
24099, 1559
1559, 22755
45488, 1560
1560, 34821
46437, 1561
1561, 12411
47120, 1562
39226, 1562
1562, 38544
32578, 1563
1563, 32459
27274, 1564
1564, 33708
16756, 1565
1565, 29025
38212, 1566
1566, 17342
42110, 1567
1567, 17722
34541, 1568
1568, 21364
42110, 1569
1569, 46298
36465, 1570
1570, 27996
1570, 19872
1570, 39193
19475, 1571
33977, 1571
18746, 1571
35240, 1571
18174, 1571
1571, 36575
46806, 1572
1572, 15682
18376, 1573
1573, 23222
1573, 12401
42110, 1574
1574, 16234
36465, 1575
1575, 19872
46806, 1576
1576, 33066
46806, 1577
1577, 33808
1577, 27786
44868, 1578
1578, 25726
34784, 1579
1579, 39129
27274, 1580
1580, 14774
1580, 35199
1580, 45618
29860, 1581
1581, 13308
1581, 25798
30956, 1582
17763, 1582
1582, 21970
16691, 1583
1583, 16425
28899, 1584
1584, 26057
25930, 1585
1585, 34263
1585, 29226
1585, 14764
1585, 18065
1585, 31691
46806, 1586
1586, 22216
23895, 1587
1587, 17494
46806, 1588
1588, 16668
28247, 1589
1589, 28231
44073, 1590
44376, 1590
34771, 1590
1590, 18661
25717, 1591
1591, 20796
33062, 1592
1592, 36366
16056, 1593
1593, 21196
34854, 1594
1594, 32123
19044, 1595
1595, 48399
31035, 1596
12335, 1596
1596, 38729
46907, 1597
1597, 34735
21306, 1598
1598, 25450
25284, 1599
1599, 15601
34366, 1600
1600, 32240
21529, 1601
27267, 1601
38518, 1601
23232, 1601
20166, 1601
41646, 1601
1601, 28866
44495, 1602
1602, 34873
38553, 1603
13375, 1603
32688, 1603
1603, 13761
1603, 25655
38829, 1604
1604, 32940
42110, 1605
1605, 44688
32928, 1606
30473, 1606
38712, 1606
1606, 18991
1606, 16825
46806, 1607
1607, 44133
42110, 1608
1608, 34156
37449, 1609
1609, 44546
42110, 1610
1610, 26257
35849, 1611
1611, 32996
1611, 48665
1611, 23951
40844, 1612
1612, 47755
42110, 1613
1613, 27493
42110, 1614
1614, 38237
43606, 1615
1615, 38735
1615, 47734
48681, 1616
1616, 30813
13901, 1617
1617, 14573
46806, 1618
1618, 36850
48452, 1619
20227, 1619
18213, 1619
22875, 1619
37185, 1619
1619, 40035
1619, 13340
32006, 1620
18910, 1620
31642, 1620
1620, 17914
1620, 39534
1620, 21516
1620, 29769
42110, 1621
1621, 16196
41951, 1622
1622, 18256
45274, 1623
1623, 22446
13517, 1624
1624, 47389
36215, 1625
1625, 20002
18520, 1626
1626, 13804
36146, 1627
1627, 47637
1627, 18469
1627, 23269
1627, 31466
1627, 25109
48178, 1628
1628, 22945
1628, 35868
1628, 23236
1628, 34744
38829, 1629
1629, 19383
42110, 1630
1630, 29822
18947, 1631
1631, 47146
1631, 42099
1631, 47236
30652, 1632
1632, 21181
16244, 1633
1633, 45653
45996, 1634
1634, 26015
26388, 1635
1635, 28603
14771, 1636
1636, 38930
42110, 1637
1637, 20108
29641, 1638
14551, 1638
16250, 1638
43497, 1638
19579, 1638
36082, 1638
27277, 1638
16885, 1638
16425, 1638
48424, 1638
41962, 1638
47322, 1638
21607, 1638
30592, 1638
39410, 1638
44340, 1638
18651, 1638
34773, 1638
30898, 1638
25086, 1638
48088, 1638
1638, 17302
32333, 1639
1639, 27743
41204, 1640
1640, 19187
1640, 43345
1640, 24046
14583, 1641
1641, 43252
32578, 1642
1642, 45304
31043, 1643
44828, 1643
1643, 21309
46806, 1644
1644, 33476
28611, 1645
1645, 23651
42110, 1646
1646, 25453
42110, 1647
1647, 19577
46544, 1648
16802, 1648
14183, 1648
37133, 1648
39659, 1648
18585, 1648
15918, 1648
44685, 1648
1648, 46314
26654, 1649
1649, 39097
35015, 1650
1650, 43542
32111, 1651
1651, 45555
1651, 15375
38960, 1652
1652, 27733
37136, 1653
1653, 29182
46715, 1654
1654, 12422
18223, 1655
38183, 1655
28142, 1655
14335, 1655
42852, 1655
1655, 21516
1655, 27987
42110, 1656
1656, 43207
30925, 1657
1657, 35511
41545, 1658
1658, 22397
30679, 1659
1659, 23198
1659, 39821
1659, 43337
22131, 1660
33122, 1660
34451, 1660
32484, 1660
47670, 1660
36203, 1660
21615, 1660
22588, 1660
42738, 1660
30632, 1660
1660, 44796
1660, 15815
47575, 1661
1661, 39301
1661, 21402
46806, 1662
1662, 20385
1662, 24308
16959, 1663
1663, 44574
19549, 1664
1664, 14689
1664, 40913
18977, 1665
1665, 20106
25246, 1666
17863, 1666
27270, 1666
23032, 1666
31790, 1666
1666, 33339
29698, 1667
1667, 14005
22088, 1668
1668, 25833
46806, 1669
1669, 19901
21009, 1670
1670, 25450
46477, 1671
20334, 1671
20154, 1671
23717, 1671
15902, 1671
1671, 20054
28365, 1672
1672, 33480
17190, 1673
1673, 24417
42110, 1674
1674, 44523
42110, 1675
1675, 25543
48662, 1676
1676, 25901
1676, 34443
1676, 15124
1676, 18375
47971, 1677
20465, 1677
48047, 1677
28751, 1677
25796, 1677
46313, 1677
17187, 1677
19423, 1677
27842, 1677
42678, 1677
12660, 1677
1677, 32803
36027, 1678
1678, 20635
12825, 1679
31662, 1679
1679, 31325
14050, 1680
1680, 41370
28091, 1681
1681, 41653
1681, 21423
1681, 35261
34331, 1682
1682, 24145
1682, 37642
45527, 1683
1683, 14415
41951, 1684
1684, 15372
43696, 1685
1685, 48646
1685, 16250
46771, 1686
29809, 1686
1686, 18071
24115, 1687
40647, 1687
1687, 38104
30240, 1688
1688, 43218
15925, 1689
26308, 1689
42351, 1689
1689, 40696
25572, 1690
13255, 1690
1690, 31139
42110, 1691
1691, 21616
37668, 1692
1692, 29499
16543, 1693
1693, 20154
1693, 25929
1693, 44701
25570, 1694
13363, 1694
1694, 29686
1694, 30176
1694, 24750
1694, 22902
46806, 1695
1695, 33476
1695, 38927
20023, 1696
12989, 1696
1696, 37010
46163, 1697
1697, 39373
1697, 30106
1697, 16298
1697, 29607
1697, 48152
1697, 35555
1697, 17871
1697, 37143
1697, 21051
1697, 24319
1697, 32729
1697, 38641
1697, 23967
1697, 16226
1697, 21823
1697, 21183
1697, 14378
1697, 27479
1697, 38621
1697, 34574
1697, 42124
1697, 16957
1697, 26807
1697, 30858
1697, 29497
1697, 36498
1697, 23467
41694, 1698
1698, 17942
37682, 1699
39686, 1699
31073, 1699
1699, 41583
24501, 1700
1700, 28718
42752, 1701
1701, 29764
35129, 1702
1702, 38749
42110, 1703
1703, 25164
16025, 1704
1704, 33253
33785, 1705
1705, 34726
17530, 1706
1706, 25265
35856, 1707
1707, 45006
35004, 1708
1708, 14545
12972, 1709
14649, 1709
1709, 18656
20518, 1710
1710, 32744
31394, 1711
1711, 15656
36067, 1712
1712, 38125
14522, 1713
1713, 13566
1713, 14450
1713, 41117
1713, 47787
1713, 18210
1713, 30037
1713, 47126
1713, 44176
1713, 23479
1713, 38253
27285, 1714
1714, 32435
42110, 1715
1715, 20225
31059, 1716
1716, 12367
40241, 1717
1717, 17204
1717, 16971
33459, 1718
1718, 38770
1718, 23920
22190, 1719
1719, 26200
26284, 1720
1720, 41892
1720, 38382
1720, 46003
37426, 1721
1721, 29257
33323, 1722
1722, 21516
1722, 14625
17387, 1723
1723, 42077
31398, 1724
1724, 28889
28139, 1725
1725, 23738
1725, 37967
28743, 1726
1726, 26914
34090, 1727
23444, 1727
35578, 1727
1727, 13151
1727, 37267
25662, 1728
1728, 44311
45002, 1729
1729, 20302
46380, 1730
32947, 1730
16836, 1730
25373, 1730
32531, 1730
31539, 1730
25168, 1730
1730, 19646
47699, 1731
1731, 46649
13361, 1732
1732, 30674
20070, 1733
1733, 39457
22932, 1734
1734, 28883
38829, 1735
1735, 26451
37338, 1736
1736, 45299
1736, 14764
1736, 44016
1736, 18570
1736, 36115
47558, 1737
1737, 13318
45948, 1738
14258, 1738
1738, 16547
12579, 1739
1739, 38867
38424, 1740
47755, 1740
23462, 1740
36030, 1740
24145, 1740
19272, 1740
48131, 1740
31050, 1740
39028, 1740
33432, 1740
29052, 1740
37642, 1740
30258, 1740
31389, 1740
26263, 1740
43817, 1740
33744, 1740
20391, 1740
27112, 1740
19288, 1740
17695, 1740
41438, 1740
24518, 1740
38867, 1740
38532, 1740
21989, 1740
43687, 1740
23975, 1740
22356, 1740
30315, 1740
27853, 1740
47109, 1740
44016, 1740
33496, 1740
48304, 1740
15702, 1740
30373, 1740
35496, 1740
43119, 1740
27783, 1740
24750, 1740
45737, 1740
16764, 1740
16416, 1740
35260, 1740
20170, 1740
20830, 1740
14937, 1740
39948, 1740
36372, 1740
45537, 1740
17132, 1740
23940, 1740
14625, 1740
42095, 1740
31299, 1740
41358, 1740
46346, 1740
17172, 1740
21668, 1740
17870, 1740
27904, 1740
46649, 1740
34424, 1740
32619, 1740
19296, 1740
40291, 1740
30846, 1740
22163, 1740
38171, 1740
24005, 1740
19383, 1740
40787, 1740
26967, 1740
38038, 1740
40913, 1740
28398, 1740
48682, 1740
35270, 1740
25834, 1740
30157, 1740
32631, 1740
18570, 1740
41855, 1740
24386, 1740
43839, 1740
20097, 1740
18259, 1740
13530, 1740
44044, 1740
45008, 1740
35274, 1740
14446, 1740
37315, 1740
39719, 1740
29238, 1740
37539, 1740
25104, 1740
40839, 1740
14110, 1740
13200, 1740
23060, 1740
16356, 1740
41183, 1740
29152, 1740
45833, 1740
32124, 1740
45610, 1740
43110, 1740
46342, 1740
30541, 1740
12512, 1740
33984, 1740
21408, 1740
35283, 1740
16014, 1740
46236, 1740
17526, 1740
27564, 1740
31310, 1740
21042, 1740
14025, 1740
15457, 1740
38580, 1740
1740, 42110
27224, 1741
1741, 43743
46806, 1742
1742, 40161
38100, 1743
46343, 1743
21376, 1743
1743, 34562
28956, 1744
1744, 30604
17421, 1745
1745, 31540
18852, 1746
1746, 37319
36386, 1747
1747, 21147
42110, 1748
1748, 21359
14518, 1749
1749, 27674
45824, 1750
1750, 28811
1750, 42618
1750, 35032
1750, 17307
1750, 37315
43958, 1751
1751, 22574
1751, 28133
1751, 48705
38348, 1752
1752, 12378
1752, 20880
39031, 1753
1753, 39586
1753, 34961
28667, 1754
1754, 21260
24953, 1755
37322, 1755
1755, 24750
36465, 1756
1756, 40092
1756, 18467
1756, 46592
41951, 1757
1757, 18359
46806, 1758
1758, 31581
44397, 1759
1759, 13257
46806, 1760
1760, 33476
25421, 1761
1761, 27733
42110, 1762
1762, 23420
23162, 1763
1763, 28513
18050, 1764
1764, 34216
16512, 1765
1765, 37355
1765, 33432
20620, 1766
1766, 14465
15035, 1767
1767, 19918
36465, 1768
1768, 45033
42599, 1769
1769, 44530
25206, 1770
1770, 40821
45803, 1771
1771, 18489
37586, 1772
38581, 1772
1772, 47127
17206, 1773
35672, 1773
33819, 1773
47993, 1773
37078, 1773
43297, 1773
20561, 1773
29677, 1773
32504, 1773
47291, 1773
34480, 1773
45662, 1773
16694, 1773
33811, 1773
24625, 1773
38878, 1773
37857, 1773
23827, 1773
42788, 1773
1773, 25838
1773, 34753
38829, 1774
1774, 14792
44824, 1775
47575, 1775
1775, 14658
1775, 28051
25057, 1776
25223, 1776
1776, 37082
45280, 1777
1777, 44294
24936, 1778
1778, 36134
1778, 37642
1778, 27783
1778, 34429
21006, 1779
1779, 33929
45753, 1780
17452, 1780
1780, 25019
46806, 1781
1781, 29201
39513, 1782
1782, 37488
36540, 1783
1783, 42711
28991, 1784
1784, 48046
47593, 1785
29762, 1785
24460, 1785
35353, 1785
23213, 1785
42033, 1785
41317, 1785
46567, 1785
21277, 1785
31882, 1785
44535, 1785
25099, 1785
18460, 1785
40123, 1785
15395, 1785
43734, 1785
37872, 1785
29834, 1785
34247, 1785
35568, 1785
29510, 1785
45097, 1785
20904, 1785
1785, 22640
42110, 1786
1786, 28938
42110, 1787
1787, 21587
12710, 1788
18638, 1788
47681, 1788
35048, 1788
1788, 34135
42110, 1789
1789, 40955
27246, 1790
1790, 26429
48535, 1791
1791, 29443
40759, 1792
1792, 30359
43755, 1793
1793, 18360
16042, 1794
26909, 1794
1794, 44236
35991, 1795
1795, 29501
1795, 39444
1795, 43759
1795, 35470
1795, 43002
16699, 1796
1796, 45023
1796, 35270
21697, 1797
33357, 1797
1797, 19909
42056, 1798
48571, 1798
28554, 1798
1798, 29794
1798, 21387
13938, 1799
14457, 1799
1799, 21167
36449, 1800
1800, 39443
42110, 1801
1801, 25750
19084, 1802
1802, 22769
34664, 1803
1803, 28983
13165, 1804
1804, 32439
1804, 18864
20986, 1805
1805, 17463
15937, 1806
20952, 1806
39893, 1806
32691, 1806
36358, 1806
24628, 1806
45424, 1806
25712, 1806
39362, 1806
16458, 1806
23751, 1806
47141, 1806
42013, 1806
12902, 1806
26155, 1806
25973, 1806
30946, 1806
38612, 1806
31650, 1806
25467, 1806
15821, 1806
26887, 1806
30659, 1806
29403, 1806
22138, 1806
35655, 1806
46099, 1806
47797, 1806
39312, 1806
26133, 1806
19984, 1806
14468, 1806
36679, 1806
25701, 1806
33094, 1806
44751, 1806
47651, 1806
41254, 1806
33299, 1806
26418, 1806
27843, 1806
22317, 1806
48077, 1806
27067, 1806
35912, 1806
25519, 1806
41667, 1806
24574, 1806
29728, 1806
16663, 1806
29598, 1806
15480, 1806
28647, 1806
25326, 1806
29363, 1806
14679, 1806
41636, 1806
44670, 1806
16224, 1806
22737, 1806
17257, 1806
24052, 1806
35466, 1806
42237, 1806
27942, 1806
26193, 1806
17030, 1806
25505, 1806
16600, 1806
17561, 1806
37569, 1806
29945, 1806
23015, 1806
47962, 1806
39168, 1806
36149, 1806
32136, 1806
44386, 1806
42413, 1806
46244, 1806
45328, 1806
38824, 1806
24028, 1806
46328, 1806
40507, 1806
26481, 1806
35550, 1806
27749, 1806
40051, 1806
33406, 1806
28563, 1806
40314, 1806
45214, 1806
1806, 30503
1806, 39459
1806, 14410
1806, 32684
43574, 1807
1807, 19595
1807, 24761
1807, 45023
1807, 18821
1807, 14709
37040, 1808
1808, 42269
20764, 1809
1809, 34848
21442, 1810
26684, 1810
29294, 1810
42239, 1810
42461, 1810
29984, 1810
46552, 1810
44501, 1810
23279, 1810
14808, 1810
19580, 1810
22164, 1810
39135, 1810
13940, 1810
32061, 1810
35369, 1810
30134, 1810
25092, 1810
20516, 1810
47099, 1810
36950, 1810
31512, 1810
30576, 1810
40687, 1810
42923, 1810
31557, 1810
33620, 1810
33684, 1810
27534, 1810
19989, 1810
29428, 1810
35185, 1810
38779, 1810
16450, 1810
37023, 1810
26947, 1810
36600, 1810
40554, 1810
31182, 1810
43929, 1810
21555, 1810
27967, 1810
47133, 1810
35167, 1810
43230, 1810
40253, 1810
19463, 1810
20390, 1810
1810, 24556
41493, 1811
1811, 27733
47674, 1812
1812, 15319
1812, 27711
38088, 1813
1813, 23893
44393, 1814
41386, 1814
41024, 1814
1814, 44322
25932, 1815
1815, 26140
19101, 1816
1816, 34019
1816, 18148
1816, 39028
1816, 46236
42110, 1817
1817, 22829
44924, 1818
27012, 1818
26366, 1818
38129, 1818
20756, 1818
23804, 1818
24824, 1818
20250, 1818
1818, 42598
1818, 21656
15860, 1819
1819, 36835
42110, 1820
1820, 39849
18940, 1821
1821, 43859
1821, 20170
1821, 36584
1821, 31828
16106, 1822
1822, 48401
1822, 29417
1822, 14838
1822, 28590
45641, 1823
1823, 32260
19851, 1824
1824, 46434
1824, 24046
1824, 42501
17090, 1825
1825, 36366
1825, 30176
1825, 24030
17696, 1826
13810, 1826
24120, 1826
20453, 1826
40852, 1826
21978, 1826
41906, 1826
12930, 1826
22995, 1826
35866, 1826
45834, 1826
44830, 1826
35459, 1826
33979, 1826
38998, 1826
26207, 1826
43896, 1826
27358, 1826
48649, 1826
33743, 1826
47009, 1826
30587, 1826
17075, 1826
25112, 1826
26400, 1826
25999, 1826
25586, 1826
39557, 1826
42627, 1826
47919, 1826
1826, 43403
1826, 18917
37468, 1827
1827, 19187
1827, 13213
1827, 23534
1827, 14446
1827, 48246
13612, 1828
1828, 42745
23585, 1829
1829, 38434
31394, 1830
1830, 22538
17430, 1831
36834, 1831
47397, 1831
42633, 1831
34238, 1831
44484, 1831
26689, 1831
27599, 1831
26367, 1831
13732, 1831
1831, 33733
16872, 1832
1832, 23120
17951, 1833
1833, 39730
27508, 1834
1834, 35320
36465, 1835
1835, 19568
1835, 27141
36296, 1836
1836, 24658
17763, 1837
1837, 26653
38911, 1838
1838, 24327
1838, 21373
16244, 1839
1839, 14110
42110, 1840
1840, 45528
22431, 1841
1841, 23506
37514, 1842
1842, 41969
48233, 1843
42169, 1843
25675, 1843
19961, 1843
30617, 1843
1843, 30809
13015, 1844
1844, 22698
31034, 1845
1845, 19766
42110, 1846
1846, 22783
42110, 1847
1847, 20207
31442, 1848
1848, 40841
42110, 1849
1849, 48312
26105, 1850
1850, 18535
1850, 24145
1850, 45695
28316, 1851
1851, 33154
39026, 1852
1852, 26250
21496, 1853
1853, 37254
43584, 1854
47853, 1854
1854, 28004
14858, 1855
1855, 35486
33563, 1856
1856, 36134
1856, 46404
17984, 1857
1857, 45705
18339, 1858
1858, 41097
37873, 1859
16195, 1859
1859, 47305
32202, 1860
1860, 14980
1860, 46936
1860, 30451
35896, 1861
1861, 26836
1861, 34688
20813, 1862
1862, 47615
22800, 1863
1863, 39608
47131, 1864
1864, 47150
16285, 1865
1865, 45878
1865, 39057
25179, 1866
1866, 22387
39786, 1867
1867, 16764
1867, 36372
1867, 43110
18996, 1868
1868, 22247
45133, 1869
1869, 21593
42110, 1870
1870, 24375
44183, 1871
44405, 1871
40584, 1871
25354, 1871
40109, 1871
1871, 29794
30636, 1872
1872, 19870
41337, 1873
47256, 1873
13232, 1873
38455, 1873
46754, 1873
26514, 1873
34008, 1873
42573, 1873
1873, 16493
1873, 31401
20239, 1874
1874, 43185
1874, 31176
13413, 1875
1875, 20334
23889, 1876
22466, 1876
1876, 43082
17914, 1877
1877, 39669
25006, 1878
1878, 22149
20407, 1879
1879, 26080
15486, 1880
1880, 30898
23251, 1881
26415, 1881
1881, 30991
27142, 1882
1882, 36383
20833, 1883
16390, 1883
1883, 30121
44726, 1884
1884, 41421
1884, 28633
17045, 1885
1885, 41681
1885, 34041
34039, 1886
1886, 38422
1886, 32466
1886, 14730
1886, 44984
42110, 1887
1887, 24924
48488, 1888
27132, 1888
18547, 1888
16654, 1888
13887, 1888
12448, 1888
12722, 1888
47352, 1888
38026, 1888
29158, 1888
21174, 1888
13367, 1888
23784, 1888
38949, 1888
18774, 1888
20637, 1888
24738, 1888
30423, 1888
44421, 1888
37458, 1888
32616, 1888
42134, 1888
13910, 1888
21351, 1888
46405, 1888
32732, 1888
21704, 1888
30648, 1888
39215, 1888
45554, 1888
31973, 1888
46160, 1888
38945, 1888
37759, 1888
12536, 1888
45474, 1888
42665, 1888
16419, 1888
26348, 1888
17993, 1888
20224, 1888
36530, 1888
19758, 1888
45147, 1888
28837, 1888
44722, 1888
20700, 1888
19043, 1888
22853, 1888
37515, 1888
32499, 1888
45068, 1888
47911, 1888
22665, 1888
22565, 1888
1888, 34920
20803, 1889
1889, 19097
42110, 1890
1890, 27925
22913, 1891
1891, 43931
1891, 45964
1891, 44247
1891, 38434
30472, 1892
1892, 28734
1892, 38879
13369, 1893
1893, 13941
42110, 1894
1894, 40868
13199, 1895
1895, 27345
30536, 1896
1896, 44018
42110, 1897
1897, 25951
22672, 1898
1898, 43339
38209, 1899
1899, 20264
1899, 29339
35056, 1900
1900, 19400
46111, 1901
1901, 28654
44884, 1902
1902, 22345
35798, 1903
1903, 13025
46426, 1904
1904, 38760
42110, 1905
1905, 46472
27640, 1906
17483, 1906
1906, 48296
19213, 1907
1907, 48611
29297, 1908
1908, 12847
26550, 1909
1909, 30494
1909, 15426
17942, 1910
12793, 1910
23773, 1910
36997, 1910
24612, 1910
41475, 1910
35358, 1910
35887, 1910
17418, 1910
30560, 1910
31806, 1910
19282, 1910
45835, 1910
29443, 1910
40953, 1910
46573, 1910
15864, 1910
12896, 1910
31041, 1910
26917, 1910
37463, 1910
43139, 1910
40771, 1910
28345, 1910
38328, 1910
33409, 1910
14597, 1910
18439, 1910
15935, 1910
35447, 1910
29747, 1910
28546, 1910
13449, 1910
33889, 1910
39429, 1910
16696, 1910
27294, 1910
35331, 1910
36346, 1910
36576, 1910
19921, 1910
47265, 1910
34437, 1910
35325, 1910
34255, 1910
24159, 1910
43339, 1910
23801, 1910
19766, 1910
27582, 1910
34354, 1910
28327, 1910
23571, 1910
18981, 1910
43009, 1910
26464, 1910
30081, 1910
17443, 1910
23950, 1910
32612, 1910
40666, 1910
31146, 1910
27827, 1910
40171, 1910
22702, 1910
30009, 1910
45960, 1910
47892, 1910
44322, 1910
41860, 1910
27549, 1910
43665, 1910
38243, 1910
15954, 1910
12875, 1910
16283, 1910
35960, 1910
40872, 1910
42930, 1910
16589, 1910
24570, 1910
43773, 1910
14364, 1910
48032, 1910
15105, 1910
21798, 1910
32391, 1910
18951, 1910
33493, 1910
31606, 1910
42388, 1910
26278, 1910
20020, 1910
18190, 1910
43250, 1910
36502, 1910
29876, 1910
32753, 1910
30749, 1910
15405, 1910
40928, 1910
44412, 1910
14252, 1910
23246, 1910
47415, 1910
41515, 1910
12422, 1910
27733, 1910
15474, 1910
17706, 1910
14512, 1910
38315, 1910
26936, 1910
46278, 1910
25123, 1910
20321, 1910
46803, 1910
27426, 1910
30377, 1910
31194, 1910
26139, 1910
36641, 1910
23189, 1910
47144, 1910
38672, 1910
38188, 1910
22471, 1910
47564, 1910
46846, 1910
20127, 1910
21265, 1910
36482, 1910
39010, 1910
22393, 1910
17555, 1910
48616, 1910
48351, 1910
18802, 1910
33708, 1910
14361, 1910
40361, 1910
33005, 1910
44543, 1910
21970, 1910
45852, 1910
26200, 1910
36289, 1910
16710, 1910
27991, 1910
27796, 1910
23181, 1910
23120, 1910
34462, 1910
38732, 1910
25394, 1910
17091, 1910
18847, 1910
31839, 1910
22149, 1910
36483, 1910
19498, 1910
14895, 1910
46659, 1910
43830, 1910
21272, 1910
22035, 1910
42104, 1910
25371, 1910
40416, 1910
33377, 1910
14309, 1910
15927, 1910
43266, 1910
20557, 1910
41154, 1910
18139, 1910
31025, 1910
18581, 1910
42266, 1910
25362, 1910
14299, 1910
19870, 1910
28971, 1910
46058, 1910
27919, 1910
29497, 1910
38666, 1910
42170, 1910
33757, 1910
47389, 1910
23479, 1910
37684, 1910
34623, 1910
33731, 1910
34223, 1910
13994, 1910
46180, 1910
39946, 1910
42970, 1910
25250, 1910
22218, 1910
13065, 1910
36352, 1910
14156, 1910
31248, 1910
39608, 1910
29872, 1910
44215, 1910
43202, 1910
26030, 1910
28259, 1910
48200, 1910
22247, 1910
35153, 1910
35885, 1910
30805, 1910
28156, 1910
31267, 1910
48534, 1910
37797, 1910
36844, 1910
43348, 1910
23247, 1910
25563, 1910
23336, 1910
19060, 1910
48123, 1910
22375, 1910
25707, 1910
1910, 46806
1910, 26465
36556, 1911
1911, 39821
1911, 29847
1911, 45482
1911, 45737
28687, 1912
1912, 16902
45713, 1913
1913, 48323
26377, 1914
1914, 29205
46806, 1915
1915, 42633
43692, 1916
1916, 31221
1916, 16659
47699, 1917
1917, 46649
21249, 1918
1918, 27812
20026, 1919
1919, 34696
44413, 1920
26356, 1920
1920, 16087
28631, 1921
1921, 14999
28076, 1922
43776, 1922
1922, 31172
1922, 45648
1922, 39389
45057, 1923
1923, 33116
1923, 30721
19712, 1924
29053, 1924
14474, 1924
1924, 46653
44738, 1925
1925, 44601
1925, 37529
41760, 1926
1926, 32391
38829, 1927
1927, 29356
37631, 1928
1928, 27739
43761, 1929
1929, 46502
1929, 28980
1929, 12786
26874, 1930
1930, 15805
1930, 36926
1930, 47363
42110, 1931
1931, 39533
42110, 1932
1932, 19416
42110, 1933
1933, 20057
24486, 1934
1934, 34226
14741, 1935
1935, 31710
15205, 1936
1936, 35893
43563, 1937
33904, 1937
12714, 1937
1937, 21104
16006, 1938
1938, 29605
38829, 1939
1939, 35578
42110, 1940
1940, 22252
31305, 1941
1941, 42815
42391, 1942
1942, 35260
1942, 20505
46806, 1943
1943, 14404
42110, 1944
1944, 40257
47918, 1945
1945, 35325
25214, 1946
1946, 44140
46154, 1947
1947, 23971
17974, 1948
1948, 15272
36465, 1949
1949, 40092
1949, 18467
42110, 1950
1950, 48524
42110, 1951
1951, 28847
36152, 1952
1952, 38271
38829, 1953
1953, 39765
41567, 1954
1954, 32831
15056, 1955
1955, 16344
48409, 1956
1956, 43990
36241, 1957
33916, 1957
44651, 1957
41340, 1957
48230, 1957
19910, 1957
29192, 1957
12434, 1957
1957, 45887
1957, 31389
37292, 1958
1958, 17307
1958, 36130
31568, 1959
1959, 47615
34408, 1960
1960, 39052
1960, 45794
1960, 32065
21861, 1961
39602, 1961
39810, 1961
21427, 1961
1961, 33339
37701, 1962
46318, 1962
1962, 13869
47699, 1963
1963, 17506
18094, 1964
1964, 27401
47552, 1965
1965, 17184
16968, 1966
1966, 36996
1966, 13700
1966, 40303
48704, 1967
36991, 1967
1967, 37434
17763, 1968
1968, 20052
42563, 1969
1969, 48232
26565, 1970
1970, 31765
31438, 1971
33039, 1971
13140, 1971
1971, 26643
1971, 44486
14362, 1972
1972, 47774
1972, 16416
1972, 22530
42126, 1973
1973, 27343
14596, 1974
1974, 29274
17763, 1975
1975, 45437
42110, 1976
1976, 25661
42110, 1977
1977, 39431
46806, 1978
1978, 28965
46805, 1979
1979, 18739
15142, 1980
1980, 48637
29982, 1981
1981, 14037
47976, 1982
1982, 19088
46806, 1983
1983, 25122
37883, 1984
18183, 1984
18800, 1984
1984, 40114
42110, 1985
1985, 39849
31059, 1986
1986, 40977
36465, 1987
1987, 30509
42747, 1988
1988, 19969
20494, 1989
1989, 32422
25723, 1990
1990, 12457
33220, 1991
1991, 28194
32578, 1992
1992, 29689
27675, 1993
1993, 14296
1993, 33654
1993, 14694
31059, 1994
1994, 29238
43518, 1995
1995, 37447
34912, 1996
1996, 47615
16832, 1997
1997, 38644
1997, 32631
13268, 1998
1998, 46965
42110, 1999
1999, 19495
17896, 2000
2000, 21882
19690, 2001
12424, 2001
2001, 48017
14513, 2002
2002, 22703
2002, 32766
16917, 2003
2003, 30846
2003, 19870
2003, 34462
42377, 2004
2004, 25832
17751, 2005
2005, 47280
2005, 45023
42110, 2006
2006, 29506
35760, 2007
47977, 2007
21472, 2007
46418, 2007
37829, 2007
25120, 2007
13345, 2007
31531, 2007
29607, 2007
21572, 2007
15422, 2007
35555, 2007
31721, 2007
40333, 2007
30801, 2007
42087, 2007
23816, 2007
25854, 2007
40104, 2007
41410, 2007
31089, 2007
45245, 2007
13834, 2007
39729, 2007
29204, 2007
45489, 2007
31308, 2007
42896, 2007
24140, 2007
39224, 2007
46961, 2007
48374, 2007
14941, 2007
36057, 2007
46622, 2007
45437, 2007
22461, 2007
22024, 2007
25441, 2007
45955, 2007
20625, 2007
32729, 2007
39353, 2007
26855, 2007
22570, 2007
13968, 2007
44700, 2007
14604, 2007
26597, 2007
45645, 2007
44829, 2007
22072, 2007
13133, 2007
19180, 2007
21611, 2007
20430, 2007
44126, 2007
15062, 2007
18797, 2007
45787, 2007
14502, 2007
24334, 2007
34778, 2007
37764, 2007
32623, 2007
37068, 2007
14378, 2007
38505, 2007
30983, 2007
41655, 2007
29379, 2007
31378, 2007
24055, 2007
15884, 2007
34822, 2007
17986, 2007
46399, 2007
21175, 2007
26475, 2007
39381, 2007
2007, 17302
26977, 2008
2008, 23497
46806, 2009
2009, 44144
2009, 39580
30956, 2010
45205, 2010
2010, 32808
12469, 2011
2011, 24689
2011, 38420
42943, 2012
2012, 36690
45705, 2013
2013, 39476
16619, 2014
20044, 2014
2014, 19245
42110, 2015
2015, 43284
42110, 2016
2016, 29591
36465, 2017
2017, 27996
38872, 2018
26081, 2018
44922, 2018
27658, 2018
46361, 2018
15712, 2018
2018, 44022
40085, 2019
2019, 32637
2019, 27664
45154, 2020
2020, 16296
2020, 41582
2020, 46959
42110, 2021
2021, 28463
48485, 2022
31988, 2022
2022, 34984
34015, 2023
42530, 2023
2023, 44156
24205, 2024
12822, 2024
30322, 2024
32304, 2024
27049, 2024
20856, 2024
12518, 2024
28993, 2024
18675, 2024
13919, 2024
19502, 2024
28394, 2024
39905, 2024
43558, 2024
26596, 2024
31295, 2024
40258, 2024
22141, 2024
47217, 2024
15554, 2024
14329, 2024
14341, 2024
44598, 2024
16367, 2024
47715, 2024
13019, 2024
48247, 2024
39197, 2024
16986, 2024
29858, 2024
37933, 2024
39293, 2024
36368, 2024
43032, 2024
40132, 2024
18553, 2024
28269, 2024
46956, 2024
26384, 2024
23629, 2024
35809, 2024
39029, 2024
25911, 2024
46784, 2024
12983, 2024
37123, 2024
43133, 2024
28059, 2024
22883, 2024
37221, 2024
42333, 2024
14803, 2024
35530, 2024
21308, 2024
46171, 2024
35852, 2024
26372, 2024
48150, 2024
15424, 2024
37065, 2024
27554, 2024
26180, 2024
34537, 2024
44052, 2024
27535, 2024
45217, 2024
14210, 2024
24930, 2024
22017, 2024
27459, 2024
46596, 2024
48656, 2024
29381, 2024
30166, 2024
2024, 42635
14960, 2025
20582, 2025
39990, 2025
44065, 2025
34188, 2025
15327, 2025
25071, 2025
34212, 2025
15445, 2025
34765, 2025
46226, 2025
38245, 2025
40704, 2025
36385, 2025
24765, 2025
46373, 2025
44445, 2025
12978, 2025
15019, 2025
14733, 2025
25868, 2025
22989, 2025
36856, 2025
43796, 2025
13842, 2025
43819, 2025
43130, 2025
16393, 2025
34681, 2025
30887, 2025
21453, 2025
34350, 2025
31329, 2025
12800, 2025
26642, 2025
22073, 2025
2025, 17123
17025, 2026
2026, 32422
12992, 2027
33169, 2027
2027, 15465
19770, 2028
2028, 36844
16319, 2029
33825, 2029
41147, 2029
15189, 2029
2029, 18951
32793, 2030
2030, 30341
14599, 2031
2031, 16386
2031, 35858
42110, 2032
2032, 32516
37576, 2033
2033, 13930
21822, 2034
42214, 2034
26682, 2034
44886, 2034
17473, 2034
2034, 38834
2034, 39700
34422, 2035
14772, 2035
2035, 29196
33473, 2036
2036, 37456
48684, 2037
46692, 2037
2037, 37884
35854, 2038
2038, 46761
35193, 2039
2039, 14402
2039, 34969
2039, 34884
2039, 23952
42110, 2040
2040, 23964
47038, 2041
2041, 26289
32970, 2042
2042, 28890
48384, 2043
2043, 18637
2043, 33830
2043, 26057
2043, 16469
16144, 2044
2044, 21962
36465, 2045
2045, 37908
34038, 2046
2046, 40107
2046, 16014
17988, 2047
21190, 2047
2047, 34280
26108, 2048
2048, 26057
2048, 33773
17157, 2049
2049, 23346
36465, 2050
2050, 32521
14953, 2051
2051, 30497
15361, 2052
2052, 16360
34156, 2053
41129, 2053
2053, 31809
29889, 2054
39534, 2054
2054, 20738
42110, 2055
2055, 27010
42110, 2056
2056, 40248
38306, 2057
36417, 2057
32953, 2057
28927, 2057
39293, 2057
22403, 2057
15541, 2057
23254, 2057
13085, 2057
13222, 2057
38425, 2057
18877, 2057
20928, 2057
45681, 2057
28397, 2057
34707, 2057
44620, 2057
28563, 2057
39230, 2057
32360, 2057
13555, 2057
34634, 2057
19217, 2057
36935, 2057
16381, 2057
35809, 2057
15885, 2057
21846, 2057
46536, 2057
25160, 2057
38948, 2057
16355, 2057
22581, 2057
36175, 2057
47605, 2057
26240, 2057
21800, 2057
16136, 2057
31443, 2057
35476, 2057
48218, 2057
24850, 2057
37943, 2057
28917, 2057
32791, 2057
32221, 2057
18472, 2057
42893, 2057
35173, 2057
22910, 2057
41805, 2057
40390, 2057
27861, 2057
31317, 2057
27475, 2057
18415, 2057
39987, 2057
2057, 25402
2057, 31297
2057, 30223
2057, 17427
2057, 41794
30118, 2058
2058, 36228
40300, 2059
2059, 33751
21331, 2060
2060, 17885
2060, 34498
2060, 46058
15748, 2061
2061, 33951
47657, 2062
2062, 48635
2062, 16203
28778, 2063
2063, 26731
42110, 2064
2064, 45457
46712, 2065
2065, 45566
42110, 2066
2066, 29512
15305, 2067
43078, 2067
29266, 2067
19065, 2067
40762, 2067
2067, 34737
13288, 2068
2068, 31738
31059, 2069
2069, 35215
43787, 2070
2070, 15795
40505, 2071
2071, 18634
13901, 2072
2072, 14573
32555, 2073
2073, 22434
33251, 2074
18556, 2074
29965, 2074
41363, 2074
39099, 2074
2074, 26466
12577, 2075
2075, 42066
2075, 24134
2075, 19508
17098, 2076
29575, 2076
2076, 38976
44069, 2077
2077, 24240
2077, 31081
46806, 2078
2078, 39227
42110, 2079
2079, 46982
26530, 2080
2080, 45572
42110, 2081
2081, 19001
42110, 2082
2082, 23396
13883, 2083
2083, 42804
30686, 2084
2084, 47543
33026, 2085
2085, 34226
42110, 2086
2086, 45469
42110, 2087
2087, 40240
46470, 2088
2088, 21117
17450, 2089
2089, 47393
2089, 25398
2089, 15938
2089, 36718
2089, 45080
46806, 2090
2090, 19776
42110, 2091
2091, 21980
36465, 2092
2092, 37908
2092, 39612
38961, 2093
2093, 24046
17329, 2094
2094, 31217
24171, 2095
2095, 47906
42110, 2096
2096, 36980
45205, 2097
2097, 28367
14771, 2098
2098, 15183
32549, 2099
2099, 41089
32010, 2100
2100, 37456
47068, 2101
2101, 16169
23141, 2102
2102, 42598
14656, 2103
48586, 2103
2103, 38590
20458, 2104
2104, 23956
15614, 2105
2105, 34703
34946, 2106
2106, 16656
42376, 2107
32668, 2107
31987, 2107
24374, 2107
2107, 35477
43330, 2108
2108, 28822
2108, 45794
2108, 42708
16281, 2109
2109, 24877
2109, 15407
2109, 36940
35007, 2110
2110, 37556
2110, 26416
2110, 30866
2110, 25833
46036, 2111
2111, 33346
22680, 2112
2112, 34593
24074, 2113
2113, 33710
42110, 2114
2114, 36420
26013, 2115
2115, 46637
35033, 2116
2116, 15866
42110, 2117
2117, 32149
42110, 2118
2118, 28477
16084, 2119
35713, 2119
2119, 14025
42862, 2120
2120, 29752
2120, 40119
22295, 2121
2121, 24726
20107, 2122
27039, 2122
41749, 2122
2122, 17973
2122, 43003
44305, 2123
2123, 21309
45718, 2124
2124, 35717
32578, 2125
2125, 32459
36465, 2126
2126, 27996
2126, 19872
2126, 19447
16244, 2127
2127, 46469
46806, 2128
2128, 15337
21403, 2129
2129, 17310
17198, 2130
2130, 31083
13350, 2131
2131, 47880
46806, 2132
2132, 42612
15402, 2133
2133, 33800
17038, 2134
46135, 2134
2134, 35125
45069, 2135
2135, 27626
35906, 2136
30166, 2136
48027, 2136
24487, 2136
31344, 2136
21846, 2136
13737, 2136
31449, 2136
44569, 2136
38098, 2136
25594, 2136
26695, 2136
16348, 2136
43277, 2136
48656, 2136
34463, 2136
27121, 2136
25533, 2136
39726, 2136
27669, 2136
31569, 2136
36016, 2136
24998, 2136
44737, 2136
40379, 2136
19291, 2136
47230, 2136
46711, 2136
29117, 2136
28145, 2136
16225, 2136
16355, 2136
29727, 2136
30276, 2136
15876, 2136
38744, 2136
13455, 2136
15040, 2136
2136, 41160
15134, 2137
2137, 24392
42110, 2138
2138, 32763
30363, 2139
2139, 43403
45014, 2140
2140, 38543
29888, 2141
2141, 26168
38829, 2142
2142, 39765
43590, 2143
2143, 39694
40543, 2144
2144, 18325
17942, 2145
45033, 2145
40098, 2145
37626, 2145
26286, 2145
27996, 2145
48074, 2145
27719, 2145
16070, 2145
39489, 2145
30488, 2145
37623, 2145
41839, 2145
32278, 2145
27411, 2145
18979, 2145
19766, 2145
20093, 2145
27582, 2145
28055, 2145
18431, 2145
48249, 2145
41601, 2145
17325, 2145
40230, 2145
13265, 2145
26278, 2145
45463, 2145
18661, 2145
45386, 2145
31711, 2145
25593, 2145
42482, 2145
40961, 2145
42104, 2145
27733, 2145
19870, 2145
32415, 2145
40894, 2145
37175, 2145
22836, 2145
43266, 2145
14418, 2145
30016, 2145
15272, 2145
39608, 2145
20505, 2145
35013, 2145
44415, 2145
31065, 2145
39612, 2145
23189, 2145
16489, 2145
36698, 2145
26486, 2145
32103, 2145
42598, 2145
33510, 2145
33428, 2145
47000, 2145
48270, 2145
44840, 2145
39119, 2145
35754, 2145
40598, 2145
45944, 2145
12946, 2145
26657, 2145
42284, 2145
2145, 23932
2145, 46806
37194, 2146
2146, 23982
47699, 2147
2147, 15902
15389, 2148
41181, 2148
17620, 2148
30238, 2148
19534, 2148
47922, 2148
2148, 41560
2148, 14432
46806, 2149
2149, 41574
42110, 2150
2150, 20803
42110, 2151
2151, 40919
16223, 2152
44579, 2152
43301, 2152
2152, 27802
36465, 2153
2153, 41629
40979, 2154
2154, 34338
14215, 2155
14968, 2155
2155, 40150
33085, 2156
46980, 2156
2156, 29230
12423, 2157
2157, 20493
15252, 2158
2158, 14296
2158, 13674
48699, 2159
2159, 32000
2159, 21552
2159, 38767
2159, 42210
42110, 2160
2160, 42779
15894, 2161
2161, 14736
42110, 2162
2162, 35656
31390, 2163
2163, 37284
28814, 2164
2164, 28896
19941, 2165
2165, 45233
26522, 2166
2166, 28458
2166, 25154
2166, 27365
2166, 23760
42201, 2167
2167, 27354
23147, 2168
38161, 2168
19685, 2168
47416, 2168
25262, 2168
46807, 2168
43381, 2168
30507, 2168
2168, 38069
2168, 22622
39911, 2169
2169, 33353
14284, 2170
13044, 2170
41704, 2170
44882, 2170
22633, 2170
47668, 2170
47300, 2170
31060, 2170
15947, 2170
26907, 2170
45687, 2170
33259, 2170
35051, 2170
25942, 2170
32090, 2170
45983, 2170
30516, 2170
30375, 2170
15218, 2170
47104, 2170
26771, 2170
46550, 2170
30505, 2170
17653, 2170
28874, 2170
34924, 2170
19448, 2170
12738, 2170
37864, 2170
22143, 2170
27356, 2170
29276, 2170
42827, 2170
17239, 2170
41539, 2170
46295, 2170
39088, 2170
45308, 2170
35995, 2170
26535, 2170
28730, 2170
25568, 2170
42716, 2170
2170, 19413
24199, 2171
2171, 29702
16290, 2172
2172, 41191
29533, 2173
17061, 2173
2173, 18023
48633, 2174
2174, 44706
42323, 2175
2175, 17245
32992, 2176
2176, 30258
42110, 2177
2177, 40843
35371, 2178
14113, 2178
2178, 14993
39247, 2179
2179, 37750
2179, 37134
2179, 20703
2179, 14410
15121, 2180
2180, 28111
46668, 2181
13351, 2181
27613, 2181
2181, 43355
29315, 2182
38627, 2182
2182, 43942
36616, 2183
2183, 38012
15254, 2184
18371, 2184
33747, 2184
26709, 2184
48529, 2184
36533, 2184
12758, 2184
44558, 2184
37916, 2184
2184, 27909
46729, 2185
2185, 45775
31877, 2186
2186, 28996
23770, 2187
2187, 24764
41523, 2188
2188, 43949
34039, 2189
2189, 20593
14452, 2190
2190, 12626
2190, 14446
22801, 2191
2191, 30594
26445, 2192
2192, 19186
2192, 25489
43641, 2193
15551, 2193
16873, 2193
45310, 2193
32247, 2193
22728, 2193
29407, 2193
31798, 2193
45336, 2193
30964, 2193
13253, 2193
22972, 2193
12486, 2193
30034, 2193
24672, 2193
39677, 2193
32101, 2193
19376, 2193
25380, 2193
25923, 2193
47314, 2193
27576, 2193
47096, 2193
31491, 2193
17836, 2193
32734, 2193
2193, 19413
42998, 2194
2194, 31588
31138, 2195
48441, 2195
2195, 32860
2195, 18407
19058, 2196
2196, 17368
43436, 2197
2197, 27733
43829, 2198
2198, 22528
43474, 2199
2199, 46249
39117, 2200
46187, 2200
15156, 2200
13424, 2200
30105, 2200
30583, 2200
31309, 2200
48298, 2200
44003, 2200
25817, 2200
13281, 2200
39715, 2200
26255, 2200
45721, 2200
43077, 2200
32852, 2200
47932, 2200
31766, 2200
38633, 2200
48442, 2200
20353, 2200
33464, 2200
35839, 2200
16743, 2200
44238, 2200
30065, 2200
38931, 2200
23278, 2200
41163, 2200
46114, 2200
44129, 2200
31797, 2200
21086, 2200
38500, 2200
41071, 2200
21564, 2200
21579, 2200
38488, 2200
45170, 2200
21418, 2200
47673, 2200
27577, 2200
40826, 2200
41084, 2200
39442, 2200
40790, 2200
23469, 2200
34469, 2200
21957, 2200
32823, 2200
26143, 2200
46948, 2200
30280, 2200
29122, 2200
31821, 2200
23532, 2200
25158, 2200
37946, 2200
22597, 2200
13073, 2200
28843, 2200
44877, 2200
18708, 2200
47381, 2200
19203, 2200
36630, 2200
35175, 2200
14072, 2200
39788, 2200
23740, 2200
31026, 2200
20687, 2200
45122, 2200
36332, 2200
46787, 2200
14749, 2200
16790, 2200
37562, 2200
33924, 2200
14016, 2200
47927, 2200
31976, 2200
45851, 2200
17179, 2200
13622, 2200
19553, 2200
26830, 2200
18827, 2200
46145, 2200
38468, 2200
40372, 2200
38700, 2200
24372, 2200
16563, 2200
18448, 2200
38701, 2200
39817, 2200
28220, 2200
19072, 2200
12391, 2200
19855, 2200
16030, 2200
20572, 2200
24830, 2200
27797, 2200
24960, 2200
30917, 2200
13437, 2200
43916, 2200
15083, 2200
19709, 2200
40534, 2200
38898, 2200
12620, 2200
29819, 2200
18905, 2200
16903, 2200
37343, 2200
17165, 2200
41867, 2200
41239, 2200
38441, 2200
16594, 2200
13564, 2200
43683, 2200
26396, 2200
42245, 2200
20119, 2200
35234, 2200
20186, 2200
33626, 2200
12903, 2200
48518, 2200
17052, 2200
31727, 2200
34749, 2200
36293, 2200
34824, 2200
15634, 2200
17168, 2200
45990, 2200
20508, 2200
33345, 2200
39106, 2200
12901, 2200
43961, 2200
20664, 2200
35867, 2200
42667, 2200
43309, 2200
16374, 2200
24928, 2200
21718, 2200
22701, 2200
31810, 2200
28760, 2200
36913, 2200
36806, 2200
43513, 2200
24358, 2200
13954, 2200
33395, 2200
41212, 2200
14684, 2200
47825, 2200
43387, 2200
38576, 2200
26856, 2200
33141, 2200
19040, 2200
47080, 2200
45110, 2200
23726, 2200
27503, 2200
29079, 2200
47439, 2200
48287, 2200
39667, 2200
36398, 2200
24341, 2200
17285, 2200
44603, 2200
47645, 2200
30992, 2200
24166, 2200
24452, 2200
23676, 2200
38888, 2200
40801, 2200
39160, 2200
34349, 2200
48632, 2200
47889, 2200
41273, 2200
14773, 2200
40599, 2200
41575, 2200
31628, 2200
45194, 2200
22721, 2200
39780, 2200
2200, 47258
43958, 2201
2201, 26328
2201, 39991
2201, 27499
2201, 16949
2201, 41215
32578, 2202
2202, 29368
42110, 2203
2203, 46488
37601, 2204
38858, 2204
2204, 47199
29733, 2205
2205, 21795
42110, 2206
2206, 22252
46806, 2207
2207, 21221
21887, 2208
2208, 20068
2208, 33336
27953, 2209
2209, 48692
17431, 2210
46740, 2210
2210, 34518
41811, 2211
25268, 2211
25606, 2211
2211, 17944
22744, 2212
2212, 47755
2212, 28973
2212, 22952
2212, 22241
2212, 13795
2212, 41199
2212, 33056
26969, 2213
2213, 15805
2213, 28531
2213, 33518
44656, 2214
2214, 16049
21819, 2215
2215, 30194
27924, 2216
2216, 48461
25431, 2217
19742, 2217
29208, 2217
41666, 2217
30068, 2217
27257, 2217
37659, 2217
47949, 2217
16617, 2217
2217, 42631
13801, 2218
29795, 2218
36869, 2218
2218, 44998
32954, 2219
2219, 22513
2219, 28895
21975, 2220
37612, 2220
15128, 2220
13126, 2220
17478, 2220
31242, 2220
22793, 2220
41418, 2220
20537, 2220
48192, 2220
2220, 28421
44930, 2221
47638, 2221
47055, 2221
31646, 2221
45524, 2221
16378, 2221
38908, 2221
31596, 2221
26851, 2221
34683, 2221
16587, 2221
39236, 2221
35505, 2221
39654, 2221
29123, 2221
43334, 2221
15839, 2221
33880, 2221
2221, 35984
21945, 2222
31186, 2222
37613, 2222
34605, 2222
36797, 2222
31601, 2222
2222, 27779
25414, 2223
43353, 2223
2223, 40733
41455, 2224
2224, 24030
2224, 33011
31059, 2225
2225, 25137
24560, 2226
2226, 26486
16476, 2227
34445, 2227
29523, 2227
14272, 2227
34426, 2227
26346, 2227
37885, 2227
30213, 2227
22767, 2227
24562, 2227
13380, 2227
20335, 2227
27495, 2227
23729, 2227
21543, 2227
30815, 2227
47235, 2227
26324, 2227
35974, 2227
36318, 2227
33544, 2227
24796, 2227
30421, 2227
41946, 2227
25703, 2227
30800, 2227
37113, 2227
47016, 2227
38167, 2227
37823, 2227
37742, 2227
45119, 2227
2227, 19413
18082, 2228
2228, 32145
39958, 2229
2229, 48102
25823, 2230
21088, 2230
47395, 2230
38010, 2230
2230, 27465
42110, 2231
2231, 34845
31656, 2232
2232, 31172
2232, 14994
47441, 2233
2233, 42537
34484, 2234
42974, 2234
45265, 2234
19573, 2234
34733, 2234
27771, 2234
41916, 2234
30582, 2234
24711, 2234
46608, 2234
25984, 2234
30657, 2234
22693, 2234
16613, 2234
23581, 2234
30391, 2234
23696, 2234
20978, 2234
13828, 2234
30071, 2234
46464, 2234
20854, 2234
2234, 24556
30741, 2235
2235, 47033
36465, 2236
2236, 15444
2236, 19872
2236, 24603
2236, 12403
2236, 44453
2236, 41947
20302, 2237
25910, 2237
44995, 2237
20535, 2237
2237, 42731
42110, 2238
2238, 21197
34542, 2239
2239, 30233
38415, 2240
2240, 16591
38579, 2241
2241, 47755
29109, 2242
2242, 30620
36906, 2243
2243, 45482
2243, 34208
48503, 2244
26397, 2244
2244, 32541
19167, 2245
2245, 13225
25875, 2246
2246, 21113
36465, 2247
2247, 40230
2247, 33450
24021, 2248
2248, 27733
17763, 2249
2249, 45196
45677, 2250
2250, 27626
22509, 2251
2251, 30703
42110, 2252
2252, 35598
37235, 2253
2253, 16767
42110, 2254
2254, 27872
36465, 2255
2255, 37908
24667, 2256
2256, 19372
25044, 2257
2257, 15357
21154, 2258
26908, 2258
2258, 23189
18012, 2259
2259, 40025
2259, 14763
2259, 22074
2259, 22350
38658, 2260
2260, 21142
35468, 2261
2261, 41997
45450, 2262
2262, 24775
32202, 2263
2263, 40128
21736, 2264
2264, 47393
2264, 32196
2264, 34306
23430, 2265
2265, 45589
17447, 2266
2266, 45349
2266, 37976
2266, 38101
2266, 12699
2266, 39062
2266, 27406
2266, 22109
2266, 48382
2266, 35232
2266, 24523
2266, 19816
2266, 14148
2266, 29383
2266, 39632
34784, 2267
2267, 31446
2267, 30919
37083, 2268
2268, 37162
2268, 33201
2268, 16684
44634, 2269
29649, 2269
2269, 29315
40156, 2270
2270, 47572
36137, 2271
2271, 36047
38336, 2272
2272, 42989
23588, 2273
2273, 47475
32112, 2274
2274, 32946
22609, 2275
27026, 2275
15360, 2275
41298, 2275
2275, 25221
47699, 2276
2276, 35145
26913, 2277
2277, 46741
2277, 31510
17903, 2278
44168, 2278
12629, 2278
42505, 2278
47151, 2278
25872, 2278
31926, 2278
2278, 43285
17763, 2279
2279, 44587
2279, 39489
24263, 2280
2280, 20989
27274, 2281
2281, 39740
30645, 2282
2282, 17516
32593, 2283
2283, 41881
38942, 2284
44767, 2284
2284, 30712
43085, 2285
2285, 42389
42453, 2286
30969, 2286
34646, 2286
26549, 2286
34069, 2286
2286, 39553
2286, 30836
2286, 20193
2286, 14821
2286, 43401
2286, 35270
2286, 41733
46806, 2287
2287, 39778
35869, 2288
2288, 14994
2288, 29303
2288, 16152
37154, 2289
2289, 45075
2289, 23462
2289, 42545
2289, 20556
2289, 29961
18263, 2290
36881, 2290
38816, 2290
42122, 2290
33885, 2290
26692, 2290
47137, 2290
2290, 20853
29751, 2291
2291, 43307
15648, 2292
2292, 39767
17334, 2293
29105, 2293
2293, 21438
42110, 2294
2294, 24002
15946, 2295
2295, 43449
17672, 2296
2296, 26950
16411, 2297
2297, 41342
39917, 2298
2298, 37405
46806, 2299
2299, 38486
39699, 2300
2300, 36051
31059, 2301
2301, 32980
46228, 2302
2302, 12313
20617, 2303
2303, 22163
2303, 45695
2303, 20066
2303, 38784
2303, 17518
27124, 2304
2304, 44366
33725, 2305
2305, 22247
35379, 2306
2306, 47181
42089, 2307
19294, 2307
45774, 2307
21367, 2307
2307, 16258
13132, 2308
2308, 30480
47752, 2309
29623, 2309
2309, 35337
45058, 2310
2310, 17442
34776, 2311
46884, 2311
2311, 41618
17592, 2312
2312, 17204
2312, 33236
2312, 40572
28743, 2313
2313, 26914
38275, 2314
2314, 21446
2314, 35725
22574, 2315
40880, 2315
44383, 2315
45298, 2315
22216, 2315
22538, 2315
34738, 2315
42968, 2315
16736, 2315
25103, 2315
42806, 2315
46986, 2315
32055, 2315
21226, 2315
33882, 2315
37921, 2315
31655, 2315
13597, 2315
13053, 2315
43227, 2315
39752, 2315
21720, 2315
17609, 2315
37548, 2315
2315, 17302
22258, 2316
2316, 47169
33775, 2317
40998, 2317
15707, 2317
24932, 2317
21838, 2317
14357, 2317
2317, 48611
16566, 2318
2318, 39793
13663, 2319
2319, 16969
14500, 2320
2320, 14489
18425, 2321
2321, 31248
46071, 2322
21429, 2322
2322, 23189
13716, 2323
2323, 21999
42110, 2324
2324, 13874
44797, 2325
2325, 18049
2325, 33711
27543, 2326
19518, 2326
2326, 44322
15805, 2327
46033, 2327
35688, 2327
31261, 2327
48354, 2327
36873, 2327
41822, 2327
48395, 2327
2327, 35114
24541, 2328
2328, 15671
21522, 2329
2329, 48017
23274, 2330
2330, 45791
43416, 2331
2331, 20264
2331, 15866
17144, 2332
2332, 15136
14255, 2333
2333, 37986
46806, 2334
2334, 39980
37541, 2335
25972, 2335
2335, 22502
16119, 2336
2336, 31490
41260, 2337
2337, 21783
13866, 2338
2338, 39815
42761, 2339
2339, 22345
2339, 38770
35379, 2340
2340, 27673
36028, 2341
2341, 22537
29455, 2342
2342, 42288
23074, 2343
22192, 2343
19693, 2343
2343, 32835
34039, 2344
2344, 28250
2344, 23129
14982, 2345
2345, 29215
28445, 2346
2346, 37616
26189, 2347
2347, 34487
25997, 2348
22547, 2348
2348, 38138
34872, 2349
2349, 12989
13745, 2350
17300, 2350
2350, 43849
2350, 35069
36465, 2351
2351, 18952
2351, 27996
2351, 24943
42110, 2352
2352, 12661
40167, 2353
2353, 38256
2353, 26920
13945, 2354
2354, 26367
2354, 28810
42110, 2355
2355, 35964
42110, 2356
2356, 30623
34156, 2357
2357, 31809
40297, 2358
2358, 19361
42110, 2359
2359, 34694
42110, 2360
2360, 37331
47339, 2361
2361, 21432
27403, 2362
2362, 29442
24171, 2363
2363, 14516
27133, 2364
2364, 21204
17915, 2365
24795, 2365
29461, 2365
44206, 2365
35588, 2365
43636, 2365
20533, 2365
39848, 2365
2365, 42598
2365, 16742
20829, 2366
2366, 30176
2366, 22056
2366, 41594
2366, 40119
2366, 26089
2366, 20102
18224, 2367
16397, 2367
26336, 2367
2367, 13250
17651, 2368
2368, 25728
47637, 2369
44960, 2369
2369, 25763
45006, 2370
33929, 2370
30237, 2370
2370, 25885
2370, 16816
26380, 2371
2371, 47483
19949, 2372
35150, 2372
2372, 33116
40358, 2373
2373, 37573
44301, 2374
2374, 25561
16612, 2375
2375, 27622
12456, 2376
16380, 2376
2376, 22644
30226, 2377
2377, 33305
47996, 2378
14551, 2378
37057, 2378
34033, 2378
43847, 2378
24920, 2378
32466, 2378
24935, 2378
12314, 2378
45649, 2378
28250, 2378
20966, 2378
31657, 2378
14730, 2378
15212, 2378
29870, 2378
2378, 17302
25734, 2379
18189, 2379
47749, 2379
40211, 2379
40224, 2379
15811, 2379
44678, 2379
20816, 2379
40217, 2379
45017, 2379
42120, 2379
26470, 2379
24706, 2379
22550, 2379
2379, 32283
22563, 2380
2380, 46882
2380, 32415
25720, 2381
2381, 13532
33327, 2382
2382, 14250
2382, 13246
45024, 2383
2383, 15041
27274, 2384
2384, 47515
2384, 26009
42110, 2385
2385, 16746
40693, 2386
2386, 14059
47420, 2387
2387, 33887
27961, 2388
47848, 2388
23546, 2388
2388, 31153
2388, 39815
2388, 20170
2388, 13433
42110, 2389
2389, 28602
15324, 2390
2390, 19161
42174, 2391
2391, 46121
31377, 2392
15949, 2392
2392, 33562
34971, 2393
2393, 48232
35379, 2394
2394, 36563
45324, 2395
2395, 22056
2395, 32124
46806, 2396
2396, 16978
2396, 25256
18602, 2397
2397, 25427
2397, 38364
15250, 2398
22720, 2398
13124, 2398
43479, 2398
15342, 2398
16874, 2398
25884, 2398
16921, 2398
29904, 2398
48617, 2398
24695, 2398
19190, 2398
42554, 2398
16431, 2398
17520, 2398
39597, 2398
18832, 2398
2398, 35347
14779, 2399
35379, 2399
2399, 27210
44828, 2400
48695, 2400
2400, 21309
22320, 2401
28882, 2401
2401, 16768
28544, 2402
2402, 36690
42110, 2403
2403, 37919
27818, 2404
2404, 43985
44799, 2405
2405, 21002
15728, 2406
2406, 42115
48048, 2407
2407, 46796
22951, 2408
2408, 24690
2408, 24797
15689, 2409
2409, 15071
40774, 2410
31178, 2410
31643, 2410
2410, 30568
38204, 2411
2411, 28375
30131, 2412
2412, 28870
13285, 2413
2413, 27626
42274, 2414
2414, 14176
43832, 2415
2415, 14689
2415, 34216
2415, 21868
2415, 36390
45501, 2416
2416, 38907
47077, 2417
13357, 2417
2417, 25888
26474, 2418
2418, 23167
38677, 2419
2419, 37364
32903, 2420
2420, 30292
16518, 2421
2421, 16979
17280, 2422
2422, 43202
33559, 2423
2423, 14287
37974, 2424
2424, 43076
2424, 48231
42110, 2425
2425, 25648
22540, 2426
19833, 2426
2426, 34826
2426, 45727
44207, 2427
2427, 24367
46305, 2428
15065, 2428
2428, 22968
33385, 2429
2429, 47462
40635, 2430
2430, 46056
32933, 2431
23000, 2431
2431, 37421
18496, 2432
46434, 2432
2432, 20289
41511, 2433
2433, 39586
23430, 2434
2434, 47930
48327, 2435
2435, 45171
23444, 2436
21415, 2436
2436, 31090
22382, 2437
2437, 21452
27614, 2438
2438, 39401
39020, 2439
2439, 40290
42110, 2440
2440, 41885
16148, 2441
2441, 23346
18823, 2442
2442, 28403
20803, 2443
2443, 18468
42110, 2444
2444, 40854
32578, 2445
2445, 13849
20354, 2446
23470, 2446
2446, 46343
24171, 2447
2447, 39073
34933, 2448
2448, 37642
23298, 2449
2449, 38760
24985, 2450
2450, 34651
14140, 2451
2451, 32378
43887, 2452
2452, 19521
2452, 24327
2452, 33461
38757, 2453
2453, 30681
33177, 2454
2454, 19630
43894, 2455
2455, 33810
28544, 2456
2456, 36690
21434, 2457
24182, 2457
48509, 2457
41133, 2457
27473, 2457
44780, 2457
2457, 16233
41009, 2458
15332, 2458
13691, 2458
26253, 2458
45647, 2458
25679, 2458
25546, 2458
42556, 2458
21560, 2458
14061, 2458
42939, 2458
25677, 2458
48028, 2458
36242, 2458
45979, 2458
37370, 2458
33317, 2458
40956, 2458
45188, 2458
34361, 2458
22272, 2458
14640, 2458
20961, 2458
38332, 2458
26417, 2458
17420, 2458
39310, 2458
45601, 2458
32710, 2458
31677, 2458
22469, 2458
19375, 2458
24719, 2458
16046, 2458
31604, 2458
20501, 2458
32664, 2458
26495, 2458
18051, 2458
25447, 2458
40322, 2458
40483, 2458
23466, 2458
35859, 2458
15199, 2458
38323, 2458
12860, 2458
45379, 2458
34405, 2458
41275, 2458
47173, 2458
13505, 2458
18912, 2458
18143, 2458
27297, 2458
31879, 2458
39360, 2458
42739, 2458
46177, 2458
32349, 2458
22050, 2458
17625, 2458
46950, 2458
35219, 2458
18618, 2458
15812, 2458
40374, 2458
24949, 2458
19312, 2458
29150, 2458
40377, 2458
20208, 2458
38611, 2458
19155, 2458
33614, 2458
31428, 2458
43409, 2458
41314, 2458
46231, 2458
44671, 2458
19309, 2458
31048, 2458
21717, 2458
44525, 2458
35677, 2458
44020, 2458
37164, 2458
15236, 2458
41837, 2458
43183, 2458
25366, 2458
25273, 2458
44437, 2458
38267, 2458
20235, 2458
48501, 2458
31840, 2458
23105, 2458
33023, 2458
42642, 2458
38289, 2458
19683, 2458
44097, 2458
26096, 2458
47129, 2458
38943, 2458
37984, 2458
20460, 2458
15845, 2458
23901, 2458
17335, 2458
13897, 2458
39174, 2458
31927, 2458
47661, 2458
34772, 2458
15006, 2458
23164, 2458
35222, 2458
48689, 2458
48359, 2458
38830, 2458
23387, 2458
23998, 2458
21247, 2458
37678, 2458
27199, 2458
39878, 2458
18733, 2458
15003, 2458
33839, 2458
27271, 2458
25433, 2458
28930, 2458
28469, 2458
31966, 2458
35776, 2458
19360, 2458
45030, 2458
27071, 2458
41810, 2458
14506, 2458
39011, 2458
46478, 2458
29078, 2458
18914, 2458
34954, 2458
47868, 2458
25047, 2458
28080, 2458
44507, 2458
45434, 2458
39390, 2458
33619, 2458
14023, 2458
19945, 2458
24184, 2458
26404, 2458
30570, 2458
45114, 2458
12968, 2458
45060, 2458
17729, 2458
42783, 2458
21714, 2458
27716, 2458
38351, 2458
12519, 2458
20350, 2458
34100, 2458
17719, 2458
21019, 2458
38072, 2458
27103, 2458
40971, 2458
13464, 2458
32098, 2458
47140, 2458
34552, 2458
18506, 2458
34875, 2458
21085, 2458
19238, 2458
34114, 2458
30768, 2458
21639, 2458
30405, 2458
44545, 2458
42979, 2458
44586, 2458
32681, 2458
13648, 2458
37673, 2458
41612, 2458
40099, 2458
47983, 2458
12521, 2458
29343, 2458
28536, 2458
38379, 2458
43186, 2458
19557, 2458
30298, 2458
16793, 2458
13400, 2458
23567, 2458
26637, 2458
37151, 2458
24844, 2458
29408, 2458
21191, 2458
20198, 2458
14744, 2458
27033, 2458
32840, 2458
30017, 2458
18762, 2458
45003, 2458
36361, 2458
34129, 2458
27915, 2458
35083, 2458
34176, 2458
21025, 2458
43674, 2458
32114, 2458
12890, 2458
29332, 2458
22260, 2458
31999, 2458
14654, 2458
40508, 2458
31934, 2458
47317, 2458
13425, 2458
30542, 2458
28964, 2458
36129, 2458
45630, 2458
20395, 2458
24149, 2458
46504, 2458
44353, 2458
18352, 2458
42735, 2458
45404, 2458
14012, 2458
18971, 2458
32371, 2458
26753, 2458
35428, 2458
25867, 2458
23949, 2458
47135, 2458
19869, 2458
41083, 2458
34089, 2458
28314, 2458
37766, 2458
17071, 2458
14040, 2458
36650, 2458
20792, 2458
47498, 2458
27489, 2458
37700, 2458
28986, 2458
31865, 2458
14238, 2458
41858, 2458
36302, 2458
13254, 2458
47717, 2458
21239, 2458
36161, 2458
23271, 2458
15968, 2458
30565, 2458
36737, 2458
22895, 2458
37485, 2458
35364, 2458
29458, 2458
43521, 2458
26102, 2458
26581, 2458
31412, 2458
36892, 2458
21554, 2458
28994, 2458
25616, 2458
39728, 2458
34204, 2458
13560, 2458
20265, 2458
18202, 2458
25909, 2458
17574, 2458
31040, 2458
41046, 2458
39989, 2458
14555, 2458
14031, 2458
27222, 2458
32048, 2458
29074, 2458
21956, 2458
43363, 2458
45598, 2458
46134, 2458
41294, 2458
37207, 2458
16855, 2458
33954, 2458
46179, 2458
14577, 2458
39383, 2458
41715, 2458
43072, 2458
30780, 2458
27182, 2458
38628, 2458
48093, 2458
21792, 2458
31757, 2458
34791, 2458
37349, 2458
18216, 2458
13311, 2458
42090, 2458
21338, 2458
28404, 2458
45810, 2458
36303, 2458
44547, 2458
19716, 2458
27736, 2458
32314, 2458
19497, 2458
23548, 2458
30407, 2458
35657, 2458
18281, 2458
36793, 2458
13071, 2458
19763, 2458
42196, 2458
45167, 2458
40479, 2458
45117, 2458
37080, 2458
23048, 2458
41446, 2458
28740, 2458
14944, 2458
24951, 2458
29389, 2458
42335, 2458
32069, 2458
36384, 2458
13297, 2458
42743, 2458
16351, 2458
26318, 2458
35533, 2458
16785, 2458
35971, 2458
38180, 2458
23918, 2458
28094, 2458
45629, 2458
36738, 2458
19223, 2458
15934, 2458
39363, 2458
43685, 2458
36889, 2458
45268, 2458
38674, 2458
39027, 2458
44935, 2458
47562, 2458
22984, 2458
31197, 2458
22422, 2458
21406, 2458
39579, 2458
28003, 2458
44645, 2458
33408, 2458
17998, 2458
19152, 2458
21450, 2458
23723, 2458
32965, 2458
48577, 2458
34931, 2458
41223, 2458
26623, 2458
22529, 2458
18233, 2458
34002, 2458
37004, 2458
37008, 2458
28568, 2458
34325, 2458
20976, 2458
16400, 2458
37181, 2458
23364, 2458
15739, 2458
2458, 27648
2458, 26914
2458, 29662
2458, 42259
2458, 13460
42110, 2459
2459, 38957
48149, 2460
2460, 38218
2460, 35064
2460, 17641
2460, 33011
2460, 30662
20977, 2461
45250, 2461
2461, 12650
46806, 2462
2462, 40161
48549, 2463
2463, 18022
42110, 2464
2464, 34503
26094, 2465
2465, 37277
2465, 16386
30786, 2466
2466, 22851
24500, 2467
2467, 16730
16198, 2468
2468, 29613
2468, 16095
2468, 17275
2468, 43364
12806, 2469
2469, 13920
34033, 2470
45565, 2470
14731, 2470
22216, 2470
37696, 2470
20167, 2470
32785, 2470
20674, 2470
16062, 2470
19276, 2470
41331, 2470
2470, 17302
48084, 2471
30503, 2471
2471, 35231
40681, 2472
2472, 24829
15575, 2473
2473, 22954
2473, 42945
2473, 22167
2473, 44274
2473, 26057
42110, 2474
2474, 45859
16569, 2475
2475, 22896
27221, 2476
2476, 21538
42110, 2477
2477, 35377
42110, 2478
2478, 34386
17247, 2479
2479, 48686
44174, 2480
2480, 17320
31490, 2481
21889, 2481
2481, 46039
19444, 2482
2482, 19290
32945, 2483
2483, 27125
2483, 32631
17669, 2484
2484, 16120
24171, 2485
2485, 25157
16535, 2486
37757, 2486
2486, 48235
2486, 20059
2486, 41297
2486, 14430
2486, 22061
2486, 42011
2486, 21553
2486, 12388
2486, 18064
2486, 35810
2486, 21692
2486, 27592
2486, 35331
2486, 44355
2486, 38362
2486, 32867
2486, 26464
2486, 36154
2486, 27780
2486, 20767
2486, 43320
2486, 12713
2486, 42927
2486, 21982
2486, 43811
2486, 29801
2486, 13994
2486, 45792
2486, 21729
2486, 17533
2486, 45127
2486, 16114
2486, 19352
2486, 40179
2486, 32307
2486, 23818
2486, 36839
2486, 41918
2486, 26252
2486, 40381
2486, 36108
2486, 47754
2486, 41477
2486, 22375
2486, 29766
2486, 40416
2486, 38178
2486, 43901
2486, 21908
38349, 2487
2487, 14673
27058, 2488
2488, 46221
46358, 2489
2489, 19713
25680, 2490
2490, 26539
42110, 2491
2491, 13431
42110, 2492
2492, 14646
33412, 2493
2493, 16864
20374, 2494
26801, 2494
2494, 24979
42110, 2495
2495, 38346
42110, 2496
2496, 29729
45205, 2497
2497, 28777
35437, 2498
13843, 2498
22326, 2498
29581, 2498
37772, 2498
2498, 37650
2498, 47915
19556, 2499
2499, 26340
43928, 2500
25187, 2500
34477, 2500
2500, 28238
37588, 2501
2501, 42854
2501, 31684
32505, 2502
2502, 48363
29296, 2503
2503, 27712
15310, 2504
36265, 2504
27371, 2504
37380, 2504
34344, 2504
40566, 2504
34435, 2504
2504, 42206
42110, 2505
2505, 39493
38829, 2506
2506, 13002
22950, 2507
2507, 37388
2507, 33780
42110, 2508
2508, 36267
17107, 2509
26436, 2509
35899, 2509
31396, 2509
17251, 2509
17028, 2509
27612, 2509
26658, 2509
32618, 2509
45461, 2509
32792, 2509
35585, 2509
29686, 2509
33892, 2509
44254, 2509
14415, 2509
34799, 2509
14870, 2509
31273, 2509
24835, 2509
19359, 2509
17155, 2509
21474, 2509
16360, 2509
32026, 2509
46045, 2509
38273, 2509
48401, 2509
36563, 2509
44658, 2509
20266, 2509
20849, 2509
44612, 2509
47013, 2509
22755, 2509
38796, 2509
16408, 2509
37355, 2509
21266, 2509
42832, 2509
47466, 2509
34333, 2509
28422, 2509
20943, 2509
13275, 2509
13657, 2509
19330, 2509
16786, 2509
45299, 2509
29752, 2509
22898, 2509
27926, 2509
15357, 2509
40879, 2509
25316, 2509
30104, 2509
43221, 2509
27148, 2509
34649, 2509
19054, 2509
22369, 2509
13452, 2509
21402, 2509
30641, 2509
47874, 2509
19015, 2509
19379, 2509
16153, 2509
14901, 2509
26039, 2509
23444, 2509
39912, 2509
18535, 2509
13771, 2509
39039, 2509
25196, 2509
37076, 2509
40315, 2509
39821, 2509
48525, 2509
21671, 2509
39232, 2509
36753, 2509
23630, 2509
37364, 2509
36162, 2509
29781, 2509
27626, 2509
29347, 2509
35302, 2509
29549, 2509
23977, 2509
35868, 2509
24886, 2509
31906, 2509
24595, 2509
41801, 2509
46517, 2509
22487, 2509
13765, 2509
37579, 2509
38543, 2509
15519, 2509
31640, 2509
19187, 2509
32359, 2509
37490, 2509
40294, 2509
19678, 2509
35523, 2509
46428, 2509
21318, 2509
15602, 2509
45192, 2509
24394, 2509
18919, 2509
48066, 2509
35844, 2509
29566, 2509
35851, 2509
16180, 2509
34238, 2509
17265, 2509
29388, 2509
28194, 2509
25571, 2509
19615, 2509
17098, 2509
22502, 2509
36413, 2509
34296, 2509
26080, 2509
26906, 2509
20547, 2509
42183, 2509
39551, 2509
31936, 2509
38114, 2509
25904, 2509
26864, 2509
14283, 2509
33808, 2509
31636, 2509
28983, 2509
37989, 2509
25055, 2509
33333, 2509
44643, 2509
34061, 2509
35735, 2509
39932, 2509
31572, 2509
20302, 2509
22256, 2509
20629, 2509
19993, 2509
45551, 2509
29478, 2509
29315, 2509
12706, 2509
34555, 2509
47838, 2509
29987, 2509
26651, 2509
20374, 2509
28784, 2509
14923, 2509
19161, 2509
36243, 2509
14037, 2509
17914, 2509
15071, 2509
27443, 2509
23222, 2509
46151, 2509
17035, 2509
23000, 2509
22777, 2509
23195, 2509
39933, 2509
44601, 2509
16954, 2509
44028, 2509
26230, 2509
37168, 2509
23022, 2509
16344, 2509
42559, 2509
21525, 2509
41869, 2509
46688, 2509
43083, 2509
46376, 2509
23033, 2509
45305, 2509
26920, 2509
12907, 2509
25910, 2509
31913, 2509
14689, 2509
21105, 2509
30216, 2509
36996, 2509
34137, 2509
39909, 2509
38352, 2509
15887, 2509
12378, 2509
43358, 2509
12498, 2509
36134, 2509
17014, 2509
30011, 2509
30489, 2509
16716, 2509
30176, 2509
27927, 2509
13508, 2509
13938, 2509
35618, 2509
45284, 2509
26639, 2509
27673, 2509
24877, 2509
45064, 2509
47950, 2509
40985, 2509
25620, 2509
45075, 2509
20568, 2509
34671, 2509
38834, 2509
37162, 2509
12334, 2509
21733, 2509
30835, 2509
19029, 2509
48684, 2509
29226, 2509
13933, 2509
44883, 2509
25311, 2509
28483, 2509
31280, 2509
18077, 2509
27468, 2509
29847, 2509
17583, 2509
28706, 2509
15100, 2509
31081, 2509
27212, 2509
16723, 2509
46363, 2509
29526, 2509
16789, 2509
47795, 2509
36104, 2509
32712, 2509
32881, 2509
27147, 2509
22711, 2509
33132, 2509
43859, 2509
34324, 2509
47289, 2509
22056, 2509
36613, 2509
28458, 2509
46758, 2509
24477, 2509
42771, 2509
28148, 2509
16504, 2509
38978, 2509
30942, 2509
24189, 2509
35551, 2509
25726, 2509
21813, 2509
28158, 2509
46707, 2509
45251, 2509
28792, 2509
20372, 2509
24083, 2509
18972, 2509
16187, 2509
28051, 2509
33601, 2509
39827, 2509
46561, 2509
22420, 2509
45337, 2509
27054, 2509
23684, 2509
31261, 2509
24984, 2509
30082, 2509
46808, 2509
31153, 2509
42854, 2509
47015, 2509
41352, 2509
16684, 2509
15938, 2509
46804, 2509
24852, 2509
18071, 2509
32838, 2509
37920, 2509
47310, 2509
18837, 2509
48354, 2509
23982, 2509
40054, 2509
19361, 2509
45847, 2509
21295, 2509
20827, 2509
42077, 2509
34370, 2509
37796, 2509
12438, 2509
34019, 2509
27205, 2509
47383, 2509
15376, 2509
17745, 2509
39823, 2509
45626, 2509
17425, 2509
46692, 2509
35566, 2509
30575, 2509
38212, 2509
46609, 2509
34847, 2509
38999, 2509
40897, 2509
39625, 2509
16199, 2509
20973, 2509
26421, 2509
47264, 2509
31818, 2509
36826, 2509
47987, 2509
13308, 2509
44440, 2509
47102, 2509
45700, 2509
33595, 2509
16310, 2509
18373, 2509
46434, 2509
40685, 2509
46483, 2509
27767, 2509
28267, 2509
16272, 2509
44502, 2509
12691, 2509
29412, 2509
13662, 2509
34110, 2509
21049, 2509
32145, 2509
28768, 2509
33190, 2509
44518, 2509
48104, 2509
15752, 2509
41594, 2509
28592, 2509
21423, 2509
28565, 2509
13226, 2509
38871, 2509
29784, 2509
25863, 2509
42673, 2509
27574, 2509
2509, 32888
34873, 2510
16610, 2510
2510, 12979
45024, 2511
2511, 15041
43804, 2512
28241, 2512
2512, 48431
42471, 2513
37541, 2513
2513, 22502
17763, 2514
2514, 33381
2514, 34685
42110, 2515
2515, 13746
35444, 2516
23512, 2516
47615, 2516
2516, 32520
45205, 2517
2517, 21433
32578, 2518
2518, 25521
20426, 2519
2519, 16762
2519, 14056
26492, 2520
2520, 13657
2520, 25639
2520, 44059
2520, 40119
2520, 20742
2520, 21916
33410, 2521
2521, 15070
2521, 14559
2521, 16610
2521, 26097
2521, 24095
42110, 2522
2522, 30968
26076, 2523
22198, 2523
20056, 2523
36604, 2523
35997, 2523
14955, 2523
20199, 2523
28389, 2523
2523, 36414
16429, 2524
41038, 2524
28491, 2524
2524, 22839
20302, 2525
43640, 2525
35688, 2525
43264, 2525
2525, 47818
45205, 2526
2526, 21010
2526, 16008
38688, 2527
2527, 39932
15701, 2528
2528, 44761
27156, 2529
2529, 37315
46806, 2530
2530, 48019
30269, 2531
2531, 31913
2531, 15505
38063, 2532
2532, 35724
19830, 2533
2533, 45257
19228, 2534
2534, 25863
2534, 19270
2534, 15866
2534, 41391
26425, 2535
2535, 23223
16244, 2536
2536, 32980
26828, 2537
2537, 41331
40996, 2538
18850, 2538
34232, 2538
44349, 2538
14633, 2538
41934, 2538
27225, 2538
46872, 2538
31422, 2538
13503, 2538
12769, 2538
40126, 2538
45215, 2538
22560, 2538
18544, 2538
34023, 2538
37241, 2538
34303, 2538
15202, 2538
15015, 2538
33426, 2538
20536, 2538
14891, 2538
28891, 2538
45378, 2538
26673, 2538
18171, 2538
41880, 2538
40324, 2538
45923, 2538
22819, 2538
30459, 2538
26391, 2538
48209, 2538
18780, 2538
41115, 2538
21677, 2538
15779, 2538
27569, 2538
38196, 2538
35797, 2538
14987, 2538
2538, 13008
18822, 2539
2539, 27783
2539, 35862
26704, 2540
2540, 38627
2540, 21663
2540, 28186
2540, 35470
47814, 2541
45408, 2541
44432, 2541
36393, 2541
19912, 2541
30747, 2541
40881, 2541
13179, 2541
47191, 2541
12494, 2541
23845, 2541
22206, 2541
40067, 2541
36731, 2541
28869, 2541
23044, 2541
16417, 2541
17272, 2541
28564, 2541
45810, 2541
14387, 2541
18675, 2541
27642, 2541
15650, 2541
35890, 2541
14134, 2541
43454, 2541
35351, 2541
31129, 2541
19402, 2541
46906, 2541
32156, 2541
17343, 2541
25259, 2541
13669, 2541
16577, 2541
45206, 2541
18323, 2541
26724, 2541
43499, 2541
27252, 2541
36511, 2541
27326, 2541
27034, 2541
2541, 25111
2541, 30942
17713, 2542
2542, 16060
2542, 48444
2542, 42501
38829, 2543
2543, 42903
14571, 2544
2544, 40025
42110, 2545
2545, 24576
25555, 2546
2546, 36064
42110, 2547
2547, 23035
41951, 2548
2548, 42251
46806, 2549
2549, 27327
46352, 2550
2550, 30819
32162, 2551
14961, 2551
28428, 2551
42960, 2551
16423, 2551
27174, 2551
32755, 2551
14882, 2551
23069, 2551
32649, 2551
45139, 2551
18721, 2551
44782, 2551
45271, 2551
13990, 2551
39112, 2551
36090, 2551
21158, 2551
31876, 2551
2551, 42713
21551, 2552
2552, 14578
2552, 24791
43391, 2553
2553, 37940
13307, 2554
2554, 28261
39586, 2555
2555, 36552
39849, 2556
2556, 39470
42110, 2557
2557, 20999
35095, 2558
2558, 40928
21787, 2559
2559, 25090
41166, 2560
2560, 36474
32903, 2561
2561, 30292
12977, 2562
47545, 2562
12735, 2562
48646, 2562
31418, 2562
39373, 2562
22982, 2562
22080, 2562
18159, 2562
46388, 2562
17345, 2562
44095, 2562
45260, 2562
18567, 2562
24211, 2562
24320, 2562
43866, 2562
20342, 2562
40388, 2562
37377, 2562
41983, 2562
22216, 2562
35727, 2562
30094, 2562
40104, 2562
47567, 2562
43854, 2562
36824, 2562
43898, 2562
13314, 2562
19093, 2562
23458, 2562
35683, 2562
17082, 2562
48306, 2562
26493, 2562
21391, 2562
20940, 2562
46839, 2562
34770, 2562
21456, 2562
12782, 2562
25626, 2562
13048, 2562
21823, 2562
19347, 2562
31501, 2562
41417, 2562
37762, 2562
17802, 2562
24833, 2562
15228, 2562
38312, 2562
46193, 2562
15528, 2562
27322, 2562
43238, 2562
43698, 2562
34527, 2562
2562, 17302
21130, 2563
2563, 27313
43015, 2564
39797, 2564
19449, 2564
32845, 2564
43405, 2564
35590, 2564
29642, 2564
21048, 2564
28083, 2564
2564, 23102
28501, 2565
2565, 40800
18502, 2566
2566, 26152
2566, 40119
30614, 2567
2567, 46609
2567, 18562
2567, 22911
42110, 2568
2568, 47991
46557, 2569
2569, 30503
2569, 20880
16681, 2570
2570, 34673
14819, 2571
2571, 22771
34898, 2572
2572, 25049
2572, 19372
27526, 2573
2573, 33428
18174, 2574
27486, 2574
17226, 2574
29865, 2574
38214, 2574
19648, 2574
15389, 2574
42121, 2574
37105, 2574
34959, 2574
2574, 19772
2574, 24987
2574, 38708
2574, 35558
42110, 2575
2575, 29897
48182, 2576
2576, 19679
29614, 2577
2577, 47637
20406, 2578
2578, 46033
2578, 22356
2578, 41023
36586, 2579
2579, 12378
19315, 2580
2580, 20682
2580, 21462
2580, 27063
2580, 27629
31877, 2581
2581, 28996
33753, 2582
2582, 24393
2582, 42067
42110, 2583
2583, 22252
43936, 2584
2584, 34850
42110, 2585
2585, 47758
16609, 2586
2586, 31176
20736, 2587
2587, 35252
2587, 23968
20401, 2588
40094, 2588
2588, 45239
26017, 2589
2589, 12672
19197, 2590
2590, 18951
42174, 2591
2591, 18691
38829, 2592
2592, 25869
36616, 2593
2593, 33238
32351, 2594
2594, 36984
17942, 2595
17182, 2595
18953, 2595
24524, 2595
13474, 2595
29442, 2595
35887, 2595
21354, 2595
38126, 2595
43642, 2595
24094, 2595
21863, 2595
47766, 2595
23642, 2595
27136, 2595
27996, 2595
44823, 2595
30275, 2595
24283, 2595
15823, 2595
25917, 2595
24188, 2595
17508, 2595
27610, 2595
29203, 2595
39994, 2595
42219, 2595
35958, 2595
26946, 2595
24458, 2595
37706, 2595
46556, 2595
31697, 2595
13242, 2595
33409, 2595
29469, 2595
47031, 2595
35858, 2595
18353, 2595
22250, 2595
21937, 2595
26345, 2595
43865, 2595
25550, 2595
48582, 2595
19872, 2595
17400, 2595
48017, 2595
47470, 2595
37908, 2595
28177, 2595
42626, 2595
14417, 2595
19957, 2595
36558, 2595
28327, 2595
38172, 2595
18981, 2595
24364, 2595
44759, 2595
23457, 2595
38798, 2595
47374, 2595
37158, 2595
26202, 2595
19089, 2595
21264, 2595
20479, 2595
16449, 2595
43101, 2595
29601, 2595
31503, 2595
12711, 2595
37653, 2595
15873, 2595
27802, 2595
32786, 2595
27167, 2595
44322, 2595
25221, 2595
33639, 2595
14216, 2595
40872, 2595
33901, 2595
41196, 2595
41451, 2595
47672, 2595
26491, 2595
21103, 2595
15105, 2595
17278, 2595
43952, 2595
18951, 2595
20546, 2595
23598, 2595
13265, 2595
26278, 2595
20669, 2595
45463, 2595
46846, 2595
27937, 2595
42409, 2595
30442, 2595
33742, 2595
44279, 2595
44081, 2595
22109, 2595
14162, 2595
33151, 2595
27228, 2595
15253, 2595
17921, 2595
36674, 2595
16258, 2595
41117, 2595
18008, 2595
42104, 2595
33787, 2595
27733, 2595
37493, 2595
21497, 2595
37510, 2595
19870, 2595
16511, 2595
47389, 2595
18946, 2595
20844, 2595
17654, 2595
32415, 2595
29530, 2595
36212, 2595
47415, 2595
21079, 2595
34065, 2595
48157, 2595
48457, 2595
48135, 2595
47297, 2595
42455, 2595
12919, 2595
21309, 2595
18867, 2595
28976, 2595
36483, 2595
22213, 2595
46427, 2595
29029, 2595
36158, 2595
48172, 2595
30233, 2595
17164, 2595
26236, 2595
40093, 2595
44576, 2595
40943, 2595
32744, 2595
15272, 2595
41628, 2595
48360, 2595
26859, 2595
18690, 2595
40251, 2595
43562, 2595
38959, 2595
14299, 2595
24191, 2595
17298, 2595
40033, 2595
15698, 2595
22862, 2595
44225, 2595
22166, 2595
45348, 2595
43599, 2595
29430, 2595
18697, 2595
30393, 2595
26950, 2595
19799, 2595
12998, 2595
39612, 2595
45853, 2595
23189, 2595
24540, 2595
43985, 2595
22620, 2595
40860, 2595
40726, 2595
17475, 2595
44329, 2595
42598, 2595
14634, 2595
33510, 2595
35435, 2595
44453, 2595
21002, 2595
33818, 2595
27909, 2595
29580, 2595
20949, 2595
23409, 2595
41392, 2595
16509, 2595
32321, 2595
19447, 2595
20470, 2595
24752, 2595
27488, 2595
20315, 2595
21405, 2595
40904, 2595
34828, 2595
12422, 2595
36945, 2595
36780, 2595
33212, 2595
13497, 2595
48061, 2595
20330, 2595
36485, 2595
38178, 2595
14153, 2595
46543, 2595
13337, 2595
40598, 2595
47692, 2595
46958, 2595
16300, 2595
28963, 2595
47127, 2595
28007, 2595
44552, 2595
15521, 2595
45546, 2595
13188, 2595
31248, 2595
22719, 2595
18696, 2595
33171, 2595
39745, 2595
2595, 46806
2595, 29886
30784, 2596
2596, 20513
2596, 19272
2596, 22356
2596, 37539
42707, 2597
2597, 28810
2597, 19887
2597, 38457
2597, 23506
18338, 2598
2598, 38959
40513, 2599
2599, 39472
33302, 2600
2600, 34735
24378, 2601
2601, 38114
42110, 2602
2602, 41532
47763, 2603
2603, 28732
2603, 16386
31031, 2604
2604, 28241
23974, 2605
2605, 14106
29128, 2606
2606, 37980
2606, 22959
34553, 2607
2607, 29783
33894, 2608
2608, 28462
16033, 2609
2609, 39880
22929, 2610
2610, 35092
26246, 2611
2611, 46035
47047, 2612
2612, 19705
38063, 2613
2613, 35724
33593, 2614
26763, 2614
15353, 2614
17254, 2614
45259, 2614
34999, 2614
2614, 45845
21755, 2615
42656, 2615
2615, 40872
44417, 2616
2616, 33510
26347, 2617
2617, 34141
37963, 2618
2618, 23630
2618, 21516
28617, 2619
43792, 2619
2619, 37231
44497, 2620
2620, 18049
42110, 2621
2621, 44461
13165, 2622
2622, 31187
32326, 2623
28430, 2623
48069, 2623
16810, 2623
23370, 2623
2623, 13735
21258, 2624
2624, 17432
2624, 48284
36465, 2625
2625, 27996
27262, 2626
2626, 42434
2626, 23864
2626, 26057
46806, 2627
2627, 36326
34060, 2628
43875, 2628
2628, 19766
36187, 2629
2629, 43452
44863, 2630
2630, 45152
28361, 2631
46650, 2631
35887, 2631
41729, 2631
38749, 2631
47608, 2631
35779, 2631
48051, 2631
24616, 2631
13417, 2631
14132, 2631
18022, 2631
23710, 2631
44931, 2631
42011, 2631
24252, 2631
13250, 2631
18064, 2631
39545, 2631
38760, 2631
35394, 2631
29783, 2631
22113, 2631
31162, 2631
16696, 2631
35273, 2631
23971, 2631
48017, 2631
28177, 2631
32493, 2631
39038, 2631
28467, 2631
19957, 2631
37559, 2631
17137, 2631
30998, 2631
26446, 2631
37158, 2631
43137, 2631
31816, 2631
48660, 2631
29637, 2631
44322, 2631
38179, 2631
42857, 2631
16283, 2631
46766, 2631
34630, 2631
16086, 2631
35046, 2631
22232, 2631
47617, 2631
38359, 2631
22030, 2631
42927, 2631
28949, 2631
33082, 2631
30397, 2631
41117, 2631
20578, 2631
30299, 2631
22962, 2631
26030, 2631
45516, 2631
35721, 2631
44447, 2631
19870, 2631
39709, 2631
47389, 2631
34993, 2631
22844, 2631
25859, 2631
15167, 2631
13332, 2631
33380, 2631
24919, 2631
12468, 2631
33876, 2631
42793, 2631
45012, 2631
46292, 2631
47631, 2631
21658, 2631
48552, 2631
20505, 2631
41995, 2631
44895, 2631
42093, 2631
34142, 2631
47969, 2631
29639, 2631
18386, 2631
30907, 2631
12840, 2631
41976, 2631
28292, 2631
46416, 2631
24905, 2631
20519, 2631
41918, 2631
23120, 2631
33627, 2631
33405, 2631
42641, 2631
30814, 2631
39794, 2631
24540, 2631
32839, 2631
36626, 2631
15738, 2631
40860, 2631
44329, 2631
42265, 2631
45858, 2631
42709, 2631
31788, 2631
18336, 2631
13385, 2631
25442, 2631
44269, 2631
34000, 2631
37543, 2631
32798, 2631
44451, 2631
33810, 2631
21996, 2631
16572, 2631
15983, 2631
20577, 2631
44572, 2631
12422, 2631
35059, 2631
33105, 2631
43901, 2631
19254, 2631
31267, 2631
31248, 2631
47986, 2631
38910, 2631
26061, 2631
2631, 18016
2631, 46806
13134, 2632
45476, 2632
21312, 2632
2632, 48582
2632, 21309
26183, 2633
2633, 13212
46806, 2634
2634, 35772
2634, 30693
46595, 2635
2635, 47625
23349, 2636
2636, 26524
16477, 2637
20521, 2637
39296, 2637
47051, 2637
17078, 2637
47650, 2637
21384, 2637
37731, 2637
35431, 2637
38519, 2637
43707, 2637
30499, 2637
35449, 2637
29914, 2637
26012, 2637
25274, 2637
16015, 2637
44565, 2637
21904, 2637
42439, 2637
41144, 2637
17145, 2637
17270, 2637
28085, 2637
19950, 2637
18354, 2637
44705, 2637
13336, 2637
15502, 2637
33195, 2637
2637, 48646
43893, 2638
2638, 27626
16924, 2639
19340, 2639
2639, 14768
21140, 2640
2640, 44459
2640, 36575
2640, 28784
2640, 32151
2640, 19661
23935, 2641
2641, 24249
41449, 2642
12804, 2642
26497, 2642
22646, 2642
2642, 45354
17360, 2643
2643, 17942
41041, 2644
2644, 40685
46218, 2645
13624, 2645
2645, 22207
2645, 30724
2645, 43327
18924, 2646
22253, 2646
2646, 21995
42110, 2647
2647, 42356
24492, 2648
2648, 28729
2648, 17952
2648, 33528
42110, 2649
2649, 30790
45221, 2650
2650, 15924
20722, 2651
2651, 14037
2651, 43859
2651, 30170
46806, 2652
2652, 36326
45047, 2653
2653, 31341
14879, 2654
23540, 2654
22007, 2654
20699, 2654
34877, 2654
28475, 2654
44781, 2654
21465, 2654
39217, 2654
2654, 14279
27274, 2655
2655, 23801
2655, 34551
41240, 2656
2656, 35500
13640, 2657
2657, 35575
39123, 2658
14959, 2658
23854, 2658
14598, 2658
13185, 2658
42867, 2658
35161, 2658
16551, 2658
22391, 2658
23134, 2658
13905, 2658
42675, 2658
25113, 2658
46374, 2658
28851, 2658
20118, 2658
37972, 2658
22922, 2658
42405, 2658
2658, 18867
46138, 2659
2659, 43724
42110, 2660
2660, 27995
46806, 2661
2661, 38486
2661, 28249
14976, 2662
2662, 28398
41286, 2663
2663, 12422
29121, 2664
39586, 2664
14935, 2664
34071, 2664
18634, 2664
25226, 2664
35558, 2664
17745, 2664
35578, 2664
45329, 2664
39053, 2664
2664, 25479
48492, 2665
2665, 12438
2665, 45640
2665, 27566
28270, 2666
2666, 34019
28823, 2667
2667, 24458
2667, 14417
2667, 30116
2667, 33695
2667, 48172
2667, 20315
2667, 13154
2667, 26959
2667, 19172
22673, 2668
2668, 43322
2668, 25448
15282, 2669
2669, 45911
42110, 2670
2670, 14376
42807, 2671
2671, 12999
35170, 2672
24011, 2672
29852, 2672
21652, 2672
2672, 39470
42110, 2673
2673, 22542
21571, 2674
2674, 21795
41110, 2675
35584, 2675
24268, 2675
23750, 2675
13650, 2675
13484, 2675
17158, 2675
46937, 2675
24124, 2675
27870, 2675
39515, 2675
13753, 2675
41933, 2675
22378, 2675
18144, 2675
37709, 2675
23946, 2675
35881, 2675
46287, 2675
48511, 2675
29900, 2675
21738, 2675
15367, 2675
46895, 2675
44178, 2675
26598, 2675
23910, 2675
27769, 2675
13721, 2675
27606, 2675
22134, 2675
29995, 2675
45969, 2675
41104, 2675
15223, 2675
41953, 2675
47356, 2675
48544, 2675
33031, 2675
33732, 2675
44422, 2675
28525, 2675
17099, 2675
40997, 2675
43065, 2675
16498, 2675
33631, 2675
41338, 2675
27186, 2675
32425, 2675
39747, 2675
35192, 2675
13469, 2675
21327, 2675
14824, 2675
25632, 2675
18859, 2675
21307, 2675
44632, 2675
25203, 2675
48003, 2675
48289, 2675
2675, 31252
42110, 2676
2676, 24039
34228, 2677
2677, 26743
30210, 2678
2678, 48438
14558, 2679
16896, 2679
2679, 16936
46258, 2680
2680, 35480
28977, 2681
2681, 17092
32578, 2682
2682, 15234
41742, 2683
25100, 2683
2683, 31051
43140, 2684
2684, 41510
42058, 2685
34030, 2685
2685, 39625
40335, 2686
38475, 2686
2686, 35525
46386, 2687
2687, 47366
43272, 2688
2688, 31172
20938, 2689
2689, 45384
27097, 2690
27604, 2690
12444, 2690
35108, 2690
28936, 2690
2690, 38066
25295, 2691
29712, 2691
2691, 15531
48598, 2692
2692, 16169
18963, 2693
2693, 24288
35944, 2694
2694, 38273
42926, 2695
46398, 2695
25242, 2695
24476, 2695
30556, 2695
21297, 2695
2695, 23665
35488, 2696
24292, 2696
2696, 43495
41775, 2697
2697, 17508
15380, 2698
2698, 29105
16735, 2699
2699, 19021
30190, 2700
2700, 27443
28961, 2701
2701, 48054
25179, 2702
2702, 47775
46806, 2703
2703, 24351
46806, 2704
2704, 38682
36279, 2705
2705, 26432
42110, 2706
2706, 47257
29549, 2707
23346, 2707
2707, 15588
45297, 2708
2708, 36713
47711, 2709
2709, 37066
2709, 33190
46806, 2710
2710, 35283
42110, 2711
2711, 28849
42110, 2712
2712, 44843
20702, 2713
2713, 17475
42110, 2714
2714, 39925
27496, 2715
2715, 13383
14401, 2716
2716, 26809
34806, 2717
2717, 45903
33199, 2718
2718, 16452
42110, 2719
2719, 42097
18838, 2720
2720, 32889
31594, 2721
2721, 34137
26543, 2722
2722, 44309
48642, 2723
18820, 2723
26310, 2723
39204, 2723
15401, 2723
15880, 2723
22162, 2723
21150, 2723
39055, 2723
34974, 2723
19070, 2723
40005, 2723
16206, 2723
35142, 2723
38596, 2723
29539, 2723
23025, 2723
37730, 2723
19236, 2723
32674, 2723
39668, 2723
24256, 2723
34277, 2723
27463, 2723
32672, 2723
17577, 2723
36415, 2723
38497, 2723
24082, 2723
31996, 2723
19188, 2723
42765, 2723
23425, 2723
23872, 2723
23526, 2723
12507, 2723
16849, 2723
37192, 2723
12381, 2723
33167, 2723
34352, 2723
20994, 2723
17759, 2723
43772, 2723
18358, 2723
48679, 2723
36568, 2723
47965, 2723
28218, 2723
23505, 2723
23490, 2723
24982, 2723
24597, 2723
14828, 2723
15989, 2723
41274, 2723
15622, 2723
19306, 2723
13542, 2723
37178, 2723
29680, 2723
37923, 2723
24669, 2723
26182, 2723
41057, 2723
12359, 2723
47320, 2723
25504, 2723
38004, 2723
40804, 2723
45213, 2723
30108, 2723
43087, 2723
44676, 2723
41336, 2723
18266, 2723
46700, 2723
37214, 2723
27855, 2723
44642, 2723
48661, 2723
28130, 2723
34506, 2723
31796, 2723
31409, 2723
37954, 2723
27578, 2723
31959, 2723
39864, 2723
37591, 2723
47599, 2723
18177, 2723
46222, 2723
38400, 2723
40306, 2723
39896, 2723
43827, 2723
14897, 2723
20867, 2723
31857, 2723
36544, 2723
44806, 2723
48145, 2723
15603, 2723
17640, 2723
16438, 2723
16718, 2723
25413, 2723
38189, 2723
27291, 2723
46117, 2723
22202, 2723
34968, 2723
12777, 2723
26129, 2723
46822, 2723
29261, 2723
40237, 2723
12483, 2723
14021, 2723
19487, 2723
47801, 2723
44813, 2723
19109, 2723
21983, 2723
37438, 2723
25769, 2723
44009, 2723
28912, 2723
25310, 2723
30673, 2723
25080, 2723
43375, 2723
35139, 2723
20187, 2723
41172, 2723
41141, 2723
19801, 2723
28552, 2723
13027, 2723
17970, 2723
32447, 2723
19614, 2723
17381, 2723
17784, 2723
38466, 2723
30634, 2723
48240, 2723
43679, 2723
36905, 2723
31281, 2723
29288, 2723
21835, 2723
47432, 2723
13125, 2723
31618, 2723
40062, 2723
36487, 2723
12932, 2723
21843, 2723
41010, 2723
36145, 2723
33037, 2723
34382, 2723
46227, 2723
47694, 2723
40849, 2723
45896, 2723
47174, 2723
31651, 2723
41964, 2723
39582, 2723
40385, 2723
12820, 2723
12416, 2723
20996, 2723
34987, 2723
13370, 2723
14662, 2723
27721, 2723
40196, 2723
31111, 2723
26218, 2723
18135, 2723
26725, 2723
12445, 2723
37346, 2723
27314, 2723
26442, 2723
37195, 2723
40939, 2723
31393, 2723
31712, 2723
45470, 2723
29067, 2723
27060, 2723
31678, 2723
29465, 2723
23558, 2723
29630, 2723
45276, 2723
23633, 2723
47435, 2723
26002, 2723
38623, 2723
13525, 2723
30590, 2723
24970, 2723
31357, 2723
33750, 2723
12781, 2723
18629, 2723
26118, 2723
20200, 2723
41398, 2723
31863, 2723
26603, 2723
30986, 2723
22980, 2723
32858, 2723
16907, 2723
26344, 2723
47073, 2723
44011, 2723
13181, 2723
29007, 2723
19608, 2723
31533, 2723
45177, 2723
45870, 2723
42146, 2723
43191, 2723
15879, 2723
22118, 2723
39185, 2723
18525, 2723
22077, 2723
31871, 2723
33944, 2723
47121, 2723
13991, 2723
35501, 2723
15546, 2723
42553, 2723
14539, 2723
37188, 2723
32816, 2723
31092, 2723
18186, 2723
13218, 2723
23079, 2723
22333, 2723
31475, 2723
44934, 2723
38512, 2723
36801, 2723
45956, 2723
18734, 2723
25801, 2723
35132, 2723
46232, 2723
46542, 2723
19869, 2723
36867, 2723
36126, 2723
41562, 2723
33910, 2723
32681, 2723
29685, 2723
42685, 2723
15011, 2723
14732, 2723
18235, 2723
42606, 2723
33129, 2723
47589, 2723
41778, 2723
24822, 2723
14781, 2723
48222, 2723
27665, 2723
15914, 2723
29235, 2723
38160, 2723
17876, 2723
23802, 2723
43626, 2723
38019, 2723
26222, 2723
26046, 2723
39446, 2723
34689, 2723
28806, 2723
17728, 2723
22969, 2723
41092, 2723
47641, 2723
29199, 2723
41923, 2723
36041, 2723
37589, 2723
21038, 2723
23607, 2723
27724, 2723
17552, 2723
29912, 2723
41206, 2723
26601, 2723
31225, 2723
37788, 2723
33427, 2723
36421, 2723
27805, 2723
19621, 2723
21590, 2723
35165, 2723
38221, 2723
33303, 2723
16323, 2723
22666, 2723
43540, 2723
30427, 2723
39567, 2723
31489, 2723
30765, 2723
13016, 2723
26553, 2723
27478, 2723
33930, 2723
33348, 2723
14944, 2723
14591, 2723
46594, 2723
30622, 2723
46096, 2723
28329, 2723
12943, 2723
44157, 2723
41099, 2723
12495, 2723
36538, 2723
24942, 2723
23531, 2723
31272, 2723
23709, 2723
40761, 2723
44067, 2723
27641, 2723
33034, 2723
31457, 2723
27625, 2723
20708, 2723
33416, 2723
32325, 2723
19531, 2723
46086, 2723
16669, 2723
26943, 2723
14926, 2723
17057, 2723
13067, 2723
16118, 2723
25444, 2723
44915, 2723
19209, 2723
16635, 2723
47851, 2723
29136, 2723
39360, 2723
40885, 2723
38987, 2723
19971, 2723
33272, 2723
16387, 2723
21499, 2723
17252, 2723
13032, 2723
36602, 2723
16352, 2723
20249, 2723
33315, 2723
47059, 2723
20439, 2723
12687, 2723
40608, 2723
46153, 2723
38844, 2723
24593, 2723
22315, 2723
30944, 2723
24304, 2723
28431, 2723
34286, 2723
14979, 2723
44471, 2723
47622, 2723
41541, 2723
29214, 2723
40514, 2723
39658, 2723
43215, 2723
17009, 2723
40503, 2723
27042, 2723
16140, 2723
33946, 2723
42008, 2723
24670, 2723
33264, 2723
31014, 2723
19250, 2723
17619, 2723
22020, 2723
17255, 2723
44963, 2723
31607, 2723
23561, 2723
35070, 2723
33183, 2723
36965, 2723
44624, 2723
47472, 2723
35375, 2723
30163, 2723
37614, 2723
30050, 2723
24457, 2723
19231, 2723
25056, 2723
43717, 2723
39012, 2723
41474, 2723
16377, 2723
45060, 2723
18586, 2723
20500, 2723
29767, 2723
47092, 2723
22036, 2723
21200, 2723
44463, 2723
20195, 2723
25686, 2723
26427, 2723
40692, 2723
37513, 2723
38869, 2723
37333, 2723
19424, 2723
26963, 2723
23508, 2723
33413, 2723
45027, 2723
40399, 2723
35820, 2723
26145, 2723
36665, 2723
24512, 2723
39617, 2723
37001, 2723
32251, 2723
42489, 2723
14663, 2723
30670, 2723
18430, 2723
18268, 2723
40649, 2723
20379, 2723
21498, 2723
37654, 2723
37592, 2723
13590, 2723
24331, 2723
18103, 2723
21279, 2723
26387, 2723
47548, 2723
17725, 2723
16160, 2723
22208, 2723
12970, 2723
46891, 2723
41406, 2723
40769, 2723
27605, 2723
43587, 2723
23389, 2723
47328, 2723
12664, 2723
23887, 2723
30540, 2723
14459, 2723
46442, 2723
22276, 2723
13477, 2723
45843, 2723
40012, 2723
25451, 2723
33629, 2723
47497, 2723
35147, 2723
22855, 2723
14470, 2723
24425, 2723
45861, 2723
32825, 2723
29761, 2723
40662, 2723
30372, 2723
36103, 2723
14668, 2723
24863, 2723
26613, 2723
37596, 2723
24009, 2723
24787, 2723
28166, 2723
15438, 2723
31269, 2723
42858, 2723
21493, 2723
31285, 2723
34113, 2723
17750, 2723
22408, 2723
40604, 2723
14303, 2723
44368, 2723
21212, 2723
28578, 2723
47167, 2723
15591, 2723
19364, 2723
28808, 2723
26309, 2723
32175, 2723
21193, 2723
28906, 2723
31999, 2723
35900, 2723
46014, 2723
37046, 2723
42348, 2723
46024, 2723
48080, 2723
30817, 2723
39992, 2723
47065, 2723
24573, 2723
39691, 2723
45832, 2723
37987, 2723
46664, 2723
19230, 2723
14833, 2723
46460, 2723
44325, 2723
30039, 2723
47295, 2723
35694, 2723
20909, 2723
33648, 2723
13526, 2723
33647, 2723
29489, 2723
15251, 2723
23284, 2723
17116, 2723
12680, 2723
41402, 2723
24036, 2723
13831, 2723
40103, 2723
2723, 31278
2723, 36817
44567, 2724
2724, 32824
39619, 2725
2725, 32154
2725, 31076
34203, 2726
2726, 24235
44757, 2727
45840, 2727
2727, 28229
26768, 2728
2728, 19774
30118, 2729
2729, 36228
43509, 2730
2730, 30754
26058, 2731
2731, 19933
38757, 2732
2732, 30681
44619, 2733
2733, 19187
2733, 13213
2733, 24761
2733, 38881
2733, 44056
2733, 25338
2733, 19665
2733, 44871
20290, 2734
2734, 33432
2734, 21989
2734, 33496
2734, 35274
32903, 2735
2735, 30292
29025, 2736
34782, 2736
19359, 2736
28417, 2736
33906, 2736
38796, 2736
13554, 2736
30104, 2736
13771, 2736
47123, 2736
17428, 2736
30144, 2736
38357, 2736
29718, 2736
23333, 2736
15966, 2736
17506, 2736
26122, 2736
48397, 2736
29566, 2736
23442, 2736
35970, 2736
36564, 2736
41829, 2736
35735, 2736
37750, 2736
36326, 2736
13886, 2736
16451, 2736
39964, 2736
31093, 2736
33860, 2736
14568, 2736
29833, 2736
46376, 2736
44172, 2736
34137, 2736
32870, 2736
19410, 2736
39522, 2736
37470, 2736
46203, 2736
44055, 2736
14847, 2736
48696, 2736
13318, 2736
18634, 2736
25247, 2736
34989, 2736
28729, 2736
45904, 2736
27640, 2736
25360, 2736
12993, 2736
23575, 2736
44859, 2736
29817, 2736
28732, 2736
25393, 2736
25304, 2736
13654, 2736
43661, 2736
35558, 2736
31254, 2736
19405, 2736
25873, 2736
35926, 2736
35215, 2736
30559, 2736
30770, 2736
39625, 2736
40473, 2736
22985, 2736
35886, 2736
44440, 2736
31180, 2736
46395, 2736
45329, 2736
41870, 2736
46434, 2736
34013, 2736
28610, 2736
35090, 2736
47713, 2736
28953, 2736
26914, 2736
31263, 2736
47298, 2736
16953, 2736
2736, 34387
45726, 2737
2737, 15917
35514, 2738
2738, 44297
36046, 2739
2739, 38498
30791, 2740
2740, 31396
29579, 2741
2741, 44750
24922, 2742
2742, 14838
26593, 2743
2743, 19660
37869, 2744
43944, 2744
39553, 2744
30836, 2744
20193, 2744
38021, 2744
29589, 2744
15597, 2744
43243, 2744
35857, 2744
37410, 2744
41603, 2744
41473, 2744
15358, 2744
41619, 2744
38867, 2744
46121, 2744
37018, 2744
24447, 2744
14821, 2744
17572, 2744
42163, 2744
20068, 2744
42614, 2744
18342, 2744
33986, 2744
38606, 2744
27432, 2744
43401, 2744
34881, 2744
13372, 2744
22344, 2744
45370, 2744
35270, 2744
39621, 2744
42110, 2744
47535, 2744
44701, 2744
33654, 2744
35470, 2744
31221, 2744
26962, 2744
41733, 2744
43463, 2744
2744, 13718
42933, 2745
2745, 42047
14564, 2746
2746, 26639
27092, 2747
2747, 43285
42652, 2748
2748, 29540
36465, 2749
2749, 47766
2749, 26946
2749, 39612
41105, 2750
2750, 13446
22123, 2751
2751, 23326
2751, 16475
14089, 2752
2752, 16684
2752, 44193
2752, 48036
2752, 25338
2752, 38644
39358, 2753
2753, 27646
18068, 2754
2754, 42618
31685, 2755
30059, 2755
2755, 36024
32836, 2756
35529, 2756
2756, 20223
2756, 21731
2756, 15090
2756, 22530
14714, 2757
2757, 33906
2757, 29193
2757, 26836
45710, 2758
2758, 12827
17177, 2759
2759, 18980
26292, 2760
2760, 18294
40988, 2761
2761, 27385
44173, 2762
2762, 44081
25957, 2763
2763, 23562
35106, 2764
2764, 47077
47552, 2765
2765, 17184
12550, 2766
42227, 2766
2766, 41311
43105, 2767
2767, 22116
17013, 2768
2768, 38527
40627, 2769
2769, 47467
15142, 2770
2770, 48637
33600, 2771
43986, 2771
21114, 2771
2771, 21972
42110, 2772
2772, 12741
17219, 2773
39993, 2773
28258, 2773
30792, 2773
2773, 46383
2773, 47389
18793, 2774
2774, 47443
45931, 2775
2775, 36502
32826, 2776
26471, 2776
2776, 20487
17074, 2777
12869, 2777
20831, 2777
21045, 2777
2777, 35195
31359, 2778
2778, 23414
19599, 2779
2779, 21309
42110, 2780
2780, 29698
45828, 2781
19378, 2781
43505, 2781
32579, 2781
25275, 2781
36836, 2781
25743, 2781
37841, 2781
30203, 2781
20417, 2781
34092, 2781
45841, 2781
35345, 2781
45590, 2781
14891, 2781
48013, 2781
41633, 2781
25400, 2781
42829, 2781
41025, 2781
24652, 2781
34675, 2781
17683, 2781
26333, 2781
12515, 2781
32224, 2781
31850, 2781
25630, 2781
21135, 2781
36519, 2781
46327, 2781
2781, 36689
27818, 2782
2782, 40326
39145, 2783
2783, 22790
19292, 2784
2784, 24975
42110, 2785
2785, 23718
30956, 2786
2786, 16297
16079, 2787
38107, 2787
2787, 22090
23545, 2788
2788, 22122
31394, 2789
2789, 34322
36601, 2790
2790, 21068
42110, 2791
2791, 35964
47575, 2792
2792, 45478
16775, 2793
2793, 15866
47740, 2794
19618, 2794
31950, 2794
2794, 20954
12855, 2795
2795, 19870
42110, 2796
2796, 41553
27274, 2797
2797, 17227
2797, 35853
2797, 40793
2797, 24219
23752, 2798
2798, 24336
42110, 2799
2799, 28673
30348, 2800
2800, 25029
2800, 33730
2800, 28724
31546, 2801
2801, 27783
24455, 2802
43736, 2802
2802, 19870
46122, 2803
2803, 18407
36775, 2804
2804, 17819
12614, 2805
2805, 45903
20613, 2806
2806, 30352
18681, 2807
2807, 32415
45966, 2808
2808, 30681
36465, 2809
2809, 18541
30439, 2810
34979, 2810
2810, 39934
2810, 21366
2810, 16449
17487, 2811
2811, 46094
42110, 2812
2812, 21036
17958, 2813
2813, 15272
33975, 2814
2814, 35895
17184, 2815
14658, 2815
42328, 2815
2815, 34260
44517, 2816
2816, 27626
36794, 2817
35574, 2817
39940, 2817
38805, 2817
25816, 2817
2817, 16522
2817, 36330
2817, 34437
2817, 16862
2817, 47887
2817, 42128
19161, 2818
32606, 2818
42200, 2818
2818, 47491
37750, 2819
2819, 16496
35220, 2820
2820, 39378
48637, 2821
2821, 31875
19216, 2822
2822, 39400
26737, 2823
2823, 27926
13703, 2824
26730, 2824
39172, 2824
47384, 2824
37609, 2824
2824, 36717
46806, 2825
2825, 21208
37055, 2826
36614, 2826
19918, 2826
41067, 2826
15196, 2826
43037, 2826
33355, 2826
46484, 2826
35297, 2826
19255, 2826
36052, 2826
12433, 2826
41583, 2826
36180, 2826
42508, 2826
28903, 2826
41893, 2826
20881, 2826
20600, 2826
26886, 2826
26479, 2826
22381, 2826
33551, 2826
19794, 2826
19384, 2826
35347, 2826
39270, 2826
48398, 2826
13892, 2826
28663, 2826
18521, 2826
43316, 2826
47418, 2826
47231, 2826
17379, 2826
45761, 2826
43528, 2826
14670, 2826
30665, 2826
15763, 2826
40292, 2826
40851, 2826
20179, 2826
34588, 2826
25230, 2826
46813, 2826
31001, 2826
35134, 2826
34568, 2826
34651, 2826
38922, 2826
33615, 2826
30451, 2826
25331, 2826
37439, 2826
48685, 2826
18841, 2826
39866, 2826
23805, 2826
44266, 2826
15344, 2826
42577, 2826
23812, 2826
46946, 2826
19603, 2826
45193, 2826
36122, 2826
39491, 2826
12587, 2826
12999, 2826
38208, 2826
15908, 2826
40772, 2826
15846, 2826
39229, 2826
32008, 2826
29890, 2826
31421, 2826
32835, 2826
32434, 2826
25832, 2826
39432, 2826
44141, 2826
13582, 2826
43259, 2826
40931, 2826
33842, 2826
35697, 2826
41226, 2826
44665, 2826
43374, 2826
44093, 2826
14017, 2826
24794, 2826
12470, 2826
42139, 2826
32969, 2826
25446, 2826
21656, 2826
13175, 2826
31401, 2826
19367, 2826
26783, 2826
24799, 2826
28933, 2826
43760, 2826
22261, 2826
18788, 2826
16557, 2826
13034, 2826
24725, 2826
41122, 2826
28331, 2826
40890, 2826
37095, 2826
22899, 2826
17990, 2826
42047, 2826
28371, 2826
13927, 2826
25294, 2826
43625, 2826
37473, 2826
48429, 2826
38973, 2826
39944, 2826
31617, 2826
14208, 2826
32197, 2826
13507, 2826
31204, 2826
42787, 2826
46589, 2826
31885, 2826
31046, 2826
33088, 2826
15492, 2826
47413, 2826
17895, 2826
23130, 2826
39349, 2826
47288, 2826
36110, 2826
41072, 2826
31447, 2826
18930, 2826
37807, 2826
16469, 2826
17494, 2826
30568, 2826
17076, 2826
23670, 2826
16766, 2826
23083, 2826
30300, 2826
39828, 2826
37016, 2826
22839, 2826
12994, 2826
43913, 2826
43252, 2826
36788, 2826
29545, 2826
29609, 2826
20935, 2826
18672, 2826
13818, 2826
43098, 2826
36769, 2826
30509, 2826
48547, 2826
36747, 2826
19520, 2826
36671, 2826
16289, 2826
13220, 2826
17957, 2826
23133, 2826
22788, 2826
35294, 2826
31765, 2826
47179, 2826
28460, 2826
41311, 2826
37100, 2826
16831, 2826
38154, 2826
35159, 2826
33506, 2826
17459, 2826
14703, 2826
14226, 2826
18616, 2826
41748, 2826
13162, 2826
14745, 2826
22217, 2826
34656, 2826
25824, 2826
35570, 2826
28253, 2826
20528, 2826
23856, 2826
27744, 2826
26283, 2826
13660, 2826
39073, 2826
45189, 2826
21507, 2826
43824, 2826
43485, 2826
17463, 2826
17066, 2826
27550, 2826
22765, 2826
35483, 2826
15451, 2826
33534, 2826
30346, 2826
12751, 2826
24510, 2826
36464, 2826
28285, 2826
16126, 2826
18422, 2826
18489, 2826
27652, 2826
16910, 2826
43858, 2826
21532, 2826
24172, 2826
43909, 2826
32583, 2826
14516, 2826
43489, 2826
23401, 2826
23666, 2826
47915, 2826
32172, 2826
23217, 2826
40020, 2826
43767, 2826
14097, 2826
38304, 2826
17350, 2826
42054, 2826
30468, 2826
22769, 2826
37992, 2826
45566, 2826
34706, 2826
37729, 2826
12847, 2826
39779, 2826
29274, 2826
16034, 2826
39368, 2826
13775, 2826
25891, 2826
30919, 2826
41231, 2826
27873, 2826
13787, 2826
42942, 2826
39276, 2826
45986, 2826
26095, 2826
12394, 2826
2826, 37503
31490, 2827
16291, 2827
33668, 2827
15096, 2827
2827, 23196
12797, 2828
15941, 2828
45778, 2828
31672, 2828
2828, 19870
46447, 2829
2829, 26809
36465, 2830
2830, 27996
18839, 2831
2831, 18739
15129, 2832
2832, 20100
43789, 2833
2833, 37981
29814, 2834
45138, 2834
2834, 37456
39182, 2835
2835, 22953
26826, 2836
2836, 19161
47699, 2837
2837, 46649
32379, 2838
16005, 2838
2838, 16768
26590, 2839
2839, 48039
17742, 2840
19413, 2840
26451, 2840
45422, 2840
19960, 2840
19705, 2840
26368, 2840
34940, 2840
20193, 2840
26289, 2840
27113, 2840
36329, 2840
17386, 2840
45878, 2840
27125, 2840
38705, 2840
16768, 2840
27194, 2840
42342, 2840
41574, 2840
30287, 2840
36865, 2840
30178, 2840
25716, 2840
41085, 2840
14821, 2840
34487, 2840
32931, 2840
42603, 2840
17564, 2840
25342, 2840
33253, 2840
27783, 2840
14410, 2840
22010, 2840
46037, 2840
23075, 2840
29303, 2840
47687, 2840
34881, 2840
27169, 2840
34884, 2840
47533, 2840
43449, 2840
34525, 2840
45794, 2840
22970, 2840
14838, 2840
22290, 2840
46866, 2840
27779, 2840
17135, 2840
30912, 2840
32631, 2840
30819, 2840
26057, 2840
47629, 2840
15866, 2840
22908, 2840
19270, 2840
28335, 2840
33830, 2840
18217, 2840
37967, 2840
13479, 2840
38557, 2840
19349, 2840
45757, 2840
25545, 2840
34244, 2840
21482, 2840
31869, 2840
17129, 2840
32141, 2840
36817, 2840
34900, 2840
31828, 2840
38324, 2840
33246, 2840
13510, 2840
48127, 2840
20502, 2840
38307, 2840
23506, 2840
16904, 2840
2840, 42110
27311, 2841
38086, 2841
2841, 31967
33987, 2842
2842, 37623
15792, 2843
2843, 37218
45891, 2844
2844, 23013
41620, 2845
2845, 41085
2845, 14821
2845, 14838
41875, 2846
2846, 33659
30956, 2847
2847, 46123
2847, 17095
22127, 2848
2848, 27116
2848, 37967
2848, 35690
36560, 2849
39419, 2849
30821, 2849
2849, 17901
42174, 2850
2850, 39775
16819, 2851
2851, 16386
2851, 38215
2851, 24564
32642, 2852
2852, 26528
26923, 2853
2853, 34061
14145, 2854
48606, 2854
28348, 2854
37507, 2854
12924, 2854
29437, 2854
41929, 2854
25733, 2854
16197, 2854
20140, 2854
42548, 2854
29118, 2854
17638, 2854
2854, 14560
44571, 2855
2855, 18199
2855, 44440
41461, 2856
14685, 2856
23061, 2856
2856, 32934
26451, 2857
38387, 2857
33862, 2857
26719, 2857
15345, 2857
35816, 2857
43148, 2857
36329, 2857
31829, 2857
22524, 2857
27194, 2857
29182, 2857
31321, 2857
47052, 2857
46121, 2857
15910, 2857
33536, 2857
47775, 2857
39775, 2857
29726, 2857
12827, 2857
34949, 2857
35842, 2857
23236, 2857
33496, 2857
34338, 2857
29688, 2857
30170, 2857
17516, 2857
28421, 2857
46934, 2857
44001, 2857
14206, 2857
41960, 2857
16825, 2857
45893, 2857
31772, 2857
38422, 2857
15568, 2857
21753, 2857
46649, 2857
32619, 2857
22647, 2857
25541, 2857
20704, 2857
29427, 2857
34301, 2857
37138, 2857
39164, 2857
30879, 2857
37094, 2857
20793, 2857
18254, 2857
24046, 2857
30062, 2857
20191, 2857
30412, 2857
15375, 2857
21408, 2857
36476, 2857
27983, 2857
47368, 2857
22779, 2857
33676, 2857
37061, 2857
39955, 2857
36984, 2857
36414, 2857
39470, 2857
14360, 2857
23991, 2857
32330, 2857
19636, 2857
31012, 2857
27856, 2857
48347, 2857
41662, 2857
47443, 2857
2857, 42110
13326, 2858
34636, 2858
2858, 32185
24693, 2859
2859, 27783
38829, 2860
2860, 29356
34819, 2861
2861, 40119
2861, 23755
2861, 15167
36648, 2862
2862, 29906
23259, 2863
2863, 26513
41319, 2864
2864, 35309
36185, 2865
21530, 2865
34465, 2865
44945, 2865
19844, 2865
21333, 2865
46219, 2865
33583, 2865
2865, 17066
46806, 2866
2866, 40034
13749, 2867
2867, 42221
14671, 2868
2868, 29443
40842, 2869
2869, 35763
32968, 2870
2870, 24674
42110, 2871
2871, 33269
42110, 2872
2872, 34674
46806, 2873
2873, 22216
41724, 2874
2874, 24577
38829, 2875
2875, 38684
41481, 2876
2876, 21324
29939, 2877
2877, 22262
2877, 14838
16278, 2878
2878, 19202
2878, 27104
22833, 2879
2879, 22204
28823, 2880
2880, 12443
2880, 23109
2880, 20240
2880, 25962
2880, 42041
45205, 2881
2881, 16525
2881, 20278
2881, 21414
24880, 2882
2882, 28266
42110, 2883
2883, 17542
18740, 2884
2884, 35954
38777, 2885
2885, 45928
35200, 2886
2886, 23672
42110, 2887
2887, 16787
42110, 2888
2888, 19221
41965, 2889
2889, 37736
16421, 2890
2890, 31956
2890, 37391
2890, 14783
2890, 40295
32726, 2891
2891, 38174
43533, 2892
2892, 33045
19767, 2893
2893, 22199
30965, 2894
2894, 32989
29146, 2895
2895, 23189
33873, 2896
2896, 27052
2896, 40586
12545, 2897
45725, 2897
37625, 2897
2897, 33117
47861, 2898
2898, 33191
37851, 2899
2899, 35310
36465, 2900
2900, 27996
35813, 2901
2901, 33807
20393, 2902
2902, 44883
25077, 2903
2903, 36613
22858, 2904
15165, 2904
16241, 2904
34613, 2904
30293, 2904
38618, 2904
26014, 2904
14353, 2904
21782, 2904
44347, 2904
21005, 2904
43722, 2904
28622, 2904
33289, 2904
26137, 2904
44229, 2904
17761, 2904
25349, 2904
27362, 2904
37853, 2904
28089, 2904
39180, 2904
35923, 2904
41683, 2904
44302, 2904
27494, 2904
47496, 2904
32977, 2904
29373, 2904
47943, 2904
40462, 2904
35845, 2904
33749, 2904
29050, 2904
30748, 2904
28351, 2904
16486, 2904
31131, 2904
12857, 2904
34265, 2904
30076, 2904
26414, 2904
38504, 2904
46489, 2904
13614, 2904
43863, 2904
16797, 2904
2904, 17978
33982, 2905
2905, 38685
2905, 15866
28773, 2906
35089, 2906
2906, 19015
14843, 2907
34488, 2907
2907, 40158
44827, 2908
2908, 42625
38034, 2909
2909, 43205
26852, 2910
17469, 2910
2910, 19435
40247, 2911
2911, 31299
2911, 38719
19305, 2912
2912, 46628
2912, 16180
2912, 24030
2912, 39559
13664, 2913
48153, 2913
2913, 47438
27557, 2914
2914, 36157
23430, 2915
2915, 17939
13866, 2916
2916, 31845
2916, 32125
2916, 39919
2916, 36485
41077, 2917
48358, 2917
2917, 35566
32167, 2918
2918, 12756
32356, 2919
18230, 2919
2919, 36337
2919, 33759
2919, 31389
42953, 2920
2920, 43478
2920, 40007
2920, 39052
2920, 29037
2920, 18562
16144, 2921
2921, 27063
44245, 2922
2922, 22756
42110, 2923
2923, 24626
15677, 2924
2924, 42142
44248, 2925
2925, 17216
2925, 35862
2925, 34208
2925, 20624
38009, 2926
2926, 36196
17102, 2927
20662, 2927
2927, 35076
38399, 2928
2928, 31250
42110, 2929
2929, 41532
17709, 2930
2930, 19870
32202, 2931
2931, 14731
41831, 2932
2932, 25311
23127, 2933
2933, 44791
29388, 2934
14457, 2934
2934, 33373
26839, 2935
2935, 35134
42110, 2936
2936, 35503
45086, 2937
2937, 24477
2937, 41292
2937, 37544
2937, 43627
43883, 2938
2938, 42095
21305, 2939
2939, 44415
46593, 2940
2940, 37218
32202, 2941
2941, 15464
43156, 2942
34850, 2942
42115, 2942
2942, 34194
47552, 2943
2943, 21930
42110, 2944
2944, 35964
46806, 2945
2945, 17201
28811, 2946
2946, 31564
28738, 2947
29818, 2947
38471, 2947
45025, 2947
14006, 2947
42891, 2947
39959, 2947
12702, 2947
29440, 2947
29932, 2947
47112, 2947
46237, 2947
40342, 2947
36431, 2947
48330, 2947
47719, 2947
27835, 2947
16466, 2947
36972, 2947
44401, 2947
24729, 2947
23342, 2947
35269, 2947
48491, 2947
17895, 2947
44442, 2947
35481, 2947
21504, 2947
48024, 2947
46110, 2947
20178, 2947
48148, 2947
35772, 2947
22667, 2947
44341, 2947
21563, 2947
28749, 2947
30693, 2947
42456, 2947
42585, 2947
18023, 2947
44227, 2947
41534, 2947
35148, 2947
34961, 2947
21774, 2947
2947, 24173
26754, 2948
2948, 46692
13165, 2949
2949, 15212
2949, 34415
38965, 2950
2950, 30207
35827, 2951
45171, 2951
2951, 46345
23136, 2952
2952, 27029
2952, 20099
34364, 2953
2953, 30689
2953, 35523
40355, 2954
2954, 47615
24839, 2955
2955, 42570
42917, 2956
2956, 14531
39889, 2957
28988, 2957
2957, 42105
2957, 16449
20938, 2958
2958, 45384
27280, 2959
2959, 21311
44205, 2960
2960, 38667
28820, 2961
2961, 19710
46806, 2962
2962, 47879
39428, 2963
22470, 2963
41954, 2963
35379, 2963
2963, 36826
27818, 2964
2964, 13895
37949, 2965
2965, 38796
27087, 2966
16515, 2966
28736, 2966
29337, 2966
2966, 41231
22319, 2967
2967, 44016
2967, 42095
2967, 23207
42110, 2968
2968, 22430
43843, 2969
2969, 35474
33287, 2970
26589, 2970
2970, 22166
44211, 2971
2971, 22381
20143, 2972
35379, 2972
2972, 20849
38841, 2973
2973, 41228
2973, 19665
16646, 2974
2974, 36558
17763, 2975
2975, 28383
2975, 44243
2975, 25130
25384, 2976
2976, 45946
2976, 14359
12502, 2977
2977, 35422
28018, 2978
2978, 45600
27869, 2979
2979, 24781
36072, 2980
2980, 13938
2980, 45105
2980, 45695
21319, 2981
39113, 2981
20019, 2981
2981, 29244
2981, 17301
38829, 2982
2982, 26451
19144, 2983
47639, 2983
44280, 2983
38059, 2983
47734, 2983
20809, 2983
24619, 2983
17051, 2983
12504, 2983
15717, 2983
28266, 2983
41207, 2983
46479, 2983
35017, 2983
36914, 2983
15339, 2983
30561, 2983
47150, 2983
41043, 2983
40376, 2983
18465, 2983
19761, 2983
29369, 2983
34059, 2983
18609, 2983
20027, 2983
18816, 2983
33295, 2983
17070, 2983
26556, 2983
22536, 2983
14451, 2983
32122, 2983
24826, 2983
31860, 2983
33613, 2983
43265, 2983
33698, 2983
26539, 2983
38584, 2983
47387, 2983
31967, 2983
23018, 2983
32015, 2983
20113, 2983
15660, 2983
25039, 2983
27553, 2983
30704, 2983
17944, 2983
47812, 2983
29222, 2983
31283, 2983
48043, 2983
33052, 2983
26823, 2983
30443, 2983
19328, 2983
14397, 2983
21855, 2983
32835, 2983
15580, 2983
17320, 2983
34097, 2983
47049, 2983
44018, 2983
18418, 2983
14177, 2983
30685, 2983
23210, 2983
21031, 2983
22411, 2983
23824, 2983
27453, 2983
31985, 2983
14643, 2983
36659, 2983
48621, 2983
29500, 2983
46965, 2983
22787, 2983
33905, 2983
22204, 2983
17890, 2983
32018, 2983
23456, 2983
24696, 2983
44398, 2983
23663, 2983
35508, 2983
47690, 2983
27316, 2983
19865, 2983
44666, 2983
32856, 2983
27180, 2983
43205, 2983
40256, 2983
21890, 2983
27932, 2983
31115, 2983
33069, 2983
46206, 2983
39594, 2983
39472, 2983
25502, 2983
21225, 2983
12874, 2983
16692, 2983
48006, 2983
23097, 2983
33841, 2983
33481, 2983
14687, 2983
38762, 2983
45353, 2983
38730, 2983
22462, 2983
34454, 2983
24655, 2983
24271, 2983
41874, 2983
19789, 2983
33923, 2983
18916, 2983
39359, 2983
13813, 2983
41443, 2983
37655, 2983
24362, 2983
36127, 2983
39407, 2983
41838, 2983
41005, 2983
37509, 2983
24944, 2983
39693, 2983
40690, 2983
47379, 2983
29661, 2983
32182, 2983
19257, 2983
42437, 2983
18239, 2983
13186, 2983
25950, 2983
26084, 2983
31901, 2983
47737, 2983
16985, 2983
20926, 2983
32609, 2983
44491, 2983
43136, 2983
16446, 2983
22803, 2983
16444, 2983
39486, 2983
22355, 2983
32498, 2983
14094, 2983
35477, 2983
19018, 2983
48046, 2983
46637, 2983
45163, 2983
47365, 2983
36951, 2983
45747, 2983
13807, 2983
35622, 2983
43102, 2983
41124, 2983
47867, 2983
24024, 2983
33780, 2983
20587, 2983
15038, 2983
43082, 2983
16955, 2983
22790, 2983
2983, 20878
15484, 2984
2984, 43890
2984, 29613
2984, 43211
2984, 40113
2984, 35547
46806, 2985
2985, 34656
42110, 2986
2986, 14770
47259, 2987
47875, 2987
2987, 29315
21263, 2988
2988, 26045
13286, 2989
36678, 2989
47727, 2989
13988, 2989
40119, 2989
18236, 2989
31217, 2989
36653, 2989
19676, 2989
37642, 2989
18598, 2989
17305, 2989
19335, 2989
26263, 2989
32154, 2989
20880, 2989
35008, 2989
21612, 2989
31321, 2989
38867, 2989
35804, 2989
44554, 2989
26630, 2989
23241, 2989
41641, 2989
26866, 2989
34234, 2989
14821, 2989
27517, 2989
24714, 2989
36724, 2989
33496, 2989
36066, 2989
28144, 2989
17310, 2989
19745, 2989
35496, 2989
46259, 2989
39443, 2989
27783, 2989
32123, 2989
21637, 2989
18562, 2989
35032, 2989
34429, 2989
31302, 2989
37529, 2989
18894, 2989
22911, 2989
45023, 2989
43605, 2989
31076, 2989
31787, 2989
37109, 2989
43307, 2989
35862, 2989
33243, 2989
22371, 2989
21661, 2989
46217, 2989
44061, 2989
24046, 2989
33414, 2989
20191, 2989
14838, 2989
25523, 2989
30115, 2989
43718, 2989
17139, 2989
17056, 2989
43667, 2989
44189, 2989
27105, 2989
23774, 2989
24294, 2989
27302, 2989
29238, 2989
26653, 2989
40572, 2989
46067, 2989
43059, 2989
19901, 2989
25522, 2989
39765, 2989
40161, 2989
27750, 2989
41800, 2989
36476, 2989
24674, 2989
15160, 2989
25833, 2989
35267, 2989
18887, 2989
48053, 2989
34727, 2989
12778, 2989
38776, 2989
46342, 2989
21793, 2989
47629, 2989
20841, 2989
35470, 2989
45610, 2989
33339, 2989
14025, 2989
2989, 42110
47455, 2990
2990, 24444
26587, 2991
2991, 31050
2991, 47109
2991, 14625
2991, 29606
26900, 2992
12516, 2992
22921, 2992
2992, 39639
14340, 2993
2993, 39057
22303, 2994
2994, 32274
2994, 40035
2994, 44836
2994, 19754
15123, 2995
2995, 13033
47152, 2996
14891, 2996
22971, 2996
47377, 2996
29333, 2996
14877, 2996
33467, 2996
30030, 2996
28070, 2996
34981, 2996
27878, 2996
17410, 2996
30884, 2996
26449, 2996
29075, 2996
23809, 2996
17995, 2996
35902, 2996
33912, 2996
30386, 2996
41081, 2996
46651, 2996
38375, 2996
38193, 2996
46530, 2996
38252, 2996
38520, 2996
32198, 2996
36954, 2996
44035, 2996
25244, 2996
17679, 2996
41277, 2996
33580, 2996
44450, 2996
29595, 2996
44996, 2996
32158, 2996
27803, 2996
41190, 2996
18976, 2996
2996, 19161
38088, 2997
2997, 44054
30210, 2998
2998, 48438
27155, 2999
2999, 13783
2999, 36653
17603, 3000
3000, 42092
3000, 46741
3000, 27783
3000, 26424
46806, 3001
3001, 21198
48695, 3002
44828, 3002
3002, 21309
13165, 3003
3003, 44363
3003, 39276
42110, 3004
3004, 45084
23680, 3005
3005, 26762
3005, 23703
3005, 47755
3005, 28370
3005, 39544
3005, 33496
3005, 13269
3005, 41228
3005, 25998
43610, 3006
3006, 30835
3006, 19285
48187, 3007
3007, 36914
24315, 3008
42825, 3008
3008, 16082
12361, 3009
3009, 38552
45534, 3010
3010, 44660
31764, 3011
17790, 3011
3011, 43769
3011, 48128
3011, 19405
27540, 3012
3012, 34244
41951, 3013
3013, 19171
29045, 3014
20798, 3014
3014, 30641
47575, 3015
3015, 39301
18365, 3016
3016, 41649
46806, 3017
3017, 33576
15616, 3018
3018, 37495
3018, 34693
3018, 28158
3018, 27100
44513, 3019
3019, 18965
28556, 3020
28732, 3020
3020, 28630
25133, 3021
3021, 40559
26647, 3022
16593, 3022
45186, 3022
3022, 19158
3022, 13381
34585, 3023
18575, 3023
39670, 3023
43828, 3023
14929, 3023
16217, 3023
48528, 3023
42663, 3023
19289, 3023
41840, 3023
42870, 3023
41385, 3023
15958, 3023
3023, 18918
26632, 3024
3024, 13893
3024, 12476
3024, 30087
3024, 47398
3024, 46003
3024, 23805
42110, 3025
3025, 46441
42110, 3026
3026, 40714
35379, 3027
3027, 28890
30609, 3028
3028, 35090
3028, 41023
41895, 3029
3029, 23183
3029, 43403
3029, 16123
14947, 3030
3030, 31071
3030, 36315
3030, 41473
47642, 3031
21394, 3031
29967, 3031
33883, 3031
36231, 3031
29112, 3031
28488, 3031
35522, 3031
18756, 3031
44635, 3031
13536, 3031
41334, 3031
3031, 24877
3031, 19405
46823, 3032
3032, 41234
42110, 3033
3033, 15607
19586, 3034
3034, 38249
38335, 3035
15599, 3035
45892, 3035
18551, 3035
3035, 13417
28035, 3036
3036, 31619
35577, 3037
18349, 3037
23689, 3037
3037, 37016
48535, 3038
3038, 29443
20864, 3039
3039, 33867
3039, 34884
3039, 32141
40402, 3040
3040, 17147
29301, 3041
3041, 33243
30878, 3042
19261, 3042
3042, 23189
42110, 3043
3043, 21769
27820, 3044
37163, 3044
35202, 3044
18174, 3044
31807, 3044
23221, 3044
3044, 40756
42110, 3045
3045, 22252
13840, 3046
3046, 43119
3046, 47034
31594, 3047
3047, 34137
27791, 3048
3048, 39514
35241, 3049
30334, 3049
31116, 3049
17699, 3049
32164, 3049
29948, 3049
44251, 3049
23338, 3049
41765, 3049
30078, 3049
15594, 3049
12882, 3049
17724, 3049
15906, 3049
21160, 3049
21314, 3049
34582, 3049
15388, 3049
25792, 3049
15278, 3049
44037, 3049
42529, 3049
32644, 3049
22741, 3049
25195, 3049
45130, 3049
45532, 3049
37484, 3049
21064, 3049
12921, 3049
40431, 3049
38055, 3049
30829, 3049
30932, 3049
27008, 3049
47778, 3049
42894, 3049
25018, 3049
17830, 3049
44798, 3049
30019, 3049
45054, 3049
23240, 3049
14330, 3049
27249, 3049
27806, 3049
37035, 3049
17480, 3049
30684, 3049
29594, 3049
31548, 3049
32239, 3049
16732, 3049
35399, 3049
22245, 3049
37233, 3049
33997, 3049
37234, 3049
28674, 3049
25224, 3049
22557, 3049
14137, 3049
34910, 3049
41063, 3049
14641, 3049
31360, 3049
45413, 3049
40423, 3049
36111, 3049
26393, 3049
40200, 3049
41265, 3049
46992, 3049
30308, 3049
29776, 3049
38491, 3049
23661, 3049
24907, 3049
31067, 3049
14925, 3049
48076, 3049
46430, 3049
26375, 3049
25651, 3049
28434, 3049
26109, 3049
27462, 3049
13779, 3049
18257, 3049
21509, 3049
35373, 3049
13202, 3049
42975, 3049
47550, 3049
22289, 3049
47502, 3049
22724, 3049
28153, 3049
43845, 3049
32272, 3049
47757, 3049
28031, 3049
25177, 3049
18742, 3049
31729, 3049
38481, 3049
15312, 3049
46087, 3049
13522, 3049
36882, 3049
38683, 3049
14133, 3049
28940, 3049
47106, 3049
34966, 3049
28410, 3049
35651, 3049
14945, 3049
14270, 3049
47555, 3049
42428, 3049
16751, 3049
37502, 3049
46359, 3049
30466, 3049
28248, 3049
43338, 3049
42564, 3049
33060, 3049
37300, 3049
13752, 3049
43062, 3049
31459, 3049
48701, 3049
26288, 3049
16277, 3049
47783, 3049
43733, 3049
14697, 3049
40937, 3049
22220, 3049
14682, 3049
13150, 3049
19371, 3049
48608, 3049
28022, 3049
43155, 3049
42786, 3049
16347, 3049
27308, 3049
35400, 3049
47526, 3049
45231, 3049
26757, 3049
44246, 3049
33755, 3049
18423, 3049
29632, 3049
48416, 3049
35324, 3049
22013, 3049
36887, 3049
48237, 3049
23705, 3049
46028, 3049
18516, 3049
16763, 3049
29390, 3049
38772, 3049
43377, 3049
47648, 3049
27854, 3049
34516, 3049
34122, 3049
41639, 3049
23861, 3049
37672, 3049
19903, 3049
48443, 3049
14610, 3049
30250, 3049
39305, 3049
28131, 3049
43014, 3049
43492, 3049
26302, 3049
37052, 3049
23477, 3049
17510, 3049
13923, 3049
28824, 3049
41037, 3049
19535, 3049
16471, 3049
45092, 3049
32058, 3049
44841, 3049
35650, 3049
15246, 3049
43450, 3049
17374, 3049
17807, 3049
43766, 3049
45799, 3049
29940, 3049
36281, 3049
22421, 3049
16162, 3049
38203, 3049
22739, 3049
19263, 3049
43545, 3049
37320, 3049
31689, 3049
46546, 3049
42016, 3049
17106, 3049
40871, 3049
30844, 3049
29400, 3049
32998, 3049
3049, 18562
3049, 25499
3049, 43337
3049, 48523
48572, 3050
3050, 30664
3050, 13561
3050, 24750
27069, 3051
3051, 24689
3051, 40287
30189, 3052
3052, 30196
22879, 3053
3053, 38667
12566, 3054
3054, 38914
30396, 3055
3055, 18132
37644, 3056
3056, 33898
25118, 3057
3057, 30630
18725, 3058
3058, 22168
32575, 3059
36774, 3059
3059, 24773
47575, 3060
3060, 26278
3060, 17459
45933, 3061
30977, 3061
3061, 35491
3061, 17080
3061, 18049
3061, 14783
3061, 27553
14593, 3062
3062, 38850
42110, 3063
3063, 32379
41419, 3064
3064, 12422
42110, 3065
3065, 13896
29839, 3066
3066, 13893
3066, 27278
3066, 40203
3066, 39621
3066, 47535
41505, 3067
3067, 12798
40744, 3068
26032, 3068
35578, 3068
3068, 32648
36322, 3069
3069, 22939
3069, 45171
3069, 35779
34140, 3070
3070, 17570
38829, 3071
3071, 29356
44742, 3072
3072, 40025
3072, 33346
3072, 45964
3072, 41023
3072, 22071
15709, 3073
3073, 13510
46763, 3074
35379, 3074
3074, 36563
3074, 25512
43933, 3075
3075, 22956
26431, 3076
3076, 31156
3076, 14446
3076, 21965
18433, 3077
3077, 19359
12501, 3078
3078, 32123
28209, 3079
20477, 3079
3079, 16924
29962, 3080
3080, 41080
3080, 26074
21374, 3081
3081, 22836
28841, 3082
15070, 3082
3082, 17149
27896, 3083
3083, 21128
3083, 19102
3083, 39065
28062, 3084
30317, 3084
30577, 3084
25928, 3084
41512, 3084
46494, 3084
28489, 3084
31198, 3084
15889, 3084
44812, 3084
47677, 3084
29679, 3084
27420, 3084
31241, 3084
41151, 3084
34908, 3084
3084, 12533
3084, 40456
19186, 3085
37456, 3085
3085, 24270
13222, 3086
3086, 19317
43702, 3087
3087, 28417
38829, 3088
3088, 42848
35758, 3089
3089, 28490
3089, 31299
3089, 44974
3089, 30165
3089, 36238
26410, 3090
3090, 34850
16244, 3091
3091, 32980
27818, 3092
3092, 31248
42110, 3093
3093, 15397
36727, 3094
3094, 34860
30929, 3095
3095, 32026
3095, 17425
43981, 3096
16237, 3096
17628, 3096
31003, 3096
46131, 3096
47920, 3096
44748, 3096
43138, 3096
12761, 3096
33539, 3096
35115, 3096
18987, 3096
37261, 3096
14891, 3096
35372, 3096
20086, 3096
26721, 3096
38540, 3096
36741, 3096
47222, 3096
36589, 3096
31118, 3096
25811, 3096
30098, 3096
13791, 3096
23161, 3096
24661, 3096
30218, 3096
23448, 3096
39436, 3096
47478, 3096
35003, 3096
37677, 3096
33363, 3096
21052, 3096
25151, 3096
19368, 3096
21083, 3096
42023, 3096
38037, 3096
27083, 3096
28693, 3096
46101, 3096
14825, 3096
25960, 3096
18610, 3096
3096, 46692
23674, 3097
3097, 14381
40095, 3098
3098, 20943
3098, 25267
3098, 28659
3098, 17870
25301, 3099
3099, 39996
33067, 3100
3100, 28866
3100, 30176
3100, 45075
3100, 19924
3100, 35496
34407, 3101
3101, 48030
42110, 3102
3102, 13600
18296, 3103
3103, 25910
38829, 3104
3104, 26451
46806, 3105
3105, 30013
25128, 3106
3106, 15866
3106, 40889
33688, 3107
3107, 42104
30536, 3108
3108, 33051
48349, 3109
3109, 13782
3109, 17464
3109, 45023
3109, 38370
20488, 3110
3110, 38760
23089, 3111
3111, 27920
42174, 3112
3112, 45919
36015, 3113
3113, 45204
42110, 3114
3114, 32327
46806, 3115
3115, 34454
38499, 3116
3116, 39745
33788, 3117
3117, 14551
23810, 3118
3118, 17942
24838, 3119
3119, 46851
39529, 3120
3120, 29230
14042, 3121
3121, 35922
24588, 3122
3122, 33161
14254, 3123
3123, 14943
30975, 3124
3124, 47635
46235, 3125
3125, 34833
32582, 3126
3126, 36575
31080, 3127
28000, 3127
3127, 36841
27725, 3128
3128, 47443
33280, 3129
3129, 29566
3129, 22446
48543, 3130
19997, 3130
47909, 3130
44002, 3130
15204, 3130
23358, 3130
23664, 3130
35057, 3130
35511, 3130
40022, 3130
40378, 3130
3130, 17302
26970, 3131
3131, 47211
36153, 3132
39790, 3132
31245, 3132
3132, 46012
3132, 35887
3132, 25446
31263, 3133
3133, 23514
43878, 3134
19027, 3134
3134, 24809
16484, 3135
15286, 3135
46984, 3135
3135, 21027
26130, 3136
12789, 3136
3136, 30879
14215, 3137
30599, 3137
3137, 20191
48406, 3138
3138, 34238
44911, 3139
3139, 15825
36917, 3140
3140, 15826
42110, 3141
3141, 20085
41167, 3142
3142, 35791
3142, 45390
18479, 3143
3143, 45230
38085, 3144
39625, 3144
3144, 30960
3144, 14342
15898, 3145
3145, 12313
3145, 45695
3145, 27339
15810, 3146
3146, 41352
42110, 3147
3147, 13041
31730, 3148
3148, 48645
3148, 44883
41831, 3149
3149, 25311
13748, 3150
3150, 31772
3150, 39756
3150, 14799
3150, 15750
44719, 3151
3151, 18463
18584, 3152
39662, 3152
35379, 3152
3152, 16388
27818, 3153
3153, 33551
44315, 3154
3154, 12774
3154, 12313
3154, 17870
3154, 44429
3154, 46247
3154, 45695
48463, 3155
3155, 30874
44733, 3156
3156, 16202
39125, 3157
3157, 37642
28472, 3158
3158, 44974
3158, 37545
27545, 3159
3159, 26150
30791, 3160
3160, 31396
46806, 3161
3161, 35283
27655, 3162
42963, 3162
33929, 3162
3162, 39013
36465, 3163
3163, 19872
19947, 3164
3164, 42203
30416, 3165
3165, 14302
46394, 3166
3166, 47211
26361, 3167
3167, 24750
42963, 3168
3168, 48575
24755, 3169
3169, 34018
3169, 12718
39882, 3170
3170, 18469
3170, 37615
3170, 23534
3170, 39874
40926, 3171
35671, 3171
3171, 19002
3171, 17913
19843, 3172
3172, 22836
36465, 3173
3173, 27996
3173, 19872
42110, 3174
3174, 19287
45971, 3175
3175, 43339
33795, 3176
3176, 12720
3176, 33055
20013, 3177
3177, 12718
38829, 3178
3178, 15910
29640, 3179
3179, 20416
3179, 20830
47767, 3180
33038, 3180
31160, 3180
37726, 3180
21232, 3180
3180, 29203
41003, 3181
20168, 3181
18482, 3181
3181, 39625
17869, 3182
48379, 3182
42161, 3182
28848, 3182
18158, 3182
30311, 3182
23422, 3182
31016, 3182
22034, 3182
14885, 3182
45716, 3182
35370, 3182
40624, 3182
14289, 3182
14517, 3182
27667, 3182
12342, 3182
13638, 3182
18024, 3182
25682, 3182
36783, 3182
26455, 3182
40120, 3182
43869, 3182
23471, 3182
19159, 3182
25958, 3182
30700, 3182
12465, 3182
31084, 3182
45767, 3182
19759, 3182
37099, 3182
27392, 3182
15072, 3182
37970, 3182
12571, 3182
43459, 3182
41877, 3182
33978, 3182
35314, 3182
36803, 3182
28661, 3182
13028, 3182
15192, 3182
28745, 3182
42487, 3182
30918, 3182
39398, 3182
30004, 3182
36581, 3182
31218, 3182
47706, 3182
13166, 3182
32951, 3182
46453, 3182
31547, 3182
39566, 3182
39588, 3182
27265, 3182
43246, 3182
15655, 3182
44285, 3182
41404, 3182
21012, 3182
48589, 3182
43483, 3182
36272, 3182
13899, 3182
39146, 3182
44153, 3182
40242, 3182
24846, 3182
45403, 3182
41232, 3182
15175, 3182
28223, 3182
33796, 3182
31235, 3182
18825, 3182
47521, 3182
36445, 3182
36168, 3182
26209, 3182
36792, 3182
33723, 3182
42230, 3182
39865, 3182
40676, 3182
18367, 3182
12790, 3182
22271, 3182
47901, 3182
38109, 3182
38818, 3182
45072, 3182
32862, 3182
19802, 3182
42393, 3182
34589, 3182
12573, 3182
29057, 3182
26459, 3182
36118, 3182
34268, 3182
43366, 3182
18306, 3182
28649, 3182
40530, 3182
36946, 3182
46995, 3182
16463, 3182
33072, 3182
46078, 3182
40661, 3182
34972, 3182
31945, 3182
33439, 3182
40670, 3182
22615, 3182
43129, 3182
19861, 3182
31649, 3182
47709, 3182
14055, 3182
43884, 3182
18138, 3182
20605, 3182
38331, 3182
25664, 3182
13173, 3182
42234, 3182
44053, 3182
31563, 3182
38396, 3182
13139, 3182
30730, 3182
37649, 3182
42127, 3182
29020, 3182
38853, 3182
39042, 3182
21519, 3182
41689, 3182
16899, 3182
26116, 3182
14288, 3182
22277, 3182
14413, 3182
16268, 3182
16888, 3182
30945, 3182
24856, 3182
13111, 3182
15258, 3182
40004, 3182
31878, 3182
46353, 3182
34242, 3182
41161, 3182
37522, 3182
46629, 3182
17415, 3182
42459, 3182
21942, 3182
27290, 3182
46861, 3182
14805, 3182
29529, 3182
12768, 3182
33549, 3182
40071, 3182
18205, 3182
23976, 3182
23331, 3182
32907, 3182
42372, 3182
24784, 3182
30933, 3182
41214, 3182
27480, 3182
26915, 3182
42394, 3182
43777, 3182
37160, 3182
37641, 3182
22651, 3182
34736, 3182
45541, 3182
47132, 3182
14062, 3182
37838, 3182
47319, 3182
12425, 3182
17373, 3182
28665, 3182
34401, 3182
46941, 3182
40664, 3182
42922, 3182
22406, 3182
20300, 3182
21065, 3182
23366, 3182
44117, 3182
27746, 3182
40489, 3182
28320, 3182
40794, 3182
46161, 3182
33980, 3182
39832, 3182
41159, 3182
30913, 3182
44115, 3182
46643, 3182
26827, 3182
28530, 3182
34380, 3182
37334, 3182
16856, 3182
24482, 3182
23373, 3182
26192, 3182
40689, 3182
16818, 3182
14405, 3182
38647, 3182
25367, 3182
33579, 3182
18558, 3182
46252, 3182
27347, 3182
28342, 3182
41148, 3182
37690, 3182
43120, 3182
22048, 3182
23318, 3182
31232, 3182
25991, 3182
13588, 3182
31208, 3182
14667, 3182
15886, 3182
31700, 3182
27111, 3182
31525, 3182
19622, 3182
3182, 36199
15146, 3183
3183, 44637
42110, 3184
3184, 37735
30458, 3185
3185, 29504
40721, 3186
3186, 37429
38334, 3187
3187, 24034
3187, 37432
44163, 3188
3188, 29238
3188, 18001
3188, 20592
22827, 3189
3189, 26313
3189, 43384
19879, 3190
3190, 35090
35217, 3191
3191, 14726
47431, 3192
3192, 16262
36033, 3193
3193, 26580
12665, 3194
34444, 3194
41287, 3194
30562, 3194
45743, 3194
19262, 3194
30544, 3194
41229, 3194
38865, 3194
3194, 19799
42110, 3195
3195, 16893
36590, 3196
3196, 14838
47547, 3197
3197, 45061
31059, 3198
3198, 45331
42110, 3199
3199, 15114
23914, 3200
3200, 21882
46806, 3201
3201, 48395
28344, 3202
3202, 43694
32010, 3203
37837, 3203
3203, 37456
42499, 3204
3204, 47415
14300, 3205
3205, 36713
17841, 3206
33326, 3206
3206, 42006
34300, 3207
3207, 48582
3207, 40723
36465, 3208
3208, 27997
41831, 3209
3209, 25311
23412, 3210
3210, 21049
44664, 3211
3211, 46428
3211, 16356
3211, 41183
13743, 3212
3212, 27891
15974, 3213
3213, 29549
3213, 27982
31714, 3214
3214, 16960
3214, 13527
3214, 34073
45798, 3215
3215, 42225
29491, 3216
16470, 3216
15484, 3216
3216, 34296
3216, 43464
3216, 31538
3216, 17290
3216, 46934
3216, 13372
3216, 37967
43635, 3217
3217, 23346
3217, 46169
3217, 14815
29585, 3218
3218, 46929
28671, 3219
3219, 42219
22354, 3220
25534, 3220
3220, 47718
13122, 3221
31955, 3221
3221, 27079
46806, 3222
3222, 36396
33332, 3223
3223, 29388
3223, 20374
3223, 31252
3223, 13192
46806, 3224
3224, 46648
43172, 3225
3225, 45126
3225, 18049
23407, 3226
3226, 20097
29065, 3227
20400, 3227
3227, 25138
33802, 3228
3228, 14232
3228, 12755
20651, 3229
3229, 33867
3229, 33044
3229, 22074
46806, 3230
3230, 40614
42110, 3231
3231, 22001
27179, 3232
3232, 19892
27887, 3233
17727, 3233
23535, 3233
3233, 13186
14602, 3234
3234, 48345
42110, 3235
3235, 15404
34039, 3236
3236, 38274
31069, 3237
33847, 3237
3237, 44701
37571, 3238
36607, 3238
3238, 44322
26825, 3239
3239, 12394
27274, 3240
3240, 42060
3240, 43866
3240, 34498
27423, 3241
3241, 42067
42110, 3242
3242, 44695
19359, 3243
15902, 3243
3243, 45402
26068, 3244
3244, 19383
21350, 3245
3245, 31302
3245, 47629
3245, 20841
36465, 3246
3246, 27996
3246, 24200
3246, 35100
46695, 3247
3247, 19175
34597, 3248
3248, 36422
25081, 3249
3249, 26836
42110, 3250
3250, 28938
47759, 3251
3251, 17054
47699, 3252
3252, 46649
16724, 3253
3253, 22907
45961, 3254
3254, 20117
46806, 3255
3255, 44491
35387, 3256
3256, 18651
44124, 3257
3257, 26168
38829, 3258
3258, 30095
44479, 3259
3259, 38556
3259, 41437
46163, 3260
3260, 16847
36503, 3261
3261, 37336
40780, 3262
3262, 44948
14064, 3263
40147, 3263
32610, 3263
30654, 3263
14585, 3263
45036, 3263
19718, 3263
24479, 3263
42770, 3263
30091, 3263
44539, 3263
32678, 3263
3263, 33615
17107, 3264
46477, 3264
34923, 3264
42633, 3264
3264, 21582
24533, 3265
3265, 33343
42110, 3266
3266, 23168
46098, 3267
3267, 33487
42110, 3268
3268, 40919
23215, 3269
3269, 41459
3269, 36134
3269, 12313
3269, 45964
22390, 3270
3270, 37782
27274, 3271
3271, 45306
3271, 37107
3271, 31391
16628, 3272
3272, 40836
3272, 33689
3272, 29532
3272, 16001
42110, 3273
3273, 39124
46806, 3274
3274, 22975
41951, 3275
3275, 33349
14181, 3276
3276, 21474
16969, 3277
30732, 3277
34091, 3277
43344, 3277
15684, 3277
3277, 18718
41150, 3278
3278, 37450
45301, 3279
3279, 47263
3279, 28919
42110, 3280
3280, 44885
13409, 3281
36169, 3281
44241, 3281
43634, 3281
3281, 21859
47391, 3282
3282, 26191
3282, 36121
18503, 3283
24900, 3283
44433, 3283
28775, 3283
27189, 3283
3283, 20853
3283, 30376
37420, 3284
3284, 48347
3284, 27856
42110, 3285
3285, 15965
35979, 3286
3286, 38720
27153, 3287
15945, 3287
32423, 3287
3287, 24062
3287, 13674
25179, 3288
3288, 38967
25317, 3289
20117, 3289
3289, 23711
42110, 3290
3290, 19820
42110, 3291
3291, 42557
42110, 3292
3292, 35689
26214, 3293
22488, 3293
34936, 3293
3293, 26376
17941, 3294
3294, 39626
3294, 19745
44542, 3295
3295, 23244
3295, 39119
36465, 3296
3296, 30560
31952, 3297
3297, 35528
36465, 3298
3298, 12677
3298, 37473
31379, 3299
3299, 22698
3299, 22161
3299, 40274
3299, 23755
16010, 3300
3300, 31189
48204, 3301
3301, 37061
21546, 3302
3302, 35473
3302, 47035
3302, 16304
15699, 3303
3303, 34873
41835, 3304
3304, 16024
3304, 36620
30758, 3305
3305, 47615
45538, 3306
3306, 48268
18271, 3307
3307, 39049
38027, 3308
3308, 35688
42110, 3309
3309, 14590
13325, 3310
3310, 14901
43417, 3311
3311, 41839
46580, 3312
3312, 21670
3312, 19829
42110, 3313
3313, 27179
37051, 3314
33934, 3314
3314, 37859
46806, 3315
3315, 42521
40636, 3316
3316, 48213
20197, 3317
3317, 47146
3317, 16282
24726, 3318
45302, 3318
3318, 18042
47492, 3319
3319, 44387
42110, 3320
3320, 19488
42110, 3321
3321, 16346
46806, 3322
3322, 24680
38829, 3323
3323, 22004
13475, 3324
3324, 40925
39471, 3325
3325, 34897
36465, 3326
3326, 26286
42110, 3327
3327, 20363
23569, 3328
3328, 45795
36616, 3329
3329, 26426
48525, 3330
30292, 3330
3330, 42644
34275, 3331
3331, 40928
38829, 3332
3332, 37793
29770, 3333
3333, 16693
42110, 3334
3334, 15193
35907, 3335
3335, 15515
41271, 3336
37531, 3336
41490, 3336
43709, 3336
3336, 41610
18000, 3337
47994, 3337
3337, 23195
34364, 3338
3338, 20357
30616, 3339
3339, 41425
3339, 27783
42110, 3340
3340, 37948
36949, 3341
3341, 27351
3341, 30031
43628, 3342
3342, 28771
3342, 16614
3342, 12689
30149, 3343
3343, 25768
3343, 30038
3343, 24416
3343, 39057
13949, 3344
3344, 28976
28499, 3345
3345, 29443
38291, 3346
3346, 34740
3346, 15130
14963, 3347
3347, 34812
3347, 48058
3347, 41269
36058, 3348
3348, 22607
27056, 3349
3349, 14440
25759, 3350
3350, 23371
44363, 3351
22216, 3351
13257, 3351
46809, 3351
18076, 3351
16386, 3351
13829, 3351
12652, 3351
19686, 3351
41428, 3351
36341, 3351
48165, 3351
3351, 17302
31144, 3352
45996, 3352
3352, 15255
14334, 3353
3353, 44427
3353, 30038
41798, 3354
3354, 22169
46806, 3355
3355, 42240
26342, 3356
3356, 24191
3356, 33947
14029, 3357
43833, 3357
13850, 3357
20171, 3357
39549, 3357
39450, 3357
29836, 3357
3357, 31833
24171, 3358
3358, 46457
46806, 3359
3359, 29917
28417, 3360
3360, 34413
42110, 3361
3361, 23050
27200, 3362
3362, 26332
35674, 3363
3363, 43859
3363, 47755
3363, 46217
42110, 3364
3364, 43095
38088, 3365
3365, 23893
12529, 3366
3366, 35057
14922, 3367
3367, 19678
46806, 3368
3368, 15475
35863, 3369
3369, 26044
46806, 3370
3370, 42633
3370, 29803
42110, 3371
3371, 33838
46806, 3372
3372, 42633
25708, 3373
3373, 17181
37024, 3374
3374, 20374
3374, 34884
17048, 3375
3375, 32509
42110, 3376
3376, 45506
14785, 3377
3377, 25499
3377, 38784
42666, 3378
3378, 47987
3378, 36926
42110, 3379
3379, 20803
19658, 3380
3380, 41544
19923, 3381
3381, 19870
24511, 3382
24043, 3382
3382, 13301
36528, 3383
3383, 31503
28418, 3384
3384, 43898
42110, 3385
3385, 44688
44727, 3386
3386, 12817
20690, 3387
41482, 3387
26850, 3387
3387, 21354
3387, 30740
3387, 24572
3387, 43490
3387, 32507
3387, 48552
3387, 36641
46806, 3388
3388, 36326
38173, 3389
29479, 3389
24220, 3389
13608, 3389
3389, 28327
3389, 38172
43977, 3390
3390, 20800
26838, 3391
20729, 3391
3391, 16927
21365, 3392
3392, 19641
31988, 3393
40429, 3393
3393, 34984
24310, 3394
3394, 47050
3394, 31403
3394, 21721
3394, 47655
3394, 19664
39675, 3395
3395, 18794
3395, 16095
3395, 33682
42110, 3396
3396, 28466
27065, 3397
3397, 20302
44435, 3398
3398, 15846
15484, 3399
3399, 38136
3399, 35929
3399, 36968
3399, 23968
13275, 3400
45845, 3400
3400, 21917
27372, 3401
3401, 36653
35156, 3402
3402, 30813
34221, 3403
3403, 33774
13512, 3404
3404, 47389
37500, 3405
3405, 39608
34039, 3406
3406, 14789
3406, 33998
42110, 3407
3407, 14456
19522, 3408
3408, 39481
31243, 3409
3409, 27927
3409, 46483
3409, 19676
40358, 3410
3410, 37573
42956, 3411
3411, 41618
41951, 3412
3412, 43718
39463, 3413
3413, 19766
42110, 3414
3414, 23310
42110, 3415
3415, 36471
25932, 3416
3416, 25924
19706, 3417
42911, 3417
48212, 3417
30481, 3417
16568, 3417
29308, 3417
26876, 3417
40205, 3417
12582, 3417
28052, 3417
27030, 3417
27250, 3417
15182, 3417
43275, 3417
45347, 3417
18180, 3417
27598, 3417
25037, 3417
19484, 3417
18364, 3417
15093, 3417
25488, 3417
25107, 3417
37291, 3417
31780, 3417
26625, 3417
32004, 3417
35606, 3417
21626, 3417
20273, 3417
13320, 3417
33002, 3417
42070, 3417
37870, 3417
38971, 3417
46277, 3417
31332, 3417
16182, 3417
44392, 3417
23398, 3417
45145, 3417
39397, 3417
30713, 3417
29023, 3417
48316, 3417
21338, 3417
41994, 3417
44896, 3417
14260, 3417
18322, 3417
14910, 3417
42637, 3417
44240, 3417
38120, 3417
16820, 3417
13193, 3417
18589, 3417
20694, 3417
16330, 3417
18286, 3417
29224, 3417
41566, 3417
25729, 3417
16695, 3417
17328, 3417
42336, 3417
35610, 3417
46578, 3417
43557, 3417
19121, 3417
14322, 3417
38809, 3417
40651, 3417
33261, 3417
14613, 3417
26173, 3417
32822, 3417
23536, 3417
26972, 3417
48272, 3417
26952, 3417
24109, 3417
17634, 3417
44216, 3417
14315, 3417
19567, 3417
46351, 3417
25624, 3417
36854, 3417
18611, 3417
13822, 3417
20714, 3417
21974, 3417
42859, 3417
19835, 3417
38725, 3417
28950, 3417
46998, 3417
26879, 3417
33553, 3417
29519, 3417
30085, 3417
46251, 3417
34377, 3417
46183, 3417
36938, 3417
20015, 3417
25815, 3417
45216, 3417
27220, 3417
20343, 3417
17490, 3417
16314, 3417
33204, 3417
47468, 3417
47519, 3417
18950, 3417
23796, 3417
27139, 3417
40597, 3417
37777, 3417
21776, 3417
31369, 3417
46084, 3417
13430, 3417
29618, 3417
25674, 3417
24758, 3417
14408, 3417
16334, 3417
38450, 3417
20252, 3417
46614, 3417
38980, 3417
43040, 3417
21864, 3417
47421, 3417
36283, 3417
24490, 3417
36204, 3417
47124, 3417
21205, 3417
14924, 3417
18808, 3417
45247, 3417
14314, 3417
34048, 3417
33903, 3417
27215, 3417
29611, 3417
35158, 3417
25979, 3417
41412, 3417
25845, 3417
34351, 3417
36930, 3417
14752, 3417
41596, 3417
46126, 3417
12594, 3417
20653, 3417
17677, 3417
31658, 3417
18978, 3417
14036, 3417
16403, 3417
35534, 3417
40516, 3417
30745, 3417
25576, 3417
41528, 3417
18301, 3417
27850, 3417
43815, 3417
16077, 3417
20413, 3417
38029, 3417
17716, 3417
20228, 3417
47208, 3417
42171, 3417
19275, 3417
13605, 3417
32518, 3417
30046, 3417
47929, 3417
26664, 3417
36706, 3417
45638, 3417
38780, 3417
37656, 3417
40538, 3417
29710, 3417
34624, 3417
12528, 3417
27107, 3417
33777, 3417
44112, 3417
24266, 3417
36833, 3417
31193, 3417
31015, 3417
17358, 3417
30519, 3417
48078, 3417
41213, 3417
39494, 3417
3417, 30770
3417, 30896
35762, 3418
3418, 40209
3418, 33637
42110, 3419
3419, 44656
42792, 3420
3420, 29783
38791, 3421
3421, 34753
3421, 23238
3421, 23755
38854, 3422
3422, 23118
3422, 22803
41885, 3423
3423, 32913
31059, 3424
3424, 16483
37466, 3425
3425, 23472
28315, 3426
15034, 3426
3426, 37315
26547, 3427
48101, 3427
3427, 17181
36215, 3428
3428, 20002
16115, 3429
3429, 36613
29137, 3430
3430, 29220
22656, 3431
3431, 39964
22093, 3432
3432, 42268
3432, 46502
3432, 21516
17763, 3433
3433, 36082
3433, 21607
3433, 25707
34837, 3434
3434, 31813
32486, 3435
3435, 17118
37821, 3436
14297, 3436
37297, 3436
41134, 3436
41238, 3436
3436, 16651
18072, 3437
3437, 19379
36635, 3438
3438, 39933
3438, 15457
3438, 12401
31463, 3439
3439, 16173
3439, 45047
3439, 29646
3439, 32443
15802, 3440
3440, 20556
38829, 3441
3441, 44155
42110, 3442
3442, 41407
28299, 3443
3443, 47019
34035, 3444
3444, 31081
3444, 34884
3444, 19856
36465, 3445
3445, 27996
18961, 3446
3446, 30087
30839, 3447
17700, 3447
3447, 22760
27579, 3448
23052, 3448
32723, 3448
25287, 3448
36898, 3448
13986, 3448
3448, 32917
3448, 39547
3448, 32001
3448, 28063
3448, 28648
27274, 3449
3449, 20178
41979, 3450
3450, 32039
27776, 3451
41973, 3451
3451, 19018
25932, 3452
3452, 22602
43508, 3453
3453, 45210
3453, 15275
41257, 3454
12886, 3454
26966, 3454
36056, 3454
3454, 17269
42633, 3455
33674, 3455
18374, 3455
3455, 36511
35635, 3456
3456, 45695
3456, 19205
46997, 3457
3457, 37922
42002, 3458
3458, 26519
42110, 3459
3459, 45741
33102, 3460
3460, 24182
26354, 3461
3461, 32195
3461, 30142
3461, 33190
12560, 3462
21623, 3462
3462, 12695
46771, 3463
29809, 3463
3463, 16687
3463, 33533
33483, 3464
3464, 17564
26607, 3465
15566, 3465
3465, 14574
34039, 3466
3466, 45689
44025, 3467
20296, 3467
3467, 39474
33202, 3468
3468, 45652
3468, 28087
31600, 3469
3469, 18595
38616, 3470
3470, 14481
38829, 3471
3471, 17939
17232, 3472
28618, 3472
3472, 28422
42110, 3473
3473, 46095
25625, 3474
3474, 40292
31988, 3475
3475, 34238
35541, 3476
3476, 24559
38217, 3477
3477, 22090
29737, 3478
3478, 47687
12802, 3479
3479, 16506
3479, 44044
29194, 3480
3480, 48168
3480, 15797
3480, 20989
38341, 3481
3481, 15283
42110, 3482
3482, 41890
47699, 3483
3483, 37030
13318, 3484
32214, 3484
3484, 48500
27464, 3485
3485, 28628
3485, 34827
33987, 3486
3486, 37623
15904, 3487
31252, 3487
43771, 3487
3487, 29811
24486, 3488
3488, 17744
28135, 3489
3489, 26950
46241, 3490
3490, 26658
46683, 3491
3491, 42621
36465, 3492
3492, 39612
12479, 3493
3493, 31244
42110, 3494
3494, 38467
37631, 3495
3495, 32183
25785, 3496
3496, 36086
35379, 3497
3497, 45329
25359, 3498
40455, 3498
17962, 3498
39203, 3498
3498, 40847
36700, 3499
3499, 32288
29968, 3500
3500, 48621
20490, 3501
3501, 25571
3501, 12476
46806, 3502
3502, 17526
20925, 3503
3503, 40499
27930, 3504
3504, 15744
33935, 3505
3505, 40119
3505, 33654
38394, 3506
3506, 35984
18778, 3507
3507, 24084
42110, 3508
3508, 42798
31742, 3509
3509, 26278
34254, 3510
3510, 17212
48383, 3511
3511, 34033
30536, 3512
3512, 27712
42110, 3513
3513, 24111
34712, 3514
30038, 3514
21733, 3514
3514, 12384
19428, 3515
3515, 28559
41712, 3516
3516, 23663
38829, 3517
3517, 32137
12325, 3518
28521, 3518
3518, 33718
31998, 3519
3519, 31429
12524, 3520
3520, 31800
22490, 3521
17509, 3521
3521, 24058
47234, 3522
3522, 25260
42110, 3523
3523, 19038
42110, 3524
3524, 28286
29140, 3525
45509, 3525
24675, 3525
40496, 3525
3525, 33339
28226, 3526
3526, 18403
43820, 3527
3527, 27908
25409, 3528
19566, 3528
20559, 3528
12934, 3528
26420, 3528
42343, 3528
31367, 3528
43904, 3528
22532, 3528
37587, 3528
24842, 3528
3528, 38942
3528, 19098
3528, 44761
42110, 3529
3529, 22829
46533, 3530
3530, 31401
45052, 3531
3531, 47755
3531, 32072
35257, 3532
3532, 26629
31305, 3533
3533, 47690
25147, 3534
3534, 29783
19596, 3535
31037, 3535
3535, 38557
17618, 3536
3536, 41196
14337, 3537
3537, 19894
3537, 32824
14462, 3538
3538, 30942
3538, 41892
23276, 3539
3539, 21171
42947, 3540
3540, 26479
42110, 3541
3541, 41278
42110, 3542
3542, 37643
14587, 3543
42877, 3543
3543, 28887
29704, 3544
3544, 36315
3544, 28681
44365, 3545
3545, 19686
24135, 3546
3546, 43241
16827, 3547
27687, 3547
32298, 3547
22047, 3547
3547, 40890
27818, 3548
3548, 32261
16561, 3549
3549, 38867
35379, 3550
3550, 24915
21867, 3551
3551, 16979
3551, 14705
43494, 3552
38418, 3552
43713, 3552
14390, 3552
25642, 3552
28095, 3552
32500, 3552
40105, 3552
44659, 3552
22636, 3552
36236, 3552
30566, 3552
32991, 3552
31964, 3552
29648, 3552
31052, 3552
13447, 3552
42158, 3552
33713, 3552
47753, 3552
38080, 3552
39288, 3552
24514, 3552
23184, 3552
19083, 3552
24526, 3552
36646, 3552
38912, 3552
15307, 3552
40518, 3552
32173, 3552
36730, 3552
34654, 3552
33799, 3552
34666, 3552
19090, 3552
43881, 3552
47316, 3552
23601, 3552
36438, 3552
22051, 3552
14422, 3552
33248, 3552
31852, 3552
45607, 3552
47924, 3552
32547, 3552
45490, 3552
32016, 3552
26680, 3552
15632, 3552
29476, 3552
14735, 3552
27102, 3552
38875, 3552
39252, 3552
27211, 3552
41014, 3552
26696, 3552
38984, 3552
45134, 3552
32501, 3552
45974, 3552
41734, 3552
33729, 3552
31933, 3552
19011, 3552
37437, 3552
27086, 3552
29684, 3552
31778, 3552
35594, 3552
31914, 3552
41609, 3552
34170, 3552
33443, 3552
36091, 3552
43956, 3552
36012, 3552
12873, 3552
18890, 3552
22568, 3552
12564, 3552
28676, 3552
35664, 3552
15263, 3552
44478, 3552
25234, 3552
29036, 3552
32429, 3552
27903, 3552
29544, 3552
26092, 3552
16461, 3552
18267, 3552
33131, 3552
37398, 3552
22361, 3552
18657, 3552
39692, 3552
16143, 3552
34165, 3552
21461, 3552
32540, 3552
27035, 3552
36217, 3552
40432, 3552
45821, 3552
35067, 3552
42948, 3552
25968, 3552
23419, 3552
43424, 3552
43561, 3552
20359, 3552
47790, 3552
36392, 3552
12808, 3552
20960, 3552
43737, 3552
20482, 3552
31506, 3552
13135, 3552
41632, 3552
33458, 3552
29755, 3552
46623, 3552
26403, 3552
41379, 3552
25790, 3552
12642, 3552
3552, 17204
38697, 3553
3553, 15755
30536, 3554
3554, 34647
46656, 3555
3555, 34216
26805, 3556
3556, 43703
33456, 3557
45372, 3557
20946, 3557
46215, 3557
25814, 3557
34049, 3557
47006, 3557
3557, 29705
42110, 3558
3558, 36389
32938, 3559
3559, 23198
3559, 31168
36099, 3560
3560, 45946
3560, 20703
29817, 3561
47667, 3561
3561, 15911
3561, 46848
23239, 3562
43057, 3562
18628, 3562
38138, 3562
12485, 3562
35497, 3562
48354, 3562
45329, 3562
3562, 44941
47373, 3563
3563, 16317
15693, 3564
42596, 3564
3564, 17409
32523, 3565
3565, 40913
46696, 3566
3566, 40549
42110, 3567
3567, 45900
27659, 3568
3568, 28718
3568, 17664
14739, 3569
3569, 41822
3569, 36940
3569, 40389
31740, 3570
3570, 36790
16144, 3571
3571, 30346
38213, 3572
3572, 39007
45397, 3573
3573, 34073
27397, 3574
3574, 22124
46487, 3575
3575, 22037
28823, 3576
3576, 21863
3576, 37158
3576, 21264
3576, 35328
3576, 40943
3576, 26859
3576, 44329
3576, 45546
3576, 13974
19506, 3577
36264, 3577
17485, 3577
13645, 3577
3577, 20247
42110, 3578
3578, 43899
33858, 3579
3579, 35169
42110, 3580
3580, 25007
17822, 3581
3581, 38806
42110, 3582
3582, 25788
21483, 3583
3583, 23272
17763, 3584
3584, 40090
32202, 3585
3585, 24283
3585, 47600
27006, 3586
42571, 3586
3586, 19794
22098, 3587
3587, 47242
29495, 3588
3588, 35515
3588, 39065
3588, 25557
3588, 34564
3588, 18351
35246, 3589
3589, 48354
3589, 45737
3589, 38038
3589, 45577
3589, 36926
3589, 44189
18750, 3590
3590, 45176
27410, 3591
3591, 18457
14519, 3592
32797, 3592
13673, 3592
35924, 3592
40083, 3592
26717, 3592
3592, 33892
3592, 12798
3592, 22345
3592, 37003
3592, 29566
3592, 38325
3592, 26665
3592, 37638
3592, 32066
3592, 47119
3592, 31389
42148, 3593
3593, 13257
46127, 3594
17293, 3594
3594, 39625
44344, 3595
44342, 3595
44321, 3595
3595, 36070
28227, 3596
3596, 39039
38829, 3597
3597, 27500
24494, 3598
3598, 47462
15505, 3599
29356, 3599
43124, 3599
3599, 47817
44046, 3600
3600, 38761
17702, 3601
3601, 40872
12838, 3602
3602, 29781
42110, 3603
3603, 27232
32806, 3604
3604, 46463
3604, 35045
3604, 27400
47699, 3605
3605, 41581
37226, 3606
3606, 31806
15675, 3607
25852, 3607
28900, 3607
3607, 30294
31417, 3608
44924, 3608
19922, 3608
13114, 3608
30075, 3608
26682, 3608
30820, 3608
3608, 40336
18962, 3609
3609, 43972
14922, 3610
3610, 19678
13450, 3611
3611, 17307
42110, 3612
3612, 28452
43637, 3613
46513, 3613
24727, 3613
43302, 3613
15628, 3613
18355, 3613
13922, 3613
23320, 3613
13174, 3613
43697, 3613
16867, 3613
30288, 3613
44408, 3613
35268, 3613
29976, 3613
34863, 3613
3613, 18656
44130, 3614
3614, 23189
17910, 3615
3615, 14524
16893, 3616
3616, 46038
23955, 3617
3617, 47007
44488, 3618
32248, 3618
3618, 29534
3618, 31800
38942, 3619
32639, 3619
3619, 23906
37304, 3620
3620, 29494
3620, 33887
24101, 3621
3621, 22464
22402, 3622
3622, 17560
3622, 39653
3622, 16129
36228, 3623
23920, 3623
3623, 25269
42110, 3624
3624, 39713
42110, 3625
3625, 43034
42110, 3626
3626, 47647
46806, 3627
3627, 30704
32578, 3628
3628, 39876
42110, 3629
3629, 26824
21832, 3630
32979, 3630
33925, 3630
3630, 29230
43395, 3631
3631, 21643
18018, 3632
3632, 28763
48305, 3633
32796, 3633
3633, 41622
35379, 3634
3634, 19010
32432, 3635
3635, 27374
3635, 27401
20730, 3636
3636, 18243
16244, 3637
3637, 25187
17383, 3638
3638, 35996
41926, 3639
3639, 46816
40401, 3640
3640, 37301
35911, 3641
3641, 44465
42110, 3642
3642, 45623
20863, 3643
3643, 48127
17131, 3644
3644, 22564
35326, 3645
3645, 22750
31394, 3646
3646, 32055
3646, 31655
42110, 3647
3647, 39155
48118, 3648
16633, 3648
21286, 3648
3648, 29338
38829, 3649
3649, 43168
34039, 3650
3650, 37073
39265, 3651
3651, 39487
45205, 3652
3652, 34550
17401, 3653
3653, 14860
42110, 3654
3654, 33249
21897, 3655
3655, 22791
30956, 3656
3656, 30422
39641, 3657
3657, 40821
20302, 3658
41055, 3658
3658, 29039
28246, 3659
3659, 32596
35569, 3660
27377, 3660
3660, 19015
26358, 3661
3661, 13799
3661, 25383
3661, 48085
3661, 41690
3661, 35783
26639, 3662
23920, 3662
3662, 39143
3662, 46397
19677, 3663
3663, 24172
41378, 3664
16171, 3664
38972, 3664
3664, 32240
14753, 3665
3665, 41807
3665, 36410
40562, 3666
3666, 25571
3666, 45422
3666, 45794
3666, 26057
37959, 3667
3667, 22262
3667, 28810
36338, 3668
3668, 26563
21464, 3669
19969, 3669
37965, 3669
3669, 39976
42869, 3670
3670, 32639
44512, 3671
3671, 47035
3671, 39484
3671, 33654
34019, 3672
3672, 14389
17458, 3673
45836, 3673
3673, 41838
36269, 3674
3674, 45584
39974, 3675
3675, 23346
34061, 3676
35956, 3676
3676, 28642
45205, 3677
3677, 43512
42110, 3678
3678, 20057
35597, 3679
3679, 21480
36468, 3680
13508, 3680
3680, 30720
46284, 3681
3681, 37796
3681, 37109
45205, 3682
3682, 14411
32819, 3683
3683, 38708
3683, 40756
46806, 3684
3684, 38657
18408, 3685
18198, 3685
25775, 3685
15991, 3685
19064, 3685
46256, 3685
38444, 3685
17758, 3685
3685, 33262
19702, 3686
3686, 40702
38083, 3687
13768, 3687
3687, 15559
3687, 18591
27424, 3688
18396, 3688
3688, 35052
16540, 3689
3689, 28036
25916, 3690
38118, 3690
3690, 25946
46806, 3691
3691, 33972
42110, 3692
3692, 33714
30711, 3693
3693, 31200
37674, 3694
3694, 46474
44548, 3695
47270, 3695
23218, 3695
3695, 24894
24014, 3696
23687, 3696
21812, 3696
3696, 27532
42110, 3697
3697, 48647
16190, 3698
41614, 3698
15168, 3698
19138, 3698
3698, 27783
3698, 32969
20518, 3699
3699, 19545
45593, 3700
13051, 3700
3700, 23189
31814, 3701
3701, 19187
3701, 47755
3701, 38881
3701, 35418
28544, 3702
3702, 36690
45888, 3703
3703, 16489
31554, 3704
3704, 38762
25101, 3705
3705, 16444
14964, 3706
3706, 21400
3706, 13888
19721, 3707
32895, 3707
43158, 3707
13755, 3707
32703, 3707
13764, 3707
36915, 3707
35382, 3707
33025, 3707
30882, 3707
34586, 3707
21899, 3707
27466, 3707
12306, 3707
28725, 3707
47184, 3707
43167, 3707
32244, 3707
13078, 3707
41851, 3707
13195, 3707
28192, 3707
41678, 3707
44972, 3707
21233, 3707
45342, 3707
18780, 3707
20666, 3707
43174, 3707
44004, 3707
40460, 3707
16085, 3707
38900, 3707
18830, 3707
42358, 3707
19667, 3707
45089, 3707
34148, 3707
15351, 3707
20411, 3707
28910, 3707
27569, 3707
40646, 3707
32317, 3707
28891, 3707
14987, 3707
19300, 3707
35936, 3707
14891, 3707
23137, 3707
21608, 3707
3707, 24604
3707, 47353
42174, 3708
3708, 32980
24216, 3709
3709, 44428
3709, 47755
3709, 21063
3709, 38377
17064, 3710
3710, 30876
48532, 3711
3711, 14835
46806, 3712
3712, 46342
48193, 3713
3713, 18307
47097, 3714
32010, 3714
3714, 37456
39951, 3715
3715, 19652
3715, 27091
3715, 27401
42110, 3716
3716, 40249
42110, 3717
3717, 33411
47172, 3718
3718, 35868
3718, 27278
3718, 45075
3718, 37642
3718, 17498
20797, 3719
3719, 19349
42110, 3720
3720, 34658
27619, 3721
3721, 37386
16244, 3722
3722, 18894
45963, 3723
3723, 23224
3723, 25104
20945, 3724
3724, 12989
31594, 3725
3725, 34137
38829, 3726
3726, 25261
16615, 3727
3727, 25317
3727, 47637
3727, 40606
3727, 45537
3727, 36469
3727, 35270
3727, 36476
3727, 13036
3727, 39274
42110, 3728
3728, 17656
27090, 3729
46670, 3729
44237, 3729
3729, 26117
40648, 3730
3730, 24777
3730, 48444
3730, 36476
3730, 33602
42149, 3731
3731, 29775
19634, 3732
25065, 3732
48520, 3732
45406, 3732
3732, 20185
33994, 3733
42717, 3733
3733, 14889
21352, 3734
3734, 16980
28957, 3735
3735, 29025
3735, 24182
20835, 3736
3736, 43695
15704, 3737
3737, 17170
38115, 3738
44464, 3738
3738, 31830
46853, 3739
3739, 29029
42110, 3740
3740, 32171
47462, 3741
36571, 3741
3741, 19527
26822, 3742
3742, 21516
3742, 28908
17827, 3743
3743, 23695
34076, 3744
31056, 3744
44553, 3744
12662, 3744
3744, 27253
42110, 3745
3745, 32157
18015, 3746
30689, 3746
15559, 3746
16945, 3746
41424, 3746
12842, 3746
48210, 3746
36048, 3746
35444, 3746
28309, 3746
30850, 3746
14415, 3746
12671, 3746
31189, 3746
18712, 3746
32074, 3746
38265, 3746
40549, 3746
41244, 3746
42920, 3746
45984, 3746
40427, 3746
16360, 3746
32026, 3746
46045, 3746
17462, 3746
28417, 3746
44658, 3746
30754, 3746
22091, 3746
20849, 3746
22755, 3746
20497, 3746
22698, 3746
34723, 3746
36233, 3746
34172, 3746
31071, 3746
25685, 3746
28822, 3746
38192, 3746
44309, 3746
17997, 3746
13275, 3746
19175, 3746
46833, 3746
32922, 3746
16786, 3746
14896, 3746
31946, 3746
27144, 3746
30773, 3746
48637, 3746
14295, 3746
12798, 3746
12727, 3746
46326, 3746
30104, 3746
35068, 3746
26044, 3746
44790, 3746
32831, 3746
46883, 3746
23444, 3746
38248, 3746
33453, 3746
39039, 3746
25196, 3746
39821, 3746
24915, 3746
27374, 3746
21246, 3746
14432, 3746
31843, 3746
33484, 3746
29549, 3746
25602, 3746
26576, 3746
20670, 3746
35868, 3746
35233, 3746
36808, 3746
26299, 3746
17933, 3746
14736, 3746
28890, 3746
23455, 3746
38543, 3746
12608, 3746
19973, 3746
33641, 3746
19187, 3746
26152, 3746
18442, 3746
37490, 3746
29718, 3746
19678, 3746
28531, 3746
32340, 3746
20823, 3746
41491, 3746
35523, 3746
36633, 3746
21245, 3746
22410, 3746
26122, 3746
13323, 3746
44810, 3746
47057, 3746
29566, 3746
12750, 3746
16180, 3746
34238, 3746
23956, 3746
23451, 3746
24473, 3746
16631, 3746
25267, 3746
29388, 3746
40702, 3746
15720, 3746
17098, 3746
33851, 3746
23669, 3746
22502, 3746
19523, 3746
40821, 3746
42946, 3746
42488, 3746
15904, 3746
13130, 3746
27287, 3746
38600, 3746
39551, 3746
16295, 3746
25901, 3746
26864, 3746
30209, 3746
43305, 3746
43086, 3746
28983, 3746
16202, 3746
28582, 3746
42989, 3746
13463, 3746
15314, 3746
16539, 3746
22256, 3746
25398, 3746
47462, 3746
20374, 3746
38256, 3746
28784, 3746
28012, 3746
39216, 3746
43851, 3746
26524, 3746
43928, 3746
39721, 3746
29063, 3746
23222, 3746
29320, 3746
46429, 3746
23195, 3746
39416, 3746
16954, 3746
23435, 3746
44270, 3746
42559, 3746
27088, 3746
13486, 3746
42682, 3746
28323, 3746
26920, 3746
12907, 3746
14689, 3746
21220, 3746
36690, 3746
30216, 3746
34740, 3746
36996, 3746
34137, 3746
29826, 3746
14611, 3746
25746, 3746
15887, 3746
46463, 3746
36134, 3746
26987, 3746
19186, 3746
37318, 3746
16716, 3746
30176, 3746
31252, 3746
38770, 3746
18456, 3746
12672, 3746
20682, 3746
40181, 3746
39915, 3746
18709, 3746
17860, 3746
27210, 3746
37456, 3746
31081, 3746
12439, 3746
23346, 3746
33751, 3746
32196, 3746
31153, 3746
36613, 3746
30511, 3746
33190, 3746
32637, 3746
38871, 3746
29482, 3746
38476, 3746
35566, 3746
32274, 3746
21113, 3746
44883, 3746
38069, 3746
20358, 3746
25427, 3746
30697, 3746
43041, 3746
15407, 3746
39625, 3746
30452, 3746
21007, 3746
19889, 3746
40897, 3746
39785, 3746
25863, 3746
43701, 3746
29392, 3746
29279, 3746
22262, 3746
44440, 3746
20002, 3746
29189, 3746
21182, 3746
38657, 3746
22337, 3746
42650, 3746
29220, 3746
44013, 3746
25583, 3746
17888, 3746
34482, 3746
22000, 3746
47987, 3746
20850, 3746
32934, 3746
45531, 3746
13440, 3746
17668, 3746
36713, 3746
26762, 3746
18121, 3746
47891, 3746
45903, 3746
24240, 3746
34547, 3746
43804, 3746
23684, 3746
42389, 3746
30575, 3746
20416, 3746
27992, 3746
31956, 3746
18622, 3746
41624, 3746
36133, 3746
28458, 3746
18199, 3746
37146, 3746
46203, 3746
32541, 3746
42077, 3746
46671, 3746
45204, 3746
41162, 3746
42268, 3746
15865, 3746
28659, 3746
22752, 3746
26639, 3746
28953, 3746
29444, 3746
12993, 3746
34984, 3746
37312, 3746
45732, 3746
38942, 3746
40685, 3746
37134, 3746
43813, 3746
29472, 3746
48128, 3746
45478, 3746
38271, 3746
25450, 3746
41193, 3746
32422, 3746
28810, 3746
44085, 3746
17774, 3746
40747, 3746
26040, 3746
23037, 3746
17118, 3746
32757, 3746
17805, 3746
33203, 3746
23227, 3746
30295, 3746
46434, 3746
21399, 3746
24877, 3746
46953, 3746
34583, 3746
38305, 3746
45281, 3746
45927, 3746
24471, 3746
15026, 3746
44436, 3746
30835, 3746
18794, 3746
15510, 3746
33867, 3746
19561, 3746
25613, 3746
27767, 3746
43859, 3746
19361, 3746
25304, 3746
33501, 3746
18071, 3746
45047, 3746
36940, 3746
48461, 3746
46581, 3746
14333, 3746
16683, 3746
20303, 3746
35724, 3746
45075, 3746
25329, 3746
34175, 3746
26421, 3746
41910, 3746
26082, 3746
13226, 3746
20683, 3746
36871, 3746
42810, 3746
33950, 3746
17225, 3746
34324, 3746
35905, 3746
45182, 3746
48203, 3746
36070, 3746
30794, 3746
43213, 3746
47087, 3746
22387, 3746
14257, 3746
16723, 3746
38685, 3746
28732, 3746
25966, 3746
38907, 3746
31731, 3746
35581, 3746
30237, 3746
3746, 38855
37997, 3747
3747, 35836
3747, 25263
35249, 3748
3748, 42374
14950, 3749
14566, 3749
27996, 3749
25917, 3749
24749, 3749
32659, 3749
12677, 3749
47031, 3749
40486, 3749
48582, 3749
36765, 3749
40724, 3749
17400, 3749
37908, 3749
37913, 3749
14489, 3749
26950, 3749
25123, 3749
14229, 3749
25988, 3749
27909, 3749
24003, 3749
28971, 3749
14830, 3749
31248, 3749
23181, 3749
19447, 3749
14153, 3749
27885, 3749
37231, 3749
31839, 3749
26727, 3749
26278, 3749
13212, 3749
27955, 3749
40230, 3749
31890, 3749
25350, 3749
12429, 3749
47212, 3749
16258, 3749
21023, 3749
3749, 18949
3749, 46806
34039, 3750
3750, 18697
35919, 3751
3751, 16969
20507, 3752
3752, 45626
3752, 27904
32738, 3753
47345, 3753
27366, 3753
40594, 3753
3753, 12401
19420, 3754
3754, 42704
3754, 23766
48652, 3755
3755, 44537
31017, 3756
21862, 3756
3756, 41132
3756, 45927
3756, 36315
3756, 46450
3756, 31076
3756, 14514
3756, 28948
45399, 3757
31280, 3757
3757, 24580
3757, 45502
43050, 3758
24710, 3758
41577, 3758
33572, 3758
18040, 3758
26924, 3758
48250, 3758
42385, 3758
30608, 3758
17349, 3758
25251, 3758
31842, 3758
41383, 3758
39538, 3758
18612, 3758
20941, 3758
17084, 3758
32293, 3758
30005, 3758
47252, 3758
32807, 3758
15877, 3758
30395, 3758
34343, 3758
46103, 3758
35676, 3758
3758, 30319
3758, 18313
3758, 25910
3758, 32196
3758, 12463
42110, 3759
3759, 25464
26951, 3760
3760, 43749
3760, 28681
3760, 15649
3760, 44274
34039, 3761
3761, 32485
14215, 3762
30599, 3762
3762, 20191
42110, 3763
3763, 27288
42110, 3764
3764, 39518
26350, 3765
3765, 16927
45499, 3766
16292, 3766
3766, 22794
47136, 3767
3767, 38784
43197, 3768
3768, 15983
38829, 3769
3769, 29574
19460, 3770
3770, 39779
19161, 3771
3771, 15936
46806, 3772
3772, 38613
40716, 3773
3773, 48203
3773, 21202
3773, 14786
3773, 36903
3773, 31592
34603, 3774
25965, 3774
17197, 3774
28172, 3774
3774, 27996
44493, 3775
29566, 3775
21204, 3775
36564, 3775
3775, 16003
21285, 3776
3776, 48582
42110, 3777
3777, 44869
22492, 3778
3778, 29817
21102, 3779
24303, 3779
32567, 3779
31027, 3779
22212, 3779
27905, 3779
28969, 3779
18219, 3779
3779, 32939
25439, 3780
3780, 22062
46806, 3781
3781, 21126
19342, 3782
3782, 13479
34441, 3783
39261, 3783
40453, 3783
25303, 3783
30424, 3783
3783, 27160
42110, 3784
3784, 29008
23446, 3785
47561, 3785
37456, 3785
3785, 21321
45935, 3786
3786, 44906
36194, 3787
3787, 36911
16236, 3788
36933, 3788
47171, 3788
43514, 3788
29911, 3788
3788, 15220
42110, 3789
3789, 20739
33423, 3790
3790, 21376
35567, 3791
3791, 45757
3791, 30819
21348, 3792
41259, 3792
3792, 15357
28099, 3793
36207, 3793
3793, 22535
3793, 26621
3793, 31715
3793, 14430
3793, 27610
3793, 30266
3793, 12388
3793, 18967
3793, 43785
3793, 32867
3793, 19957
3793, 36154
3793, 37653
3793, 29447
3793, 38179
3793, 20767
3793, 22362
3793, 40282
3793, 42927
3793, 29801
3793, 18621
3793, 43964
3793, 13994
3793, 29959
3793, 46922
3793, 40179
3793, 41918
3793, 26252
3793, 40381
3793, 47754
3793, 41136
3793, 21811
3793, 24568
3793, 38178
3793, 35722
16603, 3794
3794, 45334
40779, 3795
3795, 19588
3795, 15028
3795, 19349
38536, 3796
3796, 46347
3796, 20391
3796, 23940
3796, 34798
47895, 3797
3797, 20109
33914, 3798
3798, 22468
46806, 3799
3799, 46149
26468, 3800
36298, 3800
40088, 3800
14813, 3800
17902, 3800
3800, 24848
14719, 3801
3801, 15253
47755, 3802
42145, 3802
43448, 3802
48248, 3802
20493, 3802
31588, 3802
42618, 3802
19074, 3802
40025, 3802
15917, 3802
41722, 3802
15358, 3802
47955, 3802
40444, 3802
24218, 3802
44147, 3802
41681, 3802
13321, 3802
34018, 3802
14338, 3802
37405, 3802
36790, 3802
33237, 3802
26580, 3802
33353, 3802
33343, 3802
29688, 3802
44283, 3802
27783, 3802
41878, 3802
14932, 3802
23269, 3802
23738, 3802
16825, 3802
25499, 3802
38473, 3802
34881, 3802
26488, 3802
16491, 3802
18109, 3802
38018, 3802
19383, 3802
25282, 3802
23685, 3802
33414, 3802
36047, 3802
20158, 3802
44007, 3802
37967, 3802
40555, 3802
35725, 3802
31859, 3802
35988, 3802
12718, 3802
39264, 3802
21749, 3802
38784, 3802
30066, 3802
36403, 3802
36287, 3802
37616, 3802
37013, 3802
43239, 3802
33637, 3802
48347, 3802
25365, 3802
28261, 3802
15866, 3802
33691, 3802
14291, 3802
18238, 3802
26057, 3802
3802, 42110
42042, 3803
3803, 28144
46806, 3804
3804, 33784
3804, 35697
15493, 3805
36840, 3805
3805, 41126
30500, 3806
3806, 20094
3806, 30937
3806, 14763
3806, 20881
34039, 3807
3807, 17126
3807, 14980
42110, 3808
3808, 29354
37451, 3809
15075, 3809
31352, 3809
28188, 3809
12537, 3809
3809, 29747
3809, 42930
3809, 41868
24536, 3810
3810, 18071
33148, 3811
3811, 38273
42110, 3812
3812, 31887
30956, 3813
3813, 31721
46139, 3814
24142, 3814
45547, 3814
14966, 3814
17142, 3814
36456, 3814
25175, 3814
45899, 3814
43838, 3814
3814, 47349
42938, 3815
3815, 30546
40729, 3816
3816, 30275
42110, 3817
3817, 47506
29048, 3818
30950, 3818
28548, 3818
3818, 28644
31856, 3819
14164, 3819
24638, 3819
3819, 42032
42110, 3820
3820, 33483
44505, 3821
3821, 28803
42110, 3822
3822, 16213
14119, 3823
3823, 15985
39854, 3824
3824, 32760
42110, 3825
3825, 17002
42110, 3826
3826, 23111
38829, 3827
3827, 33409
18207, 3828
3828, 41681
3828, 38784
45205, 3829
3829, 31640
42110, 3830
3830, 23372
42110, 3831
3831, 19591
43271, 3832
3832, 46045
16244, 3833
3833, 26072
42110, 3834
3834, 24702
22593, 3835
3835, 45471
30935, 3836
3836, 30619
42110, 3837
3837, 28311
42110, 3838
3838, 27370
13184, 3839
24792, 3839
3839, 27382
29405, 3840
3840, 19686
36685, 3841
3841, 48371
42110, 3842
3842, 19287
43478, 3843
20002, 3843
3843, 19302
3843, 17012
25785, 3844
3844, 36086
42110, 3845
3845, 45968
33283, 3846
3846, 44750
38202, 3847
17020, 3847
3847, 18359
13086, 3848
3848, 26111
38378, 3849
3849, 31333
3849, 34019
3849, 35178
3849, 34208
30251, 3850
3850, 33892
3850, 29566
3850, 45106
15897, 3851
3851, 35497
42110, 3852
3852, 46181
41911, 3853
3853, 48646
3853, 40446
27791, 3854
3854, 36593
42110, 3855
3855, 26934
25683, 3856
3856, 37616
44588, 3857
3857, 17914
3857, 12438
3857, 15160
24174, 3858
3858, 26799
47192, 3859
3859, 28592
3859, 17216
3859, 34234
3859, 41391
36465, 3860
3860, 27996
3860, 24389
3860, 17654
42110, 3861
3861, 22829
23475, 3862
17154, 3862
46689, 3862
18247, 3862
29665, 3862
32040, 3862
40707, 3862
39466, 3862
3862, 29063
3862, 24987
26777, 3863
3863, 47615
42110, 3864
3864, 15498
28669, 3865
3865, 24046
22673, 3866
3866, 26451
3866, 37290
40226, 3867
26635, 3867
25038, 3867
36235, 3867
15615, 3867
34501, 3867
41974, 3867
43280, 3867
15176, 3867
16490, 3867
3867, 41759
13165, 3868
3868, 39072
15361, 3869
3869, 16360
42174, 3870
3870, 16483
12480, 3871
3871, 31310
46806, 3872
3872, 46107
40929, 3873
45806, 3873
33778, 3873
40024, 3873
46591, 3873
45736, 3873
17435, 3873
42277, 3873
3873, 43767
25202, 3874
37693, 3874
3874, 45432
43872, 3875
3875, 36690
36465, 3876
3876, 26264
3876, 39319
35042, 3877
33646, 3877
41727, 3877
13677, 3877
41460, 3877
17502, 3877
42315, 3877
3877, 17400
17315, 3878
3878, 13763
36523, 3879
46631, 3879
12779, 3879
46708, 3879
28588, 3879
29578, 3879
13805, 3879
27634, 3879
48137, 3879
3879, 29820
33771, 3880
22301, 3880
31654, 3880
3880, 19041
15799, 3881
3881, 43857
17141, 3882
14241, 3882
33057, 3882
3882, 23189
36058, 3883
3883, 22607
42110, 3884
3884, 15208
35025, 3885
3885, 37047
44815, 3886
3886, 18132
3886, 15866
42110, 3887
3887, 14306
21459, 3888
3888, 29043
42110, 3889
3889, 33679
36465, 3890
3890, 43651
39908, 3891
3891, 47490
3891, 27401
43889, 3892
3892, 23812
29846, 3893
3893, 44551
3893, 16462
3893, 28455
3893, 32072
42110, 3894
3894, 24301
35835, 3895
18150, 3895
12908, 3895
26534, 3895
22231, 3895
44581, 3895
28978, 3895
46184, 3895
20760, 3895
21788, 3895
19320, 3895
3895, 48156
17777, 3896
3896, 18239
41131, 3897
3897, 47601
36465, 3898
3898, 15873
17942, 3899
12443, 3899
37768, 3899
13461, 3899
36762, 3899
45349, 3899
35779, 3899
14950, 3899
43642, 3899
21863, 3899
13788, 3899
38150, 3899
30275, 3899
21309, 3899
45012, 3899
16087, 3899
45244, 3899
32267, 3899
40159, 3899
26859, 3899
13974, 3899
40943, 3899
48271, 3899
25967, 3899
19254, 3899
47028, 3899
25278, 3899
25692, 3899
26200, 3899
46803, 3899
24598, 3899
15167, 3899
37708, 3899
32240, 3899
47467, 3899
32598, 3899
31216, 3899
47787, 3899
18075, 3899
15483, 3899
44454, 3899
38282, 3899
44789, 3899
40928, 3899
22109, 3899
39062, 3899
19816, 3899
16647, 3899
14033, 3899
41121, 3899
48552, 3899
39601, 3899
24396, 3899
37106, 3899
30877, 3899
46775, 3899
38896, 3899
43266, 3899
21497, 3899
25216, 3899
38483, 3899
14951, 3899
41080, 3899
15944, 3899
47887, 3899
40368, 3899
44170, 3899
25628, 3899
34939, 3899
32867, 3899
29801, 3899
30196, 3899
43341, 3899
22236, 3899
40684, 3899
21798, 3899
18981, 3899
41996, 3899
24202, 3899
27719, 3899
31077, 3899
21888, 3899
32872, 3899
33212, 3899
22770, 3899
22367, 3899
17904, 3899
48017, 3899
43682, 3899
28635, 3899
26819, 3899
28169, 3899
20505, 3899
47697, 3899
35721, 3899
27596, 3899
41658, 3899
44880, 3899
12539, 3899
40860, 3899
19071, 3899
26278, 3899
33810, 3899
28833, 3899
33627, 3899
17654, 3899
37284, 3899
39212, 3899
26917, 3899
33505, 3899
40163, 3899
44415, 3899
19267, 3899
26897, 3899
39388, 3899
38968, 3899
19870, 3899
33404, 3899
36932, 3899
19172, 3899
33695, 3899
14980, 3899
16145, 3899
32415, 3899
17195, 3899
25577, 3899
13689, 3899
21023, 3899
48582, 3899
38766, 3899
28014, 3899
33639, 3899
17475, 3899
19537, 3899
39652, 3899
23189, 3899
29783, 3899
21264, 3899
48705, 3899
20767, 3899
44114, 3899
42473, 3899
3899, 46806
3899, 40741
21331, 3900
3900, 12373
32350, 3901
3901, 27750
17124, 3902
47931, 3902
3902, 20253
46721, 3903
24770, 3903
40214, 3903
47036, 3903
3903, 27180
18926, 3904
3904, 24062
3904, 29869
3904, 45422
3904, 12313
3904, 38702
3904, 47010
34891, 3905
3905, 33453
3905, 12856
3905, 40559
3905, 15527
3905, 23189
26748, 3906
3906, 38808
41219, 3907
3907, 44724
17742, 3908
29794, 3908
19413, 3908
29411, 3908
47755, 3908
41921, 3908
26451, 3908
36030, 3908
12370, 3908
22257, 3908
40178, 3908
44691, 3908
39372, 3908
12313, 3908
36653, 3908
29785, 3908
43464, 3908
27113, 3908
12476, 3908
13761, 3908
33784, 3908
45061, 3908
36878, 3908
33346, 3908
43817, 3908
20391, 3908
46753, 3908
41427, 3908
12681, 3908
17306, 3908
45881, 3908
24474, 3908
21063, 3908
37780, 3908
43757, 3908
18133, 3908
15910, 3908
21989, 3908
44297, 3908
22027, 3908
37770, 3908
35791, 3908
31691, 3908
37405, 3908
41892, 3908
19822, 3908
25655, 3908
40035, 3908
26520, 3908
18118, 3908
32323, 3908
33800, 3908
39443, 3908
27783, 3908
45390, 3908
45964, 3908
16416, 3908
42937, 3908
14410, 3908
28421, 3908
20098, 3908
16296, 3908
29499, 3908
16257, 3908
41582, 3908
41942, 3908
42561, 3908
26609, 3908
43003, 3908
37980, 3908
12858, 3908
39919, 3908
44587, 3908
36031, 3908
22152, 3908
38117, 3908
42334, 3908
46966, 3908
45695, 3908
36088, 3908
32684, 3908
24095, 3908
42240, 3908
32525, 3908
14155, 3908
27157, 3908
26070, 3908
40303, 3908
36584, 3908
25515, 3908
22025, 3908
15319, 3908
30165, 3908
36692, 3908
27982, 3908
45652, 3908
33476, 3908
37982, 3908
38377, 3908
32065, 3908
27253, 3908
40559, 3908
23665, 3908
21965, 3908
19633, 3908
39004, 3908
23506, 3908
35507, 3908
34073, 3908
21039, 3908
12748, 3908
16661, 3908
12421, 3908
46959, 3908
26228, 3908
44274, 3908
41815, 3908
28731, 3908
27105, 3908
26473, 3908
22956, 3908
21795, 3908
38420, 3908
48596, 3908
24233, 3908
19270, 3908
24441, 3908
18739, 3908
30087, 3908
38800, 3908
39573, 3908
38382, 3908
46003, 3908
31310, 3908
15780, 3908
17960, 3908
14815, 3908
47398, 3908
20796, 3908
28087, 3908
14110, 3908
23864, 3908
23719, 3908
48453, 3908
3908, 42110
12631, 3909
18784, 3909
3909, 14619
18119, 3910
3910, 14114
19830, 3911
3911, 37965
46294, 3912
3912, 27873
39672, 3913
3913, 40638
3913, 42081
16799, 3914
23798, 3914
14784, 3914
27330, 3914
27021, 3914
20462, 3914
3914, 13312
43438, 3915
3915, 27113
42110, 3916
3916, 35931
35379, 3917
3917, 44155
28109, 3918
3918, 39821
3918, 18208
3918, 35956
3918, 36865
3918, 27783
3918, 25545
3918, 16152
48002, 3919
3919, 37138
27718, 3920
3920, 37790
22338, 3921
3921, 46162
47855, 3922
3922, 40897
31723, 3923
13101, 3923
29225, 3923
3923, 46813
22900, 3924
14102, 3924
3924, 47403
46806, 3925
3925, 22216
32578, 3926
3926, 17512
34882, 3927
3927, 16620
3927, 16159
13165, 3928
3928, 15007
3928, 26232
46806, 3929
3929, 14807
41217, 3930
39003, 3930
3930, 33116
38494, 3931
3931, 29196
3931, 28992
3931, 38085
3931, 47678
3931, 17080
38460, 3932
3932, 31156
31991, 3933
3933, 43142
12513, 3934
3934, 34238
22876, 3935
3935, 23236
3935, 32631
42110, 3936
3936, 31305
37171, 3937
3937, 33949
25540, 3938
3938, 19523
24956, 3939
3939, 40275
3939, 36979
3939, 43556
45205, 3940
3940, 24159
3940, 23961
42110, 3941
3941, 32883
44597, 3942
33628, 3942
3942, 36428
20705, 3943
3943, 35376
18597, 3944
19451, 3944
3944, 22777
3944, 18014
22429, 3945
3945, 47733
44850, 3946
3946, 37750
44431, 3947
33896, 3947
42568, 3947
45734, 3947
43982, 3947
27355, 3947
44068, 3947
22386, 3947
44764, 3947
3947, 18321
42132, 3948
3948, 38689
26355, 3949
3949, 30575
46859, 3950
3950, 48266
46806, 3951
3951, 23143
22291, 3952
3952, 36476
3952, 42805
23166, 3953
3953, 27148
3953, 28585
3953, 33388
3953, 17935
30921, 3954
3954, 28650
41550, 3955
3955, 32881
42110, 3956
3956, 17224
42110, 3957
3957, 28425
27310, 3958
30580, 3958
36527, 3958
19628, 3958
3958, 19296
41409, 3959
26000, 3959
3959, 18445
41736, 3960
3960, 48259
45667, 3961
3961, 24189
31059, 3962
3962, 17606
18884, 3963
22551, 3963
23150, 3963
3963, 13938
3963, 26415
3963, 45334
3963, 33055
3963, 33433
39631, 3964
17554, 3964
16457, 3964
3964, 43037
23430, 3965
3965, 32745
14546, 3966
3966, 47823
35308, 3967
15078, 3967
27063, 3967
40119, 3967
33528, 3967
38206, 3967
45972, 3967
15023, 3967
22416, 3967
19676, 3967
15136, 3967
37642, 3967
30258, 3967
16317, 3967
17386, 3967
44551, 3967
18469, 3967
17641, 3967
20709, 3967
42836, 3967
32154, 3967
35258, 3967
47517, 3967
20880, 3967
40606, 3967
14826, 3967
48519, 3967
47436, 3967
41641, 3967
31891, 3967
38462, 3967
45050, 3967
23093, 3967
15755, 3967
33496, 3967
19132, 3967
16462, 3967
44056, 3967
12362, 3967
26483, 3967
38873, 3967
37727, 3967
23468, 3967
42815, 3967
18562, 3967
31185, 3967
16001, 3967
16983, 3967
20098, 3967
33479, 3967
39444, 3967
45537, 3967
12678, 3967
14710, 3967
31448, 3967
41937, 3967
36469, 3967
43759, 3967
20566, 3967
28455, 3967
28004, 3967
46649, 3967
20360, 3967
31176, 3967
30557, 3967
36810, 3967
16129, 3967
43307, 3967
14056, 3967
40107, 3967
15924, 3967
17963, 3967
22371, 3967
47913, 3967
35146, 3967
38370, 3967
37544, 3967
24046, 3967
17498, 3967
33870, 3967
35270, 3967
46342, 3967
15985, 3967
25015, 3967
25565, 3967
28149, 3967
12865, 3967
18821, 3967
32980, 3967
47010, 3967
47139, 3967
46469, 3967
22602, 3967
29604, 3967
35470, 3967
43002, 3967
40161, 3967
23968, 3967
18457, 3967
48232, 3967
21476, 3967
16014, 3967
15537, 3967
31809, 3967
36054, 3967
41391, 3967
13036, 3967
39274, 3967
36476, 3967
28346, 3967
17514, 3967
44007, 3967
32072, 3967
36984, 3967
17878, 3967
18591, 3967
47154, 3967
35825, 3967
14138, 3967
20346, 3967
36926, 3967
40524, 3967
20596, 3967
42379, 3967
40003, 3967
31156, 3967
3967, 42110
41031, 3968
3968, 19015
14344, 3969
3969, 39586
3969, 36403
3969, 36287
23078, 3970
3970, 19187
3970, 36571
3970, 44766
3970, 21965
18869, 3971
3971, 25329
13757, 3972
3972, 20280
3972, 20850
3972, 47755
3972, 35374
3972, 21063
3972, 47970
16244, 3973
3973, 30217
40821, 3974
44427, 3974
25746, 3974
3974, 18498
16244, 3975
3975, 22371
20452, 3976
31345, 3976
3976, 37435
3976, 17166
23850, 3977
3977, 21699
46595, 3978
3978, 47625
26976, 3979
3979, 23684
33683, 3980
3980, 45281
48158, 3981
3981, 35717
38829, 3982
3982, 43752
20384, 3983
3983, 36553
35256, 3984
3984, 46004
21014, 3985
3985, 22787
45951, 3986
3986, 17297
23499, 3987
46260, 3987
23912, 3987
17053, 3987
44049, 3987
21380, 3987
39018, 3987
21927, 3987
34167, 3987
44657, 3987
27890, 3987
28774, 3987
12567, 3987
47063, 3987
35945, 3987
15334, 3987
36037, 3987
17423, 3987
29887, 3987
23692, 3987
22299, 3987
41365, 3987
35531, 3987
42591, 3987
20045, 3987
48021, 3987
32990, 3987
19739, 3987
25115, 3987
34101, 3987
13368, 3987
34787, 3987
13354, 3987
36036, 3987
20362, 3987
33746, 3987
41949, 3987
48335, 3987
14467, 3987
40863, 3987
32705, 3987
43047, 3987
29054, 3987
42270, 3987
46535, 3987
45376, 3987
16549, 3987
24370, 3987
48565, 3987
46243, 3987
32118, 3987
28381, 3987
25468, 3987
20174, 3987
47032, 3987
25654, 3987
30591, 3987
17815, 3987
48641, 3987
26707, 3987
41069, 3987
32166, 3987
43963, 3987
29590, 3987
17058, 3987
41752, 3987
33890, 3987
41848, 3987
37619, 3987
35062, 3987
43711, 3987
37874, 3987
43458, 3987
24000, 3987
28668, 3987
15155, 3987
21290, 3987
28079, 3987
26990, 3987
46495, 3987
47646, 3987
41604, 3987
15577, 3987
13641, 3987
33403, 3987
43317, 3987
31130, 3987
47282, 3987
16783, 3987
37186, 3987
13979, 3987
47964, 3987
41171, 3987
21003, 3987
20648, 3987
35102, 3987
40362, 3987
33139, 3987
21743, 3987
27929, 3987
22222, 3987
31231, 3987
36319, 3987
41205, 3987
35472, 3987
38787, 3987
15467, 3987
36263, 3987
20755, 3987
14010, 3987
12556, 3987
28684, 3987
39298, 3987
31919, 3987
39656, 3987
47022, 3987
25381, 3987
16399, 3987
38610, 3987
41679, 3987
22704, 3987
36669, 3987
32160, 3987
36397, 3987
28185, 3987
30483, 3987
25529, 3987
19068, 3987
48407, 3987
37460, 3987
41898, 3987
22196, 3987
36652, 3987
40884, 3987
46527, 3987
34311, 3987
36750, 3987
36967, 3987
32978, 3987
23643, 3987
42595, 3987
26103, 3987
48133, 3987
38587, 3987
27970, 3987
17223, 3987
37374, 3987
16023, 3987
29730, 3987
45164, 3987
38962, 3987
21570, 3987
34397, 3987
44721, 3987
32324, 3987
25552, 3987
35135, 3987
22135, 3987
14603, 3987
19866, 3987
44483, 3987
32289, 3987
22426, 3987
16342, 3987
42278, 3987
20818, 3987
40301, 3987
37223, 3987
38574, 3987
34858, 3987
17769, 3987
25041, 3987
22230, 3987
28715, 3987
17816, 3987
28696, 3987
29365, 3987
36173, 3987
47656, 3987
35414, 3987
19662, 3987
17323, 3987
27226, 3987
41309, 3987
26779, 3987
28275, 3987
27811, 3987
24464, 3987
3987, 34226
40352, 3988
23146, 3988
18706, 3988
3988, 24338
3988, 22564
46806, 3989
3989, 44358
47396, 3990
3990, 21541
37575, 3991
23553, 3991
46599, 3991
36479, 3991
13120, 3991
36069, 3991
16704, 3991
21941, 3991
14394, 3991
25807, 3991
16745, 3991
27352, 3991
25308, 3991
33728, 3991
14412, 3991
23989, 3991
20589, 3991
31038, 3991
22186, 3991
29100, 3991
37381, 3991
32375, 3991
34043, 3991
34913, 3991
39746, 3991
46370, 3991
26690, 3991
34012, 3991
19666, 3991
16192, 3991
44102, 3991
35811, 3991
19480, 3991
44857, 3991
22738, 3991
24064, 3991
21395, 3991
30166, 3991
17104, 3991
41637, 3991
24116, 3991
39564, 3991
31452, 3991
45529, 3991
19847, 3991
47899, 3991
31602, 3991
26382, 3991
43538, 3991
17992, 3991
38071, 3991
43706, 3991
12453, 3991
38075, 3991
3991, 25897
3991, 24716
3991, 45080
47575, 3992
27757, 3992
3992, 30181
23430, 3993
3993, 47930
46678, 3994
3994, 48582
32795, 3995
21336, 3995
43754, 3995
48319, 3995
22006, 3995
47327, 3995
29742, 3995
20748, 3995
44333, 3995
48278, 3995
3995, 31221
18605, 3996
36241, 3996
18083, 3996
37914, 3996
29754, 3996
31151, 3996
21542, 3996
42738, 3996
3996, 14415
3996, 32489
3996, 19405
3996, 14240
30347, 3997
37817, 3997
34642, 3997
3997, 21044
38102, 3998
3998, 36399
3998, 38420
46163, 3999
3999, 40982
3999, 36295
3999, 17650
3999, 20342
3999, 35425
3999, 39046
3999, 30094
3999, 23816
3999, 29204
3999, 42021
3999, 16269
3999, 24498
3999, 22461
3999, 25441
3999, 44249
3999, 39353
3999, 41640
3999, 27975
3999, 39094
3999, 44785
3999, 34822
3999, 35885
3999, 17200
3999, 41222
3999, 44846
3999, 29027
3999, 40001
3999, 42458
32815, 4000
4000, 17265
4000, 32274
15073, 4001
4001, 36210
43027, 4002
4002, 25430
14520, 4003
4003, 31101
4003, 22888
42935, 4004
4004, 38847
26619, 4005
4005, 47592
48456, 4006
4006, 35186
4006, 17439
38687, 4007
4007, 19766
44428, 4008
18389, 4008
4008, 40609
16250, 4009
38876, 4009
13123, 4009
47428, 4009
36095, 4009
29278, 4009
13754, 4009
22746, 4009
46136, 4009
24366, 4009
27375, 4009
46899, 4009
43151, 4009
15154, 4009
39752, 4009
21342, 4009
4009, 17302
42118, 4010
4010, 16310
4010, 40035
4010, 14838
4010, 44274
32578, 4011
4011, 24424
42110, 4012
4012, 34895
42110, 4013
4013, 45789
24611, 4014
4014, 40985
4014, 18132
4014, 41137
19564, 4015
4015, 23835
18182, 4016
4016, 22266
36143, 4017
4017, 39835
4017, 24290
4017, 26059
4017, 22861
4017, 22428
4017, 19812
42110, 4018
4018, 25124
29246, 4019
4019, 16631
35415, 4020
19766, 4020
29030, 4020
35872, 4020
42367, 4020
17351, 4020
15370, 4020
20762, 4020
34887, 4020
16913, 4020
4020, 46806
4020, 22015
28256, 4021
4021, 29702
41721, 4022
15016, 4022
33176, 4022
18577, 4022
4022, 12798
4022, 29566
4022, 19405
4022, 33190
43958, 4023
4023, 34841
4023, 18054
4023, 23457
4023, 25046
38510, 4024
4024, 47212
19406, 4025
4025, 45795
42110, 4026
4026, 22252
23170, 4027
4027, 47637
4027, 22524
4027, 16001
23765, 4028
4028, 46609
37428, 4029
4029, 45878
43426, 4030
4030, 42273
23731, 4031
4031, 17548
36465, 4032
4032, 27996
42110, 4033
4033, 29937
46771, 4034
4034, 13857
38738, 4035
4035, 27742
36465, 4036
4036, 45039
42110, 4037
4037, 36294
15227, 4038
46566, 4038
25336, 4038
27498, 4038
39499, 4038
4038, 14629
4038, 15574
43872, 4039
4039, 36690
34890, 4040
4040, 19017
17828, 4041
4041, 39821
4041, 24393
4041, 36496
46806, 4042
4042, 48596
35750, 4043
4043, 40897
25640, 4044
14074, 4044
24690, 4044
21538, 4044
47394, 4044
38774, 4044
17080, 4044
28970, 4044
42704, 4044
12823, 4044
32039, 4044
12957, 4044
40119, 4044
26191, 4044
19887, 4044
22097, 4044
28718, 4044
42618, 4044
42012, 4044
44202, 4044
35600, 4044
39052, 4044
28889, 4044
19074, 4044
31389, 4044
19026, 4044
43488, 4044
34755, 4044
14764, 4044
36640, 4044
44231, 4044
19884, 4044
35374, 4044
13178, 4044
27194, 4044
18065, 4044
35407, 4044
18049, 4044
44015, 4044
45239, 4044
24797, 4044
26643, 4044
48519, 4044
20742, 4044
41681, 4044
27694, 4044
46169, 4044
40925, 4044
25924, 4044
38532, 4044
21772, 4044
34079, 4044
15671, 4044
34381, 4044
31691, 4044
29037, 4044
32308, 4044
29689, 4044
34726, 4044
15275, 4044
21868, 4044
36121, 4044
33496, 4044
35860, 4044
15476, 4044
28144, 4044
28244, 4044
33388, 4044
36043, 4044
31616, 4044
47343, 4044
46947, 4044
41116, 4044
21916, 4044
16416, 4044
18562, 4044
48692, 4044
24069, 4044
39007, 4044
17404, 4044
22934, 4044
33236, 4044
31772, 4044
33198, 4044
39559, 4044
22341, 4044
12669, 4044
39756, 4044
20550, 4044
34521, 4044
44486, 4044
38879, 4044
31917, 4044
35395, 4044
39596, 4044
13460, 4044
14763, 4044
46217, 4044
24046, 4044
48085, 4044
44622, 4044
41269, 4044
14783, 4044
24633, 4044
17979, 4044
45794, 4044
15715, 4044
38936, 4044
14838, 4044
15844, 4044
39679, 4044
26005, 4044
19470, 4044
37616, 4044
37357, 4044
23413, 4044
14815, 4044
37244, 4044
33339, 4044
19749, 4044
27401, 4044
15750, 4044
14799, 4044
37967, 4044
32065, 4044
17960, 4044
25365, 4044
27741, 4044
20596, 4044
30313, 4044
35783, 4044
41690, 4044
22710, 4044
32380, 4044
43864, 4044
22071, 4044
15042, 4044
32288, 4044
33691, 4044
31221, 4044
19505, 4044
13446, 4044
23590, 4044
38457, 4044
23506, 4044
25833, 4044
12625, 4044
27664, 4044
44903, 4044
24090, 4044
41279, 4044
35274, 4044
39243, 4044
30803, 4044
26057, 4044
37308, 4044
23766, 4044
44258, 4044
4044, 42110
39064, 4045
15861, 4045
4045, 43643
43846, 4046
4046, 24356
34559, 4047
4047, 46812
4047, 27278
42110, 4048
4048, 44688
25759, 4049
4049, 40931
25162, 4050
4050, 34306
4050, 47035
16107, 4051
4051, 15905
46806, 4052
4052, 13157
23900, 4053
4053, 36195
42110, 4054
4054, 29966
25601, 4055
4055, 39729
31496, 4056
4056, 47504
42110, 4057
4057, 20203
42110, 4058
4058, 42742
38087, 4059
4059, 20113
31250, 4060
35763, 4060
4060, 19284
40375, 4061
4061, 47615
23985, 4062
4062, 21525
19934, 4063
4063, 17811
36465, 4064
4064, 32932
18163, 4065
23990, 4065
4065, 38867
47833, 4066
4066, 17386
4066, 18469
4066, 16001
4066, 25565
42110, 4067
4067, 28719
35054, 4068
4068, 23273
42110, 4069
4069, 33086
36465, 4070
4070, 39890
46806, 4071
4071, 41625
31900, 4072
4072, 14218
42110, 4073
4073, 13317
43996, 4074
4074, 26657
22125, 4075
4075, 45909
14243, 4076
4076, 40171
32992, 4077
4077, 30258
42110, 4078
4078, 42913
36465, 4079
4079, 27996
25696, 4080
4080, 22953
37882, 4081
4081, 19870
33597, 4082
4082, 27148
4082, 14283
4082, 45482
22296, 4083
39207, 4083
4083, 42629
27412, 4084
4084, 39630
33309, 4085
4085, 44346
30584, 4086
43793, 4086
4086, 12316
42110, 4087
4087, 32262
14595, 4088
4088, 33326
42110, 4089
4089, 19528
32878, 4090
4090, 37254
42110, 4091
4091, 35615
30536, 4092
4092, 45332
19852, 4093
4093, 13771
41047, 4094
4094, 33674
12373, 4095
22216, 4095
22722, 4095
38593, 4095
29936, 4095
33191, 4095
12555, 4095
4095, 17302
24001, 4096
4096, 30610
32383, 4097
4097, 19561
46806, 4098
4098, 47343
29555, 4099
27212, 4099
4099, 39665
21457, 4100
4100, 39625
30956, 4101
4101, 13266
4101, 19438
25002, 4102
4102, 27023
39798, 4103
4103, 22217
27851, 4104
4104, 16070
17889, 4105
4105, 34653
41951, 4106
4106, 48583
46806, 4107
4107, 15051
45014, 4108
4108, 38543
34950, 4109
4109, 31775
45506, 4110
4110, 30258
19954, 4111
30552, 4111
4111, 39066
4111, 20404
41445, 4112
4112, 21042
46057, 4113
29700, 4113
37934, 4113
4113, 18788
44438, 4114
26029, 4114
4114, 22698
47699, 4115
4115, 46649
16256, 4116
44582, 4116
32607, 4116
4116, 27378
13997, 4117
4117, 26191
46417, 4118
4118, 40229
35301, 4119
24717, 4119
15930, 4119
25279, 4119
31324, 4119
17773, 4119
4119, 34128
46806, 4120
4120, 22647
28551, 4121
33606, 4121
4121, 28887
42110, 4122
4122, 42567
43296, 4123
22708, 4123
20233, 4123
36083, 4123
36516, 4123
4123, 27852
28222, 4124
4124, 40093
20950, 4125
4125, 17228
43145, 4126
4126, 19335
21422, 4127
14212, 4127
15857, 4127
18316, 4127
35107, 4127
13586, 4127
13278, 4127
4127, 33295
42563, 4128
4128, 48232
17705, 4129
46382, 4129
19405, 4129
4129, 40130
31361, 4130
4130, 20922
17412, 4131
4131, 42104
18185, 4132
4132, 17990
37499, 4133
4133, 37197
4133, 31093
4133, 33330
40650, 4134
4134, 16631
44837, 4135
4135, 25247
29992, 4136
4136, 47615
19635, 4137
15144, 4137
36123, 4137
34512, 4137
22822, 4137
4137, 34273
13355, 4138
4138, 24477
4138, 22246
4138, 43880
39803, 4139
17327, 4139
4139, 30870
42110, 4140
4140, 46234
45205, 4141
4141, 33389
36014, 4142
4142, 44684
4142, 37556
4142, 23877
22254, 4143
41570, 4143
20852, 4143
47168, 4143
22661, 4143
19940, 4143
24427, 4143
44371, 4143
47084, 4143
4143, 33608
4143, 33841
38823, 4144
4144, 23506
4144, 16386
43774, 4145
44803, 4145
4145, 35444
19235, 4146
4146, 19119
4146, 27080
32094, 4147
18681, 4147
4147, 32415
30863, 4148
4148, 26050
20472, 4149
4149, 17155
36465, 4150
4150, 27996
36465, 4151
4151, 27996
4151, 44279
18580, 4152
4152, 46249
34140, 4153
4153, 17570
20963, 4154
4154, 40771
17703, 4155
4155, 12827
13226, 4156
4156, 22136
42110, 4157
4157, 16331
42110, 4158
4158, 22055
17687, 4159
32535, 4159
16434, 4159
36467, 4159
31149, 4159
35379, 4159
4159, 45329
33188, 4160
4160, 29182
42690, 4161
34662, 4161
39696, 4161
46167, 4161
32958, 4161
14444, 4161
14351, 4161
4161, 29320
40870, 4162
4162, 33705
17005, 4163
25704, 4163
47937, 4163
4163, 46697
33537, 4164
4164, 48017
21030, 4165
4165, 36990
27032, 4166
4166, 14457
36837, 4167
4167, 35969
19259, 4168
4168, 24926
4168, 29942
4168, 25551
46849, 4169
4169, 14923
27424, 4170
4170, 35052
30161, 4171
4171, 40113
4171, 33654
22926, 4172
4172, 13486
13783, 4173
34137, 4173
43264, 4173
4173, 43689
48680, 4174
4174, 41937
45838, 4175
4175, 21050
4175, 33496
4175, 33765
4175, 41224
4175, 14917
4175, 18821
4175, 47368
15689, 4176
4176, 15071
16722, 4177
4177, 24886
32903, 4178
4178, 30292
42110, 4179
4179, 19594
44087, 4180
44534, 4180
4180, 26229
4180, 20685
30495, 4181
4181, 47755
4181, 46037
4181, 38644
4181, 35753
4181, 20592
48016, 4182
4182, 14674
46164, 4183
4183, 43305
17996, 4184
4184, 46428
4184, 15319
4184, 17979
4184, 16356
31805, 4185
4185, 30942
25068, 4186
4186, 34884
4186, 39407
46806, 4187
4187, 40161
37288, 4188
44310, 4188
12734, 4188
4188, 24655
17763, 4189
4189, 43137
42110, 4190
4190, 25788
19769, 4191
4191, 16416
4191, 43546
40656, 4192
4192, 32906
46806, 4193
4193, 29468
4193, 36326
41818, 4194
4194, 28914
18665, 4195
4195, 38136
4195, 14705
4195, 41681
36465, 4196
4196, 27996
44057, 4197
4197, 21795
31059, 4198
4198, 26962
39744, 4199
4199, 28190
41951, 4200
4200, 25230
40231, 4201
4201, 18348
42110, 4202
4202, 43428
42110, 4203
4203, 20057
44601, 4204
32463, 4204
27023, 4204
27599, 4204
19592, 4204
4204, 29622
13634, 4205
25746, 4205
28699, 4205
45210, 4205
4205, 42808
4205, 22120
19014, 4206
4206, 32525
4206, 27982
4206, 19633
46448, 4207
4207, 31645
4207, 43143
4207, 28884
4207, 38883
4207, 40640
4207, 32030
4207, 42448
4207, 43109
4207, 35934
4207, 36948
4207, 24458
4207, 26158
4207, 32867
4207, 16307
4207, 16406
4207, 23671
4207, 31385
4207, 22848
4207, 38224
4207, 37175
4207, 25967
4207, 27888
4207, 15819
4207, 44747
4207, 20315
4207, 43912
4207, 37543
4207, 46068
4207, 22598
23758, 4208
38802, 4208
4208, 47867
21368, 4209
4209, 26719
4209, 18254
43629, 4210
4210, 12717
4210, 26520
4210, 16257
45292, 4211
4211, 14037
4211, 20391
4211, 17132
4211, 23940
17387, 4212
4212, 42077
17627, 4213
4213, 45907
30791, 4214
4214, 31396
21294, 4215
36564, 4215
37750, 4215
27640, 4215
4215, 18098
35723, 4216
4216, 15666
24560, 4217
4217, 26486
39348, 4218
4218, 27802
16308, 4219
4219, 24750
13329, 4220
4220, 18669
41130, 4221
4221, 27223
15232, 4222
4222, 44308
47762, 4223
4223, 17676
42110, 4224
4224, 34133
41951, 4225
4225, 14025
32399, 4226
4226, 32121
32602, 4227
4227, 27756
4227, 17870
33400, 4228
4228, 38867
16244, 4229
4229, 21637
25408, 4230
4230, 26542
42110, 4231
4231, 39343
15123, 4232
4232, 13033
17947, 4233
16513, 4233
24682, 4233
37754, 4233
30012, 4233
35864, 4233
4233, 17942
43761, 4234
4234, 41790
4234, 48248
28820, 4235
4235, 19710
13318, 4236
4236, 37392
20394, 4237
4237, 28958
4237, 34881
36465, 4238
4238, 27996
28614, 4239
4239, 36855
46806, 4240
4240, 41662
42110, 4241
4241, 24742
41857, 4242
44656, 4242
4242, 16049
28245, 4243
4243, 38917
26585, 4244
4244, 26922
38537, 4245
4245, 17194
15993, 4246
28175, 4246
24587, 4246
40197, 4246
22662, 4246
21410, 4246
30478, 4246
32756, 4246
23820, 4246
31384, 4246
16442, 4246
40715, 4246
13943, 4246
14592, 4246
44264, 4246
14345, 4246
12527, 4246
22820, 4246
14880, 4246
27698, 4246
48184, 4246
20445, 4246
21964, 4246
38030, 4246
31831, 4246
22472, 4246
13327, 4246
37910, 4246
14873, 4246
44965, 4246
41504, 4246
17622, 4246
33009, 4246
43254, 4246
18308, 4246
16165, 4246
28634, 4246
30001, 4246
35787, 4246
22046, 4246
34731, 4246
30785, 4246
43190, 4246
47698, 4246
20148, 4246
13366, 4246
23357, 4246
27636, 4246
34536, 4246
12375, 4246
13733, 4246
23834, 4246
27922, 4246
48414, 4246
31125, 4246
15061, 4246
30788, 4246
33462, 4246
35019, 4246
19834, 4246
31739, 4246
24048, 4246
31480, 4246
39783, 4246
43441, 4246
47164, 4246
44532, 4246
45359, 4246
44299, 4246
46088, 4246
43147, 4246
14400, 4246
48179, 4246
47897, 4246
47968, 4246
16436, 4246
26880, 4246
21421, 4246
32690, 4246
27597, 4246
19708, 4246
42518, 4246
23795, 4246
37977, 4246
14618, 4246
42436, 4246
37034, 4246
26800, 4246
16479, 4246
18895, 4246
21740, 4246
19130, 4246
14267, 4246
23597, 4246
40639, 4246
20534, 4246
15711, 4246
47269, 4246
27798, 4246
18849, 4246
31994, 4246
37286, 4246
45441, 4246
28143, 4246
28813, 4246
20581, 4246
32921, 4246
21821, 4246
48563, 4246
14642, 4246
39777, 4246
44946, 4246
38743, 4246
37043, 4246
33393, 4246
48483, 4246
47686, 4246
14552, 4246
29018, 4246
22353, 4246
20077, 4246
17740, 4246
28717, 4246
46155, 4246
34011, 4246
16648, 4246
42485, 4246
23519, 4246
36912, 4246
32031, 4246
43430, 4246
39118, 4246
32646, 4246
4246, 29870
45506, 4247
32992, 4247
4247, 30258
38669, 4248
4248, 14890
4248, 46324
46806, 4249
4249, 17755
41695, 4250
4250, 34671
47260, 4251
4251, 15272
38262, 4252
4252, 28323
4252, 36321
22818, 4253
4253, 45144
24428, 4254
44089, 4254
47581, 4254
40963, 4254
48590, 4254
21102, 4254
14757, 4254
4254, 23444
42062, 4255
4255, 42115
28360, 4256
4256, 16945
4256, 24312
4256, 42073
4256, 35540
4256, 46705
4256, 23594
44214, 4257
40008, 4257
4257, 41424
4257, 27351
4257, 30637
18500, 4258
16989, 4258
4258, 35273
40993, 4259
4259, 48400
46806, 4260
4260, 23424
40983, 4261
12397, 4261
19429, 4261
47503, 4261
26767, 4261
4261, 16572
43589, 4262
4262, 35754
44758, 4263
4263, 46343
29555, 4264
32007, 4264
4264, 38788
34409, 4265
24497, 4265
44855, 4265
28254, 4265
31614, 4265
4265, 33503
20123, 4266
4266, 26949
4266, 33813
4266, 18861
20414, 4267
44182, 4267
42965, 4267
32059, 4267
17663, 4267
48029, 4267
45526, 4267
4267, 20853
26439, 4268
4268, 32811
42110, 4269
4269, 31284
21331, 4270
4270, 42060
33276, 4271
4271, 20841
45091, 4272
47989, 4272
41394, 4272
4272, 40894
21219, 4273
4273, 45732
4273, 34208
47699, 4274
4274, 22010
19008, 4275
4275, 47704
30132, 4276
4276, 31221
4276, 30066
26379, 4277
46422, 4277
4277, 48541
33301, 4278
4278, 39821
4278, 23853
27376, 4279
4279, 39752
30914, 4280
4280, 27812
48535, 4281
4281, 29443
22815, 4282
4282, 40928
36465, 4283
4283, 27996
4283, 19872
30692, 4284
4284, 47127
20696, 4285
14837, 4285
28780, 4285
4285, 15280
4285, 33022
12638, 4286
4286, 41248
42110, 4287
4287, 20386
31886, 4288
4288, 15191
38829, 4289
4289, 39268
36465, 4290
4290, 33754
32790, 4291
26803, 4291
4291, 15847
30707, 4292
21672, 4292
36943, 4292
4292, 35474
35038, 4293
4293, 22090
16366, 4294
18885, 4294
4294, 26604
4294, 45334
36465, 4295
4295, 30560
25179, 4296
4296, 32115
29431, 4297
4297, 47867
48463, 4298
4298, 30874
39313, 4299
29491, 4299
14785, 4299
15484, 4299
25974, 4299
20252, 4299
19569, 4299
43761, 4299
26582, 4299
17821, 4299
4299, 26219
4299, 32196
4299, 14995
4299, 40190
25179, 4300
4300, 23293
21484, 4301
4301, 16954
47575, 4302
4302, 33121
4302, 30958
38829, 4303
4303, 19383
42110, 4304
4304, 46726
47575, 4305
4305, 18071
45418, 4306
22817, 4306
31420, 4306
4306, 25655
4306, 25515
4306, 34033
39394, 4307
4307, 14299
42110, 4308
4308, 40810
17302, 4309
4309, 32123
43046, 4310
4310, 48088
27200, 4311
4311, 26332
34039, 4312
4312, 47905
15952, 4313
4313, 19132
4313, 12362
4313, 31185
4313, 12678
4313, 24046
4313, 40003
4313, 31156
27707, 4314
4314, 38038
36465, 4315
4315, 30560
30870, 4316
35178, 4316
4316, 19129
39895, 4317
4317, 48375
4317, 14689
4317, 24095
41951, 4318
4318, 31737
18141, 4319
4319, 21063
39858, 4320
38652, 4320
14294, 4320
36712, 4320
4320, 46517
25353, 4321
13611, 4321
20910, 4321
4321, 35120
39170, 4322
4322, 13763
38607, 4323
4323, 23738
4323, 37967
46601, 4324
47406, 4324
4324, 29832
46407, 4325
4325, 31404
16448, 4326
4326, 31586
33143, 4327
4327, 42183
4327, 19745
30536, 4328
4328, 33691
42110, 4329
4329, 38366
25759, 4330
4330, 39344
42091, 4331
4331, 47755
4331, 18821
4331, 42901
25321, 4332
4332, 29953
42110, 4333
4333, 18319
39849, 4334
4334, 39470
41951, 4335
4335, 40675
29626, 4336
4336, 31710
47959, 4337
47175, 4337
4337, 32035
4337, 25833
46806, 4338
4338, 33522
27373, 4339
4339, 45023
4339, 14917
4339, 13784
26316, 4340
4340, 43987
36616, 4341
4341, 25926
4341, 45690
38521, 4342
4342, 27655
46702, 4343
4343, 31333
4343, 44883
4343, 26811
4343, 16304
26303, 4344
4344, 47950
24147, 4345
4345, 16426
4345, 23006
4345, 32252
24817, 4346
4346, 39745
18773, 4347
4347, 27453
26327, 4348
4348, 32415
28426, 4349
4349, 35307
24375, 4350
4350, 37254
40999, 4351
34324, 4351
16504, 4351
4351, 46182
43850, 4352
4352, 27223
4352, 39243
16310, 4353
4353, 46147
19204, 4354
4354, 12952
46806, 4355
4355, 46590
4355, 13652
24627, 4356
4356, 33901
36465, 4357
4357, 27996
4357, 44453
35160, 4358
4358, 37092
36694, 4359
34033, 4359
17752, 4359
38198, 4359
32366, 4359
14070, 4359
4359, 17302
24449, 4360
4360, 44031
39838, 4361
4361, 44228
39077, 4362
16396, 4362
20921, 4362
4362, 29443
47981, 4363
24201, 4363
4363, 31616
4363, 39679
41951, 4364
4364, 19908
30102, 4365
4365, 27750
40102, 4366
4366, 35045
4366, 32631
27306, 4367
23077, 4367
4367, 37057
21600, 4368
25511, 4368
47872, 4368
28395, 4368
18032, 4368
34502, 4368
43788, 4368
25753, 4368
15992, 4368
43809, 4368
28372, 4368
25761, 4368
19402, 4368
39225, 4368
24027, 4368
20741, 4368
13390, 4368
37808, 4368
30658, 4368
47814, 4368
36619, 4368
47487, 4368
35385, 4368
23605, 4368
47893, 4368
19629, 4368
48551, 4368
43410, 4368
42313, 4368
44510, 4368
24175, 4368
24993, 4368
30089, 4368
25610, 4368
47402, 4368
31318, 4368
30138, 4368
27099, 4368
30940, 4368
33899, 4368
20775, 4368
14855, 4368
39941, 4368
20262, 4368
34336, 4368
37692, 4368
37636, 4368
48473, 4368
23794, 4368
47788, 4368
47324, 4368
27367, 4368
32896, 4368
28660, 4368
46607, 4368
29946, 4368
18435, 4368
41702, 4368
12415, 4368
37366, 4368
37533, 4368
28239, 4368
18397, 4368
15479, 4368
35603, 4368
23513, 4368
22998, 4368
36941, 4368
19782, 4368
37897, 4368
36226, 4368
31414, 4368
36348, 4368
19227, 4368
21679, 4368
34456, 4368
38463, 4368
18401, 4368
27129, 4368
43907, 4368
38068, 4368
29397, 4368
34943, 4368
32569, 4368
41941, 4368
31458, 4368
12511, 4368
17604, 4368
30438, 4368
33542, 4368
35128, 4368
42415, 4368
19455, 4368
17105, 4368
32848, 4368
4368, 12438
4368, 22985
4368, 38065
34714, 4369
4369, 29726
4369, 33676
37134, 4370
48121, 4370
4370, 18309
25634, 4371
4371, 13938
4371, 34110
47072, 4372
4372, 16937
38829, 4373
4373, 14204
45433, 4374
4374, 39562
31594, 4375
4375, 34137
13744, 4376
16717, 4376
4376, 19490
44335, 4377
4377, 20511
28603, 4378
18374, 4378
42073, 4378
4378, 35695
4378, 17019
26619, 4379
4379, 33667
31988, 4380
4380, 34238
19237, 4381
4381, 35905
15942, 4382
4382, 42833
4382, 48131
4382, 33654
23678, 4383
4383, 20241
4383, 39647
4383, 35072
47809, 4384
4384, 45972
4384, 47154
33140, 4385
4385, 25760
13229, 4386
4386, 32323
36314, 4387
4387, 21733
29557, 4388
28893, 4388
33798, 4388
13365, 4388
34494, 4388
25646, 4388
36258, 4388
4388, 40879
41127, 4389
4389, 36613
24986, 4390
4390, 35068
4390, 24471
4390, 31858
29382, 4391
4391, 27517
4391, 17514
4391, 22022
47862, 4392
4392, 15087
41951, 4393
4393, 19126
18564, 4394
4394, 44440
42110, 4395
4395, 42753
19542, 4396
4396, 15904
13944, 4397
4397, 45160
40565, 4398
4398, 25593
25507, 4399
4399, 17193
34497, 4400
4400, 28523
4400, 13321
4400, 23269
4400, 35418
42110, 4401
4401, 35964
45494, 4402
4402, 31221
38022, 4403
4403, 14054
35599, 4404
4404, 46534
17763, 4405
4405, 45689
4405, 34809
23445, 4406
4406, 31588
4406, 14783
21172, 4407
4407, 36575
4407, 26525
19273, 4408
47187, 4408
4408, 25282
41951, 4409
4409, 33349
44330, 4410
4410, 26720
12647, 4411
4411, 35716
42490, 4412
4412, 12827
33526, 4413
23972, 4413
31620, 4413
43652, 4413
21237, 4413
20226, 4413
37165, 4413
26960, 4413
41441, 4413
28067, 4413
24153, 4413
46632, 4413
29237, 4413
34252, 4413
39412, 4413
15980, 4413
31583, 4413
34027, 4413
41686, 4413
15018, 4413
35638, 4413
48574, 4413
42683, 4413
46432, 4413
14798, 4413
36699, 4413
15508, 4413
29586, 4413
46466, 4413
23948, 4413
27053, 4413
30900, 4413
16815, 4413
17917, 4413
19996, 4413
12492, 4413
38284, 4413
33764, 4413
25992, 4413
36297, 4413
32108, 4413
24708, 4413
39147, 4413
35742, 4413
44137, 4413
44865, 4413
34621, 4413
44116, 4413
40582, 4413
47333, 4413
23317, 4413
25145, 4413
22964, 4413
20418, 4413
32656, 4413
20774, 4413
18814, 4413
31423, 4413
23295, 4413
34557, 4413
28495, 4413
44849, 4413
29798, 4413
38360, 4413
47048, 4413
44682, 4413
26090, 4413
23699, 4413
34025, 4413
15820, 4413
29401, 4413
36739, 4413
38413, 4413
46280, 4413
17786, 4413
47741, 4413
26741, 4413
48392, 4413
37303, 4413
18366, 4413
36220, 4413
30445, 4413
38534, 4413
31075, 4413
30891, 4413
29072, 4413
40732, 4413
25476, 4413
33633, 4413
42319, 4413
34436, 4413
16834, 4413
36059, 4413
47831, 4413
23235, 4413
34193, 4413
43519, 4413
45291, 4413
20822, 4413
34885, 4413
15735, 4413
41987, 4413
12478, 4413
31679, 4413
4413, 24414
26122, 4414
30874, 4414
4414, 43924
46701, 4415
4415, 44179
21330, 4416
4416, 31333
4416, 32354
4416, 45390
4416, 15866
4416, 41690
42516, 4417
41202, 4417
4417, 37490
26369, 4418
4418, 30569
18215, 4419
4419, 35892
27818, 4420
4420, 31868
21621, 4421
4421, 41672
30899, 4422
4422, 36158
37526, 4423
4423, 19766
43088, 4424
4424, 18527
38088, 4425
4425, 44054
15146, 4426
4426, 44637
46806, 4427
4427, 32470
22707, 4428
4428, 32026
4428, 35576
4428, 45610
42110, 4429
4429, 39532
15663, 4430
32899, 4430
27993, 4430
45702, 4430
23080, 4430
18229, 4430
43081, 4430
25858, 4430
13803, 4430
48251, 4430
24335, 4430
17846, 4430
44423, 4430
31593, 4430
31167, 4430
39396, 4430
31039, 4430
24454, 4430
37296, 4430
37557, 4430
16263, 4430
36249, 4430
21669, 4430
32215, 4430
16933, 4430
36908, 4430
42617, 4430
33133, 4430
32661, 4430
28504, 4430
31825, 4430
14840, 4430
17665, 4430
32456, 4430
39575, 4430
21583, 4430
40043, 4430
21322, 4430
25528, 4430
42760, 4430
16918, 4430
31316, 4430
21734, 4430
13091, 4430
45621, 4430
20141, 4430
47814, 4430
43118, 4430
24621, 4430
36736, 4430
15620, 4430
29354, 4430
32584, 4430
23119, 4430
32376, 4430
47046, 4430
24176, 4430
23225, 4430
13230, 4430
40278, 4430
30278, 4430
33840, 4430
37217, 4430
18720, 4430
44897, 4430
35815, 4430
19127, 4430
40252, 4430
36651, 4430
16413, 4430
23305, 4430
21338, 4430
31395, 4430
24816, 4430
47400, 4430
20689, 4430
34717, 4430
14329, 4430
23806, 4430
31303, 4430
42814, 4430
39192, 4430
30054, 4430
29563, 4430
27173, 4430
35293, 4430
19732, 4430
13072, 4430
16061, 4430
47244, 4430
32526, 4430
33225, 4430
30602, 4430
43870, 4430
21871, 4430
42689, 4430
27317, 4430
32783, 4430
21926, 4430
18745, 4430
25233, 4430
38306, 4430
30166, 4430
41692, 4430
31565, 4430
48290, 4430
31577, 4430
27177, 4430
41135, 4430
37833, 4430
40312, 4430
47908, 4430
23140, 4430
41022, 4430
28006, 4430
19838, 4430
41354, 4430
41327, 4430
43779, 4430
15417, 4430
33173, 4430
24691, 4430
44854, 4430
17390, 4430
46975, 4430
16807, 4430
45751, 4430
12813, 4430
47362, 4430
46994, 4430
26142, 4430
28984, 4430
42450, 4430
25240, 4430
36026, 4430
32130, 4430
13466, 4430
19286, 4430
37415, 4430
31219, 4430
12431, 4430
40174, 4430
48494, 4430
22206, 4430
36829, 4430
32663, 4430
24208, 4430
31449, 4430
34831, 4430
28319, 4430
46317, 4430
35021, 4430
36605, 4430
14570, 4430
36764, 4430
44384, 4430
29253, 4430
23356, 4430
38594, 4430
15050, 4430
29629, 4430
20845, 4430
47693, 4430
4430, 19636
4430, 32330
4430, 23991
22664, 4431
4431, 36212
30342, 4432
4432, 36047
44542, 4433
4433, 24749
4433, 23409
17892, 4434
4434, 22434
4434, 14838
15205, 4435
4435, 35893
42177, 4436
4436, 48354
16630, 4437
4437, 30851
23867, 4438
4438, 44554
13909, 4439
20461, 4439
4439, 37100
42110, 4440
4440, 27101
19854, 4441
4441, 23251
34676, 4442
4442, 31684
38247, 4443
4443, 27343
42110, 4444
4444, 19287
41857, 4445
31419, 4445
4445, 16049
41029, 4446
4446, 20497
46724, 4447
4447, 26503
42110, 4448
4448, 18101
41885, 4449
4449, 32913
12502, 4450
4450, 35422
40285, 4451
4451, 23423
25461, 4452
4452, 46993
4452, 31921
4452, 25539
4452, 31644
36465, 4453
4453, 45033
17355, 4454
4454, 22350
31808, 4455
17077, 4455
4455, 15565
27635, 4456
4456, 19962
44596, 4457
4457, 37657
16611, 4458
4458, 26168
45505, 4459
4459, 40376
14622, 4460
4460, 35814
41885, 4461
4461, 32913
33624, 4462
4462, 33672
42110, 4463
4463, 12365
34423, 4464
4464, 30038
4464, 42342
42110, 4465
4465, 25406
36114, 4466
4466, 38099
20495, 4467
4467, 16295
45527, 4468
4468, 14415
23208, 4469
23282, 4469
13832, 4469
48098, 4469
47083, 4469
22923, 4469
32589, 4469
24305, 4469
35631, 4469
32698, 4469
23437, 4469
27643, 4469
21649, 4469
32155, 4469
33128, 4469
35255, 4469
37323, 4469
31456, 4469
28356, 4469
39016, 4469
31687, 4469
28030, 4469
28645, 4469
42129, 4469
13890, 4469
19370, 4469
28764, 4469
35438, 4469
31128, 4469
14839, 4469
26548, 4469
27014, 4469
23592, 4469
25219, 4469
13539, 4469
4469, 43633
36465, 4470
4470, 26264
4470, 19447
28183, 4471
4471, 36110
22656, 4472
4472, 39964
14487, 4473
4473, 45305
4473, 38942
4473, 27236
17943, 4474
4474, 12532
4474, 33054
4474, 12770
4474, 24046
42110, 4475
4475, 19287
20095, 4476
4476, 30249
42110, 4477
4477, 29619
47933, 4478
4478, 36186
13571, 4479
4479, 37146
4479, 12778
48119, 4480
4480, 25746
4480, 32380
38064, 4481
4481, 35022
4481, 43987
4481, 45452
4481, 23738
4481, 37070
26614, 4482
4482, 37805
24486, 4483
4483, 41530
42110, 4484
4484, 23748
16181, 4485
4485, 34243
38231, 4486
4486, 32659
42110, 4487
4487, 30227
41432, 4488
4488, 25450
46806, 4489
4489, 42633
4489, 22180
23131, 4490
4490, 18126
42110, 4491
4491, 21651
37260, 4492
4492, 15023
32117, 4493
4493, 43760
32566, 4494
4494, 47394
4494, 17870
4494, 17498
4494, 45471
4494, 15573
38829, 4495
4495, 43168
17274, 4496
31722, 4496
4496, 18972
4496, 39053
4496, 35860
32497, 4497
4497, 13674
4497, 34525
12312, 4498
4498, 22404
33469, 4499
20381, 4499
4499, 19766
20673, 4500
4500, 14826
4500, 47292
14445, 4501
4501, 45320
22628, 4502
4502, 24987
19450, 4503
41146, 4503
21136, 4503
4503, 19560
15633, 4504
4504, 13224
42110, 4505
4505, 28602
22396, 4506
4506, 34224
16634, 4507
26187, 4507
13273, 4507
4507, 25901
4507, 21173
46806, 4508
4508, 35913
21343, 4509
4509, 19686
17763, 4510
4510, 46809
4510, 21103
15084, 4511
4511, 32422
25913, 4512
4512, 32829
4512, 18627
4512, 20502
40694, 4513
23029, 4513
4513, 17169
36465, 4514
4514, 43952
46806, 4515
4515, 38714
4515, 13927
18007, 4516
4516, 28833
35701, 4517
4517, 22256
42110, 4518
4518, 42151
41012, 4519
4519, 24130
44000, 4520
35789, 4520
4520, 21023
41951, 4521
4521, 45518
13714, 4522
4522, 30135
4522, 33156
39387, 4523
34539, 4523
25573, 4523
4523, 27779
40046, 4524
4524, 21764
33662, 4525
13115, 4525
4525, 26030
38771, 4526
4526, 25904
45205, 4527
4527, 13497
16360, 4528
20302, 4528
4528, 22808
41623, 4529
4529, 28451
24212, 4530
47233, 4530
21873, 4530
23486, 4530
4530, 13280
44481, 4531
4531, 47682
44370, 4532
4532, 19987
42110, 4533
4533, 23367
42645, 4534
4534, 15026
45051, 4535
34810, 4535
33968, 4535
4535, 12829
46806, 4536
4536, 34699
48559, 4537
4537, 17079
4537, 46633
4537, 18137
4537, 42095
26443, 4538
19266, 4538
4538, 13654
4538, 38370
4538, 19349
4538, 35418
26170, 4539
4539, 17124
4539, 25365
42110, 4540
4540, 16204
14196, 4541
42113, 4541
4541, 39671
37839, 4542
4542, 25329
4542, 19749
41098, 4543
4543, 14257
14768, 4544
4544, 23608
36465, 4545
4545, 27996
31594, 4546
4546, 34137
42110, 4547
4547, 19783
45871, 4548
47967, 4548
47465, 4548
19541, 4548
15623, 4548
27197, 4548
35499, 4548
46364, 4548
20982, 4548
30271, 4548
43402, 4548
24818, 4548
44556, 4548
13498, 4548
18149, 4548
46879, 4548
18255, 4548
20924, 4548
4548, 47389
33758, 4549
4549, 17934
36260, 4550
4550, 12621
24665, 4551
4551, 17056
46048, 4552
46496, 4552
41518, 4552
26898, 4552
18565, 4552
25281, 4552
31664, 4552
4552, 32489
4552, 32195
28337, 4553
4553, 45337
4553, 14625
15673, 4554
4554, 13250
19601, 4555
23786, 4555
35461, 4555
24992, 4555
42738, 4555
29212, 4555
24204, 4555
39872, 4555
37152, 4555
45303, 4555
4555, 29566
4555, 33190
4555, 32066
4555, 27574
25386, 4556
25339, 4556
4556, 35444
43350, 4557
4557, 37529
23124, 4558
4558, 45419
45351, 4559
4559, 22513
4559, 19960
4559, 31221
4559, 43625
45083, 4560
4560, 22517
29296, 4561
4561, 40839
39981, 4562
4562, 24033
36356, 4563
4563, 39039
30475, 4564
4564, 21820
21932, 4565
4565, 20106
46163, 4566
4566, 47977
4566, 35555
4566, 31089
4566, 42896
4566, 39224
4566, 46961
4566, 46622
4566, 22024
4566, 45955
4566, 20625
4566, 32729
4566, 14604
4566, 19180
4566, 45787
4566, 24334
4566, 37764
4566, 32623
4566, 30983
4566, 34822
4566, 21175
4566, 39381
4566, 26202
4566, 17642
4566, 17200
4566, 15053
4566, 30858
4566, 29497
4566, 39171
41955, 4567
30626, 4567
33999, 4567
4567, 40549
14313, 4568
4568, 28042
42110, 4569
4569, 29413
28451, 4570
37859, 4570
30630, 4570
30851, 4570
24775, 4570
4570, 17302
31059, 4571
4571, 46121
44143, 4572
21896, 4572
36673, 4572
45368, 4572
14706, 4572
36367, 4572
4572, 21597
41958, 4573
4573, 21111
21030, 4574
4574, 36990
46806, 4575
4575, 31293
45957, 4576
4576, 16954
4576, 31538
4576, 20264
30599, 4577
4577, 16786
15976, 4578
4578, 17047
12879, 4579
4579, 44212
30956, 4580
4580, 38893
4580, 20324
42938, 4581
4581, 21379
45128, 4582
4582, 21393
27759, 4583
48584, 4583
4583, 20535
38975, 4584
4584, 42269
36543, 4585
4585, 44665
23053, 4586
4586, 27783
4586, 45695
29322, 4587
4587, 21943
15816, 4588
38756, 4588
4588, 16242
4588, 17290
46512, 4589
4589, 33414
42110, 4590
4590, 25475
38731, 4591
4591, 31251
46806, 4592
4592, 14058
47990, 4593
22655, 4593
4593, 23257
40533, 4594
12684, 4594
4594, 33080
26628, 4595
4595, 33906
30381, 4596
4596, 39827
4596, 40119
4596, 20596
42110, 4597
4597, 47513
27369, 4598
14666, 4598
21882, 4598
46779, 4598
35978, 4598
29783, 4598
33672, 4598
39212, 4598
30731, 4598
24773, 4598
14949, 4598
19245, 4598
44322, 4598
18728, 4598
32343, 4598
41833, 4598
47389, 4598
42367, 4598
21309, 4598
12645, 4598
29906, 4598
32435, 4598
40045, 4598
32137, 4598
24809, 4598
35528, 4598
33510, 4598
38590, 4598
20100, 4598
21687, 4598
42128, 4598
4598, 46806
4598, 31674
40511, 4599
4599, 23777
26764, 4600
4600, 43601
38024, 4601
4601, 13671
42110, 4602
4602, 38932
42110, 4603
4603, 31233
18781, 4604
4604, 26864
4604, 44601
43304, 4605
4605, 45075
4605, 14333
4605, 28458
4605, 28889
24385, 4606
4606, 36488
4606, 23236
4606, 31772
4606, 21408
4606, 30412
4606, 15375
17268, 4607
4607, 12313
4607, 41681
22713, 4608
4608, 17282
4608, 14689
4608, 17047
4608, 24368
4608, 38434
32202, 4609
4609, 16824
4609, 37128
4609, 47379
42305, 4610
4610, 15866
4610, 12748
36657, 4611
4611, 38871
46806, 4612
4612, 16668
25392, 4613
4613, 33333
16960, 4614
28890, 4614
4614, 40234
46194, 4615
4615, 38796
30265, 4616
4616, 32781
26303, 4617
4617, 47950
18258, 4618
4618, 46573
45131, 4619
4619, 24921
33220, 4620
4620, 28194
38797, 4621
4621, 29315
27818, 4622
4622, 48582
27818, 4623
4623, 41458
17579, 4624
4624, 22970
32202, 4625
4625, 48424
4625, 21504
29964, 4626
36424, 4626
19907, 4626
4626, 26392
34033, 4627
16525, 4627
19069, 4627
32485, 4627
43732, 4627
25052, 4627
4627, 17302
35379, 4628
4628, 27218
17032, 4629
4629, 45944
45120, 4630
4630, 29559
4630, 40727
38028, 4631
4631, 48242
16053, 4632
4632, 47019
42110, 4633
4633, 13906
13393, 4634
24339, 4634
31483, 4634
4634, 27169
34305, 4635
4635, 34370
33837, 4636
4636, 43170
43206, 4637
24686, 4637
33255, 4637
39184, 4637
23128, 4637
23148, 4637
41783, 4637
41888, 4637
48367, 4637
39161, 4637
31366, 4637
12982, 4637
23617, 4637
45178, 4637
30137, 4637
44752, 4637
22759, 4637
24971, 4637
4637, 22719
45946, 4638
4638, 39210
48698, 4639
14043, 4639
4639, 41641
27418, 4640
4640, 15036
4640, 26542
4640, 20098
46806, 4641
4641, 34059
46806, 4642
4642, 22491
42110, 4643
4643, 29567
46806, 4644
4644, 45425
41350, 4645
4645, 12313
4645, 42192
4645, 24119
42110, 4646
4646, 47066
39849, 4647
4647, 39470
35360, 4648
4648, 48045
13459, 4649
12601, 4649
35479, 4649
40360, 4649
18297, 4649
23091, 4649
45071, 4649
24431, 4649
34085, 4649
4649, 16250
42740, 4650
21732, 4650
4650, 45329
21340, 4651
4651, 22462
26828, 4652
4652, 36998
27124, 4653
4653, 14921
15946, 4654
4654, 43449
38550, 4655
24405, 4655
4655, 45273
25886, 4656
4656, 13888
4656, 22350
42110, 4657
4657, 43908
37618, 4658
4658, 13257
44417, 4659
4659, 23033
33466, 4660
4660, 36394
29698, 4661
4661, 14005
42110, 4662
4662, 18856
30060, 4663
4663, 28861
4663, 28265
4663, 23755
4663, 36458
4663, 24653
4663, 28926
4663, 41395
15834, 4664
4664, 14280
4664, 41613
4664, 34196
4664, 33876
4664, 23577
4664, 29639
4664, 38666
4664, 28519
4664, 44017
4664, 15311
48463, 4665
4665, 30874
46340, 4666
4666, 37070
32578, 4667
4667, 24218
42110, 4668
4668, 42798
42110, 4669
4669, 13722
37914, 4670
4670, 15148
4670, 16261
4670, 22446
47234, 4671
4671, 25260
42110, 4672
4672, 21544
32216, 4673
4673, 28453
15044, 4674
4674, 28763
21566, 4675
4675, 38859
23047, 4676
25185, 4676
4676, 41005
30431, 4677
4677, 15339
21571, 4678
20957, 4678
4678, 21795
32233, 4679
4679, 44418
44850, 4680
4680, 25924
34039, 4681
4681, 29998
4681, 38609
36465, 4682
4682, 27996
39290, 4683
4683, 19359
27729, 4684
4684, 33818
26668, 4685
32809, 4685
4685, 39625
34238, 4686
28051, 4686
35497, 4686
4686, 44831
19955, 4687
4687, 27278
4687, 24145
4687, 27742
15946, 4688
4688, 43449
29297, 4689
4689, 16981
46806, 4690
4690, 25020
12323, 4691
4691, 18225
38294, 4692
4692, 21204
35951, 4693
4693, 15904
15364, 4694
38281, 4694
27324, 4694
4694, 18809
42110, 4695
4695, 31058
43958, 4696
4696, 22360
4696, 19606
4696, 45295
4696, 28217
4696, 41215
18573, 4697
4697, 40290
31059, 4698
4698, 30217
45669, 4699
4699, 33639
36616, 4700
4700, 45312
41016, 4701
4701, 21184
42110, 4702
4702, 33488
32050, 4703
4703, 30549
47206, 4704
4704, 13265
40757, 4705
4705, 19625
40813, 4706
45919, 4706
24062, 4706
19088, 4706
4706, 32299
42110, 4707
4707, 16185
17258, 4708
4708, 46217
45191, 4709
19550, 4709
4709, 28784
4709, 14155
4709, 38377
4709, 12421
4709, 24794
28975, 4710
25822, 4710
4710, 47322
25090, 4711
18228, 4711
4711, 23055
24429, 4712
4712, 20374
4712, 37703
32306, 4713
4713, 19766
24066, 4714
4714, 29494
30496, 4715
16677, 4715
39098, 4715
4715, 17942
46459, 4716
32879, 4716
19034, 4716
25209, 4716
4716, 37868
35976, 4717
24435, 4717
4717, 30104
4717, 48461
21292, 4718
19765, 4718
39262, 4718
24060, 4718
13205, 4718
29883, 4718
46772, 4718
35077, 4718
30976, 4718
4718, 38796
31703, 4719
4719, 12457
42110, 4720
4720, 23153
39807, 4721
46293, 4721
4721, 40598
41353, 4722
4722, 22285
31434, 4723
4723, 29987
4723, 45251
4723, 38038
30645, 4724
4724, 17516
46806, 4725
4725, 30345
32629, 4726
4726, 42630
4726, 19887
4726, 24069
4726, 33236
4726, 19978
4726, 14648
45709, 4727
4727, 45898
21331, 4728
4728, 27205
38848, 4729
4729, 35274
38232, 4730
38817, 4730
17049, 4730
36290, 4730
45875, 4730
13692, 4730
24438, 4730
45056, 4730
4730, 24601
37852, 4731
4731, 45700
33396, 4732
4732, 43757
4732, 30165
4732, 48453
18824, 4733
27546, 4733
38238, 4733
32863, 4733
24687, 4733
4733, 28016
42110, 4734
4734, 38679
46163, 4735
4735, 35760
4735, 37829
4735, 31531
4735, 29607
4735, 40333
4735, 30801
4735, 25854
4735, 29204
4735, 24140
4735, 48374
4735, 14941
4735, 39353
4735, 45645
4735, 44126
4735, 15062
4735, 34778
4735, 37068
4735, 38505
4735, 29379
4735, 24055
4735, 15884
4735, 46399
4735, 26475
4735, 17615
4735, 40876
4735, 28979
4735, 42124
4735, 16957
4735, 30749
4735, 22905
25896, 4736
37142, 4736
4736, 34111
42110, 4737
4737, 32617
42110, 4738
4738, 19539
17881, 4739
4739, 27359
23368, 4740
4740, 27353
4740, 34214
34876, 4741
4741, 21440
17163, 4742
4742, 35779
48115, 4743
4743, 36452
28823, 4744
21750, 4744
4744, 15726
4744, 21259
4744, 41522
4744, 14717
25744, 4745
44230, 4745
44468, 4745
33767, 4745
13075, 4745
42018, 4745
4745, 43289
44134, 4746
4746, 13112
4746, 14994
4746, 36160
4746, 16386
45205, 4747
4747, 30515
41247, 4748
4748, 16945
4748, 44784
4748, 44059
4748, 37697
4748, 18137
4748, 22106
4748, 30087
19494, 4749
27638, 4749
35344, 4749
40541, 4749
27959, 4749
41111, 4749
13384, 4749
25424, 4749
39280, 4749
19436, 4749
4749, 45196
48099, 4750
4750, 13452
4750, 32619
4750, 23060
4750, 35230
25179, 4751
4751, 43701
43761, 4752
4752, 26159
4752, 36970
4752, 47185
4752, 41661
47598, 4753
4753, 22152
4753, 45695
34137, 4754
48121, 4754
4754, 18275
34067, 4755
4755, 16416
4755, 32619
41485, 4756
4756, 18792
37728, 4757
4757, 40213
41951, 4758
4758, 13137
35379, 4759
4759, 34583
46163, 4760
4760, 36955
4760, 33108
4760, 25054
4760, 19604
4760, 28543
4760, 12616
4760, 30801
4760, 25854
4760, 24248
4760, 28817
4760, 39224
4760, 18601
4760, 46622
4760, 36055
4760, 21391
4760, 42217
4760, 14111
4760, 34770
4760, 35392
4760, 40081
4760, 13528
4760, 46106
4760, 43741
4760, 48600
4760, 28407
4760, 40807
4760, 12730
4760, 15120
4760, 19946
4760, 36081
4760, 42157
4760, 30749
4760, 27509
4760, 27934
31453, 4761
4761, 14673
37184, 4762
4762, 14826
4762, 41058
42110, 4763
4763, 43871
32286, 4764
4764, 22369
4764, 17914
4764, 39479
4764, 25365
4764, 20642
41053, 4765
4765, 32733
4765, 14826
4765, 38881
4765, 16416
38792, 4766
4766, 34263
4766, 38532
4766, 41292
4766, 20360
34220, 4767
26991, 4767
4767, 13470
36616, 4768
4768, 24159
42110, 4769
4769, 21268
16144, 4770
4770, 37660
28956, 4771
4771, 14681
41536, 4772
4772, 37413
29126, 4773
4773, 24444
4773, 39621
4773, 15572
4773, 32380
13054, 4774
4774, 43200
44317, 4775
4775, 47102
26478, 4776
4776, 39167
16501, 4777
38058, 4777
18061, 4777
41935, 4777
40564, 4777
33122, 4777
12322, 4777
45015, 4777
36969, 4777
33735, 4777
25454, 4777
4777, 46465
4777, 38992
4777, 23267
31560, 4778
4778, 20915
32237, 4779
27699, 4779
4779, 42401
47116, 4780
4780, 21077
40505, 4781
4781, 18634
44714, 4782
4782, 46758
33829, 4783
4783, 14257
42110, 4784
4784, 48566
44076, 4785
4785, 47755
4785, 41535
4785, 40611
4785, 21661
12462, 4786
4786, 41878
4786, 46003
12897, 4787
4787, 32026
4787, 29566
4787, 38770
40192, 4788
4788, 45794
22477, 4789
4789, 28983
15778, 4790
4790, 14935
12441, 4791
4791, 47146
32748, 4792
4792, 16028
27298, 4793
19881, 4793
4793, 14094
42110, 4794
4794, 45829
41283, 4795
4795, 19383
22789, 4796
4796, 39944
44832, 4797
4797, 16823
46819, 4798
4798, 21868
39683, 4799
4799, 38760
45136, 4800
4800, 34927
4800, 29430
4800, 30377
26557, 4801
4801, 23189
30536, 4802
4802, 17710
38383, 4803
4803, 18535
4803, 21315
12819, 4804
4804, 42241
17024, 4805
21138, 4805
41699, 4805
44334, 4805
35590, 4805
43249, 4805
35172, 4805
27838, 4805
33211, 4805
4805, 23444
42110, 4806
4806, 16404
34874, 4807
4807, 20433
4807, 22912
4807, 16310
4807, 23811
4807, 31538
4807, 18765
26930, 4808
4808, 25593
39490, 4809
24330, 4809
26993, 4809
48537, 4809
25861, 4809
36836, 4809
12851, 4809
36246, 4809
26272, 4809
33194, 4809
36073, 4809
38636, 4809
30974, 4809
18780, 4809
17688, 4809
13551, 4809
21683, 4809
30272, 4809
39315, 4809
32971, 4809
21100, 4809
31504, 4809
32735, 4809
15453, 4809
14891, 4809
42830, 4809
33426, 4809
44043, 4809
37516, 4809
19103, 4809
20417, 4809
16840, 4809
23648, 4809
18775, 4809
35936, 4809
24466, 4809
16194, 4809
40460, 4809
19063, 4809
4809, 15525
47234, 4810
4810, 25260
27773, 4811
4811, 31248
42664, 4812
32109, 4812
47039, 4812
19246, 4812
41642, 4812
4812, 15047
4812, 29747
4812, 24042
44381, 4813
4813, 18493
4813, 16641
42110, 4814
4814, 20104
44072, 4815
4815, 42435
45717, 4816
4816, 34712
4816, 39827
4816, 28144
14466, 4817
4817, 35444
17496, 4818
4818, 38138
23888, 4819
4819, 18374
42110, 4820
4820, 43422
46806, 4821
4821, 38978
4821, 25020
34420, 4822
4822, 44319
25744, 4823
44460, 4823
46500, 4823
40713, 4823
47058, 4823
39787, 4823
48651, 4823
4823, 47737
14689, 4824
42971, 4824
4824, 44099
31032, 4825
4825, 22755
38016, 4826
36199, 4826
45021, 4826
35474, 4826
41819, 4826
4826, 17302
45808, 4827
4827, 18022
28823, 4828
4828, 12711
4828, 43342
4828, 21497
4828, 46427
4828, 21985
35379, 4829
4829, 28012
4829, 31818
22656, 4830
4830, 39964
45040, 4831
4831, 16031
40351, 4832
4832, 37725
30948, 4833
30285, 4833
37247, 4833
29460, 4833
32973, 4833
29169, 4833
19717, 4833
20061, 4833
17843, 4833
4833, 24969
20131, 4834
48618, 4834
18110, 4834
4834, 25176
4834, 30453
4834, 28324
13904, 4835
4835, 48121
25153, 4836
4836, 12603
16796, 4837
4837, 37402
4837, 32619
34571, 4838
4838, 35008
20219, 4839
4839, 13587
36859, 4840
4840, 26278
23720, 4841
4841, 24995
4841, 33654
4841, 35640
40813, 4842
47383, 4842
26914, 4842
4842, 45759
21273, 4843
4843, 27123
38829, 4844
4844, 35578
48614, 4845
4845, 43667
32393, 4846
4846, 29443
35201, 4847
40435, 4847
42141, 4847
4847, 14463
36425, 4848
4848, 44066
46138, 4849
4849, 43724
20869, 4850
4850, 22345
4850, 19393
4850, 29566
4850, 37551
40511, 4851
4851, 29577
4851, 33290
44850, 4852
4852, 46237
42110, 4853
4853, 42837
42110, 4854
4854, 46042
27767, 4855
28610, 4855
4855, 26996
42110, 4856
4856, 35931
26578, 4857
4857, 41711
22200, 4858
4858, 28749
45022, 4859
4859, 32670
4859, 35688
4859, 27063
40272, 4860
4860, 27401
45180, 4861
15786, 4861
25001, 4861
42483, 4861
35402, 4861
23885, 4861
15509, 4861
4861, 33615
28325, 4862
4862, 27626
42110, 4863
4863, 42349
23618, 4864
4864, 31263
23792, 4865
4865, 14233
19314, 4866
23973, 4866
13556, 4866
14913, 4866
25328, 4866
35604, 4866
42420, 4866
42038, 4866
15068, 4866
4866, 39818
38141, 4867
4867, 33212
34284, 4868
4868, 27351
41951, 4869
4869, 43456
35574, 4870
36794, 4870
32076, 4870
39940, 4870
4870, 16522
4870, 36330
4870, 16862
4870, 47887
4870, 42128
43016, 4871
30224, 4871
34238, 4871
25739, 4871
4871, 40176
42668, 4872
48486, 4872
4872, 23369
39351, 4873
4873, 30380
35561, 4874
4874, 42288
4874, 38879
29066, 4875
4875, 46777
19748, 4876
4876, 29932
14922, 4877
4877, 19678
36132, 4878
38042, 4878
4878, 44281
36507, 4879
4879, 35630
36722, 4880
27272, 4880
32692, 4880
42000, 4880
17776, 4880
14510, 4880
34184, 4880
35733, 4880
20731, 4880
23507, 4880
23299, 4880
24470, 4880
4880, 28306
40181, 4881
34638, 4881
4881, 19277
32789, 4882
4882, 16310
4882, 44275
4882, 18591
38838, 4883
4883, 26080
32881, 4884
4884, 32418
46283, 4885
4885, 47800
16853, 4886
4886, 26163
47308, 4887
39967, 4887
4887, 44007
24137, 4888
4888, 43605
35623, 4889
4889, 20180
43054, 4890
4890, 38760
33960, 4891
4891, 36502
47755, 4892
34136, 4892
40119, 4892
48248, 4892
21820, 4892
31588, 4892
25559, 4892
45631, 4892
42618, 4892
15130, 4892
36329, 4892
34735, 4892
40025, 4892
37434, 4892
40021, 4892
28276, 4892
27194, 4892
26643, 4892
14225, 4892
14005, 4892
38867, 4892
32470, 4892
35807, 4892
37405, 4892
13402, 4892
32743, 4892
35969, 4892
33343, 4892
33800, 4892
43076, 4892
35032, 4892
25561, 4892
23269, 4892
48231, 4892
35774, 4892
17307, 4892
24925, 4892
27218, 4892
46037, 4892
31299, 4892
43972, 4892
24356, 4892
18212, 4892
27313, 4892
38644, 4892
29115, 4892
32889, 4892
29736, 4892
31355, 4892
18109, 4892
29366, 4892
35893, 4892
18627, 4892
43449, 4892
48347, 4892
28416, 4892
43949, 4892
14398, 4892
35753, 4892
20592, 4892
22658, 4892
37244, 4892
26057, 4892
31221, 4892
29103, 4892
26836, 4892
24090, 4892
37616, 4892
48232, 4892
37315, 4892
29913, 4892
28296, 4892
17819, 4892
35313, 4892
12812, 4892
33637, 4892
33112, 4892
19962, 4892
30066, 4892
39057, 4892
4892, 42110
47615, 4893
46311, 4893
48413, 4893
25844, 4893
4893, 27689
13407, 4894
4894, 46125
42110, 4895
4895, 40592
42110, 4896
4896, 18499
46806, 4897
4897, 31872
4897, 39536
24923, 4898
4898, 19894
4898, 46959
44811, 4899
4899, 40559
25542, 4900
4900, 38925
25932, 4901
4901, 26967
19418, 4902
4902, 15963
45911, 4903
4903, 27114
20357, 4904
21033, 4904
4904, 45549
47536, 4905
14000, 4905
4905, 14406
22806, 4906
4906, 20655
39899, 4907
4907, 21674
42110, 4908
4908, 19396
31594, 4909
4909, 34137
42110, 4910
4910, 32788
35379, 4911
4911, 34308
4911, 34555
16375, 4912
4912, 12422
46300, 4913
4913, 24750
42110, 4914
4914, 27447
33936, 4915
4915, 13250
40549, 4916
26926, 4916
4916, 45502
47254, 4917
4917, 34216
13056, 4918
4918, 26080
13562, 4919
4919, 12422
47575, 4920
4920, 23975
36465, 4921
4921, 25917
4921, 33534
16932, 4922
4922, 45175
29468, 4923
47615, 4923
26639, 4923
34040, 4923
13799, 4923
18136, 4923
39053, 4923
26914, 4923
4923, 28264
42565, 4924
4924, 46311
4924, 47755
17264, 4925
4925, 27147
4925, 38644
4925, 16386
37541, 4926
4926, 22502
42110, 4927
4927, 34479
45205, 4928
4928, 29896
4928, 37211
4928, 31641
4928, 13577
4928, 32041
42931, 4929
22890, 4929
29564, 4929
43356, 4929
33498, 4929
36662, 4929
17408, 4929
22522, 4929
34760, 4929
14606, 4929
29003, 4929
14644, 4929
34014, 4929
12954, 4929
28050, 4929
18478, 4929
18942, 4929
16908, 4929
4929, 36199
42110, 4930
4930, 15321
42938, 4931
4931, 16104
31093, 4932
13967, 4932
4932, 47832
39708, 4933
4933, 22915
16969, 4934
19980, 4934
19041, 4934
47615, 4934
34064, 4934
15893, 4934
4934, 36715
32636, 4935
4935, 27070
4935, 25265
42110, 4936
4936, 35163
25759, 4937
4937, 23034
24314, 4938
4938, 23189
24258, 4939
4939, 18368
18122, 4940
4940, 33906
4940, 17334
4940, 48354
4940, 19761
42110, 4941
4941, 14339
16157, 4942
32473, 4942
4942, 22719
42110, 4943
4943, 34144
39163, 4944
4944, 44628
42110, 4945
4945, 16731
30714, 4946
4946, 14037
4946, 21063
31553, 4947
4947, 44015
4947, 36390
36314, 4948
4948, 21733
28461, 4949
38207, 4949
17950, 4949
4949, 38858
4949, 19349
13201, 4950
4950, 18886
28624, 4951
4951, 33721
42110, 4952
4952, 18085
40888, 4953
4953, 29736
24746, 4954
4954, 41574
44051, 4955
4955, 13597
31822, 4956
26134, 4956
4956, 42203
48509, 4957
12987, 4957
4957, 16531
14991, 4958
48401, 4958
38136, 4958
14295, 4958
38228, 4958
34790, 4958
38255, 4958
29702, 4958
25906, 4958
27640, 4958
47756, 4958
27212, 4958
22954, 4958
29356, 4958
35688, 4958
37844, 4958
45756, 4958
43264, 4958
48121, 4958
30471, 4958
21675, 4958
36831, 4958
4958, 25125
48299, 4959
4959, 36690
42110, 4960
4960, 39000
34549, 4961
4961, 21516
4961, 19754
15653, 4962
4962, 40107
26992, 4963
23908, 4963
37274, 4963
38909, 4963
33417, 4963
20282, 4963
18974, 4963
28168, 4963
18925, 4963
38398, 4963
42666, 4963
34914, 4963
24345, 4963
36489, 4963
16839, 4963
20067, 4963
46957, 4963
20541, 4963
48580, 4963
29168, 4963
24228, 4963
23958, 4963
14983, 4963
25290, 4963
37193, 4963
4963, 28807
40010, 4964
4964, 19372
4964, 32340
4964, 29037
4964, 31858
24100, 4965
4965, 27783
4965, 40572
13995, 4966
4966, 21767
28956, 4967
4967, 24104
40488, 4968
4968, 39368
38114, 4969
4969, 28301
41951, 4970
4970, 17430
32231, 4971
4971, 33585
42110, 4972
4972, 37331
38849, 4973
4973, 24809
25553, 4974
4974, 48167
4974, 36653
4974, 36718
32096, 4975
35088, 4975
4975, 21281
4975, 29631
4975, 44135
4975, 18252
4975, 33852
4975, 44759
4975, 31511
4975, 16086
4975, 36924
4975, 14471
4975, 28949
4975, 39709
4975, 44114
4975, 47631
4975, 48552
4975, 28922
4975, 39527
4975, 17189
4975, 44572
23020, 4976
4976, 39768
4976, 37539
26146, 4977
16962, 4977
25666, 4977
4977, 31001
37541, 4978
45421, 4978
4978, 22502
34679, 4979
15127, 4979
4979, 33151
42110, 4980
4980, 17294
17845, 4981
4981, 42618
4981, 13321
23681, 4982
31002, 4982
4982, 24342
4982, 20478
4982, 19772
4982, 27212
19986, 4983
4983, 21691
16852, 4984
4984, 17960
32578, 4985
4985, 16365
33875, 4986
4986, 37244
4986, 20479
19249, 4987
4987, 39815
33312, 4988
4988, 33689
4988, 26762
4988, 19595
4988, 42561
14395, 4989
4989, 33116
4989, 46006
43549, 4990
14541, 4990
14171, 4990
12578, 4990
39937, 4990
36838, 4990
35963, 4990
47632, 4990
31066, 4990
22510, 4990
15723, 4990
15940, 4990
48613, 4990
24332, 4990
20436, 4990
40346, 4990
17486, 4990
36271, 4990
16212, 4990
16721, 4990
17562, 4990
20456, 4990
31202, 4990
25009, 4990
37822, 4990
28942, 4990
22520, 4990
28727, 4990
13934, 4990
19022, 4990
15970, 4990
24892, 4990
18477, 4990
40228, 4990
37118, 4990
13244, 4990
15265, 4990
26004, 4990
29558, 4990
47054, 4990
47177, 4990
40610, 4990
32287, 4990
14293, 4990
47255, 4990
19967, 4990
36966, 4990
27126, 4990
15164, 4990
23382, 4990
17991, 4990
17016, 4990
17241, 4990
25235, 4990
28206, 4990
14677, 4990
41561, 4990
4990, 16482
42616, 4991
4991, 39827
4991, 18562
4991, 21805
4991, 31310
31363, 4992
4992, 37405
4992, 36088
34132, 4993
4993, 17205
18296, 4994
4994, 25910
42110, 4995
4995, 20464
35877, 4996
47332, 4996
25201, 4996
29892, 4996
27368, 4996
41764, 4996
35349, 4996
4996, 30442
42110, 4997
4997, 25599
47649, 4998
4998, 15112
22070, 4999
4999, 44023
46679, 5000
5000, 27655
32483, 5001
5001, 38483
29916, 5002
5002, 25746
5002, 22356
38659, 5003
5003, 36921
35417, 5004
5004, 31010
28682, 5005
5005, 23101
41951, 5006
5006, 14025
45263, 5007
30824, 5007
5007, 19870
17981, 5008
35133, 5008
5008, 22502
18505, 5009
5009, 35211
27306, 5010
29560, 5010
5010, 29850
5010, 12796
5010, 37238
5010, 37335
36172, 5011
5011, 47615
17467, 5012
5012, 43640
34628, 5013
38929, 5013
5013, 35335
19821, 5014
12816, 5014
5014, 44352
42140, 5015
5015, 32389
32993, 5016
5016, 19906
5016, 46776
15957, 5017
5017, 23902
5017, 14763
25949, 5018
5018, 14991
5018, 21855
33083, 5019
5019, 47185
5019, 38243
46098, 5020
5020, 18157
13319, 5021
20434, 5021
41195, 5021
44985, 5021
14265, 5021
29094, 5021
29782, 5021
13683, 5021
31343, 5021
42988, 5021
48400, 5021
26479, 5021
44888, 5021
33161, 5021
28724, 5021
33948, 5021
20412, 5021
34047, 5021
27070, 5021
14358, 5021
38099, 5021
14114, 5021
17333, 5021
42513, 5021
25501, 5021
16693, 5021
37130, 5021
25312, 5021
39536, 5021
20846, 5021
43131, 5021
28650, 5021
19605, 5021
42521, 5021
12685, 5021
17934, 5021
46458, 5021
47935, 5021
46004, 5021
16835, 5021
14674, 5021
44358, 5021
41544, 5021
30813, 5021
31174, 5021
27712, 5021
40074, 5021
26957, 5021
40731, 5021
25265, 5021
37401, 5021
47704, 5021
34590, 5021
15801, 5021
42612, 5021
26294, 5021
16105, 5021
44311, 5021
24704, 5021
19148, 5021
17166, 5021
23511, 5021
23993, 5021
40705, 5021
15170, 5021
39129, 5021
45763, 5021
43831, 5021
27037, 5021
45943, 5021
35764, 5021
45077, 5021
18026, 5021
13245, 5021
18334, 5021
39414, 5021
38859, 5021
27788, 5021
22677, 5021
39300, 5021
41113, 5021
40101, 5021
42186, 5021
16730, 5021
23046, 5021
40819, 5021
40327, 5021
42279, 5021
21260, 5021
16688, 5021
30949, 5021
44162, 5021
14106, 5021
26652, 5021
39881, 5021
24194, 5021
30359, 5021
35850, 5021
26594, 5021
26176, 5021
28809, 5021
41997, 5021
19499, 5021
27078, 5021
25157, 5021
12574, 5021
40701, 5021
22169, 5021
25623, 5021
12948, 5021
44800, 5021
22927, 5021
29930, 5021
46291, 5021
40202, 5021
30555, 5021
48315, 5021
28870, 5021
24639, 5021
39857, 5021
18930, 5021
31695, 5021
39015, 5021
19199, 5021
44628, 5021
32514, 5021
44066, 5021
29570, 5021
13859, 5021
36845, 5021
37604, 5021
44033, 5021
37973, 5021
17646, 5021
42257, 5021
13163, 5021
14807, 5021
33887, 5021
44564, 5021
29000, 5021
25945, 5021
19454, 5021
39434, 5021
45320, 5021
21137, 5021
22684, 5021
14227, 5021
32596, 5021
33900, 5021
18908, 5021
47486, 5021
39245, 5021
41433, 5021
34535, 5021
18980, 5021
16788, 5021
22090, 5021
34767, 5021
37213, 5021
25585, 5021
45233, 5021
16668, 5021
23406, 5021
48455, 5021
45664, 5021
15751, 5021
19575, 5021
46534, 5021
34135, 5021
22223, 5021
37528, 5021
38964, 5021
32446, 5021
34607, 5021
39165, 5021
43716, 5021
28919, 5021
48390, 5021
47941, 5021
30892, 5021
34226, 5021
37027, 5021
17744, 5021
25689, 5021
35715, 5021
45860, 5021
16742, 5021
44724, 5021
35337, 5021
16018, 5021
19185, 5021
27072, 5021
18351, 5021
41079, 5021
26499, 5021
22918, 5021
14707, 5021
26922, 5021
13785, 5021
16412, 5021
31404, 5021
36749, 5021
17568, 5021
45691, 5021
43598, 5021
27158, 5021
23110, 5021
12517, 5021
20184, 5021
27683, 5021
47543, 5021
28788, 5021
33951, 5021
38253, 5021
32169, 5021
14192, 5021
30546, 5021
16758, 5021
43861, 5021
32083, 5021
33232, 5021
33046, 5021
39071, 5021
22769, 5021
47939, 5021
26901, 5021
27556, 5021
30869, 5021
14898, 5021
36087, 5021
40013, 5021
41904, 5021
24235, 5021
48437, 5021
35554, 5021
12695, 5021
46314, 5021
42777, 5021
34280, 5021
5021, 25605
26781, 5022
5022, 22755
27845, 5023
5023, 15805
5023, 17914
5023, 27054
5023, 31221
26881, 5024
5024, 34823
45863, 5025
45762, 5025
5025, 24761
5025, 32227
5025, 32619
5025, 14446
32034, 5026
5026, 40136
39206, 5027
5027, 33190
47275, 5028
5028, 19870
30536, 5029
5029, 35959
13786, 5030
42846, 5030
41018, 5030
27027, 5030
5030, 25692
39839, 5031
5031, 22698
5031, 21516
5031, 43119
35379, 5032
5032, 12858
37573, 5033
19924, 5033
5033, 48372
15448, 5034
5034, 40283
36642, 5035
33693, 5035
5035, 16739
13277, 5036
25600, 5036
23439, 5036
38933, 5036
44467, 5036
5036, 44231
29550, 5037
5037, 48292
5037, 35493
31988, 5038
5038, 34984
32645, 5039
40349, 5039
22066, 5039
5039, 36608
21959, 5040
14136, 5040
44480, 5040
5040, 25603
31916, 5041
5041, 30928
46760, 5042
5042, 12977
38829, 5043
5043, 26451
36709, 5044
5044, 38892
5044, 14821
5044, 19349
42110, 5045
5045, 44177
19677, 5046
5046, 12729
45913, 5047
5047, 43057
5047, 46742
5047, 25448
5047, 14866
5047, 19761
46806, 5048
5048, 20971
44080, 5049
5049, 42267
46806, 5050
5050, 42531
27935, 5051
5051, 26299
33560, 5052
5052, 36575
5052, 42759
5052, 22870
5052, 42312
40861, 5053
21901, 5053
5053, 27517
17484, 5054
31561, 5054
5054, 13928
42110, 5055
5055, 47556
25432, 5056
5056, 34363
21192, 5057
15776, 5057
47279, 5057
45197, 5057
18038, 5057
46337, 5057
23557, 5057
14449, 5057
46894, 5057
32280, 5057
5057, 36996
5057, 13446
5057, 23590
5057, 36686
42058, 5058
5058, 39625
15392, 5059
5059, 44322
46806, 5060
5060, 29864
43948, 5061
5061, 31977
45501, 5062
5062, 38907
42110, 5063
5063, 30645
23010, 5064
5064, 37750
5064, 26415
5064, 14815
42110, 5065
5065, 39757
16290, 5066
5066, 41191
18078, 5067
30873, 5067
27388, 5067
19247, 5067
15140, 5067
32294, 5067
20454, 5067
28545, 5067
27589, 5067
25410, 5067
5067, 25123
20084, 5068
5068, 44643
27274, 5069
5069, 47348
5069, 41195
17128, 5070
5070, 15984
5070, 37980
5070, 39919
26487, 5071
5071, 15325
5071, 28210
46806, 5072
5072, 44436
5072, 18698
42509, 5073
5073, 27113
38742, 5074
5074, 40097
17387, 5075
5075, 42077
38822, 5076
5076, 34279
31952, 5077
5077, 35528
48257, 5078
5078, 46933
35379, 5079
5079, 18668
18391, 5080
5080, 18469
5080, 46037
5080, 13269
21267, 5081
45484, 5081
44171, 5081
48674, 5081
5081, 13689
20523, 5082
5082, 42386
34472, 5083
17006, 5083
5083, 16509
16708, 5084
5084, 44508
42110, 5085
5085, 23067
19651, 5086
44210, 5086
5086, 32415
14455, 5087
47303, 5087
30904, 5087
27785, 5087
21467, 5087
22660, 5087
32086, 5087
16744, 5087
24679, 5087
17515, 5087
35987, 5087
38001, 5087
16383, 5087
32693, 5087
25485, 5087
47722, 5087
33981, 5087
38963, 5087
31091, 5087
48512, 5087
46755, 5087
47203, 5087
18542, 5087
33996, 5087
33383, 5087
21595, 5087
42847, 5087
14253, 5087
43745, 5087
42285, 5087
31330, 5087
25012, 5087
12788, 5087
36313, 5087
15734, 5087
23443, 5087
18069, 5087
44088, 5087
37763, 5087
21338, 5087
40259, 5087
17623, 5087
37792, 5087
39047, 5087
17003, 5087
16649, 5087
27395, 5087
28394, 5087
36676, 5087
43260, 5087
31402, 5087
47029, 5087
39177, 5087
15231, 5087
25986, 5087
20713, 5087
25397, 5087
23855, 5087
22668, 5087
5087, 48066
5087, 36778
5087, 32897
5087, 37405
5087, 34174
37201, 5088
5088, 32562
42110, 5089
5089, 34876
30756, 5090
5090, 34649
5090, 24886
33741, 5091
5091, 17745
27142, 5092
5092, 36383
42110, 5093
5093, 19276
37112, 5094
5094, 35481
42110, 5095
5095, 19594
27110, 5096
5096, 19270
35734, 5097
46205, 5097
5097, 16970
22944, 5098
5098, 40735
28368, 5099
38290, 5099
46665, 5099
5099, 28862
5099, 31135
5099, 14019
5099, 28207
5099, 38442
5099, 25034
5099, 17674
5099, 20246
5099, 38198
5099, 25993
5099, 19445
5099, 27482
5099, 47100
5099, 28959
5099, 21653
5099, 14070
5099, 47921
5099, 36609
35155, 5100
5100, 32123
29715, 5101
5101, 45878
5101, 34884
40830, 5102
5102, 24925
42110, 5103
5103, 33189
35541, 5104
29453, 5104
24952, 5104
43218, 5104
47733, 5104
5104, 25139
40968, 5105
31832, 5105
40766, 5105
43632, 5105
5105, 28490
5105, 43810
28866, 5106
19161, 5106
36326, 5106
25317, 5106
29356, 5106
46758, 5106
45329, 5106
40756, 5106
5106, 34160
29454, 5107
5107, 19054
5107, 23313
5107, 45251
5107, 28792
42110, 5108
5108, 32369
42110, 5109
5109, 31884
44503, 5110
5110, 14821
5110, 41733
5110, 26399
5110, 47368
18251, 5111
32027, 5111
34056, 5111
21034, 5111
5111, 21856
36465, 5112
5112, 22526
5112, 13306
19815, 5113
5113, 20569
42110, 5114
5114, 16059
38829, 5115
5115, 15910
27930, 5116
5116, 13978
34659, 5117
31567, 5117
16500, 5117
13160, 5117
47836, 5117
30820, 5117
14567, 5117
5117, 39015
13621, 5118
5118, 37657
20675, 5119
5119, 16446
33420, 5120
5120, 46741
5120, 25329
5120, 45695
38391, 5121
5121, 38644
38533, 5122
5122, 32103
25258, 5123
19863, 5123
40364, 5123
5123, 39625
31585, 5124
5124, 19966
17621, 5125
5125, 29566
5125, 42300
23640, 5126
5126, 21730
47748, 5127
5127, 18648
40947, 5128
31263, 5128
5128, 32010
28997, 5129
5129, 48605
42110, 5130
5130, 17097
46806, 5131
5131, 48682
42110, 5132
5132, 28161
25072, 5133
21951, 5133
5133, 16288
40722, 5134
5134, 46343
25058, 5135
5135, 32391
23632, 5136
5136, 23198
5136, 45192
5136, 17124
36465, 5137
5137, 37908
48009, 5138
5138, 38404
5138, 25239
30077, 5139
5139, 30176
12505, 5140
5140, 38716
30282, 5141
5141, 42949
44161, 5142
28274, 5142
5142, 45067
14600, 5143
5143, 36378
26132, 5144
5144, 22044
33205, 5145
5145, 42275
47888, 5146
17600, 5146
5146, 45189
25785, 5147
5147, 36086
27142, 5148
5148, 36383
16603, 5149
5149, 28458
5149, 25036
5149, 36786
46806, 5150
5150, 41574
36309, 5151
5151, 38557
30536, 5152
5152, 35959
42174, 5153
5153, 14053
43027, 5154
5154, 37383
41066, 5155
16972, 5155
5155, 38588
23611, 5156
5156, 14783
5156, 15844
38829, 5157
5157, 28558
45204, 5158
5158, 32416
16702, 5159
5159, 36222
45492, 5160
44975, 5160
13052, 5160
42403, 5160
12974, 5160
5160, 14438
14991, 5161
31572, 5161
5161, 34524
32536, 5162
16833, 5162
28366, 5162
30255, 5162
39142, 5162
21816, 5162
15619, 5162
42762, 5162
37858, 5162
34973, 5162
5162, 29604
16135, 5163
17967, 5163
34474, 5163
25174, 5163
32268, 5163
5163, 42367
30477, 5164
5164, 22562
33050, 5165
5165, 38953
13094, 5166
5166, 44484
5166, 33162
26756, 5167
5167, 13627
5167, 32458
20432, 5168
5168, 48066
5168, 41869
5168, 44440
36465, 5169
5169, 22232
27704, 5170
36836, 5170
46245, 5170
18044, 5170
12771, 5170
22329, 5170
14891, 5170
18693, 5170
35797, 5170
23137, 5170
46658, 5170
33182, 5170
48166, 5170
42686, 5170
5170, 46692
31909, 5171
5171, 18262
41516, 5172
5172, 46311
5172, 46434
5172, 47755
5172, 33496
20995, 5173
5173, 32408
5173, 46346
42110, 5174
5174, 20803
12893, 5175
5175, 43974
5175, 19595
5175, 17307
27349, 5176
5176, 40119
5176, 14410
5176, 20526
34935, 5177
41861, 5177
28981, 5177
31080, 5177
5177, 26026
15146, 5178
5178, 44637
14573, 5179
5179, 34432
24634, 5180
25254, 5180
5180, 33810
42111, 5181
5181, 31905
18028, 5182
5182, 30351
16857, 5183
5183, 18105
42414, 5184
5184, 24474
34784, 5185
5185, 43098
46806, 5186
5186, 19470
14785, 5187
5187, 19372
5187, 38770
5187, 18685
5187, 41757
20875, 5188
15029, 5188
26772, 5188
5188, 16688
28303, 5189
5189, 31843
28999, 5190
5190, 16508
31594, 5191
5191, 34137
27616, 5192
36920, 5192
5192, 23018
21331, 5193
5193, 16191
27895, 5194
5194, 47090
39485, 5195
5195, 31115
31059, 5196
5196, 45919
34947, 5197
5197, 28853
47866, 5198
5198, 48131
5198, 20440
5198, 18259
5198, 39349
41951, 5199
5199, 33349
28429, 5200
5200, 41572
5200, 12313
31613, 5201
5201, 18431
42399, 5202
5202, 17877
29784, 5203
5203, 46955
42110, 5204
5204, 29591
44255, 5205
5205, 27351
5205, 34727
24503, 5206
5206, 28613
22838, 5207
5207, 34312
5207, 39815
32588, 5208
5208, 41833
45510, 5209
5209, 28277
12663, 5210
5210, 20179
47561, 5211
25083, 5211
5211, 30723
13866, 5212
5212, 14037
5212, 46434
5212, 16416
5212, 27105
5212, 32054
22480, 5213
5213, 48403
27572, 5214
19045, 5214
5214, 45163
26873, 5215
26016, 5215
30417, 5215
14434, 5215
40348, 5215
12916, 5215
21747, 5215
20883, 5215
24238, 5215
36565, 5215
26085, 5215
22358, 5215
25344, 5215
26555, 5215
24887, 5215
42223, 5215
13984, 5215
41739, 5215
40412, 5215
43659, 5215
12899, 5215
30312, 5215
34818, 5215
24297, 5215
32345, 5215
47207, 5215
25636, 5215
12958, 5215
36461, 5215
31338, 5215
20491, 5215
40834, 5215
45958, 5215
23176, 5215
21914, 5215
23761, 5215
14550, 5215
45380, 5215
27175, 5215
32113, 5215
24108, 5215
20376, 5215
12377, 5215
37033, 5215
28318, 5215
39037, 5215
35393, 5215
48004, 5215
27457, 5215
47125, 5215
47882, 5215
5215, 40020
21164, 5216
45157, 5216
5216, 22544
44104, 5217
42544, 5217
5217, 45556
41901, 5218
15394, 5218
5218, 39719
5218, 14446
30536, 5219
5219, 33691
42110, 5220
5220, 41890
33059, 5221
5221, 43101
38829, 5222
5222, 26451
20138, 5223
19283, 5223
5223, 14208
26472, 5224
5224, 13813
34266, 5225
5225, 35125
5225, 34033
42110, 5226
5226, 35746
32574, 5227
5227, 17180
13165, 5228
5228, 42968
5228, 20634
5228, 27441
46806, 5229
5229, 16187
5229, 46342
33132, 5230
14287, 5230
5230, 15290
46204, 5231
19874, 5231
18682, 5231
5231, 27382
14686, 5232
5232, 40119
5232, 19676
5232, 30087
15517, 5233
5233, 41285
40975, 5234
5234, 41263
42110, 5235
5235, 43195
38235, 5236
5236, 39056
36098, 5237
5237, 44701
32399, 5238
5238, 32121
33868, 5239
13557, 5239
5239, 35034
24551, 5240
5240, 48582
18419, 5241
5241, 25267
5241, 40612
28599, 5242
15765, 5242
5242, 18644
5242, 40144
27421, 5243
5243, 34330
5243, 25239
22749, 5244
5244, 40851
15393, 5245
17831, 5245
20190, 5245
31080, 5245
5245, 27263
32367, 5246
5246, 24145
5246, 44274
46806, 5247
5247, 42633
38459, 5248
5248, 33339
45938, 5249
5249, 25658
21123, 5250
5250, 32214
5250, 37663
16019, 5251
5251, 34141
24895, 5252
5252, 46242
5252, 12313
5252, 17870
45048, 5253
32276, 5253
23521, 5253
5253, 16449
5253, 33639
5253, 22719
21056, 5254
5254, 33613
29663, 5255
5255, 44202
20092, 5256
28610, 5256
5256, 24707
40581, 5257
5257, 46045
44417, 5258
5258, 23033
28761, 5259
5259, 41023
5259, 24095
28191, 5260
5260, 44007
32721, 5261
5261, 38038
5261, 19037
35696, 5262
5262, 45927
5262, 41100
5262, 26643
5262, 40555
46806, 5263
5263, 18622
22309, 5264
47444, 5264
5264, 40104
40151, 5265
5265, 17265
25759, 5266
5266, 42527
25179, 5267
5267, 23293
20073, 5268
5268, 43200
12558, 5269
23321, 5269
37957, 5269
36836, 5269
13069, 5269
46286, 5269
13249, 5269
17348, 5269
25837, 5269
26374, 5269
38119, 5269
14891, 5269
26075, 5269
35795, 5269
36407, 5269
44043, 5269
35797, 5269
32419, 5269
24466, 5269
36606, 5269
28086, 5269
19848, 5269
40108, 5269
14761, 5269
35593, 5269
46176, 5269
26744, 5269
37409, 5269
48109, 5269
13416, 5269
15896, 5269
42601, 5269
5269, 12485
33187, 5270
5270, 41937
5270, 18821
42110, 5271
5271, 32119
31777, 5272
5272, 12503
29789, 5273
5273, 20989
12356, 5274
5274, 36210
5274, 47052
5274, 41960
5274, 24046
5274, 22779
42020, 5275
5275, 30287
30464, 5276
5276, 14527
5276, 12422
31059, 5277
5277, 39775
42110, 5278
5278, 18013
17517, 5279
21369, 5279
5279, 45880
47849, 5280
5280, 31267
17724, 5281
5281, 33564
5281, 36315
5281, 46207
33284, 5282
5282, 20871
44574, 5283
34013, 5283
5283, 33073
44833, 5284
5284, 23385
17454, 5285
5285, 40588
5285, 41194
27818, 5286
5286, 45000
46771, 5287
5287, 21139
14862, 5288
5288, 31209
42110, 5289
5289, 44755
18200, 5290
5290, 25085
25213, 5291
21332, 5291
30696, 5291
45771, 5291
28300, 5291
43537, 5291
39060, 5291
31562, 5291
43199, 5291
34183, 5291
13183, 5291
42371, 5291
14537, 5291
36451, 5291
35016, 5291
16121, 5291
38733, 5291
41056, 5291
22479, 5291
40738, 5291
26929, 5291
14490, 5291
30973, 5291
37324, 5291
47224, 5291
35463, 5291
42496, 5291
46341, 5291
21892, 5291
45026, 5291
36275, 5291
24519, 5291
30191, 5291
19638, 5291
18873, 5291
48164, 5291
45241, 5291
45115, 5291
44019, 5291
43496, 5291
30635, 5291
19415, 5291
13971, 5291
22731, 5291
46935, 5291
20050, 5291
25401, 5291
48396, 5291
22058, 5291
44994, 5291
27431, 5291
29165, 5291
30264, 5291
12862, 5291
35277, 5291
28033, 5291
23016, 5291
32207, 5291
41180, 5291
34179, 5291
46368, 5291
31158, 5291
21145, 5291
19457, 5291
37827, 5291
39277, 5291
41899, 5291
40286, 5291
45460, 5291
19825, 5291
21347, 5291
40073, 5291
18748, 5291
39030, 5291
45585, 5291
40973, 5291
21207, 5291
17375, 5291
34294, 5291
23579, 5291
40420, 5291
23979, 5291
16883, 5291
13620, 5291
32750, 5291
15288, 5291
25745, 5291
21176, 5291
41919, 5291
14200, 5291
28385, 5291
20438, 5291
45125, 5291
44904, 5291
33142, 5291
22889, 5291
15277, 5291
37417, 5291
12931, 5291
39510, 5291
24264, 5291
44014, 5291
31432, 5291
28140, 5291
37285, 5291
38260, 5291
32133, 5291
21071, 5291
35104, 5291
26927, 5291
18053, 5291
20807, 5291
42918, 5291
15664, 5291
35053, 5291
27487, 5291
17411, 5291
24660, 5291
34379, 5291
30558, 5291
23813, 5291
35632, 5291
29042, 5291
19326, 5291
37600, 5291
19201, 5291
47186, 5291
46152, 5291
19073, 5291
15550, 5291
29147, 5291
45925, 5291
23994, 5291
32994, 5291
17919, 5291
31915, 5291
23454, 5291
33760, 5291
39281, 5291
5291, 20352
40873, 5292
5292, 25906
22482, 5293
15489, 5293
38740, 5293
31983, 5293
36684, 5293
24427, 5293
27986, 5293
36234, 5293
17659, 5293
22726, 5293
13074, 5293
44091, 5293
23112, 5293
5293, 21199
19677, 5294
5294, 44677
23919, 5295
5295, 40137
15442, 5296
5296, 22420
5296, 27904
5296, 35470
20435, 5297
5297, 26773
5297, 35478
32202, 5298
5298, 42060
42110, 5299
5299, 14483
16960, 5300
19187, 5300
45845, 5300
12485, 5300
5300, 41413
44730, 5301
5301, 35508
37273, 5302
5302, 21090
5302, 41928
5302, 34722
27075, 5303
5303, 34226
45634, 5304
5304, 15841
42110, 5305
5305, 47610
19524, 5306
5306, 20388
37411, 5307
5307, 40772
46522, 5308
5308, 34214
17028, 5309
5309, 39954
42110, 5310
5310, 20525
25759, 5311
5311, 36814
46194, 5312
5312, 38796
29708, 5313
40207, 5313
40409, 5313
26512, 5313
5313, 30842
5313, 32552
46806, 5314
5314, 36751
42446, 5315
5315, 21815
5315, 22167
5315, 17870
5315, 12692
5315, 37253
44375, 5316
5316, 15125
43291, 5317
5317, 28417
20607, 5318
5318, 15972
32202, 5319
5319, 21226
5319, 21720
22539, 5320
5320, 20217
5320, 26813
17598, 5321
35741, 5321
5321, 18593
22495, 5322
5322, 23738
31612, 5323
5323, 41207
13931, 5324
5324, 46836
13152, 5325
5325, 40623
5325, 29582
5325, 31580
5325, 45703
5325, 47467
5325, 12422
5325, 20083
45442, 5326
5326, 21798
12482, 5327
5327, 44750
45671, 5328
5328, 12360
5328, 18134
5328, 30324
5328, 18063
17763, 5329
5329, 26225
13165, 5330
5330, 44414
45538, 5331
5331, 15752
30910, 5332
37209, 5332
17291, 5332
32188, 5332
32022, 5332
21613, 5332
5332, 42598
42110, 5333
5333, 45111
40351, 5334
5334, 37725
47407, 5335
5335, 27474
5335, 39621
18986, 5336
5336, 35840
43619, 5337
44957, 5337
44970, 5337
39371, 5337
43123, 5337
5337, 41893
33939, 5338
13628, 5338
29552, 5338
29635, 5338
5338, 38750
43360, 5339
5339, 27626
15221, 5340
5340, 18049
5340, 35625
42110, 5341
5341, 13911
30554, 5342
5342, 32074
5342, 26885
5342, 20245
38829, 5343
5343, 26451
45435, 5344
47146, 5344
5344, 34396
26752, 5345
22740, 5345
5345, 21357
17763, 5346
5346, 33990
42110, 5347
5347, 31402
48056, 5348
5348, 16913
42174, 5349
5349, 32980
42850, 5350
5350, 36180
21186, 5351
5351, 24282
46806, 5352
5352, 33668
38814, 5353
5353, 22985
5353, 41921
5353, 31310
36714, 5354
5354, 42832
5354, 46311
5354, 21063
5354, 14821
5354, 25297
14661, 5355
5355, 37109
14766, 5356
5356, 47827
41831, 5357
5357, 25311
36092, 5358
5358, 37146
15205, 5359
5359, 35893
37378, 5360
5360, 44322
35536, 5361
5361, 35125
5361, 33198
36205, 5362
5362, 34394
43543, 5363
5363, 16099
20711, 5364
5364, 30232
48683, 5365
5365, 17088
48215, 5366
5366, 16252
32611, 5367
5367, 38125
37732, 5368
5368, 22706
21857, 5369
31121, 5369
5369, 26040
5369, 17464
5369, 21666
20665, 5370
16712, 5370
5370, 48227
5370, 17111
22313, 5371
5371, 16250
19832, 5372
5372, 38867
47746, 5373
42249, 5373
43121, 5373
5373, 22688
47194, 5374
5374, 19015
33617, 5375
38296, 5375
24198, 5375
43179, 5375
26562, 5375
13586, 5375
36340, 5375
5375, 25585
20512, 5376
5376, 26542
5376, 36893
5376, 33044
5376, 38784
5376, 12906
45842, 5377
34370, 5377
5377, 45580
42110, 5378
5378, 46675
13462, 5379
5379, 24090
44029, 5380
5380, 34019
5380, 47109
21759, 5381
5381, 38515
42110, 5382
5382, 13578
32818, 5383
15181, 5383
12417, 5383
45317, 5383
19079, 5383
43451, 5383
5383, 29205
42174, 5384
5384, 46259
23767, 5385
39084, 5385
5385, 43196
21768, 5386
5386, 30871
37878, 5387
5387, 39857
16210, 5388
29541, 5388
5388, 26545
14579, 5389
16713, 5389
29281, 5389
37975, 5389
13980, 5389
5389, 16449
5389, 27938
29209, 5390
5390, 18088
26001, 5391
5391, 17668
13844, 5392
5392, 18334
42110, 5393
5393, 15146
39847, 5394
5394, 37736
25889, 5395
5395, 31421
38757, 5396
5396, 30681
27309, 5397
5397, 19161
25919, 5398
5398, 14821
5398, 46966
5398, 22970
5398, 24294
5398, 13433
42110, 5399
5399, 31440
46806, 5400
5400, 17083
33019, 5401
5401, 19686
14085, 5402
5402, 21335
5402, 30794
5402, 41427
5402, 45964
5402, 39004
23400, 5403
34812, 5403
5403, 26996
5403, 30897
23959, 5404
44038, 5404
34704, 5404
34297, 5404
5404, 38546
43953, 5405
20542, 5405
5405, 14507
16443, 5406
31195, 5406
21598, 5406
5406, 32240
33993, 5407
5407, 28167
39609, 5408
5408, 34873
19414, 5409
22513, 5409
38770, 5409
30352, 5409
37456, 5409
5409, 29361
36465, 5410
5410, 27996
5410, 24553
5410, 18353
5410, 26035
5410, 20313
5410, 18696
13873, 5411
33029, 5411
5411, 21449
5411, 13665
5411, 36247
43431, 5412
5412, 20302
42110, 5413
5413, 34098
41548, 5414
5414, 48525
5414, 21516
22587, 5415
40153, 5415
5415, 26528
46051, 5416
5416, 24062
5416, 45878
5416, 23735
5416, 35640
5416, 44274
23430, 5417
5417, 48249
42110, 5418
5418, 18617
24088, 5419
5419, 38370
22805, 5420
5420, 34698
40886, 5421
5421, 27054
13771, 5422
5422, 43373
35390, 5423
12491, 5423
5423, 22468
41600, 5424
23944, 5424
5424, 47000
27696, 5425
5425, 19041
42110, 5426
5426, 43848
22197, 5427
5427, 43810
5427, 47035
33574, 5428
27691, 5428
48267, 5428
32868, 5428
5428, 46537
12406, 5429
5429, 26451
5429, 12313
29388, 5430
24062, 5430
28458, 5430
5430, 46927
41253, 5431
5431, 20688
5431, 46639
5431, 48523
37135, 5432
5432, 34756
45776, 5433
41186, 5433
5433, 45578
42110, 5434
5434, 21430
39190, 5435
5435, 14192
39524, 5436
5436, 34216
5436, 44456
36465, 5437
5437, 25350
45309, 5438
5438, 35548
42110, 5439
5439, 30763
16049, 5440
47755, 5440
27781, 5440
26451, 5440
19960, 5440
47761, 5440
47119, 5440
20256, 5440
40229, 5440
41513, 5440
34940, 5440
40119, 5440
38486, 5440
21139, 5440
12313, 5440
33826, 5440
44637, 5440
18761, 5440
37642, 5440
28889, 5440
31165, 5440
31389, 5440
48072, 5440
16768, 5440
26163, 5440
32824, 5440
31101, 5440
20404, 5440
27194, 5440
34394, 5440
19588, 5440
42342, 5440
43757, 5440
25924, 5440
23101, 5440
35261, 5440
48064, 5440
46618, 5440
14821, 5440
12324, 5440
48304, 5440
47370, 5440
42317, 5440
19202, 5440
48140, 5440
19511, 5440
43946, 5440
27783, 5440
18063, 5440
23165, 5440
19208, 5440
37981, 5440
13888, 5440
31706, 5440
31858, 5440
34189, 5440
38644, 5440
12463, 5440
31355, 5440
29942, 5440
18109, 5440
35692, 5440
14527, 5440
17799, 5440
42454, 5440
24095, 5440
46217, 5440
38370, 5440
31510, 5440
27982, 5440
43990, 5440
19281, 5440
20066, 5440
46959, 5440
15375, 5440
15866, 5440
22173, 5440
16090, 5440
31221, 5440
26057, 5440
40326, 5440
32631, 5440
21795, 5440
47378, 5440
13344, 5440
17939, 5440
17664, 5440
46383, 5440
46866, 5440
12778, 5440
19892, 5440
35806, 5440
26399, 5440
47368, 5440
41733, 5440
19349, 5440
26111, 5440
35418, 5440
13510, 5440
42751, 5440
38557, 5440
26458, 5440
33830, 5440
16978, 5440
37940, 5440
17978, 5440
22710, 5440
15028, 5440
44871, 5440
30514, 5440
22888, 5440
44044, 5440
16506, 5440
45757, 5440
30953, 5440
5440, 42110
20449, 5441
24143, 5441
5441, 31787
5441, 21793
42110, 5442
5442, 17501
33943, 5443
5443, 21688
22993, 5444
5444, 28028
35793, 5445
5445, 32339
16459, 5446
5446, 26766
47931, 5447
5447, 48205
42110, 5448
5448, 20803
36038, 5449
5449, 12872
5449, 21373
5449, 34653
36922, 5450
5450, 43119
5450, 27401
5450, 38925
38829, 5451
5451, 44155
34718, 5452
25612, 5452
38037, 5452
42525, 5452
15421, 5452
26469, 5452
15381, 5452
17977, 5452
42701, 5452
16163, 5452
33036, 5452
25204, 5452
31431, 5452
47743, 5452
20536, 5452
33766, 5452
14891, 5452
40057, 5452
38365, 5452
15462, 5452
41040, 5452
18693, 5452
35855, 5452
20402, 5452
47792, 5452
24676, 5452
16975, 5452
18904, 5452
13378, 5452
15896, 5452
18193, 5452
18836, 5452
22705, 5452
46301, 5452
40698, 5452
5452, 28962
17065, 5453
23905, 5453
5453, 16762
5453, 13552
38833, 5454
5454, 16681
42110, 5455
5455, 17150
13141, 5456
36575, 5456
43411, 5456
36618, 5456
5456, 32320
25392, 5457
5457, 33333
36465, 5458
5458, 37908
36465, 5459
5459, 40392
5459, 14216
5459, 43952
32089, 5460
5460, 26973
47954, 5461
5461, 19615
37668, 5462
5462, 29499
42110, 5463
5463, 14721
42110, 5464
5464, 27830
30038, 5465
5465, 16117
46806, 5466
5466, 15051
5466, 48596
42110, 5467
5467, 22829
42368, 5468
5468, 30258
33329, 5469
28207, 5469
43847, 5469
31270, 5469
28403, 5469
36286, 5469
16794, 5469
27482, 5469
22605, 5469
28965, 5469
28959, 5469
26179, 5469
14866, 5469
5469, 17302
24581, 5470
22641, 5470
5470, 44658
46595, 5471
5471, 47625
40149, 5472
5472, 48471
25759, 5473
5473, 15304
46441, 5474
5474, 20158
36465, 5475
5475, 27996
5475, 19872
42110, 5476
5476, 20803
19669, 5477
5477, 20926
47002, 5478
5478, 33616
46163, 5479
5479, 21472
5479, 46418
5479, 25120
5479, 15422
5479, 42087
5479, 23816
5479, 41410
5479, 45245
5479, 13834
5479, 31308
5479, 36057
5479, 22461
5479, 25441
5479, 26855
5479, 22570
5479, 13968
5479, 44700
5479, 26597
5479, 44829
5479, 22072
5479, 21611
5479, 20430
5479, 14502
5479, 14378
5479, 31378
5479, 19089
5479, 17589
5479, 29088
5479, 31194
5479, 48200
35439, 5480
5480, 37918
31376, 5481
24086, 5481
5481, 23642
21298, 5482
5482, 18389
5482, 36878
5482, 38800
5482, 39573
12358, 5483
17398, 5483
5483, 34843
42110, 5484
5484, 33269
21933, 5485
5485, 48582
15267, 5486
22357, 5486
39846, 5486
5486, 39975
45205, 5487
5487, 23246
42110, 5488
5488, 41998
38123, 5489
34626, 5489
5489, 28657
27076, 5490
28792, 5490
5490, 25987
43855, 5491
5491, 32308
5491, 23996
45179, 5492
5492, 19595
5492, 21666
5492, 39919
17264, 5493
39475, 5493
32997, 5493
33032, 5493
5493, 17524
5493, 38764
5493, 37967
32909, 5494
5494, 29719
5494, 18562
13129, 5495
5495, 32881
43922, 5496
5496, 38081
46806, 5497
5497, 45784
5497, 21024
34769, 5498
20276, 5498
5498, 25613
27818, 5499
5499, 32551
36274, 5500
17639, 5500
5500, 42457
14922, 5501
5501, 19678
24678, 5502
5502, 19179
42174, 5503
5503, 29238
45995, 5504
5504, 27909
31836, 5505
38138, 5505
29189, 5505
5505, 25713
41879, 5506
5506, 17184
42110, 5507
5507, 14433
31598, 5508
5508, 33075
32303, 5509
34904, 5509
5509, 20412
45079, 5510
5510, 19823
33475, 5511
5511, 19745
5511, 45577
5511, 13880
5511, 41391
41827, 5512
5512, 32415
45205, 5513
5513, 20786
42110, 5514
5514, 43860
35138, 5515
21909, 5515
5515, 27051
30448, 5516
5516, 21049
15361, 5517
5517, 16360
34010, 5518
5518, 37456
46806, 5519
5519, 22216
46053, 5520
26019, 5520
42168, 5520
5520, 34489
43482, 5521
30982, 5521
5521, 31355
40992, 5522
5522, 38038
42110, 5523
5523, 19811
36798, 5524
5524, 41722
5524, 23269
5524, 43239
5524, 48347
5524, 33637
42110, 5525
5525, 41155
42110, 5526
5526, 43319
42110, 5527
5527, 45654
15147, 5528
5528, 40613
13165, 5529
5529, 16672
40058, 5530
5530, 38557
13456, 5531
5531, 45628
32903, 5532
5532, 30292
40146, 5533
46850, 5533
28179, 5533
42447, 5533
5533, 40831
30536, 5534
5534, 29000
36124, 5535
45073, 5535
36654, 5535
24731, 5535
29805, 5535
36497, 5535
29856, 5535
20046, 5535
40966, 5535
28243, 5535
21428, 5535
15766, 5535
47376, 5535
32572, 5535
21960, 5535
38602, 5535
42506, 5535
14213, 5535
26769, 5535
23108, 5535
28001, 5535
44720, 5535
25547, 5535
30890, 5535
22078, 5535
21338, 5535
23518, 5535
13606, 5535
22871, 5535
36682, 5535
20007, 5535
13583, 5535
42094, 5535
12799, 5535
47591, 5535
25922, 5535
13929, 5535
26713, 5535
42940, 5535
44694, 5535
21622, 5535
22561, 5535
19928, 5535
46924, 5535
25756, 5535
39831, 5535
23551, 5535
17491, 5535
42172, 5535
27682, 5535
37316, 5535
22287, 5535
22979, 5535
37535, 5535
33495, 5535
39784, 5535
47105, 5535
28946, 5535
30083, 5535
25939, 5535
25236, 5535
35983, 5535
15318, 5535
28639, 5535
44919, 5535
20695, 5535
23591, 5535
26903, 5535
42725, 5535
20652, 5535
47107, 5535
15456, 5535
35082, 5535
35950, 5535
28564, 5535
28563, 5535
21080, 5535
29714, 5535
38448, 5535
24815, 5535
34592, 5535
40498, 5535
12795, 5535
43942, 5535
17448, 5535
17214, 5535
24106, 5535
13589, 5535
37268, 5535
48343, 5535
20377, 5535
31595, 5535
17847, 5535
29019, 5535
43372, 5535
21159, 5535
28854, 5535
21777, 5535
40632, 5535
23931, 5535
15504, 5535
40816, 5535
28068, 5535
19402, 5535
41230, 5535
18194, 5535
15382, 5535
14746, 5535
42892, 5535
22215, 5535
16963, 5535
22994, 5535
20914, 5535
35535, 5535
43169, 5535
24016, 5535
42502, 5535
29107, 5535
41802, 5535
34982, 5535
29673, 5535
48425, 5535
23426, 5535
42046, 5535
20012, 5535
36003, 5535
42381, 5535
27360, 5535
35113, 5535
33242, 5535
22940, 5535
21858, 5535
43979, 5535
17125, 5535
21645, 5535
24507, 5535
42413, 5535
19239, 5535
13592, 5535
13081, 5535
25200, 5535
24234, 5535
22650, 5535
45431, 5535
43010, 5535
19583, 5535
20974, 5535
21981, 5535
25663, 5535
24380, 5535
33101, 5535
26353, 5535
17338, 5535
40792, 5535
29080, 5535
17388, 5535
30524, 5535
22718, 5535
37932, 5535
35469, 5535
15777, 5535
28317, 5535
48195, 5535
47507, 5535
43079, 5535
32886, 5535
21931, 5535
48495, 5535
27016, 5535
21032, 5535
24697, 5535
45401, 5535
23759, 5535
19482, 5535
5535, 46305
5535, 43749
5535, 18129
5535, 24798
5535, 45557
5535, 48225
5535, 28132
47576, 5536
5536, 30803
20223, 5537
30176, 5537
31716, 5537
47185, 5537
5537, 33853
17849, 5538
18291, 5538
20825, 5538
16939, 5538
30959, 5538
40776, 5538
45817, 5538
5538, 23444
5538, 24284
46424, 5539
5539, 18799
48332, 5540
5540, 27303
17246, 5541
5541, 25685
5541, 31389
5541, 47307
32370, 5542
30593, 5542
20153, 5542
35011, 5542
40869, 5542
5542, 19595
5542, 18137
5542, 39919
38608, 5543
5543, 44382
5543, 26483
46032, 5544
26742, 5544
32032, 5544
5544, 37472
5544, 32281
42110, 5545
5545, 12828
44698, 5546
5546, 32434
16752, 5547
5547, 29469
40509, 5548
30193, 5548
5548, 19766
43506, 5549
5549, 41088
32107, 5550
5550, 17161
23524, 5551
5551, 26190
42110, 5552
5552, 15570
47699, 5553
5553, 32706
37998, 5554
5554, 47955
16017, 5555
5555, 24095
36465, 5556
5556, 27996
5556, 21079
5556, 24552
31594, 5557
5557, 34137
43524, 5558
19405, 5558
13481, 5558
5558, 22541
42110, 5559
5559, 40919
42110, 5560
5560, 35746
37096, 5561
5561, 24182
5561, 20098
5561, 44274
24177, 5562
5562, 19686
38889, 5563
5563, 24145
25645, 5564
5564, 24835
5564, 19255
25688, 5565
5565, 18347
29219, 5566
44718, 5566
5566, 47389
42110, 5567
5567, 23171
42110, 5568
5568, 26301
21331, 5569
5569, 17718
46939, 5570
5570, 24696
46806, 5571
5571, 21221
42110, 5572
5572, 15205
18370, 5573
27615, 5573
45366, 5573
5573, 35954
42110, 5574
5574, 31770
42110, 5575
5575, 29915
32161, 5576
43583, 5576
5576, 27152
43822, 5577
5577, 25571
5577, 40025
5577, 39621
5577, 37506
5577, 17664
5577, 16386
5577, 44322
28566, 5578
5578, 19507
24668, 5579
5579, 45482
5579, 41598
5579, 44761
5579, 44060
35699, 5580
5580, 15426
16930, 5581
29745, 5581
5581, 45067
30850, 5582
35836, 5582
5582, 18361
41078, 5583
5583, 20827
30260, 5584
5584, 23385
20448, 5585
5585, 32354
5585, 24750
5585, 12880
37074, 5586
21257, 5586
5586, 24003
37578, 5587
5587, 14727
46806, 5588
5588, 22648
15749, 5589
5589, 16295
25482, 5590
23920, 5590
5590, 46268
34915, 5591
5591, 34795
24554, 5592
5592, 24764
42110, 5593
5593, 31922
22053, 5594
5594, 35346
25953, 5595
5595, 22752
5595, 23404
31671, 5596
36830, 5596
38983, 5596
26269, 5596
14442, 5596
5596, 44001
38407, 5597
23962, 5597
5597, 19612
34801, 5598
5598, 18579
42110, 5599
5599, 16016
18530, 5600
5600, 41245
37220, 5601
5601, 28502
41000, 5602
43117, 5602
5602, 40006
38533, 5603
38840, 5603
42898, 5603
5603, 32103
42050, 5604
5604, 27351
47469, 5605
5605, 14625
5605, 31892
38412, 5606
5606, 45077
27738, 5607
5607, 25161
5607, 41983
16494, 5608
43960, 5608
25848, 5608
18810, 5608
18528, 5608
34608, 5608
20886, 5608
5608, 46753
5608, 16449
5608, 16557
14013, 5609
40264, 5609
5609, 46212
26244, 5610
5610, 30452
5610, 24169
5610, 18310
23001, 5611
5611, 14991
5611, 44852
5611, 32232
27523, 5612
5612, 18535
5612, 15602
5612, 29526
46343, 5613
31429, 5613
5613, 43517
24171, 5614
5614, 30879
37668, 5615
5615, 29499
36691, 5616
5616, 32422
21953, 5617
5617, 23987
40883, 5618
5618, 34229
42110, 5619
5619, 15291
36970, 5620
47637, 5620
5620, 24504
30599, 5621
5621, 48397
5621, 12348
42110, 5622
5622, 45506
29816, 5623
5623, 42284
42110, 5624
5624, 30450
42110, 5625
5625, 40969
24382, 5626
5626, 34061
5626, 46876
27883, 5627
25789, 5627
5627, 32180
15282, 5628
5628, 45911
13194, 5629
5629, 30354
42110, 5630
5630, 24576
47766, 5631
36848, 5631
32121, 5631
24458, 5631
37623, 5631
26513, 5631
30529, 5631
48213, 5631
40336, 5631
19872, 5631
46162, 5631
35069, 5631
39389, 5631
35892, 5631
44948, 5631
24809, 5631
39767, 5631
40171, 5631
43912, 5631
32867, 5631
36247, 5631
30453, 5631
27214, 5631
16087, 5631
20071, 5631
18809, 5631
25692, 5631
40724, 5631
5631, 46806
5631, 14075
42110, 5632
5632, 23778
46806, 5633
5633, 13157
22243, 5634
36426, 5634
5634, 47980
29643, 5635
5635, 40054
5635, 21612
5635, 35496
21254, 5636
27140, 5636
5636, 22518
27120, 5637
5637, 47727
21168, 5638
5638, 40821
24929, 5639
5639, 44075
46507, 5640
29676, 5640
5640, 33012
44714, 5641
5641, 46758
44027, 5642
30100, 5642
5642, 37362
34922, 5643
5643, 33867
20306, 5644
5644, 15301
17222, 5645
5645, 29440
40910, 5646
5646, 24394
5646, 20841
42110, 5647
5647, 41377
14922, 5648
5648, 19678
26828, 5649
5649, 41331
28023, 5650
5650, 42545
39108, 5651
5651, 29566
38650, 5652
5652, 22880
41416, 5653
5653, 23446
32442, 5654
5654, 31046
41951, 5655
5655, 36564
16137, 5656
5656, 29103
27818, 5657
5657, 38789
12753, 5658
5658, 14082
5658, 19481
5658, 28985
42110, 5659
5659, 33446
42110, 5660
5660, 35043
20234, 5661
5661, 21033
5661, 28458
5661, 45422
5661, 12313
5661, 45695
34140, 5662
5662, 17570
31161, 5663
5663, 19193
34878, 5664
5664, 33623
20241, 5665
43974, 5665
5665, 43398
31815, 5666
5666, 21894
30018, 5667
5667, 13452
5667, 28416
5667, 41706
32407, 5668
5668, 21795
42110, 5669
5669, 39035
38829, 5670
5670, 19383
42110, 5671
5671, 27901
31059, 5672
5672, 46121
32202, 5673
5673, 28098
38624, 5674
5674, 22281
45238, 5675
5675, 35673
35746, 5676
5676, 40563
29615, 5677
26022, 5677
5677, 32635
25179, 5678
5678, 23293
39357, 5679
5679, 43086
34163, 5680
15808, 5680
46928, 5680
5680, 43285
42110, 5681
5681, 30243
42212, 5682
5682, 21749
42110, 5683
5683, 16362
31681, 5684
5684, 29960
19699, 5685
13489, 5685
28607, 5685
5685, 45937
34475, 5686
27361, 5686
47803, 5686
24901, 5686
5686, 14586
42110, 5687
5687, 25727
31059, 5688
5688, 27637
14249, 5689
5689, 39946
19710, 5690
37422, 5690
5690, 37339
47739, 5691
43432, 5691
5691, 17921
42110, 5692
5692, 26203
28890, 5693
37597, 5693
5693, 23501
29735, 5694
42679, 5694
5694, 26082
26644, 5695
5695, 14923
31311, 5696
5696, 26230
15377, 5697
5697, 13856
43891, 5698
5698, 47383
28442, 5699
5699, 12681
48365, 5700
20154, 5700
41594, 5700
5700, 37845
13082, 5701
5701, 14037
5701, 26773
5701, 18469
5701, 21357
5701, 36469
5701, 20506
5701, 14917
25171, 5702
5702, 24783
39153, 5703
5703, 37725
46806, 5704
5704, 35283
29299, 5705
47007, 5705
34850, 5705
5705, 21235
18524, 5706
5706, 20374
5706, 39284
5706, 33243
29130, 5707
5707, 12401
42110, 5708
5708, 38039
45091, 5709
44917, 5709
5709, 40894
30734, 5710
5710, 45456
42110, 5711
5711, 24491
48381, 5712
5712, 48469
43411, 5713
23346, 5713
5713, 42144
24915, 5714
24926, 5714
29555, 5714
5714, 32534
34320, 5715
14423, 5715
43742, 5715
5715, 48533
5715, 29534
5715, 45269
14063, 5716
5716, 35187
36616, 5717
5717, 20990
5717, 46180
35217, 5718
5718, 14726
33463, 5719
5719, 38100
39191, 5720
35365, 5720
26574, 5720
32469, 5720
32051, 5720
36460, 5720
5720, 32205
34096, 5721
5721, 16539
5721, 34575
28823, 5722
5722, 26758
5722, 37706
5722, 38631
5722, 40421
5722, 32764
5722, 15292
32135, 5723
5723, 37401
18578, 5724
5724, 38746
25496, 5725
5725, 43266
42110, 5726
5726, 13208
37293, 5727
5727, 15320
32578, 5728
5728, 27662
29491, 5729
5729, 14935
5729, 19074
5729, 40025
45548, 5730
31177, 5730
18294, 5730
41245, 5730
34722, 5730
18463, 5730
21311, 5730
34513, 5730
45791, 5730
15531, 5730
24025, 5730
22328, 5730
17379, 5730
31726, 5730
34976, 5730
36494, 5730
33045, 5730
40077, 5730
42699, 5730
43382, 5730
21119, 5730
18698, 5730
35420, 5730
46409, 5730
36686, 5730
47349, 5730
48583, 5730
47336, 5730
21730, 5730
22122, 5730
24904, 5730
14438, 5730
14261, 5730
35441, 5730
38991, 5730
22562, 5730
44319, 5730
31776, 5730
21117, 5730
42067, 5730
37740, 5730
27263, 5730
35143, 5730
26939, 5730
35630, 5730
32378, 5730
39408, 5730
33051, 5730
28763, 5730
46954, 5730
24659, 5730
45020, 5730
38768, 5730
28263, 5730
27679, 5730
41691, 5730
34848, 5730
22266, 5730
38746, 5730
28865, 5730
41496, 5730
34164, 5730
35243, 5730
36841, 5730
36440, 5730
37047, 5730
33487, 5730
27891, 5730
31708, 5730
46290, 5730
40131, 5730
22090, 5730
22750, 5730
17115, 5730
40063, 5730
41530, 5730
32183, 5730
15400, 5730
34438, 5730
30345, 5730
27531, 5730
39195, 5730
38163, 5730
39377, 5730
28016, 5730
37871, 5730
42991, 5730
41697, 5730
22491, 5730
17054, 5730
37561, 5730
18157, 5730
38174, 5730
26156, 5730
47635, 5730
41881, 5730
13263, 5730
18348, 5730
26392, 5730
14087, 5730
38498, 5730
44456, 5730
27633, 5730
41693, 5730
22725, 5730
24894, 5730
43541, 5730
31258, 5730
46637, 5730
47881, 5730
30446, 5730
37301, 5730
27944, 5730
19908, 5730
24604, 5730
17559, 5730
27266, 5730
47353, 5730
5730, 21634
28493, 5731
5731, 43229
19637, 5732
5732, 29443
36255, 5733
5733, 34110
5733, 16850
18084, 5734
5734, 13804
14984, 5735
5735, 40620
42110, 5736
5736, 48353
36465, 5737
5737, 27996
5737, 20425
19807, 5738
5738, 32260
42074, 5739
5739, 43944
5739, 38021
5739, 37018
31659, 5740
5740, 13742
40808, 5741
5741, 14935
5741, 32415
41388, 5742
5742, 22864
15408, 5743
5743, 28619
44901, 5744
5744, 22415
12438, 5745
16310, 5745
5745, 41236
20125, 5746
5746, 32103
44092, 5747
5747, 38557
31682, 5748
5748, 16129
42110, 5749
5749, 36347
42110, 5750
5750, 35935
13998, 5751
5751, 43265
27818, 5752
5752, 28400
43370, 5753
5753, 42697
15348, 5754
33692, 5754
5754, 29374
42110, 5755
5755, 26723
14251, 5756
5756, 29891
43834, 5757
5757, 18644
39613, 5758
5758, 25952
18669, 5759
27996, 5759
34302, 5759
34701, 5759
20580, 5759
42206, 5759
26030, 5759
15990, 5759
48336, 5759
35895, 5759
5759, 46806
5759, 42045
31558, 5760
5760, 37750
5760, 45729
18178, 5761
12610, 5761
47826, 5761
17428, 5761
44440, 5761
25383, 5761
5761, 39687
42110, 5762
5762, 22332
27818, 5763
5763, 27550
42110, 5764
5764, 25238
20803, 5765
5765, 19805
45205, 5766
5766, 43202
46806, 5767
5767, 41832
38088, 5768
5768, 22677
41624, 5769
5769, 37541
27818, 5770
5770, 19686
27483, 5771
5771, 38867
15161, 5772
5772, 31221
36075, 5773
5773, 29597
5773, 25863
5773, 32525
5773, 23008
42110, 5774
5774, 41529
31760, 5775
5775, 31174
30113, 5776
37999, 5776
25783, 5776
5776, 46753
5776, 22719
46806, 5777
5777, 21855
42110, 5778
5778, 13216
28114, 5779
5779, 35440
47393, 5780
5780, 25786
42110, 5781
5781, 37791
35379, 5782
5782, 44964
31394, 5783
5783, 48362
5783, 31300
13165, 5784
5784, 29334
18778, 5785
5785, 24084
20052, 5786
33381, 5786
39502, 5786
47229, 5786
34685, 5786
24653, 5786
20646, 5786
28926, 5786
39752, 5786
33234, 5786
38893, 5786
41395, 5786
5786, 17302
24044, 5787
5787, 30561
30536, 5788
5788, 24981
42110, 5789
5789, 19218
22418, 5790
5790, 43392
39114, 5791
24780, 5791
31405, 5791
33387, 5791
27402, 5791
5791, 20133
29297, 5792
5792, 42991
18112, 5793
5793, 16661
20803, 5794
5794, 36307
12371, 5795
5795, 43817
24434, 5796
5796, 30358
36339, 5797
5797, 26489
27117, 5798
5798, 34623
31929, 5799
5799, 42390
46308, 5800
5800, 28334
31082, 5801
5801, 20193
5801, 17386
5801, 46866
46806, 5802
5802, 22216
39316, 5803
5803, 31995
37816, 5804
5804, 36848
41341, 5805
5805, 31551
13252, 5806
34691, 5806
30456, 5806
39511, 5806
5806, 48151
5806, 21309
38638, 5807
5807, 29472
48160, 5808
45965, 5808
48601, 5808
5808, 45881
5808, 36483
45586, 5809
5809, 40203
5809, 14410
5809, 27733
24121, 5810
5810, 30337
5810, 38255
5810, 39621
5810, 46699
5810, 45300
42110, 5811
5811, 13388
15241, 5812
5812, 47389
15317, 5813
5813, 33870
34031, 5814
5814, 46543
5814, 45664
5814, 45860
19115, 5815
5815, 31248
47392, 5816
5816, 29500
41791, 5817
5817, 20672
38141, 5818
46403, 5818
5818, 33212
38829, 5819
5819, 25724
46806, 5820
5820, 14956
46163, 5821
5821, 12590
5821, 16847
5821, 40742
5821, 37764
5821, 25327
5821, 48435
14250, 5822
46035, 5822
5822, 25458
32578, 5823
5823, 19592
40752, 5824
39142, 5824
5824, 33190
5824, 38992
27237, 5825
5825, 23198
5825, 27982
5825, 12778
37725, 5826
38138, 5826
24062, 5826
13042, 5826
5826, 26678
46595, 5827
5827, 47625
42110, 5828
5828, 35559
38076, 5829
47859, 5829
47539, 5829
47053, 5829
27282, 5829
43056, 5829
24178, 5829
32594, 5829
34057, 5829
42119, 5829
41255, 5829
25051, 5829
15933, 5829
48108, 5829
35098, 5829
24812, 5829
15468, 5829
20887, 5829
12561, 5829
45076, 5829
32995, 5829
20329, 5829
26407, 5829
47423, 5829
36288, 5829
34458, 5829
13309, 5829
38905, 5829
14916, 5829
46554, 5829
20901, 5829
29879, 5829
40940, 5829
27106, 5829
33425, 5829
40110, 5829
43321, 5829
12461, 5829
32532, 5829
33210, 5829
38601, 5829
14093, 5829
35756, 5829
5829, 22859
26241, 5830
33184, 5830
13853, 5830
5830, 46012
41415, 5831
5831, 24639
42110, 5832
5832, 40244
42110, 5833
5833, 18626
24407, 5834
29517, 5834
36862, 5834
29071, 5834
13490, 5834
27905, 5834
30997, 5834
48012, 5834
20465, 5834
18371, 5834
26670, 5834
5834, 27269
5834, 43723
5834, 28414
27469, 5835
5835, 33432
5835, 21661
5835, 14917
23011, 5836
5836, 38527
42110, 5837
5837, 48578
30994, 5838
24720, 5838
43539, 5838
32080, 5838
23481, 5838
39291, 5838
12854, 5838
29064, 5838
16057, 5838
27068, 5838
18285, 5838
29477, 5838
31528, 5838
19509, 5838
30595, 5838
46666, 5838
20554, 5838
16529, 5838
24072, 5838
28060, 5838
13289, 5838
44235, 5838
46663, 5838
37497, 5838
47798, 5838
36310, 5838
18879, 5838
41707, 5838
41912, 5838
28708, 5838
41034, 5838
36655, 5838
43649, 5838
29022, 5838
41326, 5838
44594, 5838
39754, 5838
35739, 5838
15547, 5838
46041, 5838
12344, 5838
14868, 5838
5838, 19413
34814, 5839
5839, 46029
42110, 5840
5840, 28043
14454, 5841
5841, 39056
5841, 46010
5841, 16356
21471, 5842
5842, 41588
29433, 5843
5843, 39157
5843, 36976
34039, 5844
5844, 22132
12746, 5845
5845, 44576
37631, 5846
5846, 36183
21004, 5847
5847, 30224
5847, 25602
5847, 35763
5847, 47436
17509, 5848
5848, 24058
46806, 5849
5849, 16978
20808, 5850
5850, 21309
28769, 5851
5851, 17942
21057, 5852
5852, 13601
19515, 5853
43852, 5853
5853, 20955
26077, 5854
5854, 25877
34006, 5855
19795, 5855
5855, 22290
5855, 13265
5855, 14951
28102, 5856
30952, 5856
46175, 5856
30774, 5856
15630, 5856
21084, 5856
30795, 5856
43278, 5856
32782, 5856
22107, 5856
18293, 5856
15822, 5856
37480, 5856
33279, 5856
43551, 5856
26971, 5856
14329, 5856
34965, 5856
47591, 5856
33897, 5856
29524, 5856
31271, 5856
34353, 5856
29520, 5856
14458, 5856
18062, 5856
23305, 5856
42198, 5856
24769, 5856
15398, 5856
14331, 5856
46266, 5856
22826, 5856
19837, 5856
38947, 5856
42546, 5856
43357, 5856
25954, 5856
14796, 5856
48065, 5856
43575, 5856
39287, 5856
12393, 5856
39081, 5856
18501, 5856
35128, 5856
13012, 5856
15423, 5856
15488, 5856
26818, 5856
16943, 5856
26788, 5856
16038, 5856
24811, 5856
12595, 5856
46723, 5856
34347, 5856
25830, 5856
39840, 5856
23323, 5856
46903, 5856
23056, 5856
25493, 5856
20721, 5856
37523, 5856
28657, 5856
43144, 5856
33932, 5856
23041, 5856
20128, 5856
32341, 5856
23459, 5856
34515, 5856
20677, 5856
14246, 5856
41564, 5856
28176, 5856
32924, 5856
25582, 5856
42320, 5856
47602, 5856
41293, 5856
37746, 5856
29273, 5856
39604, 5856
16158, 5856
25255, 5856
23966, 5856
41802, 5856
37283, 5856
37553, 5856
28595, 5856
13604, 5856
20870, 5856
41440, 5856
24763, 5856
27862, 5856
42294, 5856
26583, 5856
19061, 5856
27976, 5856
48472, 5856
29125, 5856
44402, 5856
26648, 5856
25995, 5856
42193, 5856
41656, 5856
19407, 5856
16607, 5856
19682, 5856
35607, 5856
22566, 5856
43114, 5856
39417, 5856
38660, 5856
45579, 5856
25554, 5856
20939, 5856
26980, 5856
17437, 5856
46769, 5856
19741, 5856
42874, 5856
17326, 5856
42078, 5856
30326, 5856
17273, 5856
15827, 5856
15798, 5856
23941, 5856
23121, 5856
32615, 5856
42412, 5856
42028, 5856
39424, 5856
29901, 5856
13519, 5856
31541, 5856
25436, 5856
14439, 5856
26041, 5856
42413, 5856
44336, 5856
19153, 5856
5856, 15096
17261, 5857
5857, 26478
22936, 5858
5858, 35575
5858, 38382
18608, 5859
42993, 5859
39295, 5859
48198, 5859
29102, 5859
44261, 5859
5859, 28421
44874, 5860
5860, 28004
38280, 5861
5861, 47733
38184, 5862
5862, 29786
5862, 25998
42110, 5863
5863, 28852
24171, 5864
5864, 30879
5864, 25157
40820, 5865
5865, 16826
42110, 5866
5866, 43128
42110, 5867
5867, 24221
12904, 5868
15085, 5868
5868, 47389
5868, 47588
43385, 5869
5869, 27599
45985, 5870
15556, 5870
18107, 5870
36112, 5870
24112, 5870
27202, 5870
43725, 5870
37717, 5870
42071, 5870
39422, 5870
14165, 5870
46926, 5870
46981, 5870
30915, 5870
29866, 5870
18606, 5870
27307, 5870
45724, 5870
26291, 5870
34421, 5870
39178, 5870
36165, 5870
19298, 5870
16047, 5870
27002, 5870
14264, 5870
44667, 5870
45657, 5870
42845, 5870
48062, 5870
42291, 5870
36773, 5870
39802, 5870
27512, 5870
13159, 5870
21067, 5870
40578, 5870
15429, 5870
28216, 5870
40238, 5870
34448, 5870
46736, 5870
35824, 5870
26337, 5870
14352, 5870
23280, 5870
35304, 5870
19107, 5870
45004, 5870
45155, 5870
25587, 5870
19173, 5870
47342, 5870
41106, 5870
5870, 45050
12704, 5871
5871, 45126
5871, 33044
31929, 5872
5872, 41043
5872, 24024
47699, 5873
5873, 46649
42110, 5874
5874, 18002
36465, 5875
5875, 39949
5875, 47766
29783, 5876
29620, 5876
33720, 5876
47241, 5876
17565, 5876
30877, 5876
5876, 43920
5876, 46806
28710, 5877
5877, 15299
30536, 5878
5878, 33691
27981, 5879
5879, 20610
18645, 5880
5880, 14932
14217, 5881
5881, 28758
42110, 5882
5882, 14548
42110, 5883
5883, 22178
33908, 5884
5884, 39919
5884, 24294
36623, 5885
5885, 46573
12562, 5886
5886, 15983
42110, 5887
5887, 39329
17763, 5888
5888, 13829
37037, 5889
5889, 28694
46806, 5890
5890, 18908
38368, 5891
5891, 28400
38829, 5892
5892, 29356
42110, 5893
5893, 14532
20162, 5894
5894, 18374
40189, 5895
5895, 31951
13647, 5896
5896, 40443
42110, 5897
5897, 18932
32176, 5898
5898, 25952
42110, 5899
5899, 48228
36545, 5900
5900, 17028
5900, 42467
5900, 48131
5900, 44122
5900, 12919
36465, 5901
5901, 15316
33322, 5902
41576, 5902
22059, 5902
38166, 5902
13117, 5902
41125, 5902
13736, 5902
21053, 5902
42413, 5902
45168, 5902
41866, 5902
35020, 5902
29341, 5902
30079, 5902
18490, 5902
46315, 5902
47287, 5902
44509, 5902
23294, 5902
21101, 5902
46302, 5902
15262, 5902
48273, 5902
36521, 5902
43368, 5902
39859, 5902
32875, 5902
45431, 5902
17989, 5902
45364, 5902
45633, 5902
38920, 5902
32077, 5902
39888, 5902
19982, 5902
31449, 5902
42292, 5902
27177, 5902
37309, 5902
31516, 5902
16866, 5902
34020, 5902
31157, 5902
30798, 5902
42303, 5902
15470, 5902
23234, 5902
45889, 5902
19670, 5902
16050, 5902
35391, 5902
28711, 5902
42560, 5902
48536, 5902
13737, 5902
33244, 5902
46863, 5902
35521, 5902
35031, 5902
45930, 5902
39068, 5902
37912, 5902
38222, 5902
26385, 5902
47005, 5902
33504, 5902
20504, 5902
48607, 5902
17364, 5902
35545, 5902
40173, 5902
35452, 5902
20661, 5902
28358, 5902
22531, 5902
31629, 5902
37705, 5902
48567, 5902
21624, 5902
38451, 5902
26247, 5902
48027, 5902
15986, 5902
12984, 5902
47773, 5902
36179, 5902
42338, 5902
45401, 5902
15772, 5902
48467, 5902
36117, 5902
36795, 5902
35272, 5902
20279, 5902
33293, 5902
12455, 5902
21645, 5902
23123, 5902
18246, 5902
27422, 5902
32702, 5902
46644, 5902
46710, 5902
46983, 5902
30930, 5902
33270, 5902
26896, 5902
39464, 5902
43675, 5902
18289, 5902
47017, 5902
32193, 5902
26198, 5902
19738, 5902
13670, 5902
37745, 5902
17637, 5902
30525, 5902
32220, 5902
42167, 5902
5902, 13246
5902, 35099
41951, 5903
5903, 20566
45802, 5904
15507, 5904
47246, 5904
5904, 25445
35691, 5905
5905, 24773
46806, 5906
5906, 35457
18420, 5907
5907, 48010
40987, 5908
16894, 5908
5908, 13162
19336, 5909
39625, 5909
5909, 15425
38408, 5910
5910, 34890
5910, 38644
17110, 5911
5911, 37605
20805, 5912
5912, 26556
41585, 5913
5913, 18535
5913, 48066
5913, 29972
5913, 13988
13007, 5914
27337, 5914
5914, 23227
36465, 5915
5915, 19872
5915, 42409
12715, 5916
36734, 5916
5916, 28403
25742, 5917
5917, 16112
46686, 5918
5918, 17014
36465, 5919
5919, 15444
5919, 27996
5919, 20267
46901, 5920
5920, 17146
46075, 5921
5921, 28980
21089, 5922
5922, 23197
18035, 5923
31396, 5923
20768, 5923
15559, 5923
39880, 5923
28701, 5923
20241, 5923
16945, 5923
14886, 5923
31490, 5923
44923, 5923
14991, 5923
47030, 5923
40544, 5923
17519, 5923
34207, 5923
19630, 5923
40549, 5923
42920, 5923
30319, 5923
12717, 5923
46045, 5923
27655, 5923
22404, 5923
16130, 5923
36337, 5923
17764, 5923
38882, 5923
28417, 5923
33659, 5923
34307, 5923
43769, 5923
29775, 5923
37066, 5923
22755, 5923
43749, 5923
37355, 5923
21335, 5923
12830, 5923
27956, 5923
22354, 5923
14232, 5923
31071, 5923
44309, 5923
20590, 5923
36018, 5923
45663, 5923
16979, 5923
13657, 5923
20352, 5923
29952, 5923
45299, 5923
31946, 5923
40999, 5923
23808, 5923
19372, 5923
12727, 5923
21434, 5923
30104, 5923
46029, 5923
21938, 5923
28524, 5923
27148, 5923
23198, 5923
46516, 5923
22345, 5923
16863, 5923
19015, 5923
28861, 5923
46993, 5923
22507, 5923
44791, 5923
22824, 5923
39039, 5923
25751, 5923
27626, 5923
29347, 5923
48345, 5923
40471, 5923
30292, 5923
35868, 5923
19625, 5923
42357, 5923
19659, 5923
32316, 5923
27223, 5923
31333, 5923
37787, 5923
26159, 5923
35929, 5923
33641, 5923
33689, 5923
19187, 5923
37490, 5923
40294, 5923
29718, 5923
29918, 5923
45254, 5923
46628, 5923
46428, 5923
22434, 5923
45053, 5923
26122, 5923
24781, 5923
21619, 5923
15602, 5923
48066, 5923
33564, 5923
15095, 5923
23956, 5923
17265, 5923
18493, 5923
16631, 5923
42963, 5923
28992, 5923
36575, 5923
25571, 5923
12701, 5923
24569, 5923
22502, 5923
43666, 5923
20136, 5923
40821, 5923
41191, 5923
34296, 5923
26080, 5923
28412, 5923
26790, 5923
47114, 5923
32916, 5923
47205, 5923
25901, 5923
26864, 5923
25055, 5923
33333, 5923
26542, 5923
30101, 5923
17973, 5923
41864, 5923
34556, 5923
32195, 5923
32570, 5923
38218, 5923
20302, 5923
35141, 5923
20217, 5923
25402, 5923
25111, 5923
46242, 5923
30409, 5923
20374, 5923
28784, 5923
14037, 5923
17124, 5923
48645, 5923
19740, 5923
17914, 5923
15071, 5923
43928, 5923
36210, 5923
13886, 5923
15041, 5923
44188, 5923
38255, 5923
31551, 5923
20094, 5923
44601, 5923
35662, 5923
44028, 5923
44427, 5923
29871, 5923
21525, 5923
13486, 5923
38437, 5923
15657, 5923
34864, 5923
14689, 5923
38085, 5923
18129, 5923
32581, 5923
36690, 5923
17042, 5923
30828, 5923
40773, 5923
36996, 5923
34137, 5923
37725, 5923
46463, 5923
22161, 5923
13033, 5923
16716, 5923
39100, 5923
27927, 5923
40370, 5923
13938, 5923
38770, 5923
35915, 5923
35618, 5923
15505, 5923
39915, 5923
34263, 5923
46203, 5923
27187, 5923
26639, 5923
29160, 5923
23383, 5923
21663, 5923
43336, 5923
26762, 5923
47950, 5923
14847, 5923
45705, 5923
26064, 5923
26072, 5923
22912, 5923
43931, 5923
25450, 5923
39625, 5923
23902, 5923
20002, 5923
19786, 5923
32196, 5923
26604, 5923
18071, 5923
40007, 5923
12832, 5923
38667, 5923
24030, 5923
24777, 5923
35732, 5923
15510, 5923
47044, 5923
18685, 5923
35371, 5923
13025, 5923
25846, 5923
21399, 5923
46697, 5923
21364, 5923
35215, 5923
28458, 5923
30532, 5923
44960, 5923
38212, 5923
28186, 5923
41021, 5923
12786, 5923
47637, 5923
47733, 5923
27812, 5923
31350, 5923
38191, 5923
44784, 5923
33326, 5923
25306, 5923
17605, 5923
45557, 5923
23346, 5923
24062, 5923
31278, 5923
24477, 5923
24865, 5923
24716, 5923
37703, 5923
26168, 5923
19561, 5923
30503, 5923
20305, 5923
25329, 5923
25639, 5923
20853, 5923
45329, 5923
31297, 5923
25383, 5923
35125, 5923
47628, 5923
22468, 5923
14308, 5923
27640, 5923
12341, 5923
41425, 5923
27574, 5923
41364, 5923
47366, 5923
18945, 5923
29226, 5923
46502, 5923
13318, 5923
30835, 5923
28028, 5923
47178, 5923
16684, 5923
17344, 5923
48461, 5923
29153, 5923
45204, 5923
23326, 5923
44883, 5923
16610, 5923
33867, 5923
36517, 5923
21049, 5923
30770, 5923
45753, 5923
17560, 5923
27054, 5923
30874, 5923
42077, 5923
36571, 5923
34282, 5923
35566, 5923
36970, 5923
21182, 5923
43273, 5923
41174, 5923
25938, 5923
45171, 5923
45567, 5923
17245, 5923
48225, 5923
32881, 5923
43264, 5923
24764, 5923
20388, 5923
16272, 5923
40535, 5923
33190, 5923
36488, 5923
24189, 5923
27131, 5923
30223, 5923
32934, 5923
34812, 5923
29142, 5923
28585, 5923
38711, 5923
13362, 5923
16216, 5923
30697, 5923
41790, 5923
24312, 5923
32422, 5923
38871, 5923
16365, 5923
19987, 5923
42293, 5923
26941, 5923
40675, 5923
44385, 5923
18634, 5923
30069, 5923
28846, 5923
38131, 5923
30811, 5923
42073, 5923
21643, 5923
26489, 5923
35763, 5923
41731, 5923
35064, 5923
22092, 5923
22985, 5923
47264, 5923
29279, 5923
27648, 5923
17774, 5923
33929, 5923
41910, 5923
12905, 5923
34984, 5923
32651, 5923
46311, 5923
36778, 5923
37397, 5923
18972, 5923
18221, 5923
42962, 5923
43859, 5923
48684, 5923
16723, 5923
24798, 5923
47678, 5923
35208, 5923
18225, 5923
35491, 5923
5923, 34259
30716, 5924
24062, 5924
5924, 17407
45594, 5925
5925, 26176
17130, 5926
5926, 19208
5926, 46866
40072, 5927
36216, 5927
19726, 5927
23638, 5927
36862, 5927
47971, 5927
13062, 5927
44690, 5927
36542, 5927
18519, 5927
5927, 23345
12487, 5928
34523, 5928
5928, 37935
39365, 5929
5929, 26639
33740, 5930
5930, 15320
15352, 5931
5931, 46325
40952, 5932
5932, 37109
5932, 37388
5932, 12613
36988, 5933
5933, 29783
45995, 5934
48505, 5934
5934, 27909
39075, 5935
19678, 5935
5935, 46944
21291, 5936
5936, 16266
5936, 27194
5936, 20066
37487, 5937
5937, 41133
44768, 5938
5938, 32389
16846, 5939
28382, 5939
31702, 5939
35416, 5939
22108, 5939
5939, 40872
48637, 5940
42322, 5940
21733, 5940
37218, 5940
27353, 5940
45482, 5940
14465, 5940
5940, 17883
42110, 5941
5941, 47947
34439, 5942
47744, 5942
32987, 5942
5942, 12826
5942, 34208
36465, 5943
5943, 26345
46806, 5944
5944, 28903
42354, 5945
5945, 45132
34257, 5946
5946, 22930
17611, 5947
5947, 15756
19558, 5948
5948, 19161
30536, 5949
5949, 12912
38829, 5950
5950, 16546
31059, 5951
5951, 18894
27587, 5952
5952, 28784
5952, 47755
14195, 5953
5953, 41245
47699, 5954
5954, 14204
44942, 5955
5955, 24809
34093, 5956
5956, 44856
5956, 28357
16149, 5957
5957, 35339
33578, 5958
5958, 28734
5958, 13340
42199, 5959
5959, 19870
35645, 5960
5960, 44106
5960, 12957
5960, 48519
5960, 22710
30957, 5961
5961, 45666
5961, 17870
21702, 5962
5962, 46438
24641, 5963
5963, 41226
24171, 5964
5964, 25157
15719, 5965
5965, 15948
13103, 5966
18337, 5966
5966, 17476
31902, 5967
23819, 5967
5967, 47012
12544, 5968
5968, 28100
44257, 5969
46858, 5969
5969, 47205
39569, 5970
5970, 31343
35972, 5971
5971, 43452
32578, 5972
5972, 18136
42110, 5973
5973, 37064
46586, 5974
37235, 5974
29687, 5974
25944, 5974
23354, 5974
40106, 5974
24403, 5974
43030, 5974
33543, 5974
36140, 5974
22009, 5974
44891, 5974
5974, 30695
5974, 33654
26970, 5975
5975, 47211
14419, 5976
46672, 5976
5976, 17398
30677, 5977
5977, 16291
38829, 5978
5978, 32465
17047, 5979
48128, 5979
41592, 5979
5979, 41978
31599, 5980
5980, 29786
5980, 28416
5980, 13433
5980, 16904
38795, 5981
30304, 5981
37491, 5981
15033, 5981
20237, 5981
31763, 5981
14143, 5981
25566, 5981
45498, 5981
25898, 5981
31989, 5981
43127, 5981
15274, 5981
17007, 5981
27860, 5981
45255, 5981
29693, 5981
22465, 5981
45104, 5981
37771, 5981
48377, 5981
20034, 5981
37440, 5981
26216, 5981
24167, 5981
36244, 5981
42195, 5981
38031, 5981
43967, 5981
5981, 18374
5981, 14071
46563, 5982
5982, 40821
32355, 5983
5983, 42757
43958, 5984
5984, 14035
5984, 46568
5984, 37158
5984, 20669
5984, 37493
5984, 42279
12871, 5985
5985, 36230
37342, 5986
5986, 30836
5986, 13213
5986, 15558
5986, 25097
35977, 5987
5987, 38796
29041, 5988
5988, 17921
15621, 5989
5989, 14917
5989, 33637
20258, 5990
43502, 5990
5990, 41649
22069, 5991
29044, 5991
26844, 5991
26650, 5991
5991, 35282
20281, 5992
17302, 5992
5992, 32123
42110, 5993
5993, 37554
24576, 5994
5994, 13136
25369, 5995
5995, 26639
30411, 5996
5996, 37663
28478, 5997
5997, 19943
43084, 5998
5998, 45565
5998, 37696
5998, 16794
5998, 24063
38995, 5999
31451, 5999
5999, 28309
26612, 6000
6000, 16739
22438, 6001
6001, 16087
42110, 6002
6002, 34862
24150, 6003
6003, 44627
32230, 6004
6004, 39071
47822, 6005
47575, 6005
6005, 23975
42110, 6006
6006, 33806
23061, 6007
6007, 32934
17543, 6008
6008, 27744
39440, 6009
6009, 24477
6009, 13561
6009, 23991
21131, 6010
36964, 6010
47961, 6010
40320, 6010
14123, 6010
6010, 16065
42110, 6011
6011, 23153
45033, 6012
29783, 6012
27214, 6012
28482, 6012
33639, 6012
20522, 6012
33532, 6012
48096, 6012
6012, 46806
6012, 18844
20238, 6013
6013, 21473
46806, 6014
6014, 47247
14627, 6015
43115, 6015
6015, 16955
20404, 6016
37593, 6016
42110, 6016
6016, 17662
36280, 6017
6017, 42328
17959, 6018
6018, 34117
6018, 36502
36616, 6019
6019, 30592
42967, 6020
6020, 28416
6020, 48347
19687, 6021
6021, 20598
23890, 6022
6022, 39534
23793, 6023
6023, 42771
20338, 6024
6024, 39134
47683, 6025
6025, 24496
19055, 6026
6026, 28784
6026, 46037
6026, 19349
42110, 6027
6027, 42424
29068, 6028
6028, 14710
6028, 28346
48470, 6029
15211, 6029
44717, 6029
48554, 6029
30872, 6029
13237, 6029
31669, 6029
43569, 6029
44613, 6029
46150, 6029
25887, 6029
43729, 6029
24015, 6029
18673, 6029
44084, 6029
18813, 6029
31605, 6029
44544, 6029
43020, 6029
16000, 6029
41847, 6029
14616, 6029
43440, 6029
15455, 6029
42247, 6029
30551, 6029
16395, 6029
42797, 6029
39058, 6029
46239, 6029
20612, 6029
17937, 6029
38952, 6029
29360, 6029
21214, 6029
19373, 6029
14321, 6029
27949, 6029
15187, 6029
26086, 6029
6029, 23685
18854, 6030
6030, 38959
46806, 6031
6031, 16978
6031, 19948
6031, 32621
41519, 6032
6032, 43156
6032, 31680
6032, 45737
6032, 45636
43027, 6033
6033, 29492
20993, 6034
6034, 34975
6034, 36478
16244, 6035
6035, 32980
27529, 6036
6036, 42225
28801, 6037
6037, 38543
47227, 6038
6038, 27214
14788, 6039
45731, 6039
6039, 14529
36465, 6040
6040, 27996
6040, 19447
12520, 6041
6041, 45159
43478, 6042
19161, 6042
6042, 13105
6042, 26689
30672, 6043
6043, 34723
6043, 30038
6043, 45239
6043, 22356
29758, 6044
6044, 13239
24486, 6045
6045, 29172
46806, 6046
6046, 19901
44054, 6047
28193, 6047
6047, 47796
12742, 6048
6048, 34525
6048, 26057
6048, 32365
20758, 6049
6049, 33339
46806, 6050
6050, 12333
6050, 13729
40309, 6051
6051, 30656
30862, 6052
6052, 29166
34124, 6053
6053, 18075
32327, 6054
6054, 29589
30971, 6055
6055, 40529
41281, 6056
16973, 6056
13454, 6056
12986, 6056
38921, 6056
26506, 6056
33367, 6056
21984, 6056
13841, 6056
40619, 6056
41750, 6056
24989, 6056
41569, 6056
32751, 6056
26526, 6056
27859, 6056
33018, 6056
6056, 31923
39530, 6057
6057, 36087
15745, 6058
6058, 37476
42110, 6059
6059, 39635
21349, 6060
6060, 26191
6060, 12826
6060, 16356
42648, 6061
6061, 19617
30385, 6062
6062, 28729
6062, 22908
27274, 6063
6063, 38732
42110, 6064
6064, 34879
38681, 6065
6065, 36373
40691, 6066
6066, 18493
28846, 6067
25846, 6067
6067, 19389
22298, 6068
21936, 6068
19486, 6068
6068, 18916
30153, 6069
6069, 27343
46806, 6070
6070, 28935
16360, 6071
39625, 6071
6071, 35058
42110, 6072
6072, 20255
26738, 6073
43152, 6073
17762, 6073
23921, 6073
31846, 6073
21412, 6073
24373, 6073
16306, 6073
27800, 6073
43525, 6073
26988, 6073
16013, 6073
21625, 6073
47122, 6073
13209, 6073
44825, 6073
20110, 6073
32833, 6073
44589, 6073
33186, 6073
41497, 6073
32382, 6073
30305, 6073
34758, 6073
44389, 6073
44593, 6073
20160, 6073
24529, 6073
30429, 6073
39918, 6073
41007, 6073
26018, 6073
35770, 6073
34094, 6073
36007, 6073
27609, 6073
17617, 6073
31408, 6073
35426, 6073
37219, 6073
17686, 6073
26760, 6073
34134, 6073
13145, 6073
32269, 6073
43805, 6073
44331, 6073
29636, 6073
21817, 6073
44626, 6073
32800, 6073
39251, 6073
15355, 6073
31918, 6073
37144, 6073
39498, 6073
12596, 6073
6073, 28412
42110, 6074
6074, 44369
46976, 6075
32643, 6075
6075, 39745
21854, 6076
40438, 6076
6076, 34706
12850, 6077
6077, 44283
6077, 37013
28096, 6078
6078, 12401
42110, 6079
6079, 14305
42110, 6080
6080, 25994
40799, 6081
46344, 6081
39880, 6081
14886, 6081
45461, 6081
35585, 6081
17244, 6081
28309, 6081
39033, 6081
14991, 6081
14415, 6081
16739, 6081
31189, 6081
17363, 6081
14324, 6081
24835, 6081
17155, 6081
21464, 6081
19970, 6081
38892, 6081
23464, 6081
18691, 6081
44881, 6081
25530, 6081
39324, 6081
44658, 6081
22091, 6081
41560, 6081
20849, 6081
30434, 6081
26975, 6081
20497, 6081
43749, 6081
36509, 6081
34890, 6081
31903, 6081
39481, 6081
26770, 6081
14992, 6081
36637, 6081
45628, 6081
47008, 6081
37472, 6081
32319, 6081
23251, 6081
40999, 6081
46033, 6081
19372, 6081
12798, 6081
39051, 6081
27148, 6081
17231, 6081
41653, 6081
23198, 6081
16242, 6081
13361, 6081
32489, 6081
22345, 6081
35706, 6081
38261, 6081
47388, 6081
32831, 6081
13626, 6081
45946, 6081
19521, 6081
45175, 6081
12721, 6081
30594, 6081
22945, 6081
39821, 6081
16887, 6081
22062, 6081
14432, 6081
13893, 6081
27626, 6081
13699, 6081
30292, 6081
45819, 6081
28160, 6081
19625, 6081
18450, 6081
40451, 6081
30979, 6081
21198, 6081
45222, 6081
44511, 6081
32316, 6081
39342, 6081
27223, 6081
26003, 6081
29424, 6081
18088, 6081
15519, 6081
31640, 6081
14774, 6081
33689, 6081
37003, 6081
19393, 6081
19678, 6081
20823, 6081
41606, 6081
37573, 6081
17506, 6081
46428, 6081
37601, 6081
47077, 6081
22434, 6081
30337, 6081
24056, 6081
28958, 6081
42092, 6081
22513, 6081
33224, 6081
24342, 6081
42963, 6081
25267, 6081
25571, 6081
30447, 6081
25320, 6081
22502, 6081
44406, 6081
48481, 6081
40821, 6081
34296, 6081
26080, 6081
19894, 6081
19652, 6081
44708, 6081
25901, 6081
18276, 6081
22157, 6081
14283, 6081
33333, 6081
30192, 6081
36885, 6081
43452, 6081
30771, 6081
14441, 6081
32195, 6081
43268, 6081
32168, 6081
25402, 6081
12706, 6081
47462, 6081
30642, 6081
32519, 6081
29987, 6081
14931, 6081
28784, 6081
14037, 6081
28012, 6081
29808, 6081
39216, 6081
43928, 6081
29063, 6081
15041, 6081
42662, 6081
32281, 6081
38255, 6081
39586, 6081
34929, 6081
45468, 6081
25768, 6081
39964, 6081
44601, 6081
18466, 6081
16954, 6081
45525, 6081
41442, 6081
29127, 6081
35662, 6081
15905, 6081
44427, 6081
31093, 6081
43694, 6081
46812, 6081
18208, 6081
46776, 6081
46881, 6081
19679, 6081
23622, 6081
31913, 6081
45500, 6081
14689, 6081
20478, 6081
32581, 6081
34740, 6081
29073, 6081
46324, 6081
34137, 6081
37725, 6081
15374, 6081
39268, 6081
13033, 6081
19772, 6081
19710, 6081
31172, 6081
18456, 6081
15505, 6081
40194, 6081
38763, 6081
20247, 6081
36157, 6081
27152, 6081
38858, 6081
24987, 6081
26639, 6081
39920, 6081
24877, 6081
38582, 6081
26082, 6081
14835, 6081
20531, 6081
45705, 6081
14336, 6081
45911, 6081
45075, 6081
21068, 6081
47733, 6081
47906, 6081
28028, 6081
18634, 6081
31626, 6081
29226, 6081
38667, 6081
17334, 6081
30511, 6081
44883, 6081
25311, 6081
22005, 6081
38069, 6081
44641, 6081
14333, 6081
44526, 6081
32282, 6081
42268, 6081
48386, 6081
47637, 6081
45903, 6081
23902, 6081
35516, 6081
24062, 6081
37638, 6081
12659, 6081
27812, 6081
45942, 6081
30742, 6081
38708, 6081
47044, 6081
16687, 6081
33075, 6081
47612, 6081
33326, 6081
21815, 6081
13364, 6081
25952, 6081
43859, 6081
22056, 6081
46502, 6081
18134, 6081
45106, 6081
28458, 6081
46758, 6081
48128, 6081
16504, 6081
33867, 6081
18151, 6081
18915, 6081
17409, 6081
13059, 6081
30942, 6081
24189, 6081
44144, 6081
15325, 6081
17820, 6081
35959, 6081
28158, 6081
18199, 6081
38942, 6081
37723, 6081
30142, 6081
27116, 6081
22622, 6081
16388, 6081
20002, 6081
48469, 6081
45729, 6081
25869, 6081
42492, 6081
28703, 6081
30158, 6081
45656, 6081
47134, 6081
23672, 6081
12488, 6081
44713, 6081
24556, 6081
22771, 6081
34404, 6081
36254, 6081
38907, 6081
36315, 6081
25329, 6081
20851, 6081
48070, 6081
19317, 6081
14478, 6081
45567, 6081
18985, 6081
43900, 6081
26525, 6081
18071, 6081
29444, 6081
31738, 6081
13422, 6081
47978, 6081
28996, 6081
26045, 6081
17676, 6081
29880, 6081
42077, 6081
21425, 6081
37790, 6081
22262, 6081
19405, 6081
24302, 6081
31921, 6081
47942, 6081
26032, 6081
31968, 6081
31460, 6081
22012, 6081
14287, 6081
38999, 6081
29153, 6081
39625, 6081
20214, 6081
19711, 6081
14543, 6081
26421, 6081
40428, 6081
34984, 6081
22468, 6081
13308, 6081
20005, 6081
35710, 6081
45171, 6081
47102, 6081
45236, 6081
14994, 6081
16310, 6081
21605, 6081
47181, 6081
42945, 6081
24213, 6081
33190, 6081
16302, 6081
44385, 6081
42115, 6081
26168, 6081
22930, 6081
30569, 6081
23037, 6081
27574, 6081
30223, 6081
32949, 6081
45640, 6081
43793, 6081
21423, 6081
40832, 6081
29862, 6081
43987, 6081
45264, 6081
23293, 6081
31150, 6081
32066, 6081
28953, 6081
24030, 6081
37146, 6081
27448, 6081
45478, 6081
6081, 42162
26978, 6082
6082, 43119
31394, 6083
6083, 35513
42110, 6084
6084, 48245
31782, 6085
6085, 30870
15296, 6086
6086, 27181
30750, 6087
6087, 40342
27818, 6088
6088, 35510
46806, 6089
6089, 14499
26433, 6090
6090, 43218
31394, 6091
6091, 17449
46233, 6092
6092, 19859
29296, 6093
46771, 6093
29809, 6093
6093, 39650
6093, 43315
40036, 6094
6094, 27091
39328, 6095
6095, 35134
16595, 6096
6096, 37168
42593, 6097
6097, 19419
40896, 6098
6098, 35403
47912, 6099
6099, 34693
6099, 42288
47302, 6100
6100, 16386
42110, 6101
6101, 48136
15157, 6102
6102, 35483
19161, 6103
6103, 29236
43668, 6104
6104, 23260
34488, 6105
6105, 48309
37985, 6106
6106, 48582
40225, 6107
6107, 31263
29783, 6108
21710, 6108
21617, 6108
30393, 6108
6108, 46806
37627, 6109
6109, 39657
38794, 6110
17806, 6110
27050, 6110
30596, 6110
14564, 6110
6110, 26639
22656, 6111
6111, 39964
42110, 6112
6112, 25088
32774, 6113
38356, 6113
6113, 28974
35686, 6114
6114, 24877
42110, 6115
6115, 46654
41107, 6116
6116, 36996
39272, 6117
6117, 19187
6117, 36066
6117, 21661
6117, 46217
6117, 44061
6117, 27302
6117, 24294
6117, 27105
6117, 23774
38159, 6118
32983, 6118
48380, 6118
30728, 6118
38128, 6118
23099, 6118
19656, 6118
42602, 6118
32159, 6118
46473, 6118
30133, 6118
43501, 6118
6118, 37145
6118, 16034
33359, 6119
6119, 39157
6119, 47755
6119, 20391
6119, 20170
6119, 37699
6119, 38644
6119, 44044
6119, 32054
24828, 6120
6120, 23189
36093, 6121
6121, 45917
47699, 6122
6122, 15902
42110, 6123
6123, 43095
26813, 6124
23992, 6124
6124, 46198
45093, 6125
6125, 26643
6125, 28576
6125, 19328
18805, 6126
6126, 25377
16301, 6127
6127, 20479
41488, 6128
6128, 20193
6128, 20103
22160, 6129
6129, 23269
42110, 6130
6130, 41845
39508, 6131
39253, 6131
6131, 41089
48211, 6132
6132, 20590
14443, 6133
6133, 41428
46806, 6134
6134, 44436
17881, 6135
6135, 27359
41986, 6136
6136, 45573
6136, 18021
6136, 20285
6136, 36476
6136, 18300
6136, 29157
6136, 36666
42110, 6137
6137, 23897
48324, 6138
6138, 47462
40850, 6139
6139, 33698
13651, 6140
6140, 30069
36465, 6141
6141, 27996
6141, 22526
36495, 6142
19363, 6142
6142, 34984
27848, 6143
6143, 33224
6143, 36380
6143, 23066
40505, 6144
6144, 18634
28509, 6145
6145, 38644
6145, 36476
29487, 6146
6146, 17029
43022, 6147
6147, 26975
6147, 35774
14041, 6148
27832, 6148
6148, 24683
20789, 6149
6149, 32026
6149, 26920
6149, 47146
6149, 40839
12498, 6150
33190, 6150
6150, 36939
36219, 6151
6151, 16960
6151, 20374
20913, 6152
20064, 6152
42233, 6152
28305, 6152
12617, 6152
6152, 20124
44809, 6153
6153, 38941
21331, 6154
6154, 17372
13379, 6155
6155, 48213
41169, 6156
6156, 29638
6156, 32910
6156, 26902
6156, 39621
33247, 6157
32397, 6157
25755, 6157
26201, 6157
28379, 6157
6157, 18089
38461, 6158
6158, 44426
23763, 6159
6159, 28890
38264, 6160
12481, 6160
6160, 29530
20230, 6161
30151, 6161
17553, 6161
6161, 37935
13165, 6162
6162, 39502
6162, 47229
36309, 6163
6163, 38557
42110, 6164
6164, 13189
25179, 6165
6165, 21270
24735, 6166
6166, 15559
6166, 41023
13307, 6167
6167, 28261
29217, 6168
26205, 6168
13817, 6168
34081, 6168
14561, 6168
13227, 6168
25618, 6168
17256, 6168
13018, 6168
15674, 6168
42706, 6168
47480, 6168
18613, 6168
18572, 6168
19724, 6168
6168, 37336
6168, 32491
25894, 6169
6169, 47389
14484, 6170
6170, 37002
31624, 6171
6171, 32151
6171, 33432
6171, 16416
6171, 48477
20745, 6172
27268, 6172
6172, 27339
14857, 6173
6173, 24809
18278, 6174
6174, 40978
38829, 6175
6175, 19383
42110, 6176
6176, 22348
45980, 6177
6177, 18535
6177, 24062
6177, 20097
6177, 18259
35557, 6178
14273, 6178
33424, 6178
6178, 30290
20588, 6179
6179, 37579
16667, 6180
6180, 39056
6180, 35625
6180, 25448
42820, 6181
6181, 18236
31226, 6182
48646, 6182
17108, 6182
37243, 6182
40446, 6182
31531, 6182
29804, 6182
35186, 6182
38673, 6182
31942, 6182
26540, 6182
36199, 6182
46921, 6182
42896, 6182
17449, 6182
48374, 6182
36057, 6182
31123, 6182
21431, 6182
45045, 6182
31102, 6182
14326, 6182
35474, 6182
46065, 6182
41962, 6182
18768, 6182
26026, 6182
28250, 6182
26597, 6182
30284, 6182
37395, 6182
21456, 6182
34459, 6182
22323, 6182
19162, 6182
22525, 6182
17439, 6182
24334, 6182
36029, 6182
20868, 6182
20270, 6182
27594, 6182
23839, 6182
14776, 6182
6182, 17302
42255, 6183
6183, 25670
6183, 16386
6183, 44322
6183, 40726
31059, 6184
6184, 39775
33833, 6185
33976, 6185
6185, 48455
42110, 6186
6186, 39999
30528, 6187
6187, 35840
33987, 6188
6188, 37623
42110, 6189
6189, 37668
42758, 6190
35379, 6190
6190, 34583
42110, 6191
6191, 27138
35524, 6192
6192, 20334
6192, 29226
25249, 6193
26477, 6193
6193, 30461
47643, 6194
6194, 27909
35189, 6195
38538, 6195
6195, 45903
27776, 6196
41973, 6196
6196, 34243
42943, 6197
48299, 6197
6197, 36690
42110, 6198
6198, 27044
46806, 6199
6199, 21221
37966, 6200
6200, 20410
6200, 21666
6200, 46346
6200, 19443
6200, 23172
6200, 41733
38829, 6201
6201, 27500
42110, 6202
6202, 25741
14688, 6203
12950, 6203
6203, 27185
22652, 6204
6204, 31221
45885, 6205
6205, 33824
46448, 6206
6206, 36971
6206, 17880
6206, 46791
6206, 39221
6206, 45850
6206, 33096
6206, 47346
6206, 24458
6206, 22250
6206, 32867
6206, 29978
6206, 17234
6206, 32786
6206, 27167
6206, 17766
6206, 27937
6206, 31711
6206, 37175
6206, 17164
6206, 41368
6206, 45348
6206, 21826
6206, 33297
6206, 20315
6206, 43912
6206, 37543
6206, 31954
6206, 12946
28823, 6207
6207, 38126
6207, 37706
6207, 30852
6207, 48338
6207, 44329
6207, 15521
23388, 6208
6208, 13775
47994, 6209
6209, 23195
27760, 6210
6210, 31299
42110, 6211
6211, 22829
13959, 6212
6212, 14265
35928, 6213
6213, 36817
48446, 6214
15069, 6214
17361, 6214
39008, 6214
31080, 6214
6214, 41534
37683, 6215
6215, 37967
20552, 6216
6216, 41763
42110, 6217
6217, 15463
28499, 6218
6218, 29443
48703, 6219
41682, 6219
37232, 6219
6219, 17914
13302, 6220
6220, 16304
6220, 42503
21781, 6221
6221, 37138
36465, 6222
6222, 15107
6222, 20313
17032, 6223
6223, 20777
18284, 6224
6224, 18535
6224, 43358
6224, 41438
32515, 6225
6225, 24518
29955, 6226
6226, 16491
46806, 6227
6227, 43382
46806, 6228
6228, 36326
6228, 21507
48191, 6229
41854, 6229
6229, 39682
40899, 6230
6230, 14658
6230, 18071
35532, 6231
6231, 33675
13410, 6232
14131, 6232
6232, 17409
35748, 6233
29452, 6233
45352, 6233
27166, 6233
6233, 29203
38829, 6234
6234, 26451
37501, 6235
47220, 6235
43188, 6235
6235, 15222
6235, 12688
6235, 27885
47216, 6236
30633, 6236
6236, 21309
46657, 6237
6237, 20629
47847, 6238
6238, 40045
23173, 6239
6239, 19520
47166, 6240
6240, 29993
6240, 21402
6240, 28186
6240, 38532
24085, 6241
6241, 45504
6241, 15443
6241, 38480
26135, 6242
6242, 21245
6242, 35725
6242, 32835
46806, 6243
6243, 35313
42110, 6244
6244, 42025
42110, 6245
6245, 26360
17456, 6246
6246, 22025
34130, 6247
6247, 29620
42110, 6248
6248, 48241
27301, 6249
6249, 44155
34873, 6250
44791, 6250
23195, 6250
19126, 6250
42288, 6250
6250, 34777
17276, 6251
6251, 15339
16523, 6252
20006, 6252
6252, 42751
6252, 42455
6252, 43389
28929, 6253
6253, 27401
20650, 6254
6254, 20302
21576, 6255
6255, 26479
27886, 6256
6256, 21844
18272, 6257
6257, 30942
46806, 6258
6258, 38978
32658, 6259
6259, 40025
45485, 6260
6260, 12633
46052, 6261
6261, 35688
6261, 19676
6261, 20098
6261, 20360
42110, 6262
6262, 29272
23690, 6263
6263, 38572
33233, 6264
6264, 44486
6264, 27664
13668, 6265
6265, 45627
6265, 21516
34741, 6266
6266, 47428
29565, 6267
6267, 37559
22903, 6268
6268, 41665
42110, 6269
6269, 31971
42110, 6270
6270, 22829
47371, 6271
6271, 39625
47823, 6272
33336, 6272
39089, 6272
37025, 6272
40978, 6272
24127, 6272
16997, 6272
16598, 6272
19240, 6272
36198, 6272
17913, 6272
16022, 6272
32917, 6272
39580, 6272
39995, 6272
21173, 6272
19761, 6272
32385, 6272
27714, 6272
21947, 6272
18969, 6272
22640, 6272
13601, 6272
39547, 6272
13243, 6272
17248, 6272
33656, 6272
30117, 6272
46761, 6272
21930, 6272
32001, 6272
23018, 6272
36850, 6272
20569, 6272
40164, 6272
35673, 6272
41359, 6272
14507, 6272
28468, 6272
21199, 6272
27973, 6272
18649, 6272
45987, 6272
46691, 6272
48640, 6272
44024, 6272
24819, 6272
18646, 6272
18757, 6272
26480, 6272
22657, 6272
32552, 6272
39433, 6272
39996, 6272
16709, 6272
40758, 6272
40144, 6272
48465, 6272
21432, 6272
36428, 6272
46571, 6272
24658, 6272
32191, 6272
32139, 6272
41588, 6272
13869, 6272
39879, 6272
29605, 6272
21884, 6272
44735, 6272
13418, 6272
37092, 6272
22644, 6272
38474, 6272
41759, 6272
18593, 6272
31471, 6272
28115, 6272
33919, 6272
18928, 6272
28063, 6272
46335, 6272
20267, 6272
20356, 6272
39614, 6272
28785, 6272
42476, 6272
20099, 6272
28662, 6272
17701, 6272
28648, 6272
38810, 6272
27405, 6272
28111, 6272
28839, 6272
30402, 6272
18444, 6272
33557, 6272
37430, 6272
32242, 6272
26691, 6272
39378, 6272
14569, 6272
38384, 6272
15858, 6272
37253, 6272
17575, 6272
17778, 6272
23043, 6272
27710, 6272
30341, 6272
32843, 6272
21228, 6272
23701, 6272
30722, 6272
28803, 6272
23533, 6272
43456, 6272
37476, 6272
28654, 6272
47372, 6272
32527, 6272
16201, 6272
17161, 6272
28913, 6272
14529, 6272
17746, 6272
40841, 6272
16427, 6272
26731, 6272
48438, 6272
16623, 6272
37572, 6272
26117, 6272
47601, 6272
44506, 6272
26743, 6272
16651, 6272
27739, 6272
16073, 6272
46282, 6272
44710, 6272
30090, 6272
18126, 6272
6272, 42463
14476, 6273
12541, 6273
33520, 6273
24535, 6273
14777, 6273
36034, 6273
26270, 6273
44529, 6273
19357, 6273
29671, 6273
15625, 6273
23125, 6273
46904, 6273
16316, 6273
27524, 6273
35266, 6273
25694, 6273
46089, 6273
39144, 6273
6273, 29570
46451, 6274
6274, 44147
38829, 6275
6275, 15910
16488, 6276
6276, 27076
18372, 6277
6277, 22354
6277, 29248
27660, 6278
6278, 16022
25889, 6279
6279, 31421
44417, 6280
6280, 23033
38829, 6281
6281, 29356
43553, 6282
6282, 30066
26904, 6283
6283, 33326
31062, 6284
6284, 43859
6284, 33432
6284, 40107
6284, 16398
31594, 6285
6285, 34137
33419, 6286
6286, 13308
6286, 17471
36465, 6287
6287, 27996
15921, 6288
6288, 24169
6288, 17306
32719, 6289
34066, 6289
16995, 6289
20573, 6289
38133, 6289
30316, 6289
36141, 6289
39105, 6289
27461, 6289
22346, 6289
23070, 6289
25212, 6289
28240, 6289
32025, 6289
24962, 6289
33938, 6289
22019, 6289
38954, 6289
22816, 6289
44774, 6289
38008, 6289
37358, 6289
26610, 6289
15536, 6289
19432, 6289
26860, 6289
26526, 6289
17140, 6289
13871, 6289
20473, 6289
18283, 6289
14974, 6289
41931, 6289
42919, 6289
37855, 6289
21604, 6289
16435, 6289
13544, 6289
26858, 6289
34844, 6289
27501, 6289
36566, 6289
31215, 6289
17738, 6289
18492, 6289
40553, 6289
25428, 6289
29416, 6289
38651, 6289
41008, 6289
20053, 6289
34745, 6289
16781, 6289
22582, 6289
37828, 6289
27846, 6289
24866, 6289
19715, 6289
35684, 6289
12549, 6289
6289, 32653
33704, 6290
6290, 22502
28679, 6291
6291, 25329
6291, 38573
6291, 35371
6291, 27258
6291, 47405
6291, 46367
47568, 6292
6292, 31267
45261, 6293
6293, 26918
29740, 6294
33407, 6294
28779, 6294
6294, 41050
45493, 6295
33296, 6295
6295, 35576
6295, 23000
6295, 30142
14377, 6296
6296, 29302
31059, 6297
6297, 19786
31819, 6298
6298, 46497
14473, 6299
6299, 38942
6299, 45047
6299, 24750
42110, 6300
6300, 18537
42110, 6301
6301, 45973
28423, 6302
6302, 21795
24342, 6303
23564, 6303
6303, 21072
14755, 6304
6304, 39745
28765, 6305
6305, 29924
6305, 19547
6305, 18259
15239, 6306
6306, 26639
37794, 6307
6307, 30584
6307, 32232
16244, 6308
6308, 22371
35485, 6309
6309, 32514
42110, 6310
6310, 24807
19462, 6311
6311, 22090
17264, 6312
6312, 13130
6312, 27063
6312, 37544
6312, 13851
23216, 6313
6313, 30979
6313, 24062
29743, 6314
6314, 29394
38829, 6315
6315, 29356
35765, 6316
6316, 20423
44440, 6317
14457, 6317
6317, 26339
6317, 44986
29756, 6318
6318, 34712
6318, 42357
6318, 40439
22656, 6319
6319, 39964
20257, 6320
6320, 18535
6320, 44601
38152, 6321
44583, 6321
35101, 6321
48706, 6321
26331, 6321
6321, 44256
17850, 6322
6322, 21120
27450, 6323
6323, 28691
26060, 6324
6324, 32316
6324, 17774
6324, 42012
6324, 37244
6324, 42626
42110, 6325
6325, 41808
31394, 6326
6326, 28786
48671, 6327
6327, 14225
14754, 6328
6328, 36212
42110, 6329
6329, 23433
17537, 6330
6330, 22719
16821, 6331
6331, 23340
41480, 6332
6332, 25482
16245, 6333
6333, 21584
27274, 6334
6334, 25782
6334, 23129
17717, 6335
6335, 43221
43816, 6336
6336, 28976
41746, 6337
28966, 6337
48630, 6337
33366, 6337
34519, 6337
21526, 6337
40932, 6337
38899, 6337
6337, 27415
6337, 29366
6337, 16356
6337, 21540
38829, 6338
6338, 15910
33090, 6339
25643, 6339
6339, 35715
20405, 6340
47034, 6340
35403, 6340
28451, 6340
35376, 6340
34517, 6340
17126, 6340
6340, 17302
21954, 6341
29475, 6341
6341, 24474
36555, 6342
6342, 29783
32479, 6343
6343, 37913
42228, 6344
17235, 6344
33519, 6344
40383, 6344
28297, 6344
29059, 6344
15770, 6344
15688, 6344
21070, 6344
48116, 6344
28522, 6344
46456, 6344
6344, 16937
46806, 6345
6345, 41182
12708, 6346
6346, 35636
42803, 6347
6347, 20703
40280, 6348
44455, 6348
6348, 40199
21424, 6349
29196, 6349
19678, 6349
25856, 6349
29833, 6349
6349, 45785
42110, 6350
6350, 39155
16401, 6351
18097, 6351
24363, 6351
29445, 6351
6351, 45034
6351, 46538
47607, 6352
29522, 6352
6352, 31047
23647, 6353
6353, 18264
42229, 6354
6354, 28982
37191, 6355
6355, 31551
42110, 6356
6356, 23909
18451, 6357
6357, 27812
34112, 6358
6358, 27194
6358, 46307
6358, 34860
42110, 6359
6359, 27837
23399, 6360
6360, 43876
6360, 23312
28529, 6361
42945, 6361
6361, 14920
37012, 6362
6362, 25602
6362, 19308
33471, 6363
6363, 32618
26905, 6364
6364, 38955
46897, 6365
6365, 45761
32202, 6366
6366, 37147
6366, 36182
46061, 6367
36019, 6367
37294, 6367
19397, 6367
28581, 6367
37344, 6367
40321, 6367
6367, 17409
42110, 6368
6368, 48312
47571, 6369
6369, 36163
42110, 6370
6370, 45190
19385, 6371
6371, 38959
42907, 6372
6372, 43851
46806, 6373
6373, 34607
43680, 6374
42826, 6374
18561, 6374
12843, 6374
31005, 6374
31513, 6374
44776, 6374
37006, 6374
32241, 6374
45165, 6374
28569, 6374
13719, 6374
14834, 6374
15814, 6374
6374, 14451
40351, 6375
6375, 37725
31059, 6376
6376, 14388
45891, 6377
6377, 18326
42452, 6378
6378, 29889
6378, 33132
6378, 14370
35177, 6379
6379, 47146
6379, 46332
6379, 38462
6379, 38644
6379, 22834
17032, 6380
6380, 48547
18315, 6381
6381, 16103
42110, 6382
6382, 19287
17162, 6383
6383, 24594
6383, 14821
6383, 36476
6383, 27302
16791, 6384
6384, 14283
6384, 24233
38829, 6385
6385, 32398
48281, 6386
19082, 6386
6386, 45264
42110, 6387
6387, 17923
42110, 6388
6388, 41374
27525, 6389
6389, 16492
6389, 20433
26572, 6390
6390, 42712
6390, 30176
6390, 20596
15205, 6391
6391, 35893
42110, 6392
6392, 32327
22698, 6393
35271, 6393
27539, 6393
29356, 6393
23608, 6393
48541, 6393
23920, 6393
28186, 6393
14457, 6393
28592, 6393
6393, 45314
29434, 6394
6394, 25952
42110, 6395
6395, 34742
36465, 6396
6396, 27996
6396, 19872
42110, 6397
6397, 36559
15146, 6398
6398, 44637
33257, 6399
6399, 40464
6399, 17333
26332, 6400
43057, 6400
36102, 6400
12633, 6400
13440, 6400
29555, 6400
42848, 6400
6400, 37995
17259, 6401
6401, 31153
6401, 25338
6401, 28416
13066, 6402
6402, 26424
14258, 6403
15166, 6403
6403, 29189
45327, 6404
6404, 43083
6404, 41966
6404, 27904
6404, 34208
24629, 6405
36343, 6405
42316, 6405
6405, 42934
6405, 24453
41812, 6406
6406, 44940
6406, 16018
30498, 6407
6407, 44818
38113, 6408
43478, 6408
46465, 6408
6408, 25597
6408, 13634
27274, 6409
6409, 20016
6409, 47710
46627, 6410
6410, 21572
27775, 6411
6411, 30172
42110, 6412
6412, 46267
42110, 6413
6413, 21197
20211, 6414
6414, 22644
45400, 6415
20780, 6415
33658, 6415
41796, 6415
31639, 6415
12759, 6415
17532, 6415
6415, 20853
46768, 6416
23266, 6416
42705, 6416
45820, 6416
38487, 6416
20879, 6416
39061, 6416
6416, 31460
35965, 6417
6417, 26030
34308, 6418
21184, 6418
14689, 6418
16684, 6418
6418, 40764
18518, 6419
6419, 27767
14903, 6420
13596, 6420
6420, 14206
17648, 6421
6421, 44836
40836, 6422
46434, 6422
26040, 6422
6422, 41907
42110, 6423
6423, 13316
42110, 6424
6424, 31997
43390, 6425
6425, 20615
17875, 6426
33964, 6426
23803, 6426
6426, 30869
32265, 6427
6427, 31588
6427, 42456
47190, 6428
6428, 33800
15809, 6429
23586, 6429
6429, 17171
31594, 6430
6430, 34137
24387, 6431
27568, 6431
38226, 6431
21490, 6431
47293, 6431
22947, 6431
43988, 6431
22797, 6431
47130, 6431
32353, 6431
22104, 6431
41546, 6431
30649, 6431
30905, 6431
32495, 6431
17233, 6431
44111, 6431
41826, 6431
18484, 6431
27752, 6431
14729, 6431
16228, 6431
48202, 6431
43125, 6431
29516, 6431
36400, 6431
27902, 6431
35883, 6431
13710, 6431
47910, 6431
42043, 6431
26892, 6431
37536, 6431
12553, 6431
27645, 6431
40441, 6431
20931, 6431
24692, 6431
17775, 6431
16100, 6431
44132, 6431
20676, 6431
36419, 6431
16514, 6431
13089, 6431
26595, 6431
21337, 6431
19220, 6431
28804, 6431
24873, 6431
31610, 6431
40371, 6431
29243, 6431
22781, 6431
19427, 6431
48122, 6431
41756, 6431
36227, 6431
30535, 6431
23693, 6431
38866, 6431
42772, 6431
45749, 6431
46630, 6431
31696, 6431
41430, 6431
30600, 6431
23361, 6431
18779, 6431
17419, 6431
16993, 6431
29001, 6431
35484, 6431
28972, 6431
23822, 6431
45945, 6431
38309, 6431
29376, 6431
27165, 6431
45389, 6431
28069, 6431
12975, 6431
20594, 6431
38358, 6431
30605, 6431
42103, 6431
45766, 6431
25190, 6431
21763, 6431
21329, 6431
39870, 6431
20763, 6431
25173, 6431
38478, 6431
41086, 6431
21536, 6431
34759, 6431
22340, 6431
18380, 6431
6431, 40370
38141, 6432
6432, 33212
42110, 6433
6433, 34026
17173, 6434
6434, 14860
25283, 6435
6435, 46773
43331, 6436
6436, 48561
14935, 6437
46343, 6437
41263, 6437
6437, 31686
19958, 6438
6438, 23672
13921, 6439
6439, 40763
41237, 6440
22751, 6440
6440, 36076
19052, 6441
6441, 24819
13294, 6442
6442, 17124
6442, 39743
6442, 16530
18037, 6443
6443, 47299
23503, 6444
6444, 23132
42110, 6445
6445, 21246
14073, 6446
6446, 34977
25982, 6447
6447, 43041
42110, 6448
6448, 43061
15341, 6449
39115, 6449
15173, 6449
29259, 6449
29038, 6449
43251, 6449
26816, 6449
30092, 6449
38629, 6449
15143, 6449
26942, 6449
17117, 6449
22963, 6449
32676, 6449
27391, 6449
21082, 6449
47001, 6449
12408, 6449
16138, 6449
48548, 6449
45897, 6449
30550, 6449
21122, 6449
46720, 6449
30843, 6449
37850, 6449
30296, 6449
31932, 6449
42952, 6449
19905, 6449
35184, 6449
36759, 6449
29269, 6449
6449, 42476
19161, 6450
37843, 6450
6450, 27681
28182, 6451
6451, 29753
41179, 6452
6452, 25443
6452, 31936
6452, 43478
6452, 31176
34151, 6453
6453, 37319
36518, 6454
6454, 48347
42465, 6455
14997, 6455
32460, 6455
31874, 6455
35980, 6455
34748, 6455
37779, 6455
6455, 16626
25473, 6456
6456, 32083
36465, 6457
6457, 27996
16267, 6458
6458, 24891
20307, 6459
6459, 44028
6459, 14543
42110, 6460
6460, 13929
34850, 6461
33453, 6461
6461, 22147
6461, 18654
47699, 6462
6462, 15902
14161, 6463
6463, 47462
27235, 6464
6464, 23177
46704, 6465
6465, 19435
21741, 6466
6466, 16716
45480, 6467
6467, 41080
6467, 23189
39427, 6468
6468, 35827
6468, 26864
6468, 26602
6468, 35162
6468, 20750
26438, 6469
6469, 36051
6469, 31291
6469, 34884
22366, 6470
6470, 35497
42110, 6471
6471, 16170
42308, 6472
6472, 47467
39361, 6473
6473, 24809
22842, 6474
6474, 24131
43579, 6475
6475, 44767
6475, 36817
25932, 6476
6476, 13094
48502, 6477
6477, 14333
6477, 20180
6477, 16386
6477, 17186
15313, 6478
6478, 46571
33175, 6479
6479, 47374
6479, 42257
6479, 30892
46662, 6480
6480, 21986
21528, 6481
6481, 40023
47660, 6482
33988, 6482
6482, 14287
42110, 6483
6483, 19890
26978, 6484
6484, 43119
42110, 6485
6485, 16639
42246, 6486
6486, 19536
6486, 21922
6486, 12313
19519, 6487
6487, 39024
24740, 6488
20840, 6488
6488, 22148
6488, 27610
6488, 45195
6488, 19957
6488, 37653
6488, 13050
6488, 29979
6488, 43964
6488, 14895
6488, 31788
6488, 45583
6488, 36641
6488, 33005
6488, 13399
45205, 6489
6489, 21701
6489, 33636
28753, 6490
6490, 17231
6490, 41790
6490, 25545
38829, 6491
6491, 31701
42110, 6492
6492, 12497
42110, 6493
6493, 42887
14215, 6494
30599, 6494
6494, 45548
13537, 6495
20599, 6495
44969, 6495
6495, 30740
6495, 24572
6495, 48552
6495, 46898
6495, 31570
42110, 6496
6496, 29861
47699, 6497
6497, 46649
43220, 6498
6498, 21309
31550, 6499
6499, 41173
6499, 41117
6499, 29095
6499, 48351
19677, 6500
6500, 28952
33291, 6501
6501, 26926
33103, 6502
35074, 6502
27795, 6502
6502, 14399
6502, 45390
42347, 6503
6503, 14917
44760, 6504
6504, 41773
31142, 6505
21134, 6505
6505, 28126
32024, 6506
20779, 6506
34587, 6506
20222, 6506
23302, 6506
40679, 6506
36142, 6506
6506, 23920
41930, 6507
43622, 6507
15892, 6507
43286, 6507
6507, 26242
45886, 6508
6508, 29226
6508, 30315
6508, 44016
6508, 21408
16064, 6509
6509, 27223
6509, 12313
6509, 27783
45365, 6510
35709, 6510
20814, 6510
36053, 6510
20319, 6510
38151, 6510
42375, 6510
46615, 6510
41423, 6510
29306, 6510
19504, 6510
48538, 6510
47522, 6510
42370, 6510
18588, 6510
26507, 6510
28512, 6510
36579, 6510
25192, 6510
43837, 6510
42696, 6510
6510, 36329
6510, 31829
6510, 21753
6510, 25541
42110, 6511
6511, 38903
38442, 6512
15464, 6512
15658, 6512
43704, 6512
36971, 6512
18829, 6512
17880, 6512
46211, 6512
46791, 6512
34738, 6512
28281, 6512
41089, 6512
44096, 6512
44756, 6512
21653, 6512
39700, 6512
39221, 6512
47595, 6512
45850, 6512
20593, 6512
33096, 6512
47346, 6512
20112, 6512
6512, 17302
42178, 6513
37941, 6513
22556, 6513
44673, 6513
18576, 6513
30408, 6513
31947, 6513
6513, 28490
6513, 24169
26053, 6514
6514, 30942
6514, 25154
42110, 6515
6515, 47626
29698, 6516
6516, 14005
40039, 6517
6517, 14508
22026, 6518
40556, 6518
36561, 6518
6518, 17346
23061, 6519
6519, 32934
31560, 6520
6520, 20915
29698, 6521
6521, 14005
36262, 6522
46408, 6522
21518, 6522
6522, 29490
6522, 33409
23183, 6523
26332, 6523
37750, 6523
34282, 6523
6523, 26958
46806, 6524
6524, 20149
42110, 6525
6525, 18754
30289, 6526
6526, 37616
38268, 6527
6527, 30996
38829, 6528
6528, 26451
44028, 6529
6529, 48302
24879, 6530
6530, 20434
47367, 6531
6531, 13674
6531, 17979
38479, 6532
6532, 27491
37029, 6533
18566, 6533
6533, 38705
47699, 6534
6534, 46767
25096, 6535
6535, 23189
32992, 6536
45506, 6536
6536, 30258
20011, 6537
6537, 28763
47494, 6538
30978, 6538
41573, 6538
36039, 6538
19714, 6538
20033, 6538
13690, 6538
36534, 6538
37988, 6538
47654, 6538
6538, 13575
47699, 6539
6539, 20725
39978, 6540
6540, 30794
40133, 6541
38648, 6541
19301, 6541
30379, 6541
46624, 6541
14015, 6541
42579, 6541
6541, 43859
6541, 39372
6541, 20391
6541, 21989
6541, 42561
6541, 38117
6541, 26473
6541, 27105
25299, 6542
47865, 6542
6542, 31081
27245, 6543
6543, 40203
46806, 6544
6544, 46342
19572, 6545
6545, 17942
15142, 6546
6546, 48637
23911, 6547
6547, 43847
44879, 6548
6548, 35925
6548, 13508
6548, 36718
13916, 6549
27881, 6549
43902, 6549
24859, 6549
26071, 6549
22063, 6549
24583, 6549
46178, 6549
21865, 6549
6549, 22330
14453, 6550
36860, 6550
30430, 6550
6550, 37623
36465, 6551
6551, 27996
42110, 6552
6552, 26747
28827, 6553
6553, 35710
21331, 6554
6554, 46815
6554, 44411
6554, 13483
16144, 6555
6555, 35294
42204, 6556
6556, 41878
6556, 21309
20101, 6557
6557, 36031
46806, 6558
6558, 46342
6558, 17429
41701, 6559
6559, 33906
6559, 42288
6559, 30066
45033, 6560
12952, 6560
37383, 6560
48445, 6560
27996, 6560
27646, 6560
13417, 6560
41297, 6560
18735, 6560
28211, 6560
41476, 6560
46415, 6560
27465, 6560
43601, 6560
29783, 6560
42386, 6560
40977, 6560
33695, 6560
22623, 6560
35482, 6560
19080, 6560
23102, 6560
14216, 6560
28694, 6560
17043, 6560
23257, 6560
44604, 6560
48561, 6560
13265, 6560
35996, 6560
17901, 6560
27770, 6560
27733, 6560
18946, 6560
24278, 6560
28833, 6560
28462, 6560
18690, 6560
38527, 6560
40928, 6560
17877, 6560
48636, 6560
20146, 6560
35528, 6560
28737, 6560
28077, 6560
25430, 6560
32240, 6560
20315, 6560
38181, 6560
13974, 6560
19114, 6560
34489, 6560
45419, 6560
37543, 6560
21811, 6560
13154, 6560
27408, 6560
39632, 6560
37715, 6560
6560, 48141
6560, 46806
22305, 6561
6561, 23383
47223, 6562
6562, 33931
40079, 6563
6563, 18535
24309, 6564
6564, 41549
42110, 6565
6565, 34213
36710, 6566
6566, 42095
46806, 6567
6567, 16625
15070, 6568
27327, 6568
6568, 31367
25049, 6569
29613, 6569
17409, 6569
6569, 27292
17966, 6570
6570, 22788
37951, 6571
6571, 18710
29213, 6572
6572, 33346
47575, 6573
6573, 43667
39611, 6574
6574, 45626
6574, 48064
20194, 6575
6575, 14569
21548, 6576
6576, 28855
6576, 38192
6576, 38256
6576, 47089
21201, 6577
31097, 6577
45415, 6577
28539, 6577
26463, 6577
37518, 6577
35903, 6577
25892, 6577
6577, 37213
47462, 6578
6578, 21979
42174, 6579
6579, 27409
42110, 6580
6580, 17209
27274, 6581
6581, 35940
31394, 6582
6582, 47564
36465, 6583
6583, 39612
42110, 6584
6584, 14083
30539, 6585
6585, 23158
46634, 6586
6586, 41677
41951, 6587
6587, 26715
29113, 6588
6588, 42812
32910, 6589
19010, 6589
20853, 6589
6589, 39405
24378, 6590
32722, 6590
6590, 38114
31394, 6591
6591, 47898
6591, 33392
6591, 23246
19877, 6592
6592, 33116
29175, 6593
6593, 24192
40297, 6594
6594, 19361
46647, 6595
6595, 15803
16119, 6596
6596, 31490
36465, 6597
6597, 43651
12783, 6598
6598, 29826
42110, 6599
6599, 31030
25197, 6600
6600, 19766
47528, 6601
6601, 43211
6601, 31517
19108, 6602
6602, 42334
13790, 6603
6603, 33851
6603, 17275
36366, 6604
37218, 6604
34019, 6604
6604, 12506
31171, 6605
6605, 15818
34842, 6606
6606, 42187
43808, 6607
6607, 32182
23654, 6608
6608, 46035
6608, 36817
6608, 43909
14215, 6609
6609, 20191
14653, 6610
6610, 28983
23268, 6611
6611, 40872
46264, 6612
6612, 48096
19578, 6613
6613, 30575
31023, 6614
6614, 41767
16879, 6615
6615, 18493
6615, 44015
6615, 19035
42110, 6616
6616, 23821
42110, 6617
6617, 40657
40882, 6618
6618, 34601
6618, 27209
23870, 6619
21215, 6619
39228, 6619
29926, 6619
47685, 6619
33358, 6619
15235, 6619
36361, 6619
18623, 6619
19752, 6619
46635, 6619
48615, 6619
40633, 6619
39517, 6619
30353, 6619
20292, 6619
24383, 6619
39664, 6619
46272, 6619
26494, 6619
43045, 6619
28640, 6619
45166, 6619
43175, 6619
14970, 6619
40930, 6619
41772, 6619
30261, 6619
21690, 6619
12815, 6619
42469, 6619
48219, 6619
13210, 6619
14222, 6619
15627, 6619
26401, 6619
13550, 6619
32529, 6619
20718, 6619
6619, 23418
6619, 27063
6619, 34881
6619, 40797
44185, 6620
6620, 36122
29423, 6621
6621, 36808
27207, 6622
14535, 6622
6622, 33731
30124, 6623
30581, 6623
42976, 6623
40233, 6623
6623, 25494
6623, 22577
22335, 6624
6624, 34970
28020, 6625
6625, 38796
44927, 6626
6626, 29952
6626, 33346
6626, 44266
27818, 6627
6627, 34488
28484, 6628
6628, 32437
6628, 16605
47952, 6629
6629, 23381
35080, 6630
6630, 36063
27394, 6631
6631, 42473
43836, 6632
30042, 6632
6632, 30205
44271, 6633
6633, 31551
33013, 6634
6634, 40013
42500, 6635
6635, 13470
30956, 6636
6636, 15741
31579, 6637
6637, 21325
12575, 6638
6638, 28729
6638, 32347
23793, 6639
6639, 42771
39871, 6640
6640, 28323
6640, 27063
6640, 48304
6640, 13494
22268, 6641
6641, 34329
16612, 6642
6642, 27622
48434, 6643
6643, 31389
6643, 43865
37394, 6644
6644, 36292
6644, 48120
34788, 6645
6645, 47577
21907, 6646
6646, 25728
36465, 6647
6647, 14216
6647, 14153
6647, 45542
6647, 47413
25465, 6648
23963, 6648
6648, 30222
24171, 6649
6649, 25157
27951, 6650
21758, 6650
46338, 6650
29432, 6650
45854, 6650
45225, 6650
14022, 6650
23363, 6650
48216, 6650
25604, 6650
6650, 18570
6650, 33046
47960, 6651
6651, 34019
6651, 35356
42110, 6652
6652, 32517
42943, 6653
43872, 6653
6653, 36690
44470, 6654
6654, 27664
6654, 29546
44867, 6655
6655, 44936
19875, 6656
6656, 12751
15172, 6657
6657, 20682
6657, 40439
41590, 6658
29197, 6658
6658, 29196
28820, 6659
6659, 19710
13797, 6660
6660, 41443
33208, 6661
6661, 14268
6661, 27401
42110, 6662
6662, 19287
43761, 6663
6663, 17124
6663, 26941
6663, 37372
6663, 26652
40935, 6664
6664, 42104
23430, 6665
6665, 39468
21939, 6666
6666, 12401
26619, 6667
6667, 28219
42110, 6668
6668, 30746
41951, 6669
6669, 47112
46806, 6670
6670, 41662
31394, 6671
6671, 28408
42938, 6672
6672, 45941
30956, 6673
6673, 34773
40487, 6674
6674, 15158
15138, 6675
6675, 43478
6675, 28699
19056, 6676
6676, 35735
6676, 26040
6676, 21050
6676, 46966
6676, 22959
6676, 27722
21751, 6677
6677, 16938
6677, 24046
6677, 23625
46862, 6678
12442, 6678
33843, 6678
6678, 29725
25260, 6679
32352, 6679
38796, 6679
39069, 6679
43200, 6679
39039, 6679
35970, 6679
48025, 6679
25728, 6679
29702, 6679
18132, 6679
19088, 6679
37597, 6679
28953, 6679
6679, 24906
31079, 6680
6680, 41969
29583, 6681
6681, 39411
21381, 6682
6682, 46633
6682, 35112
6682, 30942
6682, 37663
36229, 6683
6683, 25083
6683, 27429
6683, 31221
6683, 43463
26814, 6684
6684, 18930
40279, 6685
6685, 20094
6685, 31691
6685, 32065
42110, 6686
6686, 17037
21829, 6687
6687, 32197
45420, 6688
6688, 15865
43027, 6689
6689, 46510
38088, 6690
6690, 45589
42110, 6691
6691, 25178
31266, 6692
37541, 6692
45744, 6692
6692, 22502
42110, 6693
6693, 14631
46072, 6694
6694, 32492
16369, 6695
6695, 18259
28065, 6696
48426, 6696
6696, 35153
36465, 6697
6697, 21079
6697, 40365
32217, 6698
6698, 13099
25759, 6699
6699, 41927
19728, 6700
6700, 17303
46066, 6701
36159, 6701
35284, 6701
35118, 6701
45414, 6701
16078, 6701
22785, 6701
35904, 6701
41664, 6701
46238, 6701
20697, 6701
47508, 6701
30343, 6701
12892, 6701
45098, 6701
42636, 6701
15909, 6701
39565, 6701
6701, 19214
33556, 6702
47755, 6702
14540, 6702
13532, 6702
24599, 6702
40119, 6702
13136, 6702
37190, 6702
33675, 6702
21962, 6702
18469, 6702
26089, 6702
16460, 6702
41438, 6702
17216, 6702
45141, 6702
16095, 6702
34234, 6702
14821, 6702
27853, 6702
44016, 6702
33496, 6702
28690, 6702
33388, 6702
19745, 6702
13246, 6702
20595, 6702
27783, 6702
32123, 6702
39479, 6702
18562, 6702
20170, 6702
14672, 6702
32996, 6702
38836, 6702
18894, 6702
47577, 6702
41228, 6702
31176, 6702
39716, 6702
46010, 6702
43307, 6702
35862, 6702
40270, 6702
48665, 6702
48477, 6702
12756, 6702
42901, 6702
18821, 6702
26861, 6702
31684, 6702
20596, 6702
19665, 6702
37254, 6702
32232, 6702
32124, 6702
31310, 6702
14025, 6702
30157, 6702
20102, 6702
41391, 6702
23980, 6702
46342, 6702
24294, 6702
16356, 6702
13433, 6702
22325, 6702
27401, 6702
25261, 6702
46474, 6702
25365, 6702
30494, 6702
44701, 6702
32403, 6702
13849, 6702
21805, 6702
38754, 6702
34208, 6702
20624, 6702
13880, 6702
45577, 6702
37315, 6702
14147, 6702
6702, 42110
46806, 6703
6703, 36975
6703, 29085
23869, 6704
6704, 46560
40184, 6705
27390, 6705
30961, 6705
18994, 6705
48139, 6705
29723, 6705
38715, 6705
13423, 6705
38966, 6705
19248, 6705
25484, 6705
6705, 30299
27438, 6706
6706, 39457
46778, 6707
6707, 28933
25300, 6708
43780, 6708
15679, 6708
33670, 6708
32592, 6708
6708, 12599
24148, 6709
6709, 26080
42692, 6710
6710, 17942
37538, 6711
6711, 27927
6711, 48231
6711, 26891
6711, 32065
6711, 40690
16697, 6712
43466, 6712
46085, 6712
44669, 6712
6712, 31008
17319, 6713
6713, 23324
43293, 6714
6714, 47755
6714, 35274
42048, 6715
6715, 46691
42110, 6716
6716, 34156
41951, 6717
6717, 36564
6717, 23064
46323, 6718
6718, 26304
17387, 6719
6719, 42077
47552, 6720
6720, 17184
27274, 6721
6721, 18909
42110, 6722
6722, 36420
42997, 6723
6723, 18857
42110, 6724
6724, 15996
42110, 6725
6725, 42213
16144, 6726
6726, 43269
42110, 6727
6727, 33258
23566, 6728
6728, 24046
37667, 6729
6729, 34061
6729, 35396
6729, 42095
36465, 6730
6730, 47766
6730, 46909
6730, 47870
30796, 6731
6731, 18979
31571, 6732
34725, 6732
6732, 19978
15024, 6733
6733, 34793
48348, 6734
32219, 6734
6734, 39469
42110, 6735
6735, 19287
42110, 6736
6736, 42102
42110, 6737
6737, 34468
33714, 6738
6738, 38557
14356, 6739
6739, 38100
32903, 6740
6740, 30292
27994, 6741
6741, 34064
35408, 6742
31486, 6742
13720, 6742
48175, 6742
6742, 39456
45932, 6743
17792, 6743
6743, 30081
39166, 6744
6744, 38580
15412, 6745
6745, 46514
15242, 6746
6746, 19713
24744, 6747
6747, 47418
21577, 6748
6748, 37405
6748, 37593
14052, 6749
6749, 27885
29835, 6750
6750, 16891
34418, 6751
6751, 30082
6751, 29238
6751, 39719
6751, 14446
6751, 35274
6751, 37315
24081, 6752
6752, 27733
35832, 6753
22336, 6753
40019, 6753
36536, 6753
12971, 6753
33040, 6753
38625, 6753
16265, 6753
38944, 6753
27293, 6753
18187, 6753
39323, 6753
13913, 6753
26517, 6753
37419, 6753
39465, 6753
37307, 6753
20421, 6753
22311, 6753
20771, 6753
32911, 6753
44119, 6753
19477, 6753
39645, 6753
21054, 6753
42882, 6753
46562, 6753
36323, 6753
36612, 6753
42443, 6753
29151, 6753
42764, 6753
40874, 6753
47479, 6753
28832, 6753
6753, 17123
47501, 6754
6754, 44028
6754, 33203
6754, 30420
23096, 6755
45207, 6755
13149, 6755
35379, 6755
6755, 28890
33849, 6756
6756, 15519
42110, 6757
6757, 40915
28799, 6758
34903, 6758
24267, 6758
13916, 6758
27346, 6758
25857, 6758
24853, 6758
22424, 6758
38015, 6758
32955, 6758
32768, 6758
6758, 19114
21355, 6759
28002, 6759
12745, 6759
44762, 6759
6759, 13699
6759, 18151
35933, 6760
6760, 45419
15229, 6761
6761, 16703
27761, 6762
6762, 15684
28555, 6763
6763, 35585
6763, 41160
6763, 18410
6763, 30159
42110, 6764
6764, 38928
44409, 6765
28289, 6765
6765, 36891
42110, 6766
6766, 47078
22474, 6767
6767, 38424
6767, 29152
30301, 6768
6768, 20600
29981, 6769
6769, 33842
42110, 6770
6770, 29681
38374, 6771
45383, 6771
6771, 45903
42110, 6772
6772, 21571
31205, 6773
6773, 23980
43616, 6774
43712, 6774
44845, 6774
6774, 39401
27684, 6775
6775, 15036
6775, 40908
6775, 37539
39339, 6776
6776, 33219
16552, 6777
6777, 26421
44873, 6778
6778, 30158
6778, 15866
42110, 6779
6779, 37926
29810, 6780
6780, 31299
42110, 6781
6781, 15828
12363, 6782
6782, 25903
30401, 6783
6783, 39608
42110, 6784
6784, 36550
16755, 6785
6785, 12919
30536, 6786
6786, 45763
36078, 6787
6787, 44055
37565, 6788
6788, 16865
31394, 6789
6789, 22570
6789, 47883
6789, 22035
13005, 6790
43926, 6790
6790, 42165
33319, 6791
6791, 40087
42110, 6792
6792, 36787
23138, 6793
6793, 21853
40014, 6794
6794, 24790
6794, 17304
6794, 25491
6794, 28979
6794, 22625
6794, 30393
35207, 6795
29925, 6795
24426, 6795
35105, 6795
6795, 47672
28396, 6796
41168, 6796
12877, 6796
6796, 17942
42462, 6797
6797, 34923
6797, 31891
6797, 18457
43591, 6798
6798, 43524
6798, 19186
6798, 47891
34764, 6799
6799, 21041
30027, 6800
23429, 6800
34762, 6800
6800, 16739
32578, 6801
6801, 29689
20503, 6802
6802, 19766
36711, 6803
6803, 27143
6803, 27057
6803, 32186
6803, 29090
6803, 18552
36465, 6804
6804, 46021
12621, 6805
44767, 6805
6805, 12643
23653, 6806
21097, 6806
48394, 6806
40060, 6806
27847, 6806
17339, 6806
40916, 6806
32963, 6806
28284, 6806
38440, 6806
12637, 6806
17299, 6806
14767, 6806
38635, 6806
17203, 6806
18043, 6806
6806, 41671
6806, 18456
6806, 47089
24681, 6807
6807, 46010
34412, 6808
6808, 17660
32780, 6809
39327, 6809
33561, 6809
42101, 6809
30916, 6809
37774, 6809
28391, 6809
16830, 6809
43111, 6809
14269, 6809
6809, 35395
22234, 6810
15484, 6810
6810, 24865
21681, 6811
6811, 43749
6811, 39075
6811, 17427
6811, 19296
36465, 6812
6812, 35876
41963, 6813
6813, 47077
47854, 6814
6814, 16881
42100, 6815
6815, 14180
29241, 6816
6816, 34013
43007, 6817
6817, 40310
16266, 6818
34977, 6818
6818, 14562
47627, 6819
40753, 6819
6819, 14034
27818, 6820
6820, 34647
6820, 40928
25333, 6821
6821, 20470
38829, 6822
6822, 22004
45035, 6823
6823, 46428
6823, 29226
29796, 6824
6824, 19076
6824, 42342
42110, 6825
6825, 46216
23127, 6826
6826, 16289
42110, 6827
6827, 43550
47037, 6828
6828, 23564
20663, 6829
41967, 6829
18600, 6829
22727, 6829
6829, 35415
15414, 6830
18534, 6830
6830, 40315
38530, 6831
6831, 23346
6831, 22056
6831, 45695
6831, 38847
6831, 43642
23194, 6832
16602, 6832
6832, 33800
42110, 6833
6833, 26257
24964, 6834
6834, 12681
42110, 6835
6835, 16787
44330, 6836
41256, 6836
6836, 30090
27274, 6837
6837, 20934
6837, 46440
17441, 6838
6838, 17265
18984, 6839
6839, 27783
6839, 47604
42110, 6840
6840, 45279
35040, 6841
6841, 47389
29234, 6842
6842, 25620
41448, 6843
6843, 32546
34406, 6844
6844, 22698
6844, 28592
6844, 31165
6844, 15780
42110, 6845
6845, 14247
14220, 6846
6846, 43384
42110, 6847
6847, 28602
42110, 6848
6848, 42280
42110, 6849
6849, 15912
13865, 6850
6850, 32843
37148, 6851
6851, 40897
22016, 6852
6852, 12706
33489, 6853
6853, 29549
38690, 6854
6854, 38970
18518, 6855
6855, 27767
46547, 6856
6856, 27783
6856, 33246
6856, 35751
26791, 6857
6857, 37218
42110, 6858
6858, 16445
42110, 6859
6859, 45829
48344, 6860
6860, 25726
44573, 6861
6861, 26645
6861, 32141
40053, 6862
6862, 20762
21831, 6863
22867, 6863
29829, 6863
6863, 46012
31394, 6864
6864, 41787
29144, 6865
6865, 48650
23421, 6866
32208, 6866
41520, 6866
23188, 6866
29651, 6866
30779, 6866
12355, 6866
17872, 6866
35861, 6866
28535, 6866
35487, 6866
45215, 6866
14224, 6866
24875, 6866
18780, 6866
34750, 6866
36857, 6866
23537, 6866
38153, 6866
35797, 6866
14891, 6866
35278, 6866
48329, 6866
27122, 6866
25527, 6866
22101, 6866
46379, 6866
13076, 6866
48091, 6866
44938, 6866
23137, 6866
34560, 6866
31435, 6866
29326, 6866
37387, 6866
35362, 6866
15569, 6866
32082, 6866
33677, 6866
46539, 6866
12568, 6866
33696, 6866
19319, 6866
37812, 6866
6866, 12798
37059, 6867
6867, 22415
30127, 6868
6868, 26007
43023, 6869
6869, 15002
25759, 6870
6870, 26564
47699, 6871
6871, 46649
36116, 6872
26919, 6872
39702, 6872
6872, 31869
42110, 6873
6873, 12409
47637, 6874
23787, 6874
6874, 40901
35218, 6875
6875, 16126
46806, 6876
6876, 19753
6876, 33576
47385, 6877
6877, 15038
32202, 6878
6878, 26493
42133, 6879
6879, 40549
39336, 6880
6880, 46045
6880, 20154
6880, 31299
6880, 43918
6880, 37248
6880, 34744
28309, 6881
31263, 6881
6881, 38863
16470, 6882
6882, 25856
6882, 23346
6882, 31467
6882, 41438
6882, 36692
6882, 43716
42110, 6883
6883, 33850
34200, 6884
6884, 39828
17763, 6885
6885, 15919
17040, 6886
6886, 32081
42110, 6887
6887, 19120
30369, 6888
6888, 27633
22453, 6889
19145, 6889
6889, 37869
6889, 24447
35660, 6890
30691, 6890
6890, 38212
24152, 6891
6891, 47010
34890, 6892
6892, 25139
30947, 6893
6893, 47368
30818, 6894
6894, 28971
42110, 6895
6895, 22252
38829, 6896
6896, 20301
22590, 6897
6897, 42921
30491, 6898
38423, 6898
37676, 6898
21460, 6898
6898, 48433
28204, 6899
6899, 16683
45091, 6900
6900, 40894
42110, 6901
6901, 13003
21762, 6902
33376, 6902
34715, 6902
27082, 6902
6902, 43704
21883, 6903
6903, 24997
24972, 6904
6904, 21434
6904, 41438
40494, 6905
6905, 41681
6905, 38038
42110, 6906
6906, 22621
41951, 6907
6907, 39408
26419, 6908
25454, 6908
29621, 6908
6908, 29566
6908, 27212
13040, 6909
6909, 32519
27621, 6910
6910, 13486
48394, 6911
27627, 6911
18298, 6911
25454, 6911
22784, 6911
48436, 6911
41068, 6911
32624, 6911
48154, 6911
6911, 14478
20545, 6912
6912, 19997
36004, 6913
42657, 6913
40187, 6913
20145, 6913
32871, 6913
42651, 6913
6913, 21594
46806, 6914
6914, 29555
42110, 6915
6915, 39155
29297, 6916
6916, 19579
42110, 6917
6917, 27011
42110, 6918
6918, 39297
27709, 6919
6919, 25831
6919, 40119
6919, 31684
27948, 6920
12866, 6920
45615, 6920
6920, 23945
15406, 6921
6921, 20241
6921, 46516
6921, 35688
6921, 22092
6921, 13441
6921, 36329
42110, 6922
6922, 31289
31988, 6923
6923, 35457
48658, 6924
47633, 6924
24091, 6924
34262, 6924
38199, 6924
43970, 6924
27522, 6924
6924, 14432
6924, 37003
6924, 45171
6924, 33190
30282, 6925
27246, 6925
6925, 19191
36465, 6926
6926, 27996
6926, 27064
6926, 30488
21155, 6927
6927, 15057
41908, 6928
6928, 34381
43995, 6929
6929, 32975
6929, 28742
22436, 6930
6930, 23968
6930, 43110
17212, 6931
13552, 6931
21516, 6931
29753, 6931
46125, 6931
24145, 6931
27063, 6931
40119, 6931
32860, 6931
19676, 6931
37642, 6931
18469, 6931
13213, 6931
16475, 6931
45848, 6931
21449, 6931
37615, 6931
16460, 6931
36979, 6931
37403, 6931
31321, 6931
39284, 6931
40344, 6931
21772, 6931
22648, 6931
34381, 6931
21050, 6931
32389, 6931
29891, 6931
27517, 6931
33496, 6931
33765, 6931
13665, 6931
28144, 6931
41224, 6931
37697, 6931
20698, 6931
41292, 6931
47793, 6931
18137, 6931
42286, 6931
17269, 6931
23562, 6931
18562, 6931
31185, 6931
23269, 6931
22033, 6931
38548, 6931
17471, 6931
40113, 6931
27258, 6931
22105, 6931
31176, 6931
21386, 6931
38644, 6931
39716, 6931
41227, 6931
26568, 6931
18861, 6931
18407, 6931
22106, 6931
43307, 6931
33243, 6931
15924, 6931
20156, 6931
30879, 6931
13225, 6931
21480, 6931
38370, 6931
15119, 6931
23281, 6931
37544, 6931
27742, 6931
34737, 6931
33790, 6931
46480, 6931
22760, 6931
20191, 6931
46799, 6931
39765, 6931
21594, 6931
29238, 6931
31221, 6931
20367, 6931
41622, 6931
24294, 6931
14917, 6931
33339, 6931
31809, 6931
47405, 6931
48053, 6931
15124, 6931
23534, 6931
39874, 6931
24898, 6931
45121, 6931
14025, 6931
33654, 6931
30087, 6931
47368, 6931
18821, 6931
25239, 6931
46342, 6931
40161, 6931
14446, 6931
48246, 6931
25998, 6931
14147, 6931
43556, 6931
43627, 6931
21965, 6931
19552, 6931
20776, 6931
38557, 6931
15537, 6931
6931, 42110
20627, 6932
41095, 6932
22723, 6932
31094, 6932
16837, 6932
42327, 6932
30661, 6932
40068, 6932
28198, 6932
25934, 6932
24013, 6932
18667, 6932
15593, 6932
30890, 6932
37877, 6932
34253, 6932
13821, 6932
45208, 6932
47666, 6932
37955, 6932
33421, 6932
43980, 6932
22712, 6932
34345, 6932
46454, 6932
35327, 6932
13846, 6932
20842, 6932
37045, 6932
14259, 6932
39462, 6932
14065, 6932
14086, 6932
26552, 6932
25850, 6932
25200, 6932
25812, 6932
37440, 6932
12973, 6932
46575, 6932
37455, 6932
33138, 6932
30150, 6932
15460, 6932
12961, 6932
28583, 6932
21716, 6932
40475, 6932
45989, 6932
38095, 6932
47202, 6932
13169, 6932
24753, 6932
12598, 6932
18211, 6932
23799, 6932
40911, 6932
24823, 6932
45367, 6932
27436, 6932
28084, 6932
47671, 6932
30517, 6932
33927, 6932
41568, 6932
15110, 6932
25684, 6932
45846, 6932
39154, 6932
47011, 6932
19211, 6932
24878, 6932
29120, 6932
34832, 6932
16738, 6932
25322, 6932
23352, 6932
33354, 6932
28584, 6932
19762, 6932
29602, 6932
37875, 6932
47707, 6932
33079, 6932
27941, 6932
27177, 6932
26091, 6932
25660, 6932
36950, 6932
34106, 6932
38111, 6932
43026, 6932
41670, 6932
17416, 6932
43067, 6932
25095, 6932
40545, 6932
47147, 6932
19137, 6932
21252, 6932
22856, 6932
20717, 6932
21659, 6932
44549, 6932
18769, 6932
28332, 6932
32680, 6932
31925, 6932
32053, 6932
38901, 6932
28304, 6932
20905, 6932
41696, 6932
17237, 6932
25462, 6932
48090, 6932
16859, 6932
31287, 6932
37979, 6932
23028, 6932
34952, 6932
45405, 6932
44064, 6932
17787, 6932
6932, 22157
6932, 17572
6932, 27432
32225, 6933
6933, 13033
15505, 6934
6934, 18659
19244, 6935
6935, 23307
29882, 6936
14547, 6936
6936, 17305
6936, 38776
18176, 6937
6937, 45430
6937, 37544
12913, 6938
45581, 6938
44926, 6938
27804, 6938
6938, 24342
31394, 6939
6939, 31275
26605, 6940
6940, 47755
31445, 6941
6941, 30541
18891, 6942
6942, 42268
6942, 16386
23520, 6943
6943, 24809
18954, 6944
6944, 13674
24486, 6945
6945, 42971
30469, 6946
42417, 6946
6946, 21534
40069, 6947
6947, 27401
46806, 6948
6948, 47343
39481, 6949
48026, 6949
6949, 37314
35436, 6950
6950, 31248
13518, 6951
6951, 40204
16944, 6952
6952, 13543
38827, 6953
6953, 44526
29270, 6954
30000, 6954
37427, 6954
27413, 6954
14409, 6954
15696, 6954
6954, 34459
6954, 16533
40059, 6955
6955, 28490
6955, 23684
6955, 19808
13682, 6956
28390, 6956
31897, 6956
41330, 6956
42373, 6956
17159, 6956
35179, 6956
13049, 6956
45258, 6956
24917, 6956
37155, 6956
25779, 6956
24977, 6956
39681, 6956
30349, 6956
43099, 6956
43535, 6956
39260, 6956
18557, 6956
30526, 6956
46559, 6956
29227, 6956
26529, 6956
23347, 6956
46491, 6956
29031, 6956
29307, 6956
41687, 6956
44983, 6956
28880, 6956
48694, 6956
38103, 6956
28638, 6956
13472, 6956
33957, 6956
18587, 6956
25977, 6956
13374, 6956
47696, 6956
40777, 6956
43311, 6956
21737, 6956
28196, 6956
22265, 6956
35275, 6956
45883, 6956
23838, 6956
14492, 6956
16391, 6956
33024, 6956
38782, 6956
37161, 6956
44913, 6956
19632, 6956
13196, 6956
29173, 6956
44314, 6956
47082, 6956
37856, 6956
17684, 6956
25584, 6956
35433, 6956
46854, 6956
20201, 6956
32152, 6956
18937, 6956
45959, 6956
31591, 6956
45049, 6956
34072, 6956
27551, 6956
24352, 6956
35049, 6956
14146, 6956
41745, 6956
28934, 6956
21445, 6956
19529, 6956
28273, 6956
21152, 6956
22156, 6956
16045, 6956
29502, 6956
34191, 6956
38283, 6956
43597, 6956
41984, 6956
27573, 6956
42507, 6956
27066, 6956
30474, 6956
13167, 6956
20051, 6956
24632, 6956
45730, 6956
38091, 6956
25607, 6956
40949, 6956
15642, 6956
15145, 6956
33081, 6956
46603, 6956
39209, 6956
26194, 6956
16405, 6956
33058, 6956
37716, 6956
29644, 6956
43244, 6956
16579, 6956
27542, 6956
15560, 6956
16673, 6956
23790, 6956
43919, 6956
33282, 6956
47354, 6956
40009, 6956
32700, 6956
46942, 6956
47839, 6956
20563, 6956
34083, 6956
31011, 6956
38639, 6956
25079, 6956
38013, 6956
27338, 6956
22931, 6956
31104, 6956
14460, 6956
40730, 6956
31741, 6956
22821, 6956
46824, 6956
20930, 6956
16929, 6956
19631, 6956
6956, 35188
13531, 6957
6957, 38784
47894, 6958
6958, 33112
22685, 6959
6959, 16295
14163, 6960
6960, 27112
27507, 6961
6961, 35575
19944, 6962
35342, 6962
6962, 46343
12698, 6963
6963, 24847
23296, 6964
6964, 34234
36215, 6965
6965, 20002
42110, 6966
6966, 13267
40065, 6967
6967, 18867
36777, 6968
17044, 6968
17062, 6968
6968, 21001
16592, 6969
35566, 6969
6969, 30026
46806, 6970
6970, 22647
46806, 6971
6971, 22653
23907, 6972
6972, 13857
38829, 6973
6973, 36815
42110, 6974
6974, 33822
36465, 6975
6975, 30560
6975, 27996
35755, 6976
25188, 6976
30384, 6976
13815, 6976
37563, 6976
17055, 6976
21243, 6976
32510, 6976
6976, 22667
35925, 6977
46050, 6977
28866, 6977
28890, 6977
29566, 6977
28323, 6977
39827, 6977
22262, 6977
28980, 6977
6977, 17060
43620, 6978
6978, 22938
42110, 6979
6979, 47819
48673, 6980
26993, 6980
23397, 6980
23697, 6980
16782, 6980
43841, 6980
38523, 6980
45123, 6980
40126, 6980
18780, 6980
45512, 6980
12716, 6980
36020, 6980
29348, 6980
41654, 6980
31784, 6980
28009, 6980
38196, 6980
24671, 6980
29997, 6980
14891, 6980
17720, 6980
33515, 6980
24008, 6980
39497, 6980
46166, 6980
15428, 6980
47940, 6980
15567, 6980
15850, 6980
27055, 6980
28695, 6980
34716, 6980
29326, 6980
22085, 6980
42983, 6980
6980, 46692
41732, 6981
6981, 46343
17311, 6982
6982, 47008
15542, 6983
6983, 34739
6983, 27518
6983, 31526
15743, 6984
6984, 23670
38036, 6985
6985, 12830
6985, 43234
6985, 35261
30956, 6986
6986, 23762
36465, 6987
6987, 27996
6987, 46021
42494, 6988
42350, 6988
29155, 6988
39892, 6988
6988, 40999
6988, 31890
6988, 40144
37866, 6989
6989, 34881
6989, 15866
48469, 6990
6990, 44649
42110, 6991
6991, 43106
19140, 6992
28553, 6992
38692, 6992
6992, 27926
6992, 45772
6992, 43384
15361, 6993
6993, 16360
13812, 6994
6994, 31263
42110, 6995
6995, 32226
17964, 6996
16871, 6996
6996, 18208
6996, 20502
17595, 6997
6997, 14810
13826, 6998
6998, 30176
6998, 19205
44900, 6999
6999, 34881
25879, 7000
7000, 13345
35379, 7001
7001, 43804
36748, 7002
7002, 14410
7002, 43480
13515, 7003
7003, 38867
43157, 7004
7004, 21060
7004, 48064
7004, 47236
34312, 7005
16539, 7005
7005, 26001
36785, 7006
7006, 20546
33967, 7007
25363, 7007
24462, 7007
24050, 7007
39139, 7007
42256, 7007
7007, 18465
31430, 7008
7008, 42117
35771, 7009
43727, 7009
23376, 7009
7009, 35322
36796, 7010
40047, 7010
23797, 7010
26984, 7010
35379, 7010
7010, 35680
37443, 7011
7011, 19889
7011, 28230
7011, 15866
37236, 7012
7012, 21807
45371, 7013
7013, 30738
32010, 7014
30107, 7014
7014, 37456
32903, 7015
7015, 30292
47699, 7016
7016, 15902
43941, 7017
7017, 43316
22321, 7018
7018, 23093
21443, 7019
7019, 40602
24831, 7020
7020, 39432
47699, 7021
7021, 15902
43376, 7022
7022, 17942
46806, 7023
7023, 13157
13098, 7024
47652, 7024
15420, 7024
7024, 44322
42174, 7025
7025, 46121
42110, 7026
7026, 44982
32093, 7027
7027, 18343
7027, 29556
44712, 7028
7028, 17914
7028, 22105
24122, 7029
7029, 41748
26687, 7030
7030, 46692
26047, 7031
7031, 23642
38074, 7032
23728, 7032
7032, 28748
44217, 7033
7033, 32235
34591, 7034
7034, 44250
40560, 7035
41524, 7035
12657, 7035
7035, 44007
33218, 7036
7036, 13920
37647, 7037
7037, 17575
36314, 7038
7038, 21733
42110, 7039
7039, 35055
47742, 7040
28720, 7040
22238, 7040
30823, 7040
7040, 13439
32736, 7041
7041, 46169
24480, 7042
7042, 43452
42374, 7043
45312, 7043
16098, 7043
38546, 7043
37938, 7043
20749, 7043
21342, 7043
13675, 7043
36446, 7043
7043, 17302
47183, 7044
37662, 7044
7044, 33787
46806, 7045
7045, 17593
7045, 45169
21713, 7046
7046, 15375
46806, 7047
7047, 14707
25608, 7048
47873, 7048
28845, 7048
21715, 7048
7048, 32591
7048, 27382
7048, 20614
7048, 36502
17136, 7049
7049, 30771
7049, 29366
28579, 7050
7050, 43923
42110, 7051
7051, 34632
15135, 7052
7052, 29424
46046, 7053
7053, 37109
27274, 7054
7054, 30502
7054, 42057
43794, 7055
47041, 7055
27654, 7055
21574, 7055
48207, 7055
34921, 7055
40318, 7055
38333, 7055
15481, 7055
13715, 7055
30096, 7055
7055, 41194
24388, 7056
7056, 21047
7056, 30247
34597, 7057
7057, 46278
13079, 7058
7058, 32792
30956, 7059
45205, 7059
7059, 21860
24723, 7060
27945, 7060
31327, 7060
7060, 40945
18902, 7061
20236, 7061
7061, 12346
42479, 7062
17465, 7062
17382, 7062
46553, 7062
29666, 7062
42661, 7062
47679, 7062
32142, 7062
24530, 7062
21537, 7062
27456, 7062
18983, 7062
37893, 7062
46621, 7062
48482, 7062
34852, 7062
18834, 7062
34316, 7062
7062, 45893
40424, 7063
7063, 27788
28025, 7064
14235, 7064
7064, 29589
30072, 7065
7065, 25623
25802, 7066
31789, 7066
7066, 14664
30431, 7067
7067, 29331
37554, 7068
7068, 27943
26978, 7069
7069, 43119
13901, 7070
7070, 14573
46026, 7071
7071, 38138
18729, 7072
7072, 42930
28847, 7073
7073, 38452
36465, 7074
7074, 23713
30219, 7075
7075, 46555
42110, 7076
7076, 36000
20639, 7077
7077, 41559
46806, 7078
7078, 29553
47699, 7079
7079, 46649
23655, 7080
7080, 14588
7080, 38808
7080, 39827
7080, 20830
7080, 38310
7080, 24377
24802, 7081
7081, 26290
42007, 7082
7082, 34107
15829, 7083
7083, 15124
36687, 7084
7084, 41137
7084, 20645
17798, 7085
7085, 25365
7085, 48405
47249, 7086
7086, 47368
28768, 7087
7087, 16884
16578, 7088
7088, 46573
43058, 7089
7089, 46561
48415, 7090
7090, 19740
7090, 23346
7090, 31716
22398, 7091
7091, 14847
30956, 7092
7092, 21664
7092, 29327
45780, 7093
33521, 7093
25471, 7093
21630, 7093
41090, 7093
32502, 7093
17050, 7093
17039, 7093
23934, 7093
7093, 37561
45107, 7094
7094, 24019
41951, 7095
7095, 24271
26627, 7096
7096, 24210
7096, 17641
7096, 36054
7096, 46367
42110, 7097
7097, 29763
39586, 7098
14935, 7098
14058, 7098
29555, 7098
18225, 7098
23608, 7098
42848, 7098
34850, 7098
30584, 7098
20778, 7098
43793, 7098
7098, 45024
42110, 7099
7099, 19577
42110, 7100
7100, 25649
27000, 7101
34199, 7101
7101, 14898
34870, 7102
16218, 7102
36539, 7102
7102, 13190
30567, 7103
7103, 46305
7103, 12370
27147, 7104
34324, 7104
7104, 29084
30744, 7105
7105, 34738
26439, 7106
7106, 46211
42108, 7107
7107, 46438
38829, 7108
7108, 42848
13687, 7109
15152, 7109
24017, 7109
28593, 7109
25207, 7109
7109, 24566
42110, 7110
7110, 39849
46142, 7111
7111, 15825
30476, 7112
7112, 42104
15484, 7113
7113, 46419
42110, 7114
7114, 25595
29542, 7115
7115, 26639
43874, 7116
25964, 7116
22308, 7116
46718, 7116
31665, 7116
38266, 7116
40269, 7116
7116, 20853
42110, 7117
7117, 46785
14953, 7118
7118, 30497
32715, 7119
7119, 14823
29833, 7120
21889, 7120
7120, 16653
23415, 7121
7121, 31263
42110, 7122
7122, 22796
32328, 7123
7123, 22021
18811, 7124
22591, 7124
43159, 7124
22884, 7124
30333, 7124
7124, 28327
7124, 44322
16485, 7125
7125, 16284
17008, 7126
7126, 30104
27130, 7127
7127, 16493
7127, 15457
37597, 7128
7128, 42914
12658, 7129
7129, 12989
42943, 7130
7130, 36690
14962, 7131
7131, 34019
7131, 20830
7131, 14954
21389, 7132
7132, 43972
15959, 7133
30338, 7133
7133, 22339
7133, 18709
7133, 18049
13291, 7134
7134, 12466
46806, 7135
7135, 14514
32578, 7136
7136, 18136
26619, 7137
7137, 18870
33673, 7138
7138, 15505
7138, 16723
27737, 7139
7139, 23824
47714, 7140
7140, 40821
42110, 7141
7141, 20075
36465, 7142
7142, 30560
42110, 7143
7143, 44709
46806, 7144
7144, 37572
22269, 7145
7145, 47987
13404, 7146
7146, 26790
46806, 7147
7147, 31872
29192, 7148
25454, 7148
22423, 7148
30470, 7148
17576, 7148
23233, 7148
30966, 7148
26983, 7148
18241, 7148
17377, 7148
7148, 43975
7148, 24877
42885, 7149
7149, 36233
7149, 14580
7149, 30041
12867, 7150
7150, 28528
45625, 7151
7151, 46671
7151, 22742
32578, 7152
7152, 18136
42110, 7153
7153, 34150
43004, 7154
7154, 13121
29232, 7155
44743, 7155
7155, 28308
14875, 7156
12739, 7156
7156, 13978
7156, 40113
39492, 7157
7157, 46812
7157, 15532
7157, 27063
19503, 7158
20782, 7158
7158, 33326
42674, 7159
7159, 35112
26210, 7160
7160, 16610
18195, 7161
7161, 31551
42110, 7162
7162, 31823
27380, 7163
36720, 7163
43420, 7163
7163, 39682
7163, 42680
24589, 7164
29450, 7164
39222, 7164
14060, 7164
16336, 7164
26527, 7164
21958, 7164
24730, 7164
34209, 7164
12868, 7164
7164, 35662
7164, 36985
21676, 7165
7165, 38543
36174, 7166
7166, 23000
42290, 7167
33298, 7167
13819, 7167
14942, 7167
7167, 42934
28013, 7168
7168, 38557
33473, 7169
7169, 37456
37810, 7170
7170, 48654
43770, 7171
25027, 7171
7171, 12998
42110, 7172
7172, 14194
37724, 7173
7173, 43305
39727, 7174
7174, 17014
36465, 7175
7175, 19013
24876, 7176
7176, 32625
18007, 7177
7177, 28833
15549, 7178
7178, 25055
7178, 45857
42110, 7179
7179, 42036
36526, 7180
7180, 34902
40297, 7181
7181, 19361
24409, 7182
7182, 25833
27964, 7183
7183, 20615
48274, 7184
7184, 48386
42110, 7185
7185, 17208
42110, 7186
7186, 14563
38671, 7187
7187, 26263
31424, 7188
7188, 15133
7188, 47087
7188, 32154
7188, 38462
46022, 7189
25429, 7189
7189, 44322
34719, 7190
7190, 31493
42110, 7191
7191, 16142
15440, 7192
7192, 28335
7192, 18632
14922, 7193
7193, 19678
37712, 7194
7194, 13417
35430, 7195
7195, 35706
42110, 7196
7196, 16711
27555, 7197
7197, 45299
7197, 17550
32202, 7198
7198, 44388
22165, 7199
7199, 39919
7199, 38644
20105, 7200
7200, 25329
32578, 7201
7201, 42488
16020, 7202
25652, 7202
7202, 34655
12951, 7203
7203, 43948
7203, 39278
36215, 7204
7204, 20002
27818, 7205
7205, 45570
23603, 7206
7206, 19161
46806, 7207
7207, 22648
28844, 7208
7208, 31471
39737, 7209
7209, 20264
7209, 13674
43299, 7210
7210, 16716
7210, 35427
7210, 27401
7210, 27664
14930, 7211
7211, 38195
7211, 45075
7211, 19270
7211, 37463
35379, 7212
7212, 20849
7212, 21424
7212, 18787
33185, 7213
45042, 7213
42838, 7213
46737, 7213
41737, 7213
23679, 7213
22374, 7213
43493, 7213
40468, 7213
30553, 7213
39332, 7213
12707, 7213
14030, 7213
7213, 33339
46806, 7214
7214, 38154
24558, 7215
7215, 26236
35379, 7216
7216, 45329
42110, 7217
7217, 25788
24902, 7218
7218, 39919
21698, 7219
7219, 25598
7219, 29928
42109, 7220
28012, 7220
38386, 7220
23404, 7220
7220, 31106
30527, 7221
7221, 37879
38829, 7222
7222, 48629
43291, 7223
7223, 28417
29658, 7224
7224, 32339
14774, 7225
29392, 7225
7225, 28825
45062, 7226
22063, 7226
29608, 7226
15271, 7226
41751, 7226
15596, 7226
15109, 7226
29233, 7226
7226, 41610
46806, 7227
7227, 42987
7227, 16538
17539, 7228
7228, 17350
42657, 7229
30830, 7229
47157, 7229
7229, 28890
31693, 7230
7230, 41203
42110, 7231
7231, 19287
23522, 7232
7232, 13298
20183, 7233
7233, 39947
30733, 7234
7234, 16275
46738, 7235
7235, 18035
7235, 24477
7235, 18049
7235, 34079
7235, 41116
47699, 7236
7236, 38916
42110, 7237
7237, 43052
21966, 7238
7238, 18842
7238, 35662
7238, 32835
36968, 7239
26307, 7239
23781, 7239
25036, 7239
43464, 7239
12414, 7239
42635, 7239
37903, 7239
32068, 7239
31538, 7239
32897, 7239
45878, 7239
31467, 7239
28567, 7239
43781, 7239
40175, 7239
44231, 7239
26184, 7239
38564, 7239
14005, 7239
43978, 7239
41438, 7239
17427, 7239
46121, 7239
35154, 7239
47775, 7239
12817, 7239
25716, 7239
34079, 7239
14792, 7239
31691, 7239
28265, 7239
37405, 7239
29726, 7239
29689, 7239
12827, 7239
43211, 7239
21868, 7239
23695, 7239
17290, 7239
42060, 7239
27273, 7239
43790, 7239
36120, 7239
39459, 7239
44979, 7239
33353, 7239
36043, 7239
34601, 7239
34174, 7239
16416, 7239
14410, 7239
28421, 7239
46934, 7239
36032, 7239
45893, 7239
42095, 7239
44902, 7239
48498, 7239
41228, 7239
14995, 7239
38422, 7239
41661, 7239
40113, 7239
41160, 7239
41757, 7239
21386, 7239
23755, 7239
13372, 7239
36537, 7239
28641, 7239
29366, 7239
39596, 7239
13436, 7239
32684, 7239
37138, 7239
15841, 7239
30879, 7239
30194, 7239
35547, 7239
36692, 7239
16482, 7239
20130, 7239
36458, 7239
35274, 7239
30467, 7239
47443, 7239
21540, 7239
30699, 7239
41794, 7239
37922, 7239
48629, 7239
35500, 7239
13487, 7239
37539, 7239
31156, 7239
23968, 7239
37372, 7239
40190, 7239
37967, 7239
16356, 7239
45080, 7239
47546, 7239
34208, 7239
23506, 7239
14388, 7239
14025, 7239
27209, 7239
36396, 7239
21408, 7239
13751, 7239
21795, 7239
7239, 42110
31880, 7240
16371, 7240
40002, 7240
7240, 19943
25045, 7241
32960, 7241
18114, 7241
35379, 7241
7241, 26000
22906, 7242
7242, 46952
33933, 7243
7243, 26639
24291, 7244
7244, 33867
7244, 36778
25029, 7245
31872, 7245
7245, 18098
20288, 7246
7246, 19679
7246, 45705
7246, 21495
42738, 7247
7247, 34071
42110, 7248
7248, 18997
44793, 7249
7249, 19605
13240, 7250
7250, 34324
42110, 7251
7251, 33308
12861, 7252
42535, 7252
7252, 46450
7252, 22444
30675, 7253
17855, 7253
29313, 7253
47268, 7253
39158, 7253
20691, 7253
25411, 7253
23159, 7253
23425, 7253
27685, 7253
45602, 7253
39943, 7253
12449, 7253
37020, 7253
21567, 7253
22409, 7253
28916, 7253
44753, 7253
15854, 7253
22850, 7253
47219, 7253
33581, 7253
32837, 7253
37021, 7253
23595, 7253
28424, 7253
44289, 7253
20693, 7253
14157, 7253
18931, 7253
45773, 7253
29012, 7253
16726, 7253
38549, 7253
21928, 7253
36085, 7253
29286, 7253
36353, 7253
14346, 7253
44180, 7253
14899, 7253
12939, 7253
39792, 7253
33020, 7253
45832, 7253
34149, 7253
41436, 7253
44380, 7253
35796, 7253
17148, 7253
42179, 7253
47334, 7253
28666, 7253
28755, 7253
22118, 7253
22244, 7253
38649, 7253
29921, 7253
44407, 7253
42299, 7253
38675, 7253
40750, 7253
26641, 7253
22153, 7253
43885, 7253
33110, 7253
30797, 7253
46043, 7253
47061, 7253
36077, 7253
32560, 7253
24070, 7253
41917, 7253
42185, 7253
17911, 7253
24525, 7253
16205, 7253
43122, 7253
37606, 7253
41123, 7253
39637, 7253
32140, 7253
23117, 7253
27227, 7253
33815, 7253
46312, 7253
23754, 7253
37251, 7253
28951, 7253
26620, 7253
23858, 7253
48591, 7253
47712, 7253
13712, 7253
13708, 7253
43657, 7253
36089, 7253
38416, 7253
36993, 7253
33854, 7253
43877, 7253
24694, 7253
29370, 7253
26698, 7253
16235, 7253
36875, 7253
23465, 7253
42468, 7253
46677, 7253
39285, 7253
44139, 7253
16941, 7253
20345, 7253
18912, 7253
16792, 7253
35681, 7253
24448, 7253
45423, 7253
30022, 7253
14160, 7253
12416, 7253
25818, 7253
24045, 7253
48044, 7253
15989, 7253
29511, 7253
12484, 7253
32052, 7253
47850, 7253
41010, 7253
28287, 7253
31148, 7253
38177, 7253
29683, 7253
21303, 7253
23623, 7253
29757, 7253
46240, 7253
39922, 7253
26127, 7253
44507, 7253
31260, 7253
44987, 7253
27875, 7253
29290, 7253
37009, 7253
48479, 7253
32524, 7253
20983, 7253
21590, 7253
46034, 7253
39820, 7253
23635, 7253
30220, 7253
30506, 7253
19775, 7253
23348, 7253
13698, 7253
16542, 7253
21602, 7253
42724, 7253
19818, 7253
12940, 7253
38381, 7253
41462, 7253
22909, 7253
26476, 7253
23306, 7253
31365, 7253
46208, 7253
36351, 7253
13766, 7253
27389, 7253
39116, 7253
41988, 7253
35024, 7253
29842, 7253
42799, 7253
28107, 7253
32765, 7253
18011, 7253
25419, 7253
44515, 7253
34478, 7253
43267, 7253
48256, 7253
40806, 7253
34983, 7253
29857, 7253
41587, 7253
39703, 7253
32985, 7253
45728, 7253
22307, 7253
40075, 7253
26808, 7253
29685, 7253
31315, 7253
38710, 7253
14800, 7253
20802, 7253
29378, 7253
39646, 7253
47098, 7253
37795, 7253
35375, 7253
28441, 7253
39181, 7253
45458, 7253
29722, 7253
34980, 7253
29154, 7253
12410, 7253
34967, 7253
47721, 7253
32665, 7253
40407, 7253
37151, 7253
35085, 7253
31294, 7253
35729, 7253
16905, 7253
46759, 7253
38189, 7253
40474, 7253
26511, 7253
47807, 7253
29116, 7253
13043, 7253
27817, 7253
23339, 7253
44136, 7253
40448, 7253
15757, 7253
13769, 7253
23031, 7253
48676, 7253
19608, 7253
28376, 7253
40593, 7253
39923, 7253
15048, 7253
38939, 7253
40500, 7253
46011, 7253
44805, 7253
28260, 7253
41216, 7253
34373, 7253
40461, 7253
13707, 7253
32737, 7253
41571, 7253
37028, 7253
19694, 7253
41809, 7253
12430, 7253
34711, 7253
37216, 7253
29133, 7253
17153, 7253
22288, 7253
32704, 7253
26618, 7253
40470, 7253
17835, 7253
38056, 7253
36164, 7253
14607, 7253
37452, 7253
43984, 7253
38395, 7253
31690, 7253
43477, 7253
29250, 7253
23496, 7253
12752, 7253
35368, 7253
22235, 7253
45999, 7253
17812, 7253
31457, 7253
42125, 7253
36656, 7253
14738, 7253
44732, 7253
43567, 7253
45226, 7253
48000, 7253
40000, 7253
37448, 7253
38862, 7253
29963, 7253
44395, 7253
23723, 7253
34813, 7253
34236, 7253
46002, 7253
45174, 7253
47801, 7253
28571, 7253
29150, 7253
41384, 7253
44602, 7253
14431, 7253
26042, 7253
35616, 7253
45224, 7253
22067, 7253
24722, 7253
19951, 7253
16422, 7253
29841, 7253
37393, 7253
25143, 7253
39083, 7253
24567, 7253
25165, 7253
45924, 7253
37282, 7253
45481, 7253
35300, 7253
29457, 7253
23565, 7253
26797, 7253
33273, 7253
39914, 7253
17152, 7253
31055, 7253
47266, 7253
25169, 7253
28503, 7253
37087, 7253
42024, 7253
13283, 7253
41220, 7253
40359, 7253
35932, 7253
42720, 7253
20701, 7253
24840, 7253
15450, 7253
13987, 7253
16075, 7253
39894, 7253
31301, 7253
30432, 7253
45809, 7253
41555, 7253
32060, 7253
32717, 7253
30230, 7253
38168, 7253
18168, 7253
27841, 7253
22065, 7253
23286, 7253
40728, 7253
27321, 7253
16575, 7253
33955, 7253
29467, 7253
27024, 7253
16321, 7253
16166, 7253
42536, 7253
43445, 7253
43150, 7253
43427, 7253
13090, 7253
34938, 7253
37137, 7253
24154, 7253
30631, 7253
30484, 7253
26841, 7253
28829, 7253
34570, 7253
39021, 7253
40042, 7253
17756, 7253
45063, 7253
29312, 7253
31709, 7253
30080, 7253
45146, 7253
21188, 7253
21470, 7253
17504, 7253
24531, 7253
22716, 7253
26069, 7253
24281, 7253
25403, 7253
14116, 7253
42001, 7253
19422, 7253
40786, 7253
25032, 7253
32020, 7253
45272, 7253
17434, 7253
38079, 7253
44967, 7253
23122, 7253
12412, 7253
29275, 7253
42718, 7253
22730, 7253
44293, 7253
33239, 7253
33281, 7253
13300, 7253
38811, 7253
20221, 7253
24230, 7253
46727, 7253
40457, 7253
40091, 7253
15401, 7253
37192, 7253
21262, 7253
39239, 7253
40857, 7253
26251, 7253
19886, 7253
40028, 7253
34158, 7253
41785, 7253
35361, 7253
46572, 7253
26798, 7253
28557, 7253
20155, 7253
22442, 7253
15789, 7253
40818, 7253
45001, 7253
36041, 7253
33347, 7253
30628, 7253
24075, 7253
27304, 7253
14185, 7253
16409, 7253
15578, 7253
33451, 7253
23301, 7253
38299, 7253
44899, 7253
47611, 7253
22014, 7253
40408, 7253
13889, 7253
26406, 7253
15774, 7253
47570, 7253
39317, 7253
13272, 7253
25531, 7253
17455, 7253
38707, 7253
45325, 7253
37348, 7253
28902, 7253
33789, 7253
27261, 7253
43163, 7253
39446, 7253
29464, 7253
19391, 7253
19062, 7253
23063, 7253
16733, 7253
17023, 7253
46511, 7253
42693, 7253
18763, 7253
39453, 7253
30990, 7253
27357, 7253
32029, 7253
35992, 7253
23844, 7253
19111, 7253
25959, 7253
44989, 7253
45523, 7253
21503, 7253
20530, 7253
43039, 7253
18538, 7253
26575, 7253
12413, 7253
37080, 7253
33438, 7253
20062, 7253
18363, 7253
32387, 7253
38073, 7253
34001, 7253
40050, 7253
43181, 7253
28171, 7253
31911, 7253
28454, 7253
20317, 7253
23113, 7253
47805, 7253
37442, 7253
18833, 7253
48576, 7253
23756, 7253
14230, 7253
15039, 7253
15661, 7253
19929, 7253
40571, 7253
43434, 7253
24245, 7253
47951, 7253
39314, 7253
27605, 7253
41405, 7253
42442, 7253
45427, 7253
29393, 7253
26221, 7253
14926, 7253
45449, 7253
26325, 7253
14651, 7253
33494, 7253
47578, 7253
14909, 7253
32138, 7253
27328, 7253
28106, 7253
33074, 7253
38300, 7253
40029, 7253
35897, 7253
19614, 7253
28205, 7253
38864, 7253
22137, 7253
36074, 7253
45412, 7253
16058, 7253
26955, 7253
14088, 7253
42789, 7253
15461, 7253
20327, 7253
46339, 7253
33213, 7253
22175, 7253
41593, 7253
26027, 7253
32476, 7253
36363, 7253
21803, 7253
17859, 7253
25004, 7253
46789, 7253
35424, 7253
14366, 7253
23084, 7253
44907, 7253
28178, 7253
19555, 7253
14645, 7253
36573, 7253
40658, 7253
13506, 7253
48557, 7253
46333, 7253
43028, 7253
14382, 7253
15584, 7253
48451, 7253
44686, 7253
42211, 7253
7253, 12701
7253, 43264
7253, 40559
28793, 7254
7254, 45848
7254, 32255
42110, 7255
7255, 42774
18878, 7256
7256, 46434
7256, 36030
7256, 13269
7256, 43421
13631, 7257
7257, 13324
7257, 35887
48579, 7258
7258, 20505
44870, 7259
7259, 25307
37461, 7260
7260, 47529
42110, 7261
7261, 25908
39478, 7262
7262, 48248
7262, 32537
30772, 7263
7263, 21842
17742, 7264
20010, 7264
19595, 7264
25498, 7264
16096, 7264
42160, 7264
21090, 7264
15320, 7264
43168, 7264
14150, 7264
34735, 7264
28889, 7264
19026, 7264
36976, 7264
40025, 7264
18049, 7264
48242, 7264
32999, 7264
34216, 7264
41574, 7264
12817, 7264
21202, 7264
42060, 7264
16516, 7264
21373, 7264
28734, 7264
20703, 7264
47343, 7264
48231, 7264
45304, 7264
41928, 7264
36541, 7264
39730, 7264
14786, 7264
17307, 7264
24351, 7264
21666, 7264
17404, 7264
42821, 7264
27218, 7264
46037, 7264
36903, 7264
34117, 7264
43972, 7264
39919, 7264
22415, 7264
12333, 7264
13408, 7264
38879, 7264
17275, 7264
47429, 7264
21596, 7264
24046, 7264
33870, 7264
45794, 7264
20191, 7264
36047, 7264
39621, 7264
22710, 7264
27664, 7264
13340, 7264
26057, 7264
33339, 7264
37431, 7264
39057, 7264
33691, 7264
38457, 7264
37248, 7264
18739, 7264
20596, 7264
26891, 7264
32065, 7264
42708, 7264
36321, 7264
15183, 7264
24791, 7264
47368, 7264
13729, 7264
19892, 7264
39134, 7264
35072, 7264
25472, 7264
27500, 7264
33607, 7264
14370, 7264
25833, 7264
34653, 7264
7264, 42110
42110, 7265
7265, 18273
34951, 7266
7266, 45482
7266, 22071
22484, 7267
7267, 39551
29164, 7268
7268, 29052
42110, 7269
7269, 26248
41299, 7270
7270, 17483
7270, 31299
31705, 7271
7271, 33432
7271, 47774
7271, 32619
34946, 7272
7272, 16656
31059, 7273
7273, 16063
27552, 7274
7274, 16659
48463, 7275
7275, 30874
35149, 7276
7276, 16468
35745, 7277
7277, 23189
47228, 7278
7278, 22213
26451, 7279
26811, 7279
18279, 7279
37336, 7279
37556, 7279
34705, 7279
40458, 7279
34306, 7279
38705, 7279
26416, 7279
43810, 7279
40588, 7279
30866, 7279
16147, 7279
26985, 7279
42342, 7279
17204, 7279
12689, 7279
33305, 7279
27345, 7279
45050, 7279
29891, 7279
35307, 7279
42060, 7279
28690, 7279
44979, 7279
18137, 7279
47035, 7279
14582, 7279
44925, 7279
43397, 7279
38990, 7279
41194, 7279
44075, 7279
38065, 7279
33518, 7279
14625, 7279
42095, 7279
45023, 7279
43783, 7279
15097, 7279
31291, 7279
46649, 7279
44947, 7279
28340, 7279
34884, 7279
29366, 7279
15924, 7279
33044, 7279
22959, 7279
40745, 7279
37544, 7279
24046, 7279
35270, 7279
21723, 7279
14917, 7279
26962, 7279
16304, 7279
44133, 7279
29604, 7279
36476, 7279
40161, 7279
43178, 7279
22074, 7279
31221, 7279
43615, 7279
35274, 7279
43718, 7279
42681, 7279
42503, 7279
32330, 7279
25833, 7279
27216, 7279
36891, 7279
13849, 7279
27664, 7279
32288, 7279
44007, 7279
35198, 7279
22764, 7279
35478, 7279
32141, 7279
37663, 7279
45775, 7279
32918, 7279
35422, 7279
45653, 7279
22071, 7279
20556, 7279
22768, 7279
13784, 7279
35319, 7279
45804, 7279
41662, 7279
35267, 7279
7279, 42110
30586, 7280
7280, 16302
39309, 7281
7281, 13344
7281, 13265
29991, 7282
7282, 17742
7282, 30912
24831, 7283
7283, 24640
39997, 7284
7284, 14923
7284, 35575
7284, 36478
19038, 7285
7285, 29624
44914, 7286
7286, 41408
28756, 7287
7287, 46045
7287, 46625
7287, 24119
7287, 17960
42466, 7288
7288, 36366
7288, 33632
7288, 18887
46526, 7289
7289, 35688
29873, 7290
7290, 38959
22634, 7291
7291, 23684
7291, 47834
7291, 34226
30195, 7292
7292, 20356
17032, 7293
7293, 20041
18647, 7294
7294, 13408
7294, 28355
7294, 28327
32390, 7295
7295, 31946
7295, 31956
42110, 7296
7296, 32334
25731, 7297
7297, 31263
13973, 7298
7298, 20674
32784, 7299
7299, 23097
46583, 7300
7300, 46030
13972, 7301
7301, 13345
14734, 7302
7302, 17334
46973, 7303
7303, 19189
47587, 7304
7304, 17386
17384, 7305
37423, 7305
20255, 7305
22126, 7305
19876, 7305
38447, 7305
30440, 7305
36155, 7305
34249, 7305
22441, 7305
46220, 7305
21098, 7305
21760, 7305
20271, 7305
24657, 7305
45675, 7305
36050, 7305
46158, 7305
42828, 7305
40481, 7305
29342, 7305
46047, 7305
22515, 7305
42823, 7305
45793, 7305
36585, 7305
48014, 7305
36119, 7305
46774, 7305
45339, 7305
16676, 7305
43559, 7305
33772, 7305
30743, 7305
41289, 7305
27866, 7305
22040, 7305
30057, 7305
12675, 7305
47828, 7305
27965, 7305
16947, 7305
43719, 7305
20532, 7305
48615, 7305
19645, 7305
12591, 7305
34869, 7305
24404, 7305
20396, 7305
37464, 7305
17474, 7305
24180, 7305
43261, 7305
23724, 7305
15585, 7305
44425, 7305
7305, 17028
7305, 46305
7305, 24062
36465, 7306
7306, 30560
7306, 27996
7306, 25589
42110, 7307
7307, 46097
42977, 7308
7308, 28490
7308, 16960
7308, 24926
7308, 20374
7308, 44297
7308, 44274
16144, 7309
7309, 38703
34261, 7310
7310, 15525
43055, 7311
7311, 15078
7311, 23468
46806, 7312
7312, 39324
7312, 22216
36465, 7313
7313, 45033
47699, 7314
7314, 46767
45723, 7315
12837, 7315
17366, 7315
20575, 7315
29426, 7315
23351, 7315
41362, 7315
27877, 7315
22233, 7315
33144, 7315
15747, 7315
15197, 7315
39791, 7315
15922, 7315
33442, 7315
21075, 7315
36501, 7315
37299, 7315
29024, 7315
29907, 7315
36492, 7315
35648, 7315
17034, 7315
19514, 7315
16806, 7315
17690, 7315
38067, 7315
28901, 7315
7315, 25318
46806, 7316
7316, 21972
23127, 7317
7317, 21643
44356, 7318
7318, 45904
7318, 30135
7318, 31299
7318, 42700
19181, 7319
7319, 16449
42110, 7320
7320, 43564
46806, 7321
7321, 46688
31630, 7322
42569, 7322
20210, 7322
20331, 7322
37246, 7322
7322, 34726
25762, 7323
7323, 31333
7323, 26151
46706, 7324
7324, 16101
7324, 16825
39711, 7325
48372, 7325
7325, 38123
13901, 7326
7326, 14573
35752, 7327
21236, 7327
36936, 7327
7327, 45878
17280, 7328
7328, 41655
43017, 7329
30783, 7329
33652, 7329
22081, 7329
17586, 7329
22332, 7329
32011, 7329
26208, 7329
46040, 7329
42732, 7329
40709, 7329
34678, 7329
12447, 7329
16584, 7329
33372, 7329
29223, 7329
36843, 7329
47232, 7329
42360, 7329
42423, 7329
44647, 7329
23355, 7329
28989, 7329
42600, 7329
40155, 7329
21187, 7329
29484, 7329
16698, 7329
22384, 7329
32508, 7329
24509, 7329
40415, 7329
31449, 7329
45921, 7329
32663, 7329
19025, 7329
28364, 7329
47962, 7329
28394, 7329
30737, 7329
47118, 7329
18871, 7329
47143, 7329
43116, 7329
28476, 7329
34150, 7329
39307, 7329
35784, 7329
24161, 7329
43473, 7329
47156, 7329
16599, 7329
18511, 7329
44373, 7329
26021, 7329
34941, 7329
21898, 7329
39824, 7329
22732, 7329
47329, 7329
34016, 7329
46118, 7329
23478, 7329
35583, 7329
37813, 7329
47725, 7329
34962, 7329
48364, 7329
24229, 7329
22427, 7329
18424, 7329
33004, 7329
14863, 7329
44277, 7329
20415, 7329
21338, 7329
20543, 7329
21770, 7329
24408, 7329
12923, 7329
36986, 7329
18175, 7329
14526, 7329
31400, 7329
32564, 7329
37108, 7329
25883, 7329
30578, 7329
32634, 7329
16413, 7329
48050, 7329
22282, 7329
40411, 7329
30810, 7329
39552, 7329
32915, 7329
21902, 7329
35330, 7329
47997, 7329
19883, 7329
20443, 7329
14189, 7329
48234, 7329
18866, 7329
43527, 7329
17558, 7329
15513, 7329
42578, 7329
40188, 7329
32584, 7329
26171, 7329
42306, 7329
32605, 7329
32506, 7329
26810, 7329
24472, 7329
43469, 7329
45621, 7329
48353, 7329
29660, 7329
33003, 7329
17063, 7329
27184, 7329
48450, 7329
34511, 7329
24089, 7329
36888, 7329
22830, 7329
21885, 7329
46102, 7329
24991, 7329
48522, 7329
30954, 7329
26694, 7329
44787, 7329
39211, 7329
17608, 7329
15356, 7329
14912, 7329
48369, 7329
7329, 12905
7329, 28970
42110, 7330
7330, 14624
14223, 7331
7331, 33654
29317, 7332
7332, 44140
25709, 7333
7333, 38867
24664, 7334
7334, 28193
7334, 17498
15902, 7335
7335, 39040
23292, 7336
7336, 47733
42110, 7337
7337, 39849
46157, 7338
7338, 45466
26619, 7339
7339, 20206
38339, 7340
7340, 12681
45587, 7341
25917, 7341
43465, 7341
35440, 7341
17948, 7341
36765, 7341
32867, 7341
36154, 7341
37960, 7341
28694, 7341
38097, 7341
35328, 7341
18949, 7341
40230, 7341
17518, 7341
29801, 7341
30073, 7341
38720, 7341
37840, 7341
48213, 7341
40928, 7341
24523, 7341
22015, 7341
40381, 7341
26486, 7341
40921, 7341
47064, 7341
27909, 7341
19858, 7341
47210, 7341
37351, 7341
44636, 7341
14999, 7341
44552, 7341
43555, 7341
33212, 7341
46389, 7341
31446, 7341
26959, 7341
41992, 7341
7341, 13999
7341, 46806
12810, 7342
7342, 26087
41102, 7343
7343, 35297
45075, 7344
33330, 7344
7344, 35812
15659, 7345
7345, 17265
7345, 23717
7345, 37391
7345, 16129
20078, 7346
7346, 40025
7346, 44140
31988, 7347
15122, 7347
7347, 34238
14557, 7348
7348, 45918
26206, 7349
7349, 16684
29135, 7350
7350, 32618
7350, 37539
24889, 7351
7351, 45984
33738, 7352
7352, 36051
43394, 7353
7353, 38557
43594, 7354
7354, 35744
36465, 7355
7355, 19447
16248, 7356
7356, 13321
40711, 7357
7357, 45663
7357, 46808
7357, 27853
7357, 17870
7357, 22163
42110, 7358
7358, 30199
47972, 7359
36742, 7359
47821, 7359
36868, 7359
44887, 7359
7359, 35448
7359, 19349
7359, 44871
33782, 7360
7360, 45661
38190, 7361
7361, 29891
7361, 35994
43074, 7362
7362, 27382
7362, 28090
42110, 7363
7363, 29420
44458, 7364
7364, 45610
42110, 7365
7365, 34021
30599, 7366
7366, 20191
32933, 7367
25085, 7367
7367, 28931
46806, 7368
7368, 17404
42110, 7369
7369, 43997
22689, 7370
7370, 18118
7370, 32065
42110, 7371
7371, 25809
25179, 7372
7372, 28610
27818, 7373
7373, 31049
46254, 7374
7374, 33557
35413, 7375
7375, 31076
7375, 32525
7375, 17664
42110, 7376
7376, 32192
20791, 7377
7377, 25760
27818, 7378
7378, 33089
16418, 7379
7379, 35649
7379, 34847
7379, 14764
7379, 38751
30706, 7380
7380, 39264
23463, 7381
7381, 46766
20309, 7382
42444, 7382
7382, 24092
7382, 18964
7382, 31212
7382, 26278
33313, 7383
44396, 7383
17031, 7383
7383, 38131
13955, 7384
7384, 23995
43851, 7385
30874, 7385
7385, 20299
19200, 7386
7386, 45337
7386, 39884
32358, 7387
7387, 25294
45632, 7388
7388, 19233
7388, 43913
47170, 7389
7389, 31710
15652, 7390
7390, 38881
24323, 7391
7391, 44155
30855, 7392
7392, 27733
14170, 7393
7393, 36047
42110, 7394
7394, 31907
29994, 7395
7395, 12439
30644, 7396
7396, 38307
7396, 16386
25900, 7397
7397, 28296
19956, 7398
7398, 31446
31031, 7399
7399, 36043
25098, 7400
7400, 21774
21293, 7401
7401, 31025
42031, 7402
7402, 29983
34178, 7403
7403, 31297
7403, 48568
24927, 7404
7404, 22262
7404, 41594
42712, 7405
15602, 7405
35457, 7405
40626, 7405
7405, 18098
14723, 7406
7406, 27194
7406, 22341
36465, 7407
7407, 39433
43042, 7408
17011, 7408
20080, 7408
31006, 7408
7408, 35622
23836, 7409
7409, 29526
43650, 7410
7410, 19414
7410, 32354
43264, 7411
35953, 7411
7411, 22567
16244, 7412
7412, 22371
39585, 7413
37911, 7413
7413, 19187
42110, 7414
7414, 47777
13040, 7415
7415, 32519
18409, 7416
7416, 22804
42110, 7417
7417, 44592
44443, 7418
7418, 27401
30627, 7419
7419, 28905
28465, 7420
7420, 47719
24831, 7421
7421, 40590
42559, 7422
7422, 13276
25759, 7423
7423, 12994
43915, 7424
7424, 41605
46806, 7425
7425, 32008
23825, 7426
45694, 7426
21241, 7426
15662, 7426
12942, 7426
15389, 7426
7426, 35725
7426, 27733
42110, 7427
7427, 27858
45519, 7428
7428, 14327
41599, 7429
7429, 21320
7429, 13574
27772, 7430
7430, 23195
12345, 7431
7431, 41900
42110, 7432
7432, 19287
30125, 7433
7433, 29783
38138, 7434
35688, 7434
30142, 7434
19969, 7434
7434, 24395
42533, 7435
7435, 29784
7435, 13697
7435, 30819
7435, 27664
7435, 43744
34781, 7436
7436, 19361
13251, 7437
7437, 20674
39509, 7438
7438, 12962
7438, 28855
42907, 7439
7439, 43851
42110, 7440
7440, 42478
30956, 7441
7441, 28995
21341, 7442
7442, 22657
7442, 15858
38868, 7443
7443, 40437
41143, 7444
7444, 40819
46806, 7445
7445, 35988
24475, 7446
7446, 33326
38829, 7447
7447, 29356
42110, 7448
7448, 29713
38829, 7449
7449, 26451
42110, 7450
7450, 17208
18671, 7451
7451, 41592
32057, 7452
7452, 39232
7452, 24714
7452, 43059
41608, 7453
7453, 19969
40558, 7454
42670, 7454
47982, 7454
35379, 7454
7454, 38857
44309, 7455
7455, 23447
42399, 7456
7456, 17877
21013, 7457
7457, 34282
7457, 12313
7457, 28889
7457, 17979
7457, 46876
28537, 7458
24151, 7458
24663, 7458
41118, 7458
47434, 7458
22807, 7458
19066, 7458
40078, 7458
43261, 7458
41250, 7458
32209, 7458
16868, 7458
20510, 7458
24834, 7458
17972, 7458
44036, 7458
31495, 7458
31473, 7458
13405, 7458
26126, 7458
27033, 7458
20715, 7458
17330, 7458
15868, 7458
23673, 7458
39620, 7458
33954, 7458
24483, 7458
14802, 7458
48254, 7458
15210, 7458
30522, 7458
37524, 7458
23700, 7458
46780, 7458
13881, 7458
35685, 7458
19627, 7458
34466, 7458
21455, 7458
16231, 7458
29878, 7458
18687, 7458
34561, 7458
31862, 7458
38704, 7458
20812, 7458
27936, 7458
21742, 7458
14852, 7458
48089, 7458
13432, 7458
42856, 7458
23702, 7458
44039, 7458
38490, 7458
37958, 7458
32277, 7458
45651, 7458
26101, 7458
28092, 7458
16027, 7458
25735, 7458
30398, 7458
31045, 7458
26280, 7458
47900, 7458
14797, 7458
21489, 7458
38347, 7458
40660, 7458
37049, 7458
31481, 7458
37546, 7458
19810, 7458
14630, 7458
39136, 7458
39223, 7458
13855, 7458
44541, 7458
27558, 7458
14018, 7458
31793, 7458
33547, 7458
47482, 7458
46781, 7458
42801, 7458
16829, 7458
17730, 7458
43700, 7458
48604, 7458
19147, 7458
18934, 7458
24779, 7458
35668, 7458
32178, 7458
43006, 7458
40070, 7458
15287, 7458
25008, 7458
42135, 7458
28564, 7458
24883, 7458
25562, 7458
40325, 7458
20815, 7458
34665, 7458
18843, 7458
29596, 7458
18377, 7458
40746, 7458
35359, 7458
24068, 7458
15851, 7458
41936, 7458
31497, 7458
35460, 7458
32444, 7458
22363, 7458
17658, 7458
43526, 7458
34657, 7458
45563, 7458
31849, 7458
13342, 7458
46486, 7458
34450, 7458
16565, 7458
19437, 7458
12762, 7458
30047, 7458
39688, 7458
38739, 7458
33304, 7458
24996, 7458
13585, 7458
25596, 7458
15576, 7458
38773, 7458
21276, 7458
30235, 7458
30573, 7458
47451, 7458
18975, 7458
47507, 7458
29206, 7458
21420, 7458
47808, 7458
18117, 7458
26110, 7458
45720, 7458
32699, 7458
32336, 7458
47903, 7458
38427, 7458
40506, 7458
39734, 7458
35986, 7458
46652, 7458
48297, 7458
45606, 7458
45612, 7458
24651, 7458
45344, 7458
19210, 7458
44783, 7458
46746, 7458
23593, 7458
41467, 7458
28224, 7458
20958, 7458
46031, 7458
25108, 7458
34385, 7458
18153, 7458
19337, 7458
48083, 7458
16480, 7458
42813, 7458
28750, 7458
31961, 7458
34746, 7458
12648, 7458
34687, 7458
14747, 7458
39473, 7458
44918, 7458
23817, 7458
39189, 7458
39697, 7458
25579, 7458
13870, 7458
12703, 7458
30666, 7458
33386, 7458
14103, 7458
32436, 7458
19613, 7458
26890, 7458
38175, 7458
41565, 7458
29792, 7458
44577, 7458
19160, 7458
41648, 7458
32395, 7458
21301, 7458
16326, 7458
24753, 7458
37577, 7458
26706, 7458
31745, 7458
28923, 7458
13599, 7458
43433, 7458
40454, 7458
41990, 7458
33016, 7458
36918, 7458
42714, 7458
40789, 7458
34295, 7458
32472, 7458
43462, 7458
23732, 7458
32682, 7458
26538, 7458
31368, 7458
14479, 7458
47884, 7458
36874, 7458
46860, 7458
47273, 7458
42638, 7458
35921, 7458
29561, 7458
16583, 7458
41197, 7458
32565, 7458
47700, 7458
42341, 7458
29739, 7458
32905, 7458
31374, 7458
38974, 7458
36789, 7458
30941, 7458
26352, 7458
15106, 7458
13434, 7458
47473, 7458
23160, 7458
47958, 7458
21469, 7458
38614, 7458
26659, 7458
19976, 7458
14872, 7458
44842, 7458
37210, 7458
35611, 7458
13215, 7458
42449, 7458
39156, 7458
12600, 7458
38501, 7458
16407, 7458
16841, 7458
28583, 7458
19841, 7458
14822, 7458
26533, 7458
20681, 7458
47653, 7458
37279, 7458
40803, 7458
15524, 7458
24440, 7458
20349, 7458
21935, 7458
23374, 7458
33285, 7458
19755, 7458
22683, 7458
34820, 7458
13852, 7458
7458, 41203
7458, 40960
7458, 14071
28127, 7459
7459, 31221
34509, 7460
7460, 17446
44765, 7461
7461, 25685
7461, 46429
25879, 7462
7462, 35159
46806, 7463
7463, 39270
39795, 7464
7464, 37134
7464, 34575
20998, 7465
7465, 30104
7465, 21113
7465, 48461
46971, 7466
7466, 19041
42110, 7467
7467, 37537
42110, 7468
7468, 12339
24673, 7469
7469, 35735
7469, 38860
14050, 7470
7470, 41370
22595, 7471
7471, 38557
33075, 7472
43264, 7472
7472, 32974
29099, 7473
7473, 29786
7473, 46966
7473, 20592
42174, 7474
7474, 39775
43756, 7475
28234, 7475
7475, 47639
44796, 7476
7476, 13116
42110, 7477
7477, 27560
18179, 7478
7478, 48024
39962, 7479
7479, 39201
45596, 7480
7480, 13734
34754, 7481
7481, 47181
19705, 7482
34940, 7482
20193, 7482
13543, 7482
34493, 7482
15320, 7482
42545, 7482
40967, 7482
15742, 7482
27430, 7482
31493, 7482
15275, 7482
48260, 7482
40035, 7482
20954, 7482
39504, 7482
36541, 7482
37391, 7482
46767, 7482
17307, 7482
42434, 7482
16825, 7482
31299, 7482
36903, 7482
24988, 7482
33585, 7482
27754, 7482
22415, 7482
44486, 7482
20018, 7482
21143, 7482
26258, 7482
41342, 7482
14783, 7482
45794, 7482
20191, 7482
15866, 7482
40295, 7482
19207, 7482
13340, 7482
48232, 7482
37431, 7482
40638, 7482
48054, 7482
18739, 7482
27664, 7482
16132, 7482
23864, 7482
33339, 7482
26057, 7482
25833, 7482
7482, 24359
48564, 7483
7483, 36040
7483, 40294
7483, 14923
7483, 21516
7483, 14115
47198, 7484
7484, 40821
27818, 7485
7485, 35959
39334, 7486
7486, 32385
26152, 7487
40989, 7487
18132, 7487
7487, 35865
15962, 7488
7488, 26820
7488, 33509
7488, 18449
7488, 36863
7488, 41451
7488, 24978
7488, 28136
7488, 26806
7488, 30073
7488, 46210
16679, 7489
7489, 20181
33275, 7490
37264, 7490
26685, 7490
7490, 31267
40351, 7491
7491, 37725
27732, 7492
7492, 14860
23275, 7493
7493, 43726
29470, 7494
7494, 26057
32454, 7495
7495, 19935
46806, 7496
7496, 41124
46812, 7497
20853, 7497
7497, 31753
42110, 7498
7498, 29591
37969, 7499
31119, 7499
27985, 7499
7499, 27316
41951, 7500
7500, 41316
19974, 7501
7501, 14177
31080, 7502
7502, 21148
31394, 7503
7503, 24467
7503, 31870
19585, 7504
7504, 13226
21618, 7505
15781, 7505
7505, 20008
43983, 7506
7506, 38760
42110, 7507
7507, 22490
18518, 7508
7508, 27767
43210, 7509
7509, 29609
31594, 7510
7510, 34137
42110, 7511
7511, 15415
27818, 7512
7512, 40427
16960, 7513
45589, 7513
7513, 36324
16244, 7514
7514, 45370
25314, 7515
7515, 35537
37773, 7516
7516, 15519
7516, 32670
7516, 42288
7516, 31921
7516, 47963
42110, 7517
7517, 32331
35967, 7518
7518, 41487
7518, 26398
42110, 7519
7519, 23600
46806, 7520
7520, 22216
7520, 16201
42110, 7521
7521, 47609
12811, 7522
21806, 7522
40124, 7522
34389, 7522
7522, 35507
36465, 7523
7523, 21937
7523, 44364
36818, 7524
7524, 37840
24461, 7525
7525, 13213
7525, 21063
7525, 30014
42110, 7526
7526, 25164
21660, 7527
7527, 22658
36435, 7528
7528, 25760
42321, 7529
25862, 7529
19673, 7529
25343, 7529
44195, 7529
30545, 7529
29951, 7529
26608, 7529
48015, 7529
43867, 7529
32586, 7529
47350, 7529
38112, 7529
43418, 7529
45409, 7529
7529, 48096
32558, 7530
7530, 40544
25897, 7531
14673, 7531
26351, 7531
7531, 46744
46806, 7532
7532, 33522
24253, 7533
17644, 7533
40274, 7533
24534, 7533
48354, 7533
22120, 7533
7533, 24022
33115, 7534
7534, 27072
13234, 7535
7535, 27733
45683, 7536
13789, 7536
7536, 27214
39522, 7537
36985, 7537
7537, 13010
15298, 7538
7538, 16927
24247, 7539
23061, 7539
7539, 32934
48476, 7540
7540, 27626
30114, 7541
7541, 17379
42110, 7542
7542, 16234
31847, 7543
12438, 7543
7543, 26703
43530, 7544
7544, 23251
27420, 7545
7545, 21670
46709, 7546
7546, 22383
15205, 7547
7547, 35893
42110, 7548
7548, 42248
30833, 7549
7549, 38711
7549, 41681
7549, 28244
7549, 31917
44638, 7550
7550, 27531
16664, 7551
28587, 7551
7551, 20574
47699, 7552
7552, 47891
26287, 7553
7553, 17042
7553, 28641
36427, 7554
7554, 46344
7554, 37551
7554, 44028
7554, 43900
7554, 19405
7554, 40428
7554, 29862
16719, 7555
7555, 16631
20328, 7556
7556, 26691
42110, 7557
7557, 14538
46806, 7558
7558, 48320
34846, 7559
24209, 7559
7559, 32321
32578, 7560
7560, 18136
24193, 7561
47422, 7561
44307, 7561
43623, 7561
24613, 7561
7561, 20184
38829, 7562
7562, 26451
42110, 7563
7563, 47936
37541, 7564
31098, 7564
7564, 22502
30574, 7565
7565, 42388
22174, 7566
7566, 34391
20298, 7567
7567, 34923
7567, 20346
7567, 14138
29698, 7568
7568, 14005
24486, 7569
7569, 13547
48389, 7570
7570, 44016
19915, 7571
7571, 38282
13970, 7572
25302, 7572
28471, 7572
15969, 7572
20139, 7572
38723, 7572
48439, 7572
19274, 7572
40115, 7572
43222, 7572
41753, 7572
39354, 7572
13948, 7572
44707, 7572
32275, 7572
30387, 7572
17980, 7572
37090, 7572
47358, 7572
18540, 7572
37711, 7572
12747, 7572
40829, 7572
15791, 7572
38272, 7572
39560, 7572
41267, 7572
35829, 7572
29081, 7572
36961, 7572
44390, 7572
33077, 7572
47488, 7572
29827, 7572
42232, 7572
15237, 7572
30221, 7572
22445, 7572
23637, 7572
35737, 7572
30646, 7572
12852, 7572
47852, 7572
48506, 7572
38182, 7572
41563, 7572
42581, 7572
44489, 7572
26123, 7572
34617, 7572
42904, 7572
7572, 19413
29899, 7573
7573, 34302
41361, 7574
7574, 40327
17763, 7575
7575, 44123
7575, 30731
25159, 7576
7576, 46206
41421, 7577
37429, 7577
41572, 7577
29993, 7577
23657, 7577
19076, 7577
41424, 7577
12842, 7577
32618, 7577
14991, 7577
30850, 7577
14727, 7577
16739, 7577
31273, 7577
34207, 7577
34873, 7577
21474, 7577
47930, 7577
22610, 7577
16360, 7577
13203, 7577
46045, 7577
27655, 7577
26505, 7577
35649, 7577
31611, 7577
15148, 7577
16675, 7577
34897, 7577
48639, 7577
17282, 7577
40994, 7577
18447, 7577
26809, 7577
43749, 7577
16173, 7577
21335, 7577
16109, 7577
16492, 7577
29504, 7577
12830, 7577
22354, 7577
38689, 7577
38192, 7577
38136, 7577
28591, 7577
36864, 7577
41526, 7577
14588, 7577
45663, 7577
16979, 7577
19175, 7577
45299, 7577
35515, 7577
27926, 7577
40999, 7577
40879, 7577
19372, 7577
20433, 7577
25598, 7577
44459, 7577
23198, 7577
44817, 7577
16242, 7577
32489, 7577
22345, 7577
25356, 7577
26570, 7577
21402, 7577
48375, 7577
16863, 7577
19840, 7577
16960, 7577
44418, 7577
21128, 7577
29928, 7577
37076, 7577
39821, 7577
13893, 7577
31843, 7577
27626, 7577
29549, 7577
25602, 7577
36228, 7577
26299, 7577
24886, 7577
42357, 7577
13623, 7577
41132, 7577
24182, 7577
27223, 7577
38543, 7577
15519, 7577
31640, 7577
13102, 7577
42484, 7577
18529, 7577
19187, 7577
21575, 7577
16706, 7577
40294, 7577
42467, 7577
14664, 7577
39956, 7577
19678, 7577
28531, 7577
28029, 7577
24433, 7577
42888, 7577
22828, 7577
26122, 7577
25007, 7577
41459, 7577
17570, 7577
13176, 7577
19004, 7577
36163, 7577
45159, 7577
28194, 7577
25571, 7577
15720, 7577
14843, 7577
40821, 7577
30172, 7577
26080, 7577
45227, 7577
15515, 7577
42296, 7577
38114, 7577
14283, 7577
43305, 7577
28983, 7577
31603, 7577
37989, 7577
29571, 7577
44643, 7577
43452, 7577
35735, 7577
42989, 7577
19803, 7577
12774, 7577
32195, 7577
17296, 7577
31572, 7577
35141, 7577
19993, 7577
44574, 7577
47462, 7577
46365, 7577
20374, 7577
26148, 7577
38256, 7577
28784, 7577
24726, 7577
28012, 7577
31250, 7577
20154, 7577
17914, 7577
34612, 7577
43524, 7577
39097, 7577
29320, 7577
39586, 7577
25768, 7577
39964, 7577
31551, 7577
20094, 7577
16954, 7577
32199, 7577
39562, 7577
44796, 7577
41581, 7577
24995, 7577
48558, 7577
19679, 7577
23033, 7577
12907, 7577
36405, 7577
14689, 7577
25089, 7577
13602, 7577
32581, 7577
36690, 7577
27278, 7577
33674, 7577
29826, 7577
43218, 7577
37496, 7577
37725, 7577
13033, 7577
12498, 7577
36134, 7577
19710, 7577
30176, 7577
48030, 7577
40090, 7577
27622, 7577
41766, 7577
31172, 7577
13938, 7577
18456, 7577
35618, 7577
12621, 7577
29889, 7577
32151, 7577
34263, 7577
38858, 7577
24987, 7577
24092, 7577
26639, 7577
37134, 7577
24877, 7577
38582, 7577
43354, 7577
38808, 7577
25906, 7577
43931, 7577
37205, 7577
45075, 7577
38325, 7577
28659, 7577
13318, 7577
20548, 7577
46311, 7577
30870, 7577
45531, 7577
12326, 7577
17245, 7577
17181, 7577
48684, 7577
29226, 7577
37218, 7577
37262, 7577
40439, 7577
12533, 7577
23346, 7577
42241, 7577
39534, 7577
12439, 7577
42224, 7577
45927, 7577
15882, 7577
23319, 7577
24764, 7577
45903, 7577
15051, 7577
24062, 7577
27812, 7577
45772, 7577
46741, 7577
16687, 7577
33201, 7577
33326, 7577
27353, 7577
25952, 7577
43859, 7577
26087, 7577
22056, 7577
18550, 7577
36613, 7577
14559, 7577
19158, 7577
28458, 7577
18151, 7577
17409, 7577
30942, 7577
42293, 7577
29472, 7577
35551, 7577
25726, 7577
35959, 7577
29220, 7577
34812, 7577
40614, 7577
35111, 7577
42077, 7577
46434, 7577
24556, 7577
27767, 7577
25383, 7577
36963, 7577
14268, 7577
47891, 7577
25329, 7577
33759, 7577
28996, 7577
19317, 7577
47520, 7577
19163, 7577
43544, 7577
21049, 7577
28862, 7577
12989, 7577
18936, 7577
22953, 7577
38942, 7577
23672, 7577
41821, 7577
26995, 7577
29069, 7577
43392, 7577
26478, 7577
14673, 7577
44852, 7577
19969, 7577
30937, 7577
26032, 7577
16627, 7577
43798, 7577
24997, 7577
28293, 7577
45384, 7577
14695, 7577
17393, 7577
22607, 7577
36125, 7577
34753, 7577
39827, 7577
26415, 7577
20688, 7577
15902, 7577
45171, 7577
19036, 7577
30794, 7577
34019, 7577
30069, 7577
19102, 7577
33033, 7577
47181, 7577
32274, 7577
23852, 7577
29248, 7577
32934, 7577
38860, 7577
23385, 7577
46692, 7577
45329, 7577
39457, 7577
39065, 7577
35090, 7577
28633, 7577
43134, 7577
16684, 7577
30874, 7577
45047, 7577
25863, 7577
26168, 7577
40832, 7577
13654, 7577
26389, 7577
16302, 7577
40897, 7577
32381, 7577
30770, 7577
27674, 7577
39468, 7577
20619, 7577
12674, 7577
31153, 7577
28911, 7577
15510, 7577
29070, 7577
48225, 7577
40443, 7577
33931, 7577
31956, 7577
25150, 7577
13308, 7577
35566, 7577
38907, 7577
18837, 7577
26398, 7577
20850, 7577
20002, 7577
19395, 7577
23564, 7577
21113, 7577
24030, 7577
47102, 7577
37920, 7577
16261, 7577
28158, 7577
17088, 7577
45337, 7577
18685, 7577
26662, 7577
7577, 34040
21165, 7578
39140, 7578
7578, 27253
30690, 7579
7579, 38637
37412, 7580
7580, 29513
47703, 7581
18744, 7581
7581, 20531
42671, 7582
43439, 7582
13219, 7582
7582, 44141
42110, 7583
7583, 14221
41187, 7584
7584, 44002
29041, 7585
7585, 17921
36465, 7586
7586, 45033
7586, 25917
42110, 7587
7587, 31381
32876, 7588
7588, 23110
44792, 7589
7589, 25593
40216, 7590
7590, 23322
7590, 41754
7590, 13767
7590, 14817
42110, 7591
7591, 27858
16504, 7592
7592, 17982
14069, 7593
35549, 7593
41233, 7593
34248, 7593
32714, 7593
22242, 7593
31804, 7593
7593, 31323
47188, 7594
7594, 17275
38829, 7595
7595, 24025
48373, 7596
7596, 14705
7596, 12826
7596, 24643
27471, 7597
7597, 34645
7597, 27664
38829, 7598
7598, 14792
37408, 7599
7599, 24704
37504, 7600
7600, 47031
41579, 7601
7601, 35374
7601, 22246
7601, 24046
7601, 46866
7601, 31156
42110, 7602
7602, 23848
37098, 7603
7603, 28458
39458, 7604
7604, 38858
7604, 36030
7604, 46966
13776, 7605
22778, 7605
14626, 7605
7605, 33339
46541, 7606
7606, 23346
7606, 19317
7606, 18860
32347, 7607
15825, 7607
27996, 7607
18644, 7607
40111, 7607
26278, 7607
31515, 7607
38172, 7607
46803, 7607
16572, 7607
34302, 7607
28644, 7607
42409, 7607
28042, 7607
27214, 7607
46091, 7607
33109, 7607
27909, 7607
47363, 7607
12422, 7607
33810, 7607
38806, 7607
39745, 7607
41080, 7607
16817, 7607
24786, 7607
42206, 7607
24603, 7607
15272, 7607
34661, 7607
23345, 7607
27719, 7607
42598, 7607
44155, 7607
7607, 46806
7607, 48079
42646, 7608
7608, 20975
26755, 7609
7609, 25039
48657, 7610
7610, 35575
7610, 17275
16332, 7611
41303, 7611
24242, 7611
36645, 7611
21925, 7611
7611, 37510
32801, 7612
7612, 26885
7612, 29063
7612, 38476
7612, 23267
31449, 7613
7613, 39479
25937, 7614
7614, 35688
18545, 7615
41925, 7615
48226, 7615
32315, 7615
44226, 7615
24376, 7615
20036, 7615
47274, 7615
7615, 20944
42110, 7616
7616, 27477
26237, 7617
16884, 7617
13149, 7617
35379, 7617
7617, 28012
7617, 45329
32279, 7618
17513, 7618
34500, 7618
7618, 17400
13058, 7619
7619, 43354
7619, 12313
7619, 33246
33310, 7620
7620, 37714
47724, 7621
7621, 26835
36465, 7622
7622, 18946
16214, 7623
7623, 27405
31307, 7624
7624, 40294
20706, 7625
26732, 7625
7625, 32321
15361, 7626
7626, 16360
21915, 7627
7627, 27223
7627, 32543
7627, 41681
43962, 7628
7628, 34141
23779, 7629
7629, 22167
46806, 7630
7630, 38422
42539, 7631
7631, 28298
7631, 30549
7631, 15685
42853, 7632
7632, 47286
26666, 7633
7633, 30237
20832, 7634
7634, 27518
7634, 15866
36465, 7635
7635, 14950
7635, 18946
7635, 35389
24744, 7636
7636, 38340
27818, 7637
7637, 44979
23646, 7638
7638, 14892
7638, 40467
7638, 23666
29241, 7639
7639, 34013
42610, 7640
7640, 26299
38277, 7641
7641, 19659
7641, 28846
7641, 17605
7641, 21753
42235, 7642
7642, 25640
29815, 7643
24227, 7643
20585, 7643
16573, 7643
32667, 7643
34545, 7643
16343, 7643
7643, 37026
27497, 7644
7644, 23672
42925, 7645
7645, 44641
43053, 7646
7646, 33179
7646, 20068
7646, 18342
7646, 38606
38785, 7647
19453, 7647
28597, 7647
27073, 7647
23231, 7647
28518, 7647
41002, 7647
14190, 7647
46913, 7647
36890, 7647
47559, 7647
31758, 7647
40066, 7647
17472, 7647
20347, 7647
18680, 7647
39558, 7647
36977, 7647
32675, 7647
16728, 7647
41439, 7647
21580, 7647
22316, 7647
46396, 7647
37077, 7647
31383, 7647
40576, 7647
15126, 7647
36068, 7647
41643, 7647
26600, 7647
37899, 7647
33468, 7647
42842, 7647
40040, 7647
17732, 7647
47200, 7647
44808, 7647
26883, 7647
34442, 7647
48181, 7647
27081, 7647
44990, 7647
21591, 7647
38225, 7647
44071, 7647
24365, 7647
36508, 7647
19925, 7647
29797, 7647
35831, 7647
48462, 7647
20471, 7647
30084, 7647
17453, 7647
19900, 7647
36622, 7647
37369, 7647
40668, 7647
45070, 7647
45135, 7647
14262, 7647
37153, 7647
30482, 7647
13796, 7647
42085, 7647
38680, 7647
41626, 7647
46310, 7647
16771, 7647
12458, 7647
32972, 7647
14144, 7647
24214, 7647
19796, 7647
19003, 7647
46814, 7647
34034, 7647
38003, 7647
18658, 7647
17081, 7647
12988, 7647
44448, 7647
26254, 7647
19995, 7647
23334, 7647
37811, 7647
17178, 7647
22874, 7647
28195, 7647
33068, 7647
29569, 7647
26787, 7647
44167, 7647
45235, 7647
27416, 7647
35512, 7647
18906, 7647
41262, 7647
46331, 7647
12589, 7647
21132, 7647
34419, 7647
36253, 7647
44278, 7647
22774, 7647
45439, 7647
20649, 7647
22455, 7647
36079, 7647
24196, 7647
32731, 7647
22380, 7647
44834, 7647
40413, 7647
7647, 29427
28066, 7648
7648, 30299
19814, 7649
7649, 40256
16552, 7650
7650, 26421
42397, 7651
7651, 34626
35379, 7652
7652, 45329
23156, 7653
7653, 16039
36465, 7654
7654, 27996
34893, 7655
22937, 7655
7655, 36512
7655, 22843
21331, 7656
7656, 14774
7656, 43599
7656, 41380
44630, 7657
7657, 43336
29296, 7658
7658, 21182
7658, 18521
30406, 7659
7659, 27783
12348, 7660
35076, 7660
43315, 7660
22330, 7660
28962, 7660
21092, 7660
46279, 7660
39706, 7660
40645, 7660
21224, 7660
36480, 7660
21999, 7660
43289, 7660
34393, 7660
24183, 7660
43389, 7660
20968, 7660
12599, 7660
25659, 7660
36097, 7660
24006, 7660
20744, 7660
29339, 7660
47344, 7660
37332, 7660
30207, 7660
33267, 7660
34128, 7660
26715, 7660
46616, 7660
25981, 7660
26629, 7660
42538, 7660
21699, 7660
30358, 7660
17710, 7660
24347, 7660
37031, 7660
24390, 7660
45118, 7660
13301, 7660
40034, 7660
22691, 7660
28937, 7660
22663, 7660
32834, 7660
37651, 7660
29868, 7660
33156, 7660
21001, 7660
16389, 7660
13711, 7660
40655, 7660
28420, 7660
22653, 7660
36429, 7660
21024, 7660
31923, 7660
34230, 7660
19474, 7660
28024, 7660
7660, 30344
19486, 7661
29634, 7661
7661, 45353
14051, 7662
7662, 15532
7662, 26097
7662, 33541
48177, 7663
7663, 23940
7663, 35270
27098, 7664
7664, 43412
38336, 7665
7665, 36133
47462, 7666
7666, 18935
42110, 7667
7667, 22279
18320, 7668
7668, 40771
15973, 7669
7669, 44684
7669, 13784
33717, 7670
7670, 29411
42110, 7671
7671, 23190
48648, 7672
7672, 19962
21825, 7673
7673, 44398
42110, 7674
7674, 45395
16441, 7675
7675, 19603
19219, 7676
7676, 22757
7676, 24761
7676, 25342
7676, 28943
7676, 14275
7676, 25022
23929, 7677
7677, 21289
46597, 7678
7678, 47755
7678, 18469
42110, 7679
7679, 19846
31031, 7680
7680, 36043
19820, 7681
7681, 40284
46000, 7682
7682, 39443
40922, 7683
7683, 23695
22611, 7684
7684, 45239
42015, 7685
7685, 48582
23871, 7686
7686, 24062
7686, 22334
7686, 30660
34985, 7687
7687, 48437
37702, 7688
13732, 7688
7688, 29092
42110, 7689
7689, 28636
47594, 7690
7690, 21889
14503, 7691
7691, 26043
36616, 7692
7692, 14298
30329, 7693
7693, 43790
12737, 7694
16915, 7694
31465, 7694
14523, 7694
7694, 39946
42110, 7695
7695, 29323
42110, 7696
7696, 41741
43323, 7697
7697, 12498
7697, 17306
17218, 7698
20165, 7698
7698, 14949
35096, 7699
7699, 32631
41321, 7700
41494, 7700
32462, 7700
45081, 7700
29028, 7700
28605, 7700
19904, 7700
15132, 7700
45103, 7700
18453, 7700
19149, 7700
47815, 7700
21081, 7700
39833, 7700
39877, 7700
33792, 7700
46968, 7700
39825, 7700
18515, 7700
7700, 19799
42110, 7701
7701, 16801
16937, 7702
26482, 7702
37660, 7702
23064, 7702
25635, 7702
26634, 7702
16200, 7702
33277, 7702
37714, 7702
14545, 7702
16588, 7702
22834, 7702
48042, 7702
19493, 7702
38914, 7702
31222, 7702
36975, 7702
33394, 7702
39423, 7702
29820, 7702
23143, 7702
43461, 7702
41947, 7702
14240, 7702
43480, 7702
48156, 7702
37993, 7702
47404, 7702
29085, 7702
39176, 7702
32803, 7702
39980, 7702
47288, 7702
46481, 7702
30380, 7702
32180, 7702
27385, 7702
16843, 7702
31517, 7702
37846, 7702
35214, 7702
28839, 7702
25580, 7702
13035, 7702
18321, 7702
27445, 7702
35525, 7702
19935, 7702
23381, 7702
36911, 7702
22044, 7702
42949, 7702
47879, 7702
27171, 7702
44236, 7702
32906, 7702
18454, 7702
38927, 7702
39643, 7702
7702, 38510
37599, 7703
7703, 38770
7703, 32380
7703, 30446
37174, 7704
7704, 15790
26265, 7705
45249, 7705
30112, 7705
24236, 7705
38686, 7705
28783, 7705
48146, 7705
24421, 7705
21508, 7705
12604, 7705
7705, 27956
7705, 45299
7705, 20374
7705, 15684
7705, 41582
32210, 7706
7706, 17979
23061, 7707
7707, 32934
48463, 7708
7708, 30874
42110, 7709
7709, 45151
15832, 7710
7710, 21989
13411, 7711
7711, 34333
7711, 27505
7711, 46223
42110, 7712
7712, 20527
31286, 7713
7713, 15738
48421, 7714
7714, 33052
27818, 7715
7715, 45489
31230, 7716
7716, 33048
40440, 7717
7717, 41424
7717, 30103
36040, 7718
17265, 7718
35688, 7718
7718, 40995
42425, 7719
7719, 17124
47108, 7720
7720, 16631
40512, 7721
7721, 40620
7721, 37996
7721, 16449
32647, 7722
7722, 13785
46224, 7723
45234, 7723
37235, 7723
7723, 43156
7723, 15070
7723, 42628
40064, 7724
7724, 24269
7724, 38719
7724, 32038
40796, 7725
7725, 16310
34889, 7726
41980, 7726
16804, 7726
7726, 43365
30248, 7727
7727, 38370
7727, 29238
42110, 7728
7728, 47735
40663, 7729
7729, 32824
21282, 7730
7730, 15582
25053, 7731
7731, 30511
18796, 7732
7732, 37989
14496, 7733
7733, 12830
7733, 38582
7733, 31731
7733, 31076
37176, 7734
43753, 7734
34834, 7734
18747, 7734
42749, 7734
34986, 7734
7734, 28421
7734, 31222
42110, 7735
7735, 19783
37631, 7736
7736, 12750
46806, 7737
7737, 42633
7737, 12760
14994, 7738
7738, 34663
17318, 7739
7739, 16960
7739, 48354
7739, 45008
23277, 7740
7740, 42163
25218, 7741
12489, 7741
7741, 48558
39901, 7742
7742, 24006
33114, 7743
7743, 12476
7743, 34575
7743, 23991
34182, 7744
7744, 21454
47575, 7745
7745, 29443
42110, 7746
7746, 42936
42110, 7747
7747, 34251
41803, 7748
7748, 22149
46806, 7749
7749, 41513
7749, 37439
7749, 45362
31982, 7750
7750, 26368
42110, 7751
7751, 23433
42966, 7752
7752, 46343
42110, 7753
7753, 42723
43300, 7754
7754, 15697
45536, 7755
7755, 36329
7755, 29115
7755, 18109
29711, 7756
7756, 42104
41747, 7757
7757, 48006
40367, 7758
7758, 32637
7758, 31691
7758, 27091
18096, 7759
7759, 33697
41951, 7760
7760, 34730
16036, 7761
16161, 7761
15482, 7761
32727, 7761
26989, 7761
45394, 7761
30820, 7761
32891, 7761
18231, 7761
7761, 16062
15793, 7762
7762, 35788
47094, 7763
7763, 22584
47994, 7764
7764, 23195
33736, 7765
7765, 13771
7765, 37076
7765, 22262
7765, 34216
7765, 20180
7765, 16240
45493, 7766
32409, 7766
26954, 7766
15995, 7766
37256, 7766
25702, 7766
32404, 7766
40621, 7766
20115, 7766
24958, 7766
7766, 36162
7766, 35302
7766, 37989
7766, 24877
7766, 31389
7766, 45610
18485, 7767
7767, 29589
40038, 7768
7768, 32037
23862, 7769
7769, 35915
47524, 7770
7770, 45132
24532, 7771
7771, 40017
26978, 7772
7772, 43119
13165, 7773
7773, 37881
36465, 7774
7774, 17654
7774, 44506
18636, 7775
7775, 29890
42110, 7776
7776, 30668
28435, 7777
7777, 12498
46806, 7778
7778, 46342
22161, 7779
17808, 7779
7779, 36096
13011, 7780
7780, 26082
42110, 7781
7781, 43052
47699, 7782
7782, 47891
27306, 7783
7783, 20060
7783, 29060
29191, 7784
31163, 7784
7784, 27710
31396, 7785
22502, 7785
37218, 7785
43264, 7785
7785, 18098
42034, 7786
7786, 23657
32441, 7787
37330, 7787
38737, 7787
7787, 33830
7787, 26458
15059, 7788
7788, 20232
47326, 7789
7789, 25846
17482, 7790
7790, 31273
7790, 43478
7790, 26813
40505, 7791
7791, 18634
30548, 7792
7792, 28879
7792, 29193
7792, 27369
29187, 7793
34622, 7793
7793, 29315
18510, 7794
7794, 14441
28752, 7795
28886, 7795
7795, 15095
47062, 7796
7796, 30942
7796, 20367
39593, 7797
24909, 7797
7797, 47049
32283, 7798
16672, 7798
29263, 7798
41112, 7798
32811, 7798
25925, 7798
19276, 7798
7798, 17302
45205, 7799
7799, 35579
41889, 7800
28189, 7800
34181, 7800
7800, 39195
27765, 7801
7801, 47980
48535, 7802
7802, 29443
19551, 7803
7803, 18646
32578, 7804
7804, 33609
47699, 7805
7805, 46649
42528, 7806
33884, 7806
36639, 7806
42879, 7806
43950, 7806
7806, 24067
7806, 39374
29013, 7807
35073, 7807
7807, 48354
7807, 34940
7807, 19207
36465, 7808
7808, 27996
7808, 14420
25064, 7809
7809, 36494
42110, 7810
7810, 41532
31594, 7811
7811, 34137
12805, 7812
7812, 34873
18429, 7813
7813, 34753
7813, 31684
24656, 7814
7814, 46107
48105, 7815
46044, 7815
27163, 7815
18503, 7815
40243, 7815
19975, 7815
37097, 7815
41961, 7815
7815, 20853
22458, 7816
7816, 20374
7816, 46953
7816, 27664
29297, 7817
7817, 32366
42305, 7818
7818, 39033
7818, 41844
34452, 7819
7819, 43448
7819, 26057
23688, 7820
7820, 39596
33099, 7821
7821, 35258
26789, 7822
7822, 37364
25572, 7823
7823, 16789
41951, 7824
7824, 33349
15874, 7825
7825, 30560
7825, 27294
7825, 17895
15282, 7826
7826, 45911
42110, 7827
7827, 48356
43542, 7828
34477, 7828
7828, 45140
29833, 7829
29597, 7829
7829, 40699
42110, 7830
7830, 43879
44606, 7831
43399, 7831
13478, 7831
33369, 7831
25821, 7831
7831, 41391
32959, 7832
7832, 27626
44027, 7833
34264, 7833
7833, 37362
33489, 7834
7834, 29549
34283, 7835
7835, 14821
44209, 7836
7836, 47087
41831, 7837
7837, 25311
28723, 7838
17894, 7838
26172, 7838
7838, 46012
27274, 7839
7839, 36286
40991, 7840
30597, 7840
7840, 48007
41035, 7841
39707, 7841
7841, 34790
7841, 14917
7841, 21723
24337, 7842
7842, 34061
7842, 16954
7842, 39909
7842, 16310
29933, 7843
7843, 28362
36940, 7844
47146, 7844
7844, 36232
48307, 7845
45321, 7845
7845, 22719
42110, 7846
7846, 42065
48020, 7847
7847, 35187
28722, 7848
7848, 19372
7848, 18109
7848, 15866
40680, 7849
7849, 28113
26032, 7850
15096, 7850
7850, 36939
25742, 7851
7851, 13042
14426, 7852
7852, 35444
34369, 7853
7853, 18535
7853, 20404
46806, 7854
7854, 31312
42110, 7855
7855, 44656
34088, 7856
7856, 36408
24486, 7857
7857, 27652
16415, 7858
7858, 12313
7858, 48064
7858, 35692
7858, 15866
7858, 31670
32388, 7859
7859, 15345
22928, 7860
7860, 38796
16392, 7861
39964, 7861
26072, 7861
7861, 12605
23180, 7862
7862, 13657
7862, 35862
29749, 7863
7863, 39938
42110, 7864
7864, 36782
18071, 7865
7865, 15088
12509, 7866
7866, 22663
24754, 7867
7867, 28158
16360, 7868
15902, 7868
7868, 19793
45545, 7869
7869, 37447
38796, 7870
23158, 7870
45589, 7870
20535, 7870
7870, 35180
35761, 7871
7871, 47145
41077, 7872
7872, 35566
27926, 7873
25856, 7873
7873, 39242
30536, 7874
7874, 26950
38786, 7875
7875, 28409
15256, 7876
30064, 7876
7876, 17805
46806, 7877
7877, 13500
13996, 7878
7878, 21749
20539, 7879
7879, 36582
30214, 7880
7880, 47615
45559, 7881
48199, 7881
15117, 7881
7881, 18644
38829, 7882
7882, 39765
27133, 7883
7883, 21204
42075, 7884
24241, 7884
45467, 7884
40357, 7884
41521, 7884
22184, 7884
42691, 7884
35781, 7884
21153, 7884
15852, 7884
45844, 7884
22942, 7884
27611, 7884
15335, 7884
37481, 7884
38554, 7884
23667, 7884
34569, 7884
17882, 7884
21363, 7884
40550, 7884
21299, 7884
34625, 7884
13802, 7884
26028, 7884
20899, 7884
22399, 7884
43596, 7884
24128, 7884
28776, 7884
15645, 7884
40449, 7884
16260, 7884
46870, 7884
30867, 7884
36719, 7884
19607, 7884
35123, 7884
43935, 7884
20562, 7884
23009, 7884
47797, 7884
15608, 7884
19616, 7884
20259, 7884
46588, 7884
22003, 7884
20295, 7884
15247, 7884
28550, 7884
14756, 7884
13467, 7884
31990, 7884
47433, 7884
28511, 7884
19668, 7884
45783, 7884
43887, 7884
38162, 7884
45978, 7884
46930, 7884
25091, 7884
39286, 7884
25181, 7884
36009, 7884
17858, 7884
41320, 7884
48602, 7884
29399, 7884
43747, 7884
12801, 7884
46357, 7884
36192, 7884
48622, 7884
31638, 7884
30403, 7884
15008, 7884
18889, 7884
21851, 7884
31545, 7884
21000, 7884
24614, 7884
29349, 7884
29652, 7884
22096, 7884
18020, 7884
44050, 7884
46732, 7884
47471, 7884
16286, 7884
34604, 7884
36299, 7884
24311, 7884
39676, 7884
23898, 7884
19649, 7884
21494, 7884
40525, 7884
29017, 7884
46703, 7884
31353, 7884
39130, 7884
15987, 7884
24748, 7884
32448, 7884
33902, 7884
17853, 7884
20855, 7884
20866, 7884
23917, 7884
16585, 7884
46920, 7884
31542, 7884
44909, 7884
39983, 7884
27717, 7884
46800, 7884
16505, 7884
27957, 7884
14975, 7884
42754, 7884
44855, 7884
44912, 7884
48173, 7884
44234, 7884
43281, 7884
30307, 7884
32084, 7884
12338, 7884
40266, 7884
46782, 7884
42190, 7884
31811, 7884
25681, 7884
28547, 7884
19178, 7884
20183, 7884
34953, 7884
25548, 7884
26262, 7884
13680, 7884
40377, 7884
44434, 7884
22514, 7884
29371, 7884
34446, 7884
14193, 7884
35012, 7884
14375, 7884
33846, 7884
44327, 7884
21837, 7884
17109, 7884
15469, 7884
37125, 7884
39871, 7884
17260, 7884
7884, 48354
7884, 43264
7884, 27194
7884, 14192
14488, 7885
7885, 30245
42110, 7886
7886, 47277
13334, 7887
7887, 24835
7887, 40999
7887, 14664
7887, 40345
36465, 7888
7888, 27996
14325, 7889
7889, 21889
27306, 7890
40135, 7890
26842, 7890
7890, 27719
7890, 21890
30195, 7891
7891, 32527
14149, 7892
7892, 31299
7892, 12748
31958, 7893
7893, 26245
45156, 7894
25423, 7894
34544, 7894
7894, 27277
36465, 7895
7895, 39949
7895, 47840
7895, 33596
7895, 20409
47615, 7896
22262, 7896
22180, 7896
14082, 7896
26219, 7896
7896, 18973
26848, 7897
15667, 7897
17357, 7897
27863, 7897
7897, 46499
38829, 7898
7898, 26551
13147, 7899
7899, 27020
33917, 7900
7900, 43928
7900, 39414
20686, 7901
7901, 35134
32578, 7902
7902, 33862
42110, 7903
7903, 25486
29200, 7904
35247, 7904
41909, 7904
37734, 7904
7904, 29263
25759, 7905
7905, 15451
36465, 7906
7906, 39738
7906, 18631
16969, 7907
12842, 7907
15911, 7907
20245, 7907
7907, 15142
31236, 7908
7908, 43273
7908, 25383
7908, 24633
7908, 31221
7908, 31726
15825, 7909
34302, 7909
37908, 7909
14690, 7909
45463, 7909
25330, 7909
14830, 7909
24809, 7909
7909, 46806
7909, 37042
15614, 7910
7910, 37356
42563, 7911
7911, 48232
34052, 7912
7912, 36637
38141, 7913
7913, 33212
45705, 7914
38138, 7914
7914, 20893
16570, 7915
7915, 12989
32127, 7916
7916, 13220
29218, 7917
43425, 7917
34317, 7917
23899, 7917
20948, 7917
21977, 7917
13963, 7917
21321, 7917
35066, 7917
25420, 7917
43644, 7917
26993, 7917
21223, 7917
46917, 7917
16113, 7917
22451, 7917
34702, 7917
45508, 7917
27238, 7917
25525, 7917
27404, 7917
18780, 7917
13872, 7917
19253, 7917
24419, 7917
38153, 7917
19828, 7917
34005, 7917
17861, 7917
19744, 7917
37230, 7917
30726, 7917
15544, 7917
31413, 7917
25690, 7917
22825, 7917
43274, 7917
42180, 7917
39255, 7917
38567, 7917
16520, 7917
43367, 7917
31386, 7917
29806, 7917
44203, 7917
33452, 7917
18461, 7917
14891, 7917
42983, 7917
21940, 7917
32244, 7917
33874, 7917
44741, 7917
7917, 21113
41074, 7918
7918, 17047
7918, 38847
17545, 7919
41367, 7919
37979, 7919
18675, 7919
48027, 7919
19402, 7919
28564, 7919
40316, 7919
45417, 7919
23942, 7919
47618, 7919
48117, 7919
13548, 7919
26161, 7919
14329, 7919
13737, 7919
18086, 7919
17096, 7919
37240, 7919
31648, 7919
34162, 7919
13093, 7919
31889, 7919
7919, 14554
14923, 7920
16716, 7920
7920, 26234
24864, 7921
43692, 7921
7921, 36206
7921, 32402
7921, 16386
26882, 7922
7922, 31896
38829, 7923
7923, 43752
38146, 7924
7924, 28420
25975, 7925
7925, 12989
42869, 7926
7926, 32639
43027, 7927
7927, 44493
46468, 7928
35901, 7928
7928, 39551
7928, 40946
19576, 7929
7929, 40551
32578, 7930
7930, 15249
43027, 7931
7931, 46510
46806, 7932
7932, 22216
45031, 7933
7933, 27193
46400, 7934
33525, 7934
17207, 7934
7934, 47588
12467, 7935
7935, 31220
33119, 7936
7936, 15725
34121, 7937
7937, 29369
32449, 7938
7938, 32026
7938, 40839
14078, 7939
7939, 12422
40511, 7940
7940, 33329
22049, 7941
20656, 7941
7941, 19766
12918, 7942
7942, 19920
12363, 7943
7943, 25903
40501, 7944
7944, 40967
14720, 7945
7945, 28809
15863, 7946
7946, 47978
7946, 37405
42110, 7947
7947, 20858
36178, 7948
28456, 7948
37685, 7948
7948, 12842
7948, 16548
25264, 7949
17840, 7949
15587, 7949
26364, 7949
32601, 7949
43019, 7949
21993, 7949
39836, 7949
40976, 7949
31698, 7949
48269, 7949
34070, 7949
20790, 7949
29176, 7949
13496, 7949
12557, 7949
41755, 7949
19222, 7949
28767, 7949
30201, 7949
33160, 7949
25372, 7949
40139, 7949
26281, 7949
33482, 7949
22229, 7949
33226, 7949
18155, 7949
7949, 13257
24486, 7950
7950, 20809
42110, 7951
7951, 24443
42445, 7952
7952, 38796
14242, 7953
7953, 26389
7953, 47394
7953, 40458
7953, 19826
42110, 7954
7954, 15485
14092, 7955
7955, 24343
42069, 7956
7956, 41409
36147, 7957
7957, 39175
7957, 17511
7957, 17888
36354, 7958
21022, 7958
21866, 7958
44835, 7958
7958, 21386
43703, 7959
36199, 7959
23307, 7959
46274, 7959
20934, 7959
7959, 17302
43414, 7960
35957, 7960
7960, 35712
24500, 7961
7961, 15151
27581, 7962
7962, 27442
14435, 7963
7963, 19296
20662, 7964
7964, 24578
17856, 7965
7965, 41023
29051, 7966
7966, 45551
7966, 31081
7966, 16764
7966, 35862
25558, 7967
7967, 27626
42110, 7968
7968, 38341
47440, 7969
7969, 30835
7969, 13561
7969, 14214
17763, 7970
7970, 46659
42110, 7971
7971, 24221
36942, 7972
7972, 27401
29372, 7973
7973, 45141
7973, 24294
41114, 7974
7974, 32428
33794, 7975
21213, 7975
7975, 40570
36465, 7976
7976, 28371
32844, 7977
7977, 27213
42174, 7978
7978, 25137
13486, 7979
19924, 7979
7979, 45788
42110, 7980
7980, 26970
42110, 7981
7981, 18029
40822, 7982
7982, 22411
18716, 7983
7983, 23980
43872, 7984
7984, 36690
42110, 7985
7985, 35242
28766, 7986
7986, 23319
14972, 7987
7987, 37162
7987, 43421
7987, 13433
7987, 35274
35691, 7988
20916, 7988
7988, 24773
47755, 7989
44856, 7989
23118, 7989
32627, 7989
12370, 7989
16024, 7989
46933, 7989
43448, 7989
14812, 7989
19595, 7989
41100, 7989
19750, 7989
46882, 7989
44256, 7989
33432, 7989
29052, 7989
28718, 7989
17386, 7989
16493, 7989
32081, 7989
36076, 7989
21670, 7989
20404, 7989
14402, 7989
12844, 7989
15870, 7989
26643, 7989
39815, 7989
38867, 7989
21217, 7989
47774, 7989
28357, 7989
44297, 7989
39682, 7989
44457, 7989
37405, 7989
22356, 7989
32354, 7989
34969, 7989
32511, 7989
42680, 7989
19202, 7989
35169, 7989
33388, 7989
39456, 7989
28895, 7989
43119, 7989
18137, 7989
24750, 7989
47343, 7989
19179, 7989
20170, 7989
37881, 7989
13500, 7989
22938, 7989
46767, 7989
21666, 7989
33518, 7989
14625, 7989
37341, 7989
31299, 7989
13192, 7989
13190, 7989
33117, 7989
32533, 7989
41023, 7989
39919, 7989
32619, 7989
19296, 7989
38644, 7989
12880, 7989
23755, 7989
26190, 7989
34884, 7989
36512, 7989
36620, 7989
15830, 7989
34443, 7989
13470, 7989
30736, 7989
25955, 7989
37593, 7989
22168, 7989
14763, 7989
28576, 7989
37545, 7989
14176, 7989
32261, 7989
45794, 7989
47834, 7989
14838, 7989
42708, 7989
15866, 7989
38917, 7989
19270, 7989
41391, 7989
15457, 7989
38857, 7989
27401, 7989
35500, 7989
38925, 7989
17342, 7989
18259, 7989
15337, 7989
48232, 7989
36926, 7989
27943, 7989
19507, 7989
13433, 7989
13157, 7989
27105, 7989
18375, 7989
15124, 7989
40555, 7989
14027, 7989
17664, 7989
35571, 7989
35127, 7989
7989, 42110
47659, 7990
7990, 15813
36616, 7991
7991, 44708
7991, 22132
17735, 7992
7992, 22710
7992, 26057
29809, 7993
7993, 47253
45270, 7994
7994, 15030
39149, 7995
7995, 28267
18663, 7996
7996, 29987
25345, 7997
7997, 35146
33338, 7998
46281, 7998
36365, 7998
37685, 7998
7998, 12842
15511, 7999
33378, 7999
17741, 7999
24862, 7999
30909, 7999
31752, 7999
19985, 7999
20399, 7999
25864, 7999
21712, 7999
7999, 22161
43027, 8000
8000, 36851
42110, 8001
8001, 39369
45341, 8002
34504, 8002
12547, 8002
8002, 41716
40950, 8003
8003, 19317
8003, 20025
32578, 8004
8004, 33609
20882, 8005
8005, 36970
8005, 41292
8005, 30087
24087, 8006
8006, 17275
43708, 8007
34839, 8007
19468, 8007
18169, 8007
8007, 47909
8007, 15204
8007, 23664
8007, 40022
21891, 8008
8008, 20683
34808, 8009
17093, 8009
39741, 8009
21222, 8009
33881, 8009
13825, 8009
27894, 8009
34042, 8009
20408, 8009
33864, 8009
15343, 8009
29975, 8009
20091, 8009
27593, 8009
8009, 37896
31394, 8010
8010, 39808
31482, 8011
8011, 15272
19640, 8012
19194, 8012
21599, 8012
8012, 26914
46595, 8013
8013, 47625
38829, 8014
8014, 14792
30641, 8015
15510, 8015
8015, 30093
33434, 8016
8016, 41601
43807, 8017
8017, 18539
45205, 8018
8018, 25631
8018, 37751
8018, 27916
15598, 8019
8019, 12439
24486, 8020
8020, 20846
46443, 8021
8021, 38138
14084, 8022
8022, 38065
21478, 8023
8023, 41079
25340, 8024
8024, 17901
21331, 8025
8025, 13053
14576, 8026
8026, 47615
42110, 8027
8027, 20428
44030, 8028
8028, 20619
31256, 8029
8029, 23406
32311, 8030
8030, 42184
42110, 8031
8031, 23752
36661, 8032
8032, 47109
24849, 8033
35566, 8033
8033, 23739
18455, 8034
8034, 36873
32405, 8035
8035, 45023
8035, 31156
13598, 8036
8036, 44322
38524, 8037
8037, 13192
8037, 15830
42110, 8038
8038, 15094
35014, 8039
8039, 12937
38829, 8040
8040, 40951
31394, 8041
8041, 20310
16049, 8042
47755, 8042
18668, 8042
27409, 8042
43404, 8042
32627, 8042
19960, 8042
21516, 8042
40908, 8042
31469, 8042
14296, 8042
28370, 8042
40119, 8042
14812, 8042
19595, 8042
24346, 8042
29589, 8042
39544, 8042
19750, 8042
46882, 8042
33432, 8042
18264, 8042
13561, 8042
28057, 8042
31389, 8042
14204, 8042
17123, 8042
40946, 8042
34645, 8042
44281, 8042
20391, 8042
42251, 8042
19492, 8042
12681, 8042
24169, 8042
45848, 8042
35575, 8042
35374, 8042
27763, 8042
23735, 8042
46212, 8042
21063, 8042
24084, 8042
40203, 8042
48475, 8042
38867, 8042
44179, 8042
38110, 8042
47774, 8042
48151, 8042
21104, 8042
45067, 8042
21989, 8042
27345, 8042
25567, 8042
14792, 8042
31691, 8042
35045, 8042
39682, 8042
16095, 8042
37405, 8042
32354, 8042
45050, 8042
14821, 8042
46404, 8042
23236, 8042
47572, 8042
29719, 8042
28230, 8042
33496, 8042
12531, 8042
35169, 8042
17464, 8042
29786, 8042
15932, 8042
25448, 8042
27091, 8042
43119, 8042
35814, 8042
47307, 8042
37447, 8042
32255, 8042
24750, 8042
45390, 8042
45737, 8042
44125, 8042
16416, 8042
18562, 8042
34575, 8042
36535, 8042
14410, 8042
20830, 8042
37881, 8042
24058, 8042
46767, 8042
40208, 8042
21666, 8042
47236, 8042
27019, 8042
24067, 8042
24033, 8042
21552, 8042
14625, 8042
31299, 8042
13269, 8042
41228, 8042
45023, 8042
46929, 8042
17172, 8042
27730, 8042
45034, 8042
27400, 8042
31905, 8042
24249, 8042
17870, 8042
13414, 8042
23651, 8042
28943, 8042
37109, 8042
32619, 8042
38644, 8042
22915, 8042
41754, 8042
46538, 8042
23755, 8042
16927, 8042
13372, 8042
16129, 8042
12650, 8042
34884, 8042
46966, 8042
21773, 8042
45430, 8042
30736, 8042
45102, 8042
48444, 8042
38038, 8042
28132, 8042
47970, 8042
17593, 8042
27982, 8042
33898, 8042
17606, 8042
30318, 8042
22133, 8042
18014, 8042
18300, 8042
21315, 8042
35127, 8042
39401, 8042
35339, 8042
18243, 8042
14446, 8042
23267, 8042
33718, 8042
41815, 8042
14694, 8042
33654, 8042
41690, 8042
47378, 8042
44998, 8042
32631, 8042
36312, 8042
41856, 8042
35500, 8042
14485, 8042
47535, 8042
15866, 8042
14214, 8042
46381, 8042
36923, 8042
23988, 8042
27664, 8042
22449, 8042
29793, 8042
30121, 8042
36476, 8042
14279, 8042
26937, 8042
14848, 8042
15124, 8042
20097, 8042
31221, 8042
20592, 8042
23960, 8042
29338, 8042
45795, 8042
22530, 8042
35283, 8042
25998, 8042
37539, 8042
13157, 8042
27500, 8042
35753, 8042
40559, 8042
30413, 8042
45562, 8042
47075, 8042
8042, 42110
42110, 8043
8043, 44160
18331, 8044
8044, 38420
23981, 8045
36766, 8045
8045, 14446
8045, 36312
29633, 8046
8046, 36402
32222, 8047
8047, 31248
41149, 8048
8048, 35075
45862, 8049
8049, 48225
8049, 38644
42110, 8050
8050, 22508
12885, 8051
34805, 8051
21169, 8051
27588, 8051
24267, 8051
8051, 47336
8051, 34438
18237, 8052
8052, 34477
8052, 21007
8052, 31283
46214, 8053
8053, 15660
28821, 8054
8054, 28958
8054, 18264
41951, 8055
8055, 33349
46806, 8056
8056, 29555
8056, 31872
8056, 24920
18274, 8057
8057, 37729
17905, 8058
16928, 8058
30934, 8058
21599, 8058
26702, 8058
34540, 8058
8058, 45435
42480, 8059
37166, 8059
8059, 42206
37520, 8060
46977, 8060
8060, 23533
23430, 8061
8061, 27865
42110, 8062
8062, 46996
34554, 8063
8063, 12522
42110, 8064
8064, 48667
24023, 8065
13095, 8065
8065, 27514
23204, 8066
8066, 20830
42110, 8067
8067, 48566
40900, 8068
8068, 17901
42110, 8069
8069, 23563
35707, 8070
8070, 37642
8070, 42342
43947, 8071
8071, 39706
47820, 8072
8072, 40291
46806, 8073
8073, 29555
43027, 8074
8074, 30074
30492, 8075
8075, 45463
19790, 8076
8076, 30850
8076, 12721
8076, 41900
8076, 34041
8076, 23886
18604, 8077
8077, 47755
8077, 14446
8077, 16014
20860, 8078
8078, 18095
43371, 8079
8079, 19144
34992, 8080
8080, 27626
15361, 8081
8081, 16360
21785, 8082
8082, 19186
8082, 12395
8082, 29784
14039, 8083
8083, 20097
8083, 17129
8083, 27664
8083, 12787
8083, 23578
32102, 8084
8084, 35269
28823, 8085
8085, 12443
8085, 24458
8085, 14417
8085, 30116
8085, 33695
8085, 48172
8085, 26859
8085, 20315
8085, 45546
8085, 13974
8085, 13154
8085, 26959
8085, 19172
42110, 8086
8086, 36896
30129, 8087
27306, 8087
8087, 30613
8087, 35153
8087, 17301
22379, 8088
8088, 19088
23303, 8089
8089, 30367
22941, 8090
8090, 28592
42174, 8091
8091, 48072
22433, 8092
8092, 34829
20003, 8093
8093, 47793
39603, 8094
8094, 38457
8094, 39851
34153, 8095
8095, 18522
33956, 8096
8096, 33355
37767, 8097
24888, 8097
8097, 33353
42110, 8098
8098, 38142
25379, 8099
8099, 46458
46806, 8100
8100, 12477
43478, 8101
45503, 8101
8101, 19964
37228, 8102
8102, 24969
43630, 8103
26224, 8103
8103, 46619
47992, 8104
8104, 29566
8104, 45171
8104, 35725
16244, 8105
8105, 19786
37489, 8106
8106, 46573
38851, 8107
8107, 12485
38094, 8108
8108, 28890
19280, 8109
8109, 25298
8109, 36963
8109, 22845
18111, 8110
8110, 18943
46806, 8111
8111, 13243
24954, 8112
8112, 21516
8112, 18264
38541, 8113
8113, 38548
33429, 8114
8114, 34064
36928, 8115
8115, 30963
35379, 8116
8116, 35506
17580, 8117
8117, 46035
39727, 8118
8118, 17014
29952, 8119
40859, 8119
8119, 45901
47636, 8120
8120, 44817
8120, 14689
8120, 34282
40542, 8121
8121, 43031
32694, 8122
25578, 8122
44083, 8122
41795, 8122
41615, 8122
32430, 8122
42514, 8122
22154, 8122
22481, 8122
44949, 8122
24805, 8122
20392, 8122
34177, 8122
17544, 8122
30886, 8122
44674, 8122
33124, 8122
42418, 8122
8122, 36490
47708, 8123
18607, 8123
8123, 15618
8123, 39994
19644, 8124
8124, 18422
35834, 8125
8125, 35880
8125, 37723
8125, 39053
8125, 18212
46911, 8126
8126, 46045
8126, 15519
8126, 21516
8126, 44016
43156, 8127
19041, 8127
22502, 8127
47615, 8127
25952, 8127
28148, 8127
13782, 8127
8127, 18098
24171, 8128
8128, 18616
13279, 8129
8129, 20535
29297, 8130
8130, 13348
36314, 8131
8131, 21733
29268, 8132
40671, 8132
8132, 45695
43692, 8133
45967, 8133
32464, 8133
8133, 32949
8133, 40119
8133, 31165
42110, 8134
8134, 29097
38355, 8135
25105, 8135
8135, 34584
27145, 8136
8136, 28523
8136, 28416
8136, 24294
45815, 8137
8137, 13417
46812, 8138
23902, 8138
8138, 30625
42110, 8139
8139, 42426
25351, 8140
8140, 24785
41780, 8141
8141, 44322
19707, 8142
8142, 13035
32587, 8143
22327, 8143
8143, 18735
16478, 8144
8144, 18535
8144, 25523
33642, 8145
8145, 42492
8145, 41100
8145, 14625
46343, 8146
28608, 8146
8146, 25059
26452, 8147
8147, 32240
42110, 8148
8148, 23327
30868, 8149
8149, 43705
36598, 8150
8150, 35482
42110, 8151
8151, 27515
13097, 8152
8152, 45857
8152, 31335
8152, 33810
43803, 8153
8153, 26651
38734, 8154
8154, 27353
8154, 38990
22965, 8155
8155, 42680
34046, 8156
8156, 40313
39684, 8157
8157, 48270
29794, 8158
19413, 8158
12603, 8158
47755, 8158
27409, 8158
26451, 8158
47394, 8158
36307, 8158
40178, 8158
24145, 8158
33562, 8158
26191, 8158
39984, 8158
14406, 8158
12313, 8158
48131, 8158
21387, 8158
25020, 8158
43464, 8158
40458, 8158
27113, 8158
32543, 8158
28889, 8158
17386, 8158
18469, 8158
45878, 8158
27378, 8158
12411, 8158
40025, 8158
34703, 8158
33346, 8158
37354, 8158
24761, 8158
34826, 8158
26055, 8158
12681, 8158
13284, 8158
33576, 8158
18065, 8158
29924, 8158
41681, 8158
19547, 8158
43757, 8158
16580, 8158
44457, 8158
16282, 8158
12827, 8158
41892, 8158
14821, 8158
15611, 8158
32227, 8158
19826, 8158
15682, 8158
44936, 8158
39218, 8158
47286, 8158
20703, 8158
37038, 8158
41878, 8158
45964, 8158
16416, 8158
31293, 8158
42937, 8158
16123, 8158
19308, 8158
14410, 8158
26229, 8158
48231, 8158
32125, 8158
40213, 8158
31299, 8158
17446, 8158
19097, 8158
47687, 8158
17870, 8158
41023, 8158
39919, 8158
44429, 8158
46649, 8158
46247, 8158
32619, 8158
28409, 8158
38644, 8158
16927, 8158
13372, 8158
19035, 8158
46841, 8158
45695, 8158
24095, 8158
48444, 8158
14763, 8158
44974, 8158
22025, 8158
16099, 8158
30165, 8158
40136, 8158
17498, 8158
17979, 8158
30070, 8158
33476, 8158
44677, 8158
18918, 8158
36476, 8158
42805, 8158
35843, 8158
31556, 8158
47090, 8158
35036, 8158
20440, 8158
18259, 8158
23038, 8158
46199, 8158
15573, 8158
45471, 8158
15375, 8158
20806, 8158
46876, 8158
22779, 8158
34073, 8158
27741, 8158
22071, 8158
21408, 8158
46639, 8158
21795, 8158
14446, 8158
36238, 8158
47211, 8158
43857, 8158
35640, 8158
33654, 8158
47723, 8158
46003, 8158
23060, 8158
41824, 8158
35145, 8158
32631, 8158
45865, 8158
38784, 8158
30087, 8158
39470, 8158
42929, 8158
13705, 8158
41844, 8158
16808, 8158
24195, 8158
8158, 42110
24226, 8159
17974, 8159
8159, 15272
46806, 8160
8160, 43446
8160, 22163
45620, 8161
8161, 15437
29650, 8162
8162, 28029
8162, 37496
8162, 17413
8162, 20638
8162, 45695
42110, 8163
8163, 13084
38829, 8164
8164, 15491
47318, 8165
8165, 33432
8165, 44696
8165, 45537
46695, 8166
8166, 19175
30999, 8167
8167, 39625
37263, 8168
8168, 31706
8168, 48429
42110, 8169
8169, 33566
27300, 8170
8170, 25291
44633, 8171
8171, 21302
18218, 8172
8172, 36613
30020, 8173
45094, 8173
8173, 34324
39266, 8174
8174, 27599
8174, 15300
42490, 8175
8175, 12827
47732, 8176
8176, 20241
8176, 13657
8176, 28889
8176, 38879
36693, 8177
8177, 12401
26593, 8178
8178, 15487
42110, 8179
8179, 31887
17288, 8180
8180, 12681
24860, 8181
44110, 8181
27191, 8181
8181, 37138
18664, 8182
8182, 42192
8182, 28839
42110, 8183
8183, 45613
41738, 8184
8184, 33906
8184, 16645
42147, 8185
8185, 46376
8185, 38532
8185, 16072
8185, 38382
42110, 8186
8186, 40720
27818, 8187
8187, 35947
31555, 8188
35490, 8188
8188, 39201
46806, 8189
8189, 17746
24590, 8190
8190, 46758
16759, 8191
8191, 13362
40315, 8192
16539, 8192
8192, 45622
18679, 8193
8193, 12326
42110, 8194
8194, 29110
23694, 8195
8195, 40035
18955, 8196
30667, 8196
29305, 8196
41291, 8196
25225, 8196
22692, 8196
43257, 8196
27440, 8196
24103, 8196
28921, 8196
31449, 8196
20297, 8196
31228, 8196
22452, 8196
28394, 8196
34400, 8196
31488, 8196
38431, 8196
48644, 8196
17632, 8196
27620, 8196
13235, 8196
38308, 8196
38258, 8196
24123, 8196
46744, 8196
12818, 8196
37979, 8196
21968, 8196
24047, 8196
28637, 8196
13659, 8196
37316, 8196
48378, 8196
29811, 8196
13914, 8196
22364, 8196
21304, 8196
45738, 8196
15436, 8196
30309, 8196
37418, 8196
33763, 8196
22496, 8196
27969, 8196
44063, 8196
34185, 8196
35666, 8196
28438, 8196
19136, 8196
31494, 8196
35620, 8196
35411, 8196
33745, 8196
41703, 8196
31347, 8196
38825, 8196
30923, 8196
13569, 8196
29131, 8196
23498, 8196
34022, 8196
21827, 8196
12965, 8196
15771, 8196
15647, 8196
44041, 8196
47914, 8196
19731, 8196
19471, 8196
16081, 8196
17143, 8196
41061, 8196
17367, 8196
45770, 8196
13725, 8196
29093, 8196
25752, 8196
44778, 8196
35705, 8196
15403, 8196
22176, 8196
28915, 8196
23379, 8196
36675, 8196
18846, 8196
41897, 8196
23842, 8196
16912, 8196
14186, 8196
20859, 8196
48285, 8196
28444, 8196
27234, 8196
24442, 8196
38724, 8196
36987, 8196
12938, 8196
14079, 8196
23344, 8196
28464, 8196
42638, 8196
15099, 8196
27340, 8196
27921, 8196
42029, 8196
24827, 8196
33163, 8196
16926, 8196
38981, 8196
24020, 8196
34328, 8196
29091, 8196
16003, 8196
42238, 8196
39751, 8196
31575, 8196
8196, 12592
26339, 8197
32902, 8197
8197, 20509
28338, 8198
8198, 39866
26249, 8199
45343, 8199
8199, 13479
42083, 8200
43576, 8200
8200, 21752
46806, 8201
8201, 44746
17026, 8202
45346, 8202
44731, 8202
34372, 8202
15836, 8202
46576, 8202
28541, 8202
18759, 8202
19942, 8202
37103, 8202
19146, 8202
40734, 8202
46362, 8202
45289, 8202
25305, 8202
34892, 8202
35643, 8202
14891, 8202
36649, 8202
29548, 8202
35182, 8202
28692, 8202
33127, 8202
28891, 8202
23686, 8202
38559, 8202
17461, 8202
17292, 8202
47262, 8202
36531, 8202
26993, 8202
46838, 8202
8202, 30104
46163, 8203
8203, 31418
8203, 18159
8203, 44095
8203, 18567
8203, 24211
8203, 24320
8203, 20342
8203, 30094
8203, 40104
8203, 47567
8203, 36824
8203, 17082
8203, 21391
8203, 21823
8203, 19347
8203, 41417
8203, 15228
8203, 38312
8203, 15528
8203, 43698
8203, 15516
8203, 44823
8203, 21648
8203, 21874
8203, 36482
8203, 27509
8203, 15213
8203, 42458
47938, 8204
8204, 48128
8204, 36940
8204, 31389
46806, 8205
8205, 35457
22945, 8206
22157, 8206
8206, 26120
38829, 8207
8207, 36864
12646, 8208
24065, 8208
8208, 22473
33278, 8209
8209, 48231
15545, 8210
8210, 42322
21417, 8211
8211, 21814
8211, 38307
42110, 8212
8212, 48353
42110, 8213
8213, 21980
42110, 8214
8214, 40969
24314, 8215
8215, 23189
38259, 8216
34984, 8216
8216, 30643
46412, 8217
8217, 15866
26454, 8218
31010, 8218
23920, 8218
8218, 25315
39769, 8219
8219, 23669
8219, 27278
8219, 39534
8219, 47185
8219, 35045
8219, 45695
8219, 30699
8219, 40731
23716, 8220
8220, 45903
36443, 8221
33053, 8221
47193, 8221
8221, 21617
47699, 8222
8222, 46649
16411, 8223
8223, 41342
19404, 8224
8224, 40270
15496, 8225
35799, 8225
8225, 12993
30956, 8226
8226, 12735
8226, 46388
8226, 17337
8226, 29082
42110, 8227
8227, 31803
42110, 8228
8228, 41532
38829, 8229
8229, 22493
42110, 8230
8230, 40397
18093, 8231
19486, 8231
8231, 20515
36549, 8232
47101, 8232
19426, 8232
40329, 8232
39525, 8232
29247, 8232
41776, 8232
8232, 42822
46806, 8233
8233, 31872
44524, 8234
8234, 18649
35379, 8235
8235, 14666
25166, 8236
28967, 8236
13130, 8236
12674, 8236
8236, 24223
15902, 8237
8237, 43146
38514, 8238
8238, 28858
42110, 8239
8239, 32556
31521, 8240
8240, 20579
42110, 8241
8241, 37688
20486, 8242
8242, 39977
28040, 8243
8243, 13507
20126, 8244
8244, 16180
8244, 24904
46806, 8245
8245, 38171
40970, 8246
42653, 8246
8246, 34726
31394, 8247
8247, 36902
15805, 8248
19523, 8248
43758, 8248
32670, 8248
8248, 26138
24968, 8249
8249, 28983
43487, 8250
40180, 8250
8250, 22999
8250, 47389
25912, 8251
8251, 47584
24913, 8252
8252, 36614
17693, 8253
42498, 8253
47756, 8253
8253, 35519
41185, 8254
8254, 33109
27133, 8255
8255, 21204
18990, 8256
8256, 14082
8256, 46908
8256, 29011
45205, 8257
8257, 25926
42110, 8258
8258, 18113
13164, 8259
8259, 27783
8259, 22280
37321, 8260
8260, 45499
8260, 47769
8260, 46799
16946, 8261
25469, 8261
8261, 42181
32578, 8262
8262, 15249
35938, 8263
8263, 29906
18056, 8264
18711, 8264
8264, 24179
16264, 8265
8265, 31697
15080, 8266
8266, 48516
20215, 8267
8267, 41302
42110, 8268
8268, 31609
42110, 8269
8269, 47506
17370, 8270
8270, 32474
23619, 8271
8271, 40773
41557, 8272
8272, 45463
14205, 8273
8273, 37545
45866, 8274
8274, 25751
27434, 8275
40917, 8275
8275, 38867
38287, 8276
8276, 17265
35379, 8277
8277, 20698
23430, 8278
8278, 45589
45668, 8279
8279, 34873
39772, 8280
42004, 8280
8280, 21449
8280, 14403
24709, 8281
30283, 8281
8281, 36753
25437, 8282
8282, 35551
8282, 33496
8282, 19665
19023, 8283
8283, 45865
36897, 8284
38041, 8284
26165, 8284
42330, 8284
42472, 8284
30286, 8284
44476, 8284
18192, 8284
23782, 8284
41290, 8284
38409, 8284
8284, 22330
42392, 8285
8285, 43491
17667, 8286
8286, 12798
8286, 32925
8286, 21113
14892, 8287
28458, 8287
8287, 17479
40979, 8288
8288, 38564
47699, 8289
8289, 34900
30219, 8290
8290, 42054
27341, 8291
16410, 8291
8291, 18279
35405, 8292
8292, 36210
8292, 35274
14104, 8293
8293, 26040
8293, 37315
31938, 8294
8294, 16489
15096, 8295
8295, 34859
16900, 8296
8296, 21234
36465, 8297
8297, 14153
8297, 45542
8297, 14745
20707, 8298
8298, 45482
8298, 28267
8298, 28526
25449, 8299
36572, 8299
33266, 8299
8299, 37138
26099, 8300
8300, 21850
37121, 8301
8301, 28937
47699, 8302
8302, 14178
48217, 8303
8303, 29220
42110, 8304
8304, 19953
33197, 8305
8305, 35754
26242, 8306
29850, 8306
22216, 8306
14392, 8306
18343, 8306
46815, 8306
35451, 8306
36902, 8306
29725, 8306
35917, 8306
34363, 8306
33774, 8306
12796, 8306
44411, 8306
41093, 8306
8306, 17302
23375, 8307
30564, 8307
8307, 17695
26619, 8308
8308, 35618
44107, 8309
8309, 12641
43996, 8310
8310, 29909
42326, 8311
8311, 17764
8311, 38195
8311, 27223
8311, 24569
42510, 8312
32471, 8312
32913, 8312
46129, 8312
41243, 8312
17085, 8312
16642, 8312
31588, 8312
37071, 8312
36329, 8312
42768, 8312
18264, 8312
33699, 8312
32626, 8312
28840, 8312
22524, 8312
31257, 8312
28190, 8312
41900, 8312
18049, 8312
47955, 8312
21612, 8312
26643, 8312
41681, 8312
13321, 8312
27694, 8312
32131, 8312
45504, 8312
31255, 8312
45452, 8312
29037, 8312
37405, 8312
36790, 8312
36809, 8312
28856, 8312
29688, 8312
30170, 8312
37727, 8312
17516, 8312
21916, 8312
18063, 8312
25560, 8312
31185, 8312
13256, 8312
24069, 8312
23269, 8312
27198, 8312
16001, 8312
23738, 8312
34543, 8312
41960, 8312
16825, 8312
30122, 8312
31244, 8312
45023, 8312
31858, 8312
27566, 8312
15443, 8312
16822, 8312
25338, 8312
32414, 8312
46649, 8312
35670, 8312
45007, 8312
38644, 8312
13408, 8312
32889, 8312
28641, 8312
46841, 8312
31581, 8312
38480, 8312
37070, 8312
25282, 8312
43449, 8312
34054, 8312
35075, 8312
12766, 8312
33414, 8312
30062, 8312
17041, 8312
16440, 8312
48347, 8312
18917, 8312
31173, 8312
40725, 8312
23506, 8312
23675, 8312
41058, 8312
19207, 8312
36926, 8312
23968, 8312
34041, 8312
28619, 8312
18943, 8312
13857, 8312
40612, 8312
39470, 8312
38958, 8312
19671, 8312
35486, 8312
22511, 8312
25297, 8312
34647, 8312
22182, 8312
37967, 8312
34927, 8312
25545, 8312
38249, 8312
27401, 8312
28355, 8312
17180, 8312
45471, 8312
45533, 8312
31221, 8312
40559, 8312
35418, 8312
32546, 8312
25117, 8312
30247, 8312
21047, 8312
35725, 8312
12718, 8312
38784, 8312
8312, 42110
29854, 8313
8313, 22711
12619, 8314
8314, 36903
8314, 16765
25650, 8315
8315, 28810
8315, 32323
8315, 19270
8315, 24441
16911, 8316
44855, 8316
8316, 29472
8316, 41292
8316, 25941
8316, 44761
42110, 8317
8317, 26217
28493, 8318
8318, 46330
26809, 8319
33726, 8319
8319, 14518
21331, 8320
8320, 22605
36465, 8321
8321, 27996
8321, 19447
36708, 8322
8322, 36128
45032, 8323
8323, 28818
19672, 8324
8324, 17799
42110, 8325
8325, 43572
20272, 8326
42244, 8326
8326, 25276
47779, 8327
8327, 32195
44499, 8328
13382, 8328
8328, 44840
24277, 8329
22755, 8329
46477, 8329
30104, 8329
36703, 8329
47490, 8329
33179, 8329
17035, 8329
13094, 8329
40181, 8329
47159, 8329
28729, 8329
44944, 8329
22954, 8329
35688, 8329
34477, 8329
27472, 8329
47383, 8329
20636, 8329
36225, 8329
25417, 8329
26040, 8329
20735, 8329
8329, 23704
24486, 8330
8330, 47231
36202, 8331
8331, 29786
8331, 27105
26944, 8332
27079, 8332
15526, 8332
41203, 8332
14296, 8332
32039, 8332
26191, 8332
47569, 8332
31217, 8332
48131, 8332
24368, 8332
23003, 8332
36329, 8332
15283, 8332
13777, 8332
31647, 8332
14826, 8332
28474, 8332
18991, 8332
20871, 8332
16288, 8332
15358, 8332
45239, 8332
18964, 8332
23238, 8332
32775, 8332
32459, 8332
14005, 8332
26956, 8332
38867, 8332
26097, 8332
18549, 8332
38532, 8332
34279, 8332
12367, 8332
44457, 8332
28219, 8332
34726, 8332
38588, 8332
23236, 8332
48304, 8332
29368, 8332
22645, 8332
33216, 8332
45334, 8332
17464, 8332
33007, 8332
25342, 8332
42066, 8332
41292, 8332
43119, 8332
33800, 8332
27783, 8332
20874, 8332
39479, 8332
13674, 8332
45964, 8332
16246, 8332
16416, 8332
22845, 8332
44247, 8332
40213, 8332
16825, 8332
29499, 8332
38434, 8332
31299, 8332
45023, 8332
39559, 8332
29927, 8332
37402, 8332
43003, 8332
18870, 8332
37532, 8332
41408, 8332
41023, 8332
16060, 8332
20360, 8332
33609, 8332
13138, 8332
12679, 8332
32619, 8332
13002, 8332
23755, 8332
31212, 8332
19035, 8332
45331, 8332
33541, 8332
22163, 8332
45695, 8332
33375, 8332
19383, 8332
40787, 8332
25798, 8332
24095, 8332
34525, 8332
48444, 8332
44761, 8332
15319, 8332
42269, 8332
42631, 8332
17979, 8332
35270, 8332
39621, 8332
24336, 8332
38847, 8332
39461, 8332
22564, 8332
48596, 8332
25724, 8332
41101, 8332
41824, 8332
22991, 8332
18570, 8332
31684, 8332
40839, 8332
14956, 8332
31773, 8332
38557, 8332
43463, 8332
33055, 8332
17810, 8332
27401, 8332
42552, 8332
45160, 8332
33433, 8332
15411, 8332
43110, 8332
47592, 8332
14481, 8332
35339, 8332
43839, 8332
16356, 8332
45653, 8332
26551, 8332
33649, 8332
38324, 8332
47438, 8332
27750, 8332
29166, 8332
38784, 8332
20066, 8332
31156, 8332
25022, 8332
42501, 8332
43918, 8332
35767, 8332
37435, 8332
40456, 8332
43667, 8332
34744, 8332
37248, 8332
15475, 8332
14514, 8332
29540, 8332
30958, 8332
8332, 42110
48005, 8333
8333, 17195
24076, 8334
8334, 30642
28835, 8335
8335, 32422
47755, 8336
25614, 8336
18686, 8336
40119, 8336
12476, 8336
15130, 8336
15618, 8336
31354, 8336
42545, 8336
43810, 8336
24474, 8336
29182, 8336
43757, 8336
21044, 8336
17427, 8336
46121, 8336
44193, 8336
12367, 8336
26630, 8336
14629, 8336
14586, 8336
19348, 8336
14821, 8336
20410, 8336
15306, 8336
45381, 8336
15574, 8336
48036, 8336
39218, 8336
14609, 8336
39479, 8336
32882, 8336
42815, 8336
37306, 8336
16416, 8336
31576, 8336
21666, 8336
29309, 8336
30354, 8336
46346, 8336
30637, 8336
38877, 8336
25338, 8336
25407, 8336
19296, 8336
38644, 8336
19383, 8336
33349, 8336
44557, 8336
27444, 8336
19443, 8336
32013, 8336
28334, 8336
39621, 8336
14514, 8336
20423, 8336
14917, 8336
39719, 8336
26424, 8336
32232, 8336
43495, 8336
36944, 8336
46639, 8336
32980, 8336
30480, 8336
32072, 8336
45648, 8336
39469, 8336
18554, 8336
44044, 8336
14327, 8336
36130, 8336
41733, 8336
41610, 8336
28416, 8336
33637, 8336
23172, 8336
8336, 42110
47448, 8337
31109, 8337
8337, 18686
37607, 8338
35667, 8338
8338, 27719
28574, 8339
27999, 8339
8339, 22449
8339, 31890
33318, 8340
8340, 37095
15377, 8341
8341, 13856
45975, 8342
8342, 23928
25866, 8343
36306, 8343
8343, 31248
23127, 8344
8344, 38605
13020, 8345
8345, 26152
8345, 28792
8345, 19026
42110, 8346
8346, 15340
39415, 8347
8347, 24090
30625, 8348
8348, 38248
42110, 8349
8349, 22348
24699, 8350
8350, 16934
14371, 8351
8351, 37601
42961, 8352
8352, 40999
8352, 26864
8352, 12823
8352, 46947
13056, 8353
8353, 26080
15361, 8354
8354, 16360
34743, 8355
8355, 44440
8355, 26175
8355, 16386
19039, 8356
8356, 13275
8356, 30216
32480, 8357
8357, 14672
8357, 32232
8357, 32124
8357, 31310
42110, 8358
8358, 39629
34710, 8359
8359, 45254
44378, 8360
23135, 8360
45392, 8360
29271, 8360
38297, 8360
34348, 8360
38392, 8360
41495, 8360
39214, 8360
14274, 8360
16467, 8360
46165, 8360
36190, 8360
48129, 8360
33761, 8360
46856, 8360
44861, 8360
39150, 8360
34595, 8360
19817, 8360
40504, 8360
33694, 8360
21338, 8360
35332, 8360
17340, 8360
43577, 8360
35517, 8360
17314, 8360
45719, 8360
14581, 8360
15020, 8360
19931, 8360
40579, 8360
24293, 8360
48224, 8360
17711, 8360
24546, 8360
12922, 8360
8360, 46694
8360, 23326
8360, 14995
8360, 42329
8360, 18105
46739, 8361
43905, 8361
46336, 8361
38367, 8361
26197, 8361
24666, 8361
17424, 8361
26993, 8361
36285, 8361
20037, 8361
12402, 8361
31265, 8361
35669, 8361
40433, 8361
16215, 8361
29385, 8361
47460, 8361
34192, 8361
39591, 8361
20318, 8361
22248, 8361
34434, 8361
25244, 8361
22576, 8361
46304, 8361
20657, 8361
36499, 8361
20728, 8361
46141, 8361
29367, 8361
36784, 8361
20332, 8361
46872, 8361
35345, 8361
36836, 8361
21946, 8361
26234, 8361
38890, 8361
25237, 8361
46828, 8361
30512, 8361
47338, 8361
46783, 8361
22810, 8361
30374, 8361
46584, 8361
18780, 8361
31969, 8361
40117, 8361
42871, 8361
13824, 8361
45560, 8361
34611, 8361
38153, 8361
29828, 8361
32718, 8361
35281, 8361
17873, 8361
18041, 8361
14884, 8361
8361, 22516
30263, 8362
8362, 45847
36846, 8363
8363, 37218
43903, 8364
8364, 32381
43245, 8365
8365, 18569
42110, 8366
8366, 31978
38829, 8367
8367, 28601
18533, 8368
22467, 8368
22775, 8368
41452, 8368
42669, 8368
8368, 26229
8368, 28177
36894, 8369
8369, 18452
36465, 8370
8370, 27997
35538, 8371
8371, 26057
16952, 8372
8372, 20568
8372, 28768
8372, 40119
8372, 15780
38158, 8373
8373, 36571
8373, 36476
42110, 8374
8374, 45220
27630, 8375
8375, 26783
17264, 8376
8376, 24599
8376, 44016
36615, 8377
25641, 8377
31621, 8377
16813, 8377
46674, 8377
14067, 8377
34830, 8377
21662, 8377
36768, 8377
17801, 8377
47621, 8377
24259, 8377
34901, 8377
37085, 8377
30894, 8377
35823, 8377
42800, 8377
20090, 8377
38555, 8377
31720, 8377
24916, 8377
16154, 8377
41779, 8377
22368, 8377
28859, 8377
44816, 8377
40605, 8377
42959, 8377
29657, 8377
22150, 8377
39814, 8377
17119, 8377
37646, 8377
33126, 8377
41884, 8377
13820, 8377
14121, 8377
38428, 8377
44568, 8377
27437, 8377
28312, 8377
27046, 8377
28378, 8377
25017, 8377
37007, 8377
41651, 8377
34082, 8377
41399, 8377
25119, 8377
20538, 8377
34425, 8377
8377, 35064
23691, 8378
8378, 18835
23823, 8379
8379, 32577
48035, 8380
48628, 8380
8380, 35480
38432, 8381
42260, 8381
42766, 8381
19882, 8381
48275, 8381
23610, 8381
33397, 8381
20770, 8381
43882, 8381
41708, 8381
39403, 8381
39581, 8381
30388, 8381
27998, 8381
28333, 8381
34957, 8381
14806, 8381
37888, 8381
43290, 8381
46191, 8381
43670, 8381
42710, 8381
16420, 8381
27177, 8381
44474, 8381
33591, 8381
25292, 8381
36879, 8381
43201, 8381
18957, 8381
34414, 8381
16255, 8381
17588, 8381
24602, 8381
21694, 8381
22206, 8381
14505, 8381
39120, 8381
22773, 8381
37182, 8381
27900, 8381
19411, 8381
25116, 8381
37200, 8381
18590, 8381
38728, 8381
42363, 8381
43310, 8381
33196, 8381
30621, 8381
18104, 8381
29134, 8381
14263, 8381
39087, 8381
17647, 8381
21296, 8381
45603, 8381
41272, 8381
46360, 8381
39480, 8381
16854, 8381
22264, 8381
33888, 8381
21893, 8381
37952, 8381
33137, 8381
36505, 8381
44618, 8381
46764, 8381
44194, 8381
30462, 8381
34639, 8381
44838, 8381
42794, 8381
45637, 8381
33193, 8381
47948, 8381
40617, 8381
22812, 8381
38589, 8381
37880, 8381
48341, 8381
45568, 8381
47525, 8381
29947, 8381
39346, 8381
31095, 8381
22753, 8381
33028, 8381
31096, 8381
13593, 8381
19936, 8381
35595, 8381
38845, 8381
21628, 8381
31449, 8381
18559, 8381
34240, 8381
40096, 8381
46655, 8381
17535, 8381
25842, 8381
20368, 8381
46714, 8381
42324, 8381
28564, 8381
29231, 8381
31290, 8381
40250, 8381
16091, 8381
36245, 8381
47042, 8381
15289, 8381
12791, 8381
37620, 8381
47045, 8381
24123, 8381
42523, 8381
42460, 8381
44609, 8381
31371, 8381
44739, 8381
40426, 8381
25940, 8381
42906, 8381
31761, 8381
26677, 8381
31785, 8381
18160, 8381
8381, 32196
8381, 15096
8381, 30912
8381, 24414
42110, 8382
8382, 28215
30067, 8383
8383, 36926
37945, 8384
8384, 30736
33734, 8385
8385, 33401
38288, 8386
46531, 8386
14854, 8386
41049, 8386
31979, 8386
8386, 46037
46806, 8387
8387, 41048
45609, 8388
18719, 8388
21725, 8388
42218, 8388
8388, 26228
8388, 15847
18752, 8389
27824, 8389
47401, 8389
8389, 38796
18923, 8390
21877, 8390
43531, 8390
23708, 8390
13830, 8390
16624, 8390
26323, 8390
8390, 20749
45805, 8391
8391, 43673
29016, 8392
8392, 47669
24741, 8393
47361, 8393
8393, 33653
42110, 8394
8394, 39347
42110, 8395
8395, 26217
25759, 8396
8396, 27037
39194, 8397
8397, 14087
34470, 8398
8398, 34799
8398, 36030
8398, 45537
8398, 24005
8398, 16014
17183, 8399
35660, 8399
16884, 8399
36842, 8399
43624, 8399
35379, 8399
8399, 35506
21568, 8400
8400, 14687
42110, 8401
8401, 40647
48187, 8402
8402, 31065
16230, 8403
8403, 44440
8403, 24030
8403, 28768
8403, 19960
8403, 48304
42088, 8404
8404, 12959
29824, 8405
25836, 8405
8405, 32413
44028, 8406
12993, 8406
8406, 23894
42996, 8407
8407, 15887
19362, 8408
8408, 28029
8408, 22071
15203, 8409
8409, 32123
38874, 8410
8410, 30949
24316, 8411
8411, 26152
13575, 8412
33906, 8412
36195, 8412
18136, 8412
37459, 8412
22953, 8412
28592, 8412
8412, 14095
42110, 8413
8413, 19791
42110, 8414
8414, 15055
21358, 8415
8415, 47155
22251, 8416
8416, 26179
45698, 8417
34449, 8417
15031, 8417
34342, 8417
17567, 8417
41019, 8417
32554, 8417
20658, 8417
8417, 40879
8417, 23444
42110, 8418
8418, 18537
42110, 8419
8419, 27858
31900, 8420
8420, 12812
21647, 8421
46008, 8421
35239, 8421
37044, 8421
15539, 8421
8421, 47755
16363, 8422
8422, 45705
42563, 8423
8423, 48232
18920, 8424
8424, 45204
42440, 8425
8425, 18228
41001, 8426
8426, 19993
8426, 42962
14457, 8427
8427, 39605
20325, 8428
8428, 33216
22865, 8429
8429, 23181
47953, 8430
8430, 12910
42261, 8431
8431, 28559
42110, 8432
8432, 33703
46595, 8433
8433, 47625
36716, 8434
8434, 46946
26930, 8435
8435, 25593
36643, 8436
8436, 32450
15049, 8437
15530, 8437
8437, 40719
19489, 8438
8438, 38163
42110, 8439
8439, 28643
40522, 8440
31992, 8440
8440, 41710
47355, 8441
8441, 43798
16670, 8442
8442, 17386
8442, 24005
8442, 24046
42110, 8443
8443, 35404
46842, 8444
8444, 30806
8444, 17860
8444, 25448
8444, 13372
33685, 8445
8445, 48640
41846, 8446
8446, 37456
16488, 8447
8447, 27076
21331, 8448
8448, 29936
8448, 19089
15091, 8449
40903, 8449
36638, 8449
28658, 8449
16299, 8449
33321, 8449
26877, 8449
15722, 8449
12435, 8449
12311, 8449
33035, 8449
15590, 8449
13247, 8449
14277, 8449
33605, 8449
17891, 8449
8449, 24619
39324, 8450
8450, 15270
46869, 8451
8451, 16631
39367, 8452
32910, 8452
8452, 12630
42110, 8453
8453, 47477
23783, 8454
8454, 39074
18548, 8455
8455, 22149
47146, 8456
8456, 46880
18755, 8457
8457, 27063
8457, 37544
16112, 8458
18313, 8458
21204, 8458
46694, 8458
13938, 8458
13731, 8458
35578, 8458
13856, 8458
8458, 21526
28417, 8459
45326, 8459
8459, 19788
8459, 13731
29297, 8460
8460, 32366
16674, 8461
8461, 39487
46569, 8462
8462, 35338
39970, 8463
8463, 19870
24813, 8464
8464, 39401
30563, 8465
45162, 8465
8465, 20164
19311, 8466
8466, 42225
21411, 8467
8467, 31809
28433, 8468
48531, 8468
48293, 8468
8468, 35767
26750, 8469
8469, 18264
8469, 15676
20621, 8470
41305, 8470
8470, 14914
16638, 8471
8471, 29388
8471, 32670
8471, 48354
8471, 37405
8471, 28681
8471, 12463
8471, 38249
26833, 8472
8472, 35735
8472, 24046
44901, 8473
8473, 20256
46642, 8474
26888, 8474
33168, 8474
46485, 8474
21491, 8474
25676, 8474
8474, 23043
15447, 8475
8475, 38858
8475, 32538
8475, 14917
8475, 31310
26390, 8476
8476, 29812
21451, 8477
34109, 8477
8477, 34324
35334, 8478
43951, 8478
16021, 8478
25208, 8478
48303, 8478
8478, 27582
8478, 18930
35653, 8479
8479, 23342
46717, 8480
40027, 8480
29998, 8480
37386, 8480
14657, 8480
39698, 8480
44123, 8480
41382, 8480
22549, 8480
36308, 8480
32283, 8480
40128, 8480
33680, 8480
13538, 8480
28791, 8480
44916, 8480
22216, 8480
15697, 8480
34996, 8480
22205, 8480
33374, 8480
24467, 8480
16847, 8480
47905, 8480
42021, 8480
35386, 8480
20341, 8480
23835, 8480
16876, 8480
21431, 8480
27980, 8480
23358, 8480
40313, 8480
13257, 8480
36055, 8480
31102, 8480
28777, 8480
40227, 8480
28786, 8480
30804, 8480
18768, 8480
47626, 8480
37395, 8480
40081, 8480
15718, 8480
42384, 8480
42504, 8480
22722, 8480
20284, 8480
48600, 8480
19162, 8480
19459, 8480
19686, 8480
25535, 8480
14211, 8480
19538, 8480
34068, 8480
31275, 8480
40807, 8480
46112, 8480
25767, 8480
29280, 8480
44785, 8480
31870, 8480
48088, 8480
37147, 8480
41331, 8480
36182, 8480
20684, 8480
24775, 8480
29838, 8480
8480, 17302
31699, 8481
8481, 26985
14122, 8482
8482, 24183
19746, 8483
8483, 46125
38526, 8484
36065, 8484
28129, 8484
39921, 8484
23021, 8484
8484, 35922
20518, 8485
8485, 19545
34376, 8486
8486, 23239
21006, 8487
8487, 33929
13567, 8488
23193, 8488
8488, 20302
36465, 8489
8489, 43651
28523, 8490
35844, 8490
8490, 19324
8490, 22813
12450, 8491
8491, 30575
13709, 8492
8492, 21096
30534, 8493
8493, 30418
40263, 8494
8494, 12900
23441, 8495
40840, 8495
18903, 8495
8495, 13417
39234, 8496
8496, 36613
19486, 8497
8497, 24752
17541, 8498
8498, 30016
46743, 8499
8499, 31261
35769, 8500
8500, 23189
46806, 8501
8501, 29555
38829, 8502
8502, 22004
19430, 8503
8503, 13482
8503, 28861
13981, 8504
27241, 8504
45839, 8504
20220, 8504
48627, 8504
30922, 8504
15540, 8504
26098, 8504
27135, 8504
18245, 8504
23086, 8504
43080, 8504
24485, 8504
26115, 8504
39045, 8504
12309, 8504
13615, 8504
40273, 8504
26293, 8504
46320, 8504
23211, 8504
32179, 8504
46786, 8504
21565, 8504
36791, 8504
44098, 8504
33853, 8504
18290, 8504
37440, 8504
43248, 8504
38753, 8504
24912, 8504
39095, 8504
38783, 8504
33974, 8504
43068, 8504
46751, 8504
32401, 8504
27972, 8504
27680, 8504
45438, 8504
48630, 8504
40914, 8504
18253, 8504
17999, 8504
45473, 8504
20320, 8504
43428, 8504
33306, 8504
8504, 38880
8504, 18065
8504, 37094
45205, 8505
8505, 26501
41531, 8506
24105, 8506
8506, 27582
8506, 20146
42938, 8507
8507, 17563
43890, 8508
19679, 8508
8508, 13438
38951, 8509
8509, 34207
8509, 40294
8509, 26544
8509, 25910
8509, 21663
8509, 47044
8509, 38191
8509, 33654
14934, 8510
8510, 44883
8510, 24062
8510, 19380
8510, 17379
8510, 36788
42110, 8511
8511, 48691
38604, 8512
8512, 40645
36465, 8513
8513, 12919
45807, 8514
8514, 30697
8514, 26801
39333, 8515
8515, 44856
8515, 37402
46120, 8516
8516, 18469
8516, 24046
8516, 13433
8516, 45742
18543, 8517
8517, 24160
41567, 8518
8518, 32831
42532, 8519
8519, 14843
8519, 30794
46806, 8520
8520, 46149
32424, 8521
8521, 17098
8521, 30176
13792, 8522
8522, 39907
46997, 8523
8523, 37922
38829, 8524
8524, 26761
31544, 8525
8525, 28309
21369, 8526
46230, 8526
8526, 45880
40631, 8527
8527, 28690
40855, 8528
8528, 14724
45014, 8529
8529, 38543
36357, 8530
8530, 23189
14608, 8531
8531, 13138
26452, 8532
8532, 32240
27350, 8533
8533, 47351
34402, 8534
8534, 22464
14248, 8535
8535, 12422
22987, 8536
8536, 46050
46806, 8537
8537, 17123
39798, 8538
8538, 22217
26188, 8539
8539, 40451
8539, 34073
20514, 8540
8540, 46290
17387, 8541
8541, 42077
32830, 8542
42283, 8542
8542, 21876
42984, 8543
8543, 36780
36616, 8544
8544, 37921
23249, 8545
8545, 26122
8545, 14147
42110, 8546
8546, 17791
38485, 8547
8547, 48061
17584, 8548
8548, 19595
8548, 23599
8548, 19349
8548, 48347
17817, 8549
8549, 35575
26776, 8550
8550, 42317
30167, 8551
8551, 40953
8551, 21156
8551, 26446
8551, 35059
47860, 8552
8552, 22487
32071, 8553
29549, 8553
38741, 8553
43452, 8553
14037, 8553
37750, 8553
40546, 8553
19849, 8553
34324, 8553
33931, 8553
32009, 8553
26121, 8553
47713, 8553
8553, 19697
42368, 8554
8554, 30258
42110, 8555
8555, 15281
25432, 8556
8556, 31270
14511, 8557
36836, 8557
25324, 8557
35265, 8557
18780, 8557
35044, 8557
39805, 8557
22183, 8557
26521, 8557
40271, 8557
29547, 8557
24285, 8557
35908, 8557
45465, 8557
17322, 8557
32301, 8557
20172, 8557
36499, 8557
16814, 8557
22395, 8557
31331, 8557
33737, 8557
23104, 8557
26986, 8557
27751, 8557
35341, 8557
33809, 8557
46962, 8557
17287, 8557
42972, 8557
27715, 8557
32104, 8557
24893, 8557
42014, 8557
39806, 8557
22914, 8557
15180, 8557
24077, 8557
37477, 8557
41011, 8557
30903, 8557
15746, 8557
16521, 8557
33661, 8557
29831, 8557
43715, 8557
38815, 8557
16576, 8557
36597, 8557
24955, 8557
46873, 8557
27183, 8557
38196, 8557
8557, 19405
8557, 47404
46806, 8558
8558, 31695
28078, 8559
32885, 8559
8559, 29545
25179, 8560
8560, 23293
23255, 8561
8561, 36374
34956, 8562
8562, 34884
8562, 14783
8562, 43266
35309, 8563
13130, 8563
8563, 28081
27179, 8564
8564, 19892
41873, 8565
8565, 35162
20857, 8566
8566, 42073
8566, 45121
46806, 8567
8567, 40626
47619, 8568
45199, 8568
8568, 27909
44010, 8569
8569, 46779
34640, 8570
8570, 26770
21006, 8571
8571, 33929
17645, 8572
8572, 44044
30536, 8573
8573, 16449
35384, 8574
8574, 16684
45934, 8575
8575, 18469
13165, 8576
8576, 43762
31336, 8577
8577, 28788
23417, 8578
8578, 38796
31117, 8579
8579, 20906
8579, 33541
8579, 18570
42110, 8580
8580, 37927
47699, 8581
8581, 46649
32093, 8582
8582, 42060
35205, 8583
8583, 37134
8583, 40747
8583, 46581
8583, 45695
8583, 30615
38380, 8584
8584, 16292
42110, 8585
8585, 40815
30698, 8586
8586, 45023
36335, 8587
8587, 16863
39452, 8588
8588, 23939
46806, 8589
8589, 33900
32597, 8590
23789, 8590
8590, 37521
25432, 8591
8591, 18797
20152, 8592
8592, 25851
41951, 8593
8593, 28841
42110, 8594
8594, 19287
36596, 8595
8595, 23000
17090, 8596
8596, 12313
31704, 8597
27727, 8597
21078, 8597
17591, 8597
8597, 17066
29415, 8598
8598, 36199
41652, 8599
8599, 42437
40472, 8600
8600, 48232
18507, 8601
8601, 34301
22960, 8602
31652, 8602
8602, 12767
38829, 8603
8603, 25873
18929, 8604
8604, 37980
41268, 8605
8605, 29826
25425, 8606
8606, 27214
35624, 8607
8607, 28058
17184, 8608
48637, 8608
8608, 15762
17844, 8609
8609, 22946
8609, 41391
42110, 8610
8610, 48353
20336, 8611
8611, 31278
8611, 43397
15361, 8612
8612, 16360
18344, 8613
8613, 26499
38057, 8614
8614, 46081
8614, 32072
44357, 8615
8615, 31626
37325, 8616
8616, 16766
31948, 8617
8617, 23840
8617, 20608
30399, 8618
8618, 23506
8618, 20624
31988, 8619
13092, 8619
8619, 34984
40641, 8620
8620, 25746
8620, 31469
48474, 8621
8621, 15333
32202, 8622
8622, 24935
45592, 8623
38124, 8623
8623, 39534
8623, 28458
8623, 15358
42110, 8624
8624, 17789
36113, 8625
8625, 44322
12930, 8626
36444, 8626
34315, 8626
35698, 8626
30166, 8626
20847, 8626
36049, 8626
42861, 8626
33625, 8626
24328, 8626
31812, 8626
32014, 8626
15279, 8626
39969, 8626
14981, 8626
35495, 8626
33888, 8626
12719, 8626
23015, 8626
21961, 8626
37525, 8626
21585, 8626
30141, 8626
21872, 8626
16618, 8626
29287, 8626
13471, 8626
45095, 8626
48114, 8626
20028, 8626
48545, 8626
26051, 8626
18249, 8626
13926, 8626
34526, 8626
15876, 8626
36569, 8626
35190, 8626
30669, 8626
40450, 8626
45890, 8626
42849, 8626
12788, 8626
32716, 8626
16559, 8626
27296, 8626
14166, 8626
41324, 8626
16701, 8626
38187, 8626
32087, 8626
30510, 8626
30061, 8626
31824, 8626
28165, 8626
12821, 8626
29655, 8626
8626, 31350
8626, 19924
8626, 21408
48194, 8627
8627, 33401
27085, 8628
8628, 43345
8628, 46798
8628, 33637
16144, 8629
8629, 34097
39837, 8630
8630, 39039
13579, 8631
8631, 46411
42110, 8632
8632, 33454
42110, 8633
8633, 42297
26978, 8634
8634, 43119
45391, 8635
8635, 13662
29448, 8636
8636, 23506
8636, 41815
32254, 8637
8637, 30434
44272, 8638
40678, 8638
8638, 23808
8638, 42293
8638, 16322
39711, 8639
48372, 8639
8639, 38123
36752, 8640
8640, 37924
43853, 8641
8641, 37456
14209, 8642
8642, 15510
8642, 40025
42110, 8643
8643, 21571
19076, 8644
46502, 8644
8644, 34476
34298, 8645
43927, 8645
44197, 8645
8645, 37780
17793, 8646
45571, 8646
8646, 34937
41788, 8647
8647, 26691
25260, 8648
8648, 27639
42110, 8649
8649, 28118
31929, 8650
8650, 15801
32487, 8651
8651, 39915
8651, 14821
14515, 8652
8652, 32838
36465, 8653
8653, 41905
28295, 8654
8654, 36659
34729, 8655
8655, 29760
43448, 8656
19595, 8656
40972, 8656
44637, 8656
31588, 8656
36329, 8656
14708, 8656
27125, 8656
32824, 8656
44140, 8656
25154, 8656
36064, 8656
20264, 8656
35448, 8656
33089, 8656
14410, 8656
27193, 8656
41618, 8656
30135, 8656
30653, 8656
25770, 8656
39919, 8656
36031, 8656
14578, 8656
29942, 8656
39938, 8656
22163, 8656
44605, 8656
46217, 8656
29193, 8656
20804, 8656
14783, 8656
47834, 8656
20232, 8656
13849, 8656
26836, 8656
32591, 8656
19349, 8656
35806, 8656
45784, 8656
34688, 8656
34756, 8656
27365, 8656
22584, 8656
35122, 8656
24791, 8656
26057, 8656
15866, 8656
34073, 8656
41982, 8656
38557, 8656
20180, 8656
41844, 8656
23599, 8656
48347, 8656
12748, 8656
26831, 8656
22602, 8656
34916, 8656
44871, 8656
35988, 8656
30699, 8656
32631, 8656
32474, 8656
16090, 8656
33691, 8656
19233, 8656
34927, 8656
21446, 8656
35725, 8656
36812, 8656
25778, 8656
38925, 8656
48232, 8656
35506, 8656
46866, 8656
8656, 42110
45429, 8657
18055, 8657
48276, 8657
28027, 8657
19242, 8657
8657, 18669
46806, 8658
8658, 35283
39725, 8659
8659, 19164
14623, 8660
20724, 8660
8660, 14017
36465, 8661
8661, 45033
8661, 42276
8661, 26528
8661, 17673
36465, 8662
8662, 16511
8662, 18690
20433, 8663
31333, 8663
8663, 42366
48188, 8664
37541, 8664
8664, 22502
23222, 8665
44436, 8665
8665, 14154
27023, 8666
18389, 8666
8666, 46845
30357, 8667
8667, 21575
29149, 8668
8668, 47687
42110, 8669
8669, 22252
25102, 8670
8670, 39600
47226, 8671
8671, 47689
45356, 8672
8672, 18088
8672, 32767
8672, 20440
8672, 44322
34137, 8673
40275, 8673
35371, 8673
8673, 43547
27306, 8674
8674, 35153
26593, 8675
8675, 37973
42110, 8676
8676, 28794
14477, 8677
8677, 23920
17447, 8678
8678, 45349
8678, 37976
8678, 38798
8678, 26491
8678, 22109
8678, 14162
8678, 14691
8678, 41628
8678, 15060
8678, 15698
8678, 24523
8678, 39632
20189, 8679
8679, 19776
31728, 8680
8680, 27626
25890, 8681
8681, 44034
36907, 8682
8682, 20529
23378, 8683
8683, 30104
15929, 8684
8684, 45129
19486, 8685
8685, 31708
36314, 8686
8686, 21733
30339, 8687
8687, 14150
32143, 8688
8688, 23081
45024, 8689
8689, 15041
32950, 8690
8690, 43603
32550, 8691
8691, 42937
8691, 26070
8691, 13188
42110, 8692
8692, 31676
21340, 8693
8693, 17779
45936, 8694
8694, 47146
8694, 21313
8694, 19745
8694, 46392
42110, 8695
8695, 27980
40763, 8696
24617, 8696
41302, 8696
8696, 22629
34712, 8697
43446, 8697
8697, 36404
32206, 8698
8698, 42017
43478, 8699
26665, 8699
8699, 36939
16181, 8700
8700, 34243
40061, 8701
8701, 14689
8701, 28734
8701, 33265
36465, 8702
8702, 15444
8702, 37908
41306, 8703
8703, 17236
28123, 8704
8704, 14283
8704, 18134
8704, 47236
8704, 15866
43958, 8705
8705, 16736
8705, 42575
8705, 37158
8705, 27499
8705, 27506
31304, 8706
37909, 8706
8706, 45830
8706, 27382
8706, 39608
42110, 8707
8707, 45752
46806, 8708
8708, 15196
8708, 26886
47456, 8709
47359, 8709
8709, 17400
23606, 8710
8710, 12512
27876, 8711
8711, 44008
38829, 8712
8712, 32465
33669, 8713
8713, 17363
42110, 8714
8714, 37441
34779, 8715
8715, 31794
31305, 8716
8716, 42815
42110, 8717
8717, 35543
16891, 8718
21643, 8718
21126, 8718
8718, 34641
43291, 8719
8719, 28417
42110, 8720
8720, 13957
28316, 8721
8721, 17325
45218, 8722
8722, 39880
45173, 8723
8723, 24249
27159, 8724
8724, 25685
8724, 47146
8724, 19750
46806, 8725
8725, 35457
32654, 8726
47296, 8726
31970, 8726
8726, 32144
35152, 8727
8727, 14705
8727, 40727
8727, 45577
44807, 8728
8728, 17228
14198, 8729
8729, 17477
42110, 8730
8730, 19134
32422, 8731
8731, 23677
35731, 8732
8732, 20010
38220, 8733
8733, 37405
8733, 16825
47276, 8734
22558, 8734
8734, 13683
31962, 8735
8735, 33157
28118, 8736
8736, 13623
8736, 20374
8736, 13674
8736, 39621
30099, 8737
12915, 8737
8737, 32236
32490, 8738
8738, 16631
16729, 8739
8739, 26436
8739, 27148
8739, 39827
8739, 40119
37014, 8740
23627, 8740
8740, 43288
8740, 35887
8740, 18930
39812, 8741
8741, 27640
42110, 8742
8742, 28643
42110, 8743
8743, 14421
42110, 8744
8744, 19287
35782, 8745
28918, 8745
8745, 47504
29025, 8746
23423, 8746
36970, 8746
24764, 8746
8746, 18504
33857, 8747
21485, 8747
16128, 8747
40603, 8747
20030, 8747
36822, 8747
33436, 8747
8747, 36480
42110, 8748
8748, 39849
35602, 8749
8749, 46804
48174, 8750
8750, 15275
22456, 8751
8751, 40203
8751, 22133
8751, 35127
42110, 8752
8752, 13513
33913, 8753
8753, 32191
32146, 8754
8754, 15882
25838, 8755
32115, 8755
8755, 15871
35379, 8756
8756, 14338
42110, 8757
8757, 23090
36191, 8758
8758, 18496
8758, 27754
28411, 8759
8759, 21090
8759, 45695
14391, 8760
8760, 15702
34692, 8761
13947, 8761
8761, 19870
29062, 8762
8762, 37422
36982, 8763
8763, 22918
29746, 8764
8764, 15938
8764, 12572
8764, 32631
29667, 8765
8765, 43847
15834, 8766
8766, 14280
8766, 41613
8766, 34196
8766, 33876
8766, 23577
8766, 29639
8766, 28519
8766, 44017
8766, 15311
23341, 8767
28562, 8767
45646, 8767
39152, 8767
8767, 45193
33985, 8768
8768, 47077
28838, 8769
38054, 8769
33001, 8769
8769, 27020
42110, 8770
8770, 29931
16616, 8771
8771, 29891
43735, 8772
8772, 39449
42110, 8773
8773, 19287
38123, 8774
14835, 8774
8774, 48264
35286, 8775
8775, 42066
8775, 39461
8775, 25011
19446, 8776
24575, 8776
31410, 8776
8776, 15178
18222, 8777
38982, 8777
8777, 36919
34491, 8778
8778, 46033
8778, 40025
8778, 12906
42110, 8779
8779, 24702
16666, 8780
8780, 40021
12963, 8781
8781, 16386
42110, 8782
8782, 30827
26930, 8783
41985, 8783
8783, 25593
42555, 8784
8784, 28276
27895, 8785
8785, 47090
28341, 8786
8786, 35754
24589, 8787
8787, 46431
8787, 32282
27632, 8788
8788, 25267
36528, 8789
8789, 43131
27726, 8790
8790, 25272
8790, 20688
14918, 8791
36621, 8791
15811, 8791
12759, 8791
30029, 8791
35299, 8791
28941, 8791
42253, 8791
34728, 8791
8791, 27269
33848, 8792
8792, 28416
8792, 23038
21973, 8793
18172, 8793
28415, 8793
12853, 8793
36412, 8793
12586, 8793
31074, 8793
43664, 8793
29481, 8793
25907, 8793
32033, 8793
16481, 8793
8793, 47102
32828, 8794
8794, 38208
36465, 8795
8795, 27996
8795, 20839
18033, 8796
8796, 39443
22757, 8797
29662, 8797
19960, 8797
27063, 8797
20955, 8797
24384, 8797
45556, 8797
33432, 8797
33522, 8797
21962, 8797
36329, 8797
13213, 8797
25521, 8797
29345, 8797
17123, 8797
24761, 8797
12681, 8797
19753, 8797
42259, 8797
33576, 8797
27018, 8797
43512, 8797
46121, 8797
28357, 8797
37356, 8797
22648, 8797
32308, 8797
32389, 8797
32677, 8797
23236, 8797
40084, 8797
38881, 8797
20951, 8797
38155, 8797
44056, 8797
25342, 8797
42181, 8797
32123, 8797
16416, 8797
30738, 8797
20515, 8797
19143, 8797
27295, 8797
20133, 8797
38065, 8797
22124, 8797
48126, 8797
31076, 8797
43401, 8797
25338, 8797
34881, 8797
28943, 8797
40291, 8797
31183, 8797
43307, 8797
14275, 8797
35893, 8797
45880, 8797
33070, 8797
48568, 8797
13460, 8797
45370, 8797
43546, 8797
25022, 8797
40797, 8797
35122, 8797
33637, 8797
14446, 8797
25253, 8797
48232, 8797
45466, 8797
33730, 8797
15220, 8797
27852, 8797
41706, 8797
28416, 8797
33616, 8797
34744, 8797
46207, 8797
30928, 8797
27339, 8797
36817, 8797
40559, 8797
47253, 8797
22602, 8797
32697, 8797
33654, 8797
40642, 8797
44871, 8797
19665, 8797
14815, 8797
8797, 42110
12432, 8798
8798, 43285
38829, 8799
8799, 17107
30951, 8800
8800, 32775
8800, 22645
18485, 8801
8801, 29589
46806, 8802
8802, 34916
31103, 8803
26306, 8803
19624, 8803
8803, 13250
39451, 8804
8804, 19858
46745, 8805
8805, 28055
42110, 8806
8806, 45506
12602, 8807
8807, 19199
42110, 8808
8808, 28686
45253, 8809
8809, 17774
8809, 16825
26938, 8810
8810, 37405
8810, 14932
25513, 8811
29436, 8811
16528, 8811
46713, 8811
28432, 8811
8811, 28839
26303, 8812
8812, 47950
42110, 8813
8813, 26457
42110, 8814
8814, 12836
25337, 8815
8815, 42296
8815, 14110
31239, 8816
8816, 19924
8816, 32039
8816, 44736
8816, 13674
8816, 32232
23261, 8817
8817, 20043
35637, 8818
8818, 21804
16901, 8819
8819, 18966
42110, 8820
8820, 12964
19486, 8821
8821, 38474
39014, 8822
8822, 40999
26531, 8823
8823, 36591
42339, 8824
8824, 15568
32309, 8825
8825, 27909
32181, 8826
8826, 33339
36616, 8827
27274, 8827
8827, 27196
8827, 44520
8827, 21055
8827, 33149
35601, 8828
8828, 16684
8828, 16642
8828, 13321
8828, 35075
37767, 8829
8829, 33353
41875, 8830
8830, 33659
46788, 8831
30253, 8831
39942, 8831
15446, 8831
28680, 8831
13678, 8831
23734, 8831
46108, 8831
8831, 14397
45966, 8832
8832, 30681
36402, 8833
27927, 8833
47430, 8833
8833, 35819
28214, 8834
8834, 46343
38829, 8835
8835, 33409
42110, 8836
8836, 16734
40198, 8837
8837, 17098
8837, 14296
38829, 8838
8838, 47075
34964, 8839
8839, 23965
15499, 8840
8840, 31278
22210, 8841
8841, 30584
8841, 14625
27190, 8842
8842, 30032
29318, 8843
8843, 26864
36002, 8844
8844, 30087
8844, 38784
39891, 8845
8845, 29571
8845, 17464
8845, 48249
43470, 8846
8846, 47863
18385, 8847
8847, 31606
13743, 8848
8848, 23203
12368, 8849
8849, 46144
8849, 13269
42110, 8850
8850, 13726
13165, 8851
8851, 17609
25110, 8852
8852, 39229
30415, 8853
8853, 43448
8853, 41874
45149, 8854
8854, 38858
8854, 16302
8854, 46841
8854, 48444
19067, 8855
8855, 23198
8855, 17979
8855, 19505
14312, 8856
8856, 17705
42957, 8857
8857, 18374
26409, 8858
8858, 36692
26440, 8859
8859, 22898
8859, 44502
25990, 8860
8860, 21794
38829, 8861
8861, 34229
36465, 8862
8862, 27996
8862, 34398
8862, 24943
8862, 34918
42110, 8863
8863, 22761
46001, 8864
8864, 21209
42110, 8865
8865, 17945
42110, 8866
8866, 21980
26660, 8867
32005, 8867
8867, 40701
42110, 8868
8868, 46734
45506, 8869
8869, 30258
42110, 8870
8870, 30350
46806, 8871
8871, 16978
33679, 8872
8872, 30245
22221, 8873
8873, 22891
35456, 8874
17942, 8874
45033, 8874
16522, 8874
29494, 8874
39738, 8874
36697, 8874
24524, 8874
35887, 8874
21334, 8874
39179, 8874
34227, 8874
26621, 8874
44940, 8874
30560, 8874
18631, 8874
33791, 8874
13742, 8874
47766, 8874
36063, 8874
27996, 8874
29443, 8874
45116, 8874
16297, 8874
41126, 8874
26043, 8874
14430, 8874
36025, 8874
31830, 8874
15002, 8874
48079, 8874
29631, 8874
44135, 8874
33949, 8874
25760, 8874
16824, 8874
35840, 8874
24282, 8874
46438, 8874
24564, 8874
32121, 8874
27719, 8874
44155, 8874
19713, 8874
30266, 8874
45868, 8874
12388, 8874
19508, 8874
28133, 8874
33409, 8874
21783, 8874
26024, 8874
37623, 8874
13439, 8874
38760, 8874
36330, 8874
18353, 8874
21414, 8874
14075, 8874
32946, 8874
29783, 8874
34141, 8874
42304, 8874
27382, 8874
27294, 8874
41773, 8874
29620, 8874
43785, 8874
35273, 8874
25130, 8874
40602, 8874
30232, 8874
34795, 8874
40442, 8874
48582, 8874
19872, 8874
48017, 8874
16811, 8874
37908, 8874
33048, 8874
32635, 8874
13953, 8874
43339, 8874
23801, 8874
24654, 8874
44546, 8874
19766, 8874
36558, 8874
38544, 8874
20181, 8874
32492, 8874
38081, 8874
24773, 8874
35034, 8874
33824, 8874
30116, 8874
25870, 8874
12401, 8874
22623, 8874
24572, 8874
33455, 8874
22676, 8874
21264, 8874
16449, 8874
43490, 8874
40392, 8874
14887, 8874
33590, 8874
27802, 8874
15849, 8874
22464, 8874
12403, 8874
45257, 8874
44322, 8874
14860, 8874
31511, 8874
35712, 8874
37805, 8874
33639, 8874
28979, 8874
46766, 8874
16998, 8874
43856, 8874
40872, 8874
38135, 8874
32507, 8874
32687, 8874
22625, 8874
45570, 8874
33754, 8874
37238, 8874
46773, 8874
16862, 8874
36924, 8874
21798, 8874
22362, 8874
14450, 8874
18951, 8874
40467, 8874
38121, 8874
42388, 8874
13265, 8874
45153, 8874
26278, 8874
47617, 8874
38359, 8874
33450, 8874
17901, 8874
20655, 8874
14471, 8874
22859, 8874
17921, 8874
26802, 8874
33401, 8874
42104, 8874
18288, 8874
27733, 8874
24200, 8874
34970, 8874
29230, 8874
47081, 8874
18844, 8874
19870, 8874
30613, 8874
47389, 8874
48338, 8874
43202, 8874
25877, 8874
17654, 8874
39808, 8874
32415, 8874
29556, 8874
14621, 8874
19206, 8874
30016, 8874
22149, 8874
25956, 8874
37895, 8874
23189, 8874
32935, 8874
31587, 8874
26545, 8874
17029, 8874
28225, 8874
27909, 8874
32240, 8874
28528, 8874
22435, 8874
19646, 8874
23129, 8874
19966, 8874
17301, 8874
12998, 8874
12422, 8874
17186, 8874
32798, 8874
20164, 8874
21767, 8874
30549, 8874
27916, 8874
15967, 8874
31675, 8874
19447, 8874
47089, 8874
31570, 8874
38959, 8874
13666, 8874
46922, 8874
26252, 8874
47754, 8874
13994, 8874
39745, 8874
32932, 8874
31896, 8874
46113, 8874
37935, 8874
31267, 8874
38066, 8874
22864, 8874
45918, 8874
22719, 8874
47467, 8874
15638, 8874
33608, 8874
25276, 8874
12919, 8874
22861, 8874
22836, 8874
41995, 8874
17120, 8874
36378, 8874
45542, 8874
16320, 8874
41249, 8874
21688, 8874
38188, 8874
22428, 8874
38403, 8874
41222, 8874
20740, 8874
44404, 8874
33297, 8874
16992, 8874
21178, 8874
17346, 8874
22523, 8874
23246, 8874
29886, 8874
43196, 8874
15261, 8874
47787, 8874
47126, 8874
40894, 8874
36780, 8874
30814, 8874
17189, 8874
33377, 8874
40221, 8874
43285, 8874
36060, 8874
34187, 8874
43724, 8874
20989, 8874
17195, 8874
35100, 8874
43920, 8874
42711, 8874
43932, 8874
13296, 8874
26009, 8874
47887, 8874
40365, 8874
42203, 8874
12835, 8874
33711, 8874
45703, 8874
20083, 8874
31580, 8874
42142, 8874
26528, 8874
33810, 8874
33623, 8874
43897, 8874
46210, 8874
21923, 8874
17536, 8874
27141, 8874
39608, 8874
32137, 8874
33290, 8874
47926, 8874
46162, 8874
15272, 8874
21023, 8874
26726, 8874
45109, 8874
20324, 8874
14407, 8874
31209, 8874
29410, 8874
31710, 8874
42400, 8874
29906, 8874
37073, 8874
15285, 8874
46094, 8874
29210, 8874
40416, 8874
33947, 8874
8874, 24688
8874, 46806
34308, 8875
28890, 8875
42630, 8875
27123, 8875
8875, 48664
17763, 8876
8876, 23358
42110, 8877
8877, 43720
46806, 8878
8878, 40161
23098, 8879
8879, 18334
28141, 8880
8880, 22356
8880, 23236
33770, 8881
8881, 35585
8881, 29526
8881, 24599
8881, 20596
8881, 27401
37744, 8882
8882, 22185
42110, 8883
8883, 14715
34541, 8884
8884, 21364
28507, 8885
23185, 8885
17402, 8885
42562, 8885
48171, 8885
25452, 8885
39063, 8885
21558, 8885
27974, 8885
26298, 8885
19356, 8885
31229, 8885
20169, 8885
34147, 8885
42345, 8885
36344, 8885
30962, 8885
43763, 8885
36504, 8885
42694, 8885
47461, 8885
42695, 8885
8885, 22119
42258, 8886
8886, 31968
8886, 45422
8886, 16386
38089, 8887
25375, 8887
27874, 8887
33827, 8887
8887, 37992
38439, 8888
8888, 17808
8888, 22420
8888, 29052
8888, 38532
8888, 45833
42110, 8889
8889, 27858
41663, 8890
8890, 24313
47699, 8891
8891, 35291
26739, 8892
8892, 32934
15111, 8893
8893, 34566
42325, 8894
8894, 45326
46482, 8895
8895, 17042
8895, 17560
8895, 36640
8895, 37357
28490, 8896
27054, 8896
8896, 48530
43270, 8897
15760, 8897
43818, 8897
33945, 8897
20244, 8897
19778, 8897
23367, 8897
27396, 8897
13077, 8897
38321, 8897
34246, 8897
40089, 8897
29777, 8897
44265, 8897
17852, 8897
43672, 8897
33686, 8897
20175, 8897
8897, 33116
20274, 8898
8898, 44440
8898, 30877
8898, 45020
8898, 36440
39755, 8899
38169, 8899
22863, 8899
45082, 8899
41956, 8899
43826, 8899
17938, 8899
36695, 8899
24646, 8899
21631, 8899
23828, 8899
39910, 8899
29527, 8899
30267, 8899
48638, 8899
40418, 8899
13685, 8899
25629, 8899
42773, 8899
16428, 8899
13772, 8899
28010, 8899
20757, 8899
29185, 8899
32163, 8899
21069, 8899
26712, 8899
39913, 8899
20484, 8899
44679, 8899
18959, 8899
41607, 8899
33097, 8899
15269, 8899
48526, 8899
44959, 8899
19485, 8899
16044, 8899
31054, 8899
41673, 8899
43806, 8899
24800, 8899
8899, 45386
30956, 8900
8900, 19409
42605, 8901
8901, 40528
31394, 8902
8902, 46180
32779, 8903
8903, 45600
30378, 8904
8904, 18529
8904, 41844
12697, 8905
8905, 12798
8905, 30104
21969, 8906
8906, 28474
39998, 8907
8907, 15823
35397, 8908
8908, 44187
18270, 8909
8909, 40283
42110, 8910
8910, 41656
18432, 8911
42433, 8911
16502, 8911
15706, 8911
18497, 8911
34036, 8911
38489, 8911
35254, 8911
27686, 8911
13686, 8911
26220, 8911
18280, 8911
31147, 8911
19700, 8911
47161, 8911
26940, 8911
16889, 8911
31719, 8911
47530, 8911
32633, 8911
35229, 8911
47197, 8911
37363, 8911
38895, 8911
25506, 8911
14048, 8911
46116, 8911
45486, 8911
20157, 8911
12960, 8911
23916, 8911
40858, 8911
38484, 8911
34616, 8911
21879, 8911
41777, 8911
33490, 8911
23482, 8911
45242, 8911
18758, 8911
38303, 8911
48111, 8911
41062, 8911
25241, 8911
14169, 8911
31535, 8911
35539, 8911
43765, 8911
33256, 8911
28652, 8911
27275, 8911
33650, 8911
29859, 8911
46792, 8911
25592, 8911
36270, 8911
23237, 8911
21287, 8911
33325, 8911
26467, 8911
18161, 8911
14124, 8911
14759, 8911
20890, 8911
12451, 8911
13398, 8911
38935, 8911
48314, 8911
23174, 8911
17356, 8911
20004, 8911
46646, 8911
27713, 8911
42781, 8911
43998, 8911
40962, 8911
22114, 8911
20442, 8911
17715, 8911
40112, 8911
42790, 8911
46918, 8911
40465, 8911
23157, 8911
35063, 8911
19232, 8911
26104, 8911
33445, 8911
18583, 8911
43467, 8911
12709, 8911
43232, 8911
12686, 8911
31519, 8911
40521, 8911
27864, 8911
13495, 8911
24851, 8911
18047, 8911
27731, 8911
42672, 8911
41070, 8911
23970, 8911
38560, 8911
45078, 8911
18346, 8911
15727, 8911
30793, 8911
26667, 8911
33671, 8911
18017, 8911
34210, 8911
20275, 8911
18384, 8911
34471, 8911
46257, 8911
42084, 8911
35126, 8911
28514, 8911
23881, 8911
43646, 8911
31199, 8911
32740, 8911
32478, 8911
16209, 8911
32455, 8911
22729, 8911
48597, 8911
13858, 8911
29262, 8911
38821, 8911
32194, 8911
38599, 8911
46130, 8911
43560, 8911
12376, 8911
18684, 8911
29703, 8911
24520, 8911
36735, 8911
26948, 8911
25777, 8911
16447, 8911
19133, 8911
19968, 8911
47110, 8911
40026, 8911
35502, 8911
46919, 8911
37902, 8911
39809, 8911
17691, 8911
15092, 8911
12841, 8911
29300, 8911
27706, 8911
12390, 8911
17931, 8911
32003, 8911
26510, 8911
12612, 8911
44360, 8911
23626, 8911
21170, 8911
40340, 8911
22961, 8911
13039, 8911
41688, 8911
47956, 8911
36781, 8911
16464, 8911
34289, 8911
45617, 8911
12870, 8911
46168, 8911
28280, 8911
28278, 8911
14347, 8911
43795, 8911
15449, 8911
30281, 8911
23984, 8911
38790, 8911
45059, 8911
48113, 8911
16848, 8911
20710, 8911
39945, 8911
45358, 8911
18723, 8911
18265, 8911
15063, 8911
40076, 8911
35572, 8911
34853, 8911
36304, 8911
23707, 8911
17188, 8911
22583, 8911
38630, 8911
22128, 8911
27591, 8911
27966, 8911
24747, 8911
22373, 8911
47285, 8911
28612, 8911
27789, 8911
28816, 8911
40419, 8911
40957, 8911
24244, 8911
45459, 8911
43684, 8911
47020, 8911
16124, 8911
18052, 8911
36239, 8911
27433, 8911
37110, 8911
30180, 8911
20369, 8911
13580, 8911
33064, 8911
14429, 8911
46005, 8911
25947, 8911
39467, 8911
34095, 8911
42044, 8911
46296, 8911
37594, 8911
26412, 8911
32073, 8911
32266, 8911
13386, 8911
45530, 8911
36021, 8911
26437, 8911
31668, 8911
38241, 8911
14182, 8911
16690, 8911
42619, 8911
47463, 8911
40436, 8911
44953, 8911
15384, 8911
28208, 8911
8911, 36199
33657, 8912
8912, 24037
48493, 8913
8913, 31776
47625, 8914
31872, 8914
8914, 29893
17387, 8915
8915, 42077
28322, 8916
8916, 23787
17936, 8917
8917, 34216
42110, 8918
8918, 13107
37272, 8919
8919, 37715
13958, 8920
8920, 45025
42110, 8921
8921, 38843
13214, 8922
8922, 32577
23096, 8923
15631, 8923
21344, 8923
29885, 8923
8923, 20023
32599, 8924
8924, 27574
48697, 8925
8925, 48121
36209, 8926
8926, 37482
44697, 8927
8927, 34575
25932, 8928
8928, 28520
48038, 8929
8929, 26542
8929, 38038
29296, 8930
8930, 32741
38829, 8931
8931, 23165
24582, 8932
8932, 40213
42110, 8933
8933, 23219
44324, 8934
8934, 39661
17540, 8935
8935, 12659
17926, 8936
8936, 34145
42110, 8937
8937, 43021
17376, 8938
8938, 47838
8938, 28505
8938, 35496
8938, 46392
47699, 8939
8939, 46767
36465, 8940
8940, 27996
8940, 19872
25172, 8941
8941, 25583
46806, 8942
8942, 35988
28116, 8943
8943, 15426
42110, 8944
8944, 33483
42055, 8945
8945, 29410
38829, 8946
8946, 32398
26338, 8947
31749, 8947
8947, 24510
37385, 8948
8948, 33791
42110, 8949
8949, 38363
48059, 8950
8950, 24071
38745, 8951
8951, 38192
40867, 8952
8952, 43276
8952, 36769
42110, 8953
8953, 37583
30242, 8954
8954, 25196
8954, 16028
36491, 8955
44440, 8955
8955, 47917
40526, 8956
8956, 20674
45219, 8957
8957, 48398
42110, 8958
8958, 25182
21610, 8959
8959, 38239
48022, 8960
8960, 12603
8960, 15573
23283, 8961
8961, 47031
21269, 8962
33865, 8962
8962, 23564
42174, 8963
8963, 18894
15579, 8964
8964, 32242
15308, 8965
8965, 13203
8965, 28529
8965, 32274
42110, 8966
8966, 42909
42811, 8967
8967, 33165
46082, 8968
8968, 31576
8968, 25407
12980, 8969
8969, 31858
25841, 8970
8970, 35112
8970, 34610
42110, 8971
8971, 24126
44100, 8972
8972, 38386
42110, 8973
8973, 38843
26619, 8974
8974, 47592
45283, 8975
8975, 23236
30956, 8976
8976, 25052
36858, 8977
32778, 8977
19081, 8977
8977, 45516
8977, 37895
8977, 25956
8977, 40904
8977, 31984
8977, 36945
35868, 8978
23326, 8978
48354, 8978
8978, 44288
25931, 8979
8979, 22537
18785, 8980
8980, 14860
36465, 8981
8981, 30383
8981, 45497
18234, 8982
8982, 21225
29999, 8983
8983, 28701
8983, 19187
8983, 33690
8983, 16440
22498, 8984
8984, 43307
37086, 8985
8985, 16817
36465, 8986
8986, 37908
31524, 8987
8987, 29456
30240, 8988
8988, 43218
42110, 8989
8989, 47720
46806, 8990
8990, 33394
22064, 8991
8991, 14664
8991, 20682
29674, 8992
8992, 25317
8992, 14937
8992, 44044
20544, 8993
8993, 40548
24782, 8994
8994, 16716
20182, 8995
8995, 47637
8995, 35154
45874, 8996
8996, 37967
21976, 8997
8997, 23133
21331, 8998
8998, 34886
8998, 39386
8998, 42482
39220, 8999
42061, 8999
8999, 20704
38885, 9000
9000, 13250
30942, 9001
32639, 9001
9001, 16155
39830, 9002
9002, 15866
9002, 47629
43417, 9003
9003, 41839
38436, 9004
9004, 29472
9004, 18677
9004, 18562
46806, 9005
9005, 19901
42110, 9006
9006, 32128
12755, 9007
23444, 9007
42633, 9007
9007, 33739
40791, 9008
9008, 42702
9008, 17954
9008, 42095
9008, 32288
9008, 12906
42110, 9009
9009, 45111
24144, 9010
9010, 43346
17582, 9011
39776, 9011
9011, 17389
16544, 9012
9012, 25860
33047, 9013
28698, 9013
9013, 44090
26563, 9014
22575, 9014
16937, 9014
37820, 9014
12814, 9014
27061, 9014
36180, 9014
32339, 9014
34578, 9014
35993, 9014
22546, 9014
37831, 9014
36128, 9014
24636, 9014
26720, 9014
45941, 9014
24037, 9014
26376, 9014
38856, 9014
15037, 9014
27051, 9014
44023, 9014
41556, 9014
40585, 9014
24756, 9014
39441, 9014
48370, 9014
28653, 9014
47789, 9014
24422, 9014
47563, 9014
38609, 9014
45507, 9014
38342, 9014
46449, 9014
30228, 9014
46083, 9014
25396, 9014
34833, 9014
29282, 9014
33998, 9014
42117, 9014
26889, 9014
26204, 9014
19612, 9014
26973, 9014
14904, 9014
20965, 9014
21324, 9014
47483, 9014
13514, 9014
13862, 9014
43604, 9014
28858, 9014
13684, 9014
22219, 9014
16747, 9014
28090, 9014
23847, 9014
43673, 9014
17167, 9014
22397, 9014
29328, 9014
20029, 9014
24019, 9014
27467, 9014
37119, 9014
23013, 9014
15686, 9014
45099, 9014
15323, 9014
16150, 9014
34920, 9014
29706, 9014
15057, 9014
16089, 9014
41832, 9014
33533, 9014
29949, 9014
39897, 9014
26584, 9014
41710, 9014
16284, 9014
34928, 9014
38254, 9014
16682, 9014
39971, 9014
36520, 9014
45243, 9014
32603, 9014
44627, 9014
17250, 9014
29923, 9014
27229, 9014
19334, 9014
33793, 9014
24939, 9014
30876, 9014
30604, 9014
46606, 9014
14495, 9014
28733, 9014
31421, 9014
43655, 9014
22706, 9014
25591, 9014
23746, 9014
17166, 9014
39271, 9014
26675, 9014
31145, 9014
39907, 9014
28594, 9014
25946, 9014
31694, 9014
48162, 9014
38716, 9014
23230, 9014
40391, 9014
31211, 9014
36776, 9014
26151, 9014
12784, 9014
39514, 9014
40665, 9014
43112, 9014
24677, 9014
20781, 9014
14383, 9014
40765, 9014
32185, 9014
38781, 9014
40281, 9014
41927, 9014
25517, 9014
18792, 9014
22851, 9014
24578, 9014
22116, 9014
14034, 9014
48433, 9014
23209, 9014
36224, 9014
47076, 9014
29047, 9014
35206, 9014
39101, 9014
44145, 9014
41323, 9014
29759, 9014
44223, 9014
44893, 9014
46816, 9014
42700, 9014
19981, 9014
14302, 9014
40150, 9014
36474, 9014
38429, 9014
12767, 9014
20672, 9014
45750, 9014
15058, 9014
24981, 9014
34902, 9014
36855, 9014
24725, 9014
22852, 9014
16878, 9014
46902, 9014
40137, 9014
21316, 9014
20659, 9014
39049, 9014
47537, 9014
18783, 9014
26362, 9014
35027, 9014
44693, 9014
28885, 9014
42756, 9014
34243, 9014
25157, 9014
32653, 9014
32144, 9014
12900, 9014
40382, 9014
27839, 9014
46492, 9014
13158, 9014
19085, 9014
26515, 9014
45905, 9014
19419, 9014
35322, 9014
33391, 9014
25514, 9014
27559, 9014
29186, 9014
23450, 9014
47040, 9014
37483, 9014
43726, 9014
21458, 9014
41028, 9014
31951, 9014
22579, 9014
31220, 9014
37319, 9014
28249, 9014
45132, 9014
39015, 9014
42298, 9014
44991, 9014
30460, 9014
33869, 9014
22537, 9014
30028, 9014
15900, 9014
30497, 9014
27784, 9014
35788, 9014
34111, 9014
41842, 9014
40204, 9014
39344, 9014
34955, 9014
22185, 9014
20618, 9014
37929, 9014
14921, 9014
16452, 9014
30048, 9014
44263, 9014
40889, 9014
21253, 9014
33958, 9014
26100, 9014
46330, 9014
41597, 9014
24179, 9014
29177, 9014
16065, 9014
43247, 9014
40023, 9014
24078, 9014
15796, 9014
31049, 9014
35002, 9014
36373, 9014
40006, 9014
25799, 9014
13492, 9014
17546, 9014
38144, 9014
32701, 9014
19490, 9014
35481, 9014
24139, 9014
21371, 9014
39973, 9014
30709, 9014
22572, 9014
48223, 9014
29201, 9014
42834, 9014
24513, 9014
30136, 9014
26817, 9014
19051, 9014
36919, 9014
14151, 9014
46060, 9014
26317, 9014
13488, 9014
38239, 9014
34127, 9014
21691, 9014
22688, 9014
45475, 9014
43184, 9014
44770, 9014
25445, 9014
19214, 9014
17147, 9014
28502, 9014
35494, 9014
21077, 9014
34532, 9014
29863, 9014
37362, 9014
48514, 9014
14187, 9014
24577, 9014
35335, 9014
25325, 9014
48045, 9014
41542, 9014
23030, 9014
28561, 9014
43091, 9014
23777, 9014
46989, 9014
23371, 9014
37204, 9014
40447, 9014
12887, 9014
42744, 9014
16574, 9014
46943, 9014
47445, 9014
26878, 9014
16659, 9014
44853, 9014
28485, 9014
44898, 9014
42531, 9014
48018, 9014
16881, 9014
41065, 9014
12666, 9014
41841, 9014
34606, 9014
31461, 9014
18944, 9014
36904, 9014
25714, 9014
16379, 9014
47689, 9014
46023, 9014
14936, 9014
25490, 9014
22678, 9014
22306, 9014
31529, 9014
42570, 9014
25391, 9014
12917, 9014
19501, 9014
22209, 9014
13070, 9014
26114, 9014
36183, 9014
45322, 9014
35870, 9014
15255, 9014
19774, 9014
12534, 9014
29005, 9014
19212, 9014
13298, 9014
31325, 9014
19617, 9014
44077, 9014
29483, 9014
37605, 9014
32604, 9014
31717, 9014
47069, 9014
40613, 9014
35749, 9014
27786, 9014
22809, 9014
32781, 9014
28887, 9014
36925, 9014
32386, 9014
20933, 9014
16865, 9014
44394, 9014
47019, 9014
28170, 9014
32047, 9014
36416, 9014
17368, 9014
26050, 9014
46852, 9014
32952, 9014
27567, 9014
46577, 9014
22747, 9014
17884, 9014
13609, 9014
18522, 9014
45176, 9014
38970, 9014
34577, 9014
43999, 9014
33972, 9014
32880, 9014
31692, 9014
28651, 9014
31370, 9014
39093, 9014
9014, 42818
22776, 9015
9015, 45729
43958, 9016
9016, 28133
9016, 47470
9016, 21264
9016, 27228
9016, 48457
9016, 17565
27764, 9017
9017, 25239
18582, 9018
37252, 9018
9018, 29132
18066, 9019
9019, 37025
45538, 9020
9020, 42400
26453, 9021
9021, 29906
34039, 9022
9022, 12373
9022, 12555
25457, 9023
9023, 40683
35379, 9024
9024, 28890
27584, 9025
9025, 15314
25520, 9026
9026, 41364
9026, 25329
9026, 13109
17012, 9027
21889, 9027
44085, 9027
9027, 18699
36465, 9028
9028, 16709
20216, 9029
38509, 9029
26862, 9029
9029, 21224
41820, 9030
9030, 23201
32772, 9031
9031, 18816
15238, 9032
9032, 40872
25759, 9033
9033, 43444
47615, 9034
45047, 9034
9034, 37478
46972, 9035
9035, 17107
9035, 37355
9035, 31153
9035, 47755
9035, 44061
9035, 22970
9035, 24294
38997, 9036
9036, 19496
16748, 9037
9037, 21586
46806, 9038
9038, 25966
43457, 9039
9039, 26479
17392, 9040
42881, 9040
18615, 9040
44977, 9040
18371, 9040
14139, 9040
42879, 9040
32730, 9040
9040, 39015
30956, 9041
9041, 37938
9041, 13675
9041, 36446
30058, 9042
9042, 48582
23220, 9043
9043, 31636
30778, 9044
9044, 24721
18326, 9045
23201, 9045
35120, 9045
23431, 9045
16339, 9045
24891, 9045
34518, 9045
42275, 9045
41500, 9045
12493, 9045
23472, 9045
39639, 9045
17476, 9045
24756, 9045
37698, 9045
19104, 9045
22742, 9045
38703, 9045
36513, 9045
42267, 9045
36553, 9045
13547, 9045
21534, 9045
36024, 9045
15963, 9045
20526, 9045
46349, 9045
45584, 9045
28414, 9045
23008, 9045
45518, 9045
36230, 9045
43170, 9045
43710, 9045
12829, 9045
39537, 9045
37924, 9045
48259, 9045
18527, 9045
34925, 9045
39404, 9045
23476, 9045
23350, 9045
16134, 9045
25658, 9045
35065, 9045
29764, 9045
23882, 9045
17969, 9045
13618, 9045
46148, 9045
38953, 9045
24848, 9045
40800, 9045
37695, 9045
46444, 9045
12787, 9045
42017, 9045
32724, 9045
31769, 9045
16240, 9045
39503, 9045
25122, 9045
28944, 9045
43603, 9045
45521, 9045
19545, 9045
38125, 9045
16002, 9045
16538, 9045
14236, 9045
20944, 9045
38040, 9045
46619, 9045
33807, 9045
35520, 9045
15362, 9045
43229, 9045
41050, 9045
26006, 9045
27303, 9045
46851, 9045
14560, 9045
47306, 9045
24799, 9045
24981, 9045
29696, 9045
36484, 9045
46249, 9045
22644, 9045
15604, 9045
28868, 9045
41759, 9045
17331, 9045
45432, 9045
19808, 9045
45674, 9045
31737, 9045
35292, 9045
14946, 9045
18394, 9045
23207, 9045
17660, 9045
28406, 9045
29190, 9045
47012, 9045
18930, 9045
39474, 9045
21963, 9045
13656, 9045
20645, 9045
30422, 9045
42383, 9045
33049, 9045
44187, 9045
44508, 9045
32904, 9045
40437, 9045
37281, 9045
44008, 9045
28955, 9045
22473, 9045
44212, 9045
30249, 9045
14463, 9045
23073, 9045
46611, 9045
40529, 9045
16040, 9045
25256, 9045
40924, 9045
16546, 9045
37213, 9045
18317, 9045
42457, 9045
23894, 9045
16626, 9045
48371, 9045
35310, 9045
23369, 9045
35480, 9045
37655, 9045
16207, 9045
18857, 9045
31800, 9045
18250, 9045
18571, 9045
22217, 9045
18095, 9045
23596, 9045
34682, 9045
23411, 9045
41939, 9045
27532, 9045
39876, 9045
18239, 9045
27127, 9045
16252, 9045
37879, 9045
16970, 9045
43327, 9045
32428, 9045
40798, 9045
24308, 9045
46499, 9045
27794, 9045
38861, 9045
44150, 9045
14954, 9045
26731, 9045
24496, 9045
35410, 9045
12346, 9045
36847, 9045
36109, 9045
12914, 9045
36835, 9045
48419, 9045
39718, 9045
37145, 9045
19189, 9045
19619, 9045
34237, 9045
14298, 9045
38515, 9045
34453, 9045
15426, 9045
32621, 9045
42551, 9045
9045, 30901
39957, 9046
9046, 22090
38449, 9047
36316, 9047
31276, 9047
20348, 9047
44941, 9047
46340, 9047
12627, 9047
41723, 9047
38894, 9047
47117, 9047
23549, 9047
36138, 9047
16190, 9047
26617, 9047
43801, 9047
30588, 9047
26999, 9047
34496, 9047
12863, 9047
13778, 9047
22068, 9047
15430, 9047
23062, 9047
46354, 9047
19768, 9047
41322, 9047
25793, 9047
21726, 9047
12307, 9047
35225, 9047
9047, 38808
9047, 43110
46109, 9048
15635, 9048
39972, 9048
47369, 9048
22569, 9048
9048, 27852
44988, 9049
9049, 44871
30786, 9050
9050, 40063
14501, 9051
22195, 9051
20387, 9051
42382, 9051
9051, 33088
18207, 9052
9052, 36366
9052, 38582
9052, 27273
23927, 9053
9053, 34302
24508, 9054
18398, 9054
31314, 9054
14212, 9054
37017, 9054
33959, 9054
38758, 9054
32445, 9054
16026, 9054
31767, 9054
31799, 9054
37396, 9054
45688, 9054
35475, 9054
9054, 13453
9054, 16580
9054, 43723
17221, 9055
9055, 40836
9055, 18469
9055, 14821
9055, 48477
9055, 13433
41915, 9056
9056, 32071
19229, 9057
9057, 16416
43814, 9058
9058, 15866
31380, 9059
9059, 37308
46163, 9060
9060, 47545
9060, 39373
9060, 22982
9060, 22080
9060, 17345
9060, 45260
9060, 40388
9060, 37377
9060, 35727
9060, 43854
9060, 13314
9060, 19093
9060, 23458
9060, 35683
9060, 48306
9060, 20940
9060, 46839
9060, 34770
9060, 21456
9060, 12782
9060, 25626
9060, 13048
9060, 37762
9060, 17802
9060, 24833
9060, 46193
9060, 27322
9060, 43238
9060, 34527
9060, 45183
9060, 35358
9060, 48107
9060, 23829
9060, 32017
9060, 42157
9060, 27934
9060, 44215
9060, 40001
9060, 36498
16049, 9061
29662, 9061
26451, 9061
46742, 9061
12313, 9061
25036, 9061
36786, 9061
21090, 9061
44964, 9061
30258, 9061
20463, 9061
44228, 9061
42934, 9061
23893, 9061
33744, 9061
30365, 9061
14826, 9061
24474, 9061
21063, 9061
15010, 9061
47109, 9061
20558, 9061
25448, 9061
27091, 9061
21400, 9061
33724, 9061
39024, 9061
40283, 9061
37650, 9061
39988, 9061
24845, 9061
21473, 9061
45877, 9061
38891, 9061
28681, 9061
13888, 9061
42099, 9061
47236, 9061
44660, 9061
31299, 9061
18860, 9061
21027, 9061
17471, 9061
41160, 9061
14053, 9061
37581, 9061
35718, 9061
22415, 9061
29302, 9061
37657, 9061
18468, 9061
45695, 9061
42184, 9061
35687, 9061
22959, 9061
22025, 9061
23223, 9061
30165, 9061
47292, 9061
20529, 9061
17606, 9061
35162, 9061
36047, 9061
39621, 9061
18410, 9061
27401, 9061
38420, 9061
22350, 9061
47010, 9061
37290, 9061
18799, 9061
36399, 9061
42243, 9061
30159, 9061
47880, 9061
36717, 9061
17083, 9061
15866, 9061
24453, 9061
23506, 9061
20624, 9061
44274, 9061
30615, 9061
43110, 9061
23968, 9061
18105, 9061
14446, 9061
12477, 9061
27339, 9061
38557, 9061
25976, 9061
29848, 9061
16120, 9061
22228, 9061
20750, 9061
25239, 9061
21795, 9061
9061, 42110
32528, 9062
9062, 48231
9062, 39621
9062, 37248
48103, 9063
9063, 19840
9063, 16706
9063, 28210
16083, 9064
9064, 26436
9064, 14871
18707, 9065
22552, 9065
9065, 40164
36257, 9066
9066, 47490
9066, 27982
40384, 9067
9067, 35444
40134, 9068
9068, 43612
9068, 40439
25742, 9069
9069, 13042
35918, 9070
9070, 37239
9070, 16386
27151, 9071
9071, 17028
9071, 17155
9071, 37459
9071, 35267
21439, 9072
9072, 47727
30599, 9073
9073, 20191
42110, 9074
9074, 34768
27344, 9075
15512, 9075
9075, 47520
26869, 9076
9076, 22025
42110, 9077
9077, 46982
42110, 9078
9078, 24964
12967, 9079
9079, 42357
9079, 32308
9079, 30313
46437, 9080
9080, 12411
19536, 9081
17409, 9081
9081, 37629
47023, 9082
41280, 9082
9082, 43858
37783, 9083
9083, 43025
19675, 9084
12569, 9084
9084, 32172
27812, 9085
22771, 9085
9085, 25985
45906, 9086
9086, 48360
30156, 9087
9087, 16979
9087, 20360
46806, 9088
9088, 40161
9088, 41662
29969, 9089
35443, 9089
41709, 9089
13442, 9089
9089, 27909
21571, 9090
9090, 21795
26261, 9091
9091, 42777
18741, 9092
9092, 33810
42110, 9093
9093, 27179
36465, 9094
9094, 18467
25309, 9095
9095, 39481
46806, 9096
9096, 42633
29508, 9097
9097, 12681
22413, 9098
9098, 48509
36465, 9099
9099, 40230
25759, 9100
9100, 42787
42110, 9101
9101, 19577
24538, 9102
28272, 9102
9102, 16716
9102, 36970
9102, 37529
9102, 32697
16545, 9103
9103, 31263
35439, 9104
28866, 9104
9104, 36702
42110, 9105
9105, 17994
35757, 9106
9106, 12911
9106, 26125
9106, 30275
45345, 9107
9107, 45329
39082, 9108
9108, 45705
9108, 39534
9108, 32065
30645, 9109
9109, 17516
25853, 9110
9110, 16386
21520, 9111
9111, 25950
42174, 9112
9112, 38694
21331, 9113
9113, 40098
42110, 9114
9114, 41142
25772, 9115
9115, 39457
38771, 9116
9116, 25904
14129, 9117
9117, 27770
37313, 9118
9118, 26454
9118, 27401
31759, 9119
21300, 9119
33612, 9119
47973, 9119
9119, 39745
47575, 9120
9120, 33565
45515, 9121
9121, 21687
33489, 9122
9122, 29549
25758, 9123
9123, 26278
38096, 9124
9124, 15217
44430, 9125
35029, 9125
9125, 27419
30536, 9126
9126, 38936
45604, 9127
21523, 9127
14801, 9127
38583, 9127
32126, 9127
24478, 9127
41862, 9127
32079, 9127
26699, 9127
15153, 9127
35226, 9127
19439, 9127
9127, 17111
9127, 47730
42110, 9128
9128, 36559
28726, 9129
20678, 9129
26912, 9129
9129, 35243
42110, 9130
9130, 36763
34865, 9131
9131, 45691
30256, 9132
9132, 12987
48313, 9133
9133, 47088
20161, 9134
9134, 35125
22872, 9135
9135, 23210
38829, 9136
9136, 48504
27793, 9137
43823, 9137
47573, 9137
30052, 9137
9137, 37626
34579, 9138
48693, 9138
9138, 36674
9138, 40928
44113, 9139
9139, 31333
30007, 9140
9140, 22623
21094, 9141
9141, 31333
9141, 36718
44300, 9142
9142, 38867
34291, 9143
9143, 18217
44687, 9144
9144, 19026
18662, 9145
39208, 9145
33942, 9145
48489, 9145
9145, 47617
46425, 9146
9146, 29536
46467, 9147
16465, 9147
16012, 9147
9147, 36513
15613, 9148
9148, 41841
36514, 9149
9149, 39434
20622, 9150
29600, 9150
15643, 9150
16809, 9150
20294, 9150
24937, 9150
27435, 9150
22849, 9150
18927, 9150
20517, 9150
23493, 9150
41165, 9150
43677, 9150
28570, 9150
39898, 9150
43423, 9150
27331, 9150
36981, 9150
40127, 9150
41152, 9150
42063, 9150
17369, 9150
20489, 9150
41714, 9150
29108, 9150
16433, 9150
12736, 9150
35290, 9150
48513, 9150
36345, 9150
28787, 9150
47162, 9150
14266, 9150
15328, 9150
31449, 9150
37666, 9150
42647, 9150
34197, 9150
31898, 9150
31078, 9150
32201, 9150
33111, 9150
17771, 9150
40618, 9150
15418, 9150
28834, 9150
29656, 9150
25334, 9150
42733, 9150
32467, 9150
13961, 9150
13572, 9150
24517, 9150
43097, 9150
13770, 9150
23851, 9150
29845, 9150
48448, 9150
39724, 9150
22736, 9150
40856, 9150
26588, 9150
21073, 9150
33106, 9150
45212, 9150
40016, 9150
36454, 9150
34104, 9150
34775, 9150
29336, 9150
28527, 9150
20668, 9150
40539, 9150
17838, 9150
28388, 9150
42314, 9150
21719, 9150
43738, 9150
45765, 9150
15064, 9150
24129, 9150
14762, 9150
18203, 9150
47824, 9150
42307, 9150
37406, 9150
38456, 9150
38410, 9150
23297, 9150
23139, 9150
22878, 9150
30188, 9150
30332, 9150
42883, 9150
18124, 9150
33365, 9150
42191, 9150
31629, 9150
18356, 9150
20837, 9150
21802, 9150
14915, 9150
18381, 9150
44772, 9150
35028, 9150
21229, 9150
21919, 9150
24061, 9150
21250, 9150
43868, 9150
37622, 9150
47447, 9150
23440, 9150
39843, 9150
37467, 9150
29314, 9150
30146, 9150
15853, 9150
23262, 9150
26277, 9150
38236, 9150
47138, 9150
42566, 9150
35646, 9150
40347, 9150
19332, 9150
20876, 9150
45316, 9150
29875, 9150
46990, 9150
13466, 9150
36218, 9150
33136, 9150
28202, 9150
32091, 9150
23636, 9150
37015, 9150
43224, 9150
33989, 9150
40802, 9150
46248, 9150
16920, 9150
13412, 9150
17599, 9150
40305, 9150
40892, 9150
18081, 9150
36813, 9150
42402, 9150
43746, 9150
37127, 9150
45621, 9150
19917, 9150
47500, 9150
38165, 9150
21771, 9150
27201, 9150
40601, 9150
43177, 9150
25035, 9150
22203, 9150
34241, 9150
18738, 9150
15045, 9150
41718, 9150
44379, 9150
23115, 9150
31855, 9150
18513, 9150
40404, 9150
12656, 9150
18392, 9150
44952, 9150
27108, 9150
43617, 9150
15563, 9150
15646, 9150
20555, 9150
30006, 9150
18400, 9150
20911, 9150
18402, 9150
47323, 9150
17134, 9150
13633, 9150
9150, 26238
9150, 31291
16049, 9151
19380, 9151
26451, 9151
45422, 9151
16483, 9151
30836, 9151
32039, 9151
34940, 9151
19943, 9151
20193, 9151
12313, 9151
25670, 9151
27113, 9151
44637, 9151
12476, 9151
36206, 9151
40847, 9151
30258, 9151
27029, 9151
33697, 9151
45878, 9151
32402, 9151
34700, 9151
40025, 9151
28513, 9151
28268, 9151
32824, 9151
46081, 9151
45666, 9151
40482, 9151
22167, 9151
41085, 9151
43876, 9151
43211, 9151
37277, 9151
17564, 9151
21665, 9151
39024, 9151
21943, 9151
27783, 9151
32123, 9151
21814, 9151
21637, 9151
34575, 9151
28421, 9151
23186, 9151
43352, 9151
16108, 9151
38345, 9151
34224, 9151
37353, 9151
42537, 9151
38572, 9151
36160, 9151
40951, 9151
17870, 9151
39919, 9151
16039, 9151
23651, 9151
34521, 9151
38644, 9151
19002, 9151
38879, 9151
45096, 9151
37657, 9151
23312, 9151
48471, 9151
45695, 9151
46012, 9151
14763, 9151
23066, 9151
32261, 9151
40945, 9151
41269, 9151
42131, 9151
35162, 9151
14180, 9151
39621, 9151
30647, 9151
12641, 9151
38557, 9151
38307, 9151
37239, 9151
19764, 9151
45784, 9151
26175, 9151
33246, 9151
18591, 9151
17664, 9151
37506, 9151
23506, 9151
34647, 9151
24566, 9151
45569, 9151
14370, 9151
25137, 9151
20180, 9151
48127, 9151
20502, 9151
41982, 9151
44993, 9151
21495, 9151
47253, 9151
39904, 9151
37967, 9151
35690, 9151
32072, 9151
36926, 9151
39975, 9151
30912, 9151
44274, 9151
26057, 9151
43654, 9151
27561, 9151
40138, 9151
36984, 9151
36277, 9151
35506, 9151
37337, 9151
32631, 9151
23991, 9151
32380, 9151
19507, 9151
22074, 9151
22350, 9151
34233, 9151
9151, 42110
42110, 9152
9152, 46173
22349, 9153
9153, 37655
18818, 9154
9154, 36893
9154, 35575
9154, 26893
9154, 25140
43255, 9155
9155, 31640
42110, 9156
9156, 20042
20192, 9157
9157, 31640
46064, 9158
9158, 34073
9158, 26831
9158, 22261
23807, 9159
9159, 34756
16898, 9160
9160, 35851
9160, 33790
9160, 35057
39867, 9161
9161, 26278
42110, 9162
9162, 29950
42110, 9163
9163, 23359
15076, 9164
48546, 9164
9164, 41067
26666, 9165
9165, 30237
14565, 9166
9166, 22000
25787, 9167
9167, 24069
9167, 32288
9167, 44322
42311, 9168
9168, 28784
9168, 31153
9168, 48246
9168, 22530
9168, 17528
18664, 9169
9169, 14324
9169, 45942
9169, 40303
28046, 9170
9170, 14621
13534, 9171
9171, 27144
9171, 31349
28538, 9172
9172, 38959
43245, 9173
9173, 18569
42491, 9174
9174, 24423
31063, 9175
9175, 20383
46806, 9176
9176, 17470
42110, 9177
9177, 23504
37058, 9178
9178, 42946
43204, 9179
9179, 18238
42110, 9180
9180, 39141
15219, 9181
9181, 43264
9181, 37306
32992, 9182
9182, 30258
38829, 9183
9183, 35578
46806, 9184
9184, 35313
31436, 9185
33286, 9185
32270, 9185
41376, 9185
35379, 9185
9185, 29444
36465, 9186
9186, 48376
9186, 43710
45994, 9187
21121, 9187
37486, 9187
23529, 9187
40080, 9187
35379, 9187
9187, 45329
39512, 9188
9188, 34940
9188, 31566
34866, 9189
9189, 46321
33834, 9190
9190, 20302
41951, 9191
9191, 16588
41684, 9192
9192, 17841
23554, 9193
9193, 37750
9193, 28190
9193, 20703
9193, 17979
46806, 9194
9194, 14956
15825, 9195
44155, 9195
25903, 9195
18204, 9195
20511, 9195
20767, 9195
42104, 9195
13338, 9195
38282, 9195
38527, 9195
36502, 9195
35100, 9195
31446, 9195
29812, 9195
9195, 46806
9195, 39109
36008, 9196
18092, 9196
9196, 20597
42110, 9197
9197, 17499
38937, 9198
9198, 47941
42110, 9199
9199, 30743
42110, 9200
9200, 41264
29171, 9201
9201, 46311
9201, 19595
9201, 20193
9201, 32125
9201, 22779
19563, 9202
35379, 9202
9202, 28012
29471, 9203
15842, 9203
18162, 9203
9203, 27470
42734, 9204
9204, 41395
19725, 9205
9205, 25329
30501, 9206
46915, 9206
30851, 9206
9206, 17302
42110, 9207
9207, 29178
42928, 9208
9208, 37846
40811, 9209
9209, 34019
9209, 39479
21878, 9210
9210, 16028
47772, 9211
28790, 9211
9211, 30413
40369, 9212
9212, 16175
13335, 9213
47575, 9213
9213, 13200
27984, 9214
9214, 40620
9214, 23189
42110, 9215
9215, 34761
33415, 9216
38759, 9216
45436, 9216
29734, 9216
35801, 9216
34358, 9216
9216, 14812
9216, 14027
9216, 33639
42110, 9217
9217, 47738
22694, 9218
9218, 26525
9218, 33744
9218, 16416
9218, 40787
15637, 9219
36376, 9219
9219, 25024
9219, 14024
9219, 30275
42110, 9220
9220, 36772
42110, 9221
9221, 24445
41140, 9222
37776, 9222
9222, 29095
9222, 45109
28237, 9223
9223, 35057
36465, 9224
9224, 27996
9224, 19447
9224, 39433
44055, 9225
47247, 9225
9225, 44420
36311, 9226
27603, 9226
9226, 35122
27041, 9227
9227, 36694
9227, 17752
28110, 9228
26921, 9228
12538, 9228
40277, 9228
31152, 9228
35614, 9228
9228, 24799
22943, 9229
9229, 17409
9229, 43463
25352, 9230
9230, 12786
29089, 9231
15435, 9231
24777, 9231
9231, 24080
23288, 9232
9232, 27783
42110, 9233
9233, 25495
20732, 9234
9234, 20556
25267, 9235
15684, 9235
9235, 28081
47330, 9236
9236, 46203
9236, 33007
9236, 45964
9236, 27401
39303, 9237
9237, 36926
21757, 9238
9238, 28523
9238, 36210
9238, 32999
36465, 9239
9239, 27996
9239, 40251
42441, 9240
9240, 41409
9240, 14843
9240, 31572
9240, 13402
47085, 9241
9241, 40836
9241, 36575
9241, 18469
9241, 19132
9241, 16983
9241, 35825
46923, 9242
9242, 36925
21331, 9243
9243, 21326
9243, 16089
21998, 9244
9244, 18387
20903, 9245
36910, 9245
24524, 9245
48235, 9245
32577, 9245
45183, 9245
35052, 9245
38621, 9245
34581, 9245
39179, 9245
33707, 9245
38749, 9245
21354, 9245
35779, 9245
12331, 9245
35564, 9245
17297, 9245
21147, 9245
40793, 9245
43642, 9245
25364, 9245
15516, 9245
25619, 9245
28888, 9245
45835, 9245
34498, 9245
27996, 9245
29255, 9245
35354, 9245
29443, 9245
12436, 9245
31725, 9245
18307, 9245
42736, 9245
22148, 9245
46573, 9245
39521, 9245
22920, 9245
13724, 9245
20344, 9245
31715, 9245
13131, 9245
33509, 9245
18735, 9245
13113, 9245
18022, 9245
16606, 9245
29631, 9245
16305, 9245
41903, 9245
25794, 9245
26917, 9245
18449, 9245
32228, 9245
12499, 9245
43139, 9245
19902, 9245
44494, 9245
43465, 9245
40410, 9245
30740, 9245
48107, 9245
19868, 9245
40771, 9245
48655, 9245
18145, 9245
44675, 9245
33530, 9245
12743, 9245
13250, 9245
41551, 9245
40366, 9245
33324, 9245
37670, 9245
41613, 9245
37623, 9245
46690, 9245
38760, 9245
25757, 9245
16368, 9245
47998, 9245
29525, 9245
23829, 9245
29380, 9245
46070, 9245
35447, 9245
24389, 9245
22113, 9245
15950, 9245
21874, 9245
27592, 9245
32421, 9245
36524, 9245
35331, 9245
40876, 9245
36909, 9245
35236, 9245
42575, 9245
16280, 9245
34574, 9245
28177, 9245
31188, 9245
19888, 9245
39555, 9245
46914, 9245
25800, 9245
43895, 9245
46074, 9245
17304, 9245
43339, 9245
19766, 9245
24966, 9245
34354, 9245
25556, 9245
18152, 9245
32492, 9245
24290, 9245
43840, 9245
30731, 9245
44759, 9245
19914, 9245
26502, 9245
20980, 9245
38270, 9245
12593, 9245
13907, 9245
13637, 9245
13006, 9245
48609, 9245
40666, 9245
37361, 9245
12525, 9245
19089, 9245
18329, 9245
42464, 9245
35026, 9245
14933, 9245
36740, 9245
29447, 9245
27802, 9245
15849, 9245
35203, 9245
37854, 9245
47944, 9245
28500, 9245
17642, 9245
42615, 9245
25221, 9245
31511, 9245
48112, 9245
36305, 9245
42628, 9245
19946, 9245
40872, 9245
32507, 9245
36680, 9245
21116, 9245
22625, 9245
18414, 9245
16589, 9245
45570, 9245
23928, 9245
13427, 9245
38371, 9245
39231, 9245
16862, 9245
18437, 9245
33166, 9245
17278, 9245
12349, 9245
36105, 9245
27653, 9245
41170, 9245
15890, 9245
36148, 9245
12580, 9245
31439, 9245
23892, 9245
37359, 9245
19047, 9245
42388, 9245
46170, 9245
43320, 9245
12906, 9245
32539, 9245
42954, 9245
31635, 9245
21970, 9245
17823, 9245
33238, 9245
46223, 9245
38286, 9245
17589, 9245
47165, 9245
15641, 9245
29088, 9245
26059, 9245
37797, 9245
13429, 9245
36482, 9245
44878, 9245
18847, 9245
41117, 9245
48082, 9245
33401, 9245
42104, 9245
22670, 9245
25335, 9245
27733, 9245
39249, 9245
15955, 9245
15331, 9245
25394, 9245
42057, 9245
23995, 9245
19870, 9245
13741, 9245
39090, 9245
22703, 9245
18019, 9245
37091, 9245
47389, 9245
22792, 9245
43202, 9245
25877, 9245
29717, 9245
35885, 9245
17321, 9245
27161, 9245
34486, 9245
34993, 9245
21638, 9245
43811, 9245
36844, 9245
24278, 9245
31349, 9245
35315, 9245
42114, 9245
41478, 9245
43917, 9245
39335, 9245
19353, 9245
35153, 9245
40894, 9245
26807, 9245
16710, 9245
38676, 9245
36081, 9245
34196, 9245
47242, 9245
41981, 9245
36289, 9245
27670, 9245
16880, 9245
43176, 9245
46684, 9245
25672, 9245
44802, 9245
41154, 9245
28976, 9245
17932, 9245
37865, 9245
22517, 9245
46350, 9245
40400, 9245
17200, 9245
22285, 9245
43266, 9245
25031, 9245
38938, 9245
14207, 9245
42208, 9245
43964, 9245
43511, 9245
22297, 9245
17587, 9245
17289, 9245
17547, 9245
29721, 9245
23577, 9245
26025, 9245
32097, 9245
30073, 9245
42157, 9245
24642, 9245
37079, 9245
45618, 9245
30749, 9245
24700, 9245
22278, 9245
27796, 9245
45699, 9245
40986, 9245
47883, 9245
36761, 9245
48096, 9245
41401, 9245
27509, 9245
40033, 9245
20989, 9245
21729, 9245
32186, 9245
17533, 9245
36060, 9245
42524, 9245
34602, 9245
16524, 9245
41042, 9245
38846, 9245
13730, 9245
38194, 9245
16164, 9245
18737, 9245
22435, 9245
23978, 9245
46440, 9245
42310, 9245
12508, 9245
39789, 9245
20519, 9245
13666, 9245
15213, 9245
20324, 9245
32458, 9245
17877, 9245
27649, 9245
47729, 9245
29027, 9245
27934, 9245
20031, 9245
22905, 9245
46006, 9245
23189, 9245
38732, 9245
45703, 9245
42587, 9245
41389, 9245
15053, 9245
30858, 9245
29497, 9245
31733, 9245
35050, 9245
20132, 9245
44215, 9245
14318, 9245
40001, 9245
30485, 9245
35837, 9245
32042, 9245
46278, 9245
29422, 9245
44176, 9245
27909, 9245
30196, 9245
40343, 9245
15951, 9245
34430, 9245
42517, 9245
39527, 9245
20254, 9245
44017, 9245
37799, 9245
31194, 9245
21096, 9245
37689, 9245
32321, 9245
37011, 9245
48435, 9245
18393, 9245
42816, 9245
39171, 9245
13758, 9245
16562, 9245
24279, 9245
38565, 9245
37560, 9245
22240, 9245
25368, 9245
33043, 9245
14928, 9245
31984, 9245
15988, 9245
13903, 9245
17712, 9245
36658, 9245
32787, 9245
46210, 9245
17403, 9245
18941, 9245
23175, 9245
47692, 9245
42574, 9245
34139, 9245
44269, 9245
29766, 9245
26611, 9245
21990, 9245
29788, 9245
43520, 9245
32614, 9245
15983, 9245
28480, 9245
40416, 9245
38755, 9245
18327, 9245
12422, 9245
35059, 9245
17685, 9245
31025, 9245
45244, 9245
42432, 9245
46068, 9245
27777, 9245
39267, 9245
36498, 9245
13303, 9245
22719, 9245
18005, 9245
43285, 9245
42458, 9245
23287, 9245
36644, 9245
31267, 9245
48385, 9245
23246, 9245
46803, 9245
22018, 9245
42052, 9245
45822, 9245
18190, 9245
32372, 9245
27790, 9245
42992, 9245
18473, 9245
13399, 9245
9245, 46806
9245, 47658
42110, 9246
9246, 25293
23142, 9247
19862, 9247
9247, 47615
33941, 9248
9248, 31913
9248, 29052
9248, 37539
9248, 20082
35350, 9249
9249, 21643
20942, 9250
9250, 47288
45920, 9251
9251, 37172
23488, 9252
9252, 18917
9252, 38958
9252, 19671
39421, 9253
9253, 33364
14359, 9254
26525, 9254
9254, 21238
42110, 9255
9255, 19287
17763, 9256
9256, 42060
9256, 33392
23461, 9257
25023, 9257
16273, 9257
30972, 9257
9257, 44322
46806, 9258
9258, 19842
9258, 45631
47234, 9259
9259, 25260
13901, 9260
9260, 14573
42110, 9261
9261, 16724
31952, 9262
9262, 35528
28359, 9263
9263, 45118
42110, 9264
9264, 28802
19338, 9265
9265, 19536
9265, 20154
44242, 9266
9266, 22623
48408, 9267
9267, 14283
9267, 40178
9267, 17979
9267, 18259
28596, 9268
13171, 9268
9268, 36475
33454, 9269
26274, 9269
42607, 9269
35889, 9269
9269, 40994
9269, 32000
9269, 18554
14844, 9270
9270, 12313
9270, 27157
36885, 9271
9271, 37198
25405, 9272
9272, 28585
39006, 9273
9273, 15505
9273, 20180
27575, 9274
9274, 37162
9274, 47755
9274, 43345
42872, 9275
42049, 9275
9275, 24809
34340, 9276
9276, 32798
32310, 9277
39733, 9277
9277, 21092
34684, 9278
46735, 9278
42506, 9278
42802, 9278
37222, 9278
23315, 9278
46579, 9278
48573, 9278
23023, 9278
23152, 9278
41896, 9278
30834, 9278
47728, 9278
30040, 9278
27787, 9278
35093, 9278
24890, 9278
30761, 9278
34835, 9278
41828, 9278
20371, 9278
17749, 9278
45087, 9278
33354, 9278
35276, 9278
44968, 9278
21338, 9278
29418, 9278
17573, 9278
25067, 9278
34219, 9278
19674, 9278
18282, 9278
48073, 9278
39764, 9278
19078, 9278
19979, 9278
31549, 9278
41957, 9278
13504, 9278
36551, 9278
20737, 9278
27952, 9278
13523, 9278
34327, 9278
14374, 9278
40673, 9278
39385, 9278
21362, 9278
23880, 9278
45685, 9278
38132, 9278
26365, 9278
21765, 9278
15592, 9278
34024, 9278
44441, 9278
23330, 9278
44186, 9278
14380, 9278
24413, 9278
38397, 9278
16037, 9278
36876, 9278
30023, 9278
34637, 9278
30419, 9278
37707, 9278
27217, 9278
19355, 9278
23212, 9278
41713, 9278
28108, 9278
33797, 9278
39292, 9278
25569, 9278
37436, 9278
39238, 9278
19623, 9278
22690, 9278
25182, 9278
25016, 9278
47664, 9278
26124, 9278
22189, 9278
46903, 9278
27823, 9278
43955, 9278
36023, 9278
16680, 9278
35465, 9278
21967, 9278
18269, 9278
24600, 9278
38435, 9278
23164, 9278
15086, 9278
18726, 9278
14142, 9278
36371, 9278
31667, 9278
41339, 9278
30688, 9278
19166, 9278
31851, 9278
42263, 9278
48100, 9278
45330, 9278
15150, 9278
27154, 9278
34533, 9278
13023, 9278
13774, 9278
40920, 9278
16948, 9278
16349, 9278
37457, 9278
42915, 9278
48279, 9278
19681, 9278
35462, 9278
45831, 9278
36728, 9278
28754, 9278
34997, 9278
34004, 9278
42231, 9278
20397, 9278
39294, 9278
18073, 9278
33872, 9278
44728, 9278
15295, 9278
42411, 9278
32218, 9278
19734, 9278
18777, 9278
15021, 9278
43688, 9278
15600, 9278
27485, 9278
39873, 9278
39241, 9278
44042, 9278
46189, 9278
38007, 9278
36625, 9278
20088, 9278
24079, 9278
43359, 9278
48243, 9278
15257, 9278
28047, 9278
36284, 9278
35001, 9278
33399, 9278
28894, 9278
21569, 9278
26334, 9278
22762, 9278
25456, 9278
16328, 9278
45894, 9278
15543, 9278
23087, 9278
45137, 9278
42106, 9278
34780, 9278
32513, 9278
46306, 9278
34958, 9278
24961, 9278
43504, 9278
18240, 9278
14368, 9278
18458, 9278
45800, 9278
12526, 9278
20040, 9278
47489, 9278
22224, 9278
15081, 9278
9278, 43243
9278, 22344
13901, 9279
9279, 14573
46806, 9280
9280, 46616
23757, 9281
9281, 13033
36465, 9282
9282, 27996
9282, 33754
9282, 35100
45692, 9283
9283, 21317
42110, 9284
9284, 35998
38829, 9285
9285, 17107
44536, 9286
9286, 16539
26107, 9287
9287, 30337
9287, 31176
42110, 9288
9288, 26782
28044, 9289
9289, 20558
15636, 9290
30908, 9290
9290, 40168
29174, 9291
9291, 28323
38808, 9292
46185, 9292
9292, 41816
22599, 9293
27968, 9293
24810, 9293
25435, 9293
32187, 9293
17046, 9293
12386, 9293
35794, 9293
29905, 9293
28026, 9293
13458, 9293
42980, 9293
15494, 9293
17112, 9293
34643, 9293
25784, 9293
33271, 9293
42750, 9293
9293, 45556
38829, 9294
9294, 32465
32542, 9295
9295, 47363
46806, 9296
9296, 42633
13021, 9297
29256, 9297
36567, 9297
13912, 9297
42519, 9297
21046, 9297
26742, 9297
34677, 9297
22573, 9297
38458, 9297
9297, 24849
9297, 29279
9297, 23920
9297, 32835
36215, 9298
9298, 20002
42110, 9299
9299, 29291
43378, 9300
9300, 30262
18164, 9301
9301, 28983
38368, 9302
9302, 46846
42110, 9303
9303, 42490
42323, 9304
9304, 17245
36465, 9305
9305, 48376
29434, 9306
9306, 25952
41951, 9307
9307, 45597
26532, 9308
9308, 37924
15000, 9309
9309, 16969
23543, 9310
9310, 38352
9310, 45075
9310, 15606
36616, 9311
9311, 35654
40337, 9312
9312, 15306
13694, 9313
9313, 16684
9313, 20170
25805, 9314
9314, 16151
34978, 9315
9315, 33867
9315, 34216
25260, 9316
9316, 45369
35759, 9317
9317, 31510
9317, 40467
15391, 9318
9318, 30584
9318, 23065
9318, 46964
9318, 14799
47590, 9319
9319, 14830
16870, 9320
9320, 37403
44715, 9321
9321, 40821
17868, 9322
9322, 40924
42990, 9323
34258, 9323
9323, 12510
27624, 9324
9324, 31064
47616, 9325
9325, 20154
9325, 23093
9325, 17514
42938, 9326
9326, 14634
17069, 9327
47412, 9327
9327, 47615
42902, 9328
9328, 40035
9328, 18109
9328, 31566
28257, 9329
9329, 35292
48593, 9330
9330, 37218
46366, 9331
9331, 20674
42110, 9332
9332, 15564
42110, 9333
9333, 44688
47699, 9334
9334, 46649
47816, 9335
9335, 40171
29538, 9336
9336, 46556
9336, 47692
9336, 17778
47830, 9337
9337, 32581
34159, 9338
9338, 20908
36200, 9339
29252, 9339
9339, 28115
36382, 9340
17151, 9340
36062, 9340
38350, 9340
35587, 9340
40145, 9340
48214, 9340
29787, 9340
44218, 9340
28394, 9340
32178, 9340
23416, 9340
37311, 9340
28849, 9340
37271, 9340
16071, 9340
20761, 9340
40215, 9340
41017, 9340
23831, 9340
17253, 9340
24814, 9340
16158, 9340
15833, 9340
27884, 9340
18341, 9340
19265, 9340
40686, 9340
39085, 9340
34249, 9340
47835, 9340
13128, 9340
14775, 9340
39862, 9340
44105, 9340
44425, 9340
9340, 44566
28820, 9341
9341, 19710
42110, 9342
9342, 40625
48066, 9343
23703, 9343
9343, 29021
37598, 9344
9344, 18627
21603, 9345
23609, 9345
9345, 24278
44522, 9346
9346, 34216
28061, 9347
9347, 32168
9347, 29193
9347, 19829
9347, 48266
22552, 9348
36800, 9348
9348, 15604
14768, 9349
9349, 23608
13499, 9350
37541, 9350
9350, 22502
43192, 9351
9351, 34618
17436, 9352
9352, 26084
33489, 9353
9353, 29549
35563, 9354
9354, 17973
9354, 32039
9354, 43918
28380, 9355
9355, 44629
21112, 9356
25063, 9356
41178, 9356
32396, 9356
12318, 9356
24994, 9356
47623, 9356
48325, 9356
22312, 9356
15837, 9356
21375, 9356
29988, 9356
13426, 9356
35340, 9356
22483, 9356
25710, 9356
25961, 9356
45754, 9356
37747, 9356
35617, 9356
39542, 9356
20877, 9356
18714, 9356
22614, 9356
39844, 9356
19033, 9356
20644, 9356
29340, 9356
22459, 9356
42586, 9356
35985, 9356
33147, 9356
24976, 9356
27939, 9356
38517, 9356
33575, 9356
19654, 9356
14549, 9356
17213, 9356
46508, 9356
15535, 9356
15349, 9356
19116, 9356
9356, 46279
37968, 9357
9357, 16258
29485, 9358
28125, 9358
46802, 9358
22227, 9358
31597, 9358
29451, 9358
33877, 9358
18206, 9358
22745, 9358
26320, 9358
21125, 9358
36959, 9358
44939, 9358
22974, 9358
37637, 9358
47411, 9358
9358, 45893
9358, 30467
18395, 9359
35613, 9359
9359, 34929
9359, 40555
9359, 35725
38401, 9360
9360, 47081
47699, 9361
9361, 15902
35091, 9362
9362, 15233
35279, 9363
9363, 36329
23332, 9364
9364, 20768
26792, 9365
9365, 36637
9365, 27147
9365, 36329
9365, 26057
9365, 16386
46771, 9366
9366, 39301
45704, 9367
9367, 33388
37769, 9368
9368, 39491
26949, 9369
12378, 9369
9369, 28796
47234, 9370
9370, 25260
26370, 9371
13917, 9371
9371, 16416
9371, 46199
9371, 23038
14869, 9372
9372, 27679
35948, 9373
9373, 22765
38141, 9374
9374, 33212
41369, 9375
9375, 17098
9375, 14689
9375, 34884
9375, 38038
32383, 9376
9376, 19561
45246, 9377
26037, 9377
9377, 47139
47552, 9378
9378, 17184
34873, 9379
14233, 9379
17047, 9379
38834, 9379
27212, 9379
45329, 9379
37456, 9379
25831, 9379
9379, 34894
44850, 9380
9380, 25659
42110, 9381
9381, 42798
22601, 9382
38717, 9382
9382, 17400
39384, 9383
9383, 30447
38211, 9384
39126, 9384
27782, 9384
15294, 9384
30702, 9384
20263, 9384
17772, 9384
36836, 9384
13824, 9384
48286, 9384
18780, 9384
25404, 9384
36866, 9384
44026, 9384
20862, 9384
18862, 9384
33766, 9384
47606, 9384
22810, 9384
28670, 9384
22682, 9384
32926, 9384
40568, 9384
27541, 9384
15640, 9384
41252, 9384
45560, 9384
14278, 9384
35039, 9384
23883, 9384
14891, 9384
23631, 9384
39132, 9384
36947, 9384
19898, 9384
34009, 9384
20476, 9384
16338, 9384
47281, 9384
28384, 9384
37305, 9384
15891, 9384
44362, 9384
9384, 19405
20545, 9385
9385, 45649
13403, 9386
9386, 14946
48361, 9387
9387, 22610
22733, 9388
9388, 45075
9388, 27783
9388, 41023
40744, 9389
28729, 9389
9389, 12733
38722, 9390
9390, 46758
17488, 9391
9391, 35450
47566, 9392
9392, 21836
42110, 9393
9393, 25788
27818, 9394
9394, 34647
37445, 9395
9395, 14226
40965, 9396
18560, 9396
42666, 9396
9396, 43003
24557, 9397
31192, 9397
13155, 9397
9397, 17331
28096, 9398
9398, 12401
45248, 9399
9399, 13250
25899, 9400
30825, 9400
9400, 37604
36465, 9401
9401, 47766
9401, 39612
25835, 9402
26736, 9402
46156, 9402
42301, 9402
29096, 9402
16923, 9402
24275, 9402
13704, 9402
45088, 9402
12754, 9402
29179, 9402
18526, 9402
45970, 9402
34309, 9402
40311, 9402
45552, 9402
32273, 9402
24973, 9402
29593, 9402
25839, 9402
28508, 9402
37781, 9402
41177, 9402
45318, 9402
47782, 9402
31924, 9402
16750, 9402
26679, 9402
23527, 9402
39606, 9402
48197, 9402
30139, 9402
34724, 9402
39642, 9402
40477, 9402
43194, 9402
34318, 9402
12396, 9402
28199, 9402
42262, 9402
35097, 9402
23042, 9402
17865, 9402
37117, 9402
35323, 9402
32322, 9402
13762, 9402
33702, 9402
32482, 9402
41075, 9402
20121, 9402
47557, 9402
26154, 9402
14004, 9402
21735, 9402
32608, 9402
30356, 9402
30895, 9402
18851, 9402
39826, 9402
48280, 9402
28124, 9402
18443, 9402
43165, 9402
39622, 9402
40157, 9402
27766, 9402
27690, 9402
17681, 9402
16715, 9402
45185, 9402
38276, 9402
46821, 9402
25855, 9402
37752, 9402
32488, 9402
25277, 9402
30321, 9402
15386, 9402
21115, 9402
43580, 9402
30204, 9402
20361, 9402
30606, 9402
29289, 9402
17551, 9402
28797, 9402
27745, 9402
36401, 9402
18786, 9402
40827, 9402
48619, 9402
36672, 9402
13977, 9402
29568, 9402
31298, 9402
28828, 9402
37101, 9402
19602, 9402
13299, 9402
14109, 9402
40532, 9402
9402, 39955
46806, 9403
9403, 20018
32305, 9404
9404, 25746
9404, 45047
9404, 35575
9404, 21552
9404, 27676
9404, 18418
42110, 9405
9405, 18304
13428, 9406
9406, 25217
34039, 9407
9407, 37881
9407, 45021
9407, 41819
22103, 9408
9408, 36757
23311, 9409
9409, 12498
9409, 23236
9409, 21373
9409, 30184
46806, 9410
9410, 30653
24168, 9411
9411, 27176
43954, 9412
9412, 37634
9412, 40345
9412, 38434
9412, 17979
21107, 9413
9413, 23189
14650, 9414
9414, 32570
38829, 9415
9415, 20824
42110, 9416
9416, 34797
17397, 9417
9417, 47393
9417, 38774
9417, 27694
9417, 12669
36779, 9418
9418, 14588
9418, 26604
9418, 40458
9418, 15097
39488, 9419
9419, 22503
45426, 9420
20437, 9420
31444, 9420
24914, 9420
15724, 9420
44450, 9420
30130, 9420
28070, 9420
12500, 9420
33516, 9420
36420, 9420
18039, 9420
37639, 9420
16227, 9420
19234, 9420
14891, 9420
31190, 9420
36592, 9420
12354, 9420
24736, 9420
12317, 9420
39903, 9420
31478, 9420
14125, 9420
12419, 9420
47560, 9420
38257, 9420
35891, 9420
22388, 9420
37930, 9420
28049, 9420
30291, 9420
24820, 9420
24884, 9420
39887, 9420
26177, 9420
15025, 9420
28200, 9420
21955, 9420
17594, 9420
14245, 9420
33859, 9420
9420, 30104
39636, 9421
9421, 47462
38670, 9422
9422, 37532
9422, 43463
27791, 9423
9423, 36450
36256, 9424
32452, 9424
31122, 9424
41457, 9424
15004, 9424
29252, 9424
30789, 9424
38326, 9424
39370, 9424
30543, 9424
9424, 44006
27318, 9425
9425, 47755
9425, 14821
30279, 9426
14818, 9426
16437, 9426
45535, 9426
29466, 9426
14804, 9426
38077, 9426
13352, 9426
47510, 9426
17657, 9426
17538, 9426
17899, 9426
26663, 9426
38430, 9426
28945, 9426
43812, 9426
32364, 9426
9426, 27963
40398, 9427
9427, 24252
29774, 9428
9428, 28556
33598, 9429
9429, 27125
17918, 9430
9430, 28323
9430, 39850
9430, 18591
16119, 9431
9431, 31490
39299, 9432
9432, 31321
9432, 31185
9432, 14917
9432, 25998
9432, 47368
30254, 9433
31980, 9433
28402, 9433
24502, 9433
47419, 9433
16259, 9433
22094, 9433
23100, 9433
9433, 26630
21331, 9434
9434, 15074
9434, 34187
47699, 9435
9435, 15902
23983, 9436
9436, 43411
9436, 46556
45158, 9437
9437, 21404
27520, 9438
9438, 44391
9438, 36749
21599, 9439
9439, 26914
27818, 9440
9440, 43847
19906, 9441
28400, 9441
44465, 9441
9441, 16066
44870, 9442
9442, 13938
25879, 9443
9443, 45521
42110, 9444
9444, 19953
41685, 9445
9445, 37655
43328, 9446
9446, 26488
9446, 31859
19440, 9447
9447, 25127
35251, 9448
9448, 39625
22754, 9449
13649, 9449
14014, 9449
9449, 12531
31781, 9450
9450, 26456
12644, 9451
9451, 20806
17387, 9452
9452, 42077
33435, 9453
9453, 44385
9453, 22071
36660, 9454
9454, 43136
44485, 9455
16067, 9455
46900, 9455
9455, 36336
9455, 34033
9455, 28327
9455, 44710
42110, 9456
9456, 18181
37661, 9457
9457, 48231
44527, 9458
9458, 20391
9458, 12618
30970, 9459
9459, 26901
35455, 9460
9460, 15887
9460, 35208
9460, 48131
9460, 42095
24528, 9461
40484, 9461
44892, 9461
37915, 9461
47856, 9461
34205, 9461
35388, 9461
36176, 9461
30816, 9461
28252, 9461
33300, 9461
27335, 9461
23785, 9461
22267, 9461
30820, 9461
32406, 9461
26669, 9461
9461, 45407
33621, 9462
9462, 38667
42110, 9463
9463, 34845
44148, 9464
9464, 16885
48355, 9465
9465, 42538
34356, 9466
9466, 12778
42594, 9467
9467, 23236
9467, 44016
9467, 17505
19469, 9468
9468, 20266
9468, 41801
36465, 9469
9469, 45033
9469, 25917
17774, 9470
29817, 9470
45729, 9470
9470, 47430
9470, 23291
21058, 9471
9471, 46477
9471, 28585
9471, 22934
9471, 15715
9471, 25365
42110, 9472
9472, 28071
42110, 9473
9473, 42402
36086, 9474
23404, 9474
9474, 14385
42174, 9475
9475, 26962
22102, 9476
9476, 26030
36465, 9477
9477, 30560
43958, 9478
9478, 25076
9478, 20451
9478, 16949
26843, 9479
36729, 9479
9479, 35311
14843, 9480
14524, 9480
9480, 23390
42110, 9481
9481, 38799
18770, 9482
9482, 17685
40948, 9483
9483, 47236
32427, 9484
31527, 9484
9484, 25897
9484, 15750
48397, 9485
42633, 9485
47185, 9485
36315, 9485
9485, 36834
9485, 38200
36465, 9486
9486, 18353
41823, 9487
9487, 19405
15001, 9488
9488, 21041
42110, 9489
9489, 30186
25843, 9490
9490, 26030
47699, 9491
9491, 35396
38336, 9492
9492, 42989
37798, 9493
9493, 40908
9493, 46169
46661, 9494
9494, 41910
38136, 9495
38714, 9495
9495, 36884
30599, 9496
9496, 43184
16004, 9497
9497, 13275
9497, 40555
21833, 9498
9498, 18535
9498, 13508
15260, 9499
9499, 19202
30718, 9500
9500, 43489
13165, 9501
9501, 16700
44908, 9502
30648, 9502
13473, 9502
48328, 9502
15149, 9502
15297, 9502
26178, 9502
20122, 9502
42236, 9502
30735, 9502
40718, 9502
47103, 9502
47538, 9502
34099, 9502
39607, 9502
39269, 9502
37474, 9502
40837, 9502
48412, 9502
30211, 9502
23574, 9502
44131, 9502
40941, 9502
14525, 9502
16553, 9502
23304, 9502
41825, 9502
28032, 9502
37111, 9502
25000, 9502
36211, 9502
47688, 9502
26405, 9502
19730, 9502
46265, 9502
17929, 9502
38837, 9502
23730, 9502
42216, 9502
23314, 9502
20679, 9502
35213, 9502
22463, 9502
39774, 9502
45009, 9502
12947, 9502
32962, 9502
21746, 9502
44181, 9502
43873, 9502
39578, 9502
26211, 9502
41157, 9502
26079, 9502
26363, 9502
19139, 9502
13358, 9502
27009, 9502
32616, 9502
36900, 9502
42865, 9502
19798, 9502
35612, 9502
15703, 9502
29402, 9502
16220, 9502
16556, 9502
14553, 9502
41429, 9502
46811, 9502
32770, 9502
43113, 9502
39273, 9502
25319, 9502
45514, 9502
20079, 9502
9502, 31204
41351, 9503
9503, 39995
32992, 9504
9504, 30258
23683, 9505
9505, 13967
42110, 9506
9506, 17114
42676, 9507
9507, 41526
39587, 9508
9508, 40744
9508, 12907
9508, 46465
41814, 9509
13625, 9509
9509, 16416
9509, 25022
9509, 31156
9509, 42501
21635, 9510
9510, 32739
24035, 9511
9511, 15932
16293, 9512
9512, 42545
9512, 37306
9512, 32232
45501, 9513
9513, 38907
46806, 9514
9514, 26258
40396, 9515
9515, 34698
47509, 9516
9516, 31447
33274, 9517
9517, 44047
42110, 9518
9518, 41426
46446, 9519
9519, 18493
36465, 9520
9520, 27996
9520, 37266
46806, 9521
9521, 19901
32431, 9522
9522, 26006
27179, 9523
9523, 19892
41506, 9524
9524, 36247
20623, 9525
9525, 15559
9525, 31946
9525, 25921
9525, 35371
9525, 27018
9525, 32697
27818, 9526
9526, 33691
32238, 9527
9527, 23544
9527, 32021
40708, 9528
9528, 44093
40982, 9529
36295, 9529
13238, 9529
32439, 9529
33135, 9529
17650, 9529
26395, 9529
20342, 9529
35425, 9529
39046, 9529
30094, 9529
23816, 9529
29204, 9529
20060, 9529
42021, 9529
45489, 9529
16269, 9529
24498, 9529
22461, 9529
25441, 9529
44249, 9529
39353, 9529
35195, 9529
41640, 9529
27975, 9529
39094, 9529
39072, 9529
44785, 9529
34822, 9529
18864, 9529
9529, 17302
19533, 9530
9530, 24809
36465, 9531
9531, 18541
9531, 47857
38577, 9532
9532, 16129
9532, 47010
33995, 9533
9533, 27171
15788, 9534
9534, 47931
47025, 9535
9535, 47615
33316, 9536
9536, 44898
42110, 9537
9537, 27914
20147, 9538
9538, 40181
34305, 9539
9539, 34370
28864, 9540
9540, 21031
34481, 9541
23068, 9541
47237, 9541
36577, 9541
32686, 9541
9541, 32775
9541, 48304
9541, 45964
9541, 33433
9541, 45463
18704, 9542
9542, 13328
42110, 9543
9543, 21609
34058, 9544
9544, 40835
25564, 9545
9545, 43602
38477, 9546
9546, 48232
42110, 9547
9547, 17666
38793, 9548
9548, 29226
42110, 9549
9549, 28440
42110, 9550
9550, 27666
36616, 9551
9551, 19169
34467, 9552
28627, 9552
9552, 40084
38736, 9553
13629, 9553
46878, 9553
21696, 9553
43678, 9553
17492, 9553
41872, 9553
13815, 9553
35023, 9553
42082, 9553
9553, 13453
25459, 9554
9554, 19679
22763, 9555
30487, 9555
19911, 9555
9555, 15825
26435, 9556
9556, 21889
21185, 9557
9557, 14524
38829, 9558
9558, 26451
29216, 9559
9559, 26957
9559, 41433
46806, 9560
9560, 36751
41578, 9561
9561, 23222
45479, 9562
29195, 9562
47149, 9562
9562, 30323
36820, 9563
9563, 31515
18893, 9564
9564, 27148
9564, 20334
9564, 38065
39330, 9565
9565, 19412
9565, 18259
9565, 39594
48055, 9566
9566, 36984
48590, 9567
39311, 9567
47209, 9567
26681, 9567
30705, 9567
41796, 9567
9567, 45845
18314, 9568
9568, 20405
18335, 9569
9569, 12766
43608, 9570
46938, 9570
9570, 35520
45539, 9571
9571, 16675
9571, 40178
9571, 15780
48372, 9572
19006, 9572
9572, 38123
16552, 9573
9573, 26421
47575, 9574
34950, 9574
9574, 43544
9574, 14609
42110, 9575
9575, 16890
45428, 9576
9576, 32631
45561, 9577
9577, 46125
37250, 9578
9578, 43119
32410, 9579
48562, 9579
9579, 18156
19893, 9580
9580, 40486
32202, 9581
9581, 44846
21515, 9582
9582, 38136
9582, 22511
9582, 36289
35851, 9583
29472, 9583
9583, 20819
42110, 9584
9584, 15146
38493, 9585
9585, 21415
9585, 26144
9585, 27722
33008, 9586
9586, 15717
13521, 9587
9587, 41592
21848, 9588
9588, 26688
41447, 9589
9589, 37352
26408, 9590
9590, 23856
22857, 9591
9591, 45053
34037, 9592
9592, 47561
42451, 9593
9593, 38964
48700, 9594
9594, 22725
27570, 9595
9595, 30104
34269, 9596
9596, 39821
9596, 38861
32578, 9597
9597, 33862
39096, 9598
9598, 31389
47511, 9599
9599, 18239
42110, 9600
9600, 21952
14424, 9601
9601, 38763
32923, 9602
9602, 47678
42110, 9603
9603, 46080
19413, 9604
16049, 9604
27409, 9604
46347, 9604
26451, 9604
17916, 9604
16483, 9604
40119, 9604
30883, 9604
44964, 9604
42192, 9604
40847, 9604
38955, 9604
30258, 9604
45878, 9604
12411, 9604
42934, 9604
16493, 9604
43817, 9604
20391, 9604
39066, 9604
39528, 9604
20404, 9604
39657, 9604
41458, 9604
23735, 9604
19164, 9604
24084, 9604
46332, 9604
23178, 9604
22167, 9604
48064, 9604
38462, 9604
43322, 9604
36336, 9604
47109, 9604
32511, 9604
45334, 9604
20068, 9604
40035, 9604
35169, 9604
29786, 9604
25448, 9604
13700, 9604
21665, 9604
34378, 9604
27091, 9604
17550, 9604
21943, 9604
19511, 9604
27783, 9604
34330, 9604
32123, 9604
41878, 9604
41116, 9604
45797, 9604
16656, 9604
32767, 9604
28681, 9604
13888, 9604
42099, 9604
47236, 9604
23940, 9604
36423, 9604
21027, 9604
46346, 9604
30653, 9604
36160, 9604
17870, 9604
16039, 9604
38644, 9604
14914, 9604
29942, 9604
34329, 9604
12522, 9604
24119, 9604
46012, 9604
47963, 9604
40303, 9604
15649, 9604
16780, 9604
23662, 9604
35075, 9604
14838, 9604
39621, 9604
33476, 9604
22350, 9604
34798, 9604
15928, 9604
31644, 9604
44274, 9604
37413, 9604
13857, 9604
44958, 9604
12692, 9604
38557, 9604
24689, 9604
40287, 9604
26424, 9604
20440, 9604
33654, 9604
36476, 9604
27105, 9604
31868, 9604
35640, 9604
36817, 9604
37967, 9604
32141, 9604
34900, 9604
40569, 9604
38420, 9604
25388, 9604
27401, 9604
47535, 9604
25117, 9604
46325, 9604
45300, 9604
46699, 9604
30025, 9604
39904, 9604
25239, 9604
21181, 9604
44929, 9604
9604, 42110
42209, 9605
47979, 9605
22095, 9605
41052, 9605
28795, 9605
36823, 9605
9605, 21386
36859, 9606
9606, 26278
38100, 9607
17841, 9607
38796, 9607
23669, 9607
45589, 9607
34019, 9607
25263, 9607
44059, 9607
31872, 9607
9607, 31124
15859, 9608
33021, 9608
9608, 43148
9608, 46934
24766, 9609
9609, 25602
46806, 9610
9610, 26576
9610, 13618
35196, 9611
9611, 27411
33448, 9612
9612, 35420
31059, 9613
9613, 43654
46806, 9614
9614, 44341
24759, 9615
9615, 45984
46461, 9616
14973, 9616
35429, 9616
9616, 16455
36465, 9617
9617, 26946
34120, 9618
9618, 27468
24522, 9619
9619, 21458
46477, 9620
39625, 9620
9620, 30776
42110, 9621
9621, 17596
42925, 9622
9622, 44641
46806, 9623
9623, 27131
16016, 9624
9624, 27983
42110, 9625
9625, 35259
37384, 9626
9626, 47615
13100, 9627
9627, 37138
30513, 9628
9628, 26278
35379, 9629
9629, 28012
46806, 9630
9630, 31180
27818, 9631
9631, 33691
38829, 9632
9632, 35578
46391, 9633
9633, 16661
19344, 9634
19467, 9634
9634, 35566
42110, 9635
9635, 32311
16689, 9636
9636, 27020
37632, 9637
9637, 38301
23615, 9638
9638, 45251
31396, 9639
28490, 9639
45830, 9639
14218, 9639
29566, 9639
37750, 9639
45589, 9639
26645, 9639
30695, 9639
15532, 9639
34370, 9639
19405, 9639
17731, 9639
17511, 9639
46434, 9639
9639, 18232
13009, 9640
9640, 15510
9640, 28619
36442, 9641
34050, 9641
38385, 9641
15459, 9641
9641, 33931
40323, 9642
9642, 39074
19165, 9643
9643, 44494
13915, 9644
29429, 9644
45385, 9644
9644, 25356
29507, 9645
26210, 9645
22351, 9645
9645, 39075
9645, 45616
17893, 9646
9646, 12439
46806, 9647
9647, 45631
32202, 9648
9648, 40912
9648, 19657
42110, 9649
9649, 14536
46806, 9650
9650, 24918
37631, 9651
9651, 18454
44339, 9652
9652, 21795
32063, 9653
9653, 27626
38000, 9654
9654, 37076
9654, 29833
9654, 31956
9654, 39004
29694, 9655
9655, 32232
44723, 9656
9656, 45663
24325, 9657
9657, 18133
20743, 9658
9658, 25770
41453, 9659
9659, 27223
9659, 43464
9659, 32969
39257, 9660
9660, 39608
35560, 9661
29033, 9661
41108, 9661
45101, 9661
22967, 9661
16931, 9661
9661, 14236
45221, 9662
9662, 15924
36901, 9663
9663, 30442
26671, 9664
9664, 44790
9664, 23684
9664, 15866
31594, 9665
9665, 34137
22997, 9666
9666, 20093
15188, 9667
9667, 39919
36465, 9668
9668, 27996
13165, 9669
9669, 30854
42110, 9670
9670, 16133
30611, 9671
9671, 18077
14172, 9672
9672, 23451
9672, 42682
9672, 43119
39644, 9673
43586, 9673
16247, 9673
30931, 9673
9673, 46612
31262, 9674
9674, 22999
42110, 9675
9675, 17500
25725, 9676
17612, 9676
9676, 19630
9676, 43931
9676, 29366
33235, 9677
46887, 9677
9677, 31248
31059, 9678
9678, 12367
36314, 9679
9679, 21733
46806, 9680
9680, 35600
9680, 29661
47335, 9681
9681, 26950
27599, 9682
25311, 9682
9682, 40234
13688, 9683
9683, 23236
27332, 9684
9684, 44925
39931, 9685
46832, 9685
15881, 9685
13063, 9685
9685, 33326
42110, 9686
9686, 18509
47620, 9687
37180, 9687
9687, 21309
17293, 9688
9688, 39625
42110, 9689
9689, 29950
36732, 9690
9690, 15505
9690, 45794
41951, 9691
9691, 39956
42110, 9692
9692, 24630
41329, 9693
9693, 23852
9693, 12370
9693, 19822
48659, 9694
9694, 41079
15013, 9695
9695, 32039
9695, 12476
9695, 16386
30154, 9696
9696, 26727
26052, 9697
9697, 33481
16906, 9698
9698, 19889
9698, 35575
46867, 9699
9699, 42603
9699, 37967
37951, 9700
9700, 19369
19698, 9701
9701, 40775
26755, 9702
9702, 35027
46818, 9703
9703, 29394
43066, 9704
9704, 19916
44656, 9705
9705, 16049
27818, 9706
9706, 41458
9706, 31868
41951, 9707
9707, 42251
9707, 46262
12732, 9708
26916, 9708
17749, 9708
47747, 9708
17874, 9708
31961, 9708
36094, 9708
37978, 9708
14292, 9708
38696, 9708
39598, 9708
31018, 9708
39762, 9708
36437, 9708
13939, 9708
24521, 9708
32291, 9708
14282, 9708
45707, 9708
39183, 9708
12649, 9708
17100, 9708
48346, 9708
21091, 9708
38586, 9708
46765, 9708
31981, 9708
33622, 9708
19785, 9708
34383, 9708
26765, 9708
31449, 9708
19787, 9708
45112, 9708
18165, 9708
40265, 9708
22949, 9708
26518, 9708
21895, 9708
27822, 9708
21845, 9708
18003, 9708
44826, 9708
41357, 9708
43283, 9708
45100, 9708
31454, 9708
29731, 9708
18913, 9708
18798, 9708
21037, 9708
39477, 9708
43011, 9708
18676, 9708
28279, 9708
21606, 9708
30655, 9708
18715, 9708
19176, 9708
41211, 9708
36001, 9708
35253, 9708
30687, 9708
15179, 9708
44955, 9708
38164, 9708
16111, 9708
36119, 9708
19141, 9708
12576, 9708
32332, 9708
22904, 9708
24237, 9708
13861, 9708
42944, 9708
42340, 9708
40902, 9708
37494, 9708
34460, 9708
21392, 9708
44866, 9708
25637, 9708
17851, 9708
36952, 9708
38316, 9708
18555, 9708
9708, 32651
14128, 9709
9709, 17901
41296, 9710
9710, 19179
42110, 9711
9711, 42477
16558, 9712
9712, 29388
9712, 14283
9712, 30489
48362, 9713
21161, 9713
31300, 9713
27277, 9713
47348, 9713
21664, 9713
29327, 9713
28403, 9713
39856, 9713
46123, 9713
32548, 9713
22158, 9713
28995, 9713
47504, 9713
34773, 9713
41726, 9713
9713, 17302
23878, 9714
9714, 30373
9714, 16416
9714, 27564
26573, 9715
9715, 30038
27740, 9716
9716, 36633
14911, 9717
9717, 34925
42110, 9718
9718, 22581
14967, 9719
9719, 41438
9719, 45737
9719, 31310
42110, 9720
9720, 41064
39143, 9721
44250, 9721
32115, 9721
9721, 48570
9721, 45842
43235, 9722
9722, 34238
16232, 9723
9723, 28340
30782, 9724
9724, 21039
41993, 9725
29004, 9725
9725, 38265
42110, 9726
9726, 35471
36465, 9727
9727, 44552
9727, 17895
42110, 9728
9728, 42009
45867, 9729
9729, 39216
9729, 47891
15552, 9730
9730, 23255
47755, 9731
26235, 9731
13261, 9731
21516, 9731
14705, 9731
12532, 9731
32913, 9731
27063, 9731
25494, 9731
24599, 9731
32039, 9731
35092, 9731
48131, 9731
35291, 9731
46450, 9731
12476, 9731
44736, 9731
44122, 9731
33432, 9731
16938, 9731
18469, 9731
41048, 9731
41598, 9731
36076, 9731
28628, 9731
32408, 9731
19164, 9731
34827, 9731
32459, 9731
12826, 9731
37782, 9731
41681, 9731
32000, 9731
43923, 9731
21044, 9731
38532, 9731
12367, 9731
33054, 9731
16982, 9731
35261, 9731
22383, 9731
28697, 9731
35045, 9731
39775, 9731
12827, 9731
43705, 9731
40570, 9731
42060, 9731
15306, 9731
41292, 9731
43119, 9731
24423, 9731
44387, 9731
13674, 9731
25557, 9731
37306, 9731
44905, 9731
13109, 9731
31576, 9731
13978, 9731
14531, 9731
25941, 9731
38065, 9731
12770, 9731
18648, 9731
14625, 9731
38434, 9731
18156, 9731
34783, 9731
39559, 9731
46346, 9731
40113, 9731
43003, 9731
40209, 9731
19574, 9731
42629, 9731
28558, 9731
31076, 9731
28842, 9731
20615, 9731
27754, 9731
33609, 9731
48556, 9731
23755, 9731
15803, 9731
47263, 9731
28641, 9731
34884, 9731
45695, 9731
42165, 9731
19383, 9731
45430, 9731
33349, 9731
20231, 9731
21661, 9731
34525, 9731
22577, 9731
27160, 9731
44761, 9731
37544, 9731
24046, 9731
33252, 9731
14793, 9731
17979, 9731
22999, 9731
39621, 9731
14110, 9731
32232, 9731
37922, 9731
26861, 9731
19661, 9731
44060, 9731
16063, 9731
33637, 9731
44836, 9731
20066, 9731
42501, 9731
46889, 9731
19205, 9731
30205, 9731
25022, 9731
20971, 9731
14327, 9731
14446, 9731
39719, 9731
46639, 9731
48523, 9731
41625, 9731
32380, 9731
15572, 9731
27931, 9731
15903, 9731
30958, 9731
32980, 9731
17389, 9731
46199, 9731
14514, 9731
22444, 9731
27401, 9731
28935, 9731
13381, 9731
31388, 9731
45742, 9731
13433, 9731
27987, 9731
25137, 9731
43498, 9731
14917, 9731
15964, 9731
40839, 9731
32392, 9731
39818, 9731
43495, 9731
15750, 9731
36926, 9731
28908, 9731
26424, 9731
40559, 9731
30699, 9731
39469, 9731
48031, 9731
29456, 9731
18554, 9731
9731, 42110
30169, 9732
45374, 9732
9732, 40677
9732, 35960
9732, 33049
24171, 9733
9733, 25157
16029, 9734
9734, 33343
42110, 9735
9735, 20803
27407, 9736
9736, 48684
9736, 23662
31070, 9737
9737, 15938
9737, 37642
34886, 9738
38137, 9738
39386, 9738
45201, 9738
26485, 9738
16845, 9738
20009, 9738
25926, 9738
29334, 9738
27657, 9738
48229, 9738
28367, 9738
44672, 9738
34708, 9738
18413, 9738
23625, 9738
45690, 9738
9738, 17302
17809, 9739
45313, 9739
14461, 9739
26011, 9739
36799, 9739
15108, 9739
15433, 9739
33655, 9739
34998, 9739
9739, 39879
9739, 28785
25179, 9740
9740, 14611
35453, 9741
9741, 20308
46999, 9742
9742, 23189
18888, 9743
9743, 43928
9743, 42708
15361, 9744
9744, 16360
19965, 9745
9745, 32403
41951, 9746
9746, 45518
20545, 9747
9747, 39752
27700, 9748
9748, 28524
9748, 30503
9748, 32196
9748, 29688
44654, 9749
15366, 9749
47493, 9749
34051, 9749
32671, 9749
9749, 17296
9749, 26191
9749, 47569
9749, 43839
37567, 9750
9750, 19076
9750, 25089
9750, 12832
9750, 26914
9750, 42545
9750, 29309
9750, 26424
46806, 9751
9751, 30157
9751, 34682
27274, 9752
9752, 14326
9752, 41249
39849, 9753
9753, 39470
16473, 9754
9754, 30808
31940, 9755
29823, 9755
28664, 9755
22023, 9755
9755, 43495
9755, 36944
9755, 23625
42110, 9756
9756, 25876
34761, 9757
35379, 9757
9757, 27218
24010, 9758
9758, 48636
13655, 9759
9759, 28347
9759, 29226
9759, 14625
9759, 31892
37830, 9760
9760, 31836
42110, 9761
9761, 31707
45267, 9762
9762, 32831
37679, 9763
9763, 19372
9763, 24926
9763, 39621
40760, 9764
9764, 43524
9764, 22130
9764, 13481
9764, 24095
38994, 9765
9765, 45903
47699, 9766
9766, 26568
42110, 9767
9767, 31462
39496, 9768
9768, 20093
41387, 9769
33440, 9769
9769, 48582
34229, 9770
34790, 9770
46376, 9770
32670, 9770
19592, 9770
48354, 9770
9770, 25983
43154, 9771
9771, 35410
22619, 9772
9772, 20231
38904, 9773
9773, 25614
24609, 9774
9774, 13414
9774, 20097
42110, 9775
9775, 35964
24053, 9776
41508, 9776
9776, 41766
42110, 9777
9777, 12845
30764, 9778
9778, 16416
9778, 22970
9778, 47368
47934, 9779
9779, 25669
30404, 9780
9780, 16126
22957, 9781
9781, 32952
26828, 9782
9782, 29030
42110, 9783
9783, 41885
13371, 9784
9784, 35872
9784, 37332
41251, 9785
42387, 9785
9785, 30275
15806, 9786
46329, 9786
22631, 9786
17768, 9786
9786, 28306
19466, 9787
9787, 27313
12337, 9788
9788, 35596
9788, 42673
9788, 35826
27206, 9789
9789, 34230
37578, 9790
9790, 26570
9790, 26944
9790, 36329
9790, 23755
9790, 45695
45363, 9791
9791, 37495
32936, 9792
9792, 17310
24743, 9793
9793, 25472
48539, 9794
9794, 23404
9794, 47119
23255, 9795
28306, 9795
9795, 38145
18350, 9796
9796, 30158
9796, 20502
9796, 41982
9796, 16386
28586, 9797
22505, 9797
43910, 9797
39520, 9797
9797, 15096
32578, 9798
9798, 27868
15089, 9799
22743, 9799
13333, 9799
27586, 9799
9799, 47010
9799, 35754
30855, 9800
9800, 27733
42110, 9801
9801, 28741
43906, 9802
30826, 9802
16101, 9802
42115, 9802
31263, 9802
9802, 39395
32023, 9803
9803, 13938
42639, 9804
9804, 39074
42110, 9805
9805, 28857
38646, 9806
9806, 33339
27363, 9807
9807, 36747
42176, 9808
9808, 46346
43548, 9809
9809, 24556
9809, 34404
9809, 48070
9809, 16780
9809, 27401
9809, 28662
37640, 9810
9810, 31221
14480, 9811
9811, 34671
42110, 9812
9812, 24411
46660, 9813
37748, 9813
9813, 26032
43872, 9814
9814, 36690
45221, 9815
9815, 15924
36957, 9816
9816, 18938
15484, 9817
9817, 31588
35379, 9818
9818, 17997
9818, 43804
42110, 9819
9819, 30164
17033, 9820
9820, 16835
19526, 9821
9821, 26815
41393, 9822
9822, 41843
36465, 9823
9823, 27996
9823, 42409
30993, 9824
9824, 38796
23560, 9825
9825, 17070
24255, 9826
9826, 27223
9826, 18685
9826, 45482
13165, 9827
9827, 17760
26056, 9828
9828, 42304
44260, 9829
9829, 39745
27260, 9830
9830, 16318
9830, 16317
42110, 9831
9831, 19287
29528, 9832
40907, 9832
9832, 35804
39763, 9833
9833, 42744
17387, 9834
9834, 42077
35720, 9835
9835, 31830
13937, 9836
9836, 35308
12398, 9837
35137, 9837
9837, 25925
41029, 9838
9838, 20497
35458, 9839
9839, 28490
9839, 37750
9839, 39621
29909, 9840
47403, 9840
27213, 9840
9840, 23254
25693, 9841
9841, 41243
9841, 38249
9841, 39410
41914, 9842
9842, 22983
9842, 38913
45818, 9843
9843, 45674
42110, 9844
9844, 15651
21099, 9845
9845, 48684
9845, 16386
9845, 27909
29145, 9846
9846, 43985
33159, 9847
9847, 12679
27134, 9848
9848, 28967
42110, 9849
9849, 36184
44103, 9850
9850, 13951
24272, 9851
9851, 36903
9851, 18739
15454, 9852
32683, 9852
39710, 9852
15687, 9852
48147, 9852
46309, 9852
9852, 42286
23770, 9853
9853, 24764
23116, 9854
9854, 34091
22155, 9855
23380, 9855
9855, 15626
45588, 9856
9856, 38858
42110, 9857
9857, 41155
40048, 9858
9858, 35497
42268, 9859
9859, 30147
38417, 9860
9860, 23462
9860, 25834
35432, 9861
9861, 19425
9861, 22710
27818, 9862
9862, 46410
48594, 9863
9863, 29124
46806, 9864
9864, 38422
22571, 9865
9865, 19015
35379, 9866
9866, 34308
32820, 9867
9867, 27198
43242, 9868
9868, 12976
40046, 9869
9869, 46104
35379, 9870
9870, 16548
24468, 9871
9871, 18317
16315, 9872
9872, 41556
20803, 9873
9873, 19805
42143, 9874
9874, 21686
43768, 9875
9875, 34547
40162, 9876
9876, 14826
9876, 38370
9876, 25565
16144, 9877
9877, 13992
20759, 9878
9878, 41584
9878, 39057
43298, 9879
9879, 40685
34786, 9880
26740, 9880
9880, 33787
35379, 9881
9881, 20214
13581, 9882
20248, 9882
9882, 30275
38829, 9883
9883, 30514
40058, 9884
9884, 38557
44313, 9885
20895, 9885
20716, 9885
13233, 9885
9885, 18277
46806, 9886
9886, 38040
20628, 9887
13811, 9887
9887, 33986
42110, 9888
9888, 48353
41951, 9889
9889, 14025
15043, 9890
9890, 44923
9890, 20231
42110, 9891
9891, 39124
32093, 9892
9892, 24725
42110, 9893
9893, 31234
36465, 9894
9894, 14420
9894, 46592
38829, 9895
9895, 32137
40557, 9896
9896, 46006
9896, 21468
17395, 9897
9897, 30893
19461, 9898
9898, 24430
42110, 9899
9899, 35961
19930, 9900
9900, 15105
32362, 9901
9901, 41992
35151, 9902
9902, 41668
14373, 9903
13376, 9903
9903, 41476
9903, 13319
36465, 9904
9904, 19872
44844, 9905
9905, 32125
9905, 45023
9905, 40710
22996, 9906
9906, 32339
33786, 9907
9907, 26917
27913, 9908
9908, 41821
9908, 45964
9908, 17979
22478, 9909
9909, 18065
9909, 43757
9909, 42937
9909, 19035
9909, 34073
9909, 27741
9909, 14566
23394, 9910
9910, 28958
9910, 21665
40219, 9911
9911, 38155
43702, 9912
9912, 28417
42110, 9913
9913, 13513
32384, 9914
19339, 9914
9914, 24845
9914, 29263
41865, 9915
9915, 46343
27118, 9916
9916, 26343
36465, 9917
9917, 27996
9917, 40251
42110, 9918
9918, 19287
30441, 9919
9919, 40799
17387, 9920
9920, 42077
42110, 9921
9921, 37621
19926, 9922
9922, 35715
30167, 9923
9923, 19784
9923, 35059
9923, 38176
43834, 9924
27548, 9924
44951, 9924
9924, 18644
44773, 9925
9925, 30382
42110, 9926
9926, 24861
25155, 9927
9927, 21464
9927, 22350
9927, 38420
30956, 9928
9928, 30967
40332, 9929
9929, 48232
21275, 9930
9930, 17870
40492, 9931
9931, 27539
9931, 26057
39282, 9932
9932, 13486
21627, 9933
9933, 16416
24051, 9934
9934, 16087
13448, 9935
9935, 42389
16632, 9936
9936, 34590
34217, 9937
9937, 32335
9937, 19187
9937, 47755
9937, 40212
9937, 27105
38829, 9938
9938, 32498
22533, 9939
9939, 25891
45887, 9940
17470, 9940
28458, 9940
9940, 26899
26282, 9941
9941, 42304
26300, 9942
9942, 43214
38706, 9943
9943, 22623
27801, 9944
38643, 9944
9944, 39720
42110, 9945
9945, 27254
17094, 9946
9946, 27802
36171, 9947
30812, 9947
17308, 9947
9947, 36671
28712, 9948
41977, 9948
9948, 44125
9948, 40798
39952, 9949
9949, 40860
19341, 9950
9950, 39039
30024, 9951
9951, 48491
17763, 9952
9952, 15214
34374, 9953
9953, 35439
35264, 9954
9954, 13033
38819, 9955
9955, 12621
26326, 9956
9956, 27927
9956, 30835
9956, 27018
9956, 38462
9956, 45223
16146, 9957
36580, 9957
12910, 9957
25084, 9957
16885, 9957
25851, 9957
13257, 9957
35199, 9957
41787, 9957
29398, 9957
45576, 9957
21326, 9957
41616, 9957
19686, 9957
9957, 17302
42110, 9958
9958, 17267
20969, 9959
9959, 27113
27650, 9960
9960, 17010
28114, 9961
27417, 9961
9961, 35440
32709, 9962
9962, 36468
9962, 45192
9962, 30942
12606, 9963
9963, 47705
22656, 9964
9964, 39964
39589, 9965
9965, 19619
48405, 9966
25782, 9966
14789, 9966
40313, 9966
41089, 9966
23324, 9966
16981, 9966
19686, 9966
30502, 9966
19409, 9966
9966, 17302
42782, 9967
9967, 47881
46019, 9968
9968, 30641
30683, 9969
46195, 9969
12474, 9969
9969, 41603
9969, 15358
9969, 13372
31305, 9970
9970, 42815
24589, 9971
9971, 12674
46806, 9972
9972, 46342
14044, 9973
40417, 9973
9973, 42160
42110, 9974
9974, 20999
30049, 9975
9975, 16878
19303, 9976
9976, 40294
9976, 45531
36366, 9977
29613, 9977
9977, 32725
9977, 24534
35518, 9978
9978, 45531
9978, 33984
9978, 32631
48550, 9979
9979, 22257
9979, 39919
9979, 14155
42110, 9980
9980, 18932
46806, 9981
9981, 28731
40981, 9982
9982, 48196
26174, 9983
9983, 28549
42110, 9984
9984, 39849
43515, 9985
9985, 22420
9985, 20303
42110, 9986
9986, 39640
14091, 9987
9987, 41910
9987, 17960
9987, 44274
22504, 9988
9988, 21795
36309, 9989
9989, 38557
36704, 9990
9990, 32631
27918, 9991
9991, 30443
29297, 9992
9992, 46481
14849, 9993
9993, 38770
9993, 16275
42110, 9994
9994, 48353
38986, 9995
9995, 24809
42110, 9996
9996, 42419
42110, 9997
9997, 13906
48481, 9998
34061, 9998
22868, 9998
27640, 9998
45503, 9998
16610, 9998
24456, 9998
44440, 9998
19285, 9998
25417, 9998
45281, 9998
14573, 9998
18677, 9998
16953, 9998
9998, 15534
23085, 9999
9999, 47615
43862, 10000
10000, 47452
33474, 10001
44980, 10001
10001, 38528
46806, 10002
10002, 27537
15409, 10003
10003, 45711
33071, 10004
10004, 28211
36465, 10005
10005, 27294
10005, 34065
10005, 47064
10005, 44552
14301, 10006
10006, 40872
23343, 10007
38502, 10007
32964, 10007
36525, 10007
43973, 10007
10007, 20156
10007, 24898
10007, 17228
24857, 10008
10008, 47615
31774, 10009
10009, 31355
28820, 10010
10010, 19710
21194, 10011
10011, 27052
46806, 10012
10012, 20587
26112, 10013
10013, 45984
20485, 10014
10014, 41096
43361, 10015
10015, 31172
42110, 10016
10016, 31801
25910, 10017
18136, 10017
28186, 10017
10017, 13480
47702, 10018
34160, 10018
35379, 10018
10018, 44964
17887, 10019
10019, 44993
35925, 10020
48401, 10020
30292, 10020
37787, 10020
47769, 10020
33867, 10020
18677, 10020
10020, 38240
31502, 10021
10021, 40918
42110, 10022
10022, 37919
34131, 10023
10023, 18603
32912, 10024
10024, 13530
21812, 10025
10025, 39404
31372, 10026
10026, 38867
46967, 10027
10027, 20703
16660, 10028
38140, 10028
10028, 20962
42110, 10029
10029, 28909
31844, 10030
10030, 16295
42897, 10031
16753, 10031
43089, 10031
18771, 10031
10031, 32415
45673, 10032
10032, 48420
26968, 10033
10033, 14551
26160, 10034
28203, 10034
33928, 10034
22475, 10034
16966, 10034
33492, 10034
36627, 10034
32728, 10034
44021, 10034
40895, 10034
36006, 10034
29535, 10034
29129, 10034
27565, 10034
37000, 10034
45908, 10034
25516, 10034
35010, 10034
31253, 10034
45876, 10034
15215, 10034
20111, 10034
21780, 10034
43263, 10034
36150, 10034
38251, 10034
37549, 10034
29697, 10034
20773, 10034
38884, 10034
28560, 10034
46855, 10034
45440, 10034
30148, 10034
13396, 10034
46133, 10034
38620, 10034
12552, 10034
31939, 10034
33511, 10034
24957, 10034
18703, 10034
36237, 10034
10034, 13163
36828, 10035
10035, 22502
47450, 10036
10036, 15515
10036, 40839
43894, 10037
10037, 33810
19088, 10038
46434, 10038
10038, 22559
46610, 10039
10039, 13226
31394, 10040
10040, 45064
10040, 21342
46806, 10041
10041, 47878
43070, 10042
10042, 40821
23502, 10043
10043, 20391
10043, 38644
10043, 31816
38061, 10044
10044, 16886
18248, 10045
10045, 33501
23969, 10046
10046, 35640
37540, 10047
10047, 43119
25470, 10048
10048, 31588
10048, 18049
10048, 21612
43291, 10049
10049, 28417
23688, 10050
10050, 39596
24141, 10051
10051, 40813
42110, 10052
10052, 36466
42110, 10053
10053, 40011
39056, 10054
38204, 10054
20002, 10054
35022, 10054
37456, 10054
10054, 45464
13064, 10055
10055, 43112
31993, 10056
10056, 34873
43761, 10057
10057, 41878
30988, 10058
10058, 47939
42110, 10059
10059, 36267
27519, 10060
47845, 10060
10060, 39919
10060, 36476
19479, 10061
10061, 18550
10061, 31455
13717, 10062
10062, 40642
27799, 10063
10063, 48684
10063, 15870
14675, 10064
10064, 34535
45327, 10065
10065, 34296
43107, 10066
10066, 30836
10066, 42501
10066, 25905
18948, 10067
10067, 48304
42110, 10068
10068, 38025
19704, 10069
10069, 40194
38829, 10070
10070, 32398
36465, 10071
10071, 27996
10071, 17654
10071, 39193
10071, 19447
10071, 18696
20373, 10072
15201, 10072
23743, 10072
10072, 21884
31224, 10073
19106, 10073
10073, 44166
10073, 12748
10073, 20025
10073, 25799
32348, 10074
10074, 27655
10074, 43931
10074, 16246
10074, 39559
10074, 33055
10074, 17810
40622, 10075
10075, 29675
10075, 14410
10075, 16090
15282, 10076
10076, 45911
37814, 10077
24254, 10077
32457, 10077
39187, 10077
23256, 10077
10077, 27382
31080, 10078
10078, 24390
33078, 10079
10079, 44475
25728, 10080
40551, 10080
10080, 24371
27224, 10081
10081, 43743
42110, 10082
10082, 40919
46806, 10083
10083, 45099
10083, 41597
10083, 19051
25106, 10084
10084, 25196
35778, 10085
10085, 28296
10085, 26057
37156, 10086
10086, 42342
17842, 10087
10087, 42293
10087, 24353
26434, 10088
40703, 10088
32841, 10088
10088, 17928
26631, 10089
24549, 10089
10089, 35806
26708, 10090
10090, 37539
10090, 43384
27818, 10091
10091, 45489
37710, 10092
10092, 12313
10092, 33346
21331, 10093
10093, 25084
37550, 10094
37988, 10094
45697, 10094
22377, 10094
27022, 10094
25895, 10094
38149, 10094
27661, 10094
10094, 32283
10094, 30117
24718, 10095
10095, 36755
26979, 10096
10096, 30732
10096, 47178
10096, 16684
10096, 38387
10096, 13213
10096, 45286
10096, 23060
10096, 25297
10096, 25833
31688, 10097
10097, 16096
10097, 22710
42110, 10098
10098, 27242
27179, 10099
10099, 19892
16092, 10100
10100, 47146
29434, 10101
10101, 25952
39355, 10102
10102, 43119
40353, 10103
10103, 13482
10103, 47517
10103, 18591
33618, 10104
10104, 15023
15835, 10105
10105, 44202
44107, 10106
10106, 18677
45540, 10107
10107, 16216
10107, 30819
16244, 10108
10108, 18894
25828, 10109
10109, 43598
42110, 10110
10110, 15929
44625, 10111
10111, 37597
15194, 10112
10112, 32422
34180, 10113
10113, 38871
46322, 10114
10114, 35496
31995, 10115
29783, 10115
30808, 10115
48010, 10115
10115, 37960
10115, 46806
40862, 10116
10116, 17124
10116, 42650
10116, 27664
10116, 44903
19760, 10117
14066, 10117
28310, 10117
41328, 10117
23200, 10117
22082, 10117
35873, 10117
13964, 10117
38196, 10117
25737, 10117
25275, 10117
35412, 10117
13872, 10117
22038, 10117
37566, 10117
41145, 10117
44631, 10117
44224, 10117
22608, 10117
16385, 10117
30520, 10117
14891, 10117
33971, 10117
34945, 10117
41700, 10117
35797, 10117
40466, 10117
21029, 10117
19300, 10117
14761, 10117
15896, 10117
30757, 10117
10117, 16239
10117, 28913
22273, 10118
10118, 37490
23229, 10119
10119, 18450
25121, 10120
22499, 10120
15975, 10120
13536, 10120
18237, 10120
24547, 10120
44219, 10120
36248, 10120
47675, 10120
34991, 10120
10120, 43268
10120, 17076
19678, 10121
20906, 10121
10121, 31660
38317, 10122
33687, 10122
10122, 39745
39169, 10123
10123, 28007
30162, 10124
10124, 32581
27818, 10125
10125, 43091
19174, 10126
10126, 14763
30435, 10127
10127, 26836
10127, 33267
46209, 10128
28413, 10128
30155, 10128
10128, 27277
31059, 10129
10129, 27409
25970, 10130
28369, 10130
42986, 10130
10130, 23217
22897, 10131
10131, 23209
39771, 10132
10132, 32131
24493, 10133
26693, 10133
38619, 10133
10133, 41864
10133, 44162
16774, 10134
10134, 32631
35379, 10135
10135, 44585
42110, 10136
10136, 22542
32297, 10137
10137, 25501
23589, 10138
10138, 45732
10138, 33479
22159, 10139
10139, 48582
38186, 10140
10140, 32343
26619, 10141
10141, 35618
43503, 10142
28262, 10142
31713, 10142
23036, 10142
43092, 10142
29837, 10142
44516, 10142
36721, 10142
10142, 47030
10142, 15602
10142, 31000
10142, 14625
10142, 24095
33701, 10143
10143, 38644
41492, 10144
10144, 28737
29716, 10145
22866, 10145
13231, 10145
12673, 10145
45522, 10145
19813, 10145
33334, 10145
22854, 10145
44190, 10145
17021, 10145
36139, 10145
43187, 10145
16184, 10145
15177, 10145
39009, 10145
48688, 10145
20475, 10145
22714, 10145
33230, 10145
42730, 10145
30701, 10145
24111, 10145
27734, 10145
13794, 10145
40517, 10145
21304, 10145
14158, 10145
35728, 10145
13211, 10145
33814, 10145
20785, 10145
46316, 10145
14977, 10145
44121, 10145
19112, 10145
35423, 10145
29421, 10145
39861, 10145
14173, 10145
31213, 10145
16698, 10145
48487, 10145
19030, 10145
14795, 10145
15077, 10145
47731, 10145
28321, 10145
43240, 10145
15775, 10145
25474, 10145
22632, 10145
12542, 10145
39680, 10145
32986, 10145
41631, 10145
26448, 10145
44267, 10145
33845, 10145
18675, 10145
37169, 10145
14101, 10145
39128, 10145
47985, 10145
39110, 10145
46503, 10145
22193, 10145
23846, 10145
31470, 10145
19571, 10145
44416, 10145
41725, 10145
16720, 10145
12894, 10145
28459, 10145
16994, 10145
42155, 10145
45635, 10145
36770, 10145
14354, 10145
15721, 10145
39070, 10145
42289, 10145
42604, 10145
23857, 10145
23325, 10145
25061, 10145
23403, 10145
33918, 10145
25227, 10145
14464, 10145
16432, 10145
32075, 10145
46987, 10145
48542, 10145
42272, 10145
21918, 10145
16805, 10145
18705, 10145
23005, 10145
46115, 10145
17597, 10145
39704, 10145
26626, 10145
33891, 10145
19016, 10145
25483, 10145
16996, 10145
23986, 10145
33311, 10145
19984, 10145
23199, 10145
33584, 10145
31937, 10145
38545, 10145
12634, 10145
10145, 23902
10145, 26184
22831, 10146
10146, 17181
42110, 10147
10147, 39000
47575, 10148
10148, 15895
21331, 10149
10149, 18076
10149, 28460
15359, 10150
10150, 32824
10150, 44605
10150, 26057
42110, 10151
10151, 28492
41175, 10152
35714, 10152
28419, 10152
22392, 10152
36929, 10152
41952, 10152
10152, 33339
38902, 10153
10153, 48401
10153, 47393
10153, 34739
10153, 22985
10153, 41438
10153, 35500
24360, 10154
10154, 39528
12723, 10155
10155, 44274
13845, 10156
39935, 10156
10156, 33455
36477, 10157
10157, 14794
31319, 10158
19867, 10158
47541, 10158
44584, 10158
38632, 10158
10158, 43946
10158, 22676
10158, 20989
31059, 10159
10159, 45877
42110, 10160
10160, 24232
18140, 10161
10161, 19387
27818, 10162
10162, 46415
39853, 10163
10163, 38113
10163, 34556
10163, 34381
10163, 15476
10163, 32065
36364, 10164
10164, 36844
15783, 10165
10165, 21137
31394, 10166
10166, 19853
10166, 15344
10166, 30300
10166, 16831
20897, 10167
10167, 12691
36465, 10168
10168, 24867
16665, 10169
10169, 38873
40547, 10170
39540, 10170
10170, 39625
44155, 10171
39875, 10171
26799, 10171
44322, 10171
34276, 10171
27181, 10171
24809, 10171
19092, 10171
10171, 33093
10171, 46806
45739, 10172
10172, 20334
20389, 10173
38302, 10173
36870, 10173
44648, 10173
45445, 10173
22145, 10173
27427, 10173
25060, 10173
12387, 10173
21162, 10173
21040, 10173
23017, 10173
35828, 10173
46835, 10173
38496, 10173
29049, 10173
48581, 10173
44318, 10173
35445, 10173
17767, 10173
15733, 10173
39482, 10173
24163, 10173
32292, 10173
25656, 10173
24032, 10173
23452, 10173
45043, 10173
41420, 10173
15610, 10173
13031, 10173
39133, 10173
15190, 10173
13836, 10173
43842, 10173
21801, 10173
20606, 10173
17724, 10173
22881, 10173
41284, 10173
19780, 10173
48454, 10173
35504, 10173
39320, 10173
37389, 10173
19195, 10173
15495, 10173
37760, 10173
35542, 10173
48460, 10173
14876, 10173
33306, 10173
39550, 10173
14958, 10173
20017, 10173
25163, 10173
41768, 10173
41400, 10173
45016, 10173
44716, 10173
46436, 10173
29406, 10173
15396, 10173
25920, 10173
36883, 10173
45044, 10173
28920, 10173
43976, 10173
17630, 10173
32368, 10173
20269, 10173
47869, 10173
14384, 10173
12426, 10173
44621, 10173
25915, 10173
18481, 10173
36436, 10173
21727, 10173
33173, 10173
17004, 10173
37278, 10173
45448, 10173
39507, 10173
45256, 10173
17457, 10173
20120, 10173
22486, 10173
42915, 10173
26845, 10173
23682, 10173
20970, 10173
21739, 10173
45114, 10173
38472, 10173
33801, 10173
45517, 10173
15326, 10173
46874, 10173
44889, 10173
34751, 10173
18970, 10173
36362, 10173
16526, 10173
14533, 10173
15198, 10173
14436, 10173
37763, 10173
45148, 10173
13197, 10173
45187, 10173
37287, 10173
45172, 10173
22206, 10173
25771, 10173
20865, 10173
23384, 10173
47437, 10173
35245, 10173
16678, 10173
44578, 10173
26020, 10173
13083, 10173
37316, 10173
13292, 10173
13619, 10173
13445, 10173
24217, 10173
33217, 10173
27544, 10173
34323, 10173
19959, 10173
48068, 10173
18803, 10173
44992, 10173
29293, 10173
27177, 10173
37368, 10173
14425, 10173
21109, 10173
34631, 10173
12615, 10173
39651, 10173
23555, 10173
18700, 10173
38634, 10173
41209, 10173
25033, 10173
19839, 10173
17707, 10173
29249, 10173
47495, 10173
23329, 10173
26718, 10173
34287, 10173
40573, 10173
44425, 10173
22696, 10173
23434, 10173
22389, 10173
37867, 10173
32708, 10173
15102, 10173
15541, 10173
36044, 10173
20884, 10173
12454, 10173
44152, 10173
14231, 10173
21988, 10173
42474, 10173
28873, 10173
46960, 10173
46865, 10173
29980, 10173
26591, 10173
21288, 10173
34652, 10173
33344, 10173
24439, 10173
28577, 10173
13313, 10173
21905, 10173
25455, 10173
30410, 10173
21146, 10173
36611, 10173
12956, 10173
29941, 10173
39092, 10173
34032, 10173
24038, 10173
18675, 10173
46372, 10173
31356, 10173
33888, 10173
16803, 10173
38465, 10173
46605, 10173
14881, 10173
13756, 10173
39048, 10173
29188, 10173
30314, 10173
46371, 10173
17284, 10173
21144, 10173
26546, 10173
21561, 10173
31449, 10173
22003, 10173
21008, 10173
27755, 10173
21689, 10173
13274, 10173
17927, 10173
15769, 10173
30717, 10173
12472, 10173
42344, 10173
37179, 10173
47776, 10173
17027, 10173
30200, 10173
24751, 10173
43821, 10173
34483, 10173
39863, 10173
48130, 10173
25048, 10173
23768, 10173
34155, 10173
29821, 10173
29929, 10173
37904, 10173
12926, 10173
48677, 10173
25199, 10173
45275, 10173
32253, 10173
48612, 10173
12328, 10173
34292, 10173
37512, 10173
36156, 10173
32966, 10173
34384, 10173
43940, 10173
42703, 10173
22255, 10173
14498, 10173
24123, 10173
27414, 10173
14329, 10173
21808, 10173
16967, 10173
32312, 10173
19642, 10173
20333, 10173
47458, 10173
16102, 10173
41789, 10173
35743, 10173
22545, 10173
14814, 10173
29163, 10173
42660, 10173
10173, 27927
21284, 10174
41371, 10174
20048, 10174
10174, 17916
10174, 44958
47579, 10175
16987, 10175
35379, 10175
10175, 16466
39845, 10176
10176, 33867
10176, 19164
10176, 37967
10176, 36817
46806, 10177
10177, 16134
14174, 10178
10178, 34447
14850, 10179
10179, 29388
10179, 40303
48321, 10180
10180, 39919
10180, 22970
23510, 10181
10181, 36926
20312, 10182
10182, 26836
16459, 10183
10183, 29070
10183, 20804
27490, 10184
10184, 24399
14152, 10185
10185, 31828
37122, 10186
23402, 10186
15014, 10186
33507, 10186
45065, 10186
23570, 10186
24804, 10186
18504, 10186
14659, 10186
10186, 16945
10186, 46477
10186, 45663
10186, 34208
10186, 23506
33153, 10187
10187, 23755
10187, 45695
14032, 10188
18142, 10188
33328, 10188
14605, 10188
17867, 10188
32203, 10188
34672, 10188
15230, 10188
14861, 10188
20366, 10188
42116, 10188
33660, 10188
37749, 10188
39750, 10188
14660, 10188
47213, 10188
32099, 10188
28232, 10188
30624, 10188
44262, 10188
30008, 10188
34531, 10188
32590, 10188
32046, 10188
32890, 10188
25978, 10188
41922, 10188
39302, 10188
14908, 10188
34567, 10188
24157, 10188
43005, 10188
29325, 10188
31268, 10188
20551, 10188
19256, 10188
24874, 10188
10188, 19413
17160, 10189
10189, 14708
10189, 36812
32657, 10190
10190, 29783
39543, 10191
10191, 26995
10191, 29221
46806, 10192
10192, 44133
28789, 10193
27399, 10193
33341, 10193
39570, 10193
18897, 10193
10193, 21818
46806, 10194
10194, 27031
18071, 10195
10195, 36663
16373, 10196
10196, 32712
42110, 10197
10197, 15522
14638, 10198
10198, 26230
10198, 21423
10198, 14838
20398, 10199
10199, 44309
28181, 10200
42019, 10200
10200, 47049
15764, 10201
10201, 31869
10201, 43327
23430, 10202
10202, 45589
38829, 10203
10203, 26451
39186, 10204
10204, 15010
38829, 10205
10205, 19383
24910, 10206
38148, 10206
10206, 41184
13108, 10207
10207, 17583
10207, 27783
16341, 10208
32580, 10208
18732, 10208
45338, 10208
26066, 10208
22011, 10208
42778, 10208
20447, 10208
10208, 25914
37089, 10209
10209, 17028
10209, 21516
43671, 10210
31136, 10210
43892, 10210
34600, 10210
23096, 10210
12935, 10210
10210, 21424
31747, 10211
10211, 18841
33634, 10212
10212, 13487
41650, 10213
10213, 36210
10213, 24046
10213, 35274
42110, 10214
10214, 28615
31120, 10215
10215, 21318
10215, 14923
23460, 10216
10216, 28582
24361, 10217
10217, 45663
42248, 10218
10218, 30697
42110, 10219
10219, 32622
40235, 10220
10220, 37539
44875, 10221
10221, 14923
10221, 27063
36465, 10222
10222, 27488
10222, 33534
40985, 10223
10223, 15961
30759, 10224
10224, 22584
12546, 10225
10225, 26711
10225, 23596
45608, 10226
42039, 10226
10226, 17298
32043, 10227
10227, 23346
10227, 20450
14038, 10228
10228, 22684
41483, 10229
10229, 41592
27908, 10230
48637, 10230
17426, 10230
10230, 41373
10230, 39107
33489, 10231
10231, 29549
15184, 10232
10232, 23695
46806, 10233
10233, 43461
25146, 10234
10234, 41691
42110, 10235
10235, 47544
42174, 10236
10236, 31773
23088, 10237
10237, 31657
27246, 10238
10238, 48465
26113, 10239
10239, 32766
24203, 10240
10240, 31617
25627, 10241
10241, 21113
44146, 10242
10242, 17568
30277, 10243
10243, 47146
32887, 10244
10244, 14250
10244, 39504
10244, 31299
38591, 10245
39595, 10245
10245, 45830
42110, 10246
10246, 20159
42547, 10247
10247, 42538
38615, 10248
10248, 29863
20726, 10249
10249, 42551
36465, 10250
10250, 18690
10250, 45987
14874, 10251
10251, 13771
10251, 18049
10251, 21334
42110, 10252
10252, 34660
38699, 10253
10253, 45047
10253, 44274
46871, 10254
10254, 17028
10254, 16243
10254, 39534
10254, 38644
10254, 46639
47278, 10255
10255, 36926
10255, 22247
38578, 10256
10256, 26332
48394, 10257
32746, 10257
35822, 10257
42755, 10257
31259, 10257
15804, 10257
42123, 10257
19781, 10257
29576, 10257
10257, 41606
41397, 10258
10258, 46477
47309, 10259
10259, 31985
30210, 10260
10260, 16040
47858, 10261
10261, 12422
17202, 10262
10262, 34864
10262, 41174
10262, 13460
10262, 15042
10262, 29930
21106, 10263
31196, 10263
10263, 48685
18845, 10264
10264, 23500
10264, 24046
10264, 44766
32026, 10265
34671, 10265
29356, 10265
10265, 43669
14790, 10266
10266, 21220
10266, 46882
10266, 32354
10266, 40208
17072, 10267
10267, 14336
40682, 10268
10268, 18465
19175, 10269
27671, 10269
10269, 30787
42110, 10270
10270, 41611
25179, 10271
10271, 34075
20483, 10272
10272, 44672
25210, 10273
10273, 40074
20058, 10274
10274, 46876
47240, 10275
10275, 26917
42110, 10276
10276, 23954
38547, 10277
27342, 10277
43939, 10277
26321, 10277
30455, 10277
27192, 10277
10277, 38834
17266, 10278
10278, 21650
10278, 45116
10278, 42736
10278, 39521
10278, 24948
10278, 43139
10278, 37802
10278, 41551
10278, 35447
10278, 28546
10278, 35236
10278, 43009
10278, 25870
10278, 32612
10278, 13848
10278, 31472
10278, 48112
10278, 16589
10278, 33166
10278, 31439
10278, 23598
10278, 25390
10278, 37684
10278, 38286
10278, 26059
10278, 48082
10278, 27161
10278, 21638
10278, 19353
10278, 36956
10278, 16992
10278, 27656
10278, 44802
10278, 41154
10278, 25031
10278, 29721
10278, 26025
10278, 24700
10278, 18737
10278, 12508
10278, 13666
10278, 15951
10278, 38565
10278, 37560
10278, 21990
10278, 21178
10278, 48385
23771, 10279
10279, 28889
10279, 12463
29077, 10280
10280, 42585
42110, 10281
10281, 17585
46477, 10282
23092, 10282
28193, 10282
41021, 10282
10282, 38134
46595, 10283
10283, 47625
46299, 10284
10284, 33054
10284, 23269
10284, 32035
10284, 24005
10284, 36476
42110, 10285
10285, 42798
25532, 10286
10286, 21294
10286, 18049
10286, 30062
14003, 10287
10287, 36613
27195, 10288
10288, 14783
40293, 10289
10289, 33607
41781, 10290
10290, 46570
41188, 10291
40933, 10291
25687, 10291
15118, 10291
23107, 10291
15434, 10291
22659, 10291
37825, 10291
10291, 19187
10291, 33179
10291, 13308
10291, 47755
10291, 21050
10291, 32619
10291, 24294
10291, 31156
10291, 18146
15871, 10292
10292, 31603
44860, 10293
10293, 15096
12559, 10294
10294, 27802
16144, 10295
10295, 25824
43607, 10296
10296, 46169
46771, 10297
29809, 10297
10297, 29443
28875, 10298
36433, 10298
14258, 10298
41533, 10298
40403, 10298
10298, 20463
13520, 10299
10299, 15790
22832, 10300
10300, 28616
32578, 10301
10301, 13849
28184, 10302
10302, 34873
47426, 10303
10303, 25700
22656, 10304
10304, 39964
38829, 10305
10305, 16546
27274, 10306
10306, 34635
10306, 32752
10306, 24899
10306, 17230
38433, 10307
10307, 38867
45205, 10308
10308, 43250
36705, 10309
10309, 34977
46806, 10310
10310, 45631
19678, 10311
18197, 10311
10311, 38513
16311, 10312
48497, 10312
34934, 10312
37753, 10312
21775, 10312
10312, 44658
10312, 28051
10312, 43119
31187, 10313
38749, 10313
41332, 10313
45407, 10313
24188, 10313
35840, 10313
22516, 10313
35440, 10313
29783, 10313
34080, 10313
23971, 10313
41316, 10313
12891, 10313
39212, 10313
43339, 10313
19766, 10313
39256, 10313
20479, 10313
22119, 10313
14794, 10313
44906, 10313
26490, 10313
40055, 10313
20546, 10313
27889, 10313
23886, 10313
27770, 10313
42104, 10313
33805, 10313
21079, 10313
40894, 10313
21309, 10313
46667, 10313
38959, 10313
20989, 10313
32468, 10313
34245, 10313
46440, 10313
46416, 10313
19799, 10313
23189, 10313
36247, 10313
24809, 10313
14681, 10313
35528, 10313
17928, 10313
21807, 10313
31248, 10313
16103, 10313
47863, 10313
33212, 10313
10313, 46806
10313, 17242
33179, 10314
10314, 34017
40298, 10315
10315, 23651
28405, 10316
10316, 33998
22225, 10317
23026, 10317
10317, 35807
33906, 10318
13422, 10318
10318, 38778
43253, 10319
10319, 37289
46806, 10320
10320, 43498
23248, 10321
10321, 20670
29009, 10322
10322, 36996
43231, 10323
44120, 10323
10323, 40598
47294, 10324
10324, 15363
40191, 10325
10325, 12917
25989, 10326
32961, 10326
40338, 10326
34410, 10326
16127, 10326
37574, 10326
29267, 10326
37894, 10326
35639, 10326
38752, 10326
46719, 10326
33486, 10326
12996, 10326
29321, 10326
40267, 10326
29647, 10326
15683, 10326
21693, 10326
27319, 10326
29692, 10326
32713, 10326
33130, 10326
19331, 10326
14201, 10326
27590, 10326
40700, 10326
29387, 10326
39583, 10326
16453, 10326
13046, 10326
30175, 10326
41503, 10326
30109, 10326
45644, 10326
40152, 10326
28830, 10326
43968, 10326
19899, 10326
40148, 10326
46932, 10326
23865, 10326
29493, 10326
31573, 10326
26285, 10326
22500, 10326
46794, 10326
39379, 10326
35605, 10326
37048, 10326
43189, 10326
20039, 10326
38831, 10326
29616, 10326
46201, 10326
20035, 10326
45814, 10326
41799, 10326
34218, 10326
33635, 10326
43921, 10326
13908, 10326
24571, 10326
48669, 10326
35194, 10326
20641, 10326
43510, 10326
39965, 10326
20602, 10326
47804, 10326
36333, 10326
19117, 10326
39572, 10326
14722, 10326
43437, 10326
46124, 10326
16643, 10326
30179, 10326
33820, 10326
30036, 10326
22543, 10326
40628, 10326
23106, 10326
10326, 25639
38020, 10327
10327, 13888
42110, 10328
10328, 13207
15162, 10329
10329, 40025
35379, 10330
10330, 27940
42110, 10331
10331, 39155
15916, 10332
10332, 40502
42110, 10333
10333, 15800
44417, 10334
10334, 33510
46617, 10335
29587, 10335
27828, 10335
25144, 10335
10335, 40497
17985, 10336
10336, 44150
38993, 10337
10337, 42945
10337, 30896
10337, 33246
23480, 10338
10338, 24127
27818, 10339
10339, 24981
43413, 10340
10340, 19384
42175, 10341
10341, 32824
23149, 10342
10342, 21228
18817, 10343
29654, 10343
10343, 42163
38969, 10344
10344, 42131
18666, 10345
19751, 10345
10345, 34302
42110, 10346
10346, 26430
46806, 10347
10347, 25716
38314, 10348
10348, 43959
37159, 10349
10349, 40202
14905, 10350
29894, 10350
10350, 25450
39306, 10351
10351, 16180
10351, 33164
12690, 10352
10352, 45576
10352, 41616
10352, 46416
16048, 10353
10353, 44962
37365, 10354
34539, 10354
30183, 10354
14692, 10354
10354, 19454
29896, 10355
36998, 10355
34841, 10355
16250, 10355
37211, 10355
21701, 10355
18054, 10355
18701, 10355
24288, 10355
31641, 10355
13577, 10355
48399, 10355
22570, 10355
14035, 10355
28383, 10355
46568, 10355
26328, 10355
30367, 10355
19686, 10355
44243, 10355
39991, 10355
10355, 17302
36250, 10356
46200, 10356
10356, 33810
31007, 10357
10357, 37319
38092, 10358
10358, 40291
36409, 10359
10359, 29142
36465, 10360
10360, 47766
10360, 39612
17387, 10361
10361, 42077
20024, 10362
35285, 10362
28892, 10362
46192, 10362
13740, 10362
15979, 10362
10362, 17564
10362, 41080
40540, 10363
10363, 26080
42110, 10364
10364, 35352
41649, 10365
31551, 10365
10365, 22978
35914, 10366
27513, 10366
40296, 10366
36681, 10366
31653, 10366
18523, 10366
29055, 10366
22394, 10366
32802, 10366
32264, 10366
47225, 10366
39782, 10366
30274, 10366
40958, 10366
38372, 10366
22873, 10366
42643, 10366
10366, 39693
45259, 10367
46329, 10367
43060, 10367
22497, 10367
18010, 10367
44154, 10367
10367, 24756
10367, 24799
46806, 10368
10368, 42633
30807, 10369
10369, 20374
10369, 48354
10369, 32124
18875, 10370
39426, 10370
44273, 10370
43993, 10370
25050, 10370
47195, 10370
10370, 24617
40706, 10371
10371, 42662
10371, 22959
20692, 10372
10372, 17156
27695, 10373
10373, 48017
10373, 26802
10373, 32701
12428, 10374
10374, 34871
48075, 10375
10375, 14998
10375, 44800
42110, 10376
10376, 30645
33952, 10377
10377, 43285
14311, 10378
10378, 13263
46806, 10379
10379, 46409
39554, 10380
10380, 23400
10380, 14689
10380, 27783
34541, 10381
10381, 21364
13022, 10382
10382, 30011
10382, 12334
10382, 24984
10382, 27063
10382, 16764
10382, 37593
42110, 10383
10383, 35982
19260, 10384
22604, 10384
22087, 10384
22709, 10384
31894, 10384
10384, 16449
47575, 10385
10385, 16687
42110, 10386
10386, 23094
13264, 10387
10387, 44473
46806, 10388
10388, 27019
42715, 10389
10389, 43817
10389, 43364
10389, 17129
36465, 10390
10390, 25917
10390, 33534
13882, 10391
10391, 37797
42110, 10392
10392, 38320
37429, 10393
13453, 10393
10393, 47397
10393, 36223
23126, 10394
10394, 15261
16191, 10395
13133, 10395
10395, 17302
22616, 10396
10396, 14187
29672, 10397
10397, 44780
15617, 10398
10398, 16302
10398, 17386
19988, 10399
10399, 38705
22977, 10400
14002, 10400
16279, 10400
20063, 10400
25312, 10400
12981, 10400
45764, 10400
19880, 10400
28255, 10400
31930, 10400
20565, 10400
19264, 10400
47386, 10400
37259, 10400
37302, 10400
27043, 10400
41991, 10400
17556, 10400
39233, 10400
29670, 10400
48040, 10400
45360, 10400
42900, 10400
18486, 10400
35336, 10400
43523, 10400
41997, 10400
37039, 10400
19441, 10400
41088, 10400
21744, 10400
39439, 10400
27583, 10400
16350, 10400
27323, 10400
47751, 10400
29285, 10400
46263, 10400
38032, 10400
18166, 10400
18491, 10400
46888, 10400
46462, 10400
14636, 10400
18688, 10400
29330, 10400
16094, 10400
26965, 10400
41740, 10400
41300, 10400
18736, 10400
47736, 10400
42584, 10400
37738, 10400
43100, 10400
27585, 10400
25347, 10400
31288, 10400
15681, 10400
37257, 10400
33534, 10400
16446, 10400
29083, 10400
28573, 10400
12876, 10400
31141, 10400
35537, 10400
15840, 10400
15159, 10400
23753, 10400
27005, 10400
19421, 10400
29849, 10400
46549, 10400
18131, 10400
20720, 10400
43082, 10400
14957, 10400
16309, 10400
40864, 10400
41307, 10400
10400, 15901
22818, 10401
10401, 45144
47699, 10402
10402, 46649
16244, 10403
10403, 15555
25893, 10404
39235, 10404
10404, 30511
45205, 10405
10405, 23801
30956, 10406
10406, 40044
13201, 10407
10407, 18886
31322, 10408
41834, 10408
10408, 41928
26523, 10409
10409, 21405
44814, 10410
38329, 10410
10410, 42481
36690, 10411
21643, 10411
10411, 47554
34157, 10412
14332, 10412
38156, 10412
10412, 42047
30920, 10413
10413, 26156
32831, 10414
44818, 10414
17281, 10414
10414, 34930
46771, 10415
10415, 47628
34530, 10416
19680, 10416
10416, 13340
10416, 39057
26964, 10417
10417, 38359
27325, 10418
10418, 39300
36465, 10419
10419, 35876
10419, 48376
27274, 10420
10420, 12314
42110, 10421
10421, 43237
14191, 10422
10422, 45946
10422, 33346
10422, 13284
28820, 10423
10423, 19710
42110, 10424
10424, 25538
44292, 10425
10425, 21798
45768, 10426
10426, 47310
10426, 37642
10426, 44016
26884, 10427
10427, 13133
10427, 26024
10427, 15849
10427, 18847
10427, 20293
10427, 41995
10427, 29422
10427, 44017
10427, 27777
42110, 10428
10428, 20466
20304, 10429
10429, 46113
45335, 10430
10430, 46573
31373, 10431
10431, 33326
38829, 10432
10432, 23003
25481, 10433
10433, 32696
10433, 40310
10433, 41456
42110, 10434
10434, 39248
42110, 10435
10435, 48322
18330, 10436
10436, 26125
10436, 21752
42110, 10437
10437, 32438
42110, 10438
10438, 19287
19994, 10439
10439, 47236
42110, 10440
10440, 22239
21924, 10441
10441, 15306
46806, 10442
10442, 45631
42110, 10443
10443, 48353
45019, 10444
33992, 10444
10444, 47466
27259, 10445
10445, 17969
18863, 10446
18865, 10446
39373, 10446
30106, 10446
18488, 10446
16298, 10446
29607, 10446
48152, 10446
35555, 10446
17871, 10446
27334, 10446
34996, 10446
38318, 10446
37143, 10446
15977, 10446
21051, 10446
47515, 10446
17238, 10446
24319, 10446
13257, 10446
32729, 10446
38641, 10446
20940, 10446
21505, 10446
46582, 10446
23967, 10446
25313, 10446
13266, 10446
16226, 10446
21611, 10446
29350, 10446
44795, 10446
21823, 10446
21183, 10446
30294, 10446
23167, 10446
18106, 10446
21479, 10446
19438, 10446
31655, 10446
15074, 10446
14378, 10446
35057, 10446
27479, 10446
33926, 10446
23939, 10446
25631, 10446
17372, 10446
33573, 10446
14683, 10446
25524, 10446
10446, 17302
48447, 10447
10447, 12835
32578, 10448
10448, 39716
25094, 10449
10449, 47667
10449, 31389
10449, 14364
43046, 10450
10450, 48088
37892, 10451
10451, 16200
47575, 10452
29809, 10452
10452, 47253
10452, 39904
10452, 41359
18678, 10453
10453, 38053
10453, 19870
46771, 10454
10454, 22764
42110, 10455
10455, 21447
47699, 10456
10456, 15902
15385, 10457
10457, 41055
23772, 10458
10458, 47429
48466, 10459
10459, 19966
10459, 38471
30984, 10460
10460, 41668
39067, 10461
45547, 10461
29608, 10461
18295, 10461
10461, 24194
32036, 10462
10462, 48365
10462, 45848
38989, 10463
19878, 10463
36500, 10463
10463, 33641
41951, 10464
10464, 33349
38185, 10465
10465, 23672
14589, 10466
10466, 30115
41951, 10467
10467, 19171
10467, 31258
29881, 10468
10468, 24182
10468, 38249
42110, 10469
10469, 13161
30537, 10470
25346, 10470
33570, 10470
34888, 10470
42721, 10470
32901, 10470
23516, 10470
45678, 10470
10470, 36097
19183, 10471
10471, 48210
47755, 10472
47119, 10472
48320, 10472
32696, 10472
30181, 10472
15023, 10472
27756, 10472
28889, 10472
18469, 10472
25860, 10472
33831, 10472
33346, 10472
35575, 10472
41843, 10472
45239, 10472
14090, 10472
39950, 10472
16548, 10472
38655, 10472
27518, 10472
22356, 10472
19933, 10472
40035, 10472
31348, 10472
33388, 10472
29786, 10472
43119, 10472
24750, 10472
14440, 10472
40310, 10472
18894, 10472
45129, 10472
46037, 10472
21552, 10472
43752, 10472
13269, 10472
27676, 10472
38735, 10472
33011, 10472
17870, 10472
20615, 10472
39919, 10472
37109, 10472
20631, 10472
30420, 10472
25955, 10472
18627, 10472
20231, 10472
22168, 10472
24046, 10472
41456, 10472
22907, 10472
48295, 10472
34635, 10472
45672, 10472
27052, 10472
35274, 10472
15866, 10472
30871, 10472
16904, 10472
28416, 10472
13433, 10472
38784, 10472
35690, 10472
34647, 10472
20180, 10472
15337, 10472
14956, 10472
29205, 10472
15300, 10472
42708, 10472
12613, 10472
37388, 10472
40326, 10472
44836, 10472
19754, 10472
39516, 10472
38557, 10472
36926, 10472
36476, 10472
10472, 42110
42110, 10473
10473, 24039
31663, 10474
10474, 13213
10474, 31786
10474, 41960
31986, 10475
10475, 12369
34609, 10476
10476, 25635
46806, 10477
10477, 28697
24459, 10478
10478, 31588
10478, 27783
42110, 10479
10479, 22076
42110, 10480
10480, 37621
46020, 10481
35227, 10481
10481, 37354
47417, 10482
10482, 21912
42110, 10483
10483, 39500
26231, 10484
33552, 10484
10484, 32199
28863, 10485
10485, 42930
42174, 10486
10486, 46326
42509, 10487
10487, 27113
29061, 10488
40587, 10488
23733, 10488
33221, 10488
25248, 10488
18717, 10488
10488, 20719
42110, 10489
10489, 33100
45205, 10490
10490, 40386
45663, 10491
48626, 10491
18936, 10491
10491, 35263
13960, 10492
28604, 10492
10492, 34047
41951, 10493
10493, 33726
38088, 10494
10494, 23893
29277, 10495
10495, 19026
21189, 10496
10496, 22420
36465, 10497
10497, 27996
10497, 31249
10497, 35389
10497, 20021
46806, 10498
10498, 48626
47755, 10499
30664, 10499
41767, 10499
36030, 10499
14724, 10499
26432, 10499
43695, 10499
19842, 10499
26313, 10499
40119, 10499
33632, 10499
21731, 10499
45631, 10499
37642, 10499
13561, 10499
34584, 10499
36976, 10499
31680, 10499
44281, 10499
20391, 10499
12681, 10499
35575, 10499
40677, 10499
40212, 10499
16455, 10499
35427, 10499
35954, 10499
21063, 10499
24724, 10499
20959, 10499
41681, 10499
40203, 10499
18116, 10499
21313, 10499
27694, 10499
38867, 10499
46169, 10499
45067, 10499
20962, 10499
23328, 10499
29803, 10499
48064, 10499
12623, 10499
35045, 10499
21357, 10499
46144, 10499
14821, 10499
39934, 10499
23236, 10499
23695, 10499
44016, 10499
20810, 10499
14178, 10499
21373, 10499
19745, 10499
17505, 10499
46392, 10499
43119, 10499
31044, 10499
35814, 10499
39443, 10499
24750, 10499
36718, 10499
45737, 10499
23562, 10499
48533, 10499
16416, 10499
20170, 10499
14410, 10499
23269, 10499
48323, 10499
38761, 10499
18894, 10499
12700, 10499
47878, 10499
45636, 10499
45387, 10499
38992, 10499
32398, 10499
42697, 10499
13192, 10499
13269, 10499
46062, 10499
14141, 10499
31858, 10499
43003, 10499
17870, 10499
20615, 10499
41023, 10499
39919, 10499
29534, 10499
37699, 10499
38644, 10499
12626, 10499
16927, 10499
15895, 10499
39227, 10499
34884, 10499
46966, 10499
31701, 10499
13470, 10499
40284, 10499
24417, 10499
43421, 10499
15090, 10499
40303, 10499
36584, 10499
38038, 10499
12572, 10499
40913, 10499
14783, 10499
22970, 10499
14838, 10499
27664, 10499
27401, 10499
32631, 10499
30103, 10499
27105, 10499
32054, 10499
35283, 10499
41690, 10499
29793, 10499
32380, 10499
17342, 10499
46056, 10499
37315, 10499
20097, 10499
17129, 10499
31828, 10499
15780, 10499
30662, 10499
39401, 10499
38719, 10499
38382, 10499
45080, 10499
14446, 10499
40559, 10499
34208, 10499
24294, 10499
13433, 10499
32290, 10499
36926, 10499
45577, 10499
44189, 10499
29011, 10499
34273, 10499
43384, 10499
39714, 10499
48232, 10499
45269, 10499
43031, 10499
45689, 10499
40839, 10499
25669, 10499
16850, 10499
21795, 10499
15606, 10499
42105, 10499
25297, 10499
21366, 10499
18887, 10499
20308, 10499
47182, 10499
37539, 10499
44044, 10499
35320, 10499
30184, 10499
16978, 10499
28416, 10499
15491, 10499
13157, 10499
22530, 10499
16151, 10499
23290, 10499
33444, 10499
17194, 10499
47211, 10499
26711, 10499
32980, 10499
37290, 10499
10499, 42110
38373, 10500
34239, 10500
10500, 16389
40261, 10501
10501, 18635
28054, 10502
10502, 33054
28617, 10503
43728, 10503
10503, 37231
36472, 10504
10504, 46392
21903, 10505
10505, 25117
15732, 10506
38934, 10506
10506, 17646
33489, 10507
10507, 29549
14716, 10508
10508, 30390
17089, 10509
10509, 26811
10509, 29366
13771, 10510
19776, 10510
20800, 10510
10510, 33172
38105, 10511
10511, 21482
24505, 10512
10512, 15411
13613, 10513
10513, 17714
26128, 10514
10514, 17870
10514, 48295
10514, 36926
42138, 10515
10515, 23956
13204, 10516
44876, 10516
10516, 31839
41285, 10517
15444, 10517
15825, 10517
47766, 10517
27996, 10517
18307, 10517
20185, 10517
18595, 10517
40741, 10517
26785, 10517
29203, 10517
19713, 10517
46556, 10517
33409, 10517
24389, 10517
15372, 10517
15818, 10517
24785, 10517
39612, 10517
33212, 10517
42203, 10517
25149, 10517
47980, 10517
26343, 10517
40928, 10517
44322, 10517
43638, 10517
21995, 10517
35510, 10517
16700, 10517
20137, 10517
20124, 10517
26683, 10517
16472, 10517
19872, 10517
18696, 10517
14726, 10517
15582, 10517
29230, 10517
24059, 10517
48403, 10517
27359, 10517
40872, 10517
46766, 10517
39673, 10517
18650, 10517
45273, 10517
48017, 10517
31323, 10517
36502, 10517
30229, 10517
43285, 10517
41677, 10517
46936, 10517
14980, 10517
33510, 10517
15030, 10517
37913, 10517
47145, 10517
47863, 10517
27909, 10517
43355, 10517
40497, 10517
41080, 10517
31670, 10517
44576, 10517
37284, 10517
41248, 10517
19369, 10517
22880, 10517
47887, 10517
24809, 10517
30418, 10517
29577, 10517
12937, 10517
27656, 10517
40733, 10517
35818, 10517
20740, 10517
28453, 10517
13106, 10517
10517, 46806
10517, 25550
45205, 10518
10518, 31223
46806, 10519
10519, 42633
44028, 10520
10520, 17174
28386, 10521
10521, 25863
10521, 31538
42110, 10522
10522, 31676
20002, 10523
10523, 29954
19512, 10524
26297, 10524
10524, 38342
36828, 10525
37541, 10525
10525, 22502
46806, 10526
10526, 28483
31594, 10527
10527, 34137
19998, 10528
31226, 10528
26119, 10528
38698, 10528
45446, 10528
26026, 10528
46186, 10528
31476, 10528
12471, 10528
10528, 17302
13165, 10529
10529, 32134
16761, 10530
10530, 27594
36465, 10531
10531, 33966
42110, 10532
10532, 34293
18801, 10533
10533, 18197
40919, 10534
39338, 10534
10534, 14025
26131, 10535
10535, 28451
36335, 10536
10536, 36491
24576, 10537
10537, 13136
14120, 10538
10538, 35764
31059, 10539
10539, 25137
46806, 10540
10540, 12671
36616, 10541
10541, 25103
27897, 10542
10542, 33510
18633, 10543
10543, 27626
38421, 10544
10544, 15036
10544, 21399
40363, 10545
10545, 22355
39380, 10546
10546, 36047
36331, 10547
40260, 10547
27946, 10547
38116, 10547
31020, 10547
46698, 10547
25026, 10547
25422, 10547
37340, 10547
37931, 10547
30755, 10547
45879, 10547
45670, 10547
13502, 10547
35878, 10547
41266, 10547
22924, 10547
41894, 10547
24136, 10547
21475, 10547
44316, 10547
36325, 10547
21378, 10547
42995, 10547
27425, 10547
14907, 10547
13558, 10547
15378, 10547
18760, 10547
46475, 10547
27007, 10547
13341, 10547
20956, 10547
43934, 10547
31061, 10547
16177, 10547
18446, 10547
47750, 10547
42365, 10547
38233, 10547
22992, 10547
35981, 10547
21906, 10547
28609, 10547
22814, 10547
15768, 10547
40478, 10547
10547, 19413
16361, 10548
10548, 17216
10548, 41183
15506, 10549
10549, 38557
21481, 10550
10550, 46343
13373, 10551
10551, 20580
36465, 10552
10552, 27996
10552, 19872
10552, 20935
15036, 10553
26003, 10553
10553, 17248
33858, 10554
10554, 35169
35379, 10555
10555, 20778
13349, 10556
10556, 20615
23698, 10557
23049, 10557
10557, 16548
26223, 10558
10558, 31556
40905, 10559
33390, 10559
22029, 10559
38640, 10559
17022, 10559
46172, 10559
12655, 10559
24506, 10559
10559, 17068
10559, 43285
35379, 10560
10560, 30209
10560, 31150
29377, 10561
10561, 29952
10561, 27783
38656, 10562
10562, 37038
24712, 10563
10563, 27835
35509, 10564
10564, 37055
35875, 10565
10565, 44322
29058, 10566
24357, 10566
17866, 10566
30384, 10566
47209, 10566
33593, 10566
10566, 41442
32557, 10567
10567, 31226
10567, 45045
10567, 32344
22755, 10568
29196, 10568
29555, 10568
10568, 25943
28343, 10569
10569, 35356
10569, 32684
10569, 12749
40505, 10570
10570, 18634
18332, 10571
10571, 42241
42110, 10572
10572, 12785
36268, 10573
10573, 15720
20586, 10574
10574, 41438
17763, 10575
10575, 48543
20765, 10576
10576, 33069
41871, 10577
10577, 26478
10577, 22991
39495, 10578
36473, 10578
10578, 27231
42110, 10579
10579, 37093
12584, 10580
10580, 30529
42110, 10581
10581, 38039
28233, 10582
10582, 17963
35318, 10583
10583, 27448
10583, 38879
10583, 25580
43660, 10584
10584, 41101
10584, 41824
19620, 10585
19486, 10585
12353, 10585
25730, 10585
43835, 10585
10585, 24659
15609, 10586
10586, 26373
26383, 10587
10587, 29069
13310, 10588
10588, 18493
10588, 23506
10588, 32065
42110, 10589
10589, 29765
16116, 10590
10590, 37623
40828, 10591
48086, 10591
10591, 16412
19554, 10592
36370, 10592
10592, 33810
10592, 30665
38388, 10593
10593, 25571
10593, 12498
10593, 27794
25759, 10594
10594, 12433
48037, 10595
10595, 32346
24437, 10596
10596, 37281
36465, 10597
10597, 40230
36767, 10598
10598, 19059
48675, 10599
10599, 21516
42632, 10600
10600, 34850
44220, 10601
10601, 15805
23182, 10602
10602, 47533
10602, 37967
31362, 10603
22860, 10603
25193, 10603
13143, 10603
42776, 10603
10603, 43339
45340, 10604
10604, 38557
26299, 10605
47625, 10605
10605, 29002
12588, 10606
10606, 25297
42110, 10607
10607, 42588
29196, 10608
25726, 10608
10608, 39678
42110, 10609
10609, 39219
46806, 10610
10610, 41842
37694, 10611
10611, 15532
10611, 47109
14751, 10612
10612, 26039
10612, 27853
20964, 10613
10613, 29702
17958, 10614
10614, 15272
13806, 10615
10615, 16682
38829, 10616
10616, 12429
45939, 10617
10617, 43276
16174, 10618
10618, 44646
14718, 10619
10619, 26168
30219, 10620
10620, 46555
31135, 10621
20364, 10621
14019, 10621
30924, 10621
29394, 10621
21824, 10621
21010, 10621
28798, 10621
36470, 10621
47770, 10621
43593, 10621
17362, 10621
15998, 10621
30053, 10621
13780, 10621
42876, 10621
35609, 10621
37907, 10621
25963, 10621
13993, 10621
27809, 10621
26932, 10621
14669, 10621
25034, 10621
28157, 10621
18619, 10621
17674, 10621
20246, 10621
31645, 10621
34007, 10621
44372, 10621
29732, 10621
14365, 10621
34803, 10621
18125, 10621
21256, 10621
37645, 10621
25231, 10621
17885, 10621
25440, 10621
19293, 10621
40245, 10621
37603, 10621
12724, 10621
46817, 10621
43419, 10621
15888, 10621
47301, 10621
44410, 10621
43143, 10621
30215, 10621
34440, 10621
20316, 10621
36960, 10621
42189, 10621
22322, 10621
25993, 10621
34288, 10621
37687, 10621
28884, 10621
25829, 10621
21853, 10621
42880, 10621
43365, 10621
38883, 10621
45285, 10621
19445, 10621
20992, 10621
44531, 10621
34738, 10621
41525, 10621
41876, 10621
26088, 10621
46367, 10621
35037, 10621
26195, 10621
36410, 10621
32695, 10621
34235, 10621
15665, 10621
17813, 10621
12523, 10621
25644, 10621
33769, 10621
29087, 10621
36668, 10621
19836, 10621
35235, 10621
43313, 10621
41089, 10621
35406, 10621
31673, 10621
13080, 10621
13397, 10621
34880, 10621
26031, 10621
28995, 10621
13133, 10621
37212, 10621
40640, 10621
28408, 10621
45232, 10621
26049, 10621
24515, 10621
24063, 10621
26751, 10621
32366, 10621
27831, 10621
47341, 10621
35654, 10621
33558, 10621
28229, 10621
14437, 10621
33352, 10621
38709, 10621
41428, 10621
35366, 10621
17694, 10621
16869, 10621
46613, 10621
13096, 10621
23849, 10621
38597, 10621
22990, 10621
26357, 10621
23072, 10621
19647, 10621
47148, 10621
35057, 10621
17697, 10621
42156, 10621
27678, 10621
23741, 10621
24941, 10621
41735, 10621
33603, 10621
16842, 10621
33472, 10621
29813, 10621
44575, 10621
24162, 10621
40262, 10621
40183, 10621
41033, 10621
38645, 10621
23668, 10621
36100, 10621
41051, 10621
31870, 10621
42215, 10621
48088, 10621
21840, 10621
32711, 10621
40596, 10621
32030, 10621
42448, 10621
45937, 10621
48368, 10621
24790, 10621
42978, 10621
41395, 10621
39841, 10621
46355, 10621
24772, 10621
43109, 10621
36391, 10621
15726, 10621
10621, 17302
24946, 10622
10622, 27063
10622, 37939
39736, 10623
10623, 29752
10623, 19745
42110, 10624
10624, 38147
32884, 10625
10625, 41269
18128, 10626
41659, 10626
48620, 10626
18048, 10626
42396, 10626
20314, 10626
42860, 10626
17122, 10626
26169, 10626
46501, 10626
27247, 10626
33973, 10626
43992, 10626
31961, 10626
42076, 10626
42486, 10626
48159, 10626
17279, 10626
23817, 10626
48095, 10626
27825, 10626
29908, 10626
28294, 10626
27188, 10626
37054, 10626
36022, 10626
34341, 10626
28498, 10626
32854, 10626
38011, 10626
35708, 10626
20896, 10626
18495, 10626
15067, 10626
28860, 10626
30504, 10626
36181, 10626
41730, 10626
39406, 10626
20967, 10626
43507, 10626
22606, 10626
31449, 10626
36754, 10626
37022, 10626
44268, 10626
18399, 10626
39188, 10626
26559, 10626
47802, 10626
46604, 10626
46276, 10626
46471, 10626
25500, 10626
20984, 10626
48631, 10626
25810, 10626
37889, 10626
46319, 10626
26649, 10626
15710, 10626
13465, 10626
41830, 10626
21979, 10626
39561, 10626
19771, 10626
30752, 10626
28447, 10626
15692, 10626
28564, 10626
12772, 10626
15456, 10626
39748, 10626
12636, 10626
38507, 10626
30678, 10626
45513, 10626
41989, 10626
42819, 10626
43335, 10626
24903, 10626
37329, 10626
23528, 10626
39739, 10626
14802, 10626
34572, 10626
44159, 10626
17249, 10626
37446, 10626
15867, 10626
18434, 10626
17680, 10626
26795, 10626
39886, 10626
25936, 10626
35990, 10626
44184, 10626
25622, 10626
39663, 10626
27562, 10626
16541, 10626
27458, 10626
37375, 10626
32426, 10626
17829, 10626
28987, 10626
45643, 10626
27728, 10626
22638, 10626
15817, 10626
23432, 10626
48634, 10626
33768, 10626
43324, 10626
18620, 10626
26567, 10626
17263, 10626
46146, 10626
17497, 10626
36664, 10626
29825, 10626
30331, 10626
39002, 10626
39936, 10626
36723, 10626
48615, 10626
23584, 10626
21141, 10626
19600, 10626
17678, 10626
13965, 10626
44295, 10626
26509, 10626
12898, 10626
20229, 10626
33895, 10626
12473, 10626
19382, 10626
23953, 10626
15383, 10626
46506, 10626
34362, 10626
12889, 10626
46970, 10626
15503, 10626
21370, 10626
40032, 10626
31754, 10626
34299, 10626
43262, 10626
21098, 10626
19465, 10626
16680, 10626
48310, 10626
14118, 10626
34375, 10626
38828, 10626
14486, 10626
17127, 10626
46525, 10626
29459, 10626
25399, 10626
46988, 10626
19510, 10626
25747, 10626
40688, 10626
24734, 10626
16211, 10626
15586, 10626
23285, 10626
29884, 10626
37979, 10626
41849, 10626
26780, 10626
41076, 10626
24274, 10626
23040, 10626
27747, 10626
13966, 10626
16076, 10626
36677, 10626
13565, 10626
12624, 10626
32189, 10626
27004, 10626
39375, 10626
44287, 10626
38482, 10626
39331, 10626
37784, 10626
17972, 10626
10626, 19803
10626, 12832
25179, 10627
10627, 23293
47634, 10628
16637, 10628
10628, 24195
48646, 10629
13529, 10629
16250, 10629
29695, 10629
34738, 10629
47504, 10629
34510, 10629
40386, 10629
47284, 10629
34335, 10629
10629, 17302
12888, 10630
26774, 10630
10630, 38867
47705, 10631
28980, 10631
10631, 25497
34304, 10632
10632, 38804
10632, 16317
10632, 45393
42110, 10633
10633, 17708
22735, 10634
25480, 10634
10634, 29589
16812, 10635
10635, 19562
44910, 10636
28128, 10636
10636, 32677
12644, 10637
10637, 20806
47218, 10638
10638, 48026
36465, 10639
10639, 38150
10639, 37908
43407, 10640
35018, 10640
15767, 10640
46905, 10640
20820, 10640
42035, 10640
20795, 10640
37276, 10640
22592, 10640
38695, 10640
16470, 10640
34087, 10640
23494, 10640
25611, 10640
29242, 10640
36595, 10640
23727, 10640
23791, 10640
43966, 10640
13087, 10640
12303, 10640
15484, 10640
30330, 10640
18378, 10640
25819, 10640
14785, 10640
26226, 10640
31387, 10640
36136, 10640
24276, 10640
45266, 10640
17739, 10640
15244, 10640
25357, 10640
35423, 10640
34416, 10640
23745, 10640
35228, 10640
25220, 10640
45676, 10640
34538, 10640
28954, 10640
24841, 10640
14167, 10640
21338, 10640
12883, 10640
41554, 10640
24548, 10640
44921, 10640
31866, 10640
21346, 10640
40595, 10640
10640, 20136
10640, 43211
10640, 21868
10640, 16356
17924, 10641
32204, 10641
10641, 40490
46806, 10642
10642, 26307
45211, 10643
10643, 18264
10643, 45533
17354, 10644
10644, 35371
10644, 13261
42110, 10645
10645, 41890
39666, 10646
42353, 10646
36836, 10646
35920, 10646
30715, 10646
15730, 10646
27702, 10646
29292, 10646
24329, 10646
36816, 10646
17861, 10646
26993, 10646
42022, 10646
45614, 10646
47026, 10646
41414, 10646
43663, 10646
25466, 10646
38196, 10646
14891, 10646
24868, 10646
29828, 10646
18487, 10646
39246, 10646
15477, 10646
42654, 10646
30160, 10646
39454, 10646
17534, 10646
47813, 10646
31413, 10646
31358, 10646
25776, 10646
15690, 10646
41435, 10646
15027, 10646
48206, 10646
33554, 10646
46558, 10646
14728, 10646
10646, 32627
10646, 29190
28437, 10647
26935, 10647
36529, 10647
43709, 10647
15561, 10647
44749, 10647
41242, 10647
44482, 10647
17753, 10647
47261, 10647
10647, 37360
42110, 10648
10648, 33229
48365, 10649
29492, 10649
24926, 10649
36326, 10649
10649, 29335
12418, 10650
10650, 29435
46806, 10651
10651, 29555
18795, 10652
13916, 10652
38014, 10652
30739, 10652
40393, 10652
39758, 10652
42932, 10652
43709, 10652
25005, 10652
10652, 34517
34580, 10653
10653, 13765
10653, 30942
10653, 40458
10653, 45390
10653, 41391
43415, 10654
15452, 10654
10654, 27556
45041, 10655
10655, 39821
33092, 10656
34633, 10656
42364, 10656
10656, 21401
10656, 25312
46806, 10657
10657, 45222
10657, 39176
42110, 10658
10658, 23433
36631, 10659
10659, 20951
26786, 10660
38390, 10660
10660, 19296
41850, 10661
10661, 33061
44192, 10662
10662, 43018
24963, 10663
10663, 12475
38157, 10664
10664, 36771
10664, 18264
10664, 27694
17734, 10665
10665, 40744
17900, 10666
21356, 10666
30943, 10666
10666, 40315
42110, 10667
10667, 33250
47311, 10668
10668, 41863
31305, 10669
10669, 42815
22457, 10670
10670, 46274
44513, 10671
10671, 22342
12696, 10672
43786, 10672
10672, 14835
42110, 10673
10673, 35041
21849, 10674
10674, 16960
10674, 30295
10674, 14457
10674, 30685
44699, 10675
44615, 10675
46261, 10675
21950, 10675
35802, 10675
36116, 10675
41774, 10675
13241, 10675
14700, 10675
10675, 43124
10675, 30299
10675, 20146
14215, 10676
30599, 10676
10676, 20191
41270, 10677
44343, 10677
10677, 48510
39768, 10678
47931, 10678
10678, 26616
42840, 10679
10679, 16039
42110, 10680
10680, 12764
45420, 10681
10681, 15865
33678, 10682
10682, 27113
29056, 10683
10683, 44487
22086, 10684
10684, 32026
10684, 23455
10684, 18121
10684, 13732
10684, 47146
25536, 10685
10685, 28323
39409, 10686
10686, 38730
13524, 10687
10687, 17559
33587, 10688
10688, 14441
48587, 10689
10689, 26148
46806, 10690
10690, 28731
30104, 10691
20134, 10691
10691, 19972
42110, 10692
10692, 31838
27451, 10693
10693, 29597
10693, 28057
10693, 29793
14281, 10694
10694, 41726
14441, 10695
35763, 10695
10695, 18993
19827, 10696
10696, 35440
41853, 10697
10697, 36109
42633, 10698
47146, 10698
10698, 24648
30956, 10699
10699, 14774
10699, 33742
10699, 42508
10699, 38810
29503, 10700
10700, 30358
42110, 10701
10701, 45296
43197, 10702
10702, 15983
18713, 10703
27701, 10703
30003, 10703
48508, 10703
10703, 39919
10703, 28416
10703, 38377
26619, 10704
10704, 48582
10704, 37430
32799, 10705
10705, 14572
26036, 10706
10706, 27147
10706, 45236
10706, 19960
35379, 10707
10707, 28685
37815, 10708
10708, 17307
10708, 48347
45294, 10709
35544, 10709
10709, 42810
10709, 24346
44533, 10710
40954, 10710
15533, 10710
15999, 10710
10710, 36060
17781, 10711
10711, 30610
46806, 10712
10712, 29555
23649, 10713
17920, 10713
10713, 32391
40923, 10714
10714, 25795
45962, 10715
33107, 10715
36647, 10715
10715, 48017
10715, 46091
43595, 10716
12969, 10716
35619, 10716
28021, 10716
10716, 25055
10716, 30176
10716, 27648
10716, 39621
14811, 10717
10717, 43307
38508, 10718
10718, 33165
10718, 23039
37675, 10719
37786, 10719
23264, 10719
10719, 28253
42110, 10720
10720, 21372
31740, 10721
10721, 36790
26349, 10722
10722, 27036
10722, 32169
28159, 10723
10723, 26032
43388, 10724
10724, 30101
10724, 42618
10724, 31185
10724, 17132
10724, 45023
10724, 23436
10724, 32619
10724, 22970
10724, 16474
23706, 10725
25131, 10725
34271, 10725
10725, 40999
30831, 10726
10726, 16145
25759, 10727
10727, 24018
12846, 10728
10728, 16452
29425, 10729
10729, 39745
34365, 10730
23515, 10730
31584, 10730
37102, 10730
35379, 10730
10730, 12842
10730, 28012
46806, 10731
10731, 29555
10731, 30653
38141, 10732
10732, 33212
22901, 10733
35580, 10733
10733, 39682
27989, 10734
10734, 47617
39852, 10735
10735, 15841
10735, 13751
26447, 10736
10736, 46434
10736, 44871
42410, 10737
10737, 47755
10737, 19595
10737, 45023
10737, 27730
10737, 14446
40166, 10738
10738, 27229
42110, 10739
10739, 19593
29184, 10740
10740, 38867
39615, 10741
10741, 13033
14601, 10742
10742, 37871
34546, 10743
36418, 10743
47640, 10743
27601, 10743
34990, 10743
35183, 10743
44839, 10743
28815, 10743
45902, 10743
39723, 10743
47806, 10743
19354, 10743
14742, 10743
42053, 10743
25418, 10743
45382, 10743
21206, 10743
27723, 10743
32100, 10743
19279, 10743
12848, 10743
47765, 10743
40944, 10743
44779, 10743
18727, 10743
42495, 10743
16527, 10743
25935, 10743
10743, 38138
18695, 10744
10744, 14826
10744, 25342
43027, 10745
10745, 37597
37069, 10746
10746, 24524
42110, 10747
10747, 26157
32850, 10748
41027, 10748
46810, 10748
12632, 10748
13864, 10748
43435, 10748
13946, 10748
46433, 10748
36411, 10748
38210, 10748
29537, 10748
22893, 10748
16622, 10748
39535, 10748
37505, 10748
46105, 10748
22401, 10748
30767, 10748
21413, 10748
14883, 10748
44950, 10748
41258, 10748
46945, 10748
10748, 38138
29584, 10749
10749, 20528
29809, 10750
10750, 14609
24836, 10751
10751, 23431
41268, 10752
10752, 29826
31751, 10753
10753, 45753
10753, 32039
33302, 10754
10754, 34735
48402, 10755
10755, 33926
47312, 10756
41567, 10756
10756, 32831
25759, 10757
10757, 41072
38044, 10758
46188, 10758
10758, 12512
21559, 10759
10759, 12313
47313, 10760
10760, 26731
14894, 10761
19154, 10761
10761, 30468
46806, 10762
10762, 43906
10762, 34068
10762, 25517
23485, 10763
10763, 23065
46749, 10764
10764, 13275
10764, 43119
24369, 10765
10765, 46151
42287, 10766
10766, 16627
30725, 10767
18911, 10767
43614, 10767
33200, 10767
44377, 10767
47829, 10767
31179, 10767
30206, 10767
46877, 10767
23483, 10767
44595, 10767
18244, 10767
23837, 10767
18411, 10767
38575, 10767
29035, 10767
44323, 10767
41156, 10767
24882, 10767
34368, 10767
25348, 10767
31590, 10767
26749, 10767
29612, 10767
13809, 10767
21839, 10767
40616, 10767
18743, 10767
27703, 10767
13061, 10767
16916, 10767
33856, 10767
16737, 10767
24031, 10767
26796, 10767
20469, 10767
38653, 10767
27244, 10767
29971, 10767
39127, 10767
30848, 10767
19831, 10767
32170, 10767
22986, 10767
26073, 10767
24273, 10767
42889, 10767
10767, 28561
25537, 10768
10768, 35814
42110, 10769
10769, 45228
46806, 10770
10770, 25716
10770, 17135
40485, 10771
10771, 23290
39712, 10772
10772, 47561
42835, 10773
10773, 33484
10773, 14689
45916, 10774
18922, 10774
10774, 48498
36465, 10775
10775, 30560
29498, 10776
10776, 42202
36240, 10777
10777, 19015
27818, 10778
10778, 44979
14379, 10779
10779, 45102
10779, 48444
32202, 10780
10780, 34510
13033, 10781
46434, 10781
10781, 25087
21557, 10782
10782, 29094
35379, 10783
10783, 18442
29296, 10784
10784, 40839
10784, 30958
42110, 10785
10785, 17521
16990, 10786
10786, 19960
42295, 10787
10787, 26032
27281, 10788
10788, 33906
30370, 10789
10789, 31248
26196, 10790
45660, 10790
29298, 10790
40380, 10790
25028, 10790
31627, 10790
10790, 14812
41951, 10791
10791, 23411
29463, 10792
10792, 31012
42110, 10793
10793, 40853
21331, 10794
10794, 40307
38813, 10795
10795, 43485
46806, 10796
10796, 47811
10796, 32603
42110, 10797
10797, 20591
21331, 10798
10798, 38016
10798, 44822
44201, 10799
10799, 16684
10799, 35274
10799, 43718
27274, 10800
10800, 21161
10800, 32548
32062, 10801
34680, 10801
44640, 10801
43613, 10801
32943, 10801
17468, 10801
10801, 40077
16779, 10802
10802, 18815
20611, 10803
10803, 43452
43012, 10804
33362, 10804
10804, 38923
34039, 10805
10805, 29255
31895, 10806
10806, 30811
31988, 10807
10807, 17948
32045, 10808
30955, 10808
10808, 45984
43693, 10809
10809, 20592
10809, 33637
14965, 10810
10810, 38244
23570, 10811
46435, 10811
22916, 10811
36958, 10811
33294, 10811
10811, 47838
10811, 17035
10811, 21516
33645, 10812
10812, 19026
10812, 44258
26083, 10813
10813, 47394
21331, 10814
10814, 39256
43739, 10815
10815, 39912
27255, 10816
10816, 46479
16337, 10817
10817, 14291
46762, 10818
10818, 14540
46806, 10819
10819, 26634
24298, 10820
41288, 10820
10820, 41496
44542, 10821
10821, 27136
10821, 15638
46163, 10822
10822, 18863
10822, 18865
10822, 18488
10822, 27334
10822, 34996
10822, 38318
10822, 17238
10822, 20940
10822, 46582
10822, 25313
10822, 21611
10822, 29350
10822, 44795
10822, 18106
10822, 31655
10822, 33573
10822, 14683
10822, 21874
10822, 34354
10822, 24642
10822, 23175
10822, 42574
24915, 10823
25921, 10823
29702, 10823
10823, 42839
28093, 10824
10824, 14923
10824, 21373
10824, 37290
23523, 10825
10825, 43468
44127, 10826
10826, 20391
46974, 10827
47476, 10827
10827, 47755
29025, 10828
10828, 21641
29491, 10829
10829, 13364
10829, 48248
18731, 10830
10830, 28458
10830, 33601
10830, 43839
18518, 10831
10831, 27767
35467, 10832
10832, 33496
10832, 31837
42110, 10833
10833, 32813
42110, 10834
10834, 41466
39102, 10835
10835, 46589
43739, 10836
30470, 10836
13863, 10836
26840, 10836
24391, 10836
47360, 10836
10836, 46242
19187, 10837
25929, 10837
38573, 10837
10837, 47745
31059, 10838
10838, 21637
37863, 10839
10839, 34790
10839, 16302
10839, 13782
10839, 14821
10839, 34817
10839, 42501
31210, 10840
10840, 44735
29572, 10841
18209, 10841
45142, 10841
17057, 10841
19329, 10841
14740, 10841
21695, 10841
44328, 10841
27705, 10841
31941, 10841
19042, 10841
42796, 10841
16770, 10841
27720, 10841
33014, 10841
12535, 10841
13322, 10841
43648, 10841
32874, 10841
35250, 10841
47375, 10841
45074, 10841
43971, 10841
13177, 10841
16961, 10841
24155, 10841
32377, 10841
30230, 10841
39796, 10841
46636, 10841
16935, 10841
44005, 10841
19952, 10841
44920, 10841
47549, 10841
17614, 10841
37333, 10841
24185, 10841
16849, 10841
47624, 10841
19608, 10841
33460, 10841
43800, 10841
37053, 10841
47966, 10841
30650, 10841
40823, 10841
31282, 10841
17607, 10841
30128, 10841
33835, 10841
19325, 10841
15471, 10841
29511, 10841
44284, 10841
40170, 10841
42873, 10841
35103, 10841
18030, 10841
40143, 10841
34116, 10841
48393, 10841
35726, 10841
31292, 10841
13270, 10841
43730, 10841
48702, 10841
33431, 10841
48134, 10841
47876, 10841
41547, 10841
27644, 10841
26319, 10841
26279, 10841
40239, 10841
24776, 10841
37758, 10841
39382, 10841
25808, 10841
35357, 10841
19156, 10841
45760, 10841
34346, 10841
27094, 10841
47516, 10841
44820, 10841
21163, 10841
48515, 10841
33817, 10841
16905, 10841
47542, 10841
23082, 10841
42999, 10841
22110, 10841
38343, 10841
32600, 10841
23896, 10841
30364, 10841
45873, 10841
42159, 10841
29396, 10841
13760, 10841
24348, 10841
33709, 10841
21436, 10841
13468, 10841
22385, 10841
46002, 10841
35191, 10841
26560, 10841
43049, 10841
43500, 10841
43393, 10841
37471, 10841
31920, 10841
45574, 10841
44607, 10841
19053, 10841
26931, 10841
36548, 10841
33214, 10841
43118, 10841
38946, 10841
23604, 10841
43038, 10841
33640, 10841
37652, 10841
23453, 10841
31036, 10841
18202, 10841
19719, 10841
13191, 10841
47805, 10841
34371, 10841
39722, 10841
14617, 10841
30111, 10841
16439, 10841
21708, 10841
18079, 10841
21133, 10841
30906, 10841
39989, 10841
46007, 10841
34190, 10841
24448, 10841
48169, 10841
30845, 10841
16329, 10841
26033, 10841
44296, 10841
13553, 10841
40537, 10841
23957, 10841
47553, 10841
44424, 10841
26227, 10841
29258, 10841
46269, 10841
31154, 10841
41310, 10841
33665, 10841
37669, 10841
31004, 10841
26793, 10841
27844, 10841
27297, 10841
48670, 10841
30676, 10841
33076, 10841
23495, 10841
16372, 10841
19224, 10841
42685, 10841
18302, 10841
36377, 10841
34802, 10841
39122, 10841
38886, 10841
23004, 10841
45912, 10841
15266, 10841
12740, 10841
26494, 10841
23561, 10841
14100, 10841
43568, 10841
34508, 10841
21021, 10841
14372, 10841
21261, 10841
48183, 10841
45200, 10841
29659, 10841
28119, 10841
30936, 10841
13658, 10841
28350, 10841
13643, 10841
40177, 10841
37453, 10841
17631, 10841
16088, 10841
28470, 10841
27988, 10841
21556, 10841
25069, 10841
41552, 10841
39005, 10841
41313, 10841
18060, 10841
32129, 10841
38295, 10841
25549, 10841
32865, 10841
16776, 10841
16499, 10841
26260, 10841
20640, 10841
32250, 10841
46356, 10841
37126, 10841
13144, 10841
22555, 10841
20151, 10841
30145, 10841
41468, 10841
21852, 10841
19375, 10841
33118, 10841
21017, 10841
22171, 10841
15401, 10841
27892, 10841
46393, 10841
30400, 10841
16984, 10841
27971, 10841
33750, 10841
14940, 10841
16925, 10841
30328, 10841
42739, 10841
26945, 10841
21409, 10841
12780, 10841
16510, 10841
19733, 10841
31999, 10841
31888, 10841
18804, 10841
14900, 10841
25698, 10841
35766, 10841
37414, 10841
28037, 10841
19392, 10841
23547, 10841
26701, 10841
47424, 10841
45213, 10841
37722, 10841
37327, 10841
26062, 10841
40552, 10841
40220, 10841
36166, 10841
30143, 10841
44045, 10841
20609, 10841
27815, 10841
22293, 10841
19157, 10841
33449, 10841
44608, 10841
20022, 10841
39674, 10841
37713, 10841
48283, 10841
33335, 10841
25270, 10841
23151, 10841
42154, 10841
40018, 10841
33716, 10841
39868, 10841
25211, 10841
19723, 10841
17748, 10841
19977, 10841
32477, 10841
40649, 10841
43914, 10841
24701, 10841
14008, 10841
37151, 10841
43326, 10841
16359, 10841
12667, 10841
40289, 10841
38023, 10841
46285, 10841
37346, 10841
42242, 10841
21633, 10841
42072, 10841
19094, 10841
42622, 10841
26054, 10841
37848, 10841
27530, 10841
41538, 10841
20701, 10841
28871, 10841
13060, 10841
46015, 10841
36853, 10841
31201, 10841
32749, 10841
28533, 10841
30433, 10841
40172, 10841
18914, 10841
23874, 10841
45063, 10841
38495, 10841
39961, 10841
46190, 10841
14906, 10841
41462, 10841
10841, 24384
14986, 10842
10842, 24169
30753, 10843
10843, 31206
12347, 10844
10844, 27401
30177, 10845
10845, 33810
28127, 10846
10846, 31221
42110, 10847
10847, 43997
30268, 10848
10848, 40100
47079, 10849
10849, 38644
13047, 10850
29514, 10850
29409, 10850
10850, 33339
42110, 10851
10851, 31779
28479, 10852
10852, 21889
26733, 10853
10853, 44322
47304, 10854
10854, 19870
42890, 10855
25385, 10855
35343, 10855
41349, 10855
36510, 10855
46377, 10855
10855, 34224
23011, 10856
10856, 38527
32937, 10857
10857, 32015
17841, 10858
12621, 10858
29555, 10858
10858, 35492
29790, 10859
10859, 29613
10859, 15358
38979, 10860
10860, 33496
34222, 10861
10861, 41855
22580, 10862
10862, 36808
10862, 26122
10862, 37750
10862, 29889
10862, 25929
10862, 15119
10862, 15124
37215, 10863
10863, 36025
16093, 10864
10864, 38085
10864, 48684
10864, 38532
10864, 17960
42110, 10865
10865, 34267
20772, 10866
10866, 34856
42110, 10867
10867, 40643
31756, 10868
10868, 45456
14676, 10869
32147, 10869
10869, 33510
30536, 10870
10870, 35937
42110, 10871
10871, 45410
42110, 10872
10872, 31203
34650, 10873
10873, 35662
10873, 46776
10873, 29073
10873, 35953
46574, 10874
48001, 10874
32244, 10874
24516, 10874
42022, 10874
36836, 10874
46680, 10874
40734, 10874
17424, 10874
26993, 10874
43347, 10874
47781, 10874
21880, 10874
15753, 10874
27055, 10874
21328, 10874
22485, 10874
19268, 10874
36189, 10874
47716, 10874
47142, 10874
16560, 10874
21673, 10874
35768, 10874
31826, 10874
42346, 10874
43681, 10874
25581, 10874
30479, 10874
31530, 10874
18780, 10874
43778, 10874
39413, 10874
14971, 10874
43073, 10874
37628, 10874
16229, 10874
24771, 10874
14978, 10874
19295, 10874
24098, 10874
22705, 10874
28384, 10874
33182, 10874
26646, 10874
14891, 10874
18640, 10874
41999, 10874
34838, 10874
36597, 10874
23137, 10874
27569, 10874
10874, 13008
36465, 10875
10875, 24200
22798, 10876
10876, 47182
34411, 10877
10877, 17393
36465, 10878
10878, 19872
41769, 10879
10879, 19646
10879, 33506
31474, 10880
27409, 10880
45422, 10880
15158, 10880
30836, 10880
18368, 10880
12313, 10880
15222, 10880
31588, 10880
30896, 10880
36786, 10880
42192, 10880
30258, 10880
13213, 10880
25176, 10880
14204, 10880
23893, 10880
33346, 10880
12920, 10880
28190, 10880
20391, 10880
23386, 10880
12681, 10880
24169, 10880
26815, 10880
39278, 10880
17306, 10880
44750, 10880
21063, 10880
13671, 10880
19588, 10880
38867, 10880
39775, 10880
37405, 10880
14821, 10880
45334, 10880
48058, 10880
20068, 10880
40035, 10880
32323, 10880
27091, 10880
27783, 10880
20703, 10880
16902, 10880
13527, 10880
29553, 10880
31185, 10880
34817, 10880
21972, 10880
28681, 10880
30014, 10880
18635, 10880
36591, 10880
40213, 10880
38992, 10880
46625, 10880
25499, 10880
23940, 10880
15984, 10880
30389, 10880
37980, 10880
39919, 10880
38644, 10880
12463, 10880
18109, 10880
12720, 10880
35893, 10880
24119, 10880
45695, 10880
19383, 10880
24417, 10880
28985, 10880
37070, 10880
38702, 10880
48444, 10880
40548, 10880
46321, 10880
13541, 10880
25515, 10880
48266, 10880
27982, 10880
41269, 10880
29490, 10880
17979, 10880
29624, 10880
19270, 10880
23267, 10880
17960, 10880
42501, 10880
12688, 10880
33041, 10880
31931, 10880
45555, 10880
15375, 10880
47010, 10880
41610, 10880
27253, 10880
12618, 10880
38249, 10880
48596, 10880
34697, 10880
15457, 10880
41763, 10880
39977, 10880
41509, 10880
22602, 10880
47090, 10880
33055, 10880
33246, 10880
25905, 10880
34073, 10880
15098, 10880
28731, 10880
31566, 10880
21795, 10880
10880, 42110
24402, 10881
10881, 48390
32747, 10882
10882, 41598
35627, 10883
10883, 48440
10883, 22420
46358, 10884
10884, 19713
27882, 10885
10885, 13318
10885, 47755
10885, 20170
10885, 39919
10885, 38644
10885, 27105
37495, 10886
29869, 10886
26168, 10886
10886, 27208
39039, 10887
43793, 10887
10887, 16725
41951, 10888
10888, 47690
36465, 10889
10889, 30766
42110, 10890
10890, 30273
32475, 10891
10891, 38261
42207, 10892
19251, 10892
10892, 40677
10892, 24724
10892, 23562
10892, 44948
32847, 10893
10893, 35581
42361, 10894
10894, 40880
10894, 45298
10894, 46986
13331, 10895
10895, 42950
10895, 41279
47820, 10896
10896, 23511
17571, 10897
10897, 47926
38242, 10898
10898, 45132
39148, 10899
14791, 10899
10899, 44947
23484, 10900
10900, 46305
10900, 14896
10900, 43119
10900, 39537
10900, 23596
42110, 10901
10901, 16137
30822, 10902
10902, 34638
42558, 10903
10903, 45304
47453, 10904
10904, 34226
33489, 10905
10905, 29549
42110, 10906
10906, 25773
30246, 10907
37681, 10907
42318, 10907
10907, 17736
10907, 17298
19110, 10908
10908, 19186
46806, 10909
10909, 26005
10909, 19470
40165, 10910
10910, 17986
10910, 36135
42110, 10911
10911, 40308
38143, 10912
10912, 21143
42110, 10913
10913, 35713
42110, 10914
10914, 23433
42691, 10915
10915, 32340
10915, 22031
17566, 10916
29690, 10916
10916, 27909
33134, 10917
10917, 39984
23410, 10918
10918, 28868
22028, 10919
21195, 10919
38662, 10919
31274, 10919
13045, 10919
40160, 10919
32420, 10919
22766, 10919
15878, 10919
22988, 10919
32976, 10919
28056, 10919
27978, 10919
25180, 10919
31864, 10919
40783, 10919
36214, 10919
32762, 10919
41484, 10919
40129, 10919
28473, 10919
22994, 10919
27928, 10919
37196, 10919
13451, 10919
26745, 10919
30355, 10919
15520, 10919
36636, 10919
13950, 10919
30366, 10919
43141, 10919
15054, 10919
20861, 10919
35119, 10919
27528, 10919
44541, 10919
36193, 10919
30980, 10919
33920, 10919
23880, 10919
31552, 10919
26868, 10919
24507, 10919
33879, 10919
34678, 10919
21620, 10919
20583, 10919
18933, 10919
45786, 10919
40637, 10919
31569, 10919
27059, 10919
12944, 10919
13236, 10919
29264, 10919
30428, 10919
42408, 10919
10919, 21938
10919, 26949
10919, 42963
46806, 10920
10920, 30828
38246, 10921
10921, 37787
10921, 12438
10921, 25239
10921, 29961
40222, 10922
27306, 10922
10922, 20060
42110, 10923
10923, 14307
37947, 10924
10924, 17462
16119, 10925
10925, 31490
26461, 10926
40817, 10926
10926, 14141
24171, 10927
10927, 25157
19891, 10928
10928, 33326
19032, 10929
10929, 15720
35436, 10930
10930, 31248
42110, 10931
10931, 35786
23621, 10932
17399, 10932
10932, 35208
10932, 19499
38426, 10933
13603, 10933
28147, 10933
10933, 19870
40469, 10934
10934, 42404
45388, 10935
10935, 46847
15552, 10936
10936, 23255
24915, 10937
47452, 10937
10937, 25170
17347, 10938
10938, 19633
10938, 14703
32285, 10939
10939, 27063
44692, 10940
44196, 10940
30849, 10940
10940, 42224
10940, 42929
10940, 13705
26411, 10941
10941, 27113
47024, 10942
10942, 23346
10942, 26937
46991, 10943
10943, 28690
44086, 10944
10944, 25571
10944, 21815
10944, 16356
42110, 10945
10945, 30762
25705, 10946
10946, 48170
18998, 10947
10947, 27664
40936, 10948
10948, 47812
45665, 10949
10949, 22091
10949, 16090
30956, 10950
10950, 46692
10950, 24725
42895, 10951
10951, 36613
42110, 10952
10952, 35404
36465, 10953
10953, 15316
10953, 14420
19310, 10954
10954, 40181
10954, 48131
31464, 10955
40254, 10955
10955, 14227
38812, 10956
25840, 10956
20912, 10956
23722, 10956
10956, 22899
28655, 10957
10957, 26351
35244, 10958
10958, 15864
13127, 10959
10959, 18276
27655, 10960
19161, 10960
10960, 41891
40185, 10961
19287, 10961
19323, 10961
20188, 10961
10961, 12685
18625, 10962
10962, 17841
43825, 10963
10963, 16095
10963, 23980
10963, 43744
29386, 10964
10964, 20223
10964, 16416
24999, 10965
10965, 14991
10965, 40758
46806, 10966
10966, 20968
23660, 10967
34857, 10967
10967, 36076
27348, 10968
20001, 10968
10968, 35435
27306, 10969
10969, 27719
19359, 10970
19015, 10970
10970, 30860
34102, 10971
22054, 10971
10971, 44189
41951, 10972
10972, 41939
35118, 10973
38313, 10973
20444, 10973
40754, 10973
33228, 10973
40672, 10973
26579, 10973
34849, 10973
21592, 10973
27511, 10973
41743, 10973
16078, 10973
30152, 10973
19684, 10973
20888, 10973
20979, 10973
21786, 10973
28646, 10973
48337, 10973
35943, 10973
44563, 10973
36634, 10973
39906, 10973
40629, 10973
22966, 10973
42040, 10973
48208, 10973
30938, 10973
10973, 18783
17539, 10974
10974, 17350
42110, 10975
10975, 36989
31594, 10976
10976, 34137
37170, 10977
10977, 32775
42110, 10978
10978, 13146
19913, 10979
10979, 45227
15943, 10980
10980, 28955
42110, 10981
10981, 12683
46806, 10982
10982, 29868
17522, 10983
10983, 26542
10983, 13888
10983, 38644
19095, 10984
26541, 10984
41591, 10984
42969, 10984
17271, 10984
33535, 10984
37737, 10984
30110, 10984
10984, 32908
26162, 10985
10985, 27944
24622, 10986
10986, 35444
46885, 10987
28598, 10987
46896, 10987
26925, 10987
14409, 10987
10987, 45845
10987, 12401
30463, 10988
10988, 36502
36441, 10989
10989, 23418
10989, 43264
10989, 28889
10989, 12906
40845, 10990
10990, 48043
33227, 10991
30325, 10991
10991, 31355
13172, 10992
10992, 27802
42110, 10993
10993, 19287
32578, 10994
10994, 39716
15669, 10995
10995, 34464
12725, 10996
32440, 10996
10996, 39881
42110, 10997
10997, 35060
15317, 10998
10998, 33870
44639, 10999
10999, 33116
19809, 11000
19611, 11000
11000, 13257
17210, 11001
11001, 36247
11001, 19148
41077, 11002
11002, 35566
14785, 11003
11003, 41790
11003, 31588
45733, 11004
11004, 31185
42068, 11005
11005, 14643
46423, 11006
11006, 43528
42110, 11007
11007, 17879
45952, 11008
25512, 11008
18262, 11008
11008, 26428
39103, 11009
11009, 34949
46771, 11010
11010, 17172
42110, 11011
11011, 17862
26249, 11012
19342, 11012
11012, 13479
17371, 11013
11013, 47546
37719, 11014
11014, 23202
43291, 11015
11015, 28417
22372, 11016
11016, 39875
42188, 11017
30176, 11017
38770, 11017
11017, 36232
15785, 11018
11018, 36765
14713, 11019
11019, 17386
11019, 44457
46163, 11020
11020, 17108
11020, 37243
11020, 31531
11020, 29804
11020, 38673
11020, 31942
11020, 26540
11020, 46921
11020, 42896
11020, 48374
11020, 36057
11020, 31123
11020, 21431
11020, 31102
11020, 46065
11020, 18768
11020, 28250
11020, 26597
11020, 30284
11020, 37395
11020, 21456
11020, 22323
11020, 19162
11020, 22525
11020, 24334
11020, 36029
11020, 20868
11020, 20270
11020, 23839
11020, 14776
11020, 24318
11020, 25794
11020, 48107
11020, 20980
11020, 17589
11020, 41981
11020, 15927
11020, 15213
11020, 13758
44725, 11021
11021, 21023
14328, 11022
18630, 11022
11022, 47344
43692, 11023
11023, 27781
11023, 19511
11023, 47378
11023, 34393
36465, 11024
11024, 33534
32202, 11025
11025, 38522
19570, 11026
25478, 11026
13727, 11026
29938, 11026
47580, 11026
26655, 11026
45947, 11026
36453, 11026
44661, 11026
24398, 11026
46733, 11026
17332, 11026
17277, 11026
18546, 11026
18436, 11026
24837, 11026
29985, 11026
16043, 11026
21385, 11026
16276, 11026
33828, 11026
33706, 11026
37819, 11026
30727, 11026
15729, 11026
21870, 11026
34074, 11026
47676, 11026
36197, 11026
27219, 11026
37818, 11026
15705, 11026
47446, 11026
28575, 11026
31279, 11026
35526, 11026
47512, 11026
31795, 11026
30010, 11026
43223, 11026
44794, 11026
33384, 11026
22489, 11026
18898, 11026
33832, 11026
31246, 11026
30875, 11026
11026, 18156
16536, 11027
11027, 46282
28487, 11028
11028, 47615
17460, 11029
11029, 48260
30612, 11030
11030, 22228
31059, 11031
11031, 29575
22450, 11032
11032, 21684
46806, 11033
11033, 15497
11033, 25621
46806, 11034
11034, 14179
16238, 11035
11035, 29942
11035, 42577
28881, 11036
11036, 38136
37517, 11037
11037, 32071
11037, 13318
11037, 38860
11037, 20498
11037, 27950
11037, 25109
11037, 35013
47364, 11038
11038, 43352
11038, 31802
11038, 18882
11038, 41395
32903, 11039
11039, 30292
31594, 11040
11040, 34137
13860, 11041
11041, 24145
42110, 11042
11042, 18536
28823, 11043
11043, 21863
11043, 37158
11043, 21264
11043, 35328
11043, 40943
11043, 29580
11043, 38188
13228, 11044
42951, 11044
11044, 44033
43208, 11045
25215, 11045
11045, 48053
16895, 11046
11046, 13106
25179, 11047
11047, 39460
29996, 11048
11048, 19588
11048, 20068
11048, 23940
46716, 11049
11049, 16851
36624, 11050
11050, 28732
11050, 31299
13419, 11051
24990, 11051
33722, 11051
11051, 28186
11051, 21044
14528, 11052
44754, 11052
11052, 35092
11052, 19574
40387, 11053
23715, 11053
22003, 11053
26276, 11053
29101, 11053
18641, 11053
48221, 11053
36861, 11053
38122, 11053
39860, 11053
28122, 11053
31523, 11053
22686, 11053
38693, 11053
24543, 11053
35633, 11053
33000, 11053
33743, 11053
45495, 11053
13170, 11053
33611, 11053
29419, 11053
44623, 11053
27600, 11053
42746, 11053
26640, 11053
47841, 11053
43484, 11053
41189, 11053
35780, 11053
33223, 11053
46528, 11053
43379, 11053
27807, 11053
14428, 11053
20799, 11053
24662, 11053
23947, 11053
20902, 11053
21028, 11053
16597, 11053
47014, 11053
26322, 11053
31203, 11053
12731, 11053
43118, 11053
13877, 11053
25205, 11053
38470, 11053
44847, 11053
21756, 11053
48124, 11053
25647, 11053
19857, 11053
28700, 11053
30799, 11053
46421, 11053
23517, 11053
14743, 11053
30601, 11053
36562, 11053
22642, 11053
34851, 11053
16537, 11053
14832, 11053
36459, 11053
48352, 11053
44306, 11053
35711, 11053
21338, 11053
42475, 11053
31214, 11053
24296, 11053
13406, 11053
35446, 11053
23922, 11053
37032, 11053
41032, 11053
11053, 46463
11053, 45567
46521, 11054
11054, 38991
34800, 11055
11055, 13357
46685, 11056
11056, 43488
39051, 11057
28905, 11057
23608, 11057
19088, 11057
11057, 14304
42110, 11058
11058, 13540
23525, 11059
11059, 29783
15869, 11060
11060, 48148
36465, 11061
11061, 29395
34140, 11062
11062, 17570
38569, 11063
14319, 11063
11063, 12607
28019, 11064
32243, 11064
11064, 36558
27693, 11065
11065, 42863
30043, 11066
11066, 31333
11066, 43771
11066, 19960
11066, 38065
11066, 33616
16353, 11067
11067, 48121
32578, 11068
11068, 13305
22933, 11069
11069, 32151
11069, 37162
11069, 28357
42110, 11070
11070, 26832
20261, 11071
11071, 31321
11071, 21989
11071, 18821
47699, 11072
11072, 37397
15737, 11073
11073, 23735
33776, 11074
19792, 11074
22506, 11074
11074, 26683
38336, 11075
11075, 36133
20072, 11076
11076, 31901
27179, 11077
11077, 19892
22075, 11078
14493, 11078
11078, 32415
45511, 11079
11079, 45769
34520, 11080
27455, 11080
11080, 12650
11080, 19560
45642, 11081
12581, 11081
13695, 11081
11081, 26283
46806, 11082
11082, 33576
46806, 11083
11083, 29555
19939, 11084
31736, 11084
11084, 44518
27880, 11085
37225, 11085
11085, 27088
39574, 11086
11086, 40025
24610, 11087
11087, 23066
11087, 39057
17770, 11088
11088, 17878
42110, 11089
11089, 20057
37498, 11090
11090, 45986
45627, 11091
35208, 11091
11091, 46079
35379, 11092
11092, 28890
47768, 11093
11093, 32856
13868, 11094
11094, 14229
42194, 11095
11095, 29160
48459, 11096
11096, 33751
42110, 11097
11097, 14698
42164, 11098
11098, 30016
46997, 11099
11099, 37922
44233, 11100
11100, 33863
11100, 17742
11100, 40303
11100, 40559
25706, 11101
33360, 11101
34796, 11101
43279, 11101
28449, 11101
29599, 11101
41527, 11101
11101, 28421
11101, 45407
11101, 18735
11101, 34534
42110, 11102
11102, 15714
22352, 11103
34977, 11103
11103, 37704
22626, 11104
11104, 44385
11104, 16386
46770, 11105
11105, 28641
44681, 11106
41308, 11106
11106, 27398
16119, 11107
11107, 31490
27305, 11108
11108, 42891
14257, 11109
11109, 25795
42493, 11110
11110, 44322
25673, 11111
11111, 16684
11111, 21596
22170, 11112
28017, 11112
11112, 25515
12895, 11113
11113, 25498
21361, 11114
14919, 11114
33803, 11114
29669, 11114
11114, 38137
11114, 45201
11114, 48229
36465, 11115
11115, 27996
43872, 11116
11116, 36690
36388, 11117
11117, 12645
43027, 11118
11118, 34612
29357, 11119
11119, 45737
15731, 11120
11120, 34558
13535, 11121
11121, 35970
45855, 11122
11122, 31250
46793, 11123
11123, 36355
40735, 11124
14082, 11124
11124, 47128
45377, 11125
24187, 11125
24463, 11125
41852, 11125
11125, 24420
11125, 19870
34690, 11126
11126, 13888
42110, 11127
11127, 25518
21545, 11128
11128, 26456
36465, 11129
11129, 27996
31509, 11130
11130, 32931
23263, 11131
11131, 16598
38279, 11132
11132, 16386
42110, 11133
11133, 34505
24349, 11134
11134, 33800
32855, 11135
11135, 29443
16131, 11136
11136, 24540
21517, 11137
11137, 46045
42110, 11138
11138, 20803
36311, 11139
11139, 35122
21685, 11140
11140, 39401
42110, 11141
11141, 33178
13800, 11142
11142, 15537
25252, 11143
11143, 31077
40536, 11144
11144, 29388
11144, 21105
11144, 20231
19513, 11145
45005, 11145
11145, 29186
47907, 11146
17955, 11146
28352, 11146
15680, 11146
11146, 40872
42110, 11147
11147, 37983
26141, 11148
11148, 48070
11148, 24852
11148, 24386
21076, 11149
32805, 11149
42677, 11149
11149, 47786
47755, 11150
26451, 11150
39196, 11150
24145, 11150
26368, 11150
40119, 11150
41137, 11150
17524, 11150
23065, 11150
44637, 11150
28853, 11150
45631, 11150
18264, 11150
28889, 11150
45878, 11150
16493, 11150
28190, 11150
16768, 11150
43345, 11150
21670, 11150
32824, 11150
14399, 11150
44750, 11150
46952, 11150
28879, 11150
14005, 11150
38867, 11150
42342, 11150
30035, 11150
33054, 11150
46964, 11150
21142, 11150
24783, 11150
20703, 11150
23602, 11150
45390, 11150
18452, 11150
23269, 11150
17307, 11150
30135, 11150
34566, 11150
31299, 11150
24424, 11150
13328, 11150
35744, 11150
30637, 11150
34881, 11150
17811, 11150
27313, 11150
13394, 11150
32035, 11150
22163, 11150
17275, 11150
24005, 11150
33349, 11150
15249, 11150
36380, 11150
43449, 11150
29193, 11150
23066, 11150
27920, 11150
33898, 11150
36815, 11150
24416, 11150
38719, 11150
35636, 11150
44274, 11150
30066, 11150
17675, 11150
33480, 11150
39057, 11150
35725, 11150
19962, 11150
25137, 11150
28296, 11150
29205, 11150
36476, 11150
35313, 11150
15676, 11150
25365, 11150
48284, 11150
48054, 11150
47211, 11150
37967, 11150
15866, 11150
19546, 11150
35640, 11150
14799, 11150
17432, 11150
36130, 11150
38764, 11150
39401, 11150
48347, 11150
11150, 42110
42110, 11151
11151, 31057
32249, 11152
18027, 11152
28872, 11152
11152, 45531
11152, 13674
14991, 11153
18134, 11153
11153, 40223
42110, 11154
11154, 28387
12773, 11155
11155, 29783
35647, 11156
11156, 46954
25272, 11157
28603, 11157
11157, 34395
42110, 11158
11158, 25132
30120, 11159
11159, 19575
47800, 11160
34238, 11160
19909, 11160
11160, 33162
34403, 11161
37541, 11161
11161, 22502
39924, 11162
11162, 39919
42110, 11163
11163, 21913
42110, 11164
11164, 25332
25392, 11165
11165, 33333
23776, 11166
11166, 43016
11166, 17641
11166, 31448
46452, 11167
11167, 28148
11167, 22356
15082, 11168
37905, 11168
42784, 11168
11168, 14991
25996, 11169
11169, 44643
11169, 34740
14258, 11170
42780, 11170
11170, 22896
14363, 11171
11171, 41510
28221, 11172
43264, 11172
40394, 11172
11172, 15784
21331, 11173
11173, 30773
38336, 11174
11174, 36133
15248, 11175
11175, 48042
42110, 11176
11176, 31088
42110, 11177
11177, 37691
18416, 11178
11178, 45007
39151, 11179
11179, 47535
35287, 11180
11180, 12998
25544, 11181
11181, 28148
11181, 41292
18220, 11182
11182, 31263
42875, 11183
11183, 29153
11183, 40972
11183, 39919
11183, 19349
27093, 11184
11184, 14821
11184, 38906
29935, 11185
30840, 11185
11185, 23189
45028, 11186
11186, 36120
39023, 11187
11187, 13275
11187, 29478
11187, 44502
11187, 14110
11187, 40839
21251, 11188
11188, 31587
19196, 11189
11189, 42130
11189, 18167
25759, 11190
11190, 42942
36992, 11191
11191, 46958
34039, 11192
11192, 38206
47928, 11193
11193, 23701
22214, 11194
11194, 40344
42110, 11195
11195, 25503
42110, 11196
11196, 40746
31394, 11197
11197, 20932
11197, 20330
32817, 11198
21390, 11198
41059, 11198
22629, 11198
35838, 11198
12765, 11198
11198, 12414
11198, 12817
11198, 34079
11198, 44902
11198, 35500
17433, 11199
11199, 44888
13709, 11200
11200, 21096
35665, 11201
11201, 14261
16959, 11202
11202, 44574
32878, 11203
11203, 37254
28826, 11204
11204, 21516
24081, 11205
11205, 27733
22419, 11206
11206, 14392
40406, 11207
11207, 36904
42438, 11208
11208, 37920
25179, 11209
11209, 28610
43872, 11210
11210, 36690
22414, 11211
11211, 24233
11211, 23864
11211, 47179
45327, 11212
11212, 23669
11212, 43948
34721, 11213
36035, 11213
44617, 11213
37310, 11213
35296, 11213
28878, 11213
11213, 31093
11213, 32511
41094, 11214
11214, 17452
40351, 11215
11215, 37725
42110, 11216
11216, 46635
43396, 11217
37756, 11217
11217, 16768
44169, 11218
35079, 11218
21779, 11218
45976, 11218
25355, 11218
21166, 11218
21501, 11218
45293, 11218
44252, 11218
32329, 11218
11218, 47761
11218, 43757
42110, 11219
11219, 19885
31022, 11220
14237, 11220
20727, 11220
22407, 11220
16470, 11220
15484, 11220
37276, 11220
46585, 11220
27792, 11220
24858, 11220
37552, 11220
41971, 11220
22925, 11220
30302, 11220
31133, 11220
37157, 11220
25974, 11220
18207, 11220
16858, 11220
30585, 11220
14785, 11220
36462, 11220
39633, 11220
30880, 11220
11220, 30056
11220, 25036
42824, 11221
11221, 38858
11221, 31153
11221, 31217
11221, 26956
11221, 44457
11221, 40787
16144, 11222
11222, 21962
27996, 11223
41173, 11223
34302, 11223
24458, 11223
37986, 11223
29620, 11223
42625, 11223
13735, 11223
32867, 11223
19766, 11223
24364, 11223
12401, 11223
33695, 11223
23879, 11223
13848, 11223
20767, 11223
24978, 11223
27406, 11223
22109, 11223
48157, 11223
32939, 11223
40421, 11223
37939, 11223
30073, 11223
29906, 11223
15601, 11223
39388, 11223
16028, 11223
24809, 11223
44329, 11223
24943, 11223
37082, 11223
20315, 11223
14717, 11223
26959, 11223
39632, 11223
11223, 41630
11223, 46806
38005, 11224
11224, 24654
27109, 11225
11225, 26542
11225, 38369
19015, 11226
12439, 11226
11226, 36939
42110, 11227
11227, 36278
33263, 11228
11228, 35339
42110, 11229
11229, 25820
42110, 11230
11230, 37961
36465, 11231
11231, 45033
11231, 27996
48282, 11232
48288, 11232
11232, 35441
33969, 11233
11233, 43817
36465, 11234
11234, 30766
42110, 11235
11235, 31284
38829, 11236
11236, 26451
36465, 11237
11237, 22151
11237, 43447
34836, 11238
22948, 11238
11238, 26278
42110, 11239
11239, 37971
28544, 11240
43872, 11240
11240, 36690
33170, 11241
11241, 12756
11241, 21705
17763, 11242
11242, 27840
41943, 11243
11243, 40961
36886, 11244
11244, 39785
11244, 23920
43957, 11245
11245, 29566
11245, 13976
11245, 13732
48081, 11246
11246, 21079
34594, 11247
25025, 11247
42136, 11247
32342, 11247
44703, 11247
36983, 11247
18100, 11247
41192, 11247
13985, 11247
46128, 11247
30533, 11247
18660, 11247
44500, 11247
48339, 11247
48189, 11247
42302, 11247
34576, 11247
37862, 11247
39584, 11247
15441, 11247
16335, 11247
17643, 11247
32842, 11247
37019, 11247
34563, 11247
18299, 11247
44400, 11247
30639, 11247
48052, 11247
39571, 11247
26734, 11247
22318, 11247
13838, 11247
19226, 11247
32044, 11247
23492, 11247
40768, 11247
41806, 11247
43686, 11247
30197, 11247
43554, 11247
21847, 11247
16654, 11247
35546, 11247
31854, 11247
37229, 11247
34123, 11247
18789, 11247
41304, 11247
27893, 11247
26048, 11247
41676, 11247
30088, 11247
45722, 11247
18242, 11247
15209, 11247
12543, 11247
44191, 11247
29473, 11247
25691, 11247
24465, 11247
21632, 11247
44213, 11247
17655, 11247
32028, 11247
20838, 11247
23054, 11247
44350, 11247
13910, 11247
14049, 11247
32132, 11247
22846, 11247
41698, 11247
30523, 11247
25148, 11247
29355, 11247
43044, 11247
42791, 11247
15794, 11247
43132, 11247
44858, 11247
42844, 11247
34201, 11247
25588, 11247
15066, 11247
48449, 11247
41669, 11247
23891, 11247
27628, 11247
36359, 11247
36455, 11247
24947, 11247
39618, 11247
31743, 11247
16251, 11247
39939, 11247
27149, 11247
37800, 11247
24591, 11247
43455, 11247
17898, 11247
48585, 11247
13878, 11247
30234, 11247
15369, 11247
33192, 11247
18751, 11247
13511, 11247
43406, 11247
29709, 11247
36430, 11247
36481, 11247
21514, 11247
42282, 11247
16874, 11247
44590, 11247
20268, 11247
30857, 11247
36375, 11247
14117, 11247
17017, 11247
15413, 11247
39926, 11247
27608, 11247
21180, 11247
11247, 21947
22780, 11248
11248, 17282
11248, 16954
47904, 11249
11249, 46073
42110, 11250
11250, 16084
36465, 11251
11251, 30002
42110, 11252
11252, 13347
46806, 11253
11253, 17593
35962, 11254
11254, 34064
12798, 11255
23744, 11255
11255, 13316
40302, 11256
33180, 11256
23392, 11256
42582, 11256
37555, 11256
25378, 11256
21910, 11256
11256, 13787
12364, 11257
11257, 40685
15589, 11258
11258, 20966
38229, 11259
15749, 11259
11259, 16295
45024, 11260
11260, 15041
39638, 11261
11261, 31299
19983, 11262
11262, 31870
13258, 11263
11263, 27714
42110, 11264
11264, 41970
23903, 11265
15501, 11265
31732, 11265
36554, 11265
14851, 11265
46587, 11265
18826, 11265
11265, 36678
11265, 45023
42110, 11266
11266, 30968
17601, 11267
11267, 28865
40520, 11268
11268, 22864
35898, 11269
11269, 36537
11269, 20130
11269, 44322
46806, 11270
11270, 24362
18900, 11271
11271, 13892
38294, 11272
11272, 21204
17692, 11273
26462, 11273
31021, 11273
29441, 11273
21934, 11273
32019, 11273
11273, 17400
11273, 35754
36465, 11274
11274, 27264
46806, 11275
11275, 28944
42924, 11276
11276, 38999
11276, 32380
26314, 11277
25865, 11277
11277, 26456
17507, 11278
11278, 22012
11278, 26057
41728, 11279
37479, 11279
27025, 11279
11279, 35444
27446, 11280
11280, 34698
32920, 11281
11281, 47236
11281, 33654
22460, 11282
11282, 16386
33863, 11283
32465, 11283
16239, 11283
22607, 11283
11283, 13632
36465, 11284
11284, 18009
11284, 18690
11284, 44804
11284, 47857
31234, 11285
11285, 29927
22603, 11286
11286, 41962
21227, 11287
23127, 11287
11287, 18650
11287, 39673
42110, 11288
11288, 29391
42110, 11289
11289, 39576
26997, 11290
11290, 27452
31532, 11291
11291, 17124
25980, 11292
11292, 36018
42110, 11293
11293, 17405
22376, 11294
34514, 11294
28968, 11294
13360, 11294
42912, 11294
24397, 11294
31425, 11294
37075, 11294
18057, 11294
29143, 11294
14712, 11294
33907, 11294
14197, 11294
20567, 11294
45357, 11294
30437, 11294
12849, 11294
25030, 11294
46801, 11294
27933, 11294
11294, 20709
42110, 11295
11295, 12928
18594, 11296
11296, 23675
20380, 11297
47409, 11297
28443, 11297
35663, 11297
36557, 11297
12554, 11297
25671, 11297
14504, 11297
11297, 30465
16244, 11298
11298, 45653
34115, 11299
11299, 27955
42110, 11300
11300, 39708
38088, 11301
11301, 45589
44504, 11302
11302, 34653
30292, 11303
37218, 11303
30324, 11303
11303, 23427
44200, 11304
11304, 37115
11304, 16460
11304, 38644
11304, 14917
11304, 24294
42110, 11305
11305, 20898
37847, 11306
11306, 22722
39849, 11307
11307, 39470
36465, 11308
11308, 40230
11308, 40812
11308, 43259
44106, 11309
46311, 11309
11309, 20927
24321, 11310
16414, 11310
20337, 11310
34310, 11310
22869, 11310
24238, 11310
11310, 14211
41333, 11311
19773, 11311
13936, 11311
17602, 11311
12407, 11311
31536, 11311
39162, 11311
33821, 11311
17624, 11311
11311, 46434
11311, 16416
41344, 11312
11312, 24684
34609, 11313
11313, 46484
17848, 11314
11314, 34828
42110, 11315
11315, 22829
40757, 11316
11316, 19625
42174, 11317
11317, 45370
29597, 11318
18148, 11318
11318, 40964
36465, 11319
11319, 27996
11319, 44704
28497, 11320
34720, 11320
46756, 11320
11320, 37482
18939, 11321
11321, 19993
27813, 11322
11322, 14695
37635, 11323
11323, 40585
46771, 11324
29809, 11324
11324, 16687
18170, 11325
11325, 43928
11325, 22262
17217, 11326
11326, 43897
42110, 11327
11327, 12728
42492, 11328
42281, 11328
11328, 34029
47614, 11329
11329, 44622
11329, 25689
32284, 11330
11330, 17115
22656, 11331
11331, 39964
45779, 11332
11332, 31885
15490, 11333
33555, 11333
11333, 19884
42110, 11334
11334, 35298
31059, 11335
11335, 16483
37072, 11336
11336, 13359
11336, 43783
36465, 11337
11337, 33534
13165, 11338
11338, 13415
35215, 11339
29069, 11339
11339, 29159
38829, 11340
11340, 38110
16196, 11341
11341, 25955
33500, 11342
11342, 39057
43094, 11343
11343, 25395
11343, 26994
11343, 46346
11343, 32072
11343, 41366
26998, 11344
11344, 35874
15415, 11345
11345, 30663
24107, 11346
11346, 19595
39735, 11347
11347, 24090
16734, 11348
11348, 12625
32903, 11349
11349, 30292
34709, 11350
11350, 27384
25722, 11351
11351, 18369
21020, 11352
11352, 29518
21074, 11353
11353, 22970
11353, 31156
11353, 39855
38088, 11354
11354, 32956
37062, 11355
11355, 12676
15981, 11356
38469, 11356
44472, 11356
15899, 11356
22099, 11356
31893, 11356
40737, 11356
16041, 11356
11356, 39479
11356, 39621
42110, 11357
11357, 22675
32578, 11358
11358, 19592
19543, 11359
11359, 37341
27776, 11360
41973, 11360
11360, 19018
42110, 11361
11361, 43013
47414, 11362
11362, 19552
42110, 11363
11363, 26775
32859, 11364
11364, 21856
46806, 11365
11365, 36429
38219, 11366
39213, 11366
11366, 22502
42110, 11367
11367, 33714
46806, 11368
11368, 38422
15431, 11369
11369, 27812
43312, 11370
11370, 45252
38829, 11371
11371, 36815
34794, 11372
11372, 34976
42110, 11373
11373, 29354
45373, 11374
11374, 19372
42064, 11375
11375, 24188
33514, 11376
11376, 30716
22440, 11377
11377, 24595
11377, 47146
28401, 11378
11378, 34547
17857, 11379
11379, 35554
42110, 11380
11380, 30856
37242, 11381
11381, 27783
42110, 11382
11382, 21980
36515, 11383
11383, 47617
34390, 11384
17949, 11384
41208, 11384
13287, 11384
28353, 11384
43676, 11384
25878, 11384
29180, 11384
11384, 16150
13866, 11385
11385, 39024
11385, 37337
34427, 11386
47283, 11386
11386, 24826
32578, 11387
11387, 33862
32849, 11388
11388, 36976
11388, 16416
11388, 23269
18260, 11389
34529, 11389
12343, 11389
35379, 11389
11389, 45329
36276, 11390
11390, 29226
11390, 22097
11390, 34381
11390, 16758
29316, 11391
11391, 24775
25849, 11392
11392, 15170
43370, 11393
11393, 42697
42110, 11394
11394, 44656
38406, 11395
11395, 26278
27240, 11396
11396, 46037
36266, 11397
11397, 20374
11397, 39028
42174, 11398
11398, 18894
42110, 11399
11399, 26257
41979, 11400
11400, 19698
19170, 11401
11401, 17120
27692, 11402
31170, 11402
11402, 18735
36570, 11403
11403, 28592
41198, 11404
11404, 47931
11404, 20264
29802, 11405
11405, 30836
16519, 11406
11406, 26485
25732, 11407
11407, 17098
11407, 28565
47070, 11408
11408, 12792
30777, 11409
11409, 15130
11409, 16416
11409, 14917
11409, 39719
19297, 11410
11410, 45204
20374, 11411
29417, 11411
29356, 11411
11411, 14865
14215, 11412
30599, 11412
11412, 48397
11412, 18837
30536, 11413
27818, 11413
11413, 45124
18574, 11414
11414, 18116
11414, 16028
44048, 11415
11415, 18953
42110, 11416
11416, 26981
42110, 11417
11417, 20803
48535, 11418
11418, 29443
42110, 11419
11419, 24418
31059, 11420
11420, 46121
17570, 11421
34547, 11421
11421, 29403
36328, 11422
11422, 13771
11422, 38259
14628, 11423
11423, 33528
16950, 11424
26933, 11424
11424, 26545
21911, 11425
40498, 11425
42915, 11425
39927, 11425
17757, 11425
15670, 11425
11425, 33867
11425, 17745
11425, 30584
25738, 11426
11426, 30555
19225, 11427
30589, 11427
23815, 11427
23076, 11427
29034, 11427
21796, 11427
22274, 11427
31632, 11427
22600, 11427
35164, 11427
22112, 11427
35131, 11427
25152, 11427
41638, 11427
29699, 11427
29867, 11427
39137, 11427
17818, 11427
14107, 11427
47582, 11427
41345, 11427
27912, 11427
13900, 11427
25010, 11427
33569, 11427
48011, 11427
18880, 11427
39804, 11427
20894, 11427
27096, 11427
48569, 11427
38327, 11427
39701, 11427
19806, 11427
17359, 11427
19087, 11427
30719, 11427
38852, 11427
27393, 11427
20848, 11427
13728, 11427
42422, 11427
33030, 11427
29344, 11427
39437, 11427
23289, 11427
47784, 11427
28235, 11427
22501, 11427
14635, 11427
32929, 11427
45869, 11427
41403, 11427
48236, 11427
11427, 13257
45977, 11428
27168, 11428
11428, 42219
40878, 11429
29161, 11429
19005, 11429
26149, 11429
29617, 11429
28374, 11429
14020, 11429
32178, 11429
33983, 11429
14202, 11429
40299, 11429
12744, 11429
22654, 11429
29588, 11429
24615, 11429
43532, 11429
30493, 11429
24934, 11429
40350, 11429
16254, 11429
42213, 11429
41657, 11429
39308, 11429
32229, 11429
23747, 11429
27748, 11429
24436, 11429
13885, 11429
39505, 11429
37803, 11429
40373, 11429
31449, 11429
35556, 11429
12966, 11429
24965, 11429
14952, 11429
18982, 11429
47662, 11429
25073, 11429
29505, 11429
44943, 11429
14655, 11429
43611, 11429
21678, 11429
35821, 11429
17133, 11429
37665, 11429
14329, 11429
35747, 11429
22359, 11429
28162, 11429
18508, 11429
24933, 11429
17925, 11429
44932, 11429
17908, 11429
18532, 11429
13563, 11429
28498, 11429
33331, 11429
25021, 11429
22447, 11429
24967, 11429
12936, 11429
42470, 11429
33292, 11429
31053, 11429
19736, 11429
12925, 11429
20734, 11429
21398, 11429
15245, 11429
39556, 11429
15700, 11429
34774, 11429
24774, 11429
27449, 11429
23095, 11429
28137, 11429
13004, 11429
47474, 11429
22300, 11429
14448, 11429
42037, 11429
45981, 11429
13118, 11429
42597, 11429
17059, 11429
43930, 11429
42098, 11429
16312, 11429
17417, 11429
31313, 11429
40430, 11429
23749, 11429
20524, 11429
47451, 11429
32640, 11429
29898, 11429
47176, 11429
42407, 11429
39563, 11429
36017, 11429
39345, 11429
28564, 11429
32666, 11429
34479, 11429
40652, 11429
47189, 11429
39244, 11429
28515, 11429
21087, 11429
35363, 11429
37720, 11429
19434, 11429
25492, 11429
22304, 11429
19992, 11429
16507, 11429
14782, 11429
32827, 11429
16621, 11429
47814, 11429
46797, 11429
24190, 11429
30838, 11429
18876, 11429
44079, 11429
48027, 11429
41015, 11429
44253, 11429
38956, 11429
36999, 11429
24040, 11429
23491, 11429
43475, 11429
28877, 11429
44118, 11429
20667, 11429
21992, 11429
16517, 11429
35078, 11429
24306, 11429
12551, 11429
24481, 11429
23814, 11429
14105, 11429
38747, 11429
19321, 11429
43051, 11429
40591, 11429
12427, 11429
45375, 11429
16974, 11429
29170, 11429
38419, 11429
33477, 11429
36432, 11429
27618, 11429
20429, 11429
25062, 11429
33545, 11429
45333, 11429
45696, 11429
46750, 11429
29358, 11429
26759, 11429
34319, 11429
30051, 11429
16172, 11429
17175, 11429
47027, 11429
31518, 11429
43886, 11429
27547, 11429
20783, 11429
14234, 11429
15350, 11429
32412, 11429
18494, 11429
19824, 11429
44519, 11429
19442, 11429
46931, 11429
37227, 11429
24620, 11429
18115, 11429
34942, 11429
19316, 11429
17438, 11429
33527, 11429
31827, 11429
37809, 11429
37806, 11429
12653, 11429
43471, 11429
48291, 11429
24908, 11429
22917, 11429
18790, 11429
44599, 11429
48094, 11429
43802, 11429
27283, 11429
18427, 11429
23933, 11429
34313, 11429
22043, 11429
23875, 11429
44449, 11429
34433, 11429
35552, 11429
43582, 11429
36291, 11429
20576, 11429
38516, 11429
19927, 11429
18483, 11429
26729, 11429
44138, 11429
46979, 11429
45319, 11429
47115, 11429
37928, 11429
14996, 11429
23938, 11429
33965, 11429
42964, 11429
44452, 11429
32669, 11429
23002, 11429
28707, 11429
19012, 11429
44562, 11429
27774, 11429
44650, 11429
31910, 11429
42427, 11429
27028, 11429
25074, 11429
27672, 11429
41924, 11429
27502, 11429
39424, 11429
46077, 11429
43994, 11429
40784, 11429
47984, 11429
16991, 11429
31415, 11429
23542, 11429
44655, 11429
30168, 11429
20014, 11429
28656, 11429
14888, 11429
41039, 11429
34195, 11429
17394, 11429
41295, 11429
28924, 11429
13304, 11429
39869, 11429
29229, 11429
40667, 11429
12382, 11429
25288, 11429
35043, 11429
46402, 11429
11429, 14991
35775, 11430
43609, 11430
44848, 11430
35383, 11430
39816, 11430
46843, 11430
48277, 11430
32563, 11430
35380, 11430
37608, 11430
18311, 11430
24608, 11430
38835, 11430
23876, 11430
47459, 11430
26186, 11430
34909, 11430
24469, 11430
23645, 11430
26386, 11430
32771, 11430
33524, 11430
19584, 11430
48411, 11430
20985, 11430
18989, 11430
13702, 11430
26496, 11430
39240, 11430
40770, 11430
21244, 11430
25387, 11430
41761, 11430
17444, 11430
16358, 11430
26812, 11430
37530, 11430
12809, 11430
38033, 11430
25129, 11430
17804, 11430
22892, 11430
13759, 11430
43618, 11430
47505, 11430
45018, 11430
36170, 11430
43656, 11430
45992, 11430
34166, 11430
24379, 11430
22699, 11430
25370, 11430
29664, 11430
41060, 11430
28138, 11430
41276, 11430
42688, 11430
31485, 11430
20177, 11430
20540, 11430
22835, 11430
11430, 45050
38829, 11431
11431, 29574
42110, 11432
11432, 13827
15484, 11433
11433, 24218
11433, 38473
42110, 11434
11434, 31100
28490, 11435
22493, 11435
21060, 11435
25873, 11435
11435, 28516
38443, 11436
13356, 11436
36011, 11436
13569, 11436
30547, 11436
11436, 46185
40511, 11437
11437, 19743
26828, 11438
11438, 12991
47047, 11439
11439, 19705
48350, 11440
11440, 18896
14258, 11441
11441, 25739
42110, 11442
11442, 18819
46997, 11443
11443, 37922
34789, 11444
11444, 44254
11444, 18972
11444, 34019
11444, 30335
27320, 11445
11445, 30176
11445, 20097
11445, 12748
30033, 11446
32184, 11446
11446, 13176
11446, 31172
11446, 34884
11446, 48031
11446, 39469
32722, 11447
24378, 11447
11447, 38114
16244, 11448
11448, 12517
47399, 11449
11449, 12439
37114, 11450
11450, 31755
21185, 11451
11451, 13148
42110, 11452
11452, 28938
36465, 11453
11453, 40724
46837, 11454
11454, 24083
35280, 11455
28152, 11455
11455, 18782
29359, 11456
44973, 11456
11456, 23386
11456, 38304
32941, 11457
11457, 37770
26778, 11458
41720, 11458
14693, 11458
13156, 11458
34507, 11458
16125, 11458
20834, 11458
11458, 17385
11458, 31177
29919, 11459
11459, 20374
11459, 21220
11459, 28458
11459, 30662
34062, 11460
11460, 43264
46806, 11461
11461, 42243
46253, 11462
11462, 28490
27048, 11463
11463, 39745
25574, 11464
11464, 29718
20584, 11465
11465, 19207
16748, 11466
11466, 21586
48057, 11467
11467, 30879
13485, 11468
11468, 36464
24012, 11469
11469, 16153
42174, 11470
11470, 15098
17406, 11471
11471, 16386
12794, 11472
18753, 11472
11472, 19797
26013, 11473
11473, 46637
24542, 11474
21211, 11474
27762, 11474
28960, 11474
34861, 11474
15629, 11474
27504, 11474
14159, 11474
36743, 11474
41553, 11474
23245, 11474
25615, 11474
42506, 11474
26170, 11474
39352, 11474
38562, 11474
18004, 11474
18201, 11474
46498, 11474
13559, 11474
48625, 11474
23187, 11474
18675, 11474
13681, 11474
26982, 11474
22637, 11474
24645, 11474
22885, 11474
45949, 11474
37624, 11474
40288, 11474
39019, 11474
43294, 11474
13962, 11474
26834, 11474
11474, 32670
11474, 16495
44070, 11475
11475, 21889
32127, 11476
22211, 11476
39819, 11476
11476, 42275
15484, 11477
11477, 40444
11477, 33237
11477, 30066
11477, 48162
15142, 11478
11478, 48637
17763, 11479
13165, 11479
11479, 13529
11479, 29695
28490, 11480
15856, 11480
45482, 11480
11480, 27979
30850, 11481
35880, 11481
15761, 11481
18312, 11481
31540, 11481
20334, 11481
13130, 11481
37750, 11481
33155, 11481
39964, 11481
44427, 11481
34137, 11481
13440, 11481
27212, 11481
19126, 11481
20117, 11481
34019, 11481
19405, 11481
30584, 11481
41584, 11481
20043, 11481
37456, 11481
32821, 11481
33042, 11481
30140, 11481
27533, 11481
11481, 42431
46551, 11482
11482, 42104
21516, 11483
36394, 11483
27063, 11483
33862, 11483
35396, 11483
36921, 11483
32754, 11483
16317, 11483
17386, 11483
18469, 11483
13561, 11483
22524, 11483
43345, 11483
24034, 11483
47669, 11483
14826, 11483
39653, 11483
35374, 11483
44275, 11483
12826, 11483
32389, 11483
36790, 11483
38053, 11483
19132, 11483
28690, 11483
17010, 11483
31312, 11483
36292, 11483
22246, 11483
47035, 11483
23269, 11483
20830, 11483
35282, 11483
43288, 11483
27193, 11483
37391, 11483
13763, 11483
41549, 11483
34610, 11483
12678, 11483
38422, 11483
43972, 11483
37980, 11483
46649, 11483
45393, 11483
38310, 11483
16129, 11483
24005, 11483
31466, 11483
22371, 11483
33044, 11483
22959, 11483
30879, 11483
45000, 11483
45680, 11483
13587, 11483
24046, 11483
39484, 11483
20191, 11483
37432, 11483
18591, 11483
40161, 11483
38719, 11483
42395, 11483
35346, 11483
37663, 11483
31156, 11483
46866, 11483
26057, 11483
44701, 11483
27664, 11483
34208, 11483
16904, 11483
24294, 11483
23991, 11483
27629, 11483
44133, 11483
40918, 11483
22503, 11483
25109, 11483
33654, 11483
41058, 11483
15280, 11483
36327, 11483
41662, 11483
38784, 11483
48120, 11483
40049, 11483
35675, 11483
16376, 11483
34593, 11483
16304, 11483
32288, 11483
17514, 11483
47305, 11483
22764, 11483
11483, 42110
24618, 11484
11484, 26229
14258, 11485
37275, 11485
44345, 11485
34919, 11485
42659, 11485
17671, 11485
29771, 11485
11485, 45096
26599, 11486
26537, 11486
28393, 11486
29384, 11486
29439, 11486
15268, 11486
23428, 11486
19135, 11486
21682, 11486
11486, 30826
19777, 11487
11487, 42104
41486, 11488
11488, 12659
42110, 11489
11489, 32331
20260, 11490
25346, 11490
22121, 11490
13443, 11490
29362, 11490
32002, 11490
37671, 11490
23583, 11490
25189, 11490
36745, 11490
11490, 28163
14639, 11491
11491, 47615
20283, 11492
11492, 33326
42110, 11493
11493, 28897
30202, 11494
11494, 16449
44978, 11495
11495, 32904
13610, 11496
11496, 38730
41635, 11497
43164, 11497
13630, 11497
47523, 11497
42590, 11497
11497, 40111
13750, 11498
11498, 36106
11498, 14582
11498, 35270
37189, 11499
13781, 11499
11499, 29315
42110, 11500
11500, 25951
37258, 11501
31113, 11501
47158, 11501
37379, 11501
22700, 11501
11501, 24881
28164, 11502
11502, 48401
11502, 25933
11502, 43119
34290, 11503
14098, 11503
11503, 35644
48318, 11504
11504, 14427
20972, 11505
32689, 11505
11505, 40821
34732, 11506
11506, 35111
34039, 11507
11507, 40378
16357, 11508
11508, 13938
11508, 35084
11508, 41023
25267, 11509
22130, 11509
35717, 11509
25869, 11509
48121, 11509
26902, 11509
11509, 34119
48610, 11510
11510, 17409
11510, 47383
11510, 13372
21502, 11511
11511, 20659
15595, 11512
11512, 42395
11512, 38719
19184, 11513
11513, 35444
30290, 11514
29783, 11514
26465, 11514
17185, 11514
17337, 11514
43691, 11514
40615, 11514
31248, 11514
11514, 46806
11514, 16472
31638, 11515
11515, 28585
11515, 47071
15368, 11516
11516, 17172
42110, 11517
11517, 46275
24073, 11518
11518, 48084
29855, 11519
11519, 35925
11519, 46428
11519, 24750
11519, 38382
15557, 11520
11520, 27518
36546, 11521
11521, 16002
18853, 11522
11522, 38871
26672, 11523
11523, 36563
11523, 34555
47999, 11524
47957, 11524
11524, 33639
15123, 11525
11525, 13033
46806, 11526
11526, 39324
34747, 11527
23769, 11527
11527, 33116
11527, 18462
19729, 11528
11528, 26894
38337, 11529
11529, 47733
12443, 11530
30560, 11530
24420, 11530
26501, 11530
27996, 11530
29255, 11530
45407, 11530
14045, 11530
44155, 11530
26946, 11530
36330, 11530
34141, 11530
46909, 11530
48582, 11530
19872, 11530
48017, 11530
19560, 11530
19766, 11530
17234, 11530
24773, 11530
13383, 11530
13224, 11530
22623, 11530
22891, 11530
15713, 11530
43342, 11530
22448, 11530
17766, 11530
44322, 11530
46420, 11530
42628, 11530
25603, 11530
27499, 11530
14364, 11530
47481, 11530
32739, 11530
17236, 11530
14980, 11530
44789, 11530
26278, 11530
28896, 11530
33450, 11530
43784, 11530
15115, 11530
40723, 11530
38959, 11530
39745, 11530
39608, 11530
38923, 11530
17477, 11530
32240, 11530
39946, 11530
32537, 11530
28519, 11530
48213, 11530
33596, 11530
16258, 11530
30196, 11530
21684, 11530
23189, 11530
33810, 11530
22428, 11530
48552, 11530
15272, 11530
42081, 11530
15826, 11530
38139, 11530
47870, 11530
41368, 11530
20614, 11530
25046, 11530
42203, 11530
23244, 11530
32415, 11530
36222, 11530
43025, 11530
44114, 11530
41215, 11530
16949, 11530
21309, 11530
15060, 11530
14691, 11530
18690, 11530
44165, 11530
41782, 11530
25593, 11530
28677, 11530
21985, 11530
17563, 11530
40464, 11530
35922, 11530
27488, 11530
19172, 11530
40928, 11530
26950, 11530
12919, 11530
17195, 11530
20740, 11530
14648, 11530
46836, 11530
42124, 11530
11530, 46806
11530, 29148
34785, 11531
11531, 23144
34003, 11532
11532, 25522
17763, 11533
11533, 22158
42010, 11534
11534, 31247
36660, 11535
11535, 46915
18899, 11536
11536, 28077
24980, 11537
26865, 11537
46540, 11537
39311, 11537
23309, 11537
31873, 11537
33644, 11537
44094, 11537
11537, 40879
19171, 11538
14342, 11538
24393, 11538
22975, 11538
11538, 40739
12726, 11539
11539, 47035
11539, 37544
46806, 11540
11540, 13110
11540, 48301
42110, 11541
11541, 38799
18653, 11542
11542, 22954
11542, 38307
11542, 45569
11542, 16386
17015, 11543
11543, 36845
39364, 11544
11544, 21594
46565, 11545
40906, 11545
13391, 11545
47157, 11545
23266, 11545
39902, 11545
17451, 11545
16897, 11545
11545, 36447
11545, 36871
11545, 13732
11545, 33190
21331, 11546
11546, 25524
11546, 29026
11546, 39822
45033, 11547
39979, 11547
27996, 11547
34302, 11547
26264, 11547
30323, 11547
30074, 11547
24343, 11547
21912, 11547
13148, 11547
21393, 11547
33401, 11547
32260, 11547
18277, 11547
32435, 11547
44031, 11547
26863, 11547
28526, 11547
39449, 11547
30724, 11547
12457, 11547
39745, 11547
11547, 37465
11547, 46806
36588, 11548
23266, 11548
26268, 11548
28228, 11548
13339, 11548
39568, 11548
11548, 13275
11548, 35523
36465, 11549
11549, 43651
42110, 11550
11550, 13293
32120, 11551
11551, 32415
12941, 11552
28336, 11552
11552, 43562
31339, 11553
11553, 47755
23930, 11554
11554, 40427
11554, 33388
36532, 11555
20997, 11555
11555, 40872
35171, 11556
33962, 11556
11556, 43374
27312, 11557
11557, 29566
11557, 13886
11557, 41671
11557, 38770
11557, 29279
37084, 11558
11558, 37993
24730, 11559
40452, 11559
11559, 17244
11559, 23464
11559, 40744
11559, 36985
11559, 32141
40636, 11560
11560, 48213
37891, 11561
11561, 14648
11561, 18130
45735, 11562
11562, 38163
42110, 11563
11563, 17283
42110, 11564
11564, 44222
32010, 11565
11565, 37456
24896, 11566
38195, 11566
11566, 12446
42110, 11567
11567, 41674
34840, 11568
11568, 19322
41951, 11569
11569, 18928
40781, 11570
40749, 11570
31520, 11570
11570, 24289
42110, 11571
11571, 43631
26335, 11572
39322, 11572
16193, 11572
23999, 11572
35210, 11572
11572, 12324
11572, 34189
11572, 19281
45046, 11573
11573, 40921
15354, 11574
11574, 22157
38503, 11575
11575, 33277
38405, 11576
13894, 11576
36208, 11576
30425, 11576
11576, 19766
31155, 11577
11577, 15416
26853, 11578
11578, 27626
46016, 11579
11579, 26368
30603, 11580
22226, 11580
31734, 11580
38626, 11580
22612, 11580
32302, 11580
35805, 11580
11580, 25253
11580, 22530
24262, 11581
12459, 11581
30881, 11581
37765, 11581
42843, 11581
20291, 11581
32568, 11581
11581, 43784
26147, 11582
11582, 47462
42110, 11583
11583, 23612
20616, 11584
11584, 30229
22656, 11585
11585, 39964
13014, 11586
11586, 42851
13676, 11587
11587, 37376
35221, 11588
11588, 23346
11588, 43041
42110, 11589
11589, 31440
43943, 11590
40669, 11590
11590, 35117
35847, 11591
12859, 11591
11591, 22627
17965, 11592
11592, 40821
46806, 11593
11593, 21424
11593, 45784
46940, 11594
11594, 20302
36465, 11595
11595, 27996
11595, 48087
11595, 47111
11595, 14584
19041, 11596
26080, 11596
38085, 11596
19186, 11596
44706, 11596
11596, 20643
15926, 11597
38263, 11597
11597, 25149
19871, 11598
11598, 23178
13435, 11599
11599, 31221
11599, 16090
11599, 20744
39425, 11600
11600, 46291
24412, 11601
33748, 11601
31175, 11601
40736, 11601
37836, 11601
13223, 11601
21709, 11601
35209, 11601
16055, 11601
31028, 11601
41103, 11601
19582, 11601
40959, 11601
44769, 11601
28201, 11601
39982, 11601
47113, 11601
15716, 11601
41301, 11601
23841, 11601
32258, 11601
14615, 11601
46119, 11601
14369, 11601
38654, 11601
47449, 11601
17199, 11601
42958, 11601
22687, 11601
35565, 11601
47923, 11601
23019, 11601
16571, 11601
18599, 11601
15581, 11601
28251, 11601
24350, 11601
26329, 11601
48155, 11601
12336, 11601
13642, 11601
13346, 11601
31615, 11601
46390, 11601
34231, 11601
40515, 11601
33152, 11601
19800, 11601
33447, 11601
15843, 11601
11601, 47343
47390, 11602
14007, 11602
39054, 11602
35434, 11602
44711, 11602
11602, 47615
31881, 11603
11603, 15058
33548, 11604
11604, 16659
42110, 11605
11605, 15994
30056, 11606
23033, 11606
32151, 11606
29356, 11606
11606, 30751
36144, 11607
19381, 11607
33871, 11607
35379, 11607
11607, 14338
17414, 11608
11608, 26609
11608, 36692
42110, 11609
11609, 35955
22649, 11610
11610, 39614
38713, 11611
11611, 32933
11611, 43119
11611, 18887
46038, 11612
16049, 11612
12603, 11612
26451, 11612
32908, 11612
19412, 11612
21516, 11612
34940, 11612
40119, 11612
18347, 11612
43168, 11612
36893, 11612
45600, 11612
28889, 11612
31538, 11612
31165, 11612
43817, 11612
21670, 11612
44231, 11612
44128, 11612
35575, 11612
26504, 11612
18049, 11612
29760, 11612
44015, 11612
40528, 11612
39815, 11612
40203, 11612
34216, 11612
33157, 11612
15910, 11612
28357, 11612
37770, 11612
22356, 11612
45491, 11612
23236, 11612
21868, 11612
31775, 11612
23695, 11612
18896, 11612
26893, 11612
20264, 11612
35625, 11612
25489, 11612
25448, 11612
42066, 11612
34883, 11612
40623, 11612
47343, 11612
13674, 11612
42815, 11612
18063, 11612
14410, 11612
24134, 11612
45304, 11612
23414, 11612
18894, 11612
46767, 11612
13269, 11612
36903, 11612
13190, 11612
17548, 11612
39919, 11612
32035, 11612
21791, 11612
33044, 11612
20231, 11612
36496, 11612
25140, 11612
37545, 11612
19829, 11612
24046, 11612
27982, 11612
22907, 11612
27474, 11612
39621, 11612
29582, 11612
33339, 11612
40555, 11612
36390, 11612
25833, 11612
20097, 11612
20180, 11612
28416, 11612
38377, 11612
33164, 11612
38784, 11612
15780, 11612
18259, 11612
43364, 11612
17129, 11612
35725, 11612
44337, 11612
38324, 11612
31566, 11612
12748, 11612
34214, 11612
19754, 11612
15300, 11612
21039, 11612
37793, 11612
27052, 11612
17960, 11612
23267, 11612
11612, 42110
36934, 11613
38285, 11613
11613, 42513
23250, 11614
11614, 13492
29944, 11615
11615, 20682
11615, 38644
11615, 35036
22617, 11616
11616, 44612
11616, 27926
11616, 26263
11616, 18570
11616, 15346
12585, 11617
11617, 25499
36465, 11618
11618, 48135
42110, 11619
11619, 45084
16119, 11620
11620, 31490
20680, 11621
11621, 45903
18476, 11622
11622, 43655
36827, 11623
11623, 47615
22468, 11624
46908, 11624
11624, 40875
13983, 11625
18643, 11625
11625, 23719
40577, 11626
29779, 11626
43303, 11626
11626, 30070
31853, 11627
33804, 11627
47245, 11627
42866, 11627
11627, 29203
42332, 11628
28173, 11628
41454, 11628
41558, 11628
38197, 11628
31883, 11628
11628, 39089
24284, 11629
13345, 11629
47898, 11629
27196, 11629
32752, 11629
17227, 11629
35853, 11629
47428, 11629
22973, 11629
44520, 11629
32808, 11629
35474, 11629
12991, 11629
35579, 11629
21055, 11629
11629, 17302
25575, 11630
11630, 37205
11630, 16275
11630, 13476
11630, 43865
46806, 11631
11631, 15928
41091, 11632
11632, 19686
42110, 11633
11633, 25876
39842, 11634
13217, 11634
11634, 38108
15427, 11635
42406, 11635
39017, 11635
33512, 11635
11635, 21039
34627, 11636
11636, 44666
21407, 11637
11637, 35057
28744, 11638
21815, 11638
11638, 43748
24158, 11639
41944, 11639
16183, 11639
37492, 11639
29046, 11639
43001, 11639
37584, 11639
20892, 11639
41602, 11639
43314, 11639
30086, 11639
15472, 11639
45161, 11639
14829, 11639
30166, 11639
44403, 11639
32246, 11639
15224, 11639
29283, 11639
14081, 11639
39293, 11639
24940, 11639
43064, 11639
41450, 11639
18807, 11639
41580, 11639
21657, 11639
17365, 11639
41218, 11639
42748, 11639
27045, 11639
33878, 11639
40015, 11639
18074, 11639
45443, 11639
21338, 11639
47248, 11639
12668, 11639
41920, 11639
15672, 11639
47680, 11639
44291, 11639
23737, 11639
39541, 11639
39199, 11639
18214, 11639
11639, 31691
24698, 11640
47665, 11640
11640, 19870
16189, 11641
11641, 47834
37785, 11642
11642, 36247
15009, 11643
11643, 46217
11643, 19349
25509, 11644
11644, 15562
22635, 11645
11645, 19764
11645, 38172
41758, 11646
18184, 11646
24545, 11646
17313, 11646
26267, 11646
21345, 11646
15807, 11646
26268, 11646
11646, 28706
11646, 21295
11646, 31044
22618, 11647
11647, 19870
38829, 11648
11648, 35578
44875, 11649
11649, 20217
11649, 27054
11649, 48354
11649, 44960
37534, 11650
11650, 48121
20981, 11651
11651, 26864
11651, 44883
11651, 44767
20142, 11652
11652, 28976
19041, 11653
47625, 11653
26032, 11653
11653, 33340
43225, 11654
21511, 11654
21900, 11654
19963, 11654
24605, 11654
46229, 11654
43429, 11654
34995, 11654
23071, 11654
43203, 11654
47871, 11654
22894, 11654
48687, 11654
45639, 11654
13879, 11654
23539, 11654
37511, 11654
42359, 11654
13395, 11654
46093, 11654
12330, 11654
11654, 26278
27379, 11655
28800, 11655
33125, 11655
35094, 11655
29701, 11655
40607, 11655
44444, 11655
24300, 11655
37686, 11655
47163, 11655
44976, 11655
44232, 11655
48097, 11655
18091, 11655
35121, 11655
47574, 11655
29903, 11655
28812, 11655
19689, 11655
46059, 11655
28757, 11655
22060, 11655
11655, 26278
42110, 11656
11656, 41210
35999, 11657
11657, 25833
39438, 11658
24354, 11658
11658, 28306
41883, 11659
11659, 28677
43236, 11660
11660, 22755
42110, 11661
11661, 35833
35248, 11662
11662, 26204
40317, 11663
11663, 34752
29071, 11664
46825, 11664
37088, 11664
44198, 11664
18371, 11664
29139, 11664
47221, 11664
11664, 37027
42110, 11665
11665, 22252
12610, 11666
31064, 11666
18637, 11666
11666, 18766
42110, 11667
11667, 27914
17724, 11668
11668, 36277
42110, 11669
11669, 43578
39539, 11670
11670, 29153
11670, 31321
11670, 32619
15915, 11671
11671, 22091
11671, 14848
36465, 11672
11672, 27996
42064, 11673
11673, 24188
35736, 11674
11674, 14689
11674, 37134
11674, 29069
11674, 21399
11674, 26823
35817, 11675
11675, 21889
42110, 11676
11676, 15564
42608, 11677
11677, 29662
46806, 11678
11678, 43906
43193, 11679
11679, 31278
11679, 27664
21331, 11680
11680, 38597
46387, 11681
11681, 27742
18960, 11682
19478, 11682
19365, 11682
21242, 11682
33568, 11682
35562, 11682
47315, 11682
45262, 11682
16922, 11682
36895, 11682
31238, 11682
20351, 11682
43216, 11682
47018, 11682
12304, 11682
15956, 11682
31492, 11682
28580, 11682
17569, 11682
17909, 11682
40654, 11682
31411, 11682
26034, 11682
39685, 11682
47410, 11682
37887, 11682
45203, 11682
39289, 11682
20991, 11682
29707, 11682
43925, 11682
30864, 11682
41153, 11682
39966, 11682
16914, 11682
26311, 11682
24649, 11682
28705, 11682
33206, 11682
18438, 11682
36701, 11682
21095, 11682
29111, 11682
42003, 11682
35087, 11682
38661, 11682
43048, 11682
40154, 11682
42769, 11682
46413, 11682
43989, 11682
36259, 11682
42497, 11682
25412, 11682
31768, 11682
44745, 11682
14127, 11682
46831, 11682
23365, 11682
22314, 11682
11682, 42699
47755, 11683
45573, 11683
21516, 11683
28973, 11683
41203, 11683
27063, 11683
35092, 11683
22952, 11683
35291, 11683
15233, 11683
30896, 11683
32538, 11683
39793, 11683
44566, 11683
12856, 11683
17170, 11683
22241, 11683
38452, 11683
17386, 11683
29646, 11683
31538, 11683
31389, 11683
18021, 11683
16426, 11683
43345, 11683
24169, 11683
21059, 11683
35575, 11683
43491, 11683
30663, 11683
48227, 11683
19098, 11683
34655, 11683
40203, 11683
17427, 11683
46121, 11683
41535, 11683
13795, 11683
14792, 11683
29221, 11683
29689, 11683
14821, 11683
15626, 11683
17290, 11683
38881, 11683
20264, 11683
42163, 11683
17464, 11683
17310, 11683
41292, 11683
14609, 11683
41199, 11683
32123, 11683
38906, 11683
45085, 11683
16656, 11683
20515, 11683
31126, 11683
14554, 11683
22179, 11683
22124, 11683
45023, 11683
40960, 11683
20285, 11683
46798, 11683
31076, 11683
46649, 11683
18938, 11683
42152, 11683
17111, 11683
40291, 11683
33243, 11683
28045, 11683
14071, 11683
33503, 11683
29769, 11683
42759, 11683
46217, 11683
38370, 11683
44761, 11683
28132, 11683
22870, 11683
22970, 11683
39621, 11683
42312, 11683
14917, 11683
40839, 11683
30958, 11683
24353, 11683
33616, 11683
13476, 11683
43849, 11683
15234, 11683
32980, 11683
35418, 11683
39855, 11683
31156, 11683
28261, 11683
27419, 11683
31310, 11683
41733, 11683
47010, 11683
47535, 11683
24289, 11683
46348, 11683
14110, 11683
32443, 11683
22564, 11683
24338, 11683
27176, 11683
22586, 11683
36476, 11683
29157, 11683
36666, 11683
18300, 11683
21842, 11683
14574, 11683
12512, 11683
14179, 11683
23006, 11683
32252, 11683
33637, 11683
46325, 11683
21894, 11683
34214, 11683
37269, 11683
47730, 11683
11683, 42110
46901, 11684
11684, 37351
32578, 11685
11685, 43758
47699, 11686
11686, 46767
28624, 11687
11687, 33721
15875, 11688
11688, 33906
11688, 18389
11688, 15457
25932, 11689
11689, 22602
31589, 11690
11690, 25863
11690, 22027
11690, 43003
45811, 11691
11691, 26055
17215, 11692
11692, 27783
37778, 11693
30781, 11693
27251, 11693
14509, 11693
11693, 24773
45575, 11694
11694, 40535
47326, 11695
11695, 25846
42110, 11696
11696, 38525
25361, 11697
11697, 38871
31240, 11698
11698, 14113
15174, 11699
11699, 48085
11699, 32380
29415, 11700
11700, 35474
23800, 11701
11701, 15684
11701, 27345
21506, 11702
11702, 38842
46518, 11703
11703, 41030
45538, 11704
11704, 42400
30368, 11705
11705, 13656
18296, 11706
11706, 25910
32930, 11707
23656, 11707
11707, 41928
41951, 11708
11708, 19126
42110, 11709
11709, 20057
42110, 11710
11710, 47565
36465, 11711
11711, 18690
45884, 11712
11712, 17043
28328, 11713
11713, 22586
24793, 11714
11714, 45663
11714, 14689
11714, 16610
11714, 39559
45229, 11715
31099, 11715
43063, 11715
28600, 11715
45287, 11715
12332, 11715
11715, 18204
46806, 11716
11716, 21563
40523, 11717
11717, 20547
11717, 20404
11717, 43744
40193, 11718
16772, 11718
11718, 27683
24757, 11719
11719, 23781
11719, 32068
12315, 11720
11720, 19123
16552, 11721
11721, 26421
46600, 11722
11722, 34812
11722, 32631
38807, 11723
11723, 20372
14170, 11724
11724, 36047
29239, 11725
20382, 11725
32116, 11725
38996, 11725
45520, 11725
47357, 11725
28721, 11725
25804, 11725
28436, 11725
45712, 11725
11725, 23444
43791, 11726
31783, 11726
36805, 11726
11726, 18549
11726, 42552
41770, 11727
11727, 43972
36785, 11728
11728, 20546
42110, 11729
11729, 48484
42110, 11730
11730, 31009
34457, 11731
11731, 27770
38603, 11732
11732, 13514
43453, 11733
11733, 42963
11733, 19395
28134, 11734
34473, 11734
38558, 11734
30454, 11734
43653, 11734
15678, 11734
26164, 11734
17814, 11734
31107, 11734
11734, 18221
11734, 23413
23489, 11735
11735, 32278
15708, 11736
11736, 42768
42110, 11737
11737, 32813
42520, 11738
47597, 11738
17626, 11738
48311, 11738
44924, 11738
23179, 11738
11738, 43339
44175, 11739
31397, 11739
11739, 28327
29010, 11740
11740, 34110
11740, 17139
17440, 11741
11741, 45387
11741, 43003
12399, 11742
11742, 44477
11742, 29604
11742, 22602
25427, 11743
28158, 11743
11743, 16942
42110, 11744
11744, 45506
33991, 11745
11745, 36431
39985, 11746
11746, 15505
11746, 19288
21589, 11747
11747, 47297
17649, 11748
11748, 32026
11748, 14432
11748, 28890
11748, 47057
11748, 32835
16601, 11749
11749, 29597
45205, 11750
11750, 44383
44466, 11751
11751, 26030
46925, 11752
11752, 46035
11752, 15742
11752, 21334
12651, 11753
11753, 36329
45575, 11754
11754, 40535
34146, 11755
13536, 11755
31498, 11755
42657, 11755
17557, 11755
11755, 42188
41908, 11756
11756, 34381
46806, 11757
11757, 13102
42110, 11758
11758, 24974
43417, 11759
11759, 41839
32903, 11760
11760, 30292
21011, 11761
11761, 46618
11761, 41392
46163, 11762
11762, 40027
11762, 14657
11762, 39698
11762, 41382
11762, 22549
11762, 36308
11762, 33680
11762, 13538
11762, 44916
11762, 34996
11762, 22205
11762, 16876
11762, 21431
11762, 23358
11762, 31102
11762, 40227
11762, 30804
11762, 18768
11762, 37395
11762, 40081
11762, 20284
11762, 19162
11762, 19538
11762, 40807
11762, 46112
11762, 29280
11762, 29838
11762, 25794
11762, 47998
11762, 12349
11762, 37359
11762, 22670
11762, 15927
11762, 39789
11762, 37799
31988, 11763
11763, 38584
33508, 11764
11764, 22755
16244, 11765
11765, 35652
47575, 11766
11766, 14609
11766, 21119
42563, 11767
11767, 48232
21994, 11768
11768, 16243
11768, 25768
11768, 17870
25574, 11769
11769, 29718
45299, 11770
43411, 11770
11770, 19105
20549, 11771
11771, 38370
29920, 11772
11772, 16427
47462, 11773
19481, 11773
11773, 34781
20135, 11774
11774, 25150
42110, 11775
11775, 46270
18568, 11776
11776, 45656
17850, 11777
11777, 21120
15116, 11778
11778, 48231
40330, 11779
11779, 32151
11779, 31354
11779, 36130
11779, 41733
40942, 11780
38727, 11780
47540, 11780
11780, 33818
46806, 11781
11781, 22216
13875, 11782
11782, 17682
28339, 11783
11783, 14992
11783, 28729
11783, 20404
11783, 18109
32578, 11784
11784, 18136
33015, 11785
11785, 17942
28008, 11786
11786, 18015
26813, 11787
29597, 11787
11787, 12990
15146, 11788
11788, 44637
37900, 11789
11789, 33510
45205, 11790
11790, 36909
44312, 11791
29720, 11791
32761, 11791
32174, 11791
41886, 11791
18883, 11791
39321, 11791
22177, 11791
20204, 11791
43349, 11791
11791, 37213
38829, 11792
11792, 29356
19307, 11793
11793, 31588
11793, 19270
11793, 40978
36616, 11794
11794, 23154
48244, 11795
26846, 11795
11795, 43813
39250, 11796
11796, 22862
45599, 11797
11797, 13245
45779, 11798
11798, 45202
40480, 11799
11799, 22356
11799, 31348
41586, 11800
11800, 14457
11800, 31931
13875, 11801
11801, 37698
15929, 11802
11802, 45129
42110, 11803
11803, 15939
33010, 11804
35738, 11804
37590, 11804
43600, 11804
44303, 11804
28064, 11804
37964, 11804
11804, 32773
27306, 11805
11805, 27719
11805, 35153
11805, 26867
45205, 11806
11806, 45302
11806, 14437
12383, 11807
11807, 20264
11807, 16052
15931, 11808
11808, 17225
14011, 11809
11809, 36808
31059, 11810
11810, 33414
25179, 11811
11811, 47775
31419, 11812
11812, 16049
28307, 11813
11813, 46606
23725, 11814
11814, 16982
42110, 11815
11815, 40919
43764, 11816
11816, 13862
36927, 11817
11817, 47443
44354, 11818
16608, 11818
46515, 11818
11818, 45299
11818, 29889
11818, 48131
11818, 39621
21331, 11819
11819, 46388
11819, 36825
11819, 40442
11819, 15713
11819, 14980
41975, 11820
11820, 18151
11820, 14240
24171, 11821
11821, 36937
37037, 11822
11822, 28694
24132, 11823
11823, 18915
11823, 34700
11823, 16386
20885, 11824
11824, 28268
46771, 11825
11825, 14271
11825, 13930
17942, 11826
16522, 11826
44559, 11826
24524, 11826
22748, 11826
18639, 11826
29442, 11826
22237, 11826
35887, 11826
38749, 11826
24420, 11826
31468, 11826
21281, 11826
38126, 11826
43642, 11826
23642, 11826
29443, 11826
48051, 11826
18735, 11826
24948, 11826
31264, 11826
44644, 11826
42576, 11826
29631, 11826
28211, 11826
44135, 11826
26917, 11826
27610, 11826
23710, 11826
37802, 11826
45029, 11826
35958, 11826
21553, 11826
37986, 11826
12388, 11826
36863, 11826
33409, 11826
18025, 11826
35810, 11826
45781, 11826
40307, 11826
15518, 11826
42080, 11826
28373, 11826
25827, 11826
34141, 11826
16951, 11826
20163, 11826
34667, 11826
35949, 11826
28728, 11826
43408, 11826
24785, 11826
48582, 11826
17400, 11826
38362, 11826
37371, 11826
21156, 11826
43339, 11826
19957, 11826
19766, 11826
43699, 11826
27074, 11826
38172, 11826
38561, 11826
28097, 11826
17137, 11826
19914, 11826
30116, 11826
25870, 11826
38464, 11826
21703, 11826
24572, 11826
22676, 11826
15273, 11826
21761, 11826
24344, 11826
21264, 11826
41719, 11826
37653, 11826
37901, 11826
19169, 11826
44322, 11826
21654, 11826
15206, 11826
31511, 11826
16283, 11826
40872, 11826
27499, 11826
42930, 11826
38718, 11826
34169, 11826
40319, 11826
41451, 11826
17043, 11826
48517, 11826
45929, 11826
36924, 11826
29295, 11826
37298, 11826
35328, 11826
22115, 11826
32391, 11826
45611, 11826
20843, 11826
23598, 11826
43320, 11826
26278, 11826
47617, 11826
30598, 11826
36061, 11826
24983, 11826
46846, 11826
42687, 11826
17901, 11826
44948, 11826
21463, 11826
12713, 11826
17353, 11826
37797, 11826
14471, 11826
25902, 11826
14816, 11826
24715, 11826
17067, 11826
27733, 11826
29230, 11826
19401, 11826
42057, 11826
28998, 11826
21948, 11826
19870, 11826
37508, 11826
27885, 11826
28136, 11826
29738, 11826
17654, 11826
34993, 11826
43071, 11826
31349, 11826
20457, 11826
25859, 11826
22861, 11826
24113, 11826
35153, 11826
39044, 11826
46836, 11826
23671, 11826
14951, 11826
22149, 11826
16992, 11826
28532, 11826
34063, 11826
24745, 11826
36213, 11826
32413, 11826
20987, 11826
21309, 11826
28976, 11826
20740, 11826
40276, 11826
36483, 11826
42623, 11826
29627, 11826
39760, 11826
13994, 11826
14614, 11826
19720, 11826
21929, 11826
33666, 11826
12320, 11826
22534, 11826
47980, 11826
24728, 11826
48096, 11826
39608, 11826
25956, 11826
35401, 11826
36060, 11826
42649, 11826
19431, 11826
45127, 11826
29639, 11826
16114, 11826
46922, 11826
19352, 11826
32307, 11826
23818, 11826
36839, 11826
22811, 11826
30393, 11826
22428, 11826
16028, 11826
27919, 11826
24685, 11826
44031, 11826
33627, 11826
26252, 11826
29090, 11826
47663, 11826
47214, 11826
46006, 11826
46162, 11826
23189, 11826
48636, 11826
37237, 11826
47726, 11826
43529, 11826
19019, 11826
23764, 11826
23007, 11826
17475, 11826
28519, 11826
12379, 11826
23937, 11826
29744, 11826
40100, 11826
47697, 11826
40877, 11826
28737, 11826
27909, 11826
32240, 11826
47754, 11826
27991, 11826
20553, 11826
19581, 11826
37231, 11826
29251, 11826
16769, 11826
15178, 11826
37104, 11826
31670, 11826
39050, 11826
13385, 11826
19403, 11826
25134, 11826
19646, 11826
40031, 11826
37390, 11826
17189, 11826
45583, 11826
28427, 11826
28448, 11826
39946, 11826
25141, 11826
36945, 11826
43520, 11826
23129, 11826
31834, 11826
44572, 11826
12422, 11826
31013, 11826
43555, 11826
47331, 11826
17301, 11826
44561, 11826
44208, 11826
27663, 11826
39745, 11826
40290, 11826
48143, 11826
43285, 11826
30808, 11826
22181, 11826
24131, 11826
22715, 11826
21908, 11826
39632, 11826
45822, 11826
18328, 11826
18190, 11826
31839, 11826
41705, 11826
22523, 11826
43938, 11826
11826, 46806
11826, 24806
42222, 11827
11827, 30850
37541, 11828
11828, 22502
15505, 11829
39625, 11829
11829, 34281
46806, 11830
11830, 46985
44981, 11831
11831, 43018
25179, 11832
11832, 32115
42973, 11833
11833, 26643
34039, 11834
11834, 36341
36215, 11835
11835, 20002
13573, 11836
46288, 11836
16497, 11836
32234, 11836
40405, 11836
36387, 11836
26394, 11836
11836, 47102
42110, 11837
11837, 47532
29555, 11838
16122, 11838
21289, 11838
11838, 18127
33245, 11839
47074, 11839
39759, 11839
27256, 11839
24299, 11839
21745, 11839
16274, 11839
26422, 11839
24808, 11839
18459, 11839
22249, 11839
32357, 11839
25803, 11839
26423, 11839
36760, 11839
24555, 11839
33540, 11839
23335, 11839
44961, 11839
25358, 11839
39275, 11839
26728, 11839
22837, 11839
45010, 11839
32337, 11839
26624, 11839
20660, 11839
42309, 11839
38201, 11839
35975, 11839
35303, 11839
41390, 11839
44872, 11839
42775, 11839
37270, 11839
46225, 11839
11839, 47343
19100, 11840
30371, 11840
32153, 11840
11840, 29345
27439, 11841
11841, 27626
28326, 11842
11842, 22071
46602, 11843
11843, 19372
11843, 18199
11843, 42099
11843, 45695
20889, 11844
11844, 13859
36252, 11845
11845, 15893
47699, 11846
11846, 15902
44332, 11847
11847, 28768
11847, 27783
27818, 11848
11848, 32743
42174, 11849
11849, 14110
29970, 11850
11850, 12891
26735, 11851
13975, 11851
11851, 40144
11851, 13001
26132, 11852
11852, 29605
24876, 11853
11853, 32625
19776, 11854
11854, 19269
24029, 11855
11855, 46343
42110, 11856
11856, 28938
42110, 11857
11857, 18031
36201, 11858
11858, 40569
28540, 11859
11859, 23189
24624, 11860
11860, 17028
11860, 23385
11860, 41910
11860, 45695
11860, 38784
11860, 43463
42110, 11861
11861, 36811
35489, 11862
48258, 11862
40122, 11862
42051, 11862
11862, 15272
11862, 17481
42110, 11863
11863, 46472
48261, 11864
11864, 14399
11864, 42210
30536, 11865
11865, 22448
43343, 11866
28354, 11866
11866, 27473
15101, 11867
11867, 44028
11867, 28703
24835, 11868
13976, 11868
11868, 36610
35109, 11869
11869, 35806
21728, 11870
11870, 28225
35317, 11871
11871, 38770
11871, 32380
47095, 11872
11872, 24756
28490, 11873
14218, 11873
46033, 11873
29566, 11873
23442, 11873
14037, 11873
24952, 11873
45706, 11873
12907, 11873
41671, 11873
34899, 11873
28729, 11873
34547, 11873
16687, 11873
16504, 11873
46073, 11873
32235, 11873
34477, 11873
33330, 11873
19405, 11873
11873, 12464
21396, 11874
11874, 20232
27818, 11875
11875, 45491
42174, 11876
11876, 12367
22284, 11877
11877, 14673
33712, 11878
12565, 11878
34573, 11878
40695, 11878
38595, 11878
36251, 11878
19540, 11878
16294, 11878
46273, 11878
15303, 11878
15046, 11878
40195, 11878
46868, 11878
42398, 11878
14699, 11878
18831, 11878
22958, 11878
46018, 11878
44788, 11878
24324, 11878
42549, 11878
42905, 11878
22847, 11878
12839, 11878
14080, 11878
30694, 11878
20322, 11878
42416, 11878
48643, 11878
31848, 11878
42809, 11878
37081, 11878
34086, 11878
16068, 11878
48678, 11878
45355, 11878
18087, 11878
25695, 11878
42264, 11878
34108, 11878
31661, 11878
16795, 11878
48161, 11878
26710, 11878
14028, 11878
16532, 11878
40339, 11878
11878, 35978
11878, 17185
42110, 11879
11879, 19483
18689, 11880
11880, 19962
40968, 11881
11881, 33867
11881, 38891
14594, 11882
11882, 33654
17914, 11883
11883, 31191
37570, 11884
11884, 35634
42110, 11885
11885, 31416
21331, 11886
11886, 20992
39812, 11887
11887, 27640
42110, 11888
11888, 22302
36690, 11889
34064, 11889
11889, 34781
42110, 11890
11890, 40434
40056, 11891
11891, 45430
38622, 11892
11892, 32618
11892, 22698
11892, 22804
46806, 11893
11893, 33356
23659, 11894
11894, 20468
11894, 18930
47896, 11895
46255, 11895
11895, 44658
11895, 29566
36314, 11896
11896, 21733
42110, 11897
11897, 24855
26093, 11898
11898, 31263
42522, 11899
11899, 44128
42110, 11900
11900, 21789
44954, 11901
11901, 15977
34868, 11902
42985, 11902
43256, 11902
21124, 11902
25285, 11902
38292, 11902
22671, 11902
33855, 11902
28105, 11902
33529, 11902
41109, 11902
27038, 11902
36819, 11902
27172, 11902
18512, 11902
48008, 11902
29114, 11902
41537, 11902
43400, 11902
11902, 14097
39592, 11903
13837, 11903
11903, 38867
17447, 11904
11904, 23145
11904, 36948
11904, 18025
11904, 47691
11904, 44789
11904, 27289
11904, 48157
32070, 11905
11905, 19330
36877, 11906
11906, 20280
11906, 24046
24287, 11907
11907, 24030
11907, 45381
11907, 46639
12864, 11908
11908, 40467
37861, 11909
13916, 11909
16877, 11909
13330, 11909
26516, 11909
11909, 42367
29573, 11910
11910, 28323
11910, 23093
35661, 11911
11911, 38760
36045, 11912
11912, 48054
37718, 11913
11913, 26705
29228, 11914
24705, 11914
11914, 14037
11914, 38858
11914, 30178
11914, 41085
11914, 25342
11914, 16904
47988, 11915
11915, 27091
11915, 36847
30187, 11916
11916, 37162
11916, 34783
11916, 46889
45055, 11917
11917, 36052
15410, 11918
19243, 11918
14188, 11918
31417, 11918
31744, 11918
32520, 11918
11918, 16516
11918, 35143
23541, 11919
11919, 41421
11919, 48128
11919, 23992
19386, 11920
11920, 13319
11920, 33232
42110, 11921
11921, 41887
42110, 11922
11922, 31326
17422, 11923
38915, 11923
36042, 11923
11923, 45797
16382, 11924
11924, 39053
11924, 27783
43282, 11925
47159, 11925
21733, 11925
22711, 11925
11925, 47043
41026, 11926
11926, 24726
42110, 11927
11927, 16534
31441, 11928
11928, 35915
28782, 11929
11929, 32386
18537, 11930
11930, 33800
43443, 11931
11931, 15300
16691, 11932
11932, 33234
21274, 11933
11933, 34054
27336, 11934
11934, 36366
45993, 11935
11935, 42284
46384, 11936
11936, 35527
11936, 34548
42110, 11937
11937, 48566
25785, 11938
11938, 36086
19639, 11939
11939, 12645
33368, 11940
11940, 19676
28713, 11941
11941, 26235
11941, 31576
11941, 14917
11941, 15964
47091, 11942
35116, 11942
11942, 20378
31237, 11943
47925, 11943
11943, 41297
11943, 29631
11943, 44135
11943, 14737
11943, 42011
11943, 47585
11943, 44759
11943, 31511
11943, 38135
11943, 38097
11943, 36924
11943, 27653
11943, 15137
11943, 14471
11943, 44114
11943, 34223
11943, 30814
11943, 14895
11943, 33377
11943, 17189
11943, 43555
11943, 40221
46564, 11944
11944, 17957
16244, 11945
11945, 48496
21093, 11946
11946, 47755
11946, 20170
11946, 39948
36506, 11947
26928, 11947
21026, 11947
18305, 11947
17445, 11947
22840, 11947
33502, 11947
21790, 11947
35790, 11947
46693, 11947
11947, 30531
42110, 11948
11948, 34171
37542, 11949
11949, 40894
15361, 11950
11950, 16360
38829, 11951
11951, 32465
13798, 11952
11952, 47690
12945, 11953
11953, 37601
33909, 11954
11954, 17519
32660, 11955
11955, 18936
11955, 19969
11955, 44691
11955, 14410
11955, 32684
11955, 12748
41353, 11956
11956, 34792
15559, 11957
11957, 32900
35930, 11958
11958, 16825
11958, 37094
41804, 11959
11959, 28531
34229, 11960
16716, 11960
23920, 11960
11960, 39634
24355, 11961
11961, 38557
47945, 11962
11962, 34238
47699, 11963
11963, 46649
44864, 11964
11964, 26639
22594, 11965
28041, 11965
11965, 42757
13747, 11966
11966, 25952
30956, 11967
11967, 26395
42110, 11968
11968, 18470
42110, 11969
11969, 32327
26153, 11970
11970, 29047
42110, 11971
11971, 34479
16313, 11972
11972, 48609
17897, 11973
11973, 40821
26131, 11974
11974, 28406
40041, 11975
45066, 11975
11975, 18102
25070, 11976
11976, 47795
43298, 11977
11977, 40685
36995, 11978
11978, 40872
45323, 11979
11979, 14358
28213, 11980
11980, 43604
46806, 11981
11981, 42633
11981, 20018
41507, 11982
11982, 32881
19150, 11983
11983, 33860
11983, 43687
11983, 32769
28729, 11984
35188, 11984
11984, 39732
31426, 11985
16364, 11985
35589, 11985
38749, 11985
35702, 11985
15103, 11985
35354, 11985
18644, 11985
23145, 11985
18735, 11985
33663, 11985
24458, 11985
28133, 11985
26158, 11985
22250, 11985
23109, 11985
29783, 11985
37976, 11985
12891, 11985
48582, 11985
38101, 11985
16965, 11985
14417, 11985
19766, 11985
18227, 11985
28290, 11985
28831, 11985
37158, 11985
20240, 11985
40666, 11985
45037, 11985
25962, 11985
31143, 11985
17523, 11985
14033, 11985
38344, 11985
26484, 11985
14980, 11985
48561, 11985
24225, 11985
18661, 11985
44948, 11985
25593, 11985
15293, 11985
42041, 11985
34988, 11985
19870, 11985
32415, 11985
20481, 11985
41343, 11985
48157, 11985
42137, 11985
31385, 11985
32939, 11985
28976, 11985
18921, 11985
12380, 11985
20315, 11985
22598, 11985
37116, 11985
30236, 11985
27938, 11985
14361, 11985
37890, 11985
15738, 11985
47467, 11985
48552, 11985
24523, 11985
33571, 11985
43295, 11985
29580, 11985
22275, 11985
25487, 11985
16028, 11985
29329, 11985
12645, 11985
33818, 11985
40354, 11985
20106, 11985
32892, 11985
25126, 11985
31954, 11985
17782, 11985
22324, 11985
48172, 11985
23189, 11985
38617, 11985
17565, 11985
35621, 11985
11985, 46806
11985, 42793
42110, 11986
11986, 46916
14658, 11987
11987, 30044
38123, 11988
32831, 11988
15972, 11988
12498, 11988
48413, 11988
11988, 22630
15207, 11989
11989, 27640
31594, 11990
11990, 34137
22782, 11991
11991, 41856
37950, 11992
11992, 45562
48672, 11993
11993, 35319
11993, 28896
20552, 11994
11994, 12920
42110, 11995
11995, 19287
31479, 11996
11996, 23684
11996, 31076
11996, 34525
11996, 15903
11996, 27931
42763, 11997
45091, 11997
11997, 40894
21886, 11998
11998, 13510
35379, 11999
11999, 28890
36465, 12000
12000, 26264
33953, 12001
12001, 39586
12001, 25559
12001, 38172
26674, 12002
12002, 31153
12002, 17386
36167, 12003
12003, 28024
21828, 12004
12004, 36060
39655, 12005
12929, 12005
35081, 12005
19757, 12005
18772, 12005
12005, 17051
39318, 12006
12006, 14886
12006, 15657
12006, 47044
12006, 34755
20038, 12007
12007, 19894
12007, 47044
12007, 35988
42110, 12008
12008, 22929
22519, 12009
32313, 12009
41463, 12009
12009, 31984
12009, 36945
42655, 12010
12010, 31321
12010, 14821
40748, 12011
12011, 24213
25617, 12012
12012, 23189
18428, 12013
12013, 16202
12013, 25304
12013, 27763
12013, 47236
43033, 12014
12014, 21795
40255, 12015
12015, 13541
39399, 12016
12016, 39271
46140, 12017
35970, 12017
47615, 12017
12017, 36807
42110, 12018
12018, 48106
15871, 12019
12019, 30778
12019, 31603
43872, 12020
12020, 36690
12759, 12021
22140, 12021
42096, 12021
44819, 12021
39295, 12021
32445, 12021
12021, 23444
30981, 12022
12022, 28983
19113, 12023
12023, 40025
12023, 18034
12023, 44274
16582, 12024
12024, 36509
12024, 41844
25765, 12025
12025, 34064
35379, 12026
12026, 28012
17590, 12027
12027, 17204
12027, 32288
12027, 45804
31929, 12028
12028, 40445
19317, 12029
18782, 12029
12029, 14469
34596, 12030
12030, 41013
12030, 38571
44740, 12031
12031, 31551
21644, 12032
45290, 12032
33006, 12032
16567, 12032
17797, 12032
12032, 23882
31841, 12033
12033, 13602
22643, 12034
12034, 43861
15838, 12035
12035, 47372
23057, 12036
12036, 18022
35973, 12037
12037, 47775
40495, 12038
12038, 38384
31184, 12039
12039, 19474
37177, 12040
21018, 12040
12040, 14045
14285, 12041
39800, 12041
38832, 12041
12041, 44231
25879, 12042
12042, 16207
42174, 12043
12043, 12367
46806, 12044
12044, 16978
35707, 12045
12045, 20097
12045, 40559
47575, 12046
12046, 22764
39091, 12047
12047, 12422
38585, 12048
12048, 42186
42563, 12049
12049, 48232
23830, 12050
47630, 12050
16838, 12050
17341, 12050
26857, 12050
20801, 12050
12050, 48445
42110, 12051
12051, 16724
20480, 12052
12052, 33905
48163, 12053
12053, 21965
20467, 12054
12054, 40544
12054, 27655
12054, 24797
12054, 41023
12054, 16356
12054, 19270
41951, 12055
12055, 33349
42110, 12056
12056, 24097
46163, 12057
12057, 46717
12057, 17983
12057, 26136
12057, 45277
12057, 19653
12057, 18958
12057, 40388
12057, 23924
12057, 42087
12057, 48239
12057, 13834
12057, 16354
12057, 14941
12057, 39506
12057, 12694
12057, 15528
12057, 38775
12057, 45910
12057, 29156
12057, 39455
12057, 46548
12057, 22613
12057, 35358
12057, 40876
12057, 46914
12057, 30731
12057, 19089
12057, 29088
12057, 22670
12057, 31675
12057, 32042
12057, 37799
12057, 31194
12057, 22018
27148, 12058
19041, 12058
38941, 12058
44502, 12058
12058, 13493
17317, 12059
12059, 39963
12059, 14625
12776, 12060
12060, 33656
48404, 12061
12061, 34136
12061, 16146
29773, 12062
12062, 23346
12062, 30087
35679, 12063
12063, 18919
12063, 21059
12063, 35575
12063, 17427
12063, 44756
48668, 12064
12064, 43057
12064, 15374
12064, 33826
12064, 18063
42110, 12065
12065, 35800
42110, 12066
12066, 27858
29551, 12067
12067, 15375
36465, 12068
12068, 27996
12068, 19447
12068, 14420
38829, 12069
12069, 29356
32450, 12070
27231, 12070
16934, 12070
24847, 12070
46796, 12070
14404, 12070
42032, 12070
44962, 12070
44366, 12070
18102, 12070
16141, 12070
42804, 12070
41863, 12070
13862, 12070
31792, 12070
18089, 12070
20922, 12070
23272, 12070
18303, 12070
33615, 12070
29832, 12070
24829, 12070
13928, 12070
21302, 12070
19660, 12070
15744, 12070
26074, 12070
33080, 12070
21859, 12070
31247, 12070
20202, 12070
44426, 12070
29864, 12070
45928, 12070
29082, 12070
38125, 12070
25551, 12070
39433, 12070
26761, 12070
28163, 12070
14572, 12070
30382, 12070
40144, 12070
36547, 12070
43633, 12070
21468, 12070
44746, 12070
16104, 12070
24006, 12070
31110, 12070
28520, 12070
16152, 12070
20908, 12070
30619, 12070
44352, 12070
15497, 12070
32205, 12070
40719, 12070
39720, 12070
18632, 12070
26867, 12070
43269, 12070
41088, 12070
21794, 12070
38446, 12070
38664, 12070
13734, 12070
42822, 12070
22417, 12070
13574, 12070
41380, 12070
30620, 12070
47056, 12070
26466, 12070
19322, 12070
21208, 12070
28974, 12070
46221, 12070
44006, 12070
21844, 12070
13001, 12070
28167, 12070
41665, 12070
33066, 12070
24071, 12070
36135, 12070
46847, 12070
21108, 12070
23961, 12070
12369, 12070
15741, 12070
40114, 12070
33356, 12070
19641, 12070
15756, 12070
27354, 12070
35211, 12070
25318, 12070
29536, 12070
45362, 12070
42757, 12070
48516, 12070
20610, 12070
31008, 12070
13312, 12070
21836, 12070
27031, 12070
15813, 12070
32741, 12070
12912, 12070
37360, 12070
29435, 12070
17779, 12070
38244, 12070
34871, 12070
14054, 12070
40575, 12070
43327, 12070
36101, 12070
16169, 12070
35751, 12070
32365, 12070
25621, 12070
23760, 12070
19435, 12070
20041, 12070
29917, 12070
23340, 12070
26250, 12070
38682, 12070
24114, 12070
43142, 12070
39523, 12070
31794, 12070
29331, 12070
43959, 12070
18522, 12070
35704, 12070
31755, 12070
15301, 12070
21876, 12070
21986, 12070
47604, 12070
47033, 12070
31328, 12070
28818, 12070
12070, 28039
42110, 12071
12071, 20251
32400, 12072
12072, 26675
47975, 12073
12073, 29696
33150, 12074
12074, 47682
15052, 12075
12075, 35816
12075, 33496
12075, 24046
27062, 12076
12076, 35500
21331, 12077
12077, 21505
41077, 12078
12078, 35566
12824, 12079
12079, 19595
12079, 36976
32151, 12080
48354, 12080
42077, 12080
12080, 15872
35968, 12081
12081, 41962
34105, 12082
12082, 44340
37527, 12083
12083, 16985
42110, 12084
12084, 27858
18842, 12085
46343, 12085
37162, 12085
12085, 23192
45864, 12086
12086, 29566
12086, 39721
27814, 12087
12087, 29913
19991, 12088
12088, 38305
12088, 36541
12088, 15866
29260, 12089
12089, 20416
26303, 12090
12090, 47950
18694, 12091
12091, 24069
47382, 12092
12092, 26849
12092, 48168
28890, 12093
12093, 20326
42110, 12094
12094, 28623
29809, 12095
12095, 36431
12095, 29759
42110, 12096
12096, 29178
18840, 12097
12097, 28263
15654, 12098
12098, 36844
44361, 12099
32088, 12099
12099, 35704
15419, 12100
12100, 26057
33762, 12101
12101, 22033
45315, 12102
12102, 26639
48684, 12103
12103, 34732
31394, 12104
12104, 30508
26330, 12105
12105, 28331
25918, 12106
12106, 33201
12106, 47755
38543, 12107
12107, 16384
34528, 12108
12108, 33923
36465, 12109
12109, 37908
48458, 12110
12110, 21309
18383, 12111
12111, 44810
13457, 12112
12112, 21938
12112, 43478
12112, 14074
46806, 12113
12113, 33576
23205, 12114
40206, 12114
12114, 12993
42110, 12115
12115, 21066
38017, 12116
14355, 12116
20929, 12116
12116, 33339
39960, 12117
12117, 48684
47484, 12118
12118, 31081
34428, 12119
12119, 30883
12119, 21027
12955, 12120
12120, 33116
24096, 12121
12121, 48413
28762, 12122
12122, 47306
39916, 12123
12123, 44280
25697, 12124
12124, 28490
12124, 38136
12124, 12919
19024, 12125
12125, 16945
21614, 12126
12126, 14135
12126, 36277
14317, 12127
12127, 40213
42110, 12128
12128, 19408
46806, 12129
12129, 46342
20416, 12130
47625, 12130
36771, 12130
12130, 33727
15284, 12131
42726, 12131
12131, 38172
19944, 12132
12132, 46343
46401, 12133
12133, 40119
12133, 25365
12133, 48284
25142, 12134
12134, 29222
41350, 12135
12135, 27982
15759, 12136
12136, 23037
23927, 12137
44729, 12137
41797, 12137
12137, 34302
28758, 12138
12138, 28702
14864, 12139
12139, 35571
48265, 12140
12140, 36032
23438, 12141
12141, 25726
33823, 12142
12142, 32007
12142, 36786
12142, 41509
31750, 12143
12143, 15216
30599, 12144
12144, 20191
22758, 12145
12145, 43666
27383, 12146
12146, 46434
12146, 39919
12146, 36584
12146, 37982
12146, 21965
42110, 12147
12147, 22829
13709, 12148
12148, 21096
30770, 12149
40795, 12149
12149, 41817
36465, 12150
12150, 15913
43552, 12151
12151, 44546
25768, 12152
37205, 12152
12152, 40887
40189, 12153
12153, 16141
47916, 12154
12154, 15864
34620, 12155
12155, 34940
28481, 12156
12156, 41969
16964, 12157
38870, 12157
24825, 12157
22405, 12157
26821, 12157
20747, 12157
31499, 12157
45237, 12157
25754, 12157
32628, 12157
12157, 24347
16290, 12158
12158, 41191
16959, 12159
12159, 44574
42624, 12160
12160, 41582
12160, 41942
12160, 13175
17723, 12161
12161, 28663
36439, 12162
12162, 28784
12162, 13777
12162, 33649
40297, 12163
12163, 19361
29521, 12164
12164, 39378
44538, 12165
12165, 38181
34339, 12166
12166, 35566
29032, 12167
12167, 47284
36465, 12168
12168, 24552
39616, 12169
12169, 23328
43851, 12170
24393, 12170
12170, 25434
35658, 12171
45679, 12171
33963, 12171
17886, 12171
26444, 12171
25184, 12171
14809, 12171
39080, 12171
12171, 40745
12171, 24046
12171, 36476
21331, 12172
12172, 20009
12172, 18413
29284, 12173
12173, 47692
14096, 12174
29324, 12174
12174, 24474
42110, 12175
12175, 15373
35166, 12176
22129, 12176
12176, 13818
19075, 12177
12404, 12177
12177, 24006
42110, 12178
12178, 13902
26661, 12179
12179, 26482
18405, 12180
12180, 16493
12180, 22163
20712, 12181
38047, 12181
47290, 12181
32553, 12181
12181, 30647
12181, 24566
36746, 12182
12182, 38959
16144, 12183
12183, 38085
42884, 12184
12184, 38600
12184, 16716
12184, 31860
43198, 12185
27063, 12185
23781, 12185
37886, 12185
12856, 12185
27808, 12185
19074, 12185
16327, 12185
15022, 12185
14826, 12185
23568, 12185
18049, 12185
31321, 12185
41681, 12185
12367, 12185
31255, 12185
37405, 12185
13402, 12185
32389, 12185
31514, 12185
38881, 12185
33496, 12185
33237, 12185
33664, 12185
31500, 12185
20000, 12185
42060, 12185
44979, 12185
29688, 12185
44683, 12185
29874, 12185
39263, 12185
38761, 12185
23738, 12185
34543, 12185
16108, 12185
28836, 12185
41582, 12185
45023, 12185
14053, 12185
33011, 12185
29353, 12185
46649, 12185
28082, 12185
45655, 12185
45331, 12185
21512, 12185
39596, 12185
25526, 12185
17987, 12185
31166, 12185
14316, 12185
41269, 12185
24633, 12185
33414, 12185
25261, 12185
29162, 12185
25374, 12185
38411, 12185
23506, 12185
41411, 12185
32394, 12185
24049, 12185
35274, 12185
37416, 12185
35988, 12185
22511, 12185
17833, 12185
25286, 12185
37967, 12185
45471, 12185
35659, 12185
39274, 12185
43516, 12185
14836, 12185
44763, 12185
12185, 42110
33531, 12186
15330, 12186
12186, 47935
25719, 12187
12187, 44791
12187, 25257
42110, 12188
12188, 23433
36465, 12189
12189, 45033
12189, 26716
44528, 12190
12190, 48417
42110, 12191
12191, 24135
20787, 12192
25415, 12192
21601, 12192
12192, 31172
12192, 27194
12192, 33246
12192, 48049
22041, 12193
12193, 12504
42110, 12194
12194, 31029
42698, 12195
46303, 12195
34629, 12195
22799, 12195
30297, 12195
27115, 12195
28486, 12195
19735, 12195
12763, 12195
43153, 12195
30888, 12195
33819, 12195
22674, 12195
34078, 12195
16581, 12195
45209, 12195
17975, 12195
26212, 12195
23368, 12195
22057, 12195
22734, 12195
40140, 12195
24753, 12195
46375, 12195
20937, 12195
32846, 12195
21533, 12195
31666, 12195
36349, 12195
13421, 12195
45550, 12195
48595, 12195
40210, 12195
18440, 12195
27284, 12195
43969, 12195
48110, 12195
36334, 12195
20811, 12195
30607, 12195
13607, 12195
41045, 12195
38043, 12195
32944, 12195
21230, 12195
31912, 12195
22554, 12195
32374, 12195
46748, 12195
39025, 12195
31137, 12195
39598, 12195
38926, 12195
33222, 12195
46049, 12195
32632, 12195
30171, 12195
17737, 12195
24381, 12195
17578, 12195
35124, 12195
16861, 12195
19938, 12195
18483, 12195
39032, 12195
31762, 12195
43965, 12195
43035, 12195
48553, 12195
12389, 12195
13401, 12195
19655, 12195
34321, 12195
23556, 12195
27170, 12195
23572, 12195
17968, 12195
39799, 12195
31159, 12195
37404, 12195
20420, 12195
32085, 12195
41138, 12195
18675, 12195
41312, 12195
36522, 12195
17286, 12195
37208, 12195
16778, 12195
33589, 12195
23613, 12195
14652, 12195
15466, 12195
21338, 12195
14827, 12195
42263, 12195
15017, 12195
44689, 12195
39813, 12195
37345, 12195
39435, 12195
32679, 12195
29352, 12195
15624, 12195
12195, 48639
12195, 41292
12195, 31126
12195, 28132
47699, 12196
12196, 35396
12712, 12197
12197, 48165
36603, 12198
12198, 31071
12198, 38627
12198, 33654
16016, 12199
12199, 27983
33866, 12200
39717, 12200
12200, 39551
12200, 43404
18842, 12201
12201, 34143
36802, 12202
12202, 17914
12202, 38255
12202, 18945
12202, 35763
12202, 21772
12202, 37967
12202, 42988
42729, 12203
34598, 12203
18108, 12203
40984, 12203
41645, 12203
33379, 12203
41128, 12203
36131, 12203
48092, 12203
42030, 12203
12203, 17731
12203, 20874
31407, 12204
12204, 32122
42110, 12205
12205, 21571
48440, 12206
40675, 12206
12206, 35030
29462, 12207
41913, 12207
47644, 12207
47810, 12207
12207, 36320
34911, 12208
12208, 28889
12208, 20231
12208, 38784
40395, 12209
12209, 22354
29106, 12210
12210, 21813
38223, 12211
12211, 43178
34619, 12212
12212, 22959
12212, 27216
12212, 25833
15264, 12213
39761, 12213
12213, 40999
12213, 37581
17912, 12214
12214, 24750
12214, 46062
30645, 12215
12215, 17516
28187, 12216
12216, 20134
29833, 12217
29555, 12217
35688, 12217
12217, 48238
26586, 12218
40121, 12218
16652, 12218
36594, 12218
33961, 12218
12218, 44658
12218, 44028
12218, 18456
12218, 26697
12218, 19750
41951, 12219
12219, 26371
42110, 12220
12220, 16222
46570, 12221
12221, 44771
33771, 12222
12222, 19041
45014, 12223
12223, 38543
32200, 12224
12224, 46428
20173, 12225
12225, 44836
26305, 12226
12226, 26861
15695, 12227
12227, 15751
24589, 12228
12228, 23920
39519, 12229
35398, 12229
35379, 12229
12229, 29444
12229, 47181
36465, 12230
12230, 27996
18655, 12231
12231, 48360
47454, 12232
12232, 47913
36465, 12233
12233, 13182
37634, 12234
14283, 12234
12234, 24789
33911, 12235
12235, 45587
42110, 12236
12236, 12654
32613, 12237
12237, 28186
12237, 39479
12237, 19035
12237, 33375
12237, 14514
33207, 12238
12238, 45500
12238, 29942
12238, 30025
19031, 12239
12239, 42342
32465, 12240
17409, 12240
12240, 41346
24222, 12241
45950, 12241
12241, 46429
12241, 27574
22791, 12242
27996, 12242
44090, 12242
19766, 12242
29244, 12242
48268, 12242
32260, 12242
24809, 12242
29983, 12242
42598, 12242
14153, 12242
14856, 12242
26010, 12242
31267, 12242
12242, 46806
12242, 25766
24938, 12243
12243, 20920
35808, 12244
12244, 27655
12244, 40859
12244, 14902
12244, 28439
12244, 25499
36005, 12245
23915, 12245
12245, 48126
12245, 43401
12245, 33070
12245, 25253
12245, 14446
12245, 33637
32245, 12246
12246, 19334
32982, 12247
12247, 35675
20065, 12248
12248, 27991
42110, 12249
12249, 33497
34039, 12250
12250, 28591
12250, 47595
12250, 20112
12250, 25699
20560, 12251
12251, 30501
19350, 12252
15186, 12252
16340, 12252
21921, 12252
25198, 12252
36758, 12252
37350, 12252
15668, 12252
34867, 12252
44082, 12252
37739, 12252
19417, 12252
40259, 12252
34152, 12252
33268, 12252
48034, 12252
24585, 12252
41971, 12252
38227, 12252
19517, 12252
28197, 12252
17832, 12252
35212, 12252
29207, 12252
45922, 12252
23650, 12252
40712, 12252
48220, 12252
25389, 12252
45472, 12252
16179, 12252
22191, 12252
28155, 12252
33812, 12252
40782, 12252
21035, 12252
20311, 12252
48262, 12252
42684, 12252
46524, 12252
22400, 12252
33719, 12252
41499, 12252
47962, 12252
28621, 12252
16035, 12252
34053, 12252
12329, 12252
21240, 12252
17466, 12252
12252, 13657
12252, 25938
12252, 15510
12252, 37539
34168, 12253
12253, 46382
24265, 12254
12254, 20548
19413, 12255
38387, 12255
30836, 12255
41097, 12255
27063, 12255
19595, 12255
20193, 12255
36670, 12255
38104, 12255
41813, 12255
29589, 12255
32733, 12255
42618, 12255
12856, 12255
17386, 12255
13213, 12255
17641, 12255
27429, 12255
38880, 12255
27384, 12255
14826, 12255
18065, 12255
44473, 12255
37896, 12255
38867, 12255
17204, 12255
35540, 12255
15910, 12255
46705, 12255
41672, 12255
20975, 12255
38881, 12255
13324, 12255
16416, 12255
44419, 12255
35984, 12255
46934, 12255
21972, 12255
22294, 12255
33236, 12255
45023, 12255
27415, 12255
42561, 12255
33011, 12255
23594, 12255
25338, 12255
20103, 12255
46649, 12255
33690, 12255
12760, 12255
29366, 12255
24280, 12255
21209, 12255
24399, 12255
48444, 12255
37094, 12255
37544, 12255
13851, 12255
21221, 12255
30912, 12255
24414, 12255
35882, 12255
25833, 12255
45286, 12255
25297, 12255
23060, 12255
20824, 12255
13992, 12255
41437, 12255
38556, 12255
38694, 12255
39470, 12255
38916, 12255
19270, 12255
46149, 12255
31156, 12255
12592, 12255
33602, 12255
36476, 12255
34075, 12255
19207, 12255
16440, 12255
30662, 12255
31221, 12255
43463, 12255
40559, 12255
15527, 12255
40572, 12255
16356, 12255
21540, 12255
37922, 12255
12255, 42110
42110, 12256
12256, 31382
21778, 12257
12257, 38871
41203, 12258
24145, 12258
40119, 12258
26191, 12258
17413, 12258
12313, 12258
48131, 12258
48635, 12258
16620, 12258
33432, 12258
27637, 12258
45105, 12258
44202, 12258
35084, 12258
33346, 12258
30245, 12258
12681, 12258
27185, 12258
33576, 12258
44015, 12258
24797, 12258
15416, 12258
21612, 12258
34618, 12258
12826, 12258
32037, 12258
44696, 12258
26097, 12258
12367, 12258
25024, 12258
25154, 12258
14271, 12258
34905, 12258
35527, 12258
32509, 12258
20638, 12258
43119, 12258
27783, 12258
13353, 12258
16416, 12258
18562, 12258
35356, 12258
26229, 12258
48231, 12258
16547, 12258
40213, 12258
45537, 12258
42697, 12258
25499, 12258
16159, 12258
18156, 12258
47687, 12258
41023, 12258
21440, 12258
38644, 12258
40291, 12258
19035, 12258
22163, 12258
35893, 12258
45695, 12258
37138, 12258
43337, 12258
24095, 12258
40548, 12258
40136, 12258
42269, 12258
14024, 12258
17979, 12258
20498, 12258
38847, 12258
17704, 12258
46876, 12258
27779, 12258
18570, 12258
30351, 12258
38925, 12258
22564, 12258
16767, 12258
14956, 12258
20685, 12258
21234, 12258
33654, 12258
48232, 12258
36984, 12258
27950, 12258
25109, 12258
15457, 12258
40559, 12258
19270, 12258
16356, 12258
16203, 12258
40563, 12258
38784, 12258
43463, 12258
35652, 12258
43384, 12258
48523, 12258
34548, 12258
34756, 12258
31684, 12258
12258, 42110
34399, 12259
12259, 45705
43534, 12260
12260, 12798
42110, 12261
12261, 31487
42110, 12262
12262, 19287
42110, 12263
12263, 42281
20918, 12264
12264, 20193
24171, 12265
12265, 25157
45454, 12266
20144, 12266
39548, 12266
12266, 35851
30682, 12267
31899, 12267
31975, 12267
12267, 18701
37139, 12268
12268, 36690
21403, 12269
12269, 17310
24635, 12270
12270, 29121
17336, 12271
12271, 29566
12271, 23920
27526, 12272
12272, 33428
13343, 12273
12273, 47533
39447, 12274
12274, 25365
24171, 12275
12275, 25157
26870, 12276
12276, 26168
32866, 12277
12277, 16039
44801, 12278
12278, 22005
12278, 30770
12278, 26902
12278, 44404
30518, 12279
12279, 46434
12279, 23269
12279, 17471
12279, 41227
12279, 23281
14276, 12280
12280, 20703
32257, 12281
12281, 24767
17635, 12282
12282, 43339
22339, 12283
20547, 12283
12283, 32453
23736, 12284
31988, 12284
12284, 34238
15920, 12285
12285, 14037
12285, 13025
12285, 28567
12285, 29726
45988, 12286
12286, 22352
12286, 39850
12286, 26914
12286, 43864
23936, 12287
12287, 22771
12287, 44140
14939, 12288
45198, 12288
12288, 35271
28850, 12289
12289, 39039
32496, 12290
12290, 16623
31929, 12291
12291, 19255
31394, 12292
12292, 16098
31904, 12293
12293, 37490
17636, 12294
12294, 35291
12294, 14110
26013, 12295
12295, 48223
48300, 12296
13389, 12296
23573, 12296
31507, 12296
32056, 12296
40974, 12296
25711, 12296
23832, 12296
18514, 12296
35144, 12296
20286, 12296
36821, 12296
29438, 12296
12635, 12296
33063, 12296
15997, 12296
42908, 12296
18058, 12296
13259, 12296
19399, 12296
32742, 12296
32190, 12296
35223, 12296
18531, 12296
44199, 12296
40825, 12296
39930, 12296
45483, 12296
36080, 12296
16051, 12296
13636, 12296
39121, 12296
32092, 12296
42916, 12296
23721, 12296
12460, 12296
12340, 12296
23624, 12296
12296, 26630
23742, 12297
12297, 41196
35136, 12298
34906, 12298
12298, 12401
42110, 12299
12299, 18324
47004, 12300
12300, 13226
13000, 12301
12301, 20358
28450, 12302
12302, 40747
12302, 42708
