18211, 1
1, 10848
13908, 2
2, 21886
12266, 3
3, 15920
13054, 4
4, 14148
19801, 5
5, 12802
13125, 6
8685, 6
9820, 6
6, 23118
21652, 7
7, 13700
7, 12494
13916, 8
8, 9898
8, 12793
8, 24882
8387, 9
9, 7557
20713, 10
18563, 10
10, 20866
10, 7799
10, 17895
10, 24843
10, 13872
10, 20772
10, 15136
10, 10800
10, 7565
10, 9781
10, 18314
10, 23780
10, 9746
8801, 11
11, 16860
23401, 12
13261, 12
22706, 12
17113, 12
16954, 12
17864, 12
8862, 12
14539, 12
17898, 12
23031, 12
13816, 12
12357, 12
24140, 12
14948, 12
15264, 12
12, 9862
21043, 13
13, 15847
13, 16077
17420, 14
14, 9543
14, 23866
16423, 15
13950, 15
18391, 15
20119, 15
15, 16074
24434, 16
16, 17909
9805, 17
17, 9368
17, 18316
17, 21720
17, 11572
16864, 18
10416, 18
20826, 18
9159, 18
18674, 18
18933, 18
24353, 18
14549, 18
16411, 18
10574, 18
18892, 18
8567, 18
12869, 18
13468, 18
8702, 18
14911, 18
9099, 18
8065, 18
8014, 18
9569, 18
9130, 18
19009, 18
7893, 18
23107, 18
8616, 18
16413, 18
16317, 18
14181, 18
19142, 18
10760, 18
23298, 18
17738, 18
24538, 18
22958, 18
19215, 18
7683, 18
8601, 18
12643, 18
19567, 18
22827, 18
18001, 18
7472, 18
18693, 18
22547, 18
15598, 18
23326, 18
22102, 18
23240, 18
21721, 18
17320, 18
15872, 18
22740, 18
12979, 18
12450, 18
19568, 18
19977, 18
24837, 18
18449, 18
16264, 18
15056, 18
21621, 18
14926, 18
19248, 18
22104, 18
8333, 18
24849, 18
22795, 18
18318, 18
22302, 18
9367, 18
12120, 18
20247, 18
23199, 18
11608, 18
9924, 18
9387, 18
20624, 18
11515, 18
12782, 18
12134, 18
22530, 18
22469, 18
14046, 18
15304, 18
20496, 18
23256, 18
17866, 18
23127, 18
10573, 18
16531, 18
17856, 18
19959, 18
22439, 18
10773, 18
23678, 18
17297, 18
11490, 18
18, 7922
13029, 19
19, 9752
12314, 20
20, 23107
20, 13826
23706, 21
21, 16946
18926, 22
22, 24567
19129, 23
23, 18693
10211, 24
24, 16952
15353, 25
14694, 25
25, 11455
15665, 26
26, 16066
24161, 27
27, 23789
18676, 28
28, 10578
18262, 29
29, 21304
10252, 30
30, 15307
16925, 31
31, 9975
31, 8479
13174, 32
32, 14930
12738, 33
21687, 33
33, 24888
18385, 34
34, 8205
18676, 35
35, 8231
18722, 36
36, 18309
14203, 37
37, 21297
14308, 38
24913, 38
13004, 38
38, 24006
21933, 39
39, 10049
11906, 40
40, 10403
8463, 41
41, 10605
10252, 42
42, 17043
12737, 43
43, 17839
10413, 44
44, 8218
15987, 45
45, 10269
21065, 46
46, 12434
9805, 47
47, 17193
47, 8862
14306, 48
48, 9335
9869, 49
49, 22663
10252, 50
50, 10281
21911, 51
21782, 51
51, 14086
7720, 52
15688, 52
52, 21894
20577, 53
53, 17678
10252, 54
54, 17870
17015, 55
55, 10526
10854, 56
56, 16378
16219, 57
57, 11212
13541, 58
58, 11303
10234, 59
59, 21136
20390, 60
60, 23035
11476, 61
61, 20048
15494, 62
62, 8434
11026, 63
63, 22197
19679, 64
15796, 64
24850, 64
12908, 64
64, 19453
15295, 65
65, 16463
8656, 66
66, 18338
23370, 67
15824, 67
67, 13909
14818, 68
7617, 68
10251, 68
12185, 68
24980, 68
8680, 68
12417, 68
16742, 68
16312, 68
12379, 68
15504, 68
18984, 68
19297, 68
12177, 68
11833, 68
11975, 68
22017, 68
11830, 68
17751, 68
23551, 68
12017, 68
17739, 68
18439, 68
14946, 68
21629, 68
24816, 68
10589, 68
10674, 68
15063, 68
18386, 68
20342, 68
20966, 68
13017, 68
17316, 68
9312, 68
8723, 68
9585, 68
13779, 68
21420, 68
19698, 68
18754, 68
16288, 68
24695, 68
17978, 68
20881, 68
13668, 68
24087, 68
23572, 68
68, 18878
68, 21899
21595, 69
24109, 69
12414, 69
69, 9879
12557, 70
70, 18291
23241, 71
71, 14586
24654, 72
22217, 72
72, 9862
17946, 73
12182, 73
73, 7545
20815, 74
74, 8881
7500, 75
75, 18566
11273, 76
76, 20788
16753, 77
77, 16405
18855, 78
13761, 78
78, 11705
9760, 79
21018, 79
23197, 79
79, 23966
10984, 80
80, 21926
12156, 81
81, 18866
15050, 82
82, 13966
14438, 83
83, 14639
9306, 84
84, 17230
11186, 85
85, 12016
85, 12241
16614, 86
86, 14735
15485, 87
87, 19384
87, 23515
22545, 88
88, 14634
19418, 89
89, 21284
12203, 90
23365, 90
12548, 90
8072, 90
16701, 90
11641, 90
13163, 90
7809, 90
8800, 90
14383, 90
13961, 90
11021, 90
7428, 90
22933, 90
7452, 90
90, 9862
8217, 91
91, 7883
9256, 92
92, 14572
8279, 93
93, 16727
13941, 94
20185, 94
16520, 94
94, 24281
7724, 95
95, 22221
17367, 96
9178, 96
96, 9401
9820, 97
97, 24981
10945, 98
98, 11345
9540, 99
14189, 99
14631, 99
15273, 99
17176, 99
23621, 99
15725, 99
14478, 99
99, 12449
8418, 100
10145, 100
100, 9531
23149, 101
101, 13802
16438, 102
102, 22431
10252, 103
103, 18694
17009, 104
104, 17154
24661, 105
105, 21938
15804, 106
106, 23940
12251, 107
107, 12337
107, 24195
8387, 108
108, 16443
22925, 109
17143, 109
17513, 109
109, 14925
18968, 110
23937, 110
110, 22954
16385, 111
111, 13369
21653, 112
112, 22661
112, 16393
112, 15311
15838, 113
113, 16183
22290, 114
114, 10554
24768, 115
115, 9266
17420, 116
116, 14154
116, 13296
116, 13340
13180, 117
117, 8121
16914, 118
11204, 118
118, 15548
16588, 119
9753, 119
12090, 119
119, 22558
22388, 120
10727, 120
120, 9588
13065, 121
121, 12195
17741, 122
122, 22920
24929, 123
123, 19676
9308, 124
124, 14676
124, 15371
21922, 125
125, 11030
8463, 126
126, 24818
13382, 127
127, 7854
16643, 128
128, 24584
8395, 129
129, 8939
12621, 130
130, 7618
16792, 131
131, 7428
21676, 132
10344, 132
132, 22346
132, 14006
132, 15048
132, 15168
132, 14145
22959, 133
9841, 133
133, 20049
16792, 134
134, 8379
23543, 135
135, 20299
10152, 136
136, 21541
136, 16398
136, 9315
136, 15520
136, 14368
136, 15646
136, 16149
136, 11083
136, 22412
136, 23658
136, 14390
136, 11642
136, 10731
136, 20644
136, 17926
136, 21326
136, 15299
136, 14690
136, 19040
136, 11189
136, 24752
136, 12311
136, 24667
136, 13568
136, 21272
136, 9385
136, 11879
136, 19634
136, 14197
136, 18442
136, 24070
136, 9168
136, 12213
136, 12400
136, 12833
136, 15340
136, 21679
136, 21942
136, 11040
136, 21160
136, 11284
136, 16920
136, 15160
136, 19742
136, 8918
136, 9653
136, 21468
136, 19726
136, 7454
136, 9877
136, 21097
136, 10672
136, 18565
136, 15177
136, 9989
136, 7532
136, 19739
136, 24942
136, 14618
136, 9460
136, 19199
136, 13271
136, 17247
136, 12527
136, 7918
136, 10915
136, 17462
136, 23210
136, 14729
136, 20482
136, 22248
136, 9792
136, 13328
136, 10719
136, 12154
136, 24338
136, 18145
136, 8206
136, 17362
136, 18333
136, 17191
136, 18398
136, 11714
136, 19387
136, 24594
136, 23507
136, 21185
136, 14881
136, 18155
136, 20551
136, 21375
136, 8063
136, 13719
136, 8113
136, 16641
136, 17183
136, 12047
136, 10423
136, 21045
136, 13226
136, 17766
136, 10732
136, 9362
136, 20488
136, 21636
136, 22734
136, 20402
19427, 137
137, 20826
21850, 138
8018, 138
138, 19521
15470, 139
139, 24363
13468, 140
19766, 140
140, 14248
14855, 141
21783, 141
12142, 141
141, 9588
13043, 142
142, 21864
14857, 143
143, 8683
15458, 144
144, 13315
13838, 145
145, 11719
16925, 146
146, 20936
11895, 147
147, 20533
19863, 148
11238, 148
148, 11520
148, 11230
148, 15854
148, 10964
148, 10322
148, 19088
148, 16365
148, 17915
15382, 149
149, 21970
20460, 150
150, 10420
150, 9978
7947, 151
151, 10216
17602, 152
152, 16808
152, 13285
152, 22385
152, 22895
21298, 153
12943, 153
153, 18882
10836, 154
8486, 154
154, 20517
11720, 155
155, 14169
24925, 156
156, 8099
24895, 157
157, 18484
22622, 158
158, 20443
11255, 159
24612, 159
15916, 159
23095, 159
24399, 159
12397, 159
16286, 159
8199, 159
19485, 159
14063, 159
10143, 159
10157, 159
16620, 159
20998, 159
8888, 159
23871, 159
18618, 159
9205, 159
8259, 159
12107, 159
13370, 159
7799, 159
20240, 159
22371, 159
22303, 159
19151, 159
21809, 159
13945, 159
12838, 159
12591, 159
11883, 159
9093, 159
14325, 159
19856, 159
12891, 159
20962, 159
11244, 159
22207, 159
21107, 159
16661, 159
11935, 159
9222, 159
8638, 159
15795, 159
17418, 159
10533, 159
10528, 159
8372, 159
13315, 159
22170, 159
15841, 159
20024, 159
13495, 159
12673, 159
17022, 159
18097, 159
14594, 159
18600, 159
22330, 159
14110, 159
24952, 159
13577, 159
11520, 159
18635, 159
21630, 159
19925, 159
8237, 159
13608, 159
21599, 159
14328, 159
23481, 159
16131, 159
15473, 159
14044, 159
23839, 159
14220, 159
12104, 159
23917, 159
15303, 159
20751, 159
9615, 159
14119, 159
22465, 159
10969, 159
15191, 159
20351, 159
14544, 159
17035, 159
12590, 159
18115, 159
23718, 159
16422, 159
24571, 159
13367, 159
11425, 159
15203, 159
23292, 159
17793, 159
9638, 159
24008, 159
16658, 159
24356, 159
12152, 159
14113, 159
10729, 159
21450, 159
13368, 159
18918, 159
13206, 159
21488, 159
7505, 159
16752, 159
17720, 159
9577, 159
14466, 159
24017, 159
16393, 159
21285, 159
20552, 159
21015, 159
18209, 159
14356, 159
14271, 159
24567, 159
14125, 159
24924, 159
9788, 159
8383, 159
10030, 159
10577, 159
8728, 159
18485, 159
20991, 159
16576, 159
16406, 159
20796, 159
17264, 159
23650, 159
14298, 159
11163, 159
18064, 159
17061, 159
13369, 159
14603, 159
19644, 159
19680, 159
21790, 159
14950, 159
15805, 159
18084, 159
15732, 159
18306, 159
23699, 159
21807, 159
15580, 159
10201, 159
22107, 159
24352, 159
9347, 159
13253, 159
18662, 159
17274, 159
13762, 159
12368, 159
19966, 159
23218, 159
20605, 159
22362, 159
9987, 159
9175, 159
13460, 159
11201, 159
15302, 159
9133, 159
11510, 159
19764, 159
10942, 159
15106, 159
15042, 159
12569, 159
14621, 159
20929, 159
16462, 159
19643, 159
24264, 159
13359, 159
14951, 159
14541, 159
15813, 159
12518, 159
18096, 159
7780, 159
20061, 159
7984, 159
7839, 159
9642, 159
10955, 159
10281, 159
13809, 159
14844, 159
13277, 159
16498, 159
22977, 159
20019, 159
22056, 159
17074, 159
20574, 159
17624, 159
12471, 159
24170, 159
15955, 159
15828, 159
16555, 159
15013, 159
18141, 159
7539, 159
17066, 159
17996, 159
21421, 159
7437, 159
7891, 159
20768, 159
10650, 159
17317, 159
16363, 159
12815, 159
20516, 159
17126, 159
19667, 159
17870, 159
10459, 159
17563, 159
22470, 159
12602, 159
15628, 159
13323, 159
22759, 159
15534, 159
16629, 159
21519, 159
7942, 159
11457, 159
9574, 159
9196, 159
22577, 159
15845, 159
14488, 159
14428, 159
14494, 159
8472, 159
16860, 159
21490, 159
8224, 159
23910, 159
19032, 159
13829, 159
19025, 159
16488, 159
18448, 159
20476, 159
14485, 159
9417, 159
22280, 159
16099, 159
9019, 159
13870, 159
24160, 159
24830, 159
11634, 159
21992, 159
21525, 159
16824, 159
7657, 159
18045, 159
22920, 159
23671, 159
8785, 159
12964, 159
13957, 159
17699, 159
13591, 159
23440, 159
9708, 159
22202, 159
23329, 159
16269, 159
9177, 159
9404, 159
24568, 159
17165, 159
22579, 159
24626, 159
11730, 159
14088, 159
12605, 159
10578, 159
23990, 159
10064, 159
21864, 159
19586, 159
19141, 159
20529, 159
16351, 159
21919, 159
20099, 159
11455, 159
21981, 159
23275, 159
24269, 159
20600, 159
13933, 159
159, 16925
159, 11829
14140, 160
160, 21190
21658, 161
161, 17198
7816, 162
162, 14490
18276, 163
163, 14531
21427, 164
9409, 164
164, 17775
164, 13577
7887, 165
165, 20015
8837, 166
23887, 166
16951, 166
166, 13276
23076, 167
167, 18945
9805, 168
19893, 168
168, 13469
17528, 169
169, 24644
169, 10944
9444, 170
170, 18200
18294, 171
171, 24224
7857, 172
172, 15979
24689, 173
173, 11517
21127, 174
174, 18686
15935, 175
175, 14159
9136, 176
176, 9841
10690, 177
177, 18438
11097, 178
178, 22510
24532, 179
179, 16172
179, 13600
14347, 180
180, 22600
11516, 181
181, 16406
7457, 182
16954, 182
15311, 182
8982, 182
22368, 182
182, 9862
14126, 183
183, 8542
17196, 184
184, 17890
17420, 185
185, 21607
185, 22746
185, 9202
185, 24822
10682, 186
186, 24152
8280, 187
18134, 187
9942, 187
187, 22663
10252, 188
188, 17043
16912, 189
189, 11544
14905, 190
190, 16588
16925, 191
191, 9737
24484, 192
192, 18951
7444, 193
193, 12647
8160, 194
194, 16817
23623, 195
195, 8696
22600, 196
7671, 196
21938, 196
196, 13860
9033, 197
197, 9823
14078, 198
13309, 198
10372, 198
198, 8754
18851, 199
199, 17977
23804, 200
200, 10188
22995, 201
201, 15795
23086, 202
202, 21575
8205, 203
22564, 203
9527, 203
203, 13308
16203, 204
204, 10593
21991, 205
205, 10526
17060, 206
206, 8992
8321, 207
207, 21361
207, 13744
22719, 208
208, 8819
19801, 209
209, 15459
13502, 210
23213, 210
17811, 210
18540, 210
22768, 210
22775, 210
210, 18282
210, 16925
11906, 211
211, 16214
16763, 212
212, 21466
15583, 213
213, 17460
14091, 214
214, 21240
22169, 215
215, 8434
15186, 216
216, 20060
216, 10533
24485, 217
217, 9684
16545, 218
218, 8153
21569, 219
219, 23567
219, 20462
23642, 220
12969, 220
220, 10273
13721, 221
221, 17061
16688, 222
222, 12920
22108, 223
223, 7757
24436, 224
224, 15706
12508, 225
225, 21312
225, 20699
225, 20357
23220, 226
226, 23101
226, 17740
23350, 227
227, 21401
24434, 228
228, 20144
21085, 229
229, 22490
9847, 230
230, 20846
24815, 231
231, 13197
10631, 232
232, 7961
232, 22842
23941, 233
233, 9079
24038, 234
9759, 234
12037, 234
23461, 234
9024, 234
19047, 234
14688, 234
13696, 234
21674, 234
15440, 234
8954, 234
16254, 234
20685, 234
19650, 234
23978, 234
14087, 234
10524, 234
13063, 234
19027, 234
15100, 234
8992, 234
10835, 234
18498, 234
9335, 234
8560, 234
7911, 234
8099, 234
24403, 234
23395, 234
21027, 234
22600, 234
12208, 234
21099, 234
10018, 234
18422, 234
20561, 234
14586, 234
10809, 234
21368, 234
10944, 234
17987, 234
12659, 234
12897, 234
21100, 234
11490, 234
234, 11785
9805, 235
235, 9379
16112, 236
16221, 236
236, 20236
16925, 237
237, 13259
17871, 238
238, 19651
238, 24655
21596, 239
239, 23107
8067, 240
240, 20448
16314, 241
241, 14384
13349, 242
242, 21117
21548, 243
243, 19155
17420, 244
244, 17878
244, 16837
244, 22009
244, 14763
244, 17136
7923, 245
245, 20654
11906, 246
246, 9747
24071, 247
247, 12834
10133, 248
248, 9936
16308, 249
249, 16770
10854, 250
250, 24208
22611, 251
251, 19672
14561, 252
252, 10570
11013, 253
253, 22289
17160, 254
254, 23669
15204, 255
255, 24216
22435, 256
256, 22851
7697, 257
257, 11490
16401, 258
258, 13304
17475, 259
259, 19029
10129, 260
260, 22106
20267, 261
261, 8144
8801, 262
262, 16860
18904, 263
263, 23710
263, 18852
263, 21399
12230, 264
264, 22053
14075, 265
265, 21284
22717, 266
266, 14068
10683, 267
267, 7806
22900, 268
268, 17931
7762, 269
269, 7714
13944, 270
270, 17201
270, 21387
270, 24446
10413, 271
271, 21751
15562, 272
272, 20888
20831, 273
273, 14664
21626, 274
274, 13089
18968, 275
275, 15531
8387, 276
276, 12110
8060, 277
9862, 277
277, 19902
17533, 278
278, 13640
8997, 279
279, 9076
21667, 280
8393, 280
280, 17321
18549, 281
281, 22768
8387, 282
8310, 282
282, 21151
21056, 283
283, 12094
15767, 284
284, 9390
10152, 285
285, 9994
285, 14505
285, 20088
15145, 286
286, 13446
13477, 287
287, 15438
14077, 288
288, 17348
17420, 289
289, 11388
289, 24132
10016, 290
290, 8291
290, 15119
24347, 291
291, 13249
15586, 292
292, 18230
21642, 293
293, 13178
23912, 294
294, 17466
24976, 295
295, 11801
19801, 296
296, 17479
9065, 297
297, 14835
24691, 298
298, 14044
20770, 299
299, 21757
10931, 300
300, 20765
23532, 301
22244, 301
301, 19345
301, 10410
301, 22846
301, 14132
301, 12631
301, 15511
301, 18039
301, 9389
301, 9234
301, 14503
301, 14650
301, 20270
301, 24904
20594, 302
302, 24349
18285, 303
14742, 303
10066, 303
24748, 303
19897, 303
22024, 303
16815, 303
7660, 303
9647, 303
9685, 303
10233, 303
303, 24472
303, 14858
303, 9951
303, 18818
24917, 304
304, 23298
7546, 305
305, 21958
9748, 306
306, 20299
18990, 307
307, 16857
22452, 308
308, 17116
22549, 309
309, 18124
24434, 310
310, 12067
19893, 311
311, 10971
13679, 312
312, 8491
19574, 313
313, 14465
11869, 314
314, 15789
9090, 315
315, 21574
24949, 316
316, 18417
8914, 317
317, 24621
13275, 318
318, 21687
318, 18161
20238, 319
319, 21497
22591, 320
320, 12577
19801, 321
321, 15845
10152, 322
322, 23147
322, 20174
322, 15659
322, 9606
322, 14739
322, 14809
322, 16245
322, 8968
322, 22124
322, 11978
322, 15741
322, 14862
322, 21573
322, 19655
322, 22111
322, 10441
322, 12924
322, 9072
322, 12768
322, 17564
322, 20053
322, 7915
322, 23596
322, 8392
322, 8955
322, 11897
322, 17753
322, 21547
322, 10093
322, 22745
322, 18808
322, 19282
322, 15447
322, 11098
322, 22335
322, 11380
322, 13806
322, 11944
322, 13747
322, 10029
322, 17359
322, 16455
322, 24697
322, 9857
322, 8318
322, 18943
322, 8362
322, 21903
322, 8248
322, 16868
322, 14825
322, 8505
322, 18406
322, 9123
322, 23100
322, 12439
322, 16113
322, 9491
322, 9832
322, 19457
322, 18763
322, 8833
322, 16901
322, 9738
322, 9918
322, 14507
322, 21305
322, 20334
322, 13237
322, 9764
322, 9241
322, 20637
322, 19950
322, 8305
322, 21064
322, 9445
322, 22353
322, 16101
322, 24652
322, 11512
322, 15932
322, 7890
322, 16942
322, 12221
322, 10746
322, 8197
322, 23049
322, 12051
322, 18581
322, 19795
322, 9629
322, 21364
322, 21365
322, 15751
322, 14417
322, 19941
322, 11506
322, 23832
322, 9102
322, 13612
18091, 323
323, 16716
23175, 324
324, 22055
324, 12258
24156, 325
325, 12135
16645, 326
14483, 326
12561, 326
17932, 326
19541, 326
24152, 326
326, 13159
24803, 327
327, 11874
14117, 328
328, 13108
17608, 329
329, 20971
19690, 330
330, 19227
23555, 331
19236, 331
11513, 331
9482, 331
9249, 331
331, 10287
331, 11843
15834, 332
14327, 332
13232, 332
16790, 332
24579, 332
8438, 332
12786, 332
19616, 332
332, 9693
14336, 333
23509, 333
11449, 333
333, 18290
19762, 334
21966, 334
19731, 334
334, 17890
13331, 335
335, 18540
18126, 336
336, 20702
20025, 337
9858, 337
18748, 337
23936, 337
24442, 337
21965, 337
11219, 337
13230, 337
337, 22663
18582, 338
338, 20364
338, 21835
16925, 339
339, 10703
17570, 340
340, 15991
8081, 341
341, 22161
17303, 342
342, 14085
17075, 343
343, 17244
18582, 344
344, 21639
24327, 345
345, 23617
12238, 346
18232, 346
8355, 346
346, 22289
11906, 347
347, 15782
347, 24963
24991, 348
348, 16714
17427, 349
349, 18207
18968, 350
350, 15740
9688, 351
351, 24911
13580, 352
352, 13387
20306, 353
353, 14590
13065, 354
354, 12195
8705, 355
355, 16065
16925, 356
356, 15543
16925, 357
357, 20618
10252, 358
358, 9794
14502, 359
359, 15285
21065, 360
360, 12434
10182, 361
361, 14773
361, 7631
12212, 362
362, 23576
10472, 363
363, 9320
7790, 364
364, 18682
13875, 365
365, 16225
21053, 366
366, 12802
19372, 367
367, 8926
13479, 368
368, 18233
11906, 369
369, 17035
24523, 370
370, 21448
19893, 371
371, 12133
19374, 372
372, 21099
16437, 373
373, 7926
18624, 374
374, 22793
13080, 375
375, 14871
13584, 376
376, 23898
12504, 377
9799, 377
377, 12066
22574, 378
23339, 378
13844, 378
378, 15890
21298, 379
16715, 379
379, 24615
7450, 380
380, 13577
10252, 381
381, 17870
10366, 382
382, 11173
9820, 383
383, 19463
383, 10573
24421, 384
384, 16631
14198, 385
385, 14205
15172, 386
20385, 386
8648, 386
8035, 386
23247, 386
11421, 386
386, 23650
386, 17066
386, 24868
386, 9149
386, 12519
386, 13018
386, 8462
386, 20870
386, 13823
386, 16584
386, 11726
386, 14538
386, 9277
386, 23116
386, 8599
386, 10314
386, 17883
9996, 387
387, 9045
20473, 388
388, 18362
19801, 389
389, 24674
8108, 390
11771, 390
12682, 390
390, 18238
390, 12206
390, 23567
12054, 391
20235, 391
16019, 391
21614, 391
12250, 391
19248, 391
20640, 391
18362, 391
391, 21280
21617, 392
392, 17695
13260, 393
9230, 393
23647, 393
393, 24351
13519, 394
394, 21583
16107, 395
395, 11625
17420, 396
396, 19547
396, 15846
8368, 397
397, 7631
16018, 398
398, 8778
16871, 399
399, 7618
11186, 400
400, 14564
22120, 401
401, 13603
13351, 402
21234, 402
17104, 402
17578, 402
20948, 402
16787, 402
12161, 402
8106, 402
18815, 402
12991, 402
402, 21361
16947, 403
403, 8921
21352, 404
404, 8584
10252, 405
405, 15307
10413, 406
406, 11122
15816, 407
407, 17835
407, 18422
19291, 408
408, 15676
23792, 409
14093, 409
409, 13762
24989, 410
410, 19035
10123, 411
13016, 411
411, 14586
12557, 412
412, 18291
16385, 413
413, 12076
9820, 414
414, 8269
8493, 415
415, 19333
13893, 416
416, 23321
24763, 417
417, 18932
24710, 418
418, 19476
19424, 419
419, 9759
17238, 420
420, 20123
10728, 421
19613, 421
18189, 421
421, 14854
22623, 422
422, 15697
18432, 423
15027, 423
19990, 423
423, 10447
11439, 424
424, 20503
20571, 425
425, 13225
15450, 426
426, 20206
12689, 427
427, 18600
17438, 428
428, 17640
12181, 429
429, 22587
16925, 430
430, 15979
24084, 431
431, 17365
19451, 432
22879, 432
432, 10042
18582, 433
433, 11124
22392, 434
434, 17081
17486, 435
435, 21481
11906, 436
436, 15891
15713, 437
437, 8504
8796, 438
438, 24564
438, 18731
8849, 439
439, 18674
8810, 440
440, 7953
8664, 441
441, 8448
441, 15704
10252, 442
442, 18694
12333, 443
443, 13460
21931, 444
444, 11114
23367, 445
445, 8399
16885, 446
446, 14209
17279, 447
447, 16940
13901, 448
448, 17742
19648, 449
449, 20998
19893, 450
450, 24495
450, 20763
450, 16213
450, 23333
450, 18051
450, 12186
20958, 451
17932, 451
7472, 451
17669, 451
23734, 451
451, 20322
18122, 452
452, 24601
11652, 453
453, 14542
21916, 454
454, 12857
19995, 455
455, 24148
19338, 456
456, 9982
456, 9600
456, 9810
13199, 457
457, 24082
22288, 458
458, 18231
23076, 459
459, 22919
9497, 460
460, 11634
13562, 461
461, 22329
461, 11753
16359, 462
462, 7750
11002, 463
463, 18083
7665, 464
15674, 464
24062, 464
464, 9016
21662, 465
465, 19284
13557, 466
466, 20969
10245, 467
467, 22195
22084, 468
468, 24557
16925, 469
469, 20426
16959, 470
470, 18522
23446, 471
471, 17449
23491, 472
472, 13937
22015, 473
473, 17684
13529, 474
474, 12505
14292, 475
475, 16540
14658, 476
21147, 476
16730, 476
14185, 476
10902, 476
16962, 476
14546, 476
476, 14700
8125, 477
477, 7442
477, 9721
14904, 478
17532, 478
13262, 478
17544, 478
16252, 478
14025, 478
8376, 478
12543, 478
19509, 478
8654, 478
24998, 478
12955, 478
24416, 478
12550, 478
10056, 478
478, 15568
17354, 479
479, 23837
12984, 480
480, 14664
10252, 481
481, 10281
24318, 482
482, 18540
482, 16532
9711, 483
483, 7497
11119, 484
484, 22482
18904, 485
485, 19350
485, 22271
485, 14156
24925, 486
486, 8099
8801, 487
487, 16860
18430, 488
488, 13781
19759, 489
489, 9828
17918, 490
490, 22800
14810, 491
491, 20050
9413, 492
492, 14069
14162, 493
493, 15582
18477, 494
9428, 494
494, 22355
10252, 495
495, 15307
23448, 496
20086, 496
496, 8338
13291, 497
497, 16002
24434, 498
498, 24463
20415, 499
8266, 499
499, 15637
10252, 500
500, 10281
11378, 501
12278, 501
501, 8317
17570, 502
502, 15668
17651, 503
13417, 503
15269, 503
12948, 503
15311, 503
23969, 503
15809, 503
12822, 503
15926, 503
17712, 503
10033, 503
7698, 503
20927, 503
24822, 503
21417, 503
9567, 503
15168, 503
20879, 503
9061, 503
11270, 503
19876, 503
15465, 503
13030, 503
14145, 503
19486, 503
14014, 503
21835, 503
11984, 503
22813, 503
21957, 503
23056, 503
16608, 503
14257, 503
8417, 503
22037, 503
503, 9862
24321, 504
504, 11323
504, 10752
21499, 505
21894, 505
18362, 505
505, 16499
11775, 506
506, 19740
16549, 507
507, 17866
21849, 508
508, 11142
17484, 509
509, 11212
9805, 510
510, 19728
510, 11662
510, 20055
15297, 511
511, 22439
23886, 512
512, 24826
14657, 513
513, 24168
23921, 514
514, 15878
23391, 515
515, 9982
24871, 516
20843, 516
21775, 516
23763, 516
15675, 516
20401, 516
9134, 516
12467, 516
23961, 516
15765, 516
7436, 516
516, 10307
10832, 517
517, 20748
13412, 518
518, 9995
13106, 519
519, 16317
16308, 520
520, 16744
8842, 521
13336, 521
15418, 521
10966, 521
18287, 521
521, 20107
521, 13386
521, 12372
521, 22439
7838, 522
10045, 522
21687, 522
13788, 522
522, 21852
18582, 523
523, 18480
523, 21316
523, 12098
523, 19486
17101, 524
524, 9624
11864, 525
24307, 525
525, 24728
7600, 526
526, 14119
22597, 527
527, 14084
527, 9093
22187, 528
21923, 528
528, 17678
8256, 529
529, 15727
529, 18079
19510, 530
530, 24742
9973, 531
531, 20928
19688, 532
7423, 532
13890, 532
14821, 532
532, 11614
13374, 533
533, 13564
15493, 534
534, 9524
12686, 535
535, 22644
18318, 536
9660, 536
536, 14196
15708, 537
537, 10861
537, 8130
14953, 538
538, 22872
20338, 539
539, 11973
21711, 540
7551, 540
9393, 540
19318, 540
11993, 540
22726, 540
24690, 540
11359, 540
540, 16406
19801, 541
541, 17037
24588, 542
542, 23030
11186, 543
543, 16567
543, 9214
11167, 544
15121, 544
23796, 544
544, 9524
22114, 545
545, 13696
545, 23462
11575, 546
546, 18965
20474, 547
547, 13424
547, 11416
14873, 548
24473, 548
14002, 548
13525, 548
548, 20823
10152, 549
549, 14595
549, 23839
549, 15203
549, 17268
549, 7878
549, 21655
549, 21228
549, 11981
549, 20921
549, 15099
549, 19152
549, 8183
549, 11603
549, 13834
549, 19368
549, 9301
549, 8783
549, 17704
549, 11299
549, 22923
549, 17506
549, 14627
549, 21593
549, 7540
549, 20374
549, 8742
549, 19010
549, 24591
549, 19611
549, 17384
549, 13607
549, 14468
549, 18187
549, 13960
549, 12486
549, 18017
549, 20942
549, 9795
549, 8551
549, 24590
549, 16248
549, 20096
549, 13523
549, 17028
549, 19127
549, 17851
549, 10883
549, 22648
549, 12455
549, 20387
549, 24326
549, 24750
549, 16679
549, 15712
549, 23324
24434, 550
550, 22018
24774, 551
551, 17811
24486, 552
24401, 552
552, 9515
20708, 553
7713, 553
18111, 553
553, 16831
18369, 554
10096, 554
19145, 554
13157, 554
16083, 554
14804, 554
23097, 554
14696, 554
554, 14543
554, 20871
17389, 555
555, 15648
555, 17048
21997, 556
556, 7467
23341, 557
557, 12009
9712, 558
558, 21944
23937, 559
559, 11576
13259, 560
22168, 560
23156, 560
560, 9237
18712, 561
561, 12822
19056, 562
562, 8707
10854, 563
563, 18539
16937, 564
564, 21701
12669, 565
565, 11700
18070, 566
566, 21497
14208, 567
567, 12080
23996, 568
568, 21811
11863, 569
569, 10483
11466, 570
570, 21700
12300, 571
571, 19224
9090, 572
572, 8243
10386, 573
8710, 573
573, 16861
13883, 574
574, 18493
10821, 575
575, 9978
575, 11971
12144, 576
576, 7614
24436, 577
577, 12433
22343, 578
578, 15466
10291, 579
579, 23842
8892, 580
580, 23695
20507, 581
581, 10173
581, 23082
17083, 582
582, 18540
12965, 583
583, 10398
15441, 584
584, 15597
10428, 585
585, 16664
585, 20182
15290, 586
15355, 586
586, 14664
13944, 587
587, 14778
587, 19303
587, 12742
587, 17755
10817, 588
588, 7692
10165, 589
589, 16397
23560, 590
590, 22663
13944, 591
591, 16746
591, 18931
591, 8478
591, 24631
591, 8235
13627, 592
16463, 592
592, 17249
7999, 593
593, 22851
593, 11515
20408, 594
594, 17783
10856, 595
595, 23717
595, 8778
10152, 596
596, 24333
596, 7593
596, 10653
596, 12841
596, 12523
596, 17140
596, 17432
596, 24462
596, 9403
596, 24383
596, 12708
596, 10075
596, 9441
596, 19123
596, 24993
596, 20953
596, 9923
596, 21762
596, 17635
596, 14259
596, 13784
596, 20108
596, 12875
596, 7756
596, 23751
596, 23469
596, 16008
596, 24465
596, 20254
596, 14564
596, 23402
596, 8507
596, 12730
596, 8971
596, 23425
596, 14615
596, 13681
596, 21432
596, 23957
596, 15088
596, 12928
596, 13270
596, 18043
596, 8525
596, 23432
596, 23581
596, 9132
596, 19375
596, 18534
596, 22625
596, 22505
596, 8002
596, 21609
596, 7661
596, 16266
596, 12073
596, 9953
596, 14076
596, 22325
596, 14517
18968, 597
597, 21882
12557, 598
598, 18291
24710, 599
599, 21145
16381, 600
600, 15201
24819, 601
23550, 601
601, 18938
8137, 602
602, 17320
11840, 603
9069, 603
603, 22677
7774, 604
21934, 604
17523, 604
604, 16295
12146, 605
605, 8147
16741, 606
606, 12937
10133, 607
607, 13347
14820, 608
16478, 608
608, 12518
10432, 609
609, 10865
20826, 610
8363, 610
22667, 610
23107, 610
9810, 610
9481, 610
10042, 610
17366, 610
21027, 610
11339, 610
7925, 610
22197, 610
21240, 610
18974, 610
13475, 610
8778, 610
610, 18383
11524, 611
611, 8531
24657, 612
612, 16938
23655, 613
613, 19553
9769, 614
614, 18741
8956, 615
615, 11281
615, 10177
10478, 616
616, 18893
17420, 617
617, 23485
617, 14534
22221, 618
21978, 618
618, 18838
24985, 619
619, 17499
18582, 620
620, 9520
620, 14545
11661, 621
19937, 621
18772, 621
18746, 621
19839, 621
10738, 621
10113, 621
9957, 621
12257, 621
11237, 621
18797, 621
24304, 621
20634, 621
12655, 621
19778, 621
18458, 621
9576, 621
22848, 621
18707, 621
21125, 621
18090, 621
24005, 621
17603, 621
15653, 621
25007, 621
20926, 621
24228, 621
14281, 621
23750, 621
13693, 621
12398, 621
16791, 621
9959, 621
14415, 621
13202, 621
14451, 621
21510, 621
10747, 621
17286, 621
16165, 621
8773, 621
19263, 621
23870, 621
24098, 621
15226, 621
15471, 621
8791, 621
23348, 621
13690, 621
16263, 621
13988, 621
9103, 621
21480, 621
22968, 621
14589, 621
12174, 621
9514, 621
8973, 621
18022, 621
21920, 621
14223, 621
21067, 621
24521, 621
11969, 621
11784, 621
16383, 621
20441, 621
18114, 621
19316, 621
20196, 621
20501, 621
24329, 621
18341, 621
22875, 621
7616, 621
18191, 621
7580, 621
15818, 621
12490, 621
13088, 621
12270, 621
9523, 621
7711, 621
18737, 621
17343, 621
16170, 621
23111, 621
15855, 621
10530, 621
10180, 621
11025, 621
21123, 621
15563, 621
12766, 621
10825, 621
16081, 621
15045, 621
16468, 621
15523, 621
21320, 621
12840, 621
8807, 621
16769, 621
11239, 621
20756, 621
21946, 621
14648, 621
19480, 621
22040, 621
21336, 621
24181, 621
13014, 621
12653, 621
24683, 621
14224, 621
9733, 621
8186, 621
15535, 621
11450, 621
23935, 621
24095, 621
12176, 621
14424, 621
11063, 621
14619, 621
23489, 621
17325, 621
9374, 621
16056, 621
16602, 621
24845, 621
7908, 621
8055, 621
10614, 621
22956, 621
10827, 621
17648, 621
19232, 621
13013, 621
21578, 621
11560, 621
24659, 621
22183, 621
12933, 621
13858, 621
9939, 621
14079, 621
13694, 621
22411, 621
19335, 621
17782, 621
8263, 621
15365, 621
14922, 621
17204, 621
14831, 621
12100, 621
9782, 621
9329, 621
14929, 621
14509, 621
17724, 621
19833, 621
11381, 621
24996, 621
8285, 621
23357, 621
13129, 621
16158, 621
17534, 621
22778, 621
10851, 621
11655, 621
24435, 621
13976, 621
11032, 621
10813, 621
18326, 621
21172, 621
20787, 621
14393, 621
19304, 621
14750, 621
9284, 621
8734, 621
20092, 621
16944, 621
23744, 621
9729, 621
12364, 621
16027, 621
22155, 621
17142, 621
15722, 621
18048, 621
19149, 621
24676, 621
23110, 621
20989, 621
14151, 621
23770, 621
11640, 621
23046, 621
14724, 621
14934, 621
23053, 621
20425, 621
12081, 621
23212, 621
11533, 621
8624, 621
20993, 621
15017, 621
22113, 621
10778, 621
8112, 621
12907, 621
11264, 621
8945, 621
23430, 621
13050, 621
9365, 621
12704, 621
20481, 621
18440, 621
18779, 621
18168, 621
16628, 621
21199, 621
15437, 621
16305, 621
22557, 621
18634, 621
16427, 621
20089, 621
9360, 621
23062, 621
11435, 621
23153, 621
12422, 621
23829, 621
24650, 621
10687, 621
18749, 621
24898, 621
20601, 621
16927, 621
16683, 621
22685, 621
621, 13816
18582, 622
622, 13870
622, 21603
17717, 623
623, 7663
17248, 624
624, 24712
624, 23340
624, 12821
24399, 625
10881, 625
24977, 625
20169, 625
19310, 625
8779, 625
10650, 625
17870, 625
18694, 625
10281, 625
9794, 625
11455, 625
12518, 625
24495, 625
21341, 625
21619, 625
11250, 625
21355, 625
20629, 625
18540, 625
625, 16925
625, 11813
8547, 626
626, 18465
16925, 627
627, 15643
14483, 628
9841, 628
17620, 628
13360, 628
628, 19427
23099, 629
629, 17198
19825, 630
22059, 630
630, 19945
15786, 631
631, 15903
12481, 632
632, 10980
14799, 633
633, 11591
19735, 634
634, 11035
634, 11021
23028, 635
635, 9419
23937, 636
636, 16323
17060, 637
637, 8992
7871, 638
16675, 638
10283, 638
16919, 638
9399, 638
23325, 638
12520, 638
638, 12545
9095, 639
639, 9684
19806, 640
640, 19740
18211, 641
641, 8278
641, 17730
641, 15971
16342, 642
642, 17541
10234, 643
643, 16358
21684, 644
644, 17718
644, 23803
10396, 645
645, 21521
13618, 646
646, 12863
14501, 647
647, 22993
7963, 648
648, 14784
13935, 649
649, 21355
20859, 650
10477, 650
650, 15916
650, 20866
650, 10143
650, 8259
650, 13945
650, 16661
650, 17022
650, 24268
650, 9638
650, 15546
650, 18918
650, 16752
650, 17264
650, 7955
650, 15567
650, 13253
650, 17126
650, 18923
650, 23301
650, 20516
650, 16099
650, 9878
650, 20476
650, 14485
650, 12346
650, 18448
650, 22280
650, 10852
650, 9175
650, 17563
650, 9417
650, 10885
650, 9511
650, 10131
650, 14569
650, 20424
650, 9372
650, 20204
650, 17663
650, 23463
650, 16961
650, 23521
650, 9437
650, 17857
650, 9750
650, 11807
650, 10621
650, 24128
650, 24350
650, 21479
650, 13586
650, 17585
650, 22656
15222, 651
10752, 651
14305, 651
651, 16450
10080, 652
652, 12192
18345, 653
653, 23183
21948, 654
654, 10431
654, 8489
12994, 655
17967, 655
655, 20077
10597, 656
656, 22460
9357, 657
657, 17499
11396, 658
16719, 658
658, 12997
20858, 659
659, 21027
7929, 660
660, 11301
14363, 661
661, 24987
22651, 662
662, 19536
15072, 663
663, 20038
663, 10936
23407, 664
8714, 664
664, 8848
9806, 665
665, 8413
18906, 666
23082, 666
18830, 666
666, 22279
21937, 667
667, 12282
21718, 668
668, 9228
668, 24356
668, 12698
668, 20464
19206, 669
669, 23102
17971, 670
670, 24191
8558, 671
22972, 671
671, 20990
23588, 672
672, 12449
672, 17350
24092, 673
673, 19135
16925, 674
674, 12963
23383, 675
675, 24614
675, 13394
18169, 676
21523, 676
7612, 676
14865, 676
13181, 676
23078, 676
13371, 676
11318, 676
11429, 676
676, 12957
22801, 677
677, 15419
17467, 678
678, 10064
9820, 679
679, 10763
23313, 680
680, 12518
8454, 681
681, 17018
20528, 682
682, 21813
15024, 683
683, 13313
21219, 684
684, 23127
19227, 685
19744, 685
685, 24151
10252, 686
686, 18694
13265, 687
687, 15083
24106, 688
688, 15408
19952, 689
689, 22141
22181, 690
690, 20839
12570, 691
21780, 691
691, 23459
12430, 692
692, 7780
22808, 693
693, 10729
17420, 694
694, 11218
20645, 695
695, 11914
695, 18627
695, 20768
695, 14071
695, 16369
695, 16448
695, 9166
695, 9988
695, 20937
695, 15808
695, 24033
11353, 696
696, 12897
9306, 697
697, 21878
13078, 698
698, 24875
20964, 699
699, 23298
23716, 700
700, 9759
15914, 701
9299, 701
22149, 701
15371, 701
21752, 701
14598, 701
18338, 701
16159, 701
21411, 701
10063, 701
14734, 701
7504, 701
12158, 701
12126, 701
22660, 701
13244, 701
17386, 701
16467, 701
11893, 701
10317, 701
701, 9862
16545, 702
702, 19961
702, 17025
21384, 703
703, 9398
14066, 704
704, 20949
704, 19912
11269, 705
705, 15318
18968, 706
706, 16578
9805, 707
707, 17421
19965, 708
708, 24153
22154, 709
709, 16536
23873, 710
710, 14085
23577, 711
711, 18924
19427, 712
712, 20826
19939, 713
713, 8779
12231, 714
714, 21298
24241, 715
715, 14986
19709, 716
716, 24399
10413, 717
717, 21439
22624, 718
718, 9626
11186, 719
719, 20180
719, 25013
719, 11067
18483, 720
720, 21611
21683, 721
721, 13107
721, 11608
13789, 722
722, 13465
21591, 723
723, 7780
22618, 724
724, 18230
10726, 725
725, 20071
21094, 726
726, 24825
15104, 727
727, 23409
14301, 728
728, 23574
20249, 729
729, 20533
19794, 730
14826, 730
730, 24981
12032, 731
731, 23016
13290, 732
732, 14586
10266, 733
733, 15047
12251, 734
734, 9955
8529, 735
735, 10345
8050, 736
736, 18466
736, 10622
10293, 737
737, 11156
16489, 738
13288, 738
19618, 738
738, 21474
16778, 739
739, 21584
20091, 740
740, 20533
25018, 741
741, 16597
741, 12699
24387, 742
21771, 742
742, 14951
24906, 743
743, 22041
19494, 744
744, 21522
8989, 745
745, 17910
12812, 746
19331, 746
19723, 746
19521, 746
746, 22468
22708, 747
747, 24400
18760, 748
748, 20916
22785, 749
749, 13522
9602, 750
22871, 750
750, 17061
23845, 751
751, 15152
9632, 752
752, 24046
10206, 753
753, 24881
23022, 754
754, 18681
19801, 755
755, 14054
21932, 756
756, 20997
21562, 757
12466, 757
757, 20344
23610, 758
758, 9626
8813, 759
759, 23240
18865, 760
760, 20188
14781, 761
761, 20949
16479, 762
762, 11355
21478, 763
763, 10372
8094, 764
764, 12531
13344, 765
21158, 765
8469, 765
765, 19349
13552, 766
13726, 766
766, 9995
7671, 767
16173, 767
23074, 767
767, 12044
15650, 768
768, 13295
13062, 769
769, 8363
769, 24798
11306, 770
770, 11864
23332, 771
771, 19394
24760, 772
14586, 772
21405, 772
772, 13911
18968, 773
773, 16001
22108, 774
774, 10595
774, 7757
16763, 775
775, 24914
9661, 776
776, 17094
18620, 777
777, 11914
777, 19398
777, 19000
777, 13001
777, 18119
777, 24142
777, 10021
777, 10758
777, 10590
777, 23780
777, 18597
777, 24859
777, 10750
12060, 778
778, 23178
24146, 779
779, 10492
779, 9300
22769, 780
780, 15368
12788, 781
12919, 781
781, 12561
20850, 782
10599, 782
14576, 782
11995, 782
12855, 782
16630, 782
14563, 782
17839, 782
9475, 782
13907, 782
24808, 782
782, 12804
24876, 783
783, 17061
16267, 784
9799, 784
784, 12066
19447, 785
785, 8239
16925, 786
786, 20640
24434, 787
787, 15724
16925, 788
788, 16459
8978, 789
789, 19415
22305, 790
790, 16659
8343, 791
791, 20732
23937, 792
792, 18170
20543, 793
793, 9547
22732, 794
794, 21298
19161, 795
795, 21179
795, 13335
19893, 796
796, 19905
796, 24868
796, 23347
796, 20715
12916, 797
797, 18315
15503, 798
798, 21802
22424, 799
799, 8811
19801, 800
800, 14108
8870, 801
801, 10372
19418, 802
22943, 802
802, 21284
17448, 803
803, 13809
16385, 804
804, 12076
22340, 805
805, 12723
15162, 806
806, 21232
11541, 807
807, 10047
9805, 808
808, 8872
808, 15994
808, 8816
808, 15216
808, 8777
12790, 809
809, 15521
14757, 810
810, 10064
12240, 811
811, 19651
16273, 812
812, 12780
17148, 813
22474, 813
13451, 813
813, 12436
17291, 814
8177, 814
814, 17061
13661, 815
815, 13386
17947, 816
816, 21059
15797, 817
817, 19485
13300, 818
818, 11675
15441, 819
819, 12746
10888, 820
820, 21777
820, 24509
14781, 821
821, 16370
821, 13669
12151, 822
822, 23854
15074, 823
823, 23218
24937, 824
19184, 824
12006, 824
13695, 824
18302, 824
14243, 824
10228, 824
23271, 824
20120, 824
9913, 824
12274, 824
824, 8230
14401, 825
825, 13788
15441, 826
826, 17135
17925, 827
827, 9788
15703, 828
828, 14315
12885, 829
19522, 829
829, 14046
19448, 830
10772, 830
830, 8670
17420, 831
831, 14822
831, 13538
7928, 832
832, 21999
23689, 833
833, 17898
14484, 834
834, 13874
24707, 835
835, 7522
8397, 836
836, 11266
20094, 837
16150, 837
15223, 837
10304, 837
24940, 837
837, 8224
9156, 838
838, 8794
838, 17638
24487, 839
839, 9046
13748, 840
840, 11902
22517, 841
841, 22275
11770, 842
842, 10510
12300, 843
843, 13400
20809, 844
844, 11621
16356, 845
23122, 845
845, 24377
845, 10599
18582, 846
846, 12623
846, 20850
9829, 847
847, 7874
16925, 848
848, 9181
13736, 849
849, 24885
8812, 850
850, 16082
850, 18693
24693, 851
16353, 851
19365, 851
23320, 851
851, 17671
24090, 852
21600, 852
19959, 852
852, 19317
7519, 853
853, 15354
12057, 854
854, 13792
10133, 855
855, 9936
12197, 856
24172, 856
12014, 856
19154, 856
13360, 856
856, 16414
21239, 857
857, 19788
19452, 858
10487, 858
858, 23739
24731, 859
859, 12094
23852, 860
860, 9469
15638, 861
861, 14666
17923, 862
862, 16823
17009, 863
863, 11109
863, 15084
863, 10551
863, 15013
863, 10787
863, 7705
863, 11884
20406, 864
864, 10128
21606, 865
865, 12897
14138, 866
866, 17107
9087, 867
867, 15233
10413, 868
868, 17179
17069, 869
869, 17061
12116, 870
870, 20146
13730, 871
21955, 871
871, 13973
16925, 872
872, 24500
15082, 873
873, 24266
873, 16606
8847, 874
874, 11404
22398, 875
875, 23218
23464, 876
876, 11622
21927, 877
877, 16393
877, 15165
877, 24734
13944, 878
878, 22334
878, 14150
878, 10052
878, 15652
23608, 879
879, 8118
24239, 880
880, 16265
19737, 881
881, 11677
23778, 882
882, 23923
22976, 883
21951, 883
23758, 883
20588, 883
13113, 883
883, 21954
19109, 884
884, 18120
18773, 885
885, 18133
13034, 886
886, 17520
17009, 887
15974, 887
887, 17709
887, 18615
887, 10122
887, 23529
887, 23262
887, 22295
887, 16322
887, 14065
887, 20403
23373, 888
18732, 888
888, 7904
8726, 889
889, 11518
21030, 890
890, 19029
20616, 891
15188, 891
891, 20508
12392, 892
892, 21886
14684, 893
893, 17572
10133, 894
894, 24971
17083, 895
895, 9118
16907, 896
896, 16954
9555, 897
897, 9810
19619, 898
16811, 898
9117, 898
898, 14616
8523, 899
899, 18110
16440, 900
900, 21670
23883, 901
901, 11415
23729, 902
902, 21864
10133, 903
903, 9936
18012, 904
904, 10460
11906, 905
905, 8290
15441, 906
906, 15235
16925, 907
907, 10491
18968, 908
908, 17487
13706, 909
19065, 909
19248, 909
909, 17051
10152, 910
910, 23861
910, 15953
910, 13821
910, 12945
910, 15686
910, 19755
910, 18601
910, 20268
910, 18405
910, 20152
910, 17963
910, 21677
910, 10751
910, 7879
910, 12990
910, 13904
910, 10691
910, 10898
910, 13928
910, 8885
910, 15658
910, 7797
910, 8336
910, 7628
910, 24792
910, 24848
910, 21441
910, 19511
910, 8211
910, 14962
910, 15444
910, 24127
910, 17108
910, 9560
910, 20413
910, 9438
910, 13281
910, 24440
910, 7510
910, 8251
910, 23355
910, 18839
910, 21288
910, 12905
910, 12276
910, 9630
910, 15070
910, 8893
910, 21760
9254, 911
911, 18543
8663, 912
912, 7631
22382, 913
913, 10818
19801, 914
914, 17749
24703, 915
915, 8306
16179, 916
916, 18278
12068, 917
917, 24253
22240, 918
918, 10601
21295, 919
919, 8056
13087, 920
920, 24934
24878, 921
17752, 921
7449, 921
921, 13805
13526, 922
922, 13244
11332, 923
923, 24038
9805, 924
924, 11552
7490, 925
925, 21514
10234, 926
926, 13710
926, 16513
24831, 927
927, 12620
8963, 928
11472, 928
928, 14833
8802, 929
7788, 929
929, 16645
21014, 930
930, 23781
10849, 931
931, 23728
24080, 932
932, 10088
9275, 933
933, 11490
16376, 934
934, 14419
8484, 935
935, 9481
9392, 936
8288, 936
936, 12329
17667, 937
937, 16588
22822, 938
938, 21561
16925, 939
939, 9097
14117, 940
940, 17867
16376, 941
941, 13310
941, 21058
9153, 942
16698, 942
942, 23747
20372, 943
943, 15592
14389, 944
944, 10178
9058, 945
945, 8057
24249, 946
946, 21284
14091, 947
947, 21240
12201, 948
948, 11079
16925, 949
949, 21806
11068, 950
950, 14431
15417, 951
951, 22289
16925, 952
952, 9644
16925, 953
953, 17119
17267, 954
954, 18231
21844, 955
955, 21284
20743, 956
956, 14909
24767, 957
20931, 957
21038, 957
18629, 957
19302, 957
13979, 957
19869, 957
17674, 957
15223, 957
22028, 957
957, 8539
24740, 958
958, 24760
10255, 959
959, 22525
20587, 960
960, 11018
12737, 961
961, 12145
961, 18955
11027, 962
962, 12802
20263, 963
963, 19362
9820, 964
964, 23461
24052, 965
12595, 965
8533, 965
965, 17022
965, 23999
965, 8383
965, 9344
965, 13165
965, 24264
965, 8240
965, 23112
965, 22463
965, 13851
965, 17253
965, 7534
965, 8940
965, 16186
965, 22818
965, 16195
10192, 966
966, 15042
7632, 967
967, 20077
16925, 968
968, 23506
14117, 969
969, 14624
11186, 970
970, 22953
970, 14859
20848, 971
971, 14435
10077, 972
972, 18562
14409, 973
7449, 973
973, 12926
18495, 974
974, 10990
18003, 975
975, 8637
11568, 976
21237, 976
976, 14950
976, 17498
976, 10933
22337, 977
977, 20142
16603, 978
978, 23159
19191, 979
979, 15373
24238, 980
980, 11404
980, 14900
10252, 981
981, 9794
10335, 982
982, 9588
16601, 983
983, 14838
16925, 984
984, 21372
12542, 985
985, 17541
21795, 986
986, 21284
23296, 987
987, 23705
24641, 988
988, 24607
18549, 989
989, 21005
8085, 990
990, 21191
16545, 991
991, 17011
991, 23303
15716, 992
992, 7651
992, 14656
13537, 993
993, 9714
7889, 994
994, 22663
21904, 995
995, 11065
24355, 996
996, 11168
16749, 997
997, 12002
15525, 998
998, 20739
18968, 999
999, 10986
14806, 1000
24362, 1000
1000, 24205
21605, 1001
1001, 18813
8300, 1002
1002, 18299
13632, 1003
1003, 21189
9622, 1004
1004, 20257
20005, 1005
1005, 17189
20830, 1006
23420, 1006
1006, 24311
13120, 1007
1007, 15337
15611, 1008
1008, 24021
21786, 1009
1009, 15066
23278, 1010
17658, 1010
10212, 1010
17313, 1010
20052, 1010
11767, 1010
20976, 1010
9678, 1010
20087, 1010
8013, 1010
8459, 1010
17246, 1010
20880, 1010
17729, 1010
8359, 1010
11051, 1010
24569, 1010
10495, 1010
18652, 1010
24166, 1010
20559, 1010
22979, 1010
19437, 1010
10450, 1010
24023, 1010
14853, 1010
11150, 1010
18404, 1010
10918, 1010
13044, 1010
17478, 1010
23014, 1010
8536, 1010
24474, 1010
22855, 1010
20698, 1010
21491, 1010
15192, 1010
20479, 1010
13409, 1010
17455, 1010
8669, 1010
9596, 1010
15967, 1010
7722, 1010
11376, 1010
11630, 1010
10905, 1010
16676, 1010
8774, 1010
10309, 1010
21559, 1010
21309, 1010
12319, 1010
1010, 24373
18336, 1011
1011, 21100
22822, 1012
1012, 23453
17353, 1013
1013, 16046
21821, 1014
1014, 22690
10234, 1015
1015, 16339
16925, 1016
1016, 16983
24762, 1017
15748, 1017
11892, 1017
10935, 1017
19314, 1017
14795, 1017
1017, 23468
16355, 1018
1018, 19132
1018, 20071
15005, 1019
15807, 1019
13094, 1019
1019, 10573
18085, 1020
1020, 22289
20225, 1021
10524, 1021
13063, 1021
8611, 1021
13322, 1021
23508, 1021
20039, 1021
24572, 1021
1021, 22209
12339, 1022
1022, 21278
9370, 1023
1023, 19100
15848, 1024
14426, 1024
1024, 9079
22458, 1025
1025, 10663
1025, 19470
19397, 1026
1026, 9684
11906, 1027
1027, 12714
21597, 1028
1028, 23736
14785, 1029
1029, 11110
8906, 1030
1030, 12607
1030, 15784
13629, 1031
1031, 24811
1031, 14123
1031, 11425
1031, 7445
21119, 1032
1032, 8086
24988, 1033
1033, 24958
17482, 1034
1034, 19884
21952, 1035
1035, 19740
17164, 1036
16451, 1036
22536, 1036
16497, 1036
11699, 1036
20759, 1036
10134, 1036
10343, 1036
1036, 24040
1036, 24157
23539, 1037
1037, 8994
14702, 1038
1038, 23978
19563, 1039
1039, 23752
19975, 1040
1040, 10673
20317, 1041
1041, 21394
10420, 1042
20060, 1042
21282, 1042
19541, 1042
12080, 1042
11911, 1042
1042, 15515
18720, 1043
1043, 19650
1043, 14183
10509, 1044
1044, 17061
24096, 1045
1045, 20728
20867, 1046
19341, 1046
24709, 1046
1046, 17745
9356, 1047
23617, 1047
13273, 1047
18348, 1047
8567, 1047
13309, 1047
13063, 1047
18523, 1047
23298, 1047
23282, 1047
13067, 1047
8926, 1047
10260, 1047
1047, 23888
17789, 1048
1048, 22256
24324, 1049
1049, 12242
10152, 1050
1050, 22186
1050, 21622
1050, 8867
1050, 22269
1050, 22932
1050, 10766
1050, 20771
1050, 11845
1050, 19402
1050, 15276
1050, 23924
1050, 8808
1050, 12985
1050, 13855
1050, 24796
1050, 20941
1050, 16236
1050, 15679
1050, 13536
1050, 18908
1050, 9565
1050, 15242
1050, 15912
1050, 10023
1050, 22828
1050, 19378
1050, 17929
1050, 12649
1050, 22612
1050, 23768
1050, 12365
1050, 23582
1050, 9509
1050, 15761
1050, 7535
1050, 23709
1050, 23077
1050, 14447
1050, 18375
1050, 17311
1050, 16755
1050, 8830
1050, 20007
1050, 12656
1050, 15743
1050, 21828
1050, 20153
1050, 22031
1050, 24423
1050, 15802
1050, 22006
1050, 19055
1050, 24891
1050, 12980
1050, 9842
1050, 21928
1050, 16996
1050, 14571
1050, 23335
1050, 17656
1050, 22588
1050, 9603
1050, 10290
1050, 23985
1050, 14217
1050, 22748
1050, 20524
1050, 8625
1050, 14437
1050, 18526
1050, 11483
1050, 11202
1050, 9956
1050, 17490
1050, 19625
1050, 24173
1050, 17115
1050, 10219
1050, 13326
1050, 13654
1050, 22515
1050, 24429
1050, 11745
1050, 22724
1050, 13915
1050, 18981
1050, 21557
1050, 9554
1050, 9455
1050, 13724
1050, 9604
1050, 13878
1050, 22670
1050, 14968
1050, 13680
1050, 16660
1050, 17453
1050, 17062
1050, 10156
1050, 9440
1050, 10249
1050, 23624
1050, 15772
1050, 19513
1050, 20264
1050, 20491
1050, 14515
1050, 15635
1050, 10222
1050, 17908
1050, 23096
1050, 15247
1050, 19500
1050, 16141
1050, 19888
1050, 9780
1050, 17294
1050, 21144
1050, 20211
1050, 7855
1050, 20676
1050, 8715
1050, 8244
1050, 19809
1050, 24790
1050, 7602
1050, 23037
21563, 1051
1051, 22870
9808, 1052
1052, 19874
16385, 1053
1053, 18974
9423, 1054
1054, 24585
22308, 1055
9737, 1055
14467, 1055
13422, 1055
17985, 1055
22857, 1055
7746, 1055
13302, 1055
22217, 1055
15039, 1055
1055, 9862
7584, 1056
1056, 20149
17290, 1057
1057, 23911
16792, 1058
1058, 24056
21814, 1059
1059, 23901
9432, 1060
8404, 1060
1060, 10375
11929, 1061
1061, 10793
16925, 1062
1062, 15540
21876, 1063
1063, 24604
15018, 1064
1064, 9741
9306, 1065
1065, 22479
16385, 1066
1066, 12076
7533, 1067
1067, 14465
16865, 1068
1068, 24363
1068, 8201
18726, 1069
1069, 24266
20243, 1070
20632, 1070
1070, 18390
20969, 1071
20147, 1071
22377, 1071
15307, 1071
14698, 1071
13651, 1071
15235, 1071
21772, 1071
20478, 1071
14472, 1071
18282, 1071
18299, 1071
18540, 1071
17792, 1071
21757, 1071
14878, 1071
18967, 1071
20566, 1071
18694, 1071
17870, 1071
9794, 1071
24042, 1071
17043, 1071
11066, 1071
24104, 1071
19319, 1071
13478, 1071
20629, 1071
1071, 20316
1071, 16925
9908, 1072
1072, 19195
20582, 1073
1073, 11706
17420, 1074
1074, 21790
1074, 23827
1074, 16564
18968, 1075
1075, 7585
16925, 1076
1076, 18280
9701, 1077
1077, 9179
1077, 17824
1077, 9274
11850, 1078
16503, 1078
10008, 1078
1078, 24794
14279, 1079
1079, 13169
18968, 1080
1080, 8432
14827, 1081
10287, 1081
18999, 1081
17898, 1081
10467, 1081
21685, 1081
8932, 1081
9061, 1081
11843, 1081
9334, 1081
20876, 1081
19414, 1081
23786, 1081
24654, 1081
17755, 1081
21957, 1081
18719, 1081
1081, 9862
11186, 1082
1082, 14423
16354, 1083
1083, 19439
17420, 1084
1084, 19315
1084, 10699
1084, 23356
1084, 19876
18968, 1085
1085, 14552
20541, 1086
1086, 21883
10224, 1087
1087, 9099
10359, 1088
1088, 7780
18971, 1089
7986, 1089
23991, 1089
1089, 11011
15190, 1090
1090, 16183
10714, 1091
1091, 12369
14117, 1092
1092, 20873
18582, 1093
1093, 23631
1093, 20475
1093, 21519
10663, 1094
24627, 1094
1094, 7640
10413, 1095
1095, 19826
10661, 1096
21096, 1096
15430, 1096
18698, 1096
24820, 1096
9101, 1096
16012, 1096
1096, 20284
24036, 1097
1097, 9897
1097, 15218
11413, 1098
24809, 1098
20246, 1098
12632, 1098
14807, 1098
20723, 1098
18150, 1098
8049, 1098
16420, 1098
19072, 1098
12175, 1098
1098, 16361
22817, 1099
1099, 21166
23891, 1100
21665, 1100
11348, 1100
17036, 1100
18852, 1100
15311, 1100
12540, 1100
10613, 1100
23563, 1100
8360, 1100
24953, 1100
18699, 1100
19923, 1100
15591, 1100
21399, 1100
8755, 1100
7582, 1100
11909, 1100
8350, 1100
18646, 1100
9879, 1100
20747, 1100
20537, 1100
24660, 1100
22681, 1100
10710, 1100
1100, 9862
19518, 1101
1101, 12437
8419, 1102
1102, 24073
17661, 1103
1103, 15065
25009, 1104
1104, 20391
8487, 1105
1105, 15028
1105, 24549
7609, 1106
1106, 21785
21065, 1107
1107, 12434
16925, 1108
1108, 16725
18094, 1109
1109, 21733
20784, 1110
1110, 14498
19721, 1111
1111, 23298
1111, 18419
22129, 1112
1112, 24412
15376, 1113
1113, 12200
7590, 1114
1114, 19134
20110, 1115
1115, 7637
24088, 1116
1116, 12197
12626, 1117
1117, 23036
18875, 1118
1118, 15543
1118, 7951
22150, 1119
1119, 8288
23623, 1120
1120, 11111
18982, 1121
1121, 14512
21224, 1122
1122, 16747
21705, 1123
1123, 12162
16039, 1124
1124, 7692
10164, 1125
1125, 22252
1125, 16890
22143, 1126
1126, 10372
10252, 1127
1127, 10281
14019, 1128
22736, 1128
11515, 1128
1128, 14949
23856, 1129
1129, 22221
10698, 1130
1130, 13424
21414, 1131
1131, 23107
10722, 1132
1132, 21189
1132, 9093
14646, 1133
1133, 16588
14661, 1134
1134, 13348
18904, 1135
1135, 18896
9026, 1136
1136, 16421
13152, 1137
1137, 16208
22687, 1138
1138, 20299
10666, 1139
1139, 19643
19085, 1140
9612, 1140
23397, 1140
1140, 15379
12954, 1141
10352, 1141
22740, 1141
1141, 19812
9805, 1142
1142, 17406
9402, 1143
1143, 18971
9715, 1144
1144, 9810
19325, 1145
9817, 1145
1145, 21700
17420, 1146
1146, 19884
17519, 1147
24583, 1147
13305, 1147
1147, 15154
18582, 1148
1148, 11020
1148, 13689
20095, 1149
16459, 1149
9897, 1149
18410, 1149
23035, 1149
20107, 1149
10112, 1149
22811, 1149
12066, 1149
15756, 1149
12011, 1149
23101, 1149
8642, 1149
8019, 1149
9547, 1149
13024, 1149
17050, 1149
22890, 1149
7982, 1149
16046, 1149
22275, 1149
20886, 1149
21613, 1149
21098, 1149
20786, 1149
21950, 1149
10760, 1149
10923, 1149
20358, 1149
12310, 1149
20038, 1149
11913, 1149
23994, 1149
12636, 1149
21886, 1149
23103, 1149
9970, 1149
13067, 1149
9797, 1149
12643, 1149
24051, 1149
9588, 1149
14081, 1149
15879, 1149
16989, 1149
22102, 1149
22600, 1149
20046, 1149
10318, 1149
20611, 1149
22964, 1149
13564, 1149
23783, 1149
24957, 1149
16715, 1149
18681, 1149
16223, 1149
8145, 1149
19542, 1149
12159, 1149
22462, 1149
13853, 1149
16981, 1149
13133, 1149
12647, 1149
8821, 1149
8390, 1149
20072, 1149
18768, 1149
24972, 1149
24930, 1149
14510, 1149
18362, 1149
21687, 1149
18161, 1149
11199, 1149
1149, 22051
13856, 1150
1150, 22483
21068, 1151
17252, 1151
1151, 19723
14011, 1152
17589, 1152
19529, 1152
22882, 1152
1152, 10790
16148, 1153
1153, 19133
19801, 1154
1154, 19013
15350, 1155
7731, 1155
1155, 13180
13493, 1156
23638, 1156
15199, 1156
18259, 1156
12854, 1156
1156, 13024
24867, 1157
18414, 1157
18020, 1157
9427, 1157
8869, 1157
16402, 1157
20759, 1157
10669, 1157
12657, 1157
18489, 1157
8834, 1157
1157, 19969
1157, 18540
10616, 1158
1158, 24959
16479, 1159
1159, 15432
1159, 23766
1159, 23302
1159, 13093
1159, 9889
1159, 8422
1159, 24717
1159, 21610
1159, 12187
11947, 1160
1160, 19803
18487, 1161
1161, 12526
13713, 1162
10263, 1162
1162, 7569
8351, 1163
1163, 13539
14117, 1164
1164, 23626
24434, 1165
1165, 20899
22606, 1166
1166, 11282
23070, 1167
1167, 17076
10413, 1168
16308, 1168
1168, 11041
13153, 1169
1169, 20879
12571, 1170
1170, 16118
10368, 1171
1171, 18788
10252, 1172
1172, 17870
13995, 1173
1173, 16391
19146, 1174
14705, 1174
12660, 1174
1174, 9325
14116, 1175
1175, 13369
12251, 1176
1176, 16629
1176, 9831
1176, 13992
1176, 7654
7462, 1177
1177, 22431
17112, 1178
1178, 21772
21786, 1179
1179, 15066
19417, 1180
1180, 23803
16472, 1181
1181, 21685
23840, 1182
1182, 22427
8371, 1183
1183, 19178
13944, 1184
1184, 14195
1184, 18216
1184, 19859
1184, 15959
7687, 1185
1185, 13002
11071, 1186
1186, 9305
1186, 21497
21626, 1187
1187, 15388
16457, 1188
1188, 15695
23566, 1189
1189, 22176
14222, 1190
1190, 18113
13201, 1191
1191, 7511
14059, 1192
1192, 21641
1192, 15844
20655, 1193
22711, 1193
10846, 1193
15217, 1193
1193, 12591
13180, 1194
1194, 8121
13111, 1195
1195, 11402
24391, 1196
1196, 18866
1196, 14520
11683, 1197
1197, 11404
17046, 1198
20259, 1198
16050, 1198
15874, 1198
15714, 1198
1198, 9713
16474, 1199
1199, 14380
16925, 1200
1200, 18188
19850, 1201
13016, 1201
1201, 14586
17719, 1202
7624, 1202
1202, 19485
10992, 1203
11004, 1203
12630, 1203
20857, 1203
14533, 1203
1203, 12636
15961, 1204
1204, 10369
10137, 1205
1205, 23617
12956, 1206
1206, 17876
23578, 1207
1207, 10882
17949, 1208
1208, 13058
9017, 1209
10032, 1209
8481, 1209
20388, 1209
15486, 1209
14805, 1209
22512, 1209
23847, 1209
13569, 1209
1209, 9676
22785, 1210
1210, 13522
21111, 1211
1211, 10390
9663, 1212
1212, 10101
18201, 1213
1213, 12469
22679, 1214
14887, 1214
1214, 19646
22365, 1215
1215, 21124
24947, 1216
1216, 20071
15459, 1217
20838, 1217
22661, 1217
1217, 21736
18038, 1218
1218, 22454
24434, 1219
1219, 21004
11855, 1220
1220, 22959
14287, 1221
1221, 9886
10543, 1222
8255, 1222
1222, 15442
16275, 1223
1223, 17880
1223, 11864
22313, 1224
16828, 1224
18557, 1224
9820, 1224
1224, 8567
1224, 11734
10252, 1225
1225, 15307
24434, 1226
1226, 12779
24986, 1227
1227, 8086
12750, 1228
1228, 10018
18968, 1229
1229, 19985
10252, 1230
1230, 19362
17583, 1231
1231, 18250
9805, 1232
18904, 1232
10234, 1232
1232, 19028
13942, 1233
20535, 1233
17688, 1233
19192, 1233
24677, 1233
21261, 1233
18769, 1233
19327, 1233
23685, 1233
13889, 1233
21879, 1233
14975, 1233
19736, 1233
14474, 1233
7460, 1233
20467, 1233
15895, 1233
15898, 1233
10938, 1233
17559, 1233
16466, 1233
1233, 19846
1233, 18288
1233, 24536
1233, 13416
24145, 1234
1234, 23474
17819, 1235
1235, 23184
19222, 1236
1236, 9759
7600, 1237
1237, 14119
21626, 1238
1238, 16510
17208, 1239
1239, 24958
23853, 1240
1240, 7805
1240, 11899
1240, 23415
1240, 14125
1240, 18794
1240, 22027
1240, 9642
1240, 23972
1240, 10551
1240, 10953
1240, 9081
1240, 19034
1240, 19407
1240, 7615
1240, 21577
1240, 11931
1240, 9162
1240, 23977
1240, 23465
1240, 17182
1240, 19641
1240, 10943
1240, 11695
1240, 16237
1240, 9339
1240, 22245
1240, 23498
1240, 23023
1240, 10217
1240, 7907
1240, 17891
1240, 18381
1240, 11821
1240, 24967
1240, 19577
1240, 20651
1240, 14832
1240, 18147
1240, 13743
1240, 19150
1240, 21592
1240, 17295
1240, 24068
1240, 7843
1240, 22034
1240, 12048
1240, 24705
1240, 8820
1240, 21604
1240, 14841
1240, 20379
1240, 20057
1240, 14896
10784, 1241
1241, 12981
1241, 23808
15696, 1242
1242, 24093
10800, 1243
10761, 1243
18742, 1243
8240, 1243
7565, 1243
22551, 1243
23866, 1243
23433, 1243
23112, 1243
10840, 1243
9781, 1243
22003, 1243
15856, 1243
17631, 1243
9964, 1243
24948, 1243
22463, 1243
9011, 1243
12517, 1243
14800, 1243
18199, 1243
13851, 1243
9986, 1243
17518, 1243
17253, 1243
7534, 1243
18931, 1243
18314, 1243
15254, 1243
14682, 1243
20937, 1243
20278, 1243
8234, 1243
8861, 1243
20073, 1243
15808, 1243
8434, 1243
23369, 1243
18927, 1243
8940, 1243
19433, 1243
16186, 1243
9966, 1243
23780, 1243
21061, 1243
8423, 1243
22790, 1243
15221, 1243
22818, 1243
11922, 1243
11623, 1243
9746, 1243
8478, 1243
24632, 1243
24585, 1243
23378, 1243
16195, 1243
16789, 1243
21283, 1243
23892, 1243
14482, 1243
24602, 1243
1243, 12804
21194, 1244
24066, 1244
1244, 17814
12251, 1245
1245, 13847
1245, 24259
13484, 1246
22689, 1246
11085, 1246
16855, 1246
7966, 1246
10438, 1246
23724, 1246
21385, 1246
7710, 1246
18512, 1246
1246, 12062
1246, 9681
23623, 1247
14117, 1247
1247, 17875
7858, 1248
1248, 12834
23076, 1249
1249, 19871
1249, 8227
1249, 18461
1249, 9243
1249, 14749
1249, 10412
7476, 1250
1250, 15025
16095, 1251
1251, 20207
19893, 1252
1252, 24061
1252, 14388
1252, 9239
11210, 1253
1253, 15205
1253, 23183
23076, 1254
1254, 16106
1254, 18049
13342, 1255
1255, 13360
23944, 1256
1256, 11949
1256, 12209
1256, 21428
1256, 10639
1256, 24299
1256, 15305
14736, 1257
1257, 22815
24316, 1258
1258, 12090
20518, 1259
1259, 18318
22541, 1260
1260, 8770
21363, 1261
1261, 15152
12949, 1262
1262, 23136
11957, 1263
1263, 10574
15529, 1264
1264, 14148
24226, 1265
1265, 14700
11252, 1266
1266, 17835
1266, 19673
18582, 1267
1267, 22239
1267, 13209
1267, 16144
1267, 8476
1267, 11316
9805, 1268
1268, 21488
1268, 22759
1268, 10213
1268, 19294
17731, 1269
1269, 9299
20287, 1270
1270, 15580
13433, 1271
1271, 24543
17420, 1272
1272, 15894
1272, 8804
1272, 11028
1272, 10514
1272, 20927
15561, 1273
1273, 24958
9211, 1274
1274, 18586
15265, 1275
1275, 7831
23076, 1276
1276, 16620
1276, 13868
12882, 1277
17492, 1277
1277, 13546
15321, 1278
1278, 7977
22939, 1279
1279, 18540
23346, 1280
15278, 1280
1280, 13575
24831, 1281
1281, 12620
18550, 1282
1282, 12879
21434, 1283
1283, 14181
11740, 1284
1284, 23024
12845, 1285
1285, 12671
11837, 1286
1286, 11666
9805, 1287
1287, 23444
1287, 23589
1287, 20522
1287, 11147
12757, 1288
1288, 15044
17352, 1289
1289, 21837
23396, 1290
1290, 12194
10152, 1291
1291, 23861
1291, 19640
1291, 11684
1291, 10209
1291, 21638
1291, 14809
1291, 14141
1291, 8925
1291, 24872
1291, 13547
1291, 10718
1291, 8961
1291, 11342
1291, 17564
1291, 21729
1291, 17753
1291, 10093
1291, 20447
1291, 19282
1291, 16577
1291, 10337
1291, 10841
1291, 11380
1291, 10029
1291, 19321
1291, 20897
1291, 23787
1291, 15630
1291, 25020
1291, 16455
1291, 12843
1291, 9857
1291, 15658
1291, 18594
1291, 8248
1291, 21241
1291, 23265
1291, 24792
1291, 13903
1291, 20282
1291, 8505
1291, 9123
1291, 8589
1291, 12439
1291, 9867
1291, 19211
1291, 9844
1291, 9918
1291, 7721
1291, 12735
1291, 14962
1291, 20637
1291, 17450
1291, 14255
1291, 9445
1291, 22353
1291, 22023
1291, 10232
1291, 22306
1291, 13993
1291, 18482
1291, 19478
1291, 18993
1291, 8197
1291, 23049
1291, 12051
1291, 18581
1291, 18268
1291, 15751
1291, 16135
1291, 12460
1291, 23501
7606, 1292
7784, 1292
12930, 1292
14726, 1292
1292, 22133
1292, 12129
1292, 9680
8970, 1293
1293, 17031
20022, 1294
1294, 20079
23784, 1295
1295, 17932
21558, 1296
1296, 24308
13944, 1297
1297, 14396
1297, 17166
1297, 8640
1297, 8353
1297, 24953
16308, 1298
1298, 16120
21535, 1299
1299, 9682
19957, 1300
1300, 12822
17940, 1301
9272, 1301
1301, 19025
11373, 1302
9634, 1302
1302, 14304
11198, 1303
24447, 1303
11797, 1303
18460, 1303
20261, 1303
11017, 1303
1303, 17799
13758, 1304
21977, 1304
8935, 1304
13791, 1304
12386, 1304
15051, 1304
20171, 1304
16334, 1304
1304, 16379
15467, 1305
1305, 17541
1305, 24445
10859, 1306
1306, 15551
20741, 1307
1307, 8333
14117, 1308
1308, 12495
22459, 1309
1309, 17198
11906, 1310
1310, 7427
21489, 1311
1311, 22544
17307, 1312
1312, 10294
1312, 16047
14089, 1313
13567, 1313
7514, 1313
20554, 1313
18269, 1313
18985, 1313
10454, 1313
7701, 1313
21973, 1313
17231, 1313
16409, 1313
20776, 1313
17507, 1313
24805, 1313
19594, 1313
22654, 1313
22099, 1313
7905, 1313
11948, 1313
8210, 1313
20641, 1313
14761, 1313
18626, 1313
20805, 1313
12624, 1313
22268, 1313
9476, 1313
19705, 1313
11569, 1313
16522, 1313
23186, 1313
17344, 1313
18328, 1313
9890, 1313
20976, 1313
1313, 17827
8331, 1314
1314, 17699
13330, 1315
1315, 23484
22824, 1316
1316, 22439
16776, 1317
1317, 20951
1317, 20650
24588, 1318
1318, 18540
17480, 1319
1319, 17987
15236, 1320
1320, 18362
18906, 1321
9319, 1321
10861, 1321
9335, 1321
7911, 1321
17499, 1321
16235, 1321
1321, 20081
19051, 1322
1322, 7725
10099, 1323
1323, 18540
16292, 1324
1324, 18540
20647, 1325
1325, 20170
1325, 8390
16925, 1326
1326, 17129
23230, 1327
1327, 12647
1327, 18419
10901, 1328
1328, 23167
17503, 1329
1329, 8434
23623, 1330
14117, 1330
1330, 18376
16853, 1331
24165, 1331
19324, 1331
8829, 1331
9882, 1331
15773, 1331
23400, 1331
18109, 1331
12115, 1331
11680, 1331
14881, 1331
15706, 1331
14186, 1331
14249, 1331
11549, 1331
18721, 1331
8020, 1331
16375, 1331
17266, 1331
9846, 1331
13610, 1331
10708, 1331
16967, 1331
23202, 1331
21256, 1331
16339, 1331
8063, 1331
7988, 1331
21722, 1331
13719, 1331
8113, 1331
21890, 1331
23385, 1331
13667, 1331
13751, 1331
9151, 1331
19851, 1331
18041, 1331
17368, 1331
21128, 1331
21504, 1331
14344, 1331
18777, 1331
11648, 1331
15928, 1331
20109, 1331
16998, 1331
17068, 1331
12538, 1331
18184, 1331
12047, 1331
9589, 1331
11633, 1331
14711, 1331
24646, 1331
24662, 1331
10423, 1331
16278, 1331
16816, 1331
19932, 1331
21292, 1331
14769, 1331
23686, 1331
10464, 1331
8069, 1331
22179, 1331
17013, 1331
10274, 1331
16336, 1331
8464, 1331
7746, 1331
20438, 1331
18352, 1331
23034, 1331
17483, 1331
17210, 1331
24243, 1331
15908, 1331
15981, 1331
24450, 1331
16810, 1331
15406, 1331
17766, 1331
11403, 1331
18636, 1331
22794, 1331
17816, 1331
19259, 1331
23163, 1331
12457, 1331
19662, 1331
19915, 1331
20908, 1331
14142, 1331
14554, 1331
14794, 1331
22966, 1331
1331, 9862
22586, 1332
11805, 1332
9180, 1332
10358, 1332
15323, 1332
7916, 1332
10662, 1332
14801, 1332
19943, 1332
23059, 1332
14187, 1332
12295, 1332
19713, 1332
14414, 1332
23825, 1332
21026, 1332
23323, 1332
1332, 14598
11923, 1333
1333, 17678
13180, 1334
1334, 8121
18536, 1335
1335, 15596
20312, 1336
1336, 16338
10575, 1337
1337, 9721
19504, 1338
1338, 7953
14348, 1339
1339, 17620
8126, 1340
1340, 12172
14613, 1341
1341, 9587
14579, 1342
14007, 1342
23044, 1342
23987, 1342
1342, 20430
23511, 1343
1343, 13670
15705, 1344
1344, 9943
17892, 1345
1345, 9546
18102, 1346
1346, 9599
15756, 1347
19112, 1347
22736, 1347
7637, 1347
1347, 15451
19948, 1348
1348, 19874
17390, 1349
22514, 1349
1349, 9840
19775, 1350
1350, 23101
9541, 1351
1351, 17678
19801, 1352
1352, 23349
16779, 1353
10312, 1353
1353, 7492
10252, 1354
1354, 17870
12333, 1355
1355, 13460
10413, 1356
1356, 10163
7667, 1357
1357, 22053
16792, 1358
1358, 19253
11906, 1359
1359, 8290
16203, 1360
1360, 15996
23867, 1361
1361, 8129
18904, 1362
1362, 15358
20700, 1363
1363, 15037
11906, 1364
1364, 12313
9804, 1365
1365, 9480
15402, 1366
1366, 24363
16202, 1367
1367, 15715
18968, 1368
1368, 19156
13479, 1369
18978, 1369
1369, 18233
16511, 1370
13496, 1370
12377, 1370
10725, 1370
1370, 17890
7592, 1371
1371, 8333
24925, 1372
1372, 8099
20166, 1373
1373, 17913
8540, 1374
1374, 23127
10252, 1375
1375, 17870
16925, 1376
1376, 16983
18407, 1377
20190, 1377
1377, 11656
22383, 1378
1378, 18278
23937, 1379
1379, 18469
11387, 1380
9428, 1380
1380, 11815
12757, 1381
1381, 15944
21929, 1382
1382, 7497
1382, 17139
1382, 17034
13390, 1383
1383, 20477
7861, 1384
1384, 21380
21121, 1385
1385, 9099
14998, 1386
1386, 13587
7757, 1387
14664, 1387
1387, 12404
11176, 1388
24477, 1388
1388, 8346
21686, 1389
1389, 13977
1389, 17215
1389, 16981
1389, 13403
16792, 1390
1390, 17693
21975, 1391
1391, 11144
24745, 1392
1392, 16290
23177, 1393
1393, 13026
19747, 1394
1394, 19912
10234, 1395
1395, 24897
11439, 1396
1396, 17538
23033, 1397
18162, 1397
24727, 1397
1397, 24654
16900, 1398
1398, 17669
24753, 1399
1399, 7941
12611, 1400
1400, 13802
11329, 1401
1401, 24038
22722, 1402
1402, 13953
22524, 1403
1403, 21132
11824, 1404
1404, 11953
18968, 1405
1405, 8590
8596, 1406
1406, 16860
18957, 1407
1407, 13531
12222, 1408
1408, 21924
16925, 1409
1409, 24666
18582, 1410
1410, 12298
1410, 20691
1410, 12030
1410, 20395
1410, 18680
1410, 16357
1410, 20134
18255, 1411
13576, 1411
23915, 1411
19044, 1411
11965, 1411
20705, 1411
7685, 1411
13190, 1411
18389, 1411
7708, 1411
19657, 1411
13646, 1411
20976, 1411
15150, 1411
13396, 1411
11665, 1411
19360, 1411
20248, 1411
11254, 1411
16771, 1411
10443, 1411
9768, 1411
12482, 1411
8411, 1411
17776, 1411
15156, 1411
21534, 1411
17219, 1411
15118, 1411
16754, 1411
10440, 1411
11907, 1411
9106, 1411
13306, 1411
8853, 1411
23983, 1411
13098, 1411
22997, 1411
24810, 1411
18328, 1411
20427, 1411
22400, 1411
21567, 1411
9131, 1411
20487, 1411
14403, 1411
24474, 1411
17863, 1411
17332, 1411
15780, 1411
20029, 1411
17969, 1411
10453, 1411
15102, 1411
10450, 1411
23693, 1411
20779, 1411
17056, 1411
13012, 1411
1411, 8406
1411, 18540
16925, 1412
1412, 19112
12366, 1413
14995, 1413
1413, 12289
19520, 1414
1414, 14081
15443, 1415
1415, 12676
10146, 1416
1416, 12822
11928, 1417
1417, 14675
17836, 1418
1418, 18906
13530, 1419
1419, 23298
15417, 1420
1420, 22289
20480, 1421
1421, 9662
13944, 1422
1422, 9672
1422, 9906
1422, 24548
22836, 1423
1423, 21506
9650, 1424
1424, 21499
14108, 1425
8609, 1425
1425, 23135
18222, 1426
1426, 16441
18623, 1427
1427, 12143
16680, 1428
8203, 1428
20734, 1428
15540, 1428
21730, 1428
21892, 1428
16591, 1428
22951, 1428
1428, 9862
12146, 1429
1429, 8147
22226, 1430
1430, 8609
18008, 1431
1431, 15390
9382, 1432
1432, 19643
12089, 1433
1433, 7492
20155, 1434
1434, 19918
20147, 1435
22377, 1435
9110, 1435
23790, 1435
17414, 1435
18540, 1435
1435, 16925
1435, 15869
14117, 1436
1436, 8786
12521, 1437
1437, 24869
14429, 1438
1438, 22197
12745, 1439
1439, 10960
9807, 1440
1440, 16719
11157, 1441
1441, 15427
1441, 16235
11129, 1442
1442, 24481
11186, 1443
1443, 17639
7677, 1444
1444, 22364
1444, 20123
1444, 7690
1444, 21283
17151, 1445
1445, 14716
18722, 1446
1446, 18309
10133, 1447
1447, 8922
14117, 1448
1448, 16108
19022, 1449
1449, 13578
12987, 1450
1450, 24654
14556, 1451
1451, 19473
24547, 1452
1452, 24153
12668, 1453
18393, 1453
23493, 1453
21909, 1453
17865, 1453
22542, 1453
16433, 1453
15372, 1453
18460, 1453
15395, 1453
8322, 1453
7899, 1453
23251, 1453
14334, 1453
15439, 1453
20125, 1453
16428, 1453
14535, 1453
8061, 1453
1453, 11382
19801, 1454
1454, 19271
7820, 1455
9820, 1455
1455, 17473
1455, 23508
16960, 1456
1456, 20107
1456, 20358
1456, 23994
17156, 1457
1457, 13700
16479, 1458
1458, 14493
1458, 11330
11858, 1459
1459, 18185
18582, 1460
1460, 12958
1460, 16982
1460, 15421
17613, 1461
1461, 13815
17000, 1462
1462, 23082
16925, 1463
1463, 13046
14753, 1464
1464, 24934
11186, 1465
1465, 14167
1465, 13445
15137, 1466
1466, 15008
17988, 1467
1467, 20191
11104, 1468
13357, 1468
11287, 1468
12127, 1468
9873, 1468
1468, 14936
1468, 19900
1468, 15776
1468, 10961
1468, 15555
1468, 10617
1468, 16161
18553, 1469
1469, 11048
13388, 1470
1470, 19951
24034, 1471
1471, 21374
15085, 1472
11579, 1472
1472, 22377
23421, 1473
1473, 21670
9112, 1474
1474, 10153
24494, 1475
1475, 9626
17571, 1476
1476, 7472
20615, 1477
1477, 13665
11672, 1478
14849, 1478
1478, 15729
23800, 1479
1479, 18158
14267, 1480
1480, 19968
10133, 1481
1481, 22933
8806, 1482
1482, 19949
18651, 1483
1483, 13358
1483, 10341
1483, 22132
1483, 17232
1483, 10872
1483, 18177
1483, 16991
1483, 23913
1483, 21511
1483, 22743
1483, 22135
1483, 24376
1483, 13846
1483, 12106
1483, 10921
1483, 24273
1483, 10197
18582, 1484
1484, 9203
1484, 7800
1484, 9049
21626, 1485
1485, 11848
10297, 1486
19382, 1486
1486, 10300
19106, 1487
1487, 11095
8135, 1488
1488, 16190
19458, 1489
1489, 12158
8463, 1490
1490, 11468
19068, 1491
1491, 17158
11489, 1492
1492, 20219
1492, 24266
1492, 21188
24832, 1493
1493, 16695
15417, 1494
1494, 22289
16925, 1495
1495, 24078
13268, 1496
1496, 23085
1496, 22951
16797, 1497
1497, 24923
17482, 1498
1498, 13850
1498, 11727
1498, 17567
1498, 8932
11160, 1499
1499, 8611
1499, 13987
24821, 1500
1500, 23394
19703, 1501
1501, 23978
24537, 1502
1502, 9024
10198, 1503
1503, 7663
21849, 1504
1504, 24746
20253, 1505
18975, 1505
17413, 1505
10054, 1505
10939, 1505
10785, 1505
1505, 7574
17422, 1506
1506, 11840
12449, 1507
17855, 1507
1507, 9456
24478, 1508
1508, 18087
8627, 1509
20156, 1509
1509, 19220
14117, 1510
1510, 10040
15417, 1511
1511, 22289
24542, 1512
1512, 16655
7587, 1513
1513, 13468
1513, 16952
11393, 1514
1514, 13398
20851, 1515
1515, 8208
20034, 1516
20098, 1516
1516, 17581
8276, 1517
8873, 1517
15997, 1517
12816, 1517
1517, 24936
10919, 1518
1518, 15218
7668, 1519
9703, 1519
1519, 13788
16718, 1520
1520, 12897
16840, 1521
1521, 12659
23473, 1522
1522, 17265
23399, 1523
1523, 20844
10970, 1524
1524, 22379
21210, 1525
1525, 9871
21268, 1526
1526, 23102
12251, 1527
1527, 8606
1527, 20290
21664, 1528
1528, 20934
24434, 1529
1529, 9611
22391, 1530
1530, 12643
19483, 1531
21872, 1531
17091, 1531
10896, 1531
9550, 1531
24600, 1531
20575, 1531
1531, 20981
15539, 1532
1532, 19275
23027, 1533
1533, 17439
12251, 1534
9805, 1534
1534, 19230
1534, 8494
1534, 16546
1534, 19881
24029, 1535
1535, 19490
23547, 1536
1536, 21027
22450, 1537
1537, 14909
23209, 1538
17147, 1538
18433, 1538
13443, 1538
8117, 1538
14055, 1538
11414, 1538
23280, 1538
17446, 1538
21507, 1538
18660, 1538
23295, 1538
8646, 1538
20726, 1538
21845, 1538
12719, 1538
15153, 1538
9961, 1538
10402, 1538
8598, 1538
14527, 1538
22025, 1538
23482, 1538
8299, 1538
18919, 1538
18591, 1538
9422, 1538
12086, 1538
11639, 1538
16652, 1538
24680, 1538
10665, 1538
14402, 1538
10566, 1538
12832, 1538
10136, 1538
11217, 1538
21167, 1538
13919, 1538
13160, 1538
16415, 1538
9518, 1538
10781, 1538
16618, 1538
15861, 1538
23510, 1538
12866, 1538
11283, 1538
20593, 1538
15268, 1538
14115, 1538
11410, 1538
9462, 1538
11078, 1538
7859, 1538
9053, 1538
18005, 1538
20668, 1538
9489, 1538
15480, 1538
23993, 1538
14797, 1538
23831, 1538
14232, 1538
21281, 1538
17628, 1538
22016, 1538
21866, 1538
20905, 1538
18535, 1538
1538, 23439
10252, 1539
1539, 9794
17237, 1540
1540, 19744
12198, 1541
14529, 1541
1541, 19552
12251, 1542
1542, 12859
1542, 22272
1542, 21861
21422, 1543
1543, 18083
23345, 1544
12759, 1544
18840, 1544
1544, 10168
24180, 1545
22288, 1545
1545, 18231
1545, 18067
10774, 1546
1546, 14108
12251, 1547
1547, 19353
1547, 8982
13033, 1548
1548, 23067
8880, 1549
1549, 24470
23156, 1550
23962, 1550
1550, 15578
10252, 1551
1551, 17870
19108, 1552
1552, 20606
7605, 1553
13926, 1553
1553, 24237
15933, 1554
1554, 24272
16925, 1555
1555, 13259
15110, 1556
1556, 19745
10085, 1557
1557, 16217
15380, 1558
1558, 19740
23361, 1559
1559, 18233
13944, 1560
1560, 15934
1560, 12702
1560, 10613
1560, 8360
7556, 1561
11368, 1561
21785, 1561
1561, 20950
18791, 1562
1562, 13873
24366, 1563
22058, 1563
19235, 1563
17162, 1563
11470, 1563
24541, 1563
1563, 20257
9814, 1564
1564, 24979
22814, 1565
22067, 1565
1565, 22590
14370, 1566
1566, 10761
16249, 1567
14728, 1567
1567, 21700
16925, 1568
1568, 14442
19287, 1569
1569, 14001
11132, 1570
1570, 8455
14375, 1571
19537, 1571
18770, 1571
9563, 1571
13055, 1571
20426, 1571
9693, 1571
9522, 1571
15479, 1571
12448, 1571
17433, 1571
16744, 1571
12258, 1571
20845, 1571
20620, 1571
20839, 1571
9226, 1571
16770, 1571
19968, 1571
9934, 1571
21839, 1571
23677, 1571
14582, 1571
15996, 1571
23171, 1571
18293, 1571
11536, 1571
11045, 1571
16952, 1571
11871, 1571
22289, 1571
16889, 1571
9694, 1571
15280, 1571
18057, 1571
21512, 1571
19670, 1571
11994, 1571
11111, 1571
8916, 1571
18731, 1571
11677, 1571
14205, 1571
16443, 1571
12348, 1571
19162, 1571
18399, 1571
9405, 1571
15617, 1571
8054, 1571
18138, 1571
19125, 1571
16956, 1571
23242, 1571
16119, 1571
22007, 1571
19409, 1571
18423, 1571
7807, 1571
15250, 1571
17322, 1571
21141, 1571
8590, 1571
22638, 1571
23705, 1571
9235, 1571
24923, 1571
19060, 1571
9801, 1571
16659, 1571
12512, 1571
23051, 1571
8504, 1571
8576, 1571
20350, 1571
23191, 1571
24896, 1571
11487, 1571
11226, 1571
11486, 1571
10424, 1571
7760, 1571
7995, 1571
22998, 1571
7480, 1571
11614, 1571
15165, 1571
7576, 1571
13213, 1571
16766, 1571
14542, 1571
9531, 1571
23954, 1571
13837, 1571
20353, 1571
22030, 1571
14003, 1571
8142, 1571
11118, 1571
18801, 1571
21970, 1571
9881, 1571
21055, 1571
10617, 1571
15776, 1571
16161, 1571
19900, 1571
14936, 1571
10961, 1571
15555, 1571
12202, 1571
12652, 1571
14471, 1571
7614, 1571
18895, 1571
22131, 1571
21372, 1571
20082, 1571
21029, 1571
8506, 1571
24031, 1571
9758, 1571
12442, 1571
13948, 1571
22047, 1571
20439, 1571
22839, 1571
19763, 1571
15960, 1571
9705, 1571
15956, 1571
22533, 1571
24234, 1571
22285, 1571
19936, 1571
19919, 1571
16049, 1571
14622, 1571
24168, 1571
18508, 1571
15419, 1571
9999, 1571
15963, 1571
23648, 1571
8245, 1571
15496, 1571
10141, 1571
23416, 1571
21982, 1571
9164, 1571
23008, 1571
22140, 1571
19934, 1571
16094, 1571
8057, 1571
20033, 1571
8713, 1571
21010, 1571
22100, 1571
12272, 1571
9720, 1571
24826, 1571
16512, 1571
18068, 1571
10703, 1571
11812, 1571
20873, 1571
12801, 1571
9419, 1571
13725, 1571
10962, 1571
7904, 1571
12665, 1571
18376, 1571
14991, 1571
21624, 1571
11458, 1571
12396, 1571
23321, 1571
9380, 1571
21190, 1571
17922, 1571
17114, 1571
17505, 1571
21166, 1571
7767, 1571
1571, 21768
11259, 1572
1572, 13309
13924, 1573
23745, 1573
7598, 1573
23307, 1573
9126, 1573
1573, 10375
9649, 1574
1574, 22663
12253, 1575
1575, 14703
17420, 1576
1576, 21895
1576, 16970
1576, 17512
1576, 18037
1576, 13639
18968, 1577
1577, 16535
10693, 1578
1578, 12744
12580, 1579
1579, 12203
8416, 1580
16573, 1580
1580, 23159
11525, 1581
1581, 12567
17177, 1582
1582, 8617
8984, 1583
1583, 15845
24134, 1584
1584, 24175
15391, 1585
1585, 21670
7496, 1586
1586, 16748
8730, 1587
1587, 19587
24862, 1588
1588, 15081
14938, 1589
1589, 20886
13944, 1590
1590, 8859
1590, 13338
1590, 14948
21976, 1591
13827, 1591
1591, 9874
16876, 1592
1592, 18362
19801, 1593
1593, 20039
18356, 1594
1594, 22663
15449, 1595
22076, 1595
19887, 1595
1595, 10216
15169, 1596
1596, 9888
23974, 1597
1597, 8202
16925, 1598
1598, 16983
8503, 1599
1599, 11880
20671, 1600
1600, 9788
20852, 1601
1601, 8182
19682, 1602
1602, 11090
22837, 1603
1603, 8198
23813, 1604
1604, 24534
12650, 1605
1605, 11494
20091, 1606
1606, 20533
17835, 1607
21670, 1607
1607, 23047
22741, 1608
1608, 22042
23076, 1609
1609, 21247
1609, 20894
23657, 1610
1610, 21674
9852, 1611
1611, 23088
12360, 1612
1612, 11801
18904, 1613
1613, 23656
1613, 23087
1613, 9206
1613, 16424
12526, 1614
18933, 1614
7671, 1614
1614, 9669
15306, 1615
17131, 1615
1615, 18765
14117, 1616
1616, 18508
12251, 1617
1617, 19414
1617, 23786
9183, 1618
12636, 1618
13067, 1618
1618, 11105
22406, 1619
1619, 16696
25000, 1620
21369, 1620
13289, 1620
13508, 1620
11687, 1620
20617, 1620
10110, 1620
8693, 1620
1620, 10681
1620, 24157
1620, 13082
12636, 1621
14531, 1621
1621, 8347
9594, 1622
22151, 1622
11972, 1622
13181, 1622
21985, 1622
7958, 1622
9636, 1622
23148, 1622
10592, 1622
16812, 1622
14374, 1622
1622, 18238
1622, 13977
1622, 16844
11336, 1623
1623, 11103
17778, 1624
1624, 14153
17079, 1625
1625, 16384
10047, 1626
22469, 1626
18291, 1626
1626, 22534
11906, 1627
1627, 21129
1627, 13465
20646, 1628
1628, 22589
20514, 1629
1629, 8449
16716, 1630
21554, 1630
1630, 7848
23309, 1631
1631, 13063
1631, 21100
14385, 1632
1632, 7731
1632, 12613
7630, 1633
1633, 16397
1633, 10706
21291, 1634
1634, 15373
23406, 1635
1635, 24188
17805, 1636
1636, 13802
15566, 1637
11983, 1637
1637, 12441
8690, 1638
1638, 9099
15691, 1639
1639, 12879
20896, 1640
1640, 15979
23937, 1641
1641, 24642
24007, 1642
1642, 9759
1642, 21554
9478, 1643
11358, 1643
14121, 1643
20734, 1643
19498, 1643
10790, 1643
7960, 1643
15420, 1643
18881, 1643
16764, 1643
9757, 1643
14153, 1643
1643, 9862
16963, 1644
1644, 16874
15084, 1645
14110, 1645
9076, 1645
20901, 1645
14676, 1645
18612, 1645
8164, 1645
7952, 1645
16406, 1645
17061, 1645
9990, 1645
14173, 1645
22163, 1645
17043, 1645
9774, 1645
24927, 1645
11876, 1645
17090, 1645
16500, 1645
18540, 1645
10544, 1645
17870, 1645
12751, 1645
12694, 1645
17678, 1645
1645, 16925
1645, 9411
12251, 1646
1646, 13031
12643, 1647
24194, 1647
1647, 8995
7779, 1648
1648, 13460
19247, 1649
1649, 11918
16527, 1650
17298, 1650
1650, 12143
21233, 1651
1651, 11915
13797, 1652
22422, 1652
1652, 11265
19629, 1653
1653, 21314
23746, 1654
1654, 16066
14010, 1655
22631, 1655
20407, 1655
19431, 1655
18928, 1655
19391, 1655
19996, 1655
7446, 1655
11798, 1655
13372, 1655
16807, 1655
16699, 1655
1655, 20629
21663, 1656
17023, 1656
16964, 1656
1656, 19343
15381, 1657
24231, 1657
22729, 1657
21555, 1657
12884, 1657
24384, 1657
8654, 1657
11174, 1657
16544, 1657
17532, 1657
9633, 1657
24416, 1657
23045, 1657
15159, 1657
23661, 1657
20923, 1657
19534, 1657
21187, 1657
13841, 1657
16893, 1657
12304, 1657
19559, 1657
9530, 1657
21070, 1657
1657, 11982
7758, 1658
1658, 22667
12233, 1659
1659, 11692
16925, 1660
1660, 7555
17420, 1661
1661, 20967
23937, 1662
1662, 8581
14090, 1663
18675, 1663
1663, 12863
16840, 1664
1664, 23305
16925, 1665
1665, 12807
19374, 1666
1666, 19267
23076, 1667
1667, 12322
1667, 14583
10234, 1668
1668, 17685
1668, 11161
1668, 19305
12378, 1669
1669, 10881
12628, 1670
1670, 10422
15338, 1671
1671, 17418
11796, 1672
1672, 9978
1672, 14767
18703, 1673
1673, 9788
25001, 1674
1674, 8757
20904, 1675
9812, 1675
1675, 22740
11071, 1676
22108, 1676
1676, 19223
19893, 1677
1677, 12614
1677, 13266
24588, 1678
1678, 18967
22013, 1679
9820, 1679
1679, 19017
22238, 1680
1680, 13251
14705, 1681
1681, 22764
12787, 1682
1682, 24038
20333, 1683
1683, 16128
23795, 1684
1684, 20685
17868, 1685
1685, 24528
17420, 1686
1686, 22780
21047, 1687
10214, 1687
19197, 1687
18603, 1687
10651, 1687
11760, 1687
7789, 1687
7606, 1687
11674, 1687
20203, 1687
1687, 15175
1687, 11514
11504, 1688
20627, 1688
1688, 19187
13727, 1689
21484, 1689
1689, 7472
10133, 1690
1690, 7517
13770, 1691
1691, 23208
18080, 1692
1692, 17754
14103, 1693
18318, 1693
1693, 10762
16385, 1694
1694, 15735
21862, 1695
1695, 14209
23006, 1696
1696, 21957
21542, 1697
1697, 14744
24779, 1698
1698, 19048
16896, 1699
1699, 13577
20336, 1700
21360, 1700
14608, 1700
1700, 13460
11186, 1701
1701, 22272
24192, 1702
7618, 1702
15569, 1702
17382, 1702
1702, 16925
8292, 1703
1703, 20219
1703, 7442
1703, 22821
9805, 1704
1704, 9291
1704, 8658
1704, 8800
17570, 1705
1705, 24759
16925, 1706
1706, 17385
22486, 1707
1707, 8652
20851, 1708
1708, 8208
23988, 1709
1709, 17689
21370, 1710
15698, 1710
9474, 1710
19200, 1710
1710, 22107
19139, 1711
1711, 12822
18560, 1712
1712, 13360
1712, 7449
18011, 1713
20221, 1713
18525, 1713
14043, 1713
7603, 1713
1713, 10373
18031, 1714
16183, 1714
15307, 1714
16131, 1714
16379, 1714
18532, 1714
17137, 1714
12505, 1714
11099, 1714
18540, 1714
18694, 1714
14134, 1714
17684, 1714
24700, 1714
1714, 16925
1714, 24899
18371, 1715
1715, 16235
1715, 15304
11268, 1716
1716, 21218
8043, 1717
1717, 20929
12579, 1718
1718, 9645
14933, 1719
1719, 21126
23410, 1720
1720, 24736
9549, 1721
1721, 23636
16925, 1722
1722, 22030
23944, 1723
1723, 16469
19801, 1724
1724, 20039
16201, 1725
17786, 1725
1725, 8719
15460, 1726
9300, 1726
1726, 22751
15940, 1727
1727, 17876
14337, 1728
1728, 10262
13604, 1729
1729, 9784
13180, 1730
1730, 8121
10133, 1731
1731, 18801
24597, 1732
1732, 23940
24516, 1733
1733, 13309
10127, 1734
1734, 18132
10114, 1735
1735, 21307
10133, 1736
1736, 17186
17647, 1737
1737, 20498
10252, 1738
1738, 18694
17128, 1739
1739, 23223
8456, 1740
1740, 19899
19614, 1741
9263, 1741
1741, 21700
10854, 1742
1742, 24602
19991, 1743
1743, 15502
12415, 1744
1744, 23790
1744, 8458
1744, 7435
1744, 15054
1744, 10564
1744, 21105
7864, 1745
11209, 1745
22909, 1745
12288, 1745
10481, 1745
23494, 1745
20332, 1745
1745, 17540
7455, 1746
1746, 22053
9820, 1747
1747, 11084
1747, 18964
16763, 1748
1748, 10626
11492, 1749
1749, 21284
22672, 1750
1750, 9684
9855, 1751
11961, 1751
1751, 23520
20862, 1752
1752, 18250
16792, 1753
1753, 18057
20023, 1754
1754, 13063
1754, 24572
18659, 1755
1755, 12822
24653, 1756
1756, 20963
23286, 1757
1757, 13581
17064, 1758
17952, 1758
1758, 9753
16492, 1759
1759, 13725
8282, 1760
1760, 21298
18144, 1761
1761, 15367
21568, 1762
11600, 1762
1762, 21700
11109, 1763
18444, 1763
15317, 1763
20702, 1763
16183, 1763
13651, 1763
24268, 1763
20412, 1763
24843, 1763
21341, 1763
16746, 1763
23585, 1763
8471, 1763
12849, 1763
9411, 1763
18540, 1763
18923, 1763
22914, 1763
17678, 1763
14660, 1763
23933, 1763
10544, 1763
20414, 1763
20032, 1763
19337, 1763
19415, 1763
14963, 1763
22256, 1763
17870, 1763
22237, 1763
1763, 16925
1763, 24665
23964, 1764
1764, 10442
22205, 1765
11654, 1765
1765, 14744
16138, 1766
1766, 15250
20215, 1767
1767, 19142
19258, 1768
1768, 12511
23483, 1769
1769, 12853
12851, 1770
1770, 15948
14935, 1771
1771, 18438
18904, 1772
1772, 18580
1772, 24555
1772, 22788
21023, 1773
1773, 19767
11039, 1774
1774, 12721
1774, 8926
7749, 1775
1775, 9753
14045, 1776
1776, 17807
14241, 1777
1777, 15442
9635, 1778
13316, 1778
11962, 1778
14632, 1778
12715, 1778
22002, 1778
9327, 1778
23450, 1778
18016, 1778
21550, 1778
24784, 1778
8284, 1778
22220, 1778
15747, 1778
18739, 1778
15363, 1778
14378, 1778
18759, 1778
12909, 1778
8891, 1778
8900, 1778
19661, 1778
22049, 1778
23570, 1778
15015, 1778
17914, 1778
19144, 1778
20925, 1778
24901, 1778
24055, 1778
8856, 1778
18619, 1778
8767, 1778
18836, 1778
22101, 1778
13312, 1778
23676, 1778
10349, 1778
18095, 1778
19481, 1778
21200, 1778
22823, 1778
23470, 1778
19043, 1778
13222, 1778
21576, 1778
19633, 1778
8128, 1778
24100, 1778
17347, 1778
9414, 1778
14311, 1778
18204, 1778
18725, 1778
21356, 1778
17924, 1778
11956, 1778
23263, 1778
15815, 1778
19313, 1778
16585, 1778
11800, 1778
13984, 1778
12618, 1778
16364, 1778
21698, 1778
9071, 1778
22834, 1778
7910, 1778
11080, 1778
20459, 1778
15873, 1778
20208, 1778
8114, 1778
11868, 1778
17236, 1778
14762, 1778
11570, 1778
18116, 1778
8831, 1778
23956, 1778
18920, 1778
13836, 1778
18704, 1778
9839, 1778
18554, 1778
13570, 1778
13074, 1778
19219, 1778
17491, 1778
23527, 1778
12675, 1778
14814, 1778
19924, 1778
24278, 1778
23294, 1778
24163, 1778
20216, 1778
15468, 1778
22853, 1778
20549, 1778
23447, 1778
24323, 1778
21216, 1778
24184, 1778
9486, 1778
12342, 1778
11942, 1778
24020, 1778
17849, 1778
20458, 1778
12328, 1778
21092, 1778
15091, 1778
17243, 1778
15425, 1778
15491, 1778
13068, 1778
16069, 1778
12588, 1778
21181, 1778
23284, 1778
10048, 1778
12409, 1778
12082, 1778
20818, 1778
8929, 1778
24116, 1778
16547, 1778
11708, 1778
18643, 1778
24181, 1778
9580, 1778
17734, 1778
20074, 1778
16846, 1778
8845, 1778
16610, 1778
8429, 1778
13882, 1778
11434, 1778
24325, 1778
22847, 1778
21203, 1778
17153, 1778
14421, 1778
9533, 1778
19758, 1778
16586, 1778
17652, 1778
23702, 1778
24856, 1778
11828, 1778
19867, 1778
11528, 1778
7647, 1778
22520, 1778
15689, 1778
22052, 1778
24879, 1778
9449, 1778
23257, 1778
15519, 1778
18596, 1778
8687, 1778
16783, 1778
23930, 1778
19962, 1778
16626, 1778
12395, 1778
22284, 1778
17087, 1778
16204, 1778
13715, 1778
20384, 1778
20716, 1778
9199, 1778
15495, 1778
20703, 1778
22511, 1778
9338, 1778
20436, 1778
15009, 1778
8236, 1778
18313, 1778
15228, 1778
10802, 1778
22779, 1778
17535, 1778
10404, 1778
15738, 1778
23499, 1778
10516, 1778
15547, 1778
8753, 1778
15202, 1778
18340, 1778
10071, 1778
10684, 1778
10436, 1778
22994, 1778
15851, 1778
22219, 1778
14884, 1778
23312, 1778
15906, 1778
20168, 1778
21608, 1778
15310, 1778
8105, 1778
13052, 1778
11758, 1778
7908, 1778
21763, 1778
11538, 1778
13866, 1778
14861, 1778
19779, 1778
24546, 1778
20045, 1778
24529, 1778
18451, 1778
14000, 1778
24024, 1778
12280, 1778
17459, 1778
24289, 1778
15259, 1778
11089, 1778
10247, 1778
8534, 1778
14982, 1778
14725, 1778
9496, 1778
15326, 1778
12640, 1778
24089, 1778
7430, 1778
11786, 1778
22029, 1778
10334, 1778
24932, 1778
11939, 1778
20722, 1778
14651, 1778
10013, 1778
23466, 1778
1778, 13816
14952, 1779
1779, 9036
17288, 1780
1780, 9015
11986, 1781
1781, 10289
1781, 10050
20675, 1782
1782, 7631
1782, 15866
16925, 1783
1783, 16209
9051, 1784
1784, 23896
22686, 1785
1785, 16077
16447, 1786
1786, 12937
10133, 1787
1787, 12453
16689, 1788
1788, 17752
18035, 1789
1789, 21864
23557, 1790
15882, 1790
1790, 20147
10834, 1791
22211, 1791
12697, 1791
1791, 14664
9820, 1792
1792, 16419
13611, 1793
1793, 24957
16682, 1794
18335, 1794
17846, 1794
15513, 1794
13234, 1794
22668, 1794
1794, 21341
23559, 1795
1795, 22881
18460, 1796
16717, 1796
16394, 1796
10638, 1796
18363, 1796
20184, 1796
1796, 20901
23394, 1797
14586, 1797
1797, 10930
9442, 1798
1798, 10372
25006, 1799
1799, 21687
19114, 1800
1800, 21772
16396, 1801
1801, 17031
10252, 1802
1802, 10650
10252, 1803
1803, 16131
20672, 1804
1804, 17973
8484, 1805
1805, 9481
14434, 1806
1806, 22580
1806, 12942
10735, 1807
22584, 1807
23040, 1807
1807, 17541
11215, 1808
7492, 1808
1808, 20489
23623, 1809
1809, 18297
11186, 1810
1810, 7865
1810, 22756
20321, 1811
1811, 8328
24513, 1812
1812, 18084
12483, 1813
1813, 8057
17994, 1814
1814, 23245
21037, 1815
1815, 13259
17992, 1816
1816, 17787
13185, 1817
1817, 20975
20761, 1818
1818, 13577
18582, 1819
1819, 14026
1819, 19631
1819, 9983
1819, 10258
1819, 15071
9805, 1820
1820, 16800
11186, 1821
1821, 16408
1821, 21545
24460, 1822
1822, 24072
18036, 1823
1823, 24170
9751, 1824
1824, 23091
24960, 1825
1825, 18291
21022, 1826
1826, 13577
15654, 1827
1827, 20807
8748, 1828
1828, 20629
10584, 1829
1829, 7938
15742, 1830
1830, 20498
22471, 1831
1831, 19379
10234, 1832
1832, 12540
1832, 18699
1832, 24660
18904, 1833
1833, 24027
1833, 14147
20851, 1834
1834, 8208
24842, 1835
14786, 1835
1835, 18278
20833, 1836
1836, 22600
1836, 18230
19697, 1837
1837, 23064
16851, 1838
1838, 10810
24000, 1839
12247, 1839
1839, 18105
16704, 1840
1840, 7748
23533, 1841
1841, 16317
24436, 1842
1842, 15706
1842, 19565
8744, 1843
1843, 10395
10159, 1844
1844, 13561
1844, 15884
1844, 17795
1844, 20227
1844, 19701
1844, 9728
1844, 10824
1844, 24973
1844, 21076
1844, 10607
1844, 21423
1844, 8066
1844, 16775
1844, 19772
1844, 24199
1844, 11553
11324, 1845
1845, 14357
13366, 1846
1846, 10372
11637, 1847
1847, 22256
7638, 1848
1848, 17061
16457, 1849
1849, 13835
24574, 1850
1850, 20077
13959, 1851
1851, 7682
19907, 1852
1852, 23680
12680, 1853
1853, 24363
22012, 1854
1854, 18895
17038, 1855
1855, 9412
18968, 1856
1856, 24189
18445, 1857
1857, 16066
16992, 1858
1858, 13067
11440, 1859
1859, 19643
23386, 1860
1860, 20044
12872, 1861
19723, 1861
10300, 1861
1861, 12286
9753, 1862
8132, 1862
13709, 1862
8652, 1862
8208, 1862
7812, 1862
1862, 11653
20307, 1863
1863, 20711
24552, 1864
1864, 14041
16582, 1865
1865, 19872
15871, 1866
9525, 1866
12666, 1866
11963, 1866
21460, 1866
23169, 1866
9948, 1866
18751, 1866
19299, 1866
18963, 1866
15952, 1866
15589, 1866
20129, 1866
16127, 1866
10780, 1866
9464, 1866
9896, 1866
23021, 1866
20792, 1866
9941, 1866
8327, 1866
17707, 1866
1866, 23042
10981, 1867
1867, 23298
24434, 1868
1868, 17737
18538, 1869
1869, 14663
19275, 1870
16773, 1870
15037, 1870
1870, 13069
23417, 1871
1871, 7538
7548, 1872
1872, 24266
17872, 1873
1873, 9547
1873, 18822
1873, 24636
1873, 7599
11503, 1874
1874, 16176
17570, 1875
1875, 12758
9740, 1876
15998, 1876
7530, 1876
9969, 1876
9583, 1876
20403, 1876
24457, 1876
19859, 1876
16767, 1876
9587, 1876
9984, 1876
18136, 1876
20237, 1876
7794, 1876
15959, 1876
8272, 1876
16378, 1876
19253, 1876
8324, 1876
1876, 9862
21342, 1877
1877, 22723
19246, 1878
1878, 23334
10234, 1879
1879, 24924
11906, 1880
1880, 20345
11804, 1881
1881, 12652
15498, 1882
1882, 8926
18500, 1883
1883, 20371
10973, 1884
24990, 1884
1884, 16637
17304, 1885
1885, 24700
24368, 1886
1886, 20046
22242, 1887
1887, 10181
23732, 1888
1888, 17324
9108, 1889
1889, 9547
17383, 1890
1890, 12822
9805, 1891
1891, 10267
1891, 12574
9427, 1892
1892, 19558
1892, 22838
1892, 15922
1892, 20093
13520, 1893
1893, 9344
14943, 1894
1894, 12743
15003, 1895
1895, 11090
22615, 1896
1896, 23978
20418, 1897
1897, 23892
9962, 1898
1898, 22663
14320, 1899
1899, 22481
13565, 1900
15620, 1900
13983, 1900
1900, 10285
10858, 1901
1901, 13685
19434, 1902
1902, 10364
23785, 1903
1903, 9353
11186, 1904
1904, 20907
18582, 1905
1905, 19230
1905, 11314
1905, 21714
1905, 10720
18833, 1906
15978, 1906
18540, 1906
10922, 1906
1906, 14229
1906, 16925
7578, 1907
1907, 18552
1907, 24349
14928, 1908
21467, 1908
1908, 9758
22235, 1909
7651, 1909
1909, 15647
9623, 1910
1910, 22854
18585, 1911
1911, 20531
21373, 1912
1912, 15304
15055, 1913
13722, 1913
21688, 1913
1913, 10643
18968, 1914
1914, 21258
23359, 1915
11751, 1915
19935, 1915
22760, 1915
18883, 1915
8151, 1915
9843, 1915
11919, 1915
11133, 1915
8367, 1915
1915, 9548
8450, 1916
1916, 17452
18582, 1917
1917, 16121
1917, 8626
1917, 15362
1917, 14500
13257, 1918
1918, 15866
19893, 1919
1919, 24962
1919, 9287
1919, 16100
1919, 21848
1919, 13881
1919, 10063
1919, 11893
22894, 1920
1920, 14558
8387, 1921
13598, 1921
1921, 20590
22324, 1922
1922, 14296
8216, 1923
1923, 22465
1923, 11510
1923, 19764
1923, 15988
1923, 19353
13467, 1924
12982, 1924
22200, 1924
17710, 1924
13939, 1924
13173, 1924
1924, 12368
10648, 1925
23288, 1925
1925, 19501
19546, 1926
1926, 15442
8541, 1927
1927, 14395
24814, 1928
1928, 14688
8758, 1929
12647, 1929
1929, 19083
16651, 1930
8711, 1930
22110, 1930
1930, 20015
12333, 1931
1931, 13460
21492, 1932
1932, 12822
12876, 1933
14731, 1933
7656, 1933
11431, 1933
1933, 20958
18671, 1934
1934, 23088
1934, 11873
15231, 1935
1935, 21713
16700, 1936
1936, 23611
7944, 1937
1937, 11608
21740, 1938
1938, 23088
1938, 19439
17420, 1939
1939, 24910
1939, 21279
1939, 24129
23179, 1940
1940, 9969
9859, 1941
1941, 19564
12557, 1942
1942, 18291
21672, 1943
17813, 1943
8103, 1943
17217, 1943
12362, 1943
20791, 1943
16943, 1943
17677, 1943
23236, 1943
19233, 1943
1943, 19426
16539, 1944
1944, 14519
21293, 1945
1945, 8686
1945, 15095
19374, 1946
1946, 9027
24786, 1947
1947, 9024
23612, 1948
1948, 9504
13337, 1949
15148, 1949
1949, 13989
13140, 1950
1950, 12902
8029, 1951
10257, 1951
23344, 1951
11179, 1951
1951, 10330
16385, 1952
1952, 12076
22796, 1953
1953, 9655
12705, 1954
11479, 1954
1954, 21723
23948, 1955
21115, 1955
10994, 1955
1955, 13929
18397, 1956
16057, 1956
1956, 9515
10743, 1957
1957, 12120
22896, 1958
1958, 18419
24381, 1959
1959, 13063
1959, 10634
8389, 1960
1960, 13514
12418, 1961
1961, 21995
18887, 1962
1962, 9810
18192, 1963
1963, 18786
23270, 1964
18277, 1964
1964, 9381
17403, 1965
1965, 10289
11246, 1966
1966, 24399
17692, 1967
1967, 13121
8375, 1968
1968, 23259
10626, 1969
22564, 1969
8691, 1969
1969, 12244
24113, 1970
8910, 1970
17882, 1970
1970, 18540
9402, 1971
1971, 18971
24343, 1972
1972, 8691
20510, 1973
1973, 21083
14886, 1974
1974, 16045
16925, 1975
1975, 10379
15219, 1976
1976, 23775
11929, 1977
1977, 10793
24981, 1978
18089, 1978
16410, 1978
8304, 1978
9294, 1978
20051, 1978
21570, 1978
17541, 1978
11079, 1978
16010, 1978
18309, 1978
18188, 1978
15835, 1978
8334, 1978
9221, 1978
7964, 1978
16250, 1978
15094, 1978
8057, 1978
14988, 1978
24308, 1978
11656, 1978
10388, 1978
16568, 1978
11046, 1978
18315, 1978
23487, 1978
8455, 1978
14984, 1978
21522, 1978
19587, 1978
8102, 1978
20284, 1978
16192, 1978
16001, 1978
11382, 1978
15923, 1978
18459, 1978
13010, 1978
11224, 1978
10712, 1978
14908, 1978
21837, 1978
9732, 1978
10910, 1978
14290, 1978
21275, 1978
16695, 1978
13799, 1978
10379, 1978
16578, 1978
17385, 1978
8976, 1978
16873, 1978
8354, 1978
17207, 1978
24926, 1978
24256, 1978
9220, 1978
8491, 1978
14265, 1978
21815, 1978
9325, 1978
20578, 1978
17827, 1978
12567, 1978
12995, 1978
17282, 1978
20677, 1978
8634, 1978
7851, 1978
16323, 1978
10810, 1978
15026, 1978
19062, 1978
16289, 1978
11920, 1978
22255, 1978
23760, 1978
13776, 1978
22580, 1978
17487, 1978
21307, 1978
18280, 1978
21318, 1978
7484, 1978
7733, 1978
21738, 1978
7943, 1978
12224, 1978
15165, 1978
21007, 1978
11591, 1978
12717, 1978
15125, 1978
13418, 1978
9182, 1978
19156, 1978
13104, 1978
7948, 1978
12929, 1978
20400, 1978
17102, 1978
23079, 1978
22764, 1978
13073, 1978
17804, 1978
24272, 1978
13175, 1978
13124, 1978
13514, 1978
22938, 1978
24806, 1978
15250, 1978
14852, 1978
9381, 1978
15770, 1978
17048, 1978
21374, 1978
9863, 1978
12942, 1978
7456, 1978
24734, 1978
14361, 1978
16226, 1978
19551, 1978
21512, 1978
7538, 1978
12019, 1978
16707, 1978
13524, 1978
10302, 1978
24791, 1978
21941, 1978
14386, 1978
12743, 1978
8153, 1978
14419, 1978
16952, 1978
18701, 1978
22265, 1978
15979, 1978
7863, 1978
12296, 1978
14828, 1978
14552, 1978
23308, 1978
22451, 1978
23904, 1978
18900, 1978
17086, 1978
8329, 1978
11351, 1978
14111, 1978
17810, 1978
16606, 1978
24445, 1978
10231, 1978
23164, 1978
13105, 1978
9506, 1978
21654, 1978
10777, 1978
18741, 1978
8498, 1978
23134, 1978
10685, 1978
24642, 1978
22387, 1978
13600, 1978
19220, 1978
9477, 1978
15328, 1978
13464, 1978
23223, 1978
23705, 1978
12338, 1978
12973, 1978
10510, 1978
18994, 1978
12577, 1978
10269, 1978
13057, 1978
11442, 1978
18588, 1978
22396, 1978
8848, 1978
9694, 1978
9104, 1978
16092, 1978
12157, 1978
21784, 1978
20451, 1978
16750, 1978
17399, 1978
14036, 1978
10012, 1978
1978, 18473
12076, 1979
24444, 1979
13619, 1979
7599, 1979
1979, 20494
10234, 1980
1980, 9743
1980, 16105
1980, 13686
1980, 12040
1980, 18944
9805, 1981
1981, 9583
14291, 1982
1982, 9219
24815, 1983
1983, 18574
24059, 1984
1984, 19157
18968, 1985
1985, 7456
20326, 1986
16753, 1986
24315, 1986
9261, 1986
22730, 1986
1986, 23561
19737, 1987
1987, 17920
10975, 1988
1988, 13006
24955, 1989
1989, 10064
22710, 1990
1990, 17504
24389, 1991
1991, 16125
13066, 1992
1992, 23793
8279, 1993
1993, 12582
10133, 1994
1994, 9936
16934, 1995
1995, 8142
17419, 1996
1996, 9626
8727, 1997
1997, 24037
18425, 1998
1998, 13762
21914, 1999
1999, 21584
24086, 2000
2000, 8466
22339, 2001
2001, 22482
2001, 12613
22674, 2002
2002, 8886
12530, 2003
24399, 2003
21361, 2003
15281, 2003
19485, 2003
10299, 2003
10157, 2003
11448, 2003
15432, 2003
13649, 2003
10261, 2003
20231, 2003
19181, 2003
13059, 2003
19111, 2003
23765, 2003
9093, 2003
14616, 2003
12891, 2003
22231, 2003
23475, 2003
13315, 2003
18600, 2003
24377, 2003
16183, 2003
13577, 2003
14792, 2003
18564, 2003
11018, 2003
23232, 2003
17598, 2003
16131, 2003
10181, 2003
15473, 2003
22791, 2003
12139, 2003
12229, 2003
17460, 2003
7618, 2003
20266, 2003
14119, 2003
24422, 2003
19636, 2003
20909, 2003
14431, 2003
19871, 2003
18465, 2003
18941, 2003
20533, 2003
15911, 2003
9871, 2003
20347, 2003
16217, 2003
20015, 2003
24554, 2003
11346, 2003
16562, 2003
7547, 2003
13744, 2003
8408, 2003
9743, 2003
18471, 2003
11999, 2003
14271, 2003
13652, 2003
9788, 2003
9207, 2003
16576, 2003
16406, 2003
13925, 2003
12435, 2003
15982, 2003
10410, 2003
7865, 2003
16337, 2003
18570, 2003
13369, 2003
14548, 2003
9621, 2003
21314, 2003
9499, 2003
10655, 2003
11915, 2003
15316, 2003
15580, 2003
8543, 2003
18662, 2003
13762, 2003
16096, 2003
19966, 2003
14625, 2003
22027, 2003
17043, 2003
16860, 2003
23439, 2003
10656, 2003
17989, 2003
12970, 2003
10940, 2003
22629, 2003
20934, 2003
18540, 2003
22184, 2003
18002, 2003
14900, 2003
7764, 2003
19643, 2003
9046, 2003
22123, 2003
20423, 2003
16125, 2003
17336, 2003
7657, 2003
13165, 2003
7631, 2003
19042, 2003
9954, 2003
11826, 2003
15201, 2003
14150, 2003
13246, 2003
20395, 2003
17678, 2003
12785, 2003
11880, 2003
18786, 2003
17657, 2003
14263, 2003
14790, 2003
15909, 2003
19202, 2003
18141, 2003
12254, 2003
20725, 2003
9556, 2003
8041, 2003
24462, 2003
24912, 2003
19214, 2003
22810, 2003
23826, 2003
11455, 2003
8898, 2003
16097, 2003
12143, 2003
9022, 2003
8688, 2003
8872, 2003
11144, 2003
7780, 2003
20067, 2003
9564, 2003
22503, 2003
23794, 2003
21226, 2003
12059, 2003
10798, 2003
11773, 2003
24001, 2003
22652, 2003
17227, 2003
9369, 2003
20071, 2003
19032, 2003
9726, 2003
17870, 2003
11670, 2003
18079, 2003
18787, 2003
2003, 7659
2003, 16925
11763, 2004
2004, 10809
14117, 2005
2005, 11946
12375, 2006
2006, 11526
15731, 2007
2007, 23978
9091, 2008
2008, 24399
2008, 18033
21719, 2009
2009, 17274
14009, 2010
2010, 9046
12121, 2011
2011, 8778
21921, 2012
2012, 12822
10252, 2013
2013, 20169
13944, 2014
2014, 9597
15022, 2015
2015, 23602
19911, 2016
2016, 13362
10133, 2017
2017, 18157
11861, 2018
2018, 7938
13553, 2019
2019, 23317
10895, 2020
2020, 19087
10252, 2021
2021, 16131
8911, 2022
2022, 21687
24221, 2023
2023, 18437
23354, 2024
2024, 13651
17420, 2025
2025, 8195
13011, 2026
23623, 2026
2026, 22783
8769, 2027
2027, 15222
22203, 2028
2028, 8057
18318, 2029
21687, 2029
2029, 10676
22065, 2030
2030, 12179
22088, 2031
17198, 2031
8832, 2031
2031, 19467
22086, 2032
2032, 18394
11186, 2033
2033, 21725
15283, 2034
2034, 17669
8520, 2035
16368, 2035
2035, 8148
22287, 2036
2036, 18999
14178, 2037
2037, 8781
9142, 2038
2038, 10243
22233, 2039
2039, 23428
9985, 2040
2040, 9024
18863, 2041
2041, 23035
12557, 2042
2042, 18291
16925, 2043
2043, 17103
21110, 2044
19754, 2044
2044, 20478
21765, 2045
2045, 12822
17060, 2046
2046, 8992
11906, 2047
2047, 10855
14758, 2048
2048, 24958
24107, 2049
2049, 8098
11363, 2050
2050, 18415
18163, 2051
2051, 16592
8401, 2052
16897, 2052
24954, 2052
2052, 10012
10505, 2053
2053, 21215
2053, 18141
2053, 13437
2053, 10277
8607, 2054
17570, 2054
2054, 20429
7989, 2055
2055, 16155
18513, 2056
2056, 9150
11955, 2057
2057, 14148
15231, 2058
2058, 21713
23798, 2059
2059, 11909
24048, 2060
2060, 10952
2060, 22170
10152, 2061
2061, 20558
2061, 15203
2061, 23486
2061, 17268
2061, 7878
2061, 21655
2061, 17140
2061, 21230
2061, 19152
2061, 8342
2061, 12565
2061, 13834
2061, 11352
2061, 19286
2061, 13385
2061, 17704
2061, 23196
2061, 10641
2061, 11299
2061, 16061
2061, 17402
2061, 19010
2061, 11548
2061, 10419
2061, 14468
2061, 24077
2061, 15533
2061, 18017
2061, 21797
2061, 9795
2061, 21947
2061, 8551
2061, 24590
2061, 9761
2061, 17028
2061, 17145
2061, 19127
2061, 21148
2061, 23619
2061, 15257
2061, 17851
2061, 14188
2061, 22605
2061, 21080
2061, 13255
2061, 24750
2061, 18275
2061, 24453
18644, 2062
2062, 7893
10461, 2063
2063, 16406
12790, 2064
2064, 15521
13871, 2065
2065, 19342
14117, 2066
2066, 10569
24049, 2067
2067, 24044
17355, 2068
2068, 24178
14993, 2069
2069, 20547
7707, 2070
2070, 12995
19865, 2071
2071, 17340
14033, 2072
2072, 21201
2072, 20699
11131, 2073
2073, 19039
14012, 2074
2074, 10811
7752, 2075
2075, 17207
16780, 2076
2076, 19198
15972, 2077
7497, 2077
2077, 19799
10234, 2078
2078, 18714
17570, 2079
2079, 20001
9391, 2080
2080, 24038
12526, 2081
13795, 2081
20826, 2081
20958, 2081
18893, 2081
19331, 2081
8208, 2081
13475, 2081
23803, 2081
2081, 8694
7826, 2082
2082, 13464
21786, 2083
2083, 15066
22011, 2084
12370, 2084
2084, 23881
16193, 2085
2085, 10262
19357, 2086
2086, 18004
21461, 2087
2087, 9926
19893, 2088
2088, 11292
11386, 2089
2089, 10647
20603, 2090
2090, 21701
2090, 18790
2090, 22197
12445, 2091
2091, 9183
15506, 2092
2092, 15845
8582, 2093
2093, 23038
10363, 2094
2094, 18498
23583, 2095
2095, 18167
10139, 2096
8712, 2096
2096, 15317
18904, 2097
23076, 2097
19893, 2097
2097, 8068
8986, 2098
2098, 10447
22079, 2099
2099, 17541
10619, 2100
21727, 2100
2100, 12463
21628, 2101
2101, 12822
18683, 2102
20710, 2102
11200, 2102
13763, 2102
8972, 2102
12533, 2102
17714, 2102
18661, 2102
19475, 2102
13020, 2102
21220, 2102
17808, 2102
8157, 2102
24823, 2102
13278, 2102
23593, 2102
24291, 2102
2102, 10317
9759, 2103
11404, 2103
2103, 13258
17424, 2104
2104, 11812
9200, 2105
2105, 18410
2105, 20652
18968, 2106
2106, 21734
15423, 2107
2107, 10604
17095, 2108
2108, 11215
7521, 2109
22073, 2109
2109, 7433
9494, 2110
8475, 2110
2110, 14842
11334, 2111
21687, 2111
2111, 20996
11943, 2112
2112, 11244
2112, 22207
2112, 8237
2112, 19373
2112, 22237
2112, 13746
2112, 13483
2112, 20597
2112, 20515
2112, 16291
2112, 11139
2112, 15694
2112, 8315
21989, 2113
14095, 2113
10433, 2113
2113, 24444
2113, 9568
2113, 22881
13587, 2114
19312, 2114
2114, 17974
13577, 2115
12451, 2115
14523, 2115
24515, 2115
12646, 2115
2115, 16925
2115, 10769
12836, 2116
2116, 8176
23594, 2117
2117, 16719
16434, 2118
22664, 2118
2118, 11277
7700, 2119
2119, 16370
2119, 11801
22077, 2120
2120, 22165
2120, 21189
20625, 2121
2121, 21906
19538, 2122
2122, 23677
21057, 2123
2123, 13877
16925, 2124
2124, 11073
16253, 2125
2125, 21647
12039, 2126
11772, 2126
2126, 9524
11127, 2127
2127, 23775
18506, 2128
9924, 2128
2128, 8403
21287, 2129
18499, 2129
19243, 2129
2129, 9207
16925, 2130
2130, 20122
24331, 2131
2131, 14602
20769, 2132
14108, 2132
21701, 2132
16600, 2132
21481, 2132
12863, 2132
23174, 2132
9599, 2132
11343, 2132
12613, 2132
16909, 2132
8691, 2132
2132, 18785
14310, 2133
2133, 20949
22449, 2134
10521, 2134
10916, 2134
12721, 2134
2134, 10805
21742, 2135
2135, 21701
21635, 2136
2136, 11168
10133, 2137
2137, 9936
11669, 2138
2138, 19816
2138, 18362
14272, 2139
2139, 24598
24880, 2140
2140, 11455
17358, 2141
22499, 2141
20500, 2141
2141, 14465
10152, 2142
2142, 18709
2142, 23836
2142, 17393
2142, 7931
2142, 12945
2142, 8643
2142, 19755
2142, 7447
2142, 21560
2142, 13099
2142, 7744
2142, 7751
2142, 13379
2142, 10891
2142, 12000
2142, 20268
2142, 20152
2142, 10751
2142, 18186
2142, 16473
2142, 22148
2142, 20875
2142, 8750
2142, 9233
2142, 7879
2142, 12990
2142, 15349
2142, 24605
2142, 8885
2142, 18413
2142, 21689
2142, 13985
2142, 22022
2142, 7797
2142, 10476
2142, 13221
2142, 21441
2142, 20078
2142, 15446
2142, 12299
2142, 15581
2142, 11452
2142, 23264
2142, 20409
2142, 17108
2142, 18374
2142, 10527
2142, 20413
2142, 20930
2142, 24488
2142, 13281
2142, 20063
2142, 24440
2142, 22516
2142, 9067
2142, 19507
2142, 23173
2142, 8893
24371, 2143
19823, 2143
11012, 2143
2143, 14700
23406, 2144
2144, 9810
2144, 24015
22213, 2145
2145, 22289
18642, 2146
2146, 16080
23363, 2147
2147, 21308
19440, 2148
16880, 2148
14570, 2148
8991, 2148
13076, 2148
10949, 2148
2148, 13682
10218, 2149
2149, 23898
19746, 2150
2150, 16331
9174, 2151
2151, 17320
8431, 2152
2152, 19053
2152, 16678
13902, 2153
2153, 16694
10226, 2154
2154, 11220
9805, 2155
2155, 10089
16840, 2156
2156, 12054
7862, 2157
2157, 24399
23714, 2158
2158, 12822
21019, 2159
2159, 12066
13967, 2160
2160, 10392
9113, 2161
20986, 2161
2161, 17377
8387, 2162
2162, 16904
16925, 2163
2163, 10259
24434, 2164
2164, 20224
14413, 2165
2165, 23365
19717, 2166
2166, 10630
19020, 2167
2167, 21168
13035, 2168
2168, 24915
8903, 2169
2169, 10944
18327, 2170
2170, 15566
16925, 2171
2171, 14211
13000, 2172
2172, 15398
12635, 2173
2173, 19071
7573, 2174
2174, 23459
10252, 2175
2175, 17870
12502, 2176
2176, 11419
2176, 8208
9336, 2177
2177, 9881
19811, 2178
12796, 2178
2178, 7703
16479, 2179
2179, 14314
2179, 19074
2179, 12814
2179, 8225
2179, 20721
2179, 14227
2179, 23535
2179, 16271
2179, 17687
2179, 24267
2179, 20244
2179, 11945
12068, 2180
2180, 17094
7681, 2181
2181, 24168
17889, 2182
2182, 17802
10133, 2183
2183, 23973
23828, 2184
2184, 10294
2184, 10045
14094, 2185
2185, 9335
16925, 2186
2186, 13259
11754, 2187
2187, 17499
19677, 2188
2188, 14472
12790, 2189
2189, 15521
9495, 2190
2190, 8557
20470, 2191
2191, 24519
2191, 14520
19435, 2192
2192, 9077
23893, 2193
2193, 17048
10503, 2194
2194, 21098
10887, 2195
24556, 2195
24490, 2195
2195, 22619
24016, 2196
2196, 12366
21606, 2197
2197, 12897
21438, 2198
2198, 17794
14869, 2199
2199, 19576
16756, 2200
2200, 13506
17630, 2201
2201, 13589
21749, 2202
2202, 13671
16844, 2203
18647, 2203
24281, 2203
15080, 2203
23269, 2203
8881, 2203
2203, 12804
10709, 2204
2204, 9722
19207, 2205
2205, 12585
21057, 2206
2206, 15605
12931, 2207
13638, 2207
2207, 9125
12773, 2208
2208, 12738
14212, 2209
23614, 2209
10993, 2209
2209, 10395
2209, 12260
11527, 2210
9001, 2210
10506, 2210
17395, 2210
24386, 2210
2210, 15042
16925, 2211
2211, 14031
24995, 2212
2212, 23882
18582, 2213
2213, 12256
16792, 2214
2214, 18471
17831, 2215
7669, 2215
2215, 18488
2215, 14130
2215, 9620
2215, 16162
2215, 18464
2215, 18497
2215, 14504
2215, 23542
2215, 7842
2215, 24757
2215, 11820
2215, 7623
2215, 22957
2215, 14889
2215, 7591
2215, 22246
2215, 11034
2215, 13021
9144, 2216
2216, 9702
24242, 2217
2217, 14547
22988, 2218
2218, 8757
15539, 2219
2219, 19275
16925, 2220
2220, 21889
19330, 2221
14176, 2221
2221, 13762
19761, 2222
2222, 19612
22455, 2223
2223, 10092
14316, 2224
2224, 18362
16925, 2225
2225, 13701
24687, 2226
2226, 19691
17040, 2227
2227, 15234
18904, 2228
2228, 17631
2228, 17612
2228, 9018
2228, 11502
14268, 2229
2229, 16487
20826, 2230
17752, 2230
11323, 2230
2230, 17767
11186, 2231
2231, 24801
2231, 14644
2231, 19915
23076, 2232
2232, 10628
2232, 8839
2232, 16642
2232, 15305
17873, 2233
2233, 12685
19374, 2234
2234, 21099
16220, 2235
18610, 2235
9366, 2235
10804, 2235
13596, 2235
15389, 2235
10658, 2235
23731, 2235
2235, 12224
18549, 2236
2236, 16153
10996, 2237
2237, 23665
10238, 2238
2238, 11455
2238, 7780
2238, 21898
16756, 2239
2239, 16341
16244, 2240
2240, 18498
13756, 2241
2241, 19607
23285, 2242
2242, 20232
20826, 2243
18522, 2243
14211, 2243
15758, 2243
8652, 2243
14664, 2243
2243, 13215
17169, 2244
2244, 13788
15441, 2245
2245, 24685
11906, 2246
2246, 20863
15822, 2247
2247, 19100
14400, 2248
23642, 2248
2248, 18915
13944, 2249
2249, 8606
2249, 9453
2249, 9931
16925, 2250
2250, 15642
23022, 2251
2251, 18681
16417, 2252
14677, 2252
20766, 2252
10474, 2252
2252, 18654
12805, 2253
9259, 2253
11159, 2253
19860, 2253
19272, 2253
13975, 2253
2253, 11348
18549, 2254
2254, 23949
23200, 2255
2255, 11343
16316, 2256
2256, 21886
16925, 2257
2257, 23192
17537, 2258
2258, 22644
9116, 2259
2259, 12552
23708, 2260
2260, 21100
17197, 2261
2261, 18728
24099, 2262
2262, 22740
18283, 2263
2263, 18355
15986, 2264
2264, 23705
12052, 2265
2265, 13216
14435, 2266
15648, 2266
2266, 16298
18952, 2267
2267, 20283
18015, 2268
2268, 17499
10252, 2269
2269, 10650
15139, 2270
13334, 2270
15601, 2270
22773, 2270
8184, 2270
20018, 2270
17673, 2270
20100, 2270
2270, 7994
16308, 2271
2271, 9967
9805, 2272
2272, 24618
18823, 2273
2273, 12196
15984, 2274
2274, 11960
20884, 2275
2275, 21284
20584, 2276
2276, 11110
21109, 2277
2277, 17591
13217, 2278
2278, 12922
13461, 2279
2279, 17529
14354, 2280
2280, 20135
2280, 7731
21116, 2281
2281, 13010
11906, 2282
2282, 9037
10743, 2283
2283, 12120
17728, 2284
14659, 2284
2284, 19181
11186, 2285
2285, 23843
2285, 20222
2285, 13193
10348, 2286
8668, 2286
2286, 7474
2286, 10640
16385, 2287
2287, 12076
17060, 2288
2288, 8992
20446, 2289
2289, 9344
2289, 13165
2289, 11101
2289, 12259
2289, 22463
2289, 17253
2289, 9137
2289, 14107
2289, 8940
2289, 17943
2289, 16195
14756, 2290
20176, 2290
2290, 16488
10303, 2291
9919, 2291
2291, 12822
12459, 2292
2292, 21955
2292, 19959
8021, 2293
2293, 9702
18066, 2294
2294, 8245
19801, 2295
2295, 9408
20147, 2296
8338, 2296
13048, 2296
22663, 2296
18540, 2296
19643, 2296
10744, 2296
13937, 2296
2296, 16925
2296, 23946
14038, 2297
13936, 2297
2297, 22456
9993, 2298
2298, 11565
20735, 2299
15833, 2299
14662, 2299
2299, 12973
22644, 2300
9854, 2300
2300, 17222
19105, 2301
2301, 22575
15050, 2302
2302, 12220
10989, 2303
8223, 2303
2303, 13588
25005, 2304
2304, 15481
20139, 2305
9856, 2305
16563, 2305
2305, 24058
14023, 2306
2306, 7559
18972, 2307
2307, 24399
18549, 2308
2308, 12536
8484, 2309
2309, 9481
15817, 2310
2310, 17328
24907, 2311
2311, 13977
2311, 10972
2311, 20788
23773, 2312
10264, 2312
24524, 2312
19328, 2312
11860, 2312
9507, 2312
14048, 2312
2312, 8297
21708, 2313
18208, 2313
21041, 2313
9895, 2313
17547, 2313
14599, 2313
10378, 2313
2313, 23991
17586, 2314
8510, 2314
2314, 14340
23138, 2315
2315, 8569
23298, 2316
16326, 2316
14664, 2316
2316, 20851
10499, 2317
2317, 17803
9395, 2318
2318, 17088
15052, 2319
2319, 23690
16756, 2320
2320, 14491
8387, 2321
2321, 18687
12638, 2322
2322, 23954
20286, 2323
2323, 15165
9290, 2324
22521, 2324
15577, 2324
21486, 2324
15678, 2324
13659, 2324
2324, 17541
16925, 2325
2325, 12287
24409, 2326
9143, 2326
2326, 12139
20592, 2327
2327, 10609
12444, 2328
2328, 17262
9628, 2329
2329, 9819
16657, 2330
2330, 20533
11023, 2331
2331, 10184
8394, 2332
2332, 21027
19167, 2333
2333, 9990
14596, 2334
22513, 2334
11783, 2334
21140, 2334
11717, 2334
2334, 14409
8040, 2335
2335, 8434
11186, 2336
2336, 21675
14116, 2337
2337, 13369
9872, 2338
2338, 24837
17420, 2339
2339, 19649
2339, 22407
2339, 17443
17501, 2340
2340, 24349
2340, 7682
9434, 2341
2341, 24235
2341, 9759
2341, 17061
13075, 2342
2342, 17802
15145, 2343
2343, 13446
22156, 2344
2344, 14909
16925, 2345
2345, 19331
10327, 2346
2346, 11241
18968, 2347
2347, 21141
19732, 2348
2348, 11220
24795, 2349
2349, 8022
18071, 2350
2350, 18159
24399, 2351
11625, 2351
12063, 2351
11448, 2351
14638, 2351
14616, 2351
18159, 2351
8230, 2351
20169, 2351
24021, 2351
13577, 2351
9716, 2351
22431, 2351
18488, 2351
20760, 2351
13651, 2351
19545, 2351
9461, 2351
23459, 2351
22342, 2351
20909, 2351
22338, 2351
19583, 2351
18794, 2351
17189, 2351
17061, 2351
21908, 2351
14130, 2351
13762, 2351
8225, 2351
10240, 2351
20629, 2351
15845, 2351
21864, 2351
13929, 2351
19643, 2351
9046, 2351
10281, 2351
19917, 2351
18694, 2351
17678, 2351
11880, 2351
20714, 2351
17357, 2351
19373, 2351
7780, 2351
17870, 2351
10583, 2351
21497, 2351
22440, 2351
2351, 10932
2351, 16925
18070, 2352
15129, 2352
22108, 2352
2352, 12210
14338, 2353
23642, 2353
2353, 16009
14332, 2354
2354, 20013
13811, 2355
2355, 18900
9231, 2356
2356, 20331
7895, 2357
2357, 7497
12975, 2358
2358, 24502
9971, 2359
2359, 15613
7579, 2360
8123, 2360
20680, 2360
12403, 2360
2360, 22675
2360, 18540
24745, 2361
2361, 15979
21626, 2362
2362, 24905
16617, 2363
2363, 16759
19727, 2364
2364, 22490
16529, 2365
18272, 2365
2365, 15109
23623, 2366
2366, 10871
15200, 2367
2367, 14046
22167, 2368
2368, 13240
21728, 2369
2369, 24878
10252, 2370
2370, 11822
20683, 2371
2371, 9676
24464, 2372
2372, 8399
9820, 2373
2373, 24981
13360, 2374
2374, 21755
17495, 2375
2375, 24592
11480, 2376
2376, 17099
12251, 2377
2377, 14682
2377, 16789
2377, 12720
22484, 2378
2378, 13176
7956, 2379
2379, 17708
2379, 10899
19468, 2380
2380, 20702
24766, 2381
2381, 24754
24233, 2382
2382, 16421
16597, 2383
2383, 9252
21317, 2384
2384, 15857
11809, 2385
2385, 21570
22906, 2386
13946, 2386
16439, 2386
2386, 24952
2386, 24352
2386, 22299
2386, 20061
2386, 13699
2386, 18244
2386, 23226
2386, 14495
2386, 10150
2386, 14637
2386, 10734
2386, 24735
2386, 14847
2386, 17063
2386, 14369
2386, 13616
2386, 10083
2386, 24563
17082, 2387
2387, 17214
11898, 2388
2388, 21772
10372, 2389
15733, 2389
2389, 22555
9820, 2390
2390, 24981
8279, 2391
2391, 18506
21803, 2392
2392, 11716
17070, 2393
2393, 15152
23944, 2394
2394, 22754
2394, 17848
2394, 18349
16634, 2395
10538, 2395
2395, 19260
19392, 2396
2396, 16597
23569, 2397
15213, 2397
17874, 2397
16060, 2397
9665, 2397
2397, 9809
20181, 2398
2398, 19194
24647, 2399
2399, 14395
10252, 2400
2400, 16131
19801, 2401
2401, 22642
19011, 2402
18182, 2402
20719, 2402
10561, 2402
2402, 24104
13299, 2403
2403, 11455
8650, 2404
2404, 24287
2404, 16899
8335, 2405
2405, 22663
24406, 2406
2406, 15225
24672, 2407
2407, 23035
11256, 2408
2408, 17499
13474, 2409
2409, 20051
16234, 2410
2410, 16285
23296, 2411
2411, 23705
8084, 2412
2412, 21263
10234, 2413
2413, 23266
12207, 2414
2414, 10185
10580, 2415
2415, 23207
18847, 2416
2416, 7927
17259, 2417
2417, 15473
13859, 2418
2418, 18540
8173, 2419
2419, 24944
11236, 2420
12693, 2420
9778, 2420
20940, 2420
10230, 2420
2420, 13449
7709, 2421
2421, 15002
18904, 2422
2422, 9146
2422, 10937
2422, 17990
2422, 24651
2422, 20004
2422, 11658
17420, 2423
2423, 7902
2423, 13219
2423, 8477
8377, 2424
2424, 11964
22053, 2425
12076, 2425
15543, 2425
2425, 11785
15685, 2426
2426, 8448
2426, 8073
18968, 2427
2427, 12968
22575, 2428
24712, 2428
2428, 14565
8607, 2429
2429, 17711
8001, 2430
2430, 21174
23394, 2431
8794, 2431
21304, 2431
15354, 2431
2431, 23252
10421, 2432
17854, 2432
2432, 21741
16925, 2433
2433, 16844
20979, 2434
24342, 2434
2434, 8024
22380, 2435
2435, 7731
24851, 2436
22215, 2436
2436, 21864
24520, 2437
2437, 16667
16925, 2438
2438, 21730
20583, 2439
2439, 10861
22328, 2440
2440, 13077
16792, 2441
2441, 17976
14705, 2442
2442, 22764
24022, 2443
2443, 23654
23667, 2444
2444, 12822
10649, 2445
2445, 16289
7477, 2446
2446, 17061
10540, 2447
2447, 16917
18676, 2448
2448, 15288
7927, 2449
12822, 2449
22138, 2449
16358, 2449
15637, 2449
16022, 2449
8996, 2449
23672, 2449
15971, 2449
19707, 2449
19347, 2449
2449, 9862
13383, 2450
2450, 10772
19505, 2451
2451, 18613
2451, 22600
10152, 2452
2452, 17926
2452, 21942
2452, 10672
12701, 2453
2453, 22185
21170, 2454
2454, 11793
7939, 2455
2455, 22184
11789, 2456
2456, 18572
24198, 2457
2457, 14577
18093, 2458
2458, 19521
11857, 2459
2459, 15484
20220, 2460
2460, 17945
21626, 2461
2461, 7807
9805, 2462
2462, 24924
2462, 11660
15777, 2463
2463, 23643
22259, 2464
2464, 23156
20010, 2465
2465, 15858
18658, 2466
2466, 15201
23315, 2467
19738, 2467
2467, 17405
24300, 2468
2468, 20562
16925, 2469
2469, 21730
18582, 2470
2470, 19230
2470, 21649
2470, 15632
2470, 17864
17602, 2471
2471, 14060
2471, 13156
2471, 13417
2471, 21417
14286, 2472
2472, 16475
14352, 2473
2473, 15092
12072, 2474
2474, 8747
16792, 2475
2475, 18471
10252, 2476
2476, 15307
14411, 2477
2477, 8618
19801, 2478
2478, 15459
7635, 2479
2479, 15460
21697, 2480
2480, 19580
2480, 21701
19801, 2481
2481, 14183
7802, 2482
2482, 17272
11886, 2483
13016, 2483
2483, 14586
13916, 2484
2484, 12349
2484, 19148
2484, 10126
19743, 2485
2485, 12200
2485, 12802
10560, 2486
2486, 19101
14291, 2487
2487, 10294
13944, 2488
2488, 19768
23557, 2489
2489, 20147
11275, 2490
2490, 11110
17240, 2491
2491, 12208
20674, 2492
2492, 12143
12799, 2493
2493, 12957
20115, 2494
2494, 13920
11835, 2495
2495, 17127
10255, 2496
2496, 16444
12068, 2497
2497, 14616
17420, 2498
2498, 22964
2498, 11240
2498, 15755
18817, 2499
2499, 17775
10252, 2500
2500, 11822
15644, 2501
2501, 15989
24419, 2502
2502, 17876
2502, 20978
17342, 2503
2503, 10692
15530, 2504
2504, 7795
18013, 2505
2505, 23019
8008, 2506
2506, 8681
11138, 2507
2507, 24349
17157, 2508
2508, 12822
18904, 2509
2509, 14239
2509, 24548
10252, 2510
2510, 10281
9416, 2511
2511, 16555
8407, 2512
2512, 18034
2512, 20629
16792, 2513
2513, 19554
15441, 2514
2514, 14875
24133, 2515
2515, 14397
9937, 2516
12284, 2516
11221, 2516
20197, 2516
2516, 10186
16349, 2517
2517, 20856
23076, 2518
2518, 10381
20534, 2519
2519, 17061
10252, 2520
2520, 16131
8824, 2521
2521, 13884
20660, 2522
17341, 2522
2522, 12617
20683, 2523
10792, 2523
20463, 2523
15176, 2523
2523, 18231
22949, 2524
2524, 19829
8484, 2525
2525, 9481
13462, 2526
2526, 21437
19952, 2527
2527, 22141
15750, 2528
2528, 16183
10252, 2529
2529, 18694
19075, 2530
2530, 22085
24436, 2531
2531, 20445
10997, 2532
2532, 12007
9024, 2533
24754, 2533
13123, 2533
13955, 2533
21687, 2533
2533, 19748
21648, 2534
10741, 2534
18160, 2534
2534, 12989
15296, 2535
2535, 15878
12547, 2536
2536, 14163
8582, 2537
2537, 19455
9431, 2538
2538, 20699
2538, 7449
11468, 2539
18129, 2539
18061, 2539
14822, 2539
16808, 2539
13285, 2539
24938, 2539
16587, 2539
22609, 2539
22385, 2539
24776, 2539
18390, 2539
14209, 2539
14086, 2539
14580, 2539
23843, 2539
12322, 2539
23754, 2539
23636, 2539
21078, 2539
19610, 2539
15435, 2539
8434, 2539
20222, 2539
14883, 2539
14583, 2539
13538, 2539
21543, 2539
13154, 2539
16026, 2539
15593, 2539
12576, 2539
23222, 2539
17616, 2539
20186, 2539
10373, 2539
21223, 2539
22127, 2539
2539, 12804
10234, 2540
2540, 19489
2540, 7837
14741, 2541
2541, 16183
22527, 2542
2542, 9840
20630, 2543
2543, 22390
9152, 2544
2544, 19628
12592, 2545
2545, 19532
10133, 2546
2546, 16931
20667, 2547
2547, 7484
16530, 2548
2548, 23267
21706, 2549
2549, 22037
12076, 2550
22851, 2550
21513, 2550
15927, 2550
10208, 2550
11706, 2550
21886, 2550
10294, 2550
12834, 2550
12613, 2550
9624, 2550
21959, 2550
17094, 2550
2550, 22991
18568, 2551
2551, 19568
10789, 2552
2552, 10120
2552, 13073
19907, 2553
2553, 23680
12251, 2554
2554, 10060
20411, 2555
19173, 2555
18569, 2555
9473, 2555
2555, 20643
13938, 2556
2556, 22614
21349, 2557
2557, 7731
16231, 2558
2558, 9747
11906, 2559
2559, 15524
14182, 2560
2560, 10968
18622, 2561
2561, 11451
16046, 2562
7472, 2562
14664, 2562
2562, 19914
17072, 2563
2563, 12937
10998, 2564
8010, 2564
2564, 20909
23941, 2565
2565, 9079
10671, 2566
2566, 10752
16925, 2567
2567, 14317
19281, 2568
2568, 21412
7525, 2569
24333, 2569
18172, 2569
8046, 2569
15916, 2569
11607, 2569
24399, 2569
21361, 2569
7593, 2569
16286, 2569
22376, 2569
8199, 2569
12749, 2569
19485, 2569
22334, 2569
9203, 2569
18618, 2569
11448, 2569
22830, 2569
24699, 2569
7799, 2569
12813, 2569
18922, 2569
16229, 2569
23631, 2569
10786, 2569
22371, 2569
12298, 2569
23272, 2569
20231, 2569
19181, 2569
21541, 2569
12383, 2569
12892, 2569
12841, 2569
18159, 2569
12891, 2569
24277, 2569
9008, 2569
8398, 2569
7427, 2569
23281, 2569
18140, 2569
20169, 2569
23443, 2569
11935, 2569
21108, 2569
22714, 2569
22374, 2569
9543, 2569
21263, 2569
15795, 2569
17418, 2569
17761, 2569
16282, 2569
19637, 2569
11949, 2569
15552, 2569
10515, 2569
18600, 2569
23080, 2569
12034, 2569
24021, 2569
19469, 2569
16835, 2569
13577, 2569
24114, 2569
23474, 2569
7486, 2569
22033, 2569
14879, 2569
15766, 2569
22377, 2569
19512, 2569
13670, 2569
9716, 2569
15307, 2569
18143, 2569
22431, 2569
12960, 2569
13528, 2569
11831, 2569
9640, 2569
13294, 2569
15876, 2569
23839, 2569
14220, 2569
24589, 2569
20558, 2569
16988, 2569
13787, 2569
13411, 2569
15275, 2569
22352, 2569
14119, 2569
22465, 2569
19345, 2569
17540, 2569
20909, 2569
21590, 2569
8136, 2569
20351, 2569
8953, 2569
24645, 2569
19320, 2569
15285, 2569
24008, 2569
22646, 2569
16338, 2569
24065, 2569
19861, 2569
20533, 2569
11719, 2569
23486, 2569
11505, 2569
13364, 2569
23104, 2569
7806, 2569
7732, 2569
17268, 2569
11488, 2569
23604, 2569
14133, 2569
14113, 2569
18303, 2569
22921, 2569
16283, 2569
9030, 2569
16217, 2569
24061, 2569
20015, 2569
9439, 2569
7878, 2569
9557, 2569
23415, 2569
24554, 2569
11851, 2569
21136, 2569
22128, 2569
17201, 2569
13892, 2569
12084, 2569
20431, 2569
24601, 2569
17802, 2569
18471, 2569
8606, 2569
11056, 2569
24963, 2569
24567, 2569
14125, 2569
8185, 2569
13023, 2569
16398, 2569
20739, 2569
24924, 2569
10030, 2569
10365, 2569
19398, 2569
16406, 2569
13082, 2569
19333, 2569
21700, 2569
23159, 2569
12209, 2569
18052, 2569
12733, 2569
7955, 2569
11782, 2569
12140, 2569
17061, 2569
12857, 2569
7433, 2569
21935, 2569
20232, 2569
19571, 2569
9479, 2569
21790, 2569
11230, 2569
18084, 2569
16867, 2569
9315, 2569
9914, 2569
17005, 2569
12195, 2569
15715, 2569
8543, 2569
13253, 2569
19899, 2569
19734, 2569
17878, 2569
20576, 2569
11546, 2569
18132, 2569
14951, 2569
17043, 2569
11428, 2569
16860, 2569
15030, 2569
9642, 2569
23015, 2569
16214, 2569
22863, 2569
19562, 2569
14161, 2569
15105, 2569
14717, 2569
21864, 2569
9492, 2569
14811, 2569
11742, 2569
20539, 2569
20659, 2569
7729, 2569
18540, 2569
22184, 2569
24830, 2569
23218, 2569
9524, 2569
23574, 2569
9643, 2569
10855, 2569
22859, 2569
9285, 2569
9046, 2569
22123, 2569
12722, 2569
21490, 2569
16714, 2569
16004, 2569
11377, 2569
22044, 2569
11951, 2569
13031, 2569
15930, 2569
15811, 2569
17897, 2569
17140, 2569
15854, 2569
21525, 2569
20329, 2569
18606, 2569
23504, 2569
20150, 2569
12861, 2569
10942, 2569
22657, 2569
22281, 2569
15759, 2569
20929, 2569
17531, 2569
9692, 2569
7730, 2569
17678, 2569
11880, 2569
22952, 2569
22481, 2569
22201, 2569
15692, 2569
20605, 2569
22139, 2569
21421, 2569
17584, 2569
21440, 2569
23329, 2569
18141, 2569
17896, 2569
16616, 2569
15631, 2569
16543, 2569
10095, 2569
17432, 2569
8719, 2569
13673, 2569
8449, 2569
10442, 2569
24046, 2569
18867, 2569
15136, 2569
23598, 2569
23151, 2569
17230, 2569
22262, 2569
10124, 2569
22759, 2569
9403, 2569
13397, 2569
18827, 2569
13870, 2569
13465, 2569
17890, 2569
10191, 2569
18033, 2569
15745, 2569
22402, 2569
19032, 2569
18787, 2569
14112, 2569
7780, 2569
20752, 2569
8200, 2569
15214, 2569
9369, 2569
11739, 2569
23801, 2569
21134, 2569
23176, 2569
24383, 2569
17416, 2569
11427, 2569
24118, 2569
22418, 2569
10647, 2569
17227, 2569
20394, 2569
11455, 2569
13437, 2569
19061, 2569
17067, 2569
22440, 2569
19100, 2569
12714, 2569
22042, 2569
17870, 2569
15057, 2569
19561, 2569
13876, 2569
23595, 2569
20574, 2569
16470, 2569
12471, 2569
12935, 2569
22683, 2569
23980, 2569
14368, 2569
24170, 2569
19976, 2569
15132, 2569
16574, 2569
17563, 2569
7482, 2569
16820, 2569
18454, 2569
22508, 2569
12716, 2569
16536, 2569
22637, 2569
11562, 2569
18885, 2569
12698, 2569
22256, 2569
15813, 2569
22701, 2569
15558, 2569
14945, 2569
19353, 2569
12911, 2569
16629, 2569
20847, 2569
23722, 2569
14910, 2569
22332, 2569
23275, 2569
14097, 2569
8980, 2569
13531, 2569
21884, 2569
19446, 2569
12143, 2569
21315, 2569
24219, 2569
7662, 2569
13277, 2569
19086, 2569
2569, 16925
2569, 23246
17224, 2570
20455, 2570
2570, 21284
17784, 2571
2571, 20998
13301, 2572
20277, 2572
20433, 2572
13307, 2572
12930, 2572
2572, 11228
2572, 13665
19023, 2573
16861, 2573
19230, 2573
10213, 2573
13888, 2573
19388, 2573
21895, 2573
16786, 2573
7849, 2573
14764, 2573
18912, 2573
8760, 2573
16970, 2573
24094, 2573
23575, 2573
10987, 2573
23414, 2573
20492, 2573
9704, 2573
15141, 2573
15509, 2573
22126, 2573
17512, 2573
16122, 2573
22878, 2573
10089, 2573
16271, 2573
19781, 2573
20740, 2573
19880, 2573
8042, 2573
23633, 2573
21666, 2573
23249, 2573
12016, 2573
24349, 2573
10076, 2573
8434, 2573
24514, 2573
22630, 2573
15086, 2573
12241, 2573
13687, 2573
21930, 2573
7453, 2573
17431, 2573
9966, 2573
12447, 2573
24393, 2573
19928, 2573
11137, 2573
17616, 2573
20530, 2573
15755, 2573
23378, 2573
12797, 2573
8244, 2573
7741, 2573
2573, 12804
11638, 2574
10533, 2574
9614, 2574
13577, 2574
24899, 2574
7780, 2574
16097, 2574
18540, 2574
9046, 2574
12989, 2574
21252, 2574
9794, 2574
11782, 2574
23814, 2574
11346, 2574
16131, 2574
7539, 2574
8024, 2574
17041, 2574
9840, 2574
13460, 2574
2574, 16925
2574, 22889
24679, 2575
2575, 22106
15357, 2576
21146, 2576
9843, 2576
14892, 2576
24014, 2576
10537, 2576
24617, 2576
24983, 2576
20274, 2576
15043, 2576
19599, 2576
9744, 2576
21371, 2576
24782, 2576
2576, 10345
11774, 2577
2577, 20734
20919, 2578
2578, 24860
19893, 2579
2579, 10166
9446, 2580
2580, 11671
21033, 2581
2581, 23018
18669, 2582
2582, 17890
12895, 2583
19600, 2583
17223, 2583
2583, 8803
21485, 2584
12285, 2584
24302, 2584
2584, 11057
14525, 2585
2585, 12405
17465, 2586
2586, 24411
22453, 2587
2587, 23917
8409, 2588
2588, 17410
19213, 2589
2589, 15303
22851, 2590
2590, 11315
18968, 2591
2591, 11871
19862, 2592
2592, 22749
15131, 2593
2593, 18179
12489, 2594
24057, 2594
2594, 20015
2594, 12093
22960, 2595
2595, 8311
10133, 2596
2596, 22861
19004, 2597
2597, 20951
2597, 24481
2597, 13832
11205, 2598
2598, 9935
11906, 2599
2599, 10403
24943, 2600
2600, 8665
9119, 2601
2601, 24287
2601, 12738
2601, 11323
12465, 2602
2602, 12897
14872, 2603
2603, 12647
23615, 2604
2604, 14001
2604, 7663
7431, 2605
2605, 14300
16925, 2606
2606, 12913
2606, 14031
16925, 2607
2607, 14891
18278, 2608
8121, 2608
7731, 2608
2608, 15902
8762, 2609
2609, 17986
15634, 2610
2610, 10161
12610, 2611
10482, 2611
7641, 2611
2611, 12005
16174, 2612
2612, 22663
12607, 2613
19945, 2613
15206, 2613
22482, 2613
9753, 2613
21701, 2613
23484, 2613
7975, 2613
15733, 2613
24780, 2613
17499, 2613
22460, 2613
19582, 2613
7757, 2613
20299, 2613
16239, 2613
2613, 20851
19131, 2614
2614, 15440
17420, 2615
2615, 8619
2615, 14467
2615, 7746
20618, 2616
16463, 2616
20846, 2616
2616, 10014
13091, 2617
2617, 14939
9820, 2618
2618, 23461
2618, 15621
18402, 2619
2619, 23601
20729, 2620
2620, 11611
13381, 2621
2621, 8794
20324, 2622
2622, 16587
2622, 22375
21017, 2623
2623, 21027
2623, 8609
12940, 2624
2624, 24834
10534, 2625
11819, 2625
2625, 20998
2625, 11880
19306, 2626
2626, 23595
16088, 2627
19026, 2627
2627, 17408
2627, 18783
2627, 13082
13065, 2628
2628, 12195
20183, 2629
2629, 20652
16925, 2630
2630, 19936
16925, 2631
2631, 10870
14118, 2632
11162, 2632
15232, 2632
16607, 2632
14970, 2632
12860, 2632
20742, 2632
14508, 2632
2632, 8220
10796, 2633
2633, 14331
11635, 2634
2634, 21584
12757, 2635
2635, 14106
18496, 2636
9213, 2636
16261, 2636
19376, 2636
13590, 2636
15010, 2636
22496, 2636
9876, 2636
17596, 2636
13783, 2636
2636, 19715
19893, 2637
2637, 23979
2637, 10494
2637, 14257
17420, 2638
2638, 21881
2638, 7896
2638, 22217
15252, 2639
2639, 18086
21426, 2640
2640, 20932
22097, 2641
22419, 2641
20090, 2641
18767, 2641
15078, 2641
22158, 2641
20175, 2641
13459, 2641
18382, 2641
11932, 2641
21971, 2641
22153, 2641
17582, 2641
18409, 2641
14697, 2641
2641, 12651
17752, 2642
15733, 2642
2642, 11940
9141, 2643
2643, 23775
19418, 2644
2644, 21284
15461, 2645
2645, 10604
19801, 2646
2646, 8832
23566, 2647
2647, 11782
13011, 2648
2648, 13837
9218, 2649
2649, 8576
19374, 2650
2650, 21099
22669, 2651
2651, 21401
23523, 2652
2652, 13415
23945, 2653
2653, 18231
13574, 2654
2654, 20256
11291, 2655
2655, 16370
2655, 18419
23952, 2656
10642, 2656
2656, 24207
15616, 2657
2657, 22826
14105, 2658
2658, 23082
14333, 2659
2659, 18318
19738, 2660
18775, 2660
2660, 17405
23490, 2661
18266, 2661
2661, 20469
11663, 2662
2662, 22663
12251, 2663
2663, 10598
2663, 10710
23076, 2664
2664, 24428
2664, 11333
2664, 17933
15272, 2665
2665, 22647
13513, 2666
2666, 7489
14117, 2667
2667, 15527
19893, 2668
2668, 18995
2668, 13490
19678, 2669
22776, 2669
18370, 2669
8731, 2669
17769, 2669
12371, 2669
2669, 11557
10878, 2670
17117, 2670
22737, 2670
9240, 2670
2670, 22384
18722, 2671
2671, 18309
13535, 2672
11659, 2672
22565, 2672
14035, 2672
7499, 2672
13998, 2672
14642, 2672
20428, 2672
23375, 2672
23586, 2672
23724, 2672
13517, 2672
19515, 2672
8012, 2672
8326, 2672
16624, 2672
16086, 2672
16884, 2672
11908, 2672
7933, 2672
21131, 2672
21416, 2672
14924, 2672
18307, 2672
8254, 2672
12165, 2672
13056, 2672
8647, 2672
12065, 2672
18350, 2672
18718, 2672
19589, 2672
13454, 2672
21915, 2672
24295, 2672
10893, 2672
24124, 2672
10783, 2672
22718, 2672
17773, 2672
8969, 2672
23322, 2672
16028, 2672
13804, 2672
19765, 2672
23857, 2672
10995, 2672
17039, 2672
8071, 2672
14204, 2672
23805, 2672
2672, 14047
2672, 16825
2672, 24149
19801, 2673
2673, 22736
16385, 2674
2674, 12664
7769, 2675
2675, 8097
2675, 20386
2675, 24833
10025, 2676
2676, 20702
15138, 2677
2677, 20620
18598, 2678
2678, 23677
24414, 2679
2679, 10064
17202, 2680
2680, 12396
12251, 2681
2681, 7753
8924, 2682
18088, 2682
23512, 2682
2682, 23159
8080, 2683
23989, 2683
13630, 2683
8011, 2683
19072, 2683
19729, 2683
17853, 2683
2683, 15602
8946, 2684
2684, 14090
10284, 2685
2685, 15964
18656, 2686
2686, 12227
8889, 2687
2687, 15866
7850, 2688
2688, 23102
21901, 2689
2689, 21029
14654, 2690
2690, 12021
15467, 2691
2691, 8428
23777, 2692
2692, 8208
2692, 8901
23076, 2693
2693, 14154
2693, 20012
24102, 2694
14759, 2694
11225, 2694
2694, 11461
15489, 2695
2695, 15433
15606, 2696
9791, 2696
11776, 2696
9820, 2696
2696, 11734
2696, 24981
21633, 2697
2697, 24761
19163, 2698
9547, 2698
2698, 8344
19018, 2699
2699, 13619
2699, 15165
23076, 2700
2700, 13787
2700, 12837
22154, 2701
2701, 17059
19846, 2702
12203, 2702
24530, 2702
18288, 2702
11316, 2702
17727, 2702
24536, 2702
18955, 2702
11508, 2702
16632, 2702
18633, 2702
17676, 2702
14500, 2702
13416, 2702
15305, 2702
19501, 2702
9686, 2702
9465, 2702
12186, 2702
2702, 9862
23011, 2703
2703, 13781
2703, 20951
2703, 9280
7702, 2704
2704, 8132
7819, 2705
2705, 18829
18850, 2706
2706, 21027
21606, 2707
2707, 12897
13207, 2708
2708, 17815
15690, 2709
2709, 22683
24176, 2710
2710, 8908
8340, 2711
2711, 18788
22596, 2712
2712, 17266
18752, 2713
2713, 18172
2713, 18360
2713, 21490
11366, 2714
2714, 23035
15882, 2715
2715, 20147
10133, 2716
2716, 24611
22874, 2717
2717, 18998
8876, 2718
2718, 22661
17420, 2719
2719, 21294
2719, 9255
11919, 2720
2720, 10058
10252, 2721
2721, 10281
11349, 2722
2722, 19195
11968, 2723
2723, 8434
22087, 2724
2724, 24008
10900, 2725
2725, 9646
15410, 2726
2726, 13124
17602, 2727
2727, 13154
2727, 10061
19038, 2728
9391, 2728
2728, 24038
10252, 2729
2729, 17870
18441, 2730
13420, 2730
13070, 2730
2730, 21405
23565, 2731
2731, 11474
11399, 2732
2732, 12957
2732, 20112
17009, 2733
2733, 14063
2733, 16978
2733, 7891
19418, 2734
2734, 21284
23947, 2735
2735, 23934
13997, 2736
14592, 2736
2736, 8039
15104, 2737
2737, 9356
17420, 2738
2738, 11428
24200, 2739
2739, 12139
17312, 2740
22567, 2740
2740, 15351
9302, 2741
2741, 12802
16925, 2742
2742, 8273
19531, 2743
2743, 16818
16925, 2744
2744, 22168
22634, 2745
2745, 11911
12199, 2746
2746, 13123
16925, 2747
2747, 20400
10152, 2748
2748, 16733
2748, 9719
2748, 10873
2748, 17790
2748, 12458
2748, 15636
2748, 24248
2748, 11075
2748, 13499
2748, 9364
2748, 23865
2748, 18212
2748, 23548
2748, 12376
2748, 20298
2748, 24688
2748, 15842
2748, 10427
2748, 13798
2748, 21671
2748, 12046
2748, 15980
2748, 9534
2748, 22522
2748, 20327
2748, 24385
2748, 13090
2748, 9192
2748, 19322
2748, 7832
2748, 21644
2748, 17118
2748, 8709
2748, 11438
2748, 19683
2748, 21586
2748, 15528
2748, 19159
2748, 23597
2748, 15680
2748, 9035
2748, 24582
2748, 11123
2748, 8369
2748, 16654
2748, 12578
2748, 12564
2748, 24726
2748, 18203
2748, 13028
2748, 19590
2748, 12334
2748, 14609
2748, 19527
2748, 15079
2748, 22731
2748, 19496
2748, 19245
2748, 18518
2748, 17806
2748, 24535
2748, 16621
2748, 18664
24039, 2749
2749, 20323
10252, 2750
2750, 10281
18688, 2751
2751, 7637
23121, 2752
2752, 10562
13805, 2753
2753, 18318
22812, 2754
2754, 23952
2754, 21308
16941, 2755
2755, 11839
15905, 2756
2756, 18478
14647, 2757
11904, 2757
13058, 2757
17498, 2757
14976, 2757
10933, 2757
21009, 2757
2757, 9862
18700, 2758
2758, 15361
14628, 2759
2759, 24454
2759, 21994
23713, 2760
2760, 24799
11136, 2761
2761, 8168
24438, 2762
2762, 18040
19801, 2763
2763, 13864
9559, 2764
2764, 14913
21057, 2765
2765, 21543
16932, 2766
2766, 21772
17515, 2767
2767, 20082
20513, 2768
2768, 22402
17999, 2769
2769, 7799
2769, 24244
2769, 22646
2769, 12562
2769, 16033
2769, 9696
2769, 18364
2769, 16850
2769, 23780
2769, 16665
10764, 2770
2770, 14472
16912, 2771
2771, 11544
12507, 2772
24233, 2772
11701, 2772
2772, 16421
14669, 2773
2773, 19891
16138, 2774
2774, 15250
17917, 2775
2775, 11990
21849, 2776
2776, 22053
24434, 2777
2777, 23190
17627, 2778
2778, 14256
11481, 2779
2779, 16968
14425, 2780
2780, 10809
23942, 2781
2781, 13346
23495, 2782
2782, 17461
18798, 2783
13318, 2783
9481, 2783
2783, 17844
17277, 2784
8352, 2784
10171, 2784
8644, 2784
12113, 2784
2784, 12822
10951, 2785
2785, 13886
2785, 7925
2785, 17727
8126, 2786
2786, 12172
16925, 2787
2787, 11339
22196, 2788
2788, 15306
11022, 2789
2789, 9311
16925, 2790
2790, 11995
10963, 2791
22945, 2791
10310, 2791
21155, 2791
2791, 18827
23968, 2792
2792, 20219
15182, 2793
2793, 24481
9982, 2794
15194, 2794
2794, 15224
24478, 2795
2795, 18087
17884, 2796
2796, 23416
19418, 2797
2797, 21284
20440, 2798
2798, 17616
7772, 2799
21846, 2799
24609, 2799
22360, 2799
14956, 2799
18870, 2799
12219, 2799
17194, 2799
15329, 2799
17936, 2799
2799, 15345
24312, 2800
14880, 2800
19955, 2800
13100, 2800
17369, 2800
13442, 2800
21345, 2800
10567, 2800
14914, 2800
23907, 2800
2800, 12545
12594, 2801
2801, 14083
13662, 2802
2802, 12822
17681, 2803
24981, 2803
17803, 2803
12453, 2803
14754, 2803
16399, 2803
14700, 2803
24971, 2803
16838, 2803
11762, 2803
20606, 2803
19465, 2803
8097, 2803
9244, 2803
8057, 2803
23561, 2803
23885, 2803
13346, 2803
20988, 2803
21431, 2803
9163, 2803
18938, 2803
17135, 2803
21335, 2803
18784, 2803
17695, 2803
9548, 2803
23024, 2803
17186, 2803
7717, 2803
22861, 2803
13481, 2803
10282, 2803
7507, 2803
22062, 2803
10458, 2803
22314, 2803
10554, 2803
18837, 2803
13566, 2803
9884, 2803
20450, 2803
9150, 2803
9122, 2803
10600, 2803
12067, 2803
24214, 2803
11564, 2803
16852, 2803
13534, 2803
10273, 2803
8294, 2803
11048, 2803
19927, 2803
23973, 2803
22589, 2803
18861, 2803
21995, 2803
24581, 2803
9684, 2803
22289, 2803
19646, 2803
17754, 2803
23067, 2803
17671, 2803
19091, 2803
23195, 2803
16038, 2803
19579, 2803
13824, 2803
15510, 2803
16892, 2803
8180, 2803
22441, 2803
23872, 2803
19456, 2803
13952, 2803
20144, 2803
13631, 2803
19553, 2803
15165, 2803
8922, 2803
23259, 2803
21297, 2803
16367, 2803
13009, 2803
13539, 2803
24892, 2803
15944, 2803
15077, 2803
20816, 2803
8306, 2803
10491, 2803
8771, 2803
20371, 2803
22870, 2803
12463, 2803
20106, 2803
7882, 2803
24397, 2803
12867, 2803
23132, 2803
16725, 2803
12732, 2803
21583, 2803
8947, 2803
16952, 2803
14460, 2803
17305, 2803
17047, 2803
10361, 2803
17983, 2803
11107, 2803
21174, 2803
17265, 2803
7561, 2803
10153, 2803
21575, 2803
18853, 2803
24348, 2803
13121, 2803
15518, 2803
10563, 2803
8629, 2803
19394, 2803
24227, 2803
13178, 2803
11815, 2803
20461, 2803
7824, 2803
23808, 2803
8720, 2803
14767, 2803
23317, 2803
23192, 2803
20959, 2803
20971, 2803
15163, 2803
16637, 2803
9232, 2803
15979, 2803
8602, 2803
17675, 2803
20013, 2803
10645, 2803
23600, 2803
12351, 2803
24373, 2803
11059, 2803
23178, 2803
13814, 2803
11337, 2803
11573, 2803
24997, 2803
7801, 2803
8400, 2803
10194, 2803
19530, 2803
23171, 2803
15597, 2803
12419, 2803
18417, 2803
23371, 2803
22603, 2803
20448, 2803
24833, 2803
12941, 2803
19187, 2803
19831, 2803
15398, 2803
11769, 2803
20102, 2803
14735, 2803
20656, 2803
20972, 2803
9092, 2803
8939, 2803
22974, 2803
8134, 2803
20031, 2803
13362, 2803
11621, 2803
9644, 2803
23882, 2803
10215, 2803
18566, 2803
2803, 20917
17203, 2804
2804, 16406
18795, 2805
2805, 20030
15195, 2806
2806, 13092
19801, 2807
2807, 17955
13778, 2808
2808, 21700
8215, 2809
2809, 13669
22443, 2810
2810, 8985
20292, 2811
2811, 19846
14815, 2812
2812, 18193
10252, 2813
2813, 16131
22251, 2814
2814, 18471
7775, 2815
15029, 2815
19126, 2815
2815, 17041
8036, 2816
2816, 17414
19251, 2817
2817, 22603
10252, 2818
2818, 10650
8309, 2819
7771, 2819
2819, 16422
2819, 20061
2819, 21981
2819, 17109
2819, 17216
2819, 18584
2819, 10150
2819, 10336
2819, 10734
2819, 14847
2819, 19645
2819, 24417
2819, 14521
2819, 12327
2819, 11137
2819, 17548
2819, 11029
2819, 24563
8119, 2820
2820, 15733
23455, 2821
18869, 2821
16328, 2821
23150, 2821
15174, 2821
2821, 20877
8320, 2822
2822, 21540
14117, 2823
2823, 24031
11038, 2824
2824, 22540
17381, 2825
13800, 2825
2825, 15265
2825, 7562
2825, 17094
7731, 2826
20299, 2826
2826, 13208
16925, 2827
2827, 10360
2827, 9348
2827, 20426
21627, 2828
2828, 21027
19893, 2829
2829, 24924
2829, 12387
2829, 21084
2829, 15899
2829, 11522
15629, 2830
2830, 18362
2830, 21687
16650, 2831
2831, 13682
13430, 2832
2832, 22663
19807, 2833
2833, 15732
15300, 2834
2834, 24388
24764, 2835
2835, 21358
20943, 2836
2836, 7671
23623, 2837
2837, 15900
17601, 2838
2838, 20359
19989, 2839
2839, 12160
12949, 2840
2840, 22441
2840, 7471
14653, 2841
2841, 7472
16575, 2842
2842, 18540
9687, 2843
2843, 18033
15019, 2844
21549, 2844
10306, 2844
9838, 2844
2844, 7780
11937, 2845
2845, 20195
22254, 2846
2846, 17970
9772, 2847
2847, 23213
20295, 2848
2848, 9753
18271, 2849
15614, 2849
7868, 2849
10283, 2849
23026, 2849
16883, 2849
15401, 2849
16197, 2849
2849, 11448
19940, 2850
14345, 2850
12255, 2850
23806, 2850
16281, 2850
20750, 2850
2850, 13055
14355, 2851
10367, 2851
14013, 2851
9346, 2851
14957, 2851
8230, 2851
20169, 2851
23443, 2851
19095, 2851
16131, 2851
12961, 2851
10457, 2851
22663, 2851
16406, 2851
17061, 2851
23413, 2851
14744, 2851
21864, 2851
18540, 2851
23769, 2851
10551, 2851
9864, 2851
10281, 2851
17678, 2851
15345, 2851
10278, 2851
10650, 2851
20071, 2851
16034, 2851
14165, 2851
15560, 2851
11905, 2851
19777, 2851
2851, 22318
2851, 16925
10413, 2852
2852, 14787
10704, 2853
2853, 20186
10411, 2854
2854, 8947
12291, 2855
2855, 17732
20239, 2856
2856, 10492
23868, 2857
2857, 7938
13921, 2858
2858, 12802
2858, 8179
19484, 2859
2859, 15856
9451, 2860
2860, 7731
2860, 8543
19801, 2861
2861, 13864
8502, 2862
2862, 17061
10252, 2863
2863, 9794
18976, 2864
2864, 20769
17594, 2865
2865, 19585
19623, 2866
2866, 23171
18070, 2867
2867, 10595
12290, 2868
2868, 14634
15167, 2869
2869, 21910
15915, 2870
2870, 8363
2870, 24840
2870, 15304
7898, 2871
2871, 20902
23879, 2872
2872, 7841
2872, 20065
2872, 16346
22509, 2873
2873, 8089
12251, 2874
2874, 7971
2874, 19530
2874, 15277
14789, 2875
2875, 17320
10133, 2876
2876, 20952
10689, 2877
2877, 9387
11464, 2878
2878, 13158
19801, 2879
2879, 7911
13025, 2880
2880, 18105
11101, 2881
16800, 2881
20585, 2881
11087, 2881
13847, 2881
13623, 2881
15434, 2881
12958, 2881
17377, 2881
23043, 2881
12824, 2881
19612, 2881
12259, 2881
20869, 2881
16982, 2881
13746, 2881
24259, 2881
16103, 2881
12998, 2881
9291, 2881
22463, 2881
24428, 2881
21294, 2881
22780, 2881
17253, 2881
8231, 2881
14833, 2881
9036, 2881
13585, 2881
9137, 2881
16768, 2881
13657, 2881
20597, 2881
19194, 2881
8434, 2881
14107, 2881
8940, 2881
13755, 2881
20515, 2881
8658, 2881
10340, 2881
15293, 2881
16291, 2881
11333, 2881
11139, 2881
20666, 2881
15421, 2881
9255, 2881
15499, 2881
17943, 2881
13658, 2881
24618, 2881
17933, 2881
10132, 2881
16195, 2881
20795, 2881
10216, 2881
7847, 2881
8399, 2881
2881, 12804
23609, 2882
2882, 15394
21451, 2883
23422, 2883
9428, 2883
2883, 16029
16583, 2884
2884, 15306
14612, 2885
2885, 16079
19801, 2886
2886, 10583
18860, 2887
2887, 17220
11651, 2888
2888, 16183
11917, 2889
2889, 7780
8607, 2890
2890, 9705
21820, 2891
2891, 9125
2891, 7442
18988, 2892
11673, 2892
2892, 9430
16925, 2893
2893, 12297
9471, 2894
2894, 17110
8127, 2895
2895, 21497
10133, 2896
2896, 22861
23816, 2897
2897, 22661
19694, 2898
2898, 15345
11205, 2899
2899, 9935
16925, 2900
2900, 21372
16373, 2901
2901, 10331
13149, 2902
14634, 2902
2902, 15038
14372, 2903
17184, 2903
2903, 22663
12551, 2904
2904, 14209
18674, 2905
23727, 2905
2905, 9542
8927, 2906
24110, 2906
2906, 13929
8822, 2907
2907, 13512
22414, 2908
2908, 18674
10133, 2909
2909, 18631
2909, 9936
22772, 2910
2910, 24203
2910, 13895
19797, 2911
2911, 13706
19893, 2912
2912, 15284
2912, 19837
18077, 2913
9512, 2913
12822, 2913
11842, 2913
21730, 2913
9000, 2913
15230, 2913
11572, 2913
23899, 2913
24897, 2913
2913, 9862
16983, 2914
2914, 24861
2914, 21350
13458, 2915
2915, 11243
11120, 2916
2916, 23117
13334, 2917
2917, 7932
11632, 2918
22899, 2918
12500, 2918
21456, 2918
19632, 2918
20303, 2918
9005, 2918
23366, 2918
16677, 2918
7644, 2918
8012, 2918
24045, 2918
9575, 2918
13831, 2918
23255, 2918
16168, 2918
8003, 2918
14704, 2918
14454, 2918
15166, 2918
21945, 2918
8082, 2918
17123, 2918
9321, 2918
20527, 2918
21337, 2918
17181, 2918
20041, 2918
11053, 2918
19242, 2918
9139, 2918
17954, 2918
24765, 2918
10425, 2918
10236, 2918
23848, 2918
9324, 2918
22963, 2918
8621, 2918
17843, 2918
10147, 2918
16969, 2918
10500, 2918
14713, 2918
19517, 2918
17840, 2918
7498, 2918
8514, 2918
8339, 2918
13407, 2918
12336, 2918
15693, 2918
23807, 2918
16090, 2918
24770, 2918
2918, 10948
15744, 2919
2919, 7442
9105, 2920
9981, 2920
21520, 2920
2920, 10373
12353, 2921
2921, 8562
8527, 2922
8877, 2922
2922, 13455
16590, 2923
2923, 12950
11278, 2924
2924, 15122
11007, 2925
2925, 21877
14117, 2926
2926, 10677
20242, 2927
2927, 8637
2927, 11885
8913, 2928
2928, 21284
18968, 2929
2929, 8864
13180, 2930
2930, 8121
11974, 2931
2931, 21106
24889, 2932
2932, 14664
19203, 2933
2933, 24644
10234, 2934
2934, 11641
2934, 13961
16925, 2935
2935, 7693
8555, 2936
2936, 16512
24025, 2937
2937, 17560
18935, 2938
7884, 2938
7541, 2938
24756, 2938
16111, 2938
17002, 2938
9386, 2938
8871, 2938
22070, 2938
2938, 18600
13606, 2939
2939, 22286
11870, 2940
2940, 10148
10252, 2941
2941, 17043
11331, 2942
24171, 2942
13177, 2942
2942, 22106
12737, 2943
2943, 10539
18505, 2944
2944, 23628
10976, 2945
2945, 20030
2945, 9055
10037, 2946
2946, 21614
10820, 2947
2947, 23159
11584, 2948
2948, 22663
19549, 2949
2949, 11404
2949, 21380
13229, 2950
21556, 2950
11693, 2950
8314, 2950
2950, 9084
13785, 2951
2951, 11448
18330, 2952
2952, 21619
15549, 2953
2953, 23159
13863, 2954
2954, 17319
8518, 2955
15619, 2955
14707, 2955
21956, 2955
19036, 2955
17956, 2955
15469, 2955
2955, 16374
12557, 2956
2956, 18291
22213, 2957
2957, 22289
10736, 2958
2958, 13958
18954, 2959
2959, 18449
14319, 2960
2960, 18787
12819, 2961
2961, 23898
23623, 2962
2962, 23008
10252, 2963
2963, 9794
12792, 2964
2964, 8399
9306, 2965
2965, 17230
16977, 2966
11539, 2966
2966, 12617
14359, 2967
2967, 21700
23937, 2968
2968, 7996
12725, 2969
2969, 17620
2969, 23674
12601, 2970
2970, 24578
10679, 2971
2971, 23953
20068, 2972
2972, 15289
9043, 2973
2973, 12663
22430, 2974
2974, 14638
20324, 2975
2975, 10628
17029, 2976
10552, 2976
17643, 2976
2976, 16270
12763, 2977
2977, 16716
17942, 2978
12660, 2978
2978, 22764
9946, 2979
2979, 14175
2979, 10830
17644, 2980
2980, 15282
2980, 23515
9572, 2981
2981, 9430
16426, 2982
2982, 24830
21091, 2983
2983, 15264
11906, 2984
2984, 12971
2984, 14398
19785, 2985
2985, 7472
13084, 2986
2986, 7975
14341, 2987
2987, 14784
23253, 2988
2988, 20739
10711, 2989
2989, 8434
24606, 2990
2990, 17948
21566, 2991
9854, 2991
2991, 11741
9820, 2992
2992, 24981
21446, 2993
2993, 13067
10121, 2994
10860, 2994
13498, 2994
9358, 2994
19796, 2994
2994, 12074
18296, 2995
11405, 2995
14999, 2995
2995, 23368
14816, 2996
2996, 9841
23076, 2997
2997, 14461
2997, 12078
9731, 2998
2998, 24236
24909, 2999
2999, 9459
12231, 3000
21601, 3000
3000, 21298
8883, 3001
3001, 21265
14906, 3002
15442, 3002
3002, 17084
16840, 3003
3003, 12659
24331, 3004
3004, 14602
15333, 3005
7604, 3005
3005, 9406
12217, 3006
3006, 24837
17772, 3007
16765, 3007
3007, 17061
22910, 3008
3008, 17244
20949, 3009
13650, 3009
11911, 3009
3009, 20806
11186, 3010
3010, 12765
17391, 3011
11521, 3011
22728, 3011
14540, 3011
21725, 3011
14423, 3011
14564, 3011
23398, 3011
18995, 3011
13490, 3011
17623, 3011
3011, 9862
17256, 3012
3012, 10379
15046, 3013
3013, 14498
19488, 3014
3014, 14835
18970, 3015
3015, 13315
22864, 3016
3016, 15548
16731, 3017
3017, 16327
7589, 3018
16495, 3018
23984, 3018
17905, 3018
16147, 3018
20511, 3018
3018, 24305
14843, 3019
3019, 18161
19399, 3020
3020, 17497
9674, 3021
14496, 3021
14626, 3021
16065, 3021
11307, 3021
19363, 3021
15538, 3021
9762, 3021
9509, 3021
19371, 3021
17182, 3021
9898, 3021
22356, 3021
19641, 3021
22944, 3021
12155, 3021
15544, 3021
22992, 3021
16237, 3021
23498, 3021
20257, 3021
17228, 3021
14239, 3021
22786, 3021
15642, 3021
13551, 3021
23023, 3021
24349, 3021
9377, 3021
8434, 3021
13183, 3021
10217, 3021
11622, 3021
8005, 3021
21334, 3021
7833, 3021
10111, 3021
14350, 3021
24548, 3021
14903, 3021
19577, 3021
12793, 3021
24158, 3021
16390, 3021
16042, 3021
7971, 3021
16721, 3021
11206, 3021
22350, 3021
12498, 3021
10585, 3021
17445, 3021
17295, 3021
20550, 3021
3021, 12804
10252, 3022
3022, 15307
24772, 3023
3023, 8293
18000, 3024
19183, 3024
19274, 3024
12424, 3024
16352, 3024
18936, 3024
10582, 3024
17743, 3024
20581, 3024
15123, 3024
18463, 3024
15387, 3024
24729, 3024
12367, 3024
17565, 3024
3024, 15890
18211, 3025
3025, 8192
3025, 24456
3025, 12555
3025, 11643
3025, 10033
17373, 3026
15445, 3026
3026, 15037
12462, 3027
24981, 3027
9620, 3027
19556, 3027
20746, 3027
11326, 3027
9268, 3027
14585, 3027
21823, 3027
21006, 3027
11715, 3027
12531, 3027
13435, 3027
13968, 3027
8220, 3027
24593, 3027
20077, 3027
23520, 3027
12487, 3027
17254, 3027
17900, 3027
21681, 3027
10345, 3027
16162, 3027
21641, 3027
12839, 3027
16300, 3027
11847, 3027
23093, 3027
9281, 3027
11473, 3027
11700, 3027
8628, 3027
8825, 3027
19217, 3027
16976, 3027
15542, 3027
16647, 3027
17921, 3027
18260, 3027
17405, 3027
23136, 3027
14408, 3027
9694, 3027
19473, 3027
20952, 3027
13389, 3027
24367, 3027
10308, 3027
15667, 3027
23419, 3027
9470, 3027
9932, 3027
21142, 3027
9819, 3027
7904, 3027
18654, 3027
9371, 3027
22886, 3027
17025, 3027
10667, 3027
17995, 3027
19660, 3027
11500, 3027
14104, 3027
24394, 3027
23881, 3027
16854, 3027
18280, 3027
16272, 3027
23409, 3027
11716, 3027
10417, 3027
22317, 3027
18435, 3027
20083, 3027
13444, 3027
22777, 3027
10279, 3027
17116, 3027
7594, 3027
13501, 3027
23654, 3027
16670, 3027
21276, 3027
20563, 3027
16839, 3027
18481, 3027
14031, 3027
12913, 3027
16258, 3027
11345, 3027
21394, 3027
21537, 3027
22162, 3027
15505, 3027
13361, 3027
21750, 3027
20546, 3027
13119, 3027
9373, 3027
25002, 3027
20126, 3027
20122, 3027
19760, 3027
14242, 3027
13051, 3027
9706, 3027
13697, 3027
20568, 3027
19757, 3027
14029, 3027
20832, 3027
16803, 3027
21463, 3027
20143, 3027
18214, 3027
12944, 3027
12784, 3027
14636, 3027
15393, 3027
8388, 3027
16445, 3027
18809, 3027
13292, 3027
24629, 3027
24361, 3027
16905, 3027
17045, 3027
14193, 3027
10612, 3027
7804, 3027
17007, 3027
12976, 3027
14537, 3027
24666, 3027
20392, 3027
21493, 3027
15605, 3027
23338, 3027
17055, 3027
15844, 3027
22792, 3027
21801, 3027
21213, 3027
11806, 3027
13101, 3027
22642, 3027
17934, 3027
14864, 3027
21205, 3027
15517, 3027
24561, 3027
8159, 3027
23434, 3027
24827, 3027
18242, 3027
8275, 3027
21733, 3027
12294, 3027
11397, 3027
14234, 3027
15729, 3027
8827, 3027
16487, 3027
11052, 3027
21246, 3027
8844, 3027
12525, 3027
23337, 3027
9258, 3027
19883, 3027
14889, 3027
14504, 3027
7842, 3027
23542, 3027
11820, 3027
22957, 3027
18497, 3027
18464, 3027
11034, 3027
7591, 3027
24757, 3027
7623, 3027
18983, 3027
15870, 3027
19982, 3027
3027, 14441
3027, 16256
14287, 3028
3028, 9886
9212, 3029
3029, 12558
7468, 3030
3030, 24433
22225, 3031
8943, 3031
3031, 12485
18921, 3032
3032, 21027
10234, 3033
3033, 23754
7872, 3034
3034, 22159
14351, 3035
3035, 22575
23143, 3036
3036, 8747
15161, 3037
3037, 13384
10167, 3038
3038, 21813
3038, 16989
14566, 3039
11963, 3039
10019, 3039
15416, 3039
10081, 3039
12930, 3039
3039, 20788
19326, 3040
3040, 7754
9860, 3041
3041, 14664
17903, 3042
14228, 3042
3042, 24223
10633, 3043
3043, 11153
18134, 3044
8280, 3044
14977, 3044
3044, 22663
11205, 3045
3045, 9935
12754, 3046
22344, 3046
3046, 10656
16416, 3047
3047, 8577
15115, 3048
24270, 3048
3048, 17099
17972, 3049
3049, 12243
22366, 3050
3050, 23672
14420, 3051
3051, 16724
22671, 3052
3052, 23055
19652, 3053
3053, 18143
18709, 3054
10605, 3054
23861, 3054
22399, 3054
8867, 3054
22269, 3054
23836, 3054
7509, 3054
19640, 3054
19800, 3054
11684, 3054
17393, 3054
17401, 3054
12407, 3054
10209, 3054
7931, 3054
15276, 3054
21638, 3054
19716, 3054
8808, 3054
12945, 3054
8643, 3054
15850, 3054
19755, 3054
10873, 3054
8521, 3054
17790, 3054
19193, 3054
14809, 3054
16245, 3054
14141, 3054
7447, 3054
12458, 3054
8968, 3054
15636, 3054
17926, 3054
9579, 3054
24248, 3054
21560, 3054
13099, 3054
13079, 3054
7744, 3054
8925, 3054
22570, 3054
7751, 3054
24872, 3054
14862, 3054
13341, 3054
13379, 3054
14671, 3054
10891, 3054
22071, 3054
12000, 3054
21573, 3054
13547, 3054
13633, 3054
11388, 3054
17339, 3054
19655, 3054
13634, 3054
10718, 3054
23865, 3054
14377, 3054
8345, 3054
20268, 3054
18024, 3054
22828, 3054
17950, 3054
22111, 3054
20152, 3054
10441, 3054
14748, 3054
11594, 3054
16881, 3054
20298, 3054
14780, 3054
8961, 3054
22444, 3054
19719, 3054
22967, 3054
12568, 3054
23768, 3054
16908, 3054
8559, 3054
8033, 3054
15842, 3054
18229, 3054
10751, 3054
14491, 3054
18186, 3054
10427, 3054
12768, 3054
11342, 3054
16473, 3054
17564, 3054
9509, 3054
15657, 3054
21028, 3054
22148, 3054
21671, 3054
20875, 3054
15761, 3054
9361, 3054
21729, 3054
8750, 3054
9074, 3054
20053, 3054
8308, 3054
17471, 3054
10193, 3054
19979, 3054
17080, 3054
11293, 3054
15980, 3054
20749, 3054
9233, 3054
10880, 3054
21035, 3054
21979, 3054
7879, 3054
16687, 3054
17753, 3054
17053, 3054
22316, 3054
22134, 3054
22522, 3054
10093, 3054
22841, 3054
10052, 3054
12990, 3054
12707, 3054
20447, 3054
13710, 3054
16736, 3054
11245, 3054
15185, 3054
15349, 3054
17411, 3054
15801, 3054
24788, 3054
7425, 3054
17618, 3054
19282, 3054
21887, 3054
16577, 3054
16341, 3054
24385, 3054
7495, 3054
10337, 3054
10463, 3054
21828, 3054
10841, 3054
22335, 3054
11380, 3054
18899, 3054
14901, 3054
22640, 3054
10338, 3054
24605, 3054
11944, 3054
10029, 3054
8885, 3054
21942, 3054
7608, 3054
17359, 3054
20195, 3054
19321, 3054
9191, 3054
20897, 3054
23787, 3054
18413, 3054
15630, 3054
16882, 3054
25020, 3054
8482, 3054
19055, 3054
16455, 3054
15117, 3054
9070, 3054
21689, 3054
16996, 3054
8865, 3054
12843, 3054
19491, 3054
13985, 3054
24697, 3054
9857, 3054
23335, 3054
20162, 3054
17018, 3054
22022, 3054
8318, 3054
10028, 3054
15658, 3054
13194, 3054
17118, 3054
7797, 3054
10166, 3054
18943, 3054
8362, 3054
16513, 3054
21586, 3054
12252, 3054
15528, 3054
21903, 3054
22130, 3054
18594, 3054
9603, 3054
20075, 3054
7704, 3054
8248, 3054
21241, 3054
18346, 3054
10253, 3054
23265, 3054
23644, 3054
12844, 3054
24792, 3054
15736, 3054
13903, 3054
20282, 3054
23597, 3054
8505, 3054
10011, 3054
10476, 3054
9123, 3054
13115, 3054
22748, 3054
21764, 3054
23100, 3054
8589, 3054
16294, 3054
12439, 3054
22119, 3054
22283, 3054
9035, 3054
17449, 3054
12452, 3054
19540, 3054
20861, 3054
13221, 3054
8739, 3054
21441, 3054
20078, 3054
18526, 3054
11202, 3054
8110, 3054
8686, 3054
22046, 3054
12432, 3054
10672, 3054
8434, 3054
15446, 3054
8833, 3054
16031, 3054
9867, 3054
19211, 3054
11123, 3054
9844, 3054
9918, 3054
18945, 3054
20956, 3054
7721, 3054
12735, 3054
12299, 3054
14962, 3054
13654, 3054
11745, 3054
17235, 3054
22607, 3054
21139, 3054
24288, 3054
15753, 3054
18876, 3054
22229, 3054
20348, 3054
9851, 3054
15581, 3054
11452, 3054
23264, 3054
9586, 3054
20637, 3054
15893, 3054
10904, 3054
19950, 3054
17450, 3054
12578, 3054
17209, 3054
18981, 3054
14255, 3054
14967, 3054
20409, 3054
9554, 3054
19089, 3054
13594, 3054
20967, 3054
13724, 3054
18203, 3054
13878, 3054
21064, 3054
13028, 3054
21408, 3054
17108, 3054
16662, 3054
18374, 3054
11808, 3054
22670, 3054
23234, 3054
14968, 3054
9445, 3054
19590, 3054
24203, 3054
22353, 3054
9676, 3054
13086, 3054
24725, 3054
22023, 3054
11126, 3054
10527, 3054
11125, 3054
21788, 3054
10232, 3054
20413, 3054
23224, 3054
14524, 3054
15772, 3054
20930, 3054
24992, 3054
22306, 3054
11896, 3054
8169, 3054
19527, 3054
13993, 3054
17447, 3054
9447, 3054
19513, 3054
14376, 3054
24488, 3054
9950, 3054
18482, 3054
19245, 3054
17400, 3054
10222, 3054
19478, 3054
23108, 3054
21572, 3054
9765, 3054
15932, 3054
13281, 3054
23096, 3054
15697, 3054
24508, 3054
20063, 3054
24440, 3054
18518, 3054
15247, 3054
16403, 3054
17124, 3054
15076, 3054
22516, 3054
18993, 3054
10730, 3054
12221, 3054
15746, 3054
13506, 3054
8197, 3054
23049, 3054
21180, 3054
12051, 3054
18581, 3054
15949, 3054
12848, 3054
15352, 3054
16729, 3054
9637, 3054
24535, 3054
22094, 3054
21144, 3054
21364, 3054
14444, 3054
18268, 3054
20924, 3054
11595, 3054
22913, 3054
13624, 3054
10803, 3054
9067, 3054
24111, 3054
10788, 3054
21365, 3054
10315, 3054
15751, 3054
16135, 3054
12460, 3054
23501, 3054
20676, 3054
17599, 3054
16344, 3054
10635, 3054
19507, 3054
23173, 3054
15095, 3054
16702, 3054
19809, 3054
16621, 3054
15448, 3054
18476, 3054
22583, 3054
21039, 3054
21393, 3054
18888, 3054
9777, 3054
17058, 3054
22649, 3054
15710, 3054
8893, 3054
13978, 3054
9102, 3054
9968, 3054
3054, 12804
12949, 3055
3055, 10458
22108, 3056
3056, 17642
15023, 3057
3057, 18362
11991, 3058
14865, 3058
24246, 3058
24443, 3058
10374, 3058
18519, 3058
19124, 3058
16017, 3058
9307, 3058
3058, 12011
3058, 22838
23076, 3059
3059, 19980
3059, 10057
19893, 3060
3060, 16178
22287, 3061
3061, 15269
3061, 23969
3061, 15809
11888, 3062
3062, 19007
3062, 18230
14965, 3063
3063, 18693
3063, 11479
16167, 3064
3064, 19027
3064, 19828
15457, 3065
24292, 3065
9283, 3065
12477, 3065
10439, 3065
20808, 3065
3065, 11455
18549, 3066
3066, 18096
24730, 3067
13259, 3067
16407, 3067
12664, 3067
3067, 16251
15309, 3068
13852, 3068
7777, 3068
3068, 10155
11501, 3069
19352, 3069
3069, 14086
8668, 3070
3070, 10828
3070, 8025
3070, 12524
18154, 3071
22673, 3071
3071, 17678
18514, 3072
14699, 3072
3072, 9841
12358, 3073
3073, 20059
3073, 13788
9820, 3074
3074, 21950
19780, 3075
3075, 16348
23620, 3076
3076, 21924
19801, 3077
3077, 18856
16206, 3078
11491, 3078
14640, 3078
9651, 3078
14024, 3078
3078, 23574
14823, 3079
15411, 3079
23009, 3079
8026, 3079
18223, 3079
14262, 3079
3079, 10379
9225, 3080
3080, 12822
8852, 3081
3081, 11611
9607, 3082
3082, 8959
15050, 3083
3083, 7835
8700, 3084
3084, 24558
10189, 3085
3085, 9003
8998, 3086
3086, 23338
12910, 3087
3087, 14409
20790, 3088
24263, 3088
3088, 10470
3088, 14285
3088, 14356
3088, 17239
3088, 18059
3088, 7942
3088, 12602
3088, 14299
3088, 18503
3088, 23554
3088, 10800
3088, 17527
3088, 21206
3088, 19234
3088, 13210
10623, 3089
3089, 14550
3089, 19470
18152, 3090
3090, 22930
19080, 3091
11100, 3091
20454, 3091
21838, 3091
9032, 3091
18733, 3091
10223, 3091
24903, 3091
24112, 3091
20465, 3091
23552, 3091
3091, 17215
14289, 3092
3092, 13475
20178, 3093
3093, 9841
12220, 3094
15060, 3094
12962, 3094
16844, 3094
19740, 3094
13849, 3094
12163, 3094
10391, 3094
19489, 3094
9787, 3094
7837, 3094
3094, 12804
23274, 3095
3095, 8996
10475, 3096
3096, 10055
14117, 3097
3097, 13664
12952, 3098
3098, 14081
18722, 3099
3099, 18309
20829, 3100
3100, 10504
23115, 3101
3101, 15233
3101, 21401
15263, 3102
3102, 10944
8286, 3103
9493, 3103
3103, 15492
12658, 3104
23642, 3104
3104, 15510
24380, 3105
3105, 8295
12670, 3106
17850, 3106
22403, 3106
19081, 3106
3106, 11334
8484, 3107
3107, 9481
11580, 3108
3108, 14909
12604, 3109
3109, 8724
15338, 3110
3110, 17418
11616, 3111
3111, 11455
9012, 3112
3112, 17678
18151, 3113
3113, 7734
21528, 3114
3114, 21700
9052, 3115
3115, 23127
22633, 3116
3116, 19787
9340, 3117
3117, 11564
10950, 3118
3118, 8999
22732, 3119
3119, 21298
12323, 3120
3120, 18986
15111, 3121
3121, 15707
11175, 3122
3122, 14835
8795, 3123
21699, 3123
3123, 9527
12355, 3124
3124, 23576
15730, 3125
3125, 9099
10717, 3126
3126, 15845
10542, 3127
3127, 7442
13476, 3128
3128, 9024
20837, 3129
11694, 3129
22761, 3129
23863, 3129
12191, 3129
10241, 3129
20610, 3129
10456, 3129
24032, 3129
13137, 3129
21826, 3129
19958, 3129
13377, 3129
23605, 3129
14730, 3129
18807, 3129
10105, 3129
21340, 3129
8512, 3129
10170, 3129
10879, 3129
22961, 3129
23700, 3129
20028, 3129
11096, 3129
12864, 3129
21238, 3129
13274, 3129
16501, 3129
18989, 3129
22125, 3129
22744, 3129
20663, 3129
13704, 3129
9756, 3129
23707, 3129
20502, 3129
13705, 3129
3129, 18540
23089, 3130
3130, 24477
17482, 3131
3131, 13870
3131, 14121
10823, 3132
3132, 16838
24801, 3133
18680, 3133
15318, 3133
16357, 3133
11335, 3133
15047, 3133
24357, 3133
19041, 3133
21326, 3133
19040, 3133
9593, 3133
21702, 3133
16881, 3133
12824, 3133
15994, 3133
22239, 3133
10848, 3133
20763, 3133
7957, 3133
8816, 3133
19981, 3133
13688, 3133
13209, 3133
21156, 3133
21290, 3133
16213, 3133
16144, 3133
15340, 3133
17338, 3133
14086, 3133
11040, 3133
15216, 3133
15068, 3133
8777, 3133
17848, 3133
8476, 3133
16293, 3133
16469, 3133
8918, 3133
12615, 3133
13363, 3133
8818, 3133
18075, 3133
8434, 3133
13509, 3133
12145, 3133
15177, 3133
18349, 3133
16598, 3133
23333, 3133
11047, 3133
15764, 3133
16037, 3133
7742, 3133
9901, 3133
14380, 3133
14644, 3133
22248, 3133
18051, 3133
9060, 3133
8631, 3133
10216, 3133
16514, 3133
8399, 3133
20134, 3133
19171, 3133
3133, 12804
15831, 3134
3134, 8424
17604, 3135
3135, 12206
3135, 12957
24929, 3136
3136, 19676
18968, 3137
3137, 12756
22190, 3138
12988, 3138
13181, 3138
21460, 3138
7619, 3138
11203, 3138
10445, 3138
3138, 24287
3138, 15241
3138, 18470
12243, 3139
3139, 9224
8222, 3140
3140, 14835
13045, 3141
3141, 10664
17306, 3142
3142, 21533
3142, 9125
3142, 13040
10234, 3143
3143, 16684
3143, 23771
21242, 3144
3144, 22576
15145, 3145
3145, 13446
13008, 3146
3146, 12080
11186, 3147
3147, 16577
16886, 3148
3148, 11365
3148, 20902
17509, 3149
3149, 16889
16792, 3150
3150, 7618
19893, 3151
3151, 21073
3151, 9161
3151, 12684
17211, 3152
3152, 23029
9870, 3153
24714, 3153
3153, 9193
18319, 3154
3154, 18588
8992, 3155
24885, 3155
3155, 12347
10159, 3156
3156, 24593
3156, 16976
3156, 18260
3156, 13292
3156, 14193
3156, 16905
3156, 24361
3156, 24873
3156, 24629
3156, 17045
12083, 3157
3157, 18787
24994, 3158
3158, 20838
10857, 3159
3159, 8333
12245, 3160
3160, 10946
21469, 3161
3161, 21687
3161, 19381
18221, 3162
3162, 11867
10644, 3163
3163, 12839
13769, 3164
3164, 17451
16157, 3165
21972, 3165
3165, 18969
13808, 3166
24225, 3166
3166, 20909
14765, 3167
16471, 3167
3167, 9531
22802, 3168
3168, 21584
11906, 3169
3169, 17416
23296, 3170
3170, 23705
15135, 3171
3171, 21161
3171, 10634
10252, 3172
3172, 16131
10455, 3173
3173, 10442
23066, 3174
3174, 24896
20903, 3175
3175, 13909
11465, 3176
3176, 14357
21953, 3177
3177, 9547
15239, 3178
3178, 20995
11906, 3179
3179, 14398
13842, 3180
3180, 10208
23526, 3181
3181, 23975
23553, 3182
22970, 3182
19656, 3182
9140, 3182
18985, 3182
23165, 3182
19730, 3182
22331, 3182
16949, 3182
9173, 3182
14254, 3182
16692, 3182
20970, 3182
8083, 3182
15061, 3182
7716, 3182
14511, 3182
8323, 3182
22535, 3182
20493, 3182
20525, 3182
13910, 3182
11211, 3182
15993, 3182
13729, 3182
11838, 3182
13333, 3182
15147, 3182
16304, 3182
18639, 3182
11276, 3182
23424, 3182
10384, 3182
20128, 3182
21227, 3182
23822, 3182
25008, 3182
21089, 3182
18529, 3182
20960, 3182
18235, 3182
14715, 3182
13735, 3182
18062, 3182
18530, 3182
24877, 3182
21559, 3182
9590, 3182
15936, 3182
10380, 3182
9165, 3182
19963, 3182
3182, 8406
11759, 3183
3183, 13376
10466, 3184
3184, 19100
15158, 3185
3185, 12824
17944, 3186
3186, 24527
11713, 3187
22616, 3187
15073, 3187
16505, 3187
12050, 3187
7998, 3187
14129, 3187
24628, 3187
17092, 3187
13601, 3187
9410, 3187
14323, 3187
23293, 3187
8356, 3187
16772, 3187
18082, 3187
15649, 3187
14246, 3187
3187, 17189
17242, 3188
3188, 18633
20922, 3189
3189, 7760
14154, 3190
15484, 3190
21702, 3190
16720, 3190
21639, 3190
24844, 3190
17732, 3190
17797, 3190
24349, 3190
8434, 3190
20012, 3190
24301, 3190
17032, 3190
23771, 3190
3190, 12804
17009, 3191
3191, 21341
3191, 9642
19076, 3192
3192, 20071
12514, 3193
8655, 3193
16910, 3193
16280, 3193
19714, 3193
22000, 3193
23060, 3193
19172, 3193
13777, 3193
3193, 9461
3193, 13434
16479, 3194
3194, 16519
3194, 18564
3194, 8090
3194, 12731
3194, 16306
3194, 20801
19623, 3195
3195, 23171
12251, 3196
3196, 9613
3196, 24526
3196, 15926
14738, 3197
3197, 9674
11855, 3198
3198, 22959
11626, 3199
3199, 21372
16274, 3200
3200, 7904
22500, 3201
7653, 3201
3201, 16173
13429, 3202
3202, 23846
18826, 3203
10462, 3203
8815, 3203
3203, 9577
20058, 3204
13042, 3204
3204, 7561
17363, 3205
3205, 24122
21321, 3206
3206, 22600
12781, 3207
3207, 20225
24471, 3208
3208, 22980
16442, 3209
3209, 13909
23687, 3210
3210, 7780
19290, 3211
15267, 3211
3211, 15789
23217, 3212
3212, 20114
11545, 3213
3213, 16082
9805, 3214
3214, 20968
3214, 14477
23941, 3215
3215, 9079
20671, 3216
3216, 9788
21266, 3217
16928, 3217
24572, 3217
23835, 3217
3217, 22198
18582, 3218
3218, 14017
3218, 16005
3218, 17985
23364, 3219
3219, 21700
14941, 3220
3220, 11546
23244, 3221
3221, 12063
18420, 3222
10866, 3222
9849, 3222
3222, 18540
9927, 3223
3223, 13149
19706, 3224
17907, 3224
17561, 3224
21040, 3224
18455, 3224
12246, 3224
20442, 3224
20486, 3224
12087, 3224
7869, 3224
3224, 13555
15972, 3225
11404, 3225
3225, 8162
18551, 3226
18653, 3226
20709, 3226
20893, 3226
22550, 3226
17629, 3226
15985, 3226
19364, 3226
18323, 3226
24701, 3226
15108, 3226
3226, 10345
19840, 3227
3227, 18225
11556, 3228
3228, 24008
11629, 3229
3229, 8780
21303, 3230
3230, 11873
11957, 3231
3231, 10574
8447, 3232
3232, 16668
20804, 3233
3233, 10369
13321, 3234
23124, 3234
23820, 3234
3234, 14130
3234, 18089
3234, 9294
3234, 16010
3234, 15835
3234, 8334
3234, 14988
3234, 10388
3234, 16568
3234, 8102
3234, 14908
3234, 14290
3234, 13799
3234, 24926
3234, 15026
3234, 21738
3234, 12717
3234, 15125
3234, 13104
3234, 15770
3234, 16707
3234, 8329
3234, 16092
3234, 12157
3234, 21784
3234, 9104
3234, 16750
3234, 20451
7853, 3235
3235, 20826
3235, 20462
3235, 17003
10606, 3236
3236, 18031
17454, 3237
3237, 8707
11001, 3238
3238, 14085
11186, 3239
3239, 14067
3239, 18991
22429, 3240
3240, 13757
14877, 3241
12413, 3241
7750, 3241
3241, 22206
12629, 3242
3242, 17669
14768, 3243
3243, 19130
16224, 3244
3244, 15626
10234, 3245
12251, 3245
3245, 16630
3245, 14563
17146, 3246
3246, 15306
18582, 3247
3247, 22144
3247, 11182
3247, 22876
17420, 3248
3248, 13649
3248, 16324
3248, 8203
14117, 3249
3249, 14611
12493, 3250
3250, 17770
3250, 20902
22532, 3251
3251, 14172
8387, 3252
3252, 11563
11947, 3253
3253, 19803
15826, 3254
14942, 3254
14778, 3254
19905, 3254
24868, 3254
13850, 3254
8994, 3254
18484, 3254
21603, 3254
19740, 3254
22144, 3254
17639, 3254
11182, 3254
11727, 3254
11185, 3254
23347, 3254
18931, 3254
19303, 3254
12256, 3254
11461, 3254
17567, 3254
19511, 3254
13812, 3254
20223, 3254
23269, 3254
20684, 3254
20715, 3254
17346, 3254
24584, 3254
12742, 3254
9995, 3254
19906, 3254
15095, 3254
22876, 3254
18589, 3254
3254, 12804
14591, 3255
3255, 15761
24279, 3256
3256, 14744
10133, 3257
3257, 8400
3257, 10194
24434, 3258
3258, 11532
21841, 3259
3259, 22851
3259, 23117
3259, 18117
3259, 8358
19877, 3260
12135, 3260
17529, 3260
16535, 3260
18829, 3260
17192, 3260
21551, 3260
24189, 3260
11241, 3260
10862, 3260
18801, 3260
22833, 3260
16761, 3260
10040, 3260
20981, 3260
16493, 3260
17121, 3260
24631, 3260
12974, 3260
13485, 3260
18157, 3260
8218, 3260
14925, 3260
9909, 3260
17711, 3260
21521, 3260
9176, 3260
18243, 3260
23514, 3260
18611, 3260
7903, 3260
18687, 3260
9278, 3260
18528, 3260
13347, 3260
19918, 3260
23068, 3260
20503, 3260
12968, 3260
16732, 3260
22020, 3260
12309, 3260
8696, 3260
24807, 3260
8095, 3260
10986, 3260
10677, 3260
19516, 3260
16151, 3260
10948, 3260
13645, 3260
11718, 3260
18197, 3260
15109, 3260
21999, 3260
12320, 3260
9936, 3260
12511, 3260
16533, 3260
9684, 3260
7474, 3260
22289, 3260
14392, 3260
12029, 3260
23618, 3260
16265, 3260
16667, 3260
24310, 3260
14666, 3260
20891, 3260
18780, 3260
12021, 3260
11142, 3260
7473, 3260
24621, 3260
17323, 3260
12662, 3260
16554, 3260
13143, 3260
18788, 3260
23869, 3260
8936, 3260
14004, 3260
17301, 3260
18607, 3260
20000, 3260
11372, 3260
11794, 3260
15864, 3260
19875, 3260
12798, 3260
24936, 3260
9260, 3260
14106, 3260
11728, 3260
23626, 3260
23180, 3260
12902, 3260
15225, 3260
24749, 3260
16120, 3260
15322, 3260
23025, 3260
20131, 3260
9655, 3260
21544, 3260
8032, 3260
22821, 3260
15853, 3260
16108, 3260
10601, 3260
15640, 3260
17538, 3260
19985, 3260
10074, 3260
7996, 3260
9320, 3260
18472, 3260
17014, 3260
9967, 3260
13500, 3260
11303, 3260
8149, 3260
10364, 3260
20050, 3260
19878, 3260
10640, 3260
8513, 3260
9531, 3260
16874, 3260
11152, 3260
11778, 3260
10593, 3260
13171, 3260
21175, 3260
8328, 3260
23311, 3260
10259, 3260
8819, 3260
23705, 3260
15527, 3260
9412, 3260
23677, 3260
24611, 3260
20928, 3260
19370, 3260
21090, 3260
8156, 3260
17125, 3260
12874, 3260
20191, 3260
22454, 3260
7518, 3260
23190, 3260
24411, 3260
17807, 3260
18297, 3260
9611, 3260
11547, 3260
24245, 3260
7904, 3260
15044, 3260
21751, 3260
9902, 3260
13245, 3260
12061, 3260
19351, 3260
8562, 3260
16906, 3260
13940, 3260
18944, 3260
11532, 3260
16176, 3260
22448, 3260
21734, 3260
13186, 3260
16997, 3260
17742, 3260
12539, 3260
20540, 3260
3260, 15880
16792, 3261
3261, 13952
8846, 3262
3262, 11769
21460, 3263
3263, 24489
13574, 3264
3264, 20256
16203, 3265
3265, 14057
23914, 3266
10202, 3266
3266, 15351
21940, 3267
3267, 14910
15507, 3268
3268, 24654
13944, 3269
3269, 9704
3269, 21666
3269, 9061
16987, 3270
3270, 22576
18069, 3271
3271, 12134
3271, 12699
19288, 3272
3272, 23775
11477, 3273
3273, 19062
3273, 23308
23623, 3274
3274, 18265
24673, 3275
3275, 10372
14117, 3276
3276, 16297
15417, 3277
3277, 22289
12080, 3278
21687, 3278
3278, 17823
14015, 3279
3279, 16046
21271, 3280
3280, 9934
13944, 3281
3281, 19367
3281, 24938
3281, 21078
3281, 23222
3281, 18491
13734, 3282
3282, 20834
16479, 3283
3283, 7439
3283, 17893
3283, 14493
15896, 3284
3284, 16781
16925, 3285
3285, 19237
18904, 3286
3286, 20381
3286, 22551
3286, 17633
3286, 13931
24682, 3287
3287, 11035
10133, 3288
3288, 15518
9314, 3289
3289, 23358
16925, 3290
3290, 18001
18335, 3291
3291, 21341
14219, 3292
3292, 18230
23382, 3293
3293, 21513
11650, 3294
3294, 19047
3294, 15002
7763, 3295
3295, 20492
11906, 3296
3296, 12313
22192, 3297
3297, 24519
16541, 3298
3298, 12647
24696, 3299
3299, 8568
11112, 3300
3300, 10782
16925, 3301
3301, 22319
7959, 3302
3302, 18913
16925, 3303
3303, 14947
19801, 3304
3304, 19564
19249, 3305
3305, 14871
21674, 3306
9016, 3306
14854, 3306
3306, 20553
19374, 3307
3307, 8250
10815, 3308
3308, 12419
18274, 3309
3309, 16999
3309, 21397
3309, 9334
18676, 3310
3310, 15392
12076, 3311
13555, 3311
12887, 3311
13669, 3311
24261, 3311
3311, 15369
15482, 3312
3312, 12526
19185, 3313
3313, 17044
24371, 3314
3314, 14700
21905, 3315
22851, 3315
14139, 3315
17464, 3315
11973, 3315
24444, 3315
8189, 3315
7982, 3315
9130, 3315
14181, 3315
21625, 3315
9907, 3315
17738, 3315
9841, 3315
19406, 3315
23103, 3315
24388, 3315
15103, 3315
22643, 3315
10237, 3315
16006, 3315
20247, 3315
21600, 3315
24159, 3315
7992, 3315
11565, 3315
10773, 3315
3315, 12598
9314, 3316
3316, 8122
7875, 3317
3317, 12822
19801, 3318
3318, 13864
16925, 3319
3319, 23393
3319, 10757
23076, 3320
3320, 9762
18904, 3321
11186, 3321
3321, 9579
15654, 3322
3322, 8246
17083, 3323
3323, 16844
10252, 3324
3324, 17043
15623, 3325
3325, 16923
11582, 3326
3326, 15756
16925, 3327
3327, 21900
11146, 3328
3328, 7666
23782, 3329
3329, 18419
8107, 3330
3330, 18540
12064, 3331
3331, 16975
23541, 3332
3332, 8264
16673, 3333
3333, 22775
12415, 3334
10159, 3334
3334, 14891
3334, 19162
3334, 23242
3334, 16119
3334, 8054
3334, 19125
3334, 15617
3334, 12348
3334, 16956
3334, 18399
3334, 22007
3334, 19409
3334, 18423
3334, 18138
3334, 9405
20701, 3335
3335, 23454
24250, 3336
3336, 15811
20444, 3337
3337, 23803
21696, 3338
3338, 23666
10549, 3339
3339, 13669
17493, 3340
3340, 13067
9021, 3341
3341, 18611
16452, 3342
3342, 9429
11998, 3343
8778, 3343
3343, 7736
13432, 3344
3344, 20569
3344, 19411
14779, 3345
3345, 12647
24710, 3346
3346, 12010
21707, 3347
3347, 12915
3347, 21687
3347, 16192
12427, 3348
3348, 12066
3348, 24275
3348, 21319
18582, 3349
3349, 14681
3349, 19901
3349, 9096
12586, 3350
3350, 9380
17572, 3351
14610, 3351
14835, 3351
12834, 3351
3351, 17130
13711, 3352
3352, 23159
21660, 3353
3353, 14148
7488, 3354
18733, 3354
10555, 3354
13283, 3354
7834, 3354
10115, 3354
3354, 16091
3354, 14387
3354, 22224
22807, 3355
3355, 20361
17428, 3356
3356, 13657
10234, 3357
3357, 24953
13813, 3358
3358, 14616
13191, 3359
3359, 10242
10133, 3360
3360, 23161
12302, 3361
3361, 17973
13944, 3362
3362, 19002
17009, 3363
3363, 9342
3363, 9057
3363, 7437
3363, 21967
3363, 16845
13011, 3364
3364, 23536
11415, 3365
17783, 3365
9721, 3365
3365, 24839
8746, 3366
3366, 15442
17425, 3367
3367, 9248
22721, 3368
3368, 23395
3368, 10940
20853, 3369
3369, 12834
20011, 3370
23170, 3370
10108, 3370
12475, 3370
21274, 3370
3370, 18479
22903, 3371
3371, 20186
18625, 3372
3372, 22482
15588, 3373
3373, 11396
14117, 3374
3374, 22234
16792, 3375
3375, 17818
13043, 3376
3376, 21864
19908, 3377
3377, 12822
21122, 3378
3378, 9676
22738, 3379
3379, 15613
24610, 3380
3380, 20130
15625, 3381
11514, 3381
3381, 16117
17363, 3382
3382, 24122
10418, 3383
3383, 10668
21482, 3384
3384, 18419
12880, 3385
9511, 3385
23554, 3385
17109, 3385
19800, 3385
17216, 3385
18267, 3385
23564, 3385
19617, 3385
24439, 3385
19230, 3385
18584, 3385
8575, 3385
10400, 3385
10131, 3385
10787, 3385
10964, 3385
18844, 3385
12614, 3385
10632, 3385
20968, 3385
14569, 3385
14132, 3385
24962, 3385
10322, 3385
19631, 3385
7705, 3385
18027, 3385
10150, 3385
15511, 3385
20424, 3385
19088, 3385
9532, 3385
10947, 3385
15244, 3385
12807, 3385
20214, 3385
13746, 3385
21206, 3385
9535, 3385
15934, 3385
9287, 3385
8817, 3385
9372, 3385
10643, 3385
16319, 3385
23664, 3385
12603, 3385
18019, 3385
12519, 3385
13018, 3385
14152, 3385
20200, 3385
20609, 3385
20870, 3385
15255, 3385
7706, 3385
20204, 3385
19346, 3385
9988, 3385
16480, 3385
18608, 3385
24961, 3385
17663, 3385
12702, 3385
16140, 3385
16100, 3385
13823, 3385
20410, 3385
16845, 3385
21808, 3385
10336, 3385
13266, 3385
13483, 3385
23463, 3385
9468, 3385
10734, 3385
16584, 3385
20565, 3385
18039, 3385
10598, 3385
16961, 3385
20257, 3385
23710, 3385
9389, 3385
23521, 3385
14930, 3385
14503, 3385
24313, 3385
9437, 3385
22386, 3385
23250, 3385
24196, 3385
17857, 3385
20597, 3385
16188, 3385
8434, 3385
22075, 3385
21413, 3385
15717, 3385
18165, 3385
19700, 3385
14538, 3385
17375, 3385
19849, 3385
14847, 3385
7586, 3385
12672, 3385
21508, 3385
20270, 3385
12429, 3385
19693, 3385
16365, 3385
11526, 3385
20515, 3385
14369, 3385
14477, 3385
21848, 3385
22758, 3385
16484, 3385
21902, 3385
9983, 3385
13538, 3385
10258, 3385
9750, 3385
11807, 3385
16291, 3385
22432, 3385
10621, 3385
19645, 3385
20301, 3385
24417, 3385
24128, 3385
24350, 3385
14521, 3385
18284, 3385
12327, 3385
11139, 3385
21588, 3385
19393, 3385
16486, 3385
17394, 3385
11137, 3385
24702, 3385
11884, 3385
17915, 3385
14303, 3385
15694, 3385
20186, 3385
21479, 3385
18695, 3385
17548, 3385
11029, 3385
15071, 3385
10373, 3385
24904, 3385
13586, 3385
18202, 3385
19870, 3385
8315, 3385
24563, 3385
13881, 3385
15514, 3385
17585, 3385
16216, 3385
8316, 3385
19768, 3385
17883, 3385
23207, 3385
22656, 3385
12692, 3385
3385, 12804
16102, 3386
3386, 19201
14144, 3387
3387, 11709
17700, 3388
3388, 15919
8933, 3389
3389, 19846
11675, 3390
14483, 3390
13251, 3390
21959, 3390
22258, 3390
3390, 17150
23670, 3391
3391, 16066
3391, 15948
18103, 3392
23810, 3392
13146, 3392
22093, 3392
9420, 3392
21079, 3392
18527, 3392
12401, 3392
12331, 3392
12534, 3392
20758, 3392
11497, 3392
22021, 3392
14714, 3392
3392, 13792
15417, 3393
3393, 22289
13759, 3394
14578, 3394
15424, 3394
3394, 12929
22785, 3395
3395, 13522
21712, 3396
3396, 7552
19929, 3397
3397, 13900
23139, 3398
3398, 18540
23876, 3399
3399, 18540
16595, 3400
13613, 3400
3400, 24284
21800, 3401
3401, 21284
7919, 3402
3402, 14273
14470, 3403
3403, 21701
12148, 3404
3404, 11911
24815, 3405
3405, 13197
18821, 3406
3406, 19723
11178, 3407
3407, 19521
23076, 3408
3408, 24505
3408, 12749
3408, 15883
3408, 22981
3408, 12412
18879, 3409
3409, 24596
11740, 3410
3410, 9092
12251, 3411
3411, 10191
3411, 17614
9805, 3412
3412, 12901
13180, 3413
3413, 8121
7770, 3414
3414, 21262
16070, 3415
3415, 22881
18968, 3416
3416, 17086
23623, 3417
3417, 17716
24448, 3418
3418, 14499
18044, 3419
3419, 14497
23353, 3420
3420, 10437
22561, 3421
3421, 16049
23376, 3422
3422, 8089
19801, 3423
3423, 11901
22633, 3424
3424, 19787
17553, 3425
19889, 3425
3425, 13133
9789, 3426
23903, 3426
24974, 3426
18750, 3426
20468, 3426
16644, 3426
24902, 3426
3426, 21401
3426, 21873
8580, 3427
3427, 24319
7639, 3428
3428, 9584
18211, 3429
3429, 13593
3429, 14200
3429, 11842
3429, 23899
17412, 3430
3430, 24308
13614, 3431
3431, 8486
12095, 3432
3432, 12306
11926, 3433
24441, 3433
3433, 17504
19349, 3434
24399, 3434
10118, 3434
12063, 3434
19649, 3434
9353, 3434
10395, 3434
10367, 3434
15782, 3434
20147, 3434
8230, 3434
12374, 3434
11914, 3434
18600, 3434
16183, 3434
10628, 3434
15307, 3434
10181, 3434
16449, 3434
14044, 3434
21001, 3434
14506, 3434
18833, 3434
7618, 3434
11822, 3434
23444, 3434
10513, 3434
8290, 3434
20478, 3434
7633, 3434
20739, 3434
22663, 3434
9597, 3434
21341, 3434
21700, 3434
17189, 3434
14472, 3434
16384, 3434
18224, 3434
19789, 3434
19788, 3434
11915, 3434
16678, 3434
8225, 3434
14744, 3434
17043, 3434
20629, 3434
15066, 3434
22202, 3434
12536, 3434
21864, 3434
13929, 3434
18540, 3434
14746, 3434
10855, 3434
19643, 3434
10551, 3434
9046, 3434
10953, 3434
13280, 3434
9081, 3434
10281, 3434
23576, 3434
16978, 3434
9454, 3434
9794, 3434
10403, 3434
13815, 3434
7680, 3434
11455, 3434
10650, 3434
20071, 3434
12545, 3434
11062, 3434
14493, 3434
17376, 3434
24517, 3434
7780, 3434
24704, 3434
15560, 3434
11099, 3434
17870, 3434
24104, 3434
23976, 3434
7748, 3434
21497, 3434
21584, 3434
14920, 3434
23389, 3434
3434, 16758
3434, 16925
9820, 3435
3435, 23461
14070, 3436
3436, 19371
18063, 3437
3437, 16136
23020, 3438
3438, 9024
21524, 3439
3439, 16716
17543, 3440
3440, 12738
10707, 3441
3441, 11199
20757, 3442
3442, 10524
19209, 3443
24030, 3443
3443, 7852
24068, 3444
7843, 3444
22034, 3444
21917, 3444
7654, 3444
12048, 3444
12822, 3444
20932, 3444
13900, 3444
24953, 3444
7699, 3444
24705, 3444
8781, 3444
19609, 3444
8820, 3444
21604, 3444
14841, 3444
20379, 3444
24911, 3444
19455, 3444
17324, 3444
8676, 3444
20057, 3444
7475, 3444
17888, 3444
14896, 3444
24195, 3444
3444, 9862
9749, 3445
3445, 10253
19276, 3446
3446, 23976
23076, 3447
3447, 15826
18582, 3448
3448, 10119
3448, 13850
3448, 14014
3448, 16608
23258, 3449
3449, 17399
16276, 3450
3450, 23443
15779, 3451
11914, 3451
23472, 3451
18540, 3451
9046, 3451
12352, 3451
10885, 3451
10627, 3451
3451, 21114
3451, 16925
10252, 3452
3452, 17870
19497, 3453
3453, 12822
20421, 3454
3454, 24090
17670, 3455
3455, 15758
23203, 3456
3456, 10968
16211, 3457
3457, 15359
24525, 3458
13356, 3458
3458, 7493
8530, 3459
3459, 11675
17650, 3460
3460, 22575
24900, 3461
3461, 18517
24577, 3462
3462, 14638
24177, 3463
3463, 9187
16925, 3464
3464, 13886
10234, 3465
3465, 24261
3465, 9447
3465, 22913
13969, 3466
3466, 12037
3466, 22010
15274, 3467
3467, 14918
22897, 3468
3468, 14169
11906, 3469
3469, 10855
14959, 3470
3470, 8333
13405, 3471
3471, 16555
14927, 3472
3472, 10339
9609, 3473
3473, 23672
15184, 3474
3474, 13626
15396, 3475
3475, 10974
3475, 14084
12150, 3476
11069, 3476
3476, 13057
17030, 3477
3477, 22791
19533, 3478
3478, 9547
22594, 3479
3479, 23195
24586, 3480
3480, 7472
3480, 8898
13944, 3481
3481, 20450
3481, 12829
12292, 3482
3482, 17276
9793, 3483
16182, 3483
14700, 3483
9853, 3483
17541, 3483
15475, 3483
16532, 3483
13169, 3483
21506, 3483
21372, 3483
12318, 3483
10235, 3483
13648, 3483
12936, 3483
20077, 3483
16404, 3483
21225, 3483
15979, 3483
20227, 3483
17795, 3483
15884, 3483
21423, 3483
19772, 3483
8066, 3483
24973, 3483
19701, 3483
11553, 3483
9728, 3483
16775, 3483
13772, 3483
20952, 3483
9943, 3483
11794, 3483
19054, 3483
9947, 3483
22861, 3483
11903, 3483
8571, 3483
8708, 3483
20426, 3483
12981, 3483
22590, 3483
16055, 3483
13707, 3483
22228, 3483
23189, 3483
10087, 3483
13644, 3483
7471, 3483
13757, 3483
9039, 3483
23050, 3483
10345, 3483
11707, 3483
8148, 3483
17986, 3483
21530, 3483
20386, 3483
8424, 3483
21246, 3483
22048, 3483
24883, 3483
13339, 3483
16366, 3483
19986, 3483
14253, 3483
16436, 3483
19225, 3483
21442, 3483
22573, 3483
14893, 3483
9330, 3483
9694, 3483
16043, 3483
8479, 3483
24223, 3483
11086, 3483
10379, 3483
23842, 3483
21889, 3483
11593, 3483
3483, 20707
3483, 9427
19801, 3484
3484, 14108
19665, 3485
3485, 19342
15212, 3486
3486, 8543
7900, 3487
3487, 24275
3487, 19269
8131, 3488
3488, 16899
15482, 3489
3489, 8232
13592, 3490
3490, 12306
20320, 3491
3491, 22139
8532, 3492
3492, 22482
16123, 3493
3493, 8288
8735, 3494
3494, 13465
11304, 3495
3495, 20060
22359, 3496
18190, 3496
22038, 3496
16812, 3496
18751, 3496
12930, 3496
19177, 3496
22466, 3496
19279, 3496
18270, 3496
17001, 3496
3496, 12011
3496, 13977
3496, 10681
8488, 3497
3497, 19070
3497, 13182
19031, 3498
3498, 8600
9677, 3499
10531, 3499
3499, 21886
14791, 3500
3500, 10615
9547, 3501
23107, 3501
3501, 19166
14405, 3502
3502, 22431
8484, 3503
3503, 9481
16528, 3504
3504, 18419
13963, 3505
3505, 21485
11130, 3506
3506, 9135
15041, 3507
3507, 20959
7892, 3508
3508, 20335
12325, 3509
3509, 20038
17602, 3510
3510, 24645
3510, 17481
22695, 3511
3511, 11692
19893, 3512
3512, 17471
3512, 11338
3512, 18996
15210, 3513
3513, 11878
3513, 13370
13072, 3514
3514, 17057
8207, 3515
3515, 13676
18802, 3516
3516, 16813
3516, 10955
13896, 3517
3517, 17106
16984, 3518
3518, 18110
21626, 3519
3519, 7863
10173, 3520
9619, 3520
3520, 21046
18226, 3521
3521, 15282
10024, 3522
17579, 3522
17660, 3522
15067, 3522
18745, 3522
23741, 3522
3522, 16570
21600, 3523
11490, 3523
3523, 12474
13061, 3524
3524, 23584
11196, 3525
3525, 9098
16517, 3526
3526, 17019
13087, 3527
3527, 24934
22311, 3528
3528, 13566
17961, 3529
3529, 7780
11611, 3530
18813, 3530
17669, 3530
17539, 3530
3530, 23277
24332, 3531
3531, 21191
19752, 3532
24507, 3532
9709, 3532
3532, 8294
20230, 3533
3533, 18067
12108, 3534
3534, 9207
16219, 3535
3535, 11212
18968, 3536
3536, 7964
11327, 3537
3537, 10484
7451, 3538
17919, 3538
16016, 3538
23723, 3538
20141, 3538
18135, 3538
10480, 3538
3538, 12368
16925, 3539
3539, 9330
10646, 3540
3540, 20237
24999, 3541
3541, 20170
3541, 22469
9024, 3542
23038, 3542
23803, 3542
21687, 3542
3542, 8461
22867, 3543
3543, 11478
9345, 3544
3544, 16335
14912, 3545
14899, 3545
24390, 3545
23073, 3545
22151, 3545
11077, 3545
10547, 3545
23607, 3545
20977, 3545
3545, 14520
7543, 3546
11364, 3546
7597, 3546
21796, 3546
3546, 7425
12261, 3547
3547, 13788
14052, 3548
3548, 9684
12333, 3549
3549, 13460
16517, 3550
3550, 17019
12426, 3551
3551, 23082
16925, 3552
3552, 11536
21582, 3553
3553, 17804
16015, 3554
3554, 9773
3554, 20189
3554, 11954
9861, 3555
3555, 21885
22210, 3556
3556, 18064
17470, 3557
3557, 19579
24706, 3558
3558, 23272
12906, 3559
3559, 16238
19801, 3560
3560, 22736
23874, 3561
19118, 3561
11357, 3561
3561, 17099
10125, 3562
3562, 13820
10152, 3563
3563, 15646
3563, 8188
3563, 22932
3563, 16149
3563, 11083
3563, 8348
3563, 23924
3563, 14390
3563, 9763
3563, 16236
3563, 15679
3563, 13536
3563, 8798
3563, 9526
3563, 14690
3563, 23001
3563, 24752
3563, 15242
3563, 20432
3563, 11456
3563, 10023
3563, 8736
3563, 15863
3563, 12649
3563, 20103
3563, 14522
3563, 16566
3563, 19216
3563, 23582
3563, 18373
3563, 7535
3563, 23709
3563, 23077
3563, 14197
3563, 14447
3563, 19136
3563, 9054
3563, 14894
3563, 21120
3563, 18544
3563, 9168
3563, 19412
3563, 12656
3563, 15743
3563, 21459
3563, 23652
3563, 24423
3563, 19659
3563, 18711
3563, 15802
3563, 24126
3563, 23299
3563, 17174
3563, 20294
3563, 16826
3563, 19575
3563, 16920
3563, 17656
3563, 14184
3563, 22682
3563, 9154
3563, 12431
3563, 9653
3563, 23327
3563, 17646
3563, 15021
3563, 19726
3563, 9877
3563, 20524
3563, 17134
3563, 11746
3563, 22572
3563, 17490
3563, 13326
3563, 20693
3563, 11290
3563, 18210
3563, 9989
3563, 7532
3563, 14618
3563, 12762
3563, 17558
3563, 19199
3563, 15170
3563, 9604
3563, 18835
3563, 7646
3563, 14530
3563, 16660
3563, 17713
3563, 17062
3563, 17619
3563, 7792
3563, 9440
3563, 12527
3563, 17462
3563, 8241
3563, 23210
3563, 17430
3563, 12249
3563, 9792
3563, 24220
3563, 11696
3563, 18977
3563, 8206
3563, 20211
3563, 21269
3563, 14330
3563, 8244
3563, 15006
3563, 18025
3563, 14692
3563, 24790
3563, 12028
3563, 18595
3563, 13438
3563, 17364
3563, 21407
22599, 3564
3564, 21654
3564, 10777
10680, 3565
3565, 12822
20851, 3566
3566, 8208
17815, 3567
13522, 3567
3567, 10517
9920, 3568
3568, 24305
15181, 3569
3569, 10544
12055, 3570
3570, 11983
17814, 3571
3571, 23684
16925, 3572
3572, 23869
9836, 3573
3573, 10752
9201, 3574
3574, 23515
12317, 3575
3575, 9046
21704, 3576
3576, 21700
11574, 3577
3577, 18969
24588, 3578
3578, 18540
17541, 3579
9348, 3579
15858, 3579
18631, 3579
15568, 3579
19426, 3579
8428, 3579
20165, 3579
18473, 3579
21943, 3579
3579, 20179
3579, 9427
12438, 3580
17705, 3580
3580, 16173
23817, 3581
3581, 22102
3581, 8821
11042, 3582
3582, 15756
11171, 3583
3583, 22800
3583, 15613
23859, 3584
3584, 8434
23225, 3585
3585, 7637
12388, 3586
3586, 23715
3586, 15440
14117, 3587
3587, 23579
20453, 3588
3588, 13183
11596, 3589
3589, 18612
23937, 3590
18968, 3590
3590, 22676
12372, 3591
15442, 3591
3591, 16726
22716, 3592
8366, 3592
3592, 21584
16925, 3593
3593, 21730
8216, 3594
3594, 22465
3594, 11510
3594, 19764
3594, 15988
3594, 19353
15721, 3595
3595, 7442
20889, 3596
3596, 21298
20683, 3597
3597, 13422
11183, 3598
3598, 13175
8948, 3599
3599, 16066
3599, 20136
24557, 3600
11675, 3600
20235, 3600
9970, 3600
9588, 3600
10300, 3600
3600, 16869
10988, 3601
3601, 14022
18148, 3602
3602, 9039
3602, 12351
15127, 3603
3603, 12822
13802, 3604
13788, 3604
3604, 8863
13032, 3605
3605, 12285
14455, 3606
3606, 14664
22447, 3607
3607, 23050
17785, 3608
3608, 18159
10176, 3609
3609, 21613
13489, 3610
3610, 21938
22930, 3611
20258, 3611
14013, 3611
20702, 3611
16131, 3611
15119, 3611
21772, 3611
20015, 3611
15548, 3611
20316, 3611
15492, 3611
18540, 3611
22184, 3611
23692, 3611
17678, 3611
15832, 3611
16747, 3611
17326, 3611
3611, 18577
3611, 16925
10401, 3612
14793, 3612
9115, 3612
16194, 3612
16613, 3612
19992, 3612
15325, 3612
11910, 3612
23123, 3612
15090, 3612
22868, 3612
3612, 22663
13166, 3613
3613, 16317
10252, 3614
3614, 18694
9805, 3615
12251, 3615
18582, 3615
3615, 19716
3615, 11944
3615, 14376
16203, 3616
3616, 9303
12691, 3617
3617, 10983
16385, 3618
3618, 12076
9262, 3619
3619, 14593
24815, 3620
3620, 16680
24722, 3621
3621, 17052
8483, 3622
8623, 3622
3622, 12525
8926, 3623
13739, 3623
3623, 22733
19169, 3624
24651, 3624
10075, 3624
15099, 3624
9441, 3624
19123, 3624
19152, 3624
7761, 3624
15373, 3624
19846, 3624
8183, 3624
10695, 3624
24993, 3624
20953, 3624
11603, 3624
13834, 3624
20669, 3624
9923, 3624
23507, 3624
14829, 3624
19368, 3624
21185, 3624
18109, 3624
9301, 3624
14881, 3624
8783, 3624
17704, 3624
21762, 3624
17635, 3624
12822, 3624
11299, 3624
14259, 3624
22923, 3624
18155, 3624
13784, 3624
11549, 3624
18347, 3624
17506, 3624
11688, 3624
12532, 3624
20108, 3624
12875, 3624
20551, 3624
14627, 3624
21593, 3624
7540, 3624
19566, 3624
21375, 3624
20374, 3624
8063, 3624
16418, 3624
8742, 3624
17841, 3624
22782, 3624
7756, 3624
23751, 3624
19010, 3624
23469, 3624
24591, 3624
13141, 3624
16008, 3624
8509, 3624
13719, 3624
12674, 3624
19611, 3624
17845, 3624
8113, 3624
24465, 3624
20254, 3624
14564, 3624
17384, 3624
23402, 3624
14039, 3624
16641, 3624
8507, 3624
12730, 3624
13607, 3624
14468, 3624
8971, 3624
7542, 3624
18187, 3624
13960, 3624
12486, 3624
12171, 3624
18017, 3624
7876, 3624
20942, 3624
23809, 3624
23425, 3624
22969, 3624
20420, 3624
12868, 3624
14615, 3624
13681, 3624
9921, 3624
16998, 3624
21432, 3624
16879, 3624
16993, 3624
17183, 3624
12047, 3624
20004, 3624
9795, 3624
11633, 3624
23957, 3624
10423, 3624
15868, 3624
12216, 3624
8551, 3624
24590, 3624
15088, 3624
16248, 3624
20096, 3624
18018, 3624
11859, 3624
21292, 3624
12928, 3624
13523, 3624
18380, 3624
13200, 3624
8604, 3624
22983, 3624
23827, 3624
8511, 3624
13270, 3624
14049, 3624
18043, 3624
22407, 3624
21045, 3624
8525, 3624
23432, 3624
17443, 3624
23581, 3624
8899, 3624
16389, 3624
9132, 3624
17028, 3624
12234, 3624
13226, 3624
19127, 3624
10328, 3624
19375, 3624
15572, 3624
17851, 3624
10883, 3624
16564, 3624
18534, 3624
22648, 3624
11658, 3624
12455, 3624
17766, 3624
22625, 3624
22505, 3624
19450, 3624
8002, 3624
20387, 3624
24326, 3624
15062, 3624
21609, 3624
7661, 3624
14244, 3624
16266, 3624
24750, 3624
10732, 3624
9362, 3624
12073, 3624
8793, 3624
9953, 3624
14076, 3624
14971, 3624
20488, 3624
16679, 3624
22325, 3624
14517, 3624
15712, 3624
21636, 3624
11445, 3624
23324, 3624
10406, 3624
12829, 3624
22734, 3624
20402, 3624
3624, 9862
16089, 3625
3625, 20188
13198, 3626
3626, 11396
10252, 3627
3627, 18694
12088, 3628
3628, 15039
13905, 3629
3629, 12941
9400, 3630
3630, 13774
16925, 3631
3631, 22546
20417, 3632
3632, 20677
19819, 3633
3633, 7596
3633, 12647
3633, 8570
24858, 3634
3634, 16997
23179, 3635
3635, 14362
12237, 3636
3636, 8568
13447, 3637
24894, 3637
3637, 10675
19419, 3638
3638, 24570
12281, 3639
3639, 18901
9949, 3640
3640, 14381
16496, 3641
19110, 3641
25011, 3641
8902, 3641
22180, 3641
7622, 3641
3641, 16155
18904, 3642
17420, 3642
3642, 18606
3642, 22825
3642, 24656
14727, 3643
3643, 12561
8673, 3644
10246, 3644
3644, 21584
9736, 3645
3645, 7428
13441, 3646
3646, 16975
24306, 3647
3647, 12904
8160, 3648
3648, 10515
8549, 3649
3649, 10062
21840, 3650
3650, 24578
3650, 18419
23911, 3651
10615, 3651
14703, 3651
3651, 17610
11323, 3652
22639, 3652
3652, 23742
8632, 3653
3653, 19111
3653, 23080
3653, 23839
3653, 14271
3653, 18454
3653, 18735
24266, 3654
21896, 3654
3654, 18599
8496, 3655
3655, 19379
13752, 3656
3656, 10712
17801, 3657
3657, 14961
13916, 3658
3658, 23390
3658, 8398
3658, 11453
22292, 3659
3659, 18498
11555, 3660
9837, 3660
3660, 23975
16763, 3661
3661, 12054
22562, 3662
3662, 20983
14207, 3663
3663, 9626
10252, 3664
3664, 10281
11740, 3665
3665, 21431
14117, 3666
3666, 22789
14091, 3667
3667, 21240
16181, 3668
3668, 21566
3668, 9383
20250, 3669
3669, 20666
16985, 3670
3670, 17106
21740, 3671
3671, 8180
9121, 3672
3672, 19910
17196, 3673
3673, 17890
11853, 3674
10295, 3674
14803, 3674
15662, 3674
10874, 3674
3674, 17113
3674, 23031
3674, 12357
23215, 3675
23663, 3675
14416, 3675
24067, 3675
11725, 3675
3675, 13762
9015, 3676
22661, 3676
16173, 3676
3676, 20706
15033, 3677
11924, 3677
3677, 12163
21833, 3678
3678, 14909
7650, 3679
3679, 11971
12554, 3680
3680, 8720
20985, 3681
3681, 10723
19179, 3682
3682, 13133
10252, 3683
3683, 18694
11906, 3684
3684, 24963
9027, 3685
24592, 3685
19135, 3685
9810, 3685
15427, 3685
3685, 24452
12847, 3686
3686, 21051
20068, 3687
3687, 22314
12557, 3688
3688, 18291
9976, 3689
3689, 21189
21362, 3690
3690, 22451
15035, 3691
3691, 19001
3691, 18713
13532, 3692
3692, 8747
11394, 3693
10448, 3693
3693, 17261
24981, 3694
11169, 3694
24966, 3694
18312, 3694
15627, 3694
18339, 3694
11079, 3694
17904, 3694
24162, 3694
14686, 3694
17308, 3694
17566, 3694
20457, 3694
18188, 3694
18911, 3694
21300, 3694
7676, 3694
22538, 3694
16690, 3694
19307, 3694
24492, 3694
20340, 3694
14709, 3694
14136, 3694
25015, 3694
9925, 3694
21475, 3694
15571, 3694
11818, 3694
13703, 3694
19277, 3694
13749, 3694
17911, 3694
12205, 3694
8373, 3694
18055, 3694
22320, 3694
21640, 3694
17281, 3694
19078, 3694
7520, 3694
22955, 3694
12226, 3694
12297, 3694
12951, 3694
17271, 3694
19408, 3694
14568, 3694
8302, 3694
14277, 3694
10948, 3694
14917, 3694
23544, 3694
21761, 3694
13796, 3694
12223, 3694
16666, 3694
18736, 3694
12777, 3694
17637, 3694
12900, 3694
21415, 3694
22057, 3694
9904, 3694
10912, 3694
22389, 3694
16895, 3694
17829, 3694
24179, 3694
21970, 3694
17315, 3694
19654, 3694
22121, 3694
20564, 3694
20682, 3694
9197, 3694
19514, 3694
9824, 3694
15943, 3694
16296, 3694
14168, 3694
14104, 3694
17968, 3694
9351, 3694
14526, 3694
13470, 3694
11310, 3694
22291, 3694
10046, 3694
14476, 3694
23939, 3694
16233, 3694
10926, 3694
16076, 3694
15887, 3694
9658, 3694
21066, 3694
10775, 3694
17255, 3694
8897, 3694
19686, 3694
24887, 3694
23276, 3694
22598, 3694
16723, 3694
15229, 3694
11460, 3694
15918, 3694
17680, 3694
8092, 3694
14364, 3694
15155, 3694
23336, 3694
19842, 3694
17804, 3694
19830, 3694
13615, 3694
14954, 3694
9666, 3694
10814, 3694
19974, 3694
10985, 3694
13195, 3694
12747, 3694
11446, 3694
16903, 3694
21176, 3694
8516, 3694
7718, 3694
22585, 3694
23696, 3694
12473, 3694
14863, 3694
17906, 3694
20002, 3694
13712, 3694
8174, 3694
20755, 3694
24047, 3694
9041, 3694
20328, 3694
19168, 3694
21692, 3694
13556, 3694
12917, 3694
16303, 3694
17405, 3694
21656, 3694
7755, 3694
17052, 3694
21378, 3694
11881, 3694
9694, 3694
16000, 3694
13972, 3694
18961, 3694
12026, 3694
13635, 3694
14921, 3694
11467, 3694
15250, 3694
18504, 3694
23637, 3694
11752, 3694
9094, 3694
20678, 3694
18602, 3694
17573, 3694
11921, 3694
11530, 3694
18009, 3694
10382, 3694
13510, 3694
12214, 3694
12215, 3694
10587, 3694
11523, 3694
20885, 3694
23681, 3694
22568, 3694
19674, 3694
20355, 3694
23304, 3694
9352, 3694
16921, 3694
11296, 3694
10512, 3694
7564, 3694
9062, 3694
3694, 11052
21027, 3695
3695, 21690
7463, 3696
24337, 3696
3696, 9133
20579, 3697
11233, 3697
16240, 3697
13943, 3697
24346, 3697
3697, 10317
14117, 3698
3698, 19798
18813, 3699
11983, 3699
3699, 11321
18452, 3700
3700, 12979
3700, 16891
21204, 3701
24026, 3701
22766, 3701
3701, 7732
18065, 3702
3702, 12948
12634, 3703
3703, 17094
10252, 3704
3704, 17870
8414, 3705
3705, 19101
14860, 3706
3706, 17950
24710, 3707
3707, 11938
20635, 3708
3708, 10294
7901, 3709
3709, 12834
10884, 3710
3710, 15795
9267, 3711
3711, 18052
8843, 3712
3712, 11904
14144, 3713
3713, 11709
22543, 3714
8227, 3714
16861, 3714
14252, 3714
14778, 3714
10119, 3714
24009, 3714
20062, 3714
13404, 3714
8192, 3714
13850, 3714
24456, 3714
12555, 3714
9613, 3714
18461, 3714
22665, 3714
14195, 3714
17916, 3714
7425, 3714
16324, 3714
18390, 3714
19913, 3714
18820, 3714
22780, 3714
12963, 3714
19728, 3714
19303, 3714
11662, 3714
17161, 3714
11292, 3714
9243, 3714
12256, 3714
14060, 3714
24526, 3714
15791, 3714
11643, 3714
8592, 3714
21332, 3714
8219, 3714
23405, 3714
10488, 3714
15593, 3714
14749, 3714
19593, 3714
13156, 3714
20055, 3714
14782, 3714
3714, 12804
16925, 3715
3715, 16983
3715, 15642
11980, 3716
3716, 13977
10413, 3717
3717, 23648
17420, 3718
3718, 22964
3718, 19041
3718, 21702
3718, 16293
20269, 3719
9639, 3719
24147, 3719
17278, 3719
16878, 3719
18649, 3719
3719, 18290
22273, 3720
9034, 3720
3720, 16228
8608, 3721
3721, 16046
21069, 3722
3722, 18318
17602, 3723
3723, 10286
3723, 9048
17100, 3724
3724, 24397
11297, 3725
3725, 14236
18446, 3726
3726, 14913
20851, 3727
3727, 8208
23119, 3728
3728, 23978
19702, 3729
3729, 19268
9316, 3730
3730, 20569
11188, 3731
9528, 3731
3731, 21323
22147, 3732
3732, 23456
9805, 3733
3733, 20301
3733, 20747
9498, 3734
3734, 11573
10430, 3735
3735, 22482
10372, 3736
23305, 3736
3736, 14771
10041, 3737
9157, 3737
17621, 3737
22323, 3737
12128, 3737
14062, 3737
14972, 3737
15917, 3737
13287, 3737
3737, 8740
20865, 3738
3738, 19309
18228, 3739
3739, 22600
19804, 3740
3740, 21700
14628, 3741
7575, 3741
3741, 18540
3741, 16160
3741, 7948
3741, 21799
14752, 3742
21980, 3742
3742, 14520
10044, 3743
23759, 3743
8109, 3743
3743, 17932
22157, 3744
3744, 8129
3744, 22128
22361, 3745
3745, 7558
8894, 3746
3746, 18410
23076, 3747
3747, 17821
3747, 15080
12445, 3748
3748, 9183
16858, 3749
3749, 9099
21159, 3750
3750, 7671
18968, 3751
3751, 22804
23902, 3752
3752, 10908
15990, 3753
3753, 14693
9425, 3754
19169, 3754
20900, 3754
10075, 3754
21230, 3754
9659, 3754
14573, 3754
19123, 3754
22922, 3754
19152, 3754
19137, 3754
7761, 3754
14288, 3754
8342, 3754
24150, 3754
12565, 3754
19528, 3754
16972, 3754
8183, 3754
24993, 3754
20727, 3754
13834, 3754
18755, 3754
20669, 3754
24544, 3754
13492, 3754
14829, 3754
19368, 3754
11352, 3754
19286, 3754
11657, 3754
13385, 3754
18400, 3754
24354, 3754
12765, 3754
8783, 3754
17704, 3754
23196, 3754
16633, 3754
20800, 3754
11599, 3754
10641, 3754
19218, 3754
12822, 3754
11299, 3754
11338, 3754
15652, 3754
20506, 3754
18347, 3754
17463, 3754
12890, 3754
16061, 3754
7965, 3754
17402, 3754
18486, 3754
9337, 3754
8122, 3754
7756, 3754
23751, 3754
19010, 3754
24591, 3754
11548, 3754
19033, 3754
15945, 3754
12674, 3754
12903, 3754
16827, 3754
16052, 3754
23402, 3754
10419, 3754
22707, 3754
8297, 3754
18236, 3754
14039, 3754
21248, 3754
18427, 3754
24050, 3754
14468, 3754
7542, 3754
18991, 3754
18962, 3754
24077, 3754
12486, 3754
22528, 3754
12171, 3754
15533, 3754
13666, 3754
10271, 3754
8928, 3754
18017, 3754
12242, 3754
23425, 3754
9216, 3754
12868, 3754
13681, 3754
21797, 3754
21432, 3754
10897, 3754
23451, 3754
13422, 3754
9795, 3754
18714, 3754
10925, 3754
20864, 3754
18996, 3754
21947, 3754
8551, 3754
21753, 3754
24590, 3754
15088, 3754
12488, 3754
18018, 3754
11859, 3754
17423, 3754
10520, 3754
11395, 3754
19128, 3754
22617, 3754
24132, 3754
8465, 3754
16821, 3754
13994, 3754
13270, 3754
9100, 3754
18366, 3754
18043, 3754
9761, 3754
9376, 3754
10102, 3754
23581, 3754
8899, 3754
11534, 3754
17028, 3754
18766, 3754
17145, 3754
19127, 3754
21148, 3754
10328, 3754
23619, 3754
15572, 3754
15257, 3754
17851, 3754
10140, 3754
11093, 3754
7529, 3754
14188, 3754
22605, 3754
10405, 3754
13352, 3754
21419, 3754
11055, 3754
20101, 3754
18832, 3754
21080, 3754
11619, 3754
21810, 3754
19450, 3754
13255, 3754
11518, 3754
8009, 3754
20293, 3754
21632, 3754
16187, 3754
13314, 3754
13848, 3754
13218, 3754
24750, 3754
8793, 3754
18275, 3754
18917, 3754
9783, 3754
24453, 3754
19359, 3754
20037, 3754
18392, 3754
11445, 3754
15671, 3754
10406, 3754
10716, 3754
3754, 9862
23094, 3755
3755, 17005
3755, 11106
19138, 3756
21531, 3756
3756, 24160
24434, 3757
23460, 3757
3757, 8697
24513, 3758
3758, 18084
12356, 3759
3759, 19178
3759, 8691
21325, 3760
3760, 11024
24117, 3761
3761, 17163
19210, 3762
3762, 14590
12822, 3763
17612, 3763
9018, 3763
17200, 3763
11081, 3763
8235, 3763
22427, 3763
21021, 3763
9850, 3763
11502, 3763
12720, 3763
22479, 3763
10317, 3763
24370, 3763
20375, 3763
3763, 9862
17356, 3764
3764, 17708
7822, 3765
3765, 19487
17615, 3766
3766, 14016
15757, 3767
3767, 19945
18092, 3768
3768, 20123
18583, 3769
12683, 3769
19572, 3769
3769, 18540
11146, 3770
3770, 7666
17731, 3771
3771, 23891
10152, 3772
3772, 7509
3772, 17401
3772, 19193
3772, 22570
3772, 22071
3772, 8345
3772, 17950
3772, 14780
3772, 22444
3772, 22967
3772, 8033
3772, 10427
3772, 9074
3772, 21035
3772, 16687
3772, 17053
3772, 10338
3772, 7608
3772, 16882
3772, 8482
3772, 16294
3772, 19540
3772, 20956
3772, 21139
3772, 18876
3772, 22229
3772, 15893
3772, 16662
3772, 24725
3772, 11125
3772, 24992
3772, 8169
3772, 21572
3772, 15076
3772, 15352
3772, 24535
3772, 10315
3772, 10635
3772, 15448
3772, 22649
3772, 13978
13944, 3773
3773, 18608
15417, 3774
3774, 22289
10199, 3775
10700, 3775
3775, 23436
20820, 3776
3776, 8677
3776, 17987
13944, 3777
3777, 18742
16925, 3778
3778, 15230
19801, 3779
3779, 15459
21381, 3780
3780, 8005
23412, 3781
8357, 3781
3781, 13500
11071, 3782
3782, 19415
8303, 3783
3783, 11143
21398, 3784
3784, 22003
17263, 3785
11251, 3785
21865, 3785
10377, 3785
18377, 3785
19046, 3785
3785, 7673
15990, 3786
3786, 13368
16792, 3787
3787, 20032
19418, 3788
3788, 21284
18561, 3789
3789, 7882
15666, 3790
3790, 24302
12024, 3791
11554, 3791
3791, 17669
14040, 3792
14192, 3792
3792, 22431
13558, 3793
3793, 10260
8977, 3794
24864, 3794
21002, 3794
16640, 3794
7678, 3794
24793, 3794
9075, 3794
10892, 3794
22902, 3794
14655, 3794
12546, 3794
21847, 3794
16482, 3794
16712, 3794
18592, 3794
7613, 3794
15924, 3794
3794, 18540
16048, 3795
3795, 12448
15812, 3796
15725, 3796
16460, 3796
11401, 3796
19438, 3796
3796, 23216
3796, 9800
3796, 18818
7686, 3797
3797, 16225
12117, 3798
17149, 3798
24847, 3798
3798, 23102
17605, 3799
3799, 19699
3799, 23054
16526, 3800
3800, 10215
24119, 3801
3801, 22228
15709, 3802
3802, 12603
15064, 3803
3803, 12822
19117, 3804
3804, 9841
9820, 3805
3805, 8130
17083, 3806
3806, 18540
7991, 3807
3807, 8923
15366, 3808
3808, 17131
3808, 12613
13263, 3809
3809, 9099
3809, 15375
15516, 3810
3810, 14668
18582, 3811
3811, 24771
3811, 10613
3811, 7582
3811, 22681
14733, 3812
3812, 15526
19960, 3813
3813, 11368
18443, 3814
3814, 8072
14266, 3815
3815, 22952
9331, 3816
19479, 3816
3816, 10216
15556, 3817
3817, 23962
19050, 3818
3818, 15312
19801, 3819
3819, 18974
16751, 3820
3820, 12104
19944, 3821
16072, 3821
16872, 3821
3821, 14134
20987, 3822
3822, 11611
19427, 3823
3823, 20826
21065, 3824
3824, 12434
12557, 3825
3825, 18291
12031, 3826
7765, 3826
3826, 20566
18904, 3827
17420, 3827
13944, 3827
3827, 7512
3827, 23378
3827, 17888
22146, 3828
3828, 8434
8840, 3829
3829, 23762
3829, 10420
3829, 24627
17555, 3830
3830, 8609
8764, 3831
3831, 22881
10207, 3832
9790, 3832
8574, 3832
20538, 3832
24437, 3832
19119, 3832
19449, 3832
17833, 3832
23497, 3832
3832, 23739
15300, 3833
3833, 24388
23081, 3834
22891, 3834
3834, 18522
21400, 3835
3835, 14584
12739, 3836
3836, 19057
13550, 3837
3837, 18097
8436, 3838
3838, 17067
9443, 3839
3839, 16348
18678, 3840
3840, 20461
10255, 3841
3841, 23885
17901, 3842
3842, 17649
16912, 3843
3843, 11544
7426, 3844
3844, 7835
20754, 3845
18220, 3845
3845, 22377
18904, 3846
3846, 12228
15304, 3847
3847, 8651
14366, 3848
13753, 3848
3848, 21246
18872, 3849
3849, 20161
14117, 3850
3850, 20845
20724, 3851
3851, 20819
16196, 3852
3852, 12613
23036, 3853
16327, 3853
15810, 3853
10761, 3853
13046, 3853
14131, 3853
24382, 3853
8090, 3853
17686, 3853
13327, 3853
23535, 3853
13093, 3853
9889, 3853
22272, 3853
11453, 3853
24818, 3853
17569, 3853
24120, 3853
22878, 3853
23349, 3853
14209, 3853
17481, 3853
16271, 3853
12731, 3853
9242, 3853
16757, 3853
23643, 3853
23193, 3853
14167, 3853
8422, 3853
16306, 3853
14913, 3853
17044, 3853
16817, 3853
17698, 3853
19767, 3853
18873, 3853
11471, 3853
8434, 3853
17687, 3853
24717, 3853
24296, 3853
23756, 3853
10286, 3853
24267, 3853
20244, 3853
14973, 3853
18696, 3853
9676, 3853
12625, 3853
20124, 3853
9975, 3853
9991, 3853
11945, 3853
21737, 3853
21509, 3853
19002, 3853
13373, 3853
11006, 3853
18632, 3853
21610, 3853
15095, 3853
9297, 3853
21769, 3853
8399, 3853
3853, 12804
13505, 3854
13392, 3854
13161, 3854
19400, 3854
3854, 11455
22986, 3855
3855, 9854
11617, 3856
21612, 3856
3856, 24153
12077, 3857
3857, 14867
22103, 3858
3858, 11782
11313, 3859
3859, 23640
23076, 3860
3860, 23641
12822, 3861
21730, 3861
14547, 3861
18896, 3861
12262, 3861
14492, 3861
15065, 3861
22592, 3861
16299, 3861
7502, 3861
14486, 3861
3861, 9862
16990, 3862
3862, 8434
24204, 3863
3863, 18842
11685, 3864
3864, 8602
22785, 3865
3865, 13522
18549, 3866
3866, 13478
11186, 3867
3867, 24469
15428, 3868
3868, 16326
9679, 3869
3869, 24108
19488, 3870
15327, 3870
3870, 24399
19997, 3871
3871, 21311
19893, 3872
3872, 20797
20217, 3873
3873, 17770
20602, 3874
3874, 23794
24874, 3875
3875, 21752
18410, 3876
22449, 3876
21298, 3876
24674, 3876
13980, 3876
23282, 3876
19439, 3876
20146, 3876
3876, 24839
9059, 3877
3877, 21584
11009, 3878
3878, 9841
24478, 3879
3879, 18087
12333, 3880
3880, 13460
7803, 3881
3881, 20650
11368, 3882
3882, 13179
20599, 3883
3883, 22072
13944, 3884
3884, 16616
9805, 3885
3885, 9512
19623, 3886
3886, 23171
24135, 3887
3887, 13577
17817, 3888
3888, 9871
11297, 3889
3889, 14236
8879, 3890
24359, 3890
7886, 3890
20712, 3890
19443, 3890
3890, 11099
24233, 3891
3891, 16421
23623, 3892
3892, 18780
17098, 3893
13914, 3893
16862, 3893
13457, 3893
24918, 3893
23492, 3893
19933, 3893
23858, 3893
23802, 3893
20586, 3893
21074, 3893
15454, 3893
20840, 3893
20105, 3893
23168, 3893
24965, 3893
23502, 3893
21198, 3893
10508, 3893
7549, 3893
3893, 24104
23772, 3894
3894, 9714
10210, 3895
3895, 7735
22774, 3896
3896, 20788
17859, 3897
11627, 3897
3897, 7873
17781, 3898
3898, 15075
3898, 24497
10611, 3899
3899, 18471
22581, 3900
3900, 23951
16925, 3901
3901, 15093
3901, 8919
3901, 9947
20068, 3902
3902, 11794
10325, 3903
3903, 15640
13011, 3904
3904, 9866
14629, 3905
3905, 8139
20324, 3906
3906, 20882
3906, 18129
3906, 7620
15001, 3907
3907, 20826
15231, 3908
3908, 21713
19886, 3909
3909, 17187
3909, 17959
3909, 21721
14117, 3910
3910, 18153
22287, 3911
3911, 18545
9997, 3912
3912, 9547
3912, 10420
17329, 3913
3913, 17837
8467, 3914
3914, 20562
23534, 3915
3915, 22927
19988, 3916
3916, 16555
13425, 3917
3917, 12183
23557, 3918
3918, 20147
10252, 3919
3919, 17870
11164, 3920
3920, 22449
3920, 13487
12642, 3921
3921, 7571
3921, 20030
3921, 13619
17760, 3922
3922, 17900
20107, 3923
14986, 3923
13669, 3923
3923, 18264
22502, 3924
3924, 19723
10252, 3925
3925, 18694
18316, 3926
16360, 3926
16408, 3926
15438, 3926
21720, 3926
20850, 3926
19740, 3926
14200, 3926
12097, 3926
11308, 3926
12228, 3926
22820, 3926
21516, 3926
21545, 3926
8434, 3926
7469, 3926
11722, 3926
24584, 3926
18545, 3926
11531, 3926
18292, 3926
3926, 12804
10756, 3927
3927, 8434
16925, 3928
3928, 10379
9427, 3929
3929, 11514
3929, 16329
3929, 15537
3929, 14238
16454, 3930
3930, 23079
12301, 3931
18985, 3931
11676, 3931
18328, 3931
20976, 3931
21086, 3931
10072, 3931
7458, 3931
16739, 3931
22806, 3931
18311, 3931
14937, 3931
15867, 3931
20933, 3931
8497, 3931
9245, 3931
10195, 3931
14974, 3931
22293, 3931
14379, 3931
15156, 3931
16114, 3931
14008, 3931
15921, 3931
22480, 3931
20827, 3931
24202, 3931
11630, 3931
17185, 3931
11214, 3931
24637, 3931
12491, 3931
14745, 3931
21470, 3931
11704, 3931
22174, 3931
16581, 3931
20918, 3931
10770, 3931
15414, 3931
7459, 3931
16676, 3931
23630, 3931
15237, 3931
24638, 3931
9776, 3931
21338, 3931
22152, 3931
16380, 3931
14365, 3931
12729, 3931
3931, 20116
21956, 3932
7424, 3932
13414, 3932
9610, 3932
20778, 3932
8267, 3932
8884, 3932
3932, 9619
21925, 3933
3933, 21392
3933, 24969
13391, 3934
3934, 14078
3934, 21266
3934, 9826
18897, 3935
3935, 23107
12661, 3936
3936, 16183
10920, 3937
3937, 18100
9805, 3938
3938, 21767
3938, 21052
3938, 22501
3938, 7794
18166, 3939
3939, 21485
18590, 3940
3940, 14110
16925, 3941
3941, 18593
19844, 3942
3942, 13171
14230, 3943
13917, 3943
3943, 17061
10160, 3944
3944, 23814
8233, 3945
11811, 3945
21008, 3945
17496, 3945
9433, 3945
3945, 17678
16911, 3946
3946, 24751
8668, 3947
3947, 22230
14516, 3948
3948, 24021
15007, 3949
3949, 19485
18245, 3950
3950, 16406
8591, 3951
3951, 16860
8484, 3952
3952, 9481
10413, 3953
3953, 10748
18673, 3954
3954, 22493
14163, 3955
8466, 3955
15847, 3955
3955, 14842
23254, 3956
3956, 13534
22526, 3957
15240, 3957
19294, 3957
14312, 3957
8557, 3957
12654, 3957
22569, 3957
15288, 3957
18286, 3957
20789, 3957
16523, 3957
11314, 3957
21714, 3957
18793, 3957
13192, 3957
18338, 3957
8191, 3957
10720, 3957
9061, 3957
8232, 3957
18037, 3957
17404, 3957
16877, 3957
11588, 3957
14680, 3957
11177, 3957
18539, 3957
20944, 3957
12373, 3957
16184, 3957
20339, 3957
16011, 3957
13639, 3957
24455, 3957
22182, 3957
10913, 3957
22756, 3957
3957, 9862
20619, 3958
3958, 19135
23971, 3959
3959, 12617
15464, 3960
3960, 21202
17458, 3961
3961, 8434
10133, 3962
3962, 18280
15482, 3963
3963, 7457
11882, 3964
3964, 7588
17659, 3965
3965, 23934
12757, 3966
3966, 16399
15441, 3967
3967, 10104
10039, 3968
3968, 24470
3968, 21869
23919, 3969
3969, 24601
9805, 3970
3970, 19626
3970, 7967
3970, 19014
3970, 11019
11263, 3971
18233, 3971
3971, 9148
16067, 3972
3972, 8228
15885, 3973
24341, 3973
21756, 3973
20422, 3973
8070, 3973
3973, 15042
16308, 3974
3974, 24747
16925, 3975
3975, 9694
9023, 3976
3976, 17229
17420, 3977
3977, 18257
3977, 14942
3977, 19906
3977, 18589
13231, 3978
3978, 18390
21357, 3979
3979, 20949
20419, 3980
3980, 21018
23152, 3981
3981, 18468
19942, 3982
3982, 11442
8087, 3983
3983, 15756
19801, 3984
3984, 11901
22393, 3985
3985, 18784
20164, 3986
3986, 20949
23006, 3987
3987, 21957
16925, 3988
3988, 11890
23753, 3989
3989, 9046
7697, 3990
3990, 11490
16925, 3991
3991, 15465
16385, 3992
3992, 18974
21626, 3993
3993, 13628
23937, 3994
3994, 9010
22840, 3995
3995, 21624
15976, 3996
3996, 12183
8776, 3997
3997, 8930
16840, 3998
3998, 12054
14751, 3999
3999, 16066
21717, 4000
24828, 4000
4000, 14664
13518, 4001
4001, 13774
4001, 23940
4001, 19008
23214, 4002
4002, 24572
20145, 4003
22655, 4003
4003, 9046
17420, 4004
4004, 17032
8679, 4005
4005, 15398
15600, 4006
4006, 18969
10204, 4007
4007, 9227
7825, 4008
4008, 13040
16218, 4009
4009, 21687
9739, 4010
4010, 21554
4010, 11565
19252, 4011
4011, 9355
22259, 4012
4012, 23156
10252, 4013
4013, 11822
22327, 4014
4014, 11738
10159, 4015
4015, 23487
4015, 8354
4015, 20578
4015, 17282
4015, 8634
4015, 23760
4015, 13776
4015, 13418
4015, 22938
4015, 14386
4015, 10231
4015, 23164
4015, 13105
19445, 4016
12530, 4016
11607, 4016
14231, 4016
22395, 4016
10980, 4016
23095, 4016
24399, 4016
19503, 4016
14595, 4016
22376, 4016
8193, 4016
24658, 4016
19029, 4016
20866, 4016
19485, 4016
17335, 4016
18907, 4016
10157, 4016
16646, 4016
10952, 4016
14638, 4016
10395, 4016
20969, 4016
11044, 4016
12298, 4016
23106, 4016
16842, 4016
12859, 4016
22415, 4016
19181, 4016
13059, 4016
8230, 4016
20113, 4016
13238, 4016
7926, 4016
24364, 4016
19074, 4016
18857, 4016
11407, 4016
22054, 4016
24405, 4016
15795, 4016
19416, 4016
17418, 4016
10533, 4016
22170, 4016
17965, 4016
21060, 4016
18600, 4016
16183, 4016
24021, 4016
13577, 4016
12803, 4016
19077, 4016
9944, 4016
7823, 4016
19987, 4016
15307, 4016
13350, 4016
13228, 4016
16131, 4016
22754, 4016
8311, 4016
8583, 4016
19212, 4016
17460, 4016
19805, 4016
20765, 4016
14294, 4016
20691, 4016
9615, 4016
16988, 4016
24244, 4016
18360, 4016
23459, 4016
21546, 4016
20138, 4016
22465, 4016
18878, 4016
18884, 4016
15559, 4016
20281, 4016
21178, 4016
10929, 4016
17099, 4016
7491, 4016
21772, 4016
14645, 4016
23030, 4016
13593, 4016
15663, 4016
20533, 4016
20047, 4016
14245, 4016
14285, 4016
14307, 4016
9871, 4016
11813, 4016
9030, 4016
16217, 4016
19413, 4016
24554, 4016
11043, 4016
24093, 4016
17016, 4016
13426, 4016
23283, 4016
10630, 4016
24210, 4016
18137, 4016
21215, 4016
22271, 4016
18612, 4016
21655, 4016
18471, 4016
12162, 4016
18556, 4016
15720, 4016
14271, 4016
24567, 4016
9980, 4016
20739, 4016
10576, 4016
23815, 4016
22663, 4016
24924, 4016
9788, 4016
15536, 4016
11766, 4016
22171, 4016
16406, 4016
12435, 4016
21700, 4016
23159, 4016
10410, 4016
24758, 4016
17189, 4016
23650, 4016
9344, 4016
7955, 4016
11782, 4016
17061, 4016
15567, 4016
13189, 4016
22765, 4016
20232, 4016
14134, 4016
13672, 4016
14173, 4016
21853, 4016
20711, 4016
20643, 4016
14130, 4016
12195, 4016
15501, 4016
22715, 4016
8543, 4016
18662, 4016
13762, 4016
14978, 4016
12035, 4016
15106, 4016
16860, 4016
20629, 4016
23905, 4016
11997, 4016
17989, 4016
23015, 4016
7487, 4016
12030, 4016
12970, 4016
10172, 4016
23675, 4016
10519, 4016
21864, 4016
17239, 4016
9196, 4016
7727, 4016
24415, 4016
24041, 4016
18540, 4016
22184, 4016
15502, 4016
24830, 4016
12518, 4016
15806, 4016
9524, 4016
23574, 4016
19643, 4016
24322, 4016
9046, 4016
17489, 4016
24551, 4016
10501, 4016
7783, 4016
16269, 4016
16714, 4016
19158, 4016
9834, 4016
11951, 4016
19555, 4016
17380, 4016
16507, 4016
13165, 4016
7631, 4016
11876, 4016
7946, 4016
15811, 4016
19042, 4016
14088, 4016
10591, 4016
24700, 4016
9310, 4016
19902, 4016
10281, 4016
11826, 4016
17617, 4016
15201, 4016
21388, 4016
18923, 4016
15759, 4016
22554, 4016
20929, 4016
13933, 4016
8260, 4016
16099, 4016
11954, 4016
19034, 4016
14069, 4016
17678, 4016
11976, 4016
11880, 4016
11475, 4016
16115, 4016
16351, 4016
16555, 4016
20476, 4016
11151, 4016
7846, 4016
20834, 4016
9794, 4016
16950, 4016
17165, 4016
22214, 4016
9217, 4016
10875, 4016
13047, 4016
18480, 4016
20341, 4016
10064, 4016
14660, 4016
20061, 4016
10795, 4016
15453, 4016
17010, 4016
21936, 4016
24462, 4016
15860, 4016
20631, 4016
14498, 4016
21773, 4016
11141, 4016
15939, 4016
17890, 4016
7558, 4016
23826, 4016
20921, 4016
20920, 4016
15361, 4016
23314, 4016
11455, 4016
7969, 4016
23368, 4016
16097, 4016
14299, 4016
16040, 4016
20071, 4016
11660, 4016
17879, 4016
22508, 4016
10559, 4016
19420, 4016
19308, 4016
13854, 4016
14418, 4016
19425, 4016
8565, 4016
24060, 4016
22106, 4016
16636, 4016
12277, 4016
19147, 4016
8688, 4016
16462, 4016
15774, 4016
8729, 4016
11265, 4016
18604, 4016
7780, 4016
19195, 4016
24131, 4016
17439, 4016
22884, 4016
17012, 4016
19444, 4016
19100, 4016
24890, 4016
12143, 4016
24410, 4016
21584, 4016
18885, 4016
15813, 4016
21898, 4016
22683, 4016
14910, 4016
7493, 4016
24640, 4016
14098, 4016
20814, 4016
11412, 4016
15681, 4016
9084, 4016
22256, 4016
13947, 4016
13449, 4016
24742, 4016
17870, 4016
17227, 4016
21732, 4016
13460, 4016
19608, 4016
21673, 4016
21455, 4016
19086, 4016
24769, 4016
17096, 4016
7836, 4016
4016, 18940
4016, 16925
23131, 4017
4017, 24837
17398, 4018
4018, 17595
22467, 4019
4019, 23500
14760, 4020
4020, 22833
14117, 4021
4021, 8149
12251, 4022
4022, 20869
4022, 10340
4022, 7847
24576, 4023
4023, 22221
4023, 10634
9805, 4024
4024, 16881
4024, 9060
4024, 10371
11740, 4025
4025, 21431
14117, 4026
4026, 12272
20066, 4027
4027, 9494
4027, 24512
13303, 4028
4028, 16719
24257, 4029
8078, 4029
24865, 4029
21196, 4029
4029, 9524
12146, 4030
4030, 8147
15256, 4031
18171, 4031
11823, 4031
8546, 4031
4031, 13085
13574, 4032
4032, 20256
16441, 4033
16463, 4033
22805, 4033
4033, 18894
19629, 4034
4034, 21314
22965, 4035
4035, 22289
16925, 4036
4036, 13361
13930, 4037
4037, 21318
15364, 4038
4038, 16362
24634, 4039
16287, 4039
8595, 4039
9717, 4039
4039, 18540
19427, 4040
4040, 20826
11636, 4041
4041, 7497
16792, 4042
4042, 13019
11906, 4043
4043, 20955
10413, 4044
4044, 12662
24846, 4045
24840, 4045
20892, 4045
4045, 24424
7496, 4046
4046, 16748
12499, 4047
4047, 19241
23418, 4048
4048, 24287
24789, 4049
4049, 17715
18740, 4050
4050, 24287
4050, 13564
19477, 4051
4051, 7574
10413, 4052
4052, 12061
22261, 4053
4053, 16191
8956, 4054
4054, 18474
4054, 20505
4054, 19938
14206, 4055
4055, 7480
16385, 4056
4056, 12664
21065, 4057
4057, 12434
11551, 4058
4058, 10861
10117, 4059
4059, 24444
4059, 17752
11556, 4060
4060, 24008
8052, 4061
4061, 16348
20854, 4062
20649, 4062
4062, 11500
20949, 4063
19470, 4063
4063, 17683
8000, 4064
4064, 15475
12737, 4065
4065, 9727
4065, 22759
4065, 15810
4065, 24382
4065, 12625
4065, 13427
7560, 4066
4066, 21319
4066, 20136
18046, 4067
12049, 4067
18537, 4067
9893, 4067
4067, 13059
15338, 4068
4068, 17418
13247, 4069
4069, 10983
24434, 4070
4070, 10002
12977, 4071
4071, 13245
23057, 4072
4072, 10944
7536, 4073
4073, 23157
4073, 17226
22703, 4074
4074, 22265
13775, 4075
4075, 13955
13731, 4076
4076, 15100
16925, 4077
4077, 16873
22626, 4078
4078, 16340
19175, 4079
4079, 19198
23167, 4080
14026, 4080
22395, 4080
24399, 4080
10504, 4080
23390, 4080
8199, 4080
8193, 4080
24658, 4080
20866, 4080
19485, 4080
19773, 4080
21133, 4080
9353, 4080
24305, 4080
7799, 4080
15719, 4080
18159, 4080
11240, 4080
14957, 4080
23927, 4080
8230, 4080
20962, 4080
23975, 4080
7926, 4080
19074, 4080
16661, 4080
14020, 4080
19931, 4080
17418, 4080
13577, 4080
12405, 4080
21630, 4080
14792, 4080
14123, 4080
14698, 4080
22431, 4080
24558, 4080
23019, 4080
8027, 4080
23839, 4080
7778, 4080
14220, 4080
17460, 4080
20914, 4080
14772, 4080
9615, 4080
18360, 4080
23459, 4080
17895, 4080
16130, 4080
17035, 4080
12971, 4080
23358, 4080
15203, 4080
23999, 4080
24356, 4080
20533, 4080
9551, 4080
20901, 4080
16752, 4080
13880, 4080
21118, 4080
19238, 4080
17348, 4080
17310, 4080
21215, 4080
9519, 4080
21907, 4080
21655, 4080
22929, 4080
9743, 4080
18471, 4080
12162, 4080
8606, 4080
18556, 4080
24963, 4080
24567, 4080
20739, 4080
22663, 4080
16916, 4080
15270, 4080
15284, 4080
16406, 4080
12435, 4080
21700, 4080
23159, 4080
12387, 4080
15982, 4080
7517, 4080
11782, 4080
17061, 4080
13369, 4080
15567, 4080
15891, 4080
9727, 4080
8073, 4080
14475, 4080
15582, 4080
17274, 4080
9404, 4080
14398, 4080
22587, 4080
17429, 4080
13872, 4080
15845, 4080
15030, 4080
12970, 4080
21864, 4080
19428, 4080
17074, 4080
12518, 4080
18059, 4080
21163, 4080
11510, 4080
21926, 4080
9046, 4080
7657, 4080
24927, 4080
19671, 4080
17641, 4080
22697, 4080
13165, 4080
7631, 4080
15811, 4080
19042, 4080
9998, 4080
15854, 4080
23692, 4080
17617, 4080
15201, 4080
8238, 4080
22281, 4080
23301, 4080
21191, 4080
20271, 4080
20516, 4080
18694, 4080
17624, 4080
8293, 4080
16737, 4080
8699, 4080
17678, 4080
18796, 4080
11880, 4080
22952, 4080
17066, 4080
20714, 4080
16351, 4080
16555, 4080
9878, 4080
16372, 4080
19764, 4080
20476, 4080
13096, 4080
15951, 4080
17584, 4080
9584, 4080
13815, 4080
19891, 4080
21647, 4080
7445, 4080
11902, 4080
19557, 4080
15453, 4080
14681, 4080
8572, 4080
22759, 4080
21981, 4080
19362, 4080
12853, 4080
13465, 4080
17890, 4080
17990, 4080
16939, 4080
7574, 4080
19554, 4080
18045, 4080
12708, 4080
15988, 4080
10928, 4080
13699, 4080
11455, 4080
20345, 4080
19100, 4080
11577, 4080
14488, 4080
16040, 4080
17096, 4080
20921, 4080
15866, 4080
10627, 4080
21584, 4080
16809, 4080
9037, 4080
12562, 4080
17870, 4080
7780, 4080
20752, 4080
21051, 4080
15524, 4080
18454, 4080
19415, 4080
15790, 4080
18079, 4080
24264, 4080
9747, 4080
19086, 4080
13277, 4080
20608, 4080
16110, 4080
15057, 4080
15042, 4080
8439, 4080
20955, 4080
12143, 4080
4080, 16925
4080, 15814
13311, 4081
4081, 9529
18028, 4082
4082, 9099
8988, 4083
4083, 22289
10497, 4084
4084, 21443
15012, 4085
4085, 20080
16537, 4086
4086, 20142
20346, 4087
4087, 9722
4087, 21044
10152, 4088
4088, 23836
4088, 12587
4088, 16863
4088, 24787
4088, 11711
4088, 7931
4088, 10387
4088, 10891
4088, 22071
4088, 14233
4088, 22444
4088, 22967
4088, 8033
4088, 22004
4088, 22145
4088, 15575
4088, 21669
4088, 8750
4088, 23875
4088, 21035
4088, 16782
4088, 18949
4088, 17053
4088, 16663
4088, 15246
4088, 17862
4088, 21880
4088, 10496
4088, 12761
4088, 16882
4088, 8161
4088, 22829
4088, 13456
4088, 20456
4088, 16294
4088, 19540
4088, 21101
4088, 7740
4088, 20956
4088, 8016
4088, 9616
4088, 24829
4088, 24725
4088, 10527
4088, 11125
4088, 15462
4088, 24613
4088, 10315
4088, 10635
4088, 23173
4088, 13168
4088, 15448
4088, 12774
4088, 22649
4088, 23889
4088, 16635
15441, 4089
4089, 17135
12251, 4090
4090, 9567
4090, 11984
20686, 4091
4091, 19071
10176, 4092
4092, 13475
13016, 4093
4093, 14586
16925, 4094
4094, 16199
11295, 4095
14432, 4095
4095, 9903
20532, 4096
4096, 22728
23426, 4097
4097, 8672
15913, 4098
4098, 18744
8470, 4099
4099, 16338
21626, 4100
4100, 14997
10652, 4101
16830, 4101
10826, 4101
4101, 13688
21069, 4102
4102, 18318
15888, 4103
4103, 23189
17654, 4104
4104, 15756
8463, 4105
4105, 15251
4105, 8912
16138, 4106
4106, 15250
12755, 4107
21472, 4107
4107, 20060
10069, 4108
4108, 19740
17549, 4109
4109, 19920
8717, 4110
4110, 14112
24777, 4111
4111, 19511
21130, 4112
4112, 19453
13197, 4113
24669, 4113
17499, 4113
14664, 4113
4113, 7743
10158, 4114
4114, 22488
19021, 4115
4115, 21481
13116, 4116
4116, 18674
11398, 4117
4117, 24038
16925, 4118
4118, 11536
13472, 4119
22924, 4119
4119, 21001
13324, 4120
4120, 10761
16925, 4121
4121, 8708
13839, 4122
4122, 13642
11906, 4123
4123, 10031
13774, 4124
24122, 4124
4124, 21113
19893, 4125
4125, 23160
23660, 4126
4126, 15790
17392, 4127
14146, 4127
18985, 4127
23221, 4127
21694, 4127
15243, 4127
21571, 4127
18626, 4127
10292, 4127
18328, 4127
22008, 4127
15215, 4127
14250, 4127
8550, 4127
23125, 4127
8586, 4127
14996, 4127
7691, 4127
8766, 4127
20404, 4127
20976, 4127
22260, 4127
14427, 4127
19079, 4127
16799, 4127
14635, 4127
16508, 4127
23061, 4127
19718, 4127
4127, 21355
23995, 4128
4128, 9244
21212, 4129
4129, 22256
7930, 4130
4130, 12397
22562, 4131
4131, 20983
16728, 4132
4132, 19100
19436, 4133
4133, 21401
24719, 4134
4134, 16164
16955, 4135
4135, 20056
24603, 4136
4136, 16183
8330, 4137
4137, 8361
4137, 10045
16569, 4138
4138, 13773
9742, 4139
21703, 4139
4139, 22140
17575, 4140
4140, 16627
18300, 4141
4141, 20512
16453, 4142
4142, 21396
18901, 4143
15179, 4143
15845, 4143
15783, 4143
23340, 4143
12821, 4143
16183, 4143
7780, 4143
13206, 4143
21825, 4143
15032, 4143
24567, 4143
15149, 4143
19696, 4143
16752, 4143
16625, 4143
22663, 4143
8577, 4143
16777, 4143
9158, 4143
22544, 4143
11625, 4143
11425, 4143
7445, 4143
24811, 4143
18480, 4143
23019, 4143
9818, 4143
13315, 4143
15988, 4143
13577, 4143
20319, 4143
12166, 4143
24160, 4143
15941, 4143
17678, 4143
10027, 4143
14915, 4143
17410, 4143
10528, 4143
17099, 4143
20367, 4143
14513, 4143
21584, 4143
19100, 4143
11201, 4143
9046, 4143
17022, 4143
13359, 4143
17061, 4143
20998, 4143
15800, 4143
22431, 4143
11510, 4143
22465, 4143
18257, 4143
17890, 4143
24751, 4143
20887, 4143
18360, 4143
17439, 4143
21700, 4143
11448, 4143
21245, 4143
19485, 4143
9019, 4143
16105, 4143
13762, 4143
14548, 4143
21539, 4143
23538, 4143
23013, 4143
23606, 4143
23478, 4143
9561, 4143
9177, 4143
14037, 4143
23926, 4143
10952, 4143
21421, 4143
19413, 4143
14813, 4143
9313, 4143
8751, 4143
7688, 4143
10577, 4143
13164, 4143
13460, 4143
22952, 4143
22256, 4143
22184, 4143
15811, 4143
15307, 4143
21864, 4143
23918, 4143
9499, 4143
18540, 4143
19966, 4143
12471, 4143
12273, 4143
11117, 4143
9439, 4143
16033, 4143
18663, 4143
10650, 4143
22537, 4143
8526, 4143
9175, 4143
9638, 4143
18614, 4143
16661, 4143
17418, 4143
17550, 4143
19012, 4143
24213, 4143
20531, 4143
18493, 4143
14240, 4143
12346, 4143
8111, 4143
9878, 4143
9864, 4143
14792, 4143
14069, 4143
8728, 4143
15673, 4143
19111, 4143
15947, 4143
11103, 4143
20475, 4143
15502, 4143
12881, 4143
24924, 4143
19441, 4143
8449, 4143
20533, 4143
22081, 4143
15968, 4143
21218, 4143
13872, 4143
17071, 4143
15030, 4143
14488, 4143
7659, 4143
21059, 4143
9228, 4143
20464, 4143
24566, 4143
24623, 4143
23474, 4143
10967, 4143
23310, 4143
8027, 4143
8657, 4143
11356, 4143
20071, 4143
20231, 4143
23218, 4143
20834, 4143
8828, 4143
16032, 4143
23423, 4143
17775, 4143
16561, 4143
17066, 4143
23604, 4143
9641, 4143
17545, 4143
16957, 4143
12277, 4143
23411, 4143
11887, 4143
18033, 4143
7714, 4143
8688, 4143
9524, 4143
22299, 4143
23797, 4143
8552, 4143
11190, 4143
8187, 4143
19019, 4143
11949, 4143
20628, 4143
24952, 4143
12195, 4143
21215, 4143
18357, 4143
7997, 4143
22929, 4143
10408, 4143
19643, 4143
8474, 4143
12389, 4143
10060, 4143
19561, 4143
12518, 4143
24616, 4143
11543, 4143
7977, 4143
16121, 4143
22619, 4143
24021, 4143
22700, 4143
10793, 4143
11730, 4143
12096, 4143
16462, 4143
22819, 4143
15474, 4143
9198, 4143
23159, 4143
21062, 4143
9788, 4143
11788, 4143
18600, 4143
9266, 4143
17042, 4143
9288, 4143
10609, 4143
15781, 4143
23922, 4143
21827, 4143
16406, 4143
14396, 4143
11562, 4143
21322, 4143
8226, 4143
23651, 4143
14844, 4143
13047, 4143
11951, 4143
15036, 4143
20024, 4143
20351, 4143
19916, 4143
16550, 4143
10533, 4143
16774, 4143
11455, 4143
14617, 4143
19396, 4143
14119, 4143
17318, 4143
22278, 4143
11420, 4143
17624, 4143
10157, 4143
16351, 4143
13284, 4143
13495, 4143
4143, 16925
4143, 10876
12795, 4144
4144, 7472
4144, 24266
7478, 4145
4145, 17508
10252, 4146
4146, 10650
11383, 4147
16431, 4147
4147, 14634
17664, 4148
4148, 15483
4148, 10294
4148, 24015
4148, 14283
11891, 4149
4149, 17010
23479, 4150
4150, 19643
20111, 4151
4151, 14329
17420, 4152
4152, 23864
12503, 4153
4153, 12143
12076, 4154
7938, 4154
24746, 4154
4154, 13279
8962, 4155
4155, 19810
9487, 4156
17289, 4156
14154, 4156
10886, 4156
14840, 4156
14057, 4156
11000, 4156
10409, 4156
8737, 4156
19946, 4156
19740, 4156
8860, 4156
8839, 4156
10339, 4156
19675, 4156
14209, 4156
18552, 4156
12130, 4156
18877, 4156
9430, 4156
10267, 4156
11552, 4156
20257, 4156
12574, 4156
12893, 4156
21192, 4156
9520, 4156
11020, 4156
24349, 4156
13868, 4156
8434, 4156
10381, 4156
8626, 4156
23641, 4156
11995, 4156
17614, 4156
16642, 4156
15362, 4156
10771, 4156
13184, 4156
19140, 4156
16175, 4156
13296, 4156
13340, 4156
22216, 4156
13689, 4156
18650, 4156
8247, 4156
22446, 4156
20035, 4156
14545, 4156
4156, 12804
15058, 4157
4157, 12822
18971, 4158
13884, 4158
13019, 4158
11282, 4158
4158, 16623
19893, 4159
4159, 8047
4159, 8443
4159, 11852
21270, 4160
4160, 9673
4160, 23803
17521, 4161
4161, 8442
11906, 4162
4162, 9747
13011, 4163
4163, 12665
11802, 4164
4164, 13531
10234, 4165
4165, 10959
4165, 23401
23179, 4166
4166, 17676
19904, 4167
4167, 20234
17602, 4168
4168, 9595
19862, 4169
4169, 9276
11172, 4170
4170, 21772
9962, 4171
8689, 4171
7563, 4171
21150, 4171
20690, 4171
17409, 4171
24931, 4171
7827, 4171
4171, 22663
19843, 4172
4172, 16506
8515, 4173
4173, 23762
24400, 4174
4174, 20496
4174, 7922
17331, 4175
4175, 11455
12526, 4176
11544, 4176
9547, 4176
23038, 4176
8208, 4176
4176, 9286
16925, 4177
4177, 22564
16054, 4178
4178, 20795
21367, 4179
4179, 8363
17982, 4180
8402, 4180
4180, 11847
21052, 4181
18503, 4181
18244, 4181
23554, 4181
16837, 4181
21731, 4181
22832, 4181
19617, 4181
11610, 4181
10800, 4181
19230, 4181
9696, 4181
12783, 4181
10853, 4181
19028, 4181
10333, 4181
22888, 4181
14569, 4181
18849, 4181
18076, 4181
8296, 4181
22009, 4181
24868, 4181
14132, 4181
23226, 4181
10322, 4181
23662, 4181
14495, 4181
19524, 4181
8195, 4181
23262, 4181
11987, 4181
10150, 4181
12631, 4181
15511, 4181
14458, 4181
17527, 4181
14637, 4181
19626, 4181
20214, 4181
16844, 4181
21206, 4181
23485, 4181
9535, 4181
22356, 4181
14195, 4181
21564, 4181
18364, 4181
9149, 4181
22295, 4181
12519, 4181
13018, 4181
14209, 4181
8462, 4181
24595, 4181
20870, 4181
7967, 4181
24137, 4181
21967, 4181
9988, 4181
8030, 4181
19234, 4181
20233, 4181
19000, 4181
22559, 4181
22098, 4181
13823, 4181
20410, 4181
12337, 4181
22199, 4181
16845, 4181
16850, 4181
17296, 4181
24483, 4181
10734, 4181
16584, 4181
20565, 4181
14763, 4181
21410, 4181
22936, 4181
11726, 4181
20937, 4181
18039, 4181
16961, 4181
20257, 4181
16639, 4181
9389, 4181
9234, 4181
14503, 4181
17747, 4181
13001, 4181
16306, 4181
24720, 4181
15642, 4181
19014, 4181
18119, 4181
15808, 4181
14650, 4181
17154, 4181
24142, 4181
24735, 4181
18216, 4181
20309, 4181
14457, 4181
10021, 4181
22501, 4181
14538, 4181
14847, 4181
12672, 4181
20270, 4181
12429, 4181
19693, 4181
17063, 4181
18378, 4181
11019, 4181
9277, 4181
14369, 4181
14278, 4181
23116, 4181
10758, 4181
24033, 4181
10590, 4181
13616, 4181
13538, 4181
9676, 4181
23780, 4181
17136, 4181
18597, 4181
18256, 4181
18708, 4181
8599, 4181
10083, 4181
14534, 4181
19323, 4181
10314, 4181
24350, 4181
21588, 4181
18958, 4181
13210, 4181
16665, 4181
12147, 4181
15595, 4181
24553, 4181
19262, 4181
24919, 4181
24859, 4181
13167, 4181
15830, 4181
24904, 4181
14440, 4181
24563, 4181
16322, 4181
17883, 4181
24755, 4181
14065, 4181
24550, 4181
16080, 4181
10750, 4181
4181, 12804
17847, 4182
13559, 4182
10179, 4182
14723, 4182
18424, 4182
4182, 15042
11740, 4183
4183, 9884
7906, 4184
4184, 8168
13239, 4185
4185, 7731
10234, 4186
4186, 14964
4186, 13332
4186, 22308
17314, 4187
4187, 24540
19824, 4188
4188, 15042
17420, 4189
4189, 7504
20382, 4190
4190, 13040
13944, 4191
4191, 8318
4191, 9073
22189, 4192
4192, 10262
4192, 16021
4192, 22547
20324, 4193
4193, 23004
4193, 20435
9375, 4194
4194, 22289
12251, 4195
4195, 8616
4195, 24720
22137, 4196
24476, 4196
15672, 4196
9820, 4196
4196, 8269
4196, 16371
15142, 4197
4197, 12305
11729, 4198
4198, 21027
10413, 4199
4199, 12888
8387, 4200
4200, 23909
14042, 4201
4201, 20369
24404, 4202
4202, 23475
12993, 4203
4203, 22600
23898, 4204
11970, 4204
14081, 4204
4204, 20117
24402, 4205
4205, 17461
23944, 4206
4206, 21767
4206, 17686
4206, 13579
4206, 8556
13180, 4207
4207, 8121
17570, 4208
4208, 7808
11369, 4209
9735, 4209
24608, 4209
15725, 4209
19947, 4209
20794, 4209
9656, 4209
23073, 4209
24212, 4209
8059, 4209
8763, 4209
9155, 4209
4209, 12823
23141, 4210
4210, 24477
14678, 4211
4211, 23762
8965, 4212
18368, 4212
14101, 4212
16142, 4212
16624, 4212
11312, 4212
15101, 4212
8048, 4212
17632, 4212
15436, 4212
9042, 4212
14985, 4212
4212, 16514
4212, 24530
17233, 4213
4213, 16406
13562, 4214
4214, 20106
21404, 4215
4215, 13024
16024, 4216
4216, 9421
21724, 4217
4217, 17810
15301, 4218
4218, 18033
22604, 4219
18418, 4219
12706, 4219
4219, 19470
24079, 4220
4220, 18675
11941, 4221
4221, 9522
18630, 4222
4222, 22289
18505, 4223
4223, 13857
19711, 4224
4224, 20788
17420, 4225
4225, 10822
12687, 4226
21402, 4226
4226, 14085
13527, 4227
4227, 23298
17461, 4228
4228, 8289
16925, 4229
4229, 16182
17735, 4230
4230, 16952
22287, 4231
4231, 15651
4231, 22813
20764, 4232
4232, 13223
9805, 4233
4233, 9617
18582, 4234
4234, 11531
4234, 23058
8045, 4235
4235, 13206
19213, 4236
4236, 15303
15300, 4237
4237, 24388
21626, 4238
4238, 10151
7621, 4239
7936, 4239
4239, 13989
4239, 10656
16925, 4240
4240, 20550
16980, 4241
4241, 21055
24625, 4242
4242, 16561
19749, 4243
4243, 9353
16093, 4244
4244, 19444
18582, 4245
4245, 19610
4245, 16026
24715, 4246
4246, 22131
9069, 4247
8208, 4247
7690, 4247
4247, 10535
10252, 4248
4248, 18694
14774, 4249
4249, 14460
21817, 4250
4250, 15866
4250, 7903
9785, 4251
4251, 21440
19893, 4252
4252, 17008
8926, 4253
15037, 4253
7951, 4253
4253, 9581
20262, 4254
4254, 15613
7440, 4255
4255, 20396
10252, 4256
4256, 17043
22887, 4257
4257, 23072
21476, 4258
19816, 4258
4258, 20648
17397, 4259
4259, 10642
22599, 4260
4260, 13691
13588, 4261
23298, 4261
9702, 4261
21540, 4261
4261, 7508
16559, 4262
4262, 18362
14445, 4263
4263, 24958
10413, 4264
4264, 19877
10252, 4265
4265, 17870
17960, 4266
21447, 4266
14226, 4266
4266, 11062
10252, 4267
4267, 18694
24336, 4268
4268, 7995
20226, 4269
4269, 19386
11690, 4270
10772, 4270
4270, 12599
17245, 4271
4271, 16430
4271, 14983
24503, 4272
14567, 4272
4272, 24153
8135, 4273
4273, 16190
10133, 4274
4274, 11903
18901, 4275
8660, 4275
8553, 4275
12530, 4275
10980, 4275
24399, 4275
14595, 4275
14837, 4275
21361, 4275
12846, 4275
8199, 4275
24658, 4275
15823, 4275
20866, 4275
19485, 4275
10299, 4275
14063, 4275
12063, 4275
10143, 4275
8535, 4275
20998, 4275
12075, 4275
11448, 4275
12239, 4275
21133, 4275
23158, 4275
9353, 4275
15700, 4275
14373, 4275
12878, 4275
12107, 4275
19581, 4275
23673, 4275
12700, 4275
11638, 4275
15271, 4275
15782, 4275
19261, 4275
20231, 4275
16842, 4275
12859, 4275
13945, 4275
8500, 4275
19111, 4275
17726, 4275
24620, 4275
15397, 4275
18159, 4275
8398, 4275
9510, 4275
8230, 4275
14339, 4275
16796, 4275
14979, 4275
19570, 4275
7926, 4275
12446, 4275
10154, 4275
20169, 4275
18857, 4275
22207, 4275
15803, 4275
16325, 4275
24174, 4275
20354, 4275
22595, 4275
22374, 4275
15795, 4275
19416, 4275
10533, 4275
13138, 4275
23963, 4275
13315, 4275
8426, 4275
10073, 4275
15624, 4275
15207, 4275
11914, 4275
10190, 4275
17775, 4275
20890, 4275
14594, 4275
18600, 4275
19591, 4275
15084, 4275
19310, 4275
20781, 4275
16183, 4275
13577, 4275
22349, 4275
16388, 4275
15975, 4275
8044, 4275
18934, 4275
9057, 4275
22431, 4275
14328, 4275
24558, 4275
23211, 4275
17426, 4275
14357, 4275
16131, 4275
18198, 4275
8027, 4275
8111, 4275
10470, 4275
22164, 4275
23472, 4275
17460, 4275
16918, 4275
7432, 4275
10765, 4275
24265, 4275
7618, 4275
7937, 4275
22193, 4275
21996, 4275
12573, 4275
18360, 4275
11822, 4275
21546, 4275
22236, 4275
14119, 4275
20909, 4275
19358, 4275
17035, 4275
10637, 4275
11649, 4275
20281, 4275
21178, 4275
10929, 4275
23010, 4275
24268, 4275
16422, 4275
13367, 4275
11390, 4275
18322, 4275
14645, 4275
24008, 4275
23030, 4275
21173, 4275
8983, 4275
18941, 4275
17890, 4275
18064, 4275
13410, 4275
24219, 4275
20533, 4275
19691, 4275
12518, 4275
21637, 4275
10627, 4275
12970, 4275
11981, 4275
7980, 4275
24824, 4275
16032, 4275
14498, 4275
23576, 4275
17264, 4275
18923, 4275
9452, 4275
21251, 4275
9046, 4275
21341, 4275
15925, 4275
21864, 4275
15845, 4275
11302, 4275
7977, 4275
19019, 4275
17678, 4275
15681, 4275
21162, 4275
14548, 4275
13762, 4275
22770, 4275
22645, 4275
22663, 4275
11280, 4275
15214, 4275
19195, 4275
7780, 4275
15201, 4275
7437, 4275
14493, 4275
21767, 4275
9344, 4275
18859, 4275
9288, 4275
11257, 4275
15866, 4275
21657, 4275
22184, 4275
16916, 4275
17167, 4275
10705, 4275
15560, 4275
24170, 4275
10656, 4275
9834, 4275
18195, 4275
10221, 4275
16198, 4275
7946, 4275
21647, 4275
15813, 4275
9979, 4275
20796, 4275
12456, 4275
10565, 4275
20376, 4275
20629, 4275
20745, 4275
18059, 4275
14071, 4275
21787, 4275
7836, 4275
17657, 4275
19086, 4275
17165, 4275
11976, 4275
23411, 4275
13599, 4275
23692, 4275
16040, 4275
23826, 4275
19643, 4275
15663, 4275
10038, 4275
13582, 4275
22237, 4275
8209, 4275
16134, 4275
19229, 4275
8492, 4275
19407, 4275
10551, 4275
23415, 4275
7615, 4275
14125, 4275
13453, 4275
18980, 4275
11286, 4275
8620, 4275
11325, 4275
9207, 4275
12195, 4275
22683, 4275
22035, 4275
11782, 4275
23819, 4275
15294, 4275
18616, 4275
18761, 4275
17617, 4275
17096, 4275
14021, 4275
16979, 4275
12470, 4275
13449, 4275
21433, 4275
9670, 4275
13384, 4275
20476, 4275
24115, 4275
8951, 4275
7909, 4275
10529, 4275
13620, 4275
18834, 4275
19067, 4275
19238, 4275
16555, 4275
16393, 4275
13403, 4275
16953, 4275
9871, 4275
19712, 4275
16515, 4275
16406, 4275
11691, 4275
24598, 4275
13591, 4275
14790, 4275
21898, 4275
15799, 4275
9295, 4275
21619, 4275
14299, 4275
17750, 4275
16820, 4275
20612, 4275
22191, 4275
21347, 4275
9725, 4275
12734, 4275
15345, 4275
18540, 4275
19398, 4275
7891, 4275
16978, 4275
18079, 4275
8225, 4275
24924, 4275
17587, 4275
15732, 4275
10715, 4275
22296, 4275
16132, 4275
19838, 4275
15178, 4275
24626, 4275
15453, 4275
10795, 4275
19444, 4275
17893, 4275
24580, 4275
14191, 4275
19012, 4275
14981, 4275
13460, 4275
19810, 4275
12535, 4275
14597, 4275
23926, 4275
11880, 4275
19782, 4275
12435, 4275
12143, 4275
8531, 4275
18541, 4275
20159, 4275
18303, 4275
24554, 4275
8229, 4275
20232, 4275
11664, 4275
17562, 4275
17274, 4275
16097, 4275
17653, 4275
23218, 4275
10650, 4275
24751, 4275
9436, 4275
11455, 4275
22194, 4275
10958, 4275
23650, 4275
9196, 4275
9524, 4275
22185, 4275
17205, 4275
21584, 4275
16053, 4275
19241, 4275
10485, 4275
11426, 4275
9875, 4275
22999, 4275
16217, 4275
16462, 4275
11216, 4275
10630, 4275
8079, 4275
20665, 4275
16143, 4275
20849, 4275
9788, 4275
24468, 4275
9642, 4275
9840, 4275
20061, 4275
21700, 4275
20934, 4275
18141, 4275
8630, 4275
19425, 4275
17189, 4275
13364, 4275
22338, 4275
24499, 4275
16551, 4275
11484, 4275
17877, 4275
8699, 4275
17061, 4275
21655, 4275
9707, 4275
18787, 4275
12123, 4275
22123, 4275
14307, 4275
9980, 4275
16386, 4275
12605, 4275
13136, 4275
22262, 4275
14513, 4275
9333, 4275
24559, 4275
9689, 4275
20071, 4275
8165, 4275
19158, 4275
13803, 4275
11952, 4275
15763, 4275
7626, 4275
19882, 4275
24742, 4275
22856, 4275
24064, 4275
13378, 4275
19460, 4275
13810, 4275
15143, 4275
10965, 4275
17733, 4275
22026, 4275
14134, 4275
16269, 4275
22069, 4275
10548, 4275
16576, 4275
13103, 4275
13284, 4275
12741, 4275
13714, 4275
12277, 4275
10577, 4275
18604, 4275
11066, 4275
9499, 4275
21218, 4275
24104, 4275
17870, 4275
8528, 4275
22358, 4275
23699, 4275
21462, 4275
22438, 4275
4275, 20319
4275, 16925
10354, 4276
4276, 10759
4276, 9759
16762, 4277
4277, 12806
4277, 18693
23032, 4278
4278, 17678
16013, 4279
4279, 10928
19295, 4280
4280, 11681
9488, 4281
8667, 4281
23129, 4281
17780, 4281
23580, 4281
4281, 7425
11682, 4282
4282, 17274
21444, 4283
4283, 23851
15348, 4284
4284, 14483
17442, 4285
4285, 23035
23645, 4286
16848, 4286
4286, 16502
8175, 4287
4287, 22255
22881, 4288
17141, 4288
4288, 17721
9547, 4289
10974, 4289
18278, 4289
17752, 4289
4289, 10036
14876, 4290
4290, 14148
19896, 4291
4291, 16239
4291, 12699
21998, 4292
4292, 8818
23438, 4293
4293, 8172
20317, 4294
4294, 12512
23291, 4295
13578, 4295
18278, 4295
4295, 11362
10133, 4296
4296, 8976
18904, 4297
4297, 23722
24835, 4298
4298, 20210
4298, 19298
14117, 4299
4299, 18542
21626, 4300
4300, 13940
9805, 4301
4301, 9966
10152, 4302
4302, 10873
4302, 8521
4302, 17790
4302, 12458
4302, 15636
4302, 24248
4302, 13634
4302, 23865
4302, 14377
4302, 20298
4302, 15842
4302, 18229
4302, 15657
4302, 21028
4302, 21671
4302, 19979
4302, 15980
4302, 22316
4302, 22522
4302, 16736
4302, 11245
4302, 15801
4302, 17618
4302, 21887
4302, 24385
4302, 7495
4302, 22640
4302, 15117
4302, 17118
4302, 21586
4302, 15528
4302, 22130
4302, 23597
4302, 10011
4302, 13115
4302, 22283
4302, 9035
4302, 16031
4302, 11123
4302, 20348
4302, 12578
4302, 14967
4302, 20967
4302, 18203
4302, 13028
4302, 19590
4302, 21788
4302, 23224
4302, 19527
4302, 9950
4302, 19245
4302, 23108
4302, 9765
4302, 18518
4302, 16403
4302, 15746
4302, 12848
4302, 16729
4302, 20924
4302, 10803
4302, 16621
4302, 22583
4302, 21039
4302, 17058
19685, 4303
4303, 9841
12076, 4304
20826, 4304
14213, 4304
8466, 4304
12469, 4304
17366, 4304
10870, 4304
8489, 4304
4304, 20851
13766, 4305
12560, 4305
8909, 4305
18329, 4305
4305, 14328
4305, 14746
18670, 4306
4306, 10361
22844, 4307
15116, 4307
4307, 22195
19629, 4308
4308, 13280
16947, 4309
4309, 8921
11906, 4310
4310, 16372
11825, 4311
24141, 4311
4311, 22138
10078, 4312
12946, 4312
4312, 16406
7791, 4313
4313, 23025
12515, 4314
4314, 9045
11916, 4315
4315, 18079
17723, 4316
4316, 9531
7886, 4317
4317, 11099
19459, 4318
4318, 8572
20104, 4319
4319, 18466
14705, 4320
4320, 22850
19247, 4321
4321, 11918
13022, 4322
4322, 12287
15865, 4323
4323, 14013
10144, 4324
4324, 17518
15905, 4325
4325, 18478
9718, 4326
4326, 11185
8160, 4327
4327, 15909
4327, 7960
4327, 18881
18819, 4328
4328, 15306
4328, 24160
18582, 4329
4329, 23405
10979, 4330
4330, 24997
8938, 4331
4331, 19680
19681, 4332
17275, 4332
4332, 9588
11115, 4333
4333, 10654
12677, 4334
4334, 14817
12279, 4335
4335, 12822
22767, 4336
4336, 7525
4336, 13830
4336, 16286
4336, 20231
4336, 23281
4336, 18857
4336, 19095
4336, 14879
4336, 20412
4336, 18556
4336, 12435
4336, 15805
4336, 15030
4336, 19562
4336, 12722
4336, 11457
4336, 23329
4336, 10795
4336, 15453
4336, 15745
4336, 14488
9816, 4337
4337, 12285
20851, 4338
4338, 8208
14117, 4339
4339, 7518
15007, 4340
4340, 19485
22601, 4341
4341, 16348
16308, 4342
4342, 16533
13765, 4343
4343, 7555
22172, 4344
4344, 9754
15556, 4345
4345, 23962
16929, 4346
4346, 21959
12727, 4347
4347, 15500
24074, 4348
4348, 21249
8607, 4349
4349, 17334
16308, 4350
4350, 12539
23659, 4351
4351, 22112
20167, 4352
15877, 4352
4352, 9753
15573, 4353
4353, 20629
8501, 4354
21389, 4354
4354, 12397
4354, 14848
15330, 4355
4355, 16406
18434, 4356
4356, 24287
16925, 4357
4357, 15093
15723, 4358
4358, 9854
14117, 4359
4359, 22428
22084, 4360
4360, 24557
15113, 4361
4361, 8560
4361, 7472
22901, 4362
4362, 21436
4362, 8882
8887, 4363
4363, 20038
4363, 8724
4363, 16856
21452, 4364
4364, 7432
9501, 4365
4365, 12834
12430, 4366
4366, 7780
8554, 4367
4367, 8385
9625, 4368
4368, 24296
22593, 4369
4369, 12210
15308, 4370
4370, 24194
19519, 4371
16461, 4371
23697, 4371
10663, 4371
14273, 4371
22647, 4371
20140, 4371
15907, 4371
16459, 4371
21244, 4371
19064, 4371
16066, 4371
11519, 4371
11973, 4371
21680, 4371
15175, 4371
12938, 4371
12210, 4371
21149, 4371
12206, 4371
11780, 4371
13386, 4371
19651, 4371
14514, 4371
23105, 4371
10276, 4371
16238, 4371
18665, 4371
21329, 4371
16177, 4371
13802, 4371
8140, 4371
16309, 4371
24692, 4371
11102, 4371
17770, 4371
8588, 4371
10760, 4371
10479, 4371
11341, 4371
19676, 4371
21963, 4371
24491, 4371
22800, 4371
22958, 4371
9841, 4371
15565, 4371
21746, 4371
23103, 4371
11736, 4371
22257, 4371
21401, 4371
12391, 4371
12308, 4371
17258, 4371
24143, 4371
23849, 4371
17858, 4371
19673, 4371
22964, 4371
24396, 4371
14238, 4371
7465, 4371
23290, 4371
15151, 4371
7503, 4371
8133, 4371
8038, 4371
10187, 4371
23738, 4371
24849, 4371
17697, 4371
23156, 4371
23145, 4371
19912, 4371
11608, 4371
11289, 4371
21344, 4371
11515, 4371
12070, 4371
16064, 4371
23256, 4371
9926, 4371
19115, 4371
10045, 4371
16917, 4371
10816, 4371
17517, 4371
4371, 9566
19329, 4372
4372, 18257
17054, 4373
4373, 19699
10426, 4374
4374, 20540
22916, 4375
4375, 18774
18058, 4376
4376, 10944
7747, 4377
4377, 22982
14777, 4378
4378, 24466
20892, 4379
10752, 4379
4379, 15452
12557, 4380
4380, 18291
9040, 4381
4381, 15165
9803, 4382
23506, 4382
23775, 4382
19164, 4382
20363, 4382
22375, 4382
10061, 4382
22684, 4382
22895, 4382
7620, 4382
13845, 4382
7666, 4382
18491, 4382
13193, 4382
9188, 4382
13877, 4382
8202, 4382
21855, 4382
4382, 9862
18408, 4383
4383, 9810
12056, 4384
4384, 20150
15840, 4385
4385, 13835
10091, 4386
4386, 21941
22633, 4387
4387, 19787
8387, 4388
4388, 10625
21591, 4389
4389, 7780
20472, 4390
4390, 19621
16308, 4391
4391, 18197
23427, 4392
4392, 20947
19049, 4393
10357, 4393
9933, 4393
10914, 4393
4393, 15016
16925, 4394
4394, 24783
23076, 4395
4395, 14603
4395, 20520
4395, 22386
4395, 15717
4395, 18202
21075, 4396
4396, 14209
19907, 4397
4397, 23680
22774, 4398
4398, 12957
18351, 4399
4399, 24153
22647, 4400
22600, 4400
4400, 22421
20218, 4401
4401, 19870
4401, 11718
13887, 4402
4402, 22508
24815, 4403
4403, 13197
13653, 4404
4404, 23720
9880, 4405
4405, 17229
4405, 23803
4405, 15179
13637, 4406
4406, 20949
8337, 4407
4407, 19323
22866, 4408
16180, 4408
4408, 8905
4408, 20127
10234, 4409
4409, 9564
4409, 14195
21339, 4410
4410, 17301
18702, 4411
4411, 11911
10342, 4412
4412, 15968
12415, 4413
18800, 4413
4413, 12608
4413, 9268
4413, 14585
4413, 21823
4413, 21006
4413, 11715
4413, 12487
4413, 16647
4413, 15393
4413, 16445
4413, 14636
4413, 21463
4413, 8388
4413, 18214
4413, 20832
4413, 12944
4413, 19757
4413, 14029
4413, 20143
4413, 9706
4413, 13697
4413, 18809
4413, 16803
4413, 20568
4413, 12784
19116, 4414
4414, 20030
15342, 4415
4415, 22600
16139, 4416
4416, 16124
22475, 4417
4417, 17305
18582, 4418
4418, 12880
4418, 18844
4418, 16484
14885, 4419
4419, 11988
10313, 4420
4420, 18717
16792, 4421
4421, 14698
24863, 4422
11267, 4422
14158, 4422
4422, 21284
21065, 4423
4423, 12434
13548, 4424
4424, 15964
22691, 4425
4425, 16066
17250, 4426
4426, 22115
23937, 4427
4427, 10162
14005, 4428
4428, 16924
10133, 4429
4429, 11602
21832, 4430
9799, 4430
4430, 12066
9539, 4431
4431, 9907
14264, 4432
23970, 4432
10376, 4432
18578, 4432
7643, 4432
4432, 14506
19601, 4433
12501, 4433
19256, 4433
4433, 14036
11849, 4434
4434, 11782
17152, 4435
4435, 18540
18131, 4436
14064, 4436
4436, 21670
23932, 4437
4437, 20006
17435, 4438
4438, 22600
23669, 4439
14459, 4439
22740, 4439
4439, 14574
20841, 4440
4440, 8249
4440, 24187
4440, 11454
4440, 13051
24754, 4441
19309, 4441
15543, 4441
14664, 4441
4441, 17966
8281, 4442
14689, 4442
4442, 8490
18968, 4443
4443, 14582
11071, 4444
4444, 21497
11186, 4445
4445, 13982
11571, 4446
20509, 4446
4446, 12066
24893, 4447
4447, 10557
14117, 4448
4448, 17746
10636, 4449
4449, 21752
13252, 4450
4450, 18771
10332, 4451
4451, 24364
9004, 4452
4452, 23411
15946, 4453
4453, 24363
7694, 4454
4454, 17102
21382, 4455
4455, 19470
22762, 4456
23084, 4456
15059, 4456
22560, 4456
4456, 20847
17984, 4457
4457, 24921
8387, 4458
4458, 20972
13032, 4459
4459, 12285
9388, 4460
4460, 22494
10252, 4461
4461, 17870
21253, 4462
4462, 14909
14933, 4463
4463, 22763
20399, 4464
4464, 13934
11757, 4465
4465, 21693
10133, 4466
4466, 12309
18081, 4467
4467, 20657
15969, 4468
4468, 19835
14409, 4469
10260, 4469
15025, 4469
4469, 13440
14144, 4470
4470, 11709
19254, 4471
4471, 22663
13723, 4472
4472, 12873
11485, 4473
4473, 20720
15315, 4474
4474, 15429
20225, 4475
17320, 4475
24841, 4475
4475, 7921
17420, 4476
4476, 8904
4476, 12394
12667, 4477
4477, 24399
16534, 4478
4478, 16406
12381, 4479
4479, 12155
22892, 4480
4480, 20072
4480, 9524
9006, 4481
10318, 4481
4481, 24369
10252, 4482
4482, 17870
24180, 4483
4483, 18231
19102, 4484
4484, 20299
8268, 4485
4485, 23872
15931, 4486
13439, 4486
18716, 4486
4486, 18475
11424, 4487
4487, 24408
24054, 4488
4488, 17050
16840, 4489
4489, 21126
17482, 4490
4490, 14698
4490, 22436
4490, 10321
4490, 9215
4490, 11316
9972, 4491
4491, 22940
12119, 4492
4492, 10042
16227, 4493
4493, 19578
16925, 4494
4494, 20165
8214, 4495
4495, 19137
23384, 4496
4496, 12712
8743, 4497
4497, 17106
22108, 4498
4498, 19415
22218, 4499
11781, 4499
4499, 12802
4499, 21197
10234, 4500
4500, 9564
4500, 12097
20054, 4501
4501, 17067
24084, 4502
4502, 23748
16247, 4503
4503, 9392
4503, 13815
18968, 4504
4504, 23938
10413, 4505
4505, 23531
13383, 4506
4506, 10772
18582, 4507
4507, 19353
4507, 12275
9318, 4508
4508, 13465
19689, 4509
4509, 12856
10252, 4510
4510, 18694
12695, 4511
4511, 13620
23617, 4512
13987, 4512
4512, 21243
22987, 4513
4513, 8193
19865, 4514
4514, 17340
16046, 4515
22993, 4515
7731, 4515
4515, 9080
17557, 4516
4516, 21864
10829, 4517
4517, 23727
11936, 4518
4518, 14712
24449, 4519
4519, 17445
11740, 4520
4520, 13814
10288, 4521
11077, 4521
20704, 4521
4521, 17215
21460, 4522
9029, 4522
15000, 4522
23679, 4522
20205, 4522
17299, 4522
23646, 4522
11963, 4522
11702, 4522
4522, 19098
23076, 4523
4523, 23801
4523, 17289
4523, 19675
4523, 12893
21460, 4524
4524, 23743
7496, 4525
4525, 16748
21383, 4526
4526, 17938
7818, 4527
21366, 4527
13991, 4527
4527, 22487
8662, 4528
4528, 23991
18304, 4529
20702, 4529
24987, 4529
22663, 4529
21435, 4529
11455, 4529
18540, 4529
8317, 4529
8006, 4529
14746, 4529
18694, 4529
7754, 4529
15890, 4529
17870, 4529
14112, 4529
12518, 4529
4529, 16925
4529, 21874
17420, 4530
4530, 10409
4530, 24708
4530, 12549
24035, 4531
18898, 4531
18106, 4531
4531, 8136
20851, 4532
4532, 8208
16308, 4533
4533, 17014
12932, 4534
21351, 4534
9667, 4534
17768, 4534
4534, 22663
23878, 4535
15532, 4535
18354, 4535
15607, 4535
19821, 4535
21851, 4535
22709, 4535
8100, 4535
21267, 4535
4535, 12164
15641, 4536
4536, 23337
18690, 4537
4537, 17376
24533, 4538
4538, 24700
10252, 4539
4539, 10650
12690, 4540
4540, 24736
19801, 4541
4541, 20811
16284, 4542
4542, 21218
19208, 4543
4543, 15957
17420, 4544
4544, 23477
4544, 23749
4544, 12218
4544, 17292
4544, 13352
22410, 4545
24400, 4545
22690, 4545
4545, 23603
16763, 4546
4546, 12659
15775, 4547
4547, 20749
14407, 4548
25016, 4548
4548, 11914
4548, 19398
4548, 23780
4548, 15221
4548, 11623
4548, 24632
19801, 4549
4549, 13322
15157, 4550
4550, 8253
12541, 4551
4551, 14549
23638, 4552
8799, 4552
21182, 4552
18743, 4552
18909, 4552
10316, 4552
21460, 4552
11963, 4552
21081, 4552
16333, 4552
20495, 4552
16681, 4552
16023, 4552
9691, 4552
13932, 4552
11724, 4552
16133, 4552
4552, 22408
13916, 4553
4553, 18115
4553, 9347
13974, 4554
4554, 17584
11810, 4555
4555, 24742
16925, 4556
4556, 16404
20313, 4557
4557, 22376
15609, 4558
19037, 4558
21087, 4558
4558, 19723
15339, 4559
4559, 20912
24831, 4560
4560, 12620
23592, 4561
4561, 12824
18385, 4562
4562, 8205
9811, 4563
4563, 11495
16003, 4564
21454, 4564
8427, 4564
4564, 21368
15965, 4565
4565, 14471
16913, 4566
4566, 12791
13675, 4567
8242, 4567
9755, 4567
4567, 23692
19801, 4568
4568, 17037
20352, 4569
4569, 20397
22397, 4570
24105, 4570
20362, 4570
12303, 4570
4570, 11397
15262, 4571
4571, 22396
24374, 4572
4572, 16370
16255, 4573
16321, 4573
13782, 4573
4573, 24104
16788, 4574
4574, 21701
22074, 4575
4575, 13795
20536, 4576
4576, 10015
13899, 4577
4577, 19163
18645, 4578
4578, 23159
9148, 4579
4579, 22984
20598, 4580
4580, 9905
21538, 4581
9822, 4581
4581, 22184
16925, 4582
4582, 16844
4582, 10379
4582, 22068
15646, 4583
16149, 4583
21084, 4583
11083, 4583
22412, 4583
16861, 4583
23658, 4583
19230, 4583
14390, 4583
11642, 4583
19868, 4583
10731, 4583
20644, 4583
17926, 4583
16270, 4583
18735, 4583
23656, 4583
21326, 4583
15299, 4583
14690, 4583
19040, 4583
11189, 4583
24752, 4583
12311, 4583
24667, 4583
13568, 4583
23002, 4583
21272, 4583
15883, 4583
9385, 4583
11879, 4583
13742, 4583
15761, 4583
10409, 4583
19634, 4583
14197, 4583
18442, 4583
17685, 4583
16844, 4583
15521, 4583
15899, 4583
19740, 4583
24070, 4583
23087, 4583
8494, 4583
11049, 4583
9168, 4583
12213, 4583
12400, 4583
12833, 4583
15340, 4583
7844, 4583
16546, 4583
21679, 4583
14209, 4583
21942, 4583
11040, 4583
15846, 4583
21387, 4583
21160, 4583
11522, 4583
14388, 4583
8563, 4583
12359, 4583
11284, 4583
16920, 4583
15160, 4583
12268, 4583
19742, 4583
11218, 4583
23965, 4583
8918, 4583
9653, 4583
21468, 4583
19726, 4583
19881, 4583
20290, 4583
7454, 4583
9877, 4583
23587, 4583
21097, 4583
23950, 4583
23951, 4583
10672, 4583
8434, 4583
18565, 4583
18691, 4583
8101, 4583
15177, 4583
9989, 4583
7532, 4583
19739, 4583
24942, 4583
14618, 4583
9460, 4583
19199, 4583
13271, 4583
12901, 4583
17247, 4583
8261, 4583
12527, 4583
7918, 4583
10915, 4583
17462, 4583
21231, 4583
23210, 4583
14729, 4583
17556, 4583
11161, 4583
20482, 4583
22702, 4583
22248, 4583
10469, 4583
9504, 4583
9792, 4583
13328, 4583
10719, 4583
22582, 4583
17119, 4583
11930, 4583
15351, 4583
13982, 4583
13626, 4583
19305, 4583
12154, 4583
24338, 4583
18145, 4583
19837, 4583
17981, 4583
8206, 4583
17362, 4583
18333, 4583
22693, 4583
17191, 4583
18398, 4583
11714, 4583
12637, 4583
19387, 4583
9206, 4583
10216, 4583
24594, 4583
17049, 4583
8399, 4583
4583, 12804
24733, 4584
8975, 4584
4584, 16785
4584, 10157
4584, 20024
4584, 13495
4584, 21630
4584, 9561
4584, 20351
4584, 21178
4584, 18941
4584, 16916
4584, 22069
4584, 10030
4584, 16576
4584, 23478
4584, 23699
4584, 18662
4584, 9404
4584, 16269
4584, 11951
4584, 13284
4584, 11826
4584, 16351
4584, 17657
4584, 14263
4584, 17165
4584, 13047
4584, 16498
4584, 13277
4584, 14844
4584, 19141
4584, 19086
4584, 7836
4584, 23606
4584, 19617
4584, 12783
4584, 10853
4584, 23662
4584, 19524
4584, 14458
4584, 20214
4584, 9535
4584, 8030
4584, 22098
4584, 24483
4584, 20565
4584, 17747
4584, 14457
4584, 12672
4584, 12429
4584, 19693
4584, 18378
4584, 21588
4584, 24919
4584, 15830
22108, 4585
4585, 21801
9194, 4586
9820, 4586
4586, 23219
8987, 4587
10106, 4587
7949, 4587
11615, 4587
4587, 17761
4587, 14802
24230, 4588
4588, 15083
7737, 4589
4589, 7442
13482, 4590
4590, 22387
15522, 4591
4591, 22184
23998, 4592
4592, 18355
14994, 4593
4593, 12943
11444, 4594
4594, 16481
16925, 4595
4595, 16854
24925, 4596
4596, 8099
11305, 4597
4597, 9164
10234, 4598
18904, 4598
11186, 4598
4598, 15793
24884, 4599
4599, 16021
12648, 4600
19592, 4600
14412, 4600
12112, 4600
13007, 4600
7940, 4600
12835, 4600
17672, 4600
12053, 4600
8958, 4600
23590, 4600
10536, 4600
4600, 23381
21169, 4601
4601, 12822
16926, 4602
4602, 20071
20135, 4603
18419, 4603
4603, 12581
20622, 4604
4604, 7562
24103, 4605
4605, 16223
4605, 24930
24218, 4606
4606, 13067
17602, 4607
4607, 22266
4607, 22706
9446, 4608
4608, 11671
11418, 4609
4609, 8652
4609, 8208
23076, 4610
4610, 8110
20673, 4611
4611, 22395
4611, 24658
4611, 9716
4611, 11831
4611, 8311
4611, 14220
4611, 19413
4611, 8185
4611, 19571
4611, 16832
4611, 17617
4611, 12861
4611, 17531
4611, 17624
4611, 21421
4611, 23826
4611, 13876
4611, 16040
4611, 12471
4611, 10922
4611, 16470
4611, 17096
4611, 19976
18515, 4612
4612, 13707
24968, 4613
19664, 4613
17885, 4613
4613, 10744
19695, 4614
4614, 17855
12237, 4615
4615, 8691
22917, 4616
4616, 18238
4616, 18727
4616, 20093
23156, 4617
4617, 18401
15313, 4618
4618, 12340
20545, 4619
4619, 22759
10588, 4620
4620, 21284
7531, 4621
4621, 23088
18582, 4622
4622, 16175
4622, 20035
18810, 4623
4623, 13370
10020, 4624
4624, 14357
18196, 4625
12894, 4625
4625, 12974
9992, 4626
4626, 11317
22641, 4627
4627, 23068
13587, 4628
21380, 4628
4628, 8545
17998, 4629
4629, 9887
21536, 4630
4630, 24754
16925, 4631
4631, 10870
10837, 4632
4632, 7637
22753, 4633
4633, 12134
23076, 4634
4634, 22577
4634, 14778
4634, 24009
4634, 20062
4634, 19593
4634, 17651
4634, 9061
10133, 4635
4635, 15836
13448, 4636
4636, 8992
23488, 4637
4637, 19142
4637, 23734
23452, 4638
4638, 8434
19228, 4639
4639, 16664
18641, 4640
4640, 12989
10133, 4641
4641, 22861
13067, 4642
7472, 4642
4642, 13095
13805, 4643
4643, 18318
22942, 4644
21529, 4644
4644, 8449
12125, 4645
4645, 14634
14135, 4646
4646, 16719
21137, 4647
4647, 19320
7880, 4648
4648, 24564
4648, 15165
4648, 17391
24003, 4649
4649, 16715
8463, 4650
4650, 21108
4650, 14143
4650, 16215
10009, 4651
4651, 11095
23076, 4652
4652, 20740
4652, 16523
9820, 4653
4653, 24981
16925, 4654
4654, 12354
19801, 4655
4655, 22642
19956, 4656
4656, 15311
10176, 4657
4657, 18506
20330, 4658
4658, 16899
4658, 22221
20633, 4659
8722, 4659
18241, 4659
15383, 4659
8262, 4659
13170, 4659
4659, 12612
11609, 4660
4660, 22185
20825, 4661
4661, 23705
16925, 4662
4662, 12887
7994, 4663
22112, 4663
24038, 4663
19628, 4663
16748, 4663
11705, 4663
20697, 4663
24235, 4663
12620, 4663
10360, 4663
8637, 4663
13354, 4663
13873, 4663
24169, 4663
18083, 4663
14610, 4663
17835, 4663
21308, 4663
17106, 4663
18087, 4663
14085, 4663
16588, 4663
12243, 4663
9673, 4663
16155, 4663
24287, 4663
9809, 4663
13063, 4663
24686, 4663
10168, 4663
13647, 4663
21554, 4663
20819, 4663
22984, 4663
13343, 4663
22055, 4663
18559, 4663
19135, 4663
14986, 4663
14559, 4663
13781, 4663
22959, 4663
9841, 4663
21777, 4663
14465, 4663
9481, 4663
8560, 4663
19642, 4663
19951, 4663
8089, 4663
19227, 4663
8269, 4663
11168, 4663
15596, 4663
18475, 4663
18047, 4663
21266, 4663
20902, 4663
8835, 4663
24825, 4663
15002, 4663
21721, 4663
24266, 4663
15081, 4663
7607, 4663
20888, 4663
18479, 4663
15543, 4663
10908, 4663
8273, 4663
17499, 4663
24528, 4663
23674, 4663
11114, 4663
8130, 4663
16235, 4663
21284, 4663
14961, 4663
14577, 4663
15429, 4663
13864, 4663
9626, 4663
15592, 4663
24509, 4663
17526, 4663
18318, 4663
21913, 4663
14586, 4663
10809, 4663
12613, 4663
23462, 4663
11608, 4663
22197, 4663
15948, 4663
21240, 4663
24655, 4663
7757, 4663
17542, 4663
9459, 4663
15304, 4663
14172, 4663
17938, 4663
20299, 4663
18291, 4663
18362, 4663
23183, 4663
20811, 4663
11911, 4663
15442, 4663
21100, 4663
13788, 4663
4663, 10468
17887, 4664
4664, 10469
16947, 4665
4665, 8921
9354, 4666
4666, 17272
20567, 4667
4667, 7733
14367, 4668
4668, 12822
9418, 4669
4669, 21674
18889, 4670
15405, 4670
16084, 4670
10444, 4670
4670, 19385
9002, 4671
20360, 4671
4671, 18600
8270, 4672
4672, 17469
13760, 4673
4673, 9788
10133, 4674
4674, 22861
18217, 4675
4675, 23901
9928, 4676
15942, 4676
4676, 19363
23081, 4677
9723, 4677
4677, 18522
14324, 4678
4678, 10168
20737, 4679
4679, 9079
17570, 4680
4680, 7810
18782, 4681
4681, 24844
21418, 4682
4682, 20016
19471, 4683
4683, 9626
8851, 4684
4684, 13977
4684, 7607
4684, 20188
24991, 4685
4685, 16714
23296, 4686
4686, 23705
22752, 4687
20337, 4687
4687, 8434
17964, 4688
4688, 12084
12001, 4689
4689, 10116
19893, 4690
4690, 20423
4690, 8247
11886, 4691
4691, 14586
8096, 4692
11735, 4692
4692, 8196
19820, 4693
4693, 13845
16925, 4694
4694, 22638
21359, 4695
4695, 8434
20802, 4696
4696, 12775
20999, 4697
4697, 13700
9446, 4698
4698, 11671
9820, 4699
4699, 8269
17994, 4700
4700, 7614
17568, 4701
4701, 8430
17869, 4702
4702, 18230
22212, 4703
4703, 10809
18194, 4704
4704, 22589
10252, 4705
4705, 10281
10098, 4706
21460, 4706
18937, 4706
9570, 4706
4706, 18540
21993, 4707
4707, 19802
19629, 4708
4708, 8191
15769, 4709
4709, 23132
23691, 4710
4710, 15756
19751, 4711
4711, 14134
11912, 4712
4712, 12647
23076, 4713
4713, 19308
4713, 10409
10152, 4714
4714, 7593
4714, 10653
4714, 17793
4714, 20341
4714, 24462
4714, 9403
4714, 24383
4714, 20900
4714, 10075
4714, 14573
4714, 19123
4714, 16972
4714, 24993
4714, 18755
4714, 24544
4714, 18400
4714, 20506
4714, 12890
4714, 7965
4714, 9337
4714, 7756
4714, 23751
4714, 12903
4714, 23402
4714, 18236
4714, 21248
4714, 18427
4714, 24050
4714, 18962
4714, 10271
4714, 8928
4714, 23425
4714, 9216
4714, 13681
4714, 21432
4714, 10897
4714, 15088
4714, 12488
4714, 19128
4714, 22617
4714, 8465
4714, 13994
4714, 13270
4714, 18366
4714, 18043
4714, 23581
4714, 11534
4714, 7529
4714, 21419
4714, 11055
4714, 20101
4714, 11619
4714, 8009
4714, 20293
4714, 16187
4714, 13848
4714, 18917
4714, 20037
4714, 18392
4714, 10716
16925, 4715
4715, 18646
16477, 4716
4716, 9046
14335, 4717
4717, 18812
16925, 4718
4718, 24781
11624, 4719
4719, 12530
21587, 4720
4720, 21100
15338, 4721
4721, 17418
21634, 4722
19687, 4722
7674, 4722
12173, 4722
4722, 9615
22477, 4723
11008, 4723
4723, 7932
21211, 4724
4724, 13807
24431, 4725
23558, 4725
4725, 17114
12331, 4726
14080, 4726
21968, 4726
24518, 4726
24630, 4726
11612, 4726
10978, 4726
7987, 4726
8666, 4726
17309, 4726
9958, 4726
19836, 4726
18183, 4726
16571, 4726
13771, 4726
13212, 4726
4726, 20257
16925, 4727
4727, 12962
4727, 9694
24155, 4728
11060, 4728
4728, 16406
14783, 4729
4729, 7985
10413, 4730
4730, 13401
20521, 4731
4731, 22493
4731, 21785
4731, 22469
15441, 4732
4732, 18459
18904, 4733
18582, 4733
4733, 19066
20851, 4734
4734, 8208
23237, 4735
4735, 19340
16925, 4736
4736, 24403
13345, 4737
24028, 4737
4737, 14951
13236, 4738
4738, 19439
10252, 4739
4739, 10281
13188, 4740
4740, 18523
10159, 4741
4741, 15128
4741, 21854
4741, 18026
4741, 9322
4741, 19535
4741, 9553
4741, 12103
4741, 8152
4741, 12776
4741, 20835
4741, 17476
4741, 21343
4741, 20043
4741, 18175
4741, 19560
4741, 18734
4741, 21897
4741, 19464
4741, 23227
4741, 20670
4741, 18567
4741, 22116
4741, 12886
4741, 17696
4741, 9538
23632, 4742
4742, 12496
8062, 4743
4743, 11274
19801, 4744
4744, 20811
10449, 4745
15508, 4745
18298, 4745
10629, 4745
4745, 19643
11370, 4746
4746, 18906
18950, 4747
4747, 9099
16925, 4748
4748, 17993
20296, 4749
4749, 13449
14309, 4750
4750, 23877
19801, 4751
4751, 9760
19801, 4752
4752, 7911
16548, 4753
4753, 20235
4753, 20038
4753, 17616
21011, 4754
8221, 4754
12748, 4754
4754, 19583
23181, 4755
4755, 12600
12858, 4756
17997, 4756
17886, 4756
12331, 4756
18164, 4756
22720, 4756
15279, 4756
16935, 4756
22241, 4756
16145, 4756
15958, 4756
4756, 10317
14157, 4757
4757, 17794
10413, 4758
4758, 13819
11906, 4759
4759, 21050
8382, 4760
4760, 24123
20556, 4761
4761, 8434
16925, 4762
4762, 17322
21579, 4763
4763, 16406
19884, 4764
19205, 4764
23058, 4764
24205, 4764
22973, 4764
4764, 9862
14343, 4765
4765, 18410
4765, 14081
10234, 4766
4766, 17516
4766, 24808
12696, 4767
4767, 21822
10252, 4768
4768, 10281
9014, 4769
4769, 13817
9664, 4770
12015, 4770
20343, 4770
16516, 4770
4770, 20258
4770, 21516
23683, 4771
4771, 18293
22259, 4772
4772, 23783
9745, 4773
4773, 8861
9359, 4774
4774, 21619
23035, 4775
14072, 4775
22600, 4775
4775, 19710
7983, 4776
9424, 4776
4776, 15916
9246, 4777
4777, 12203
22333, 4778
4778, 23154
12410, 4779
4779, 7824
8387, 4780
13573, 4780
7696, 4780
4780, 11778
23231, 4781
4781, 11260
15441, 4782
4782, 18459
18548, 4783
17407, 4783
11187, 4783
11601, 4783
4783, 23650
4783, 17066
4783, 16319
4783, 12519
4783, 13018
4783, 20870
4783, 13823
4783, 21808
4783, 16584
4783, 14538
4783, 17375
4783, 14369
4783, 17883
13962, 4784
4784, 24644
7434, 4785
7974, 4785
4785, 8006
14214, 4786
4786, 12751
23071, 4787
4787, 20980
12509, 4788
4788, 8224
23591, 4789
4789, 14827
19488, 4790
10737, 4790
4790, 22740
17009, 4791
4791, 15191
4791, 13267
4791, 22075
21962, 4792
4792, 21758
4792, 14293
15384, 4793
4793, 20734
10370, 4794
4794, 7969
24043, 4795
4795, 8086
18023, 4796
18956, 4796
4796, 24219
9814, 4797
4797, 15112
8704, 4798
4798, 22214
17190, 4799
4799, 11608
11895, 4800
4800, 20533
21849, 4801
4801, 16710
19374, 4802
4802, 9027
14788, 4803
4803, 14181
22254, 4804
4804, 19584
12827, 4805
10383, 4805
19620, 4805
13039, 4805
19015, 4805
4805, 11417
10568, 4806
4806, 14483
19801, 4807
4807, 20811
12003, 4808
4808, 14102
9805, 4809
4809, 14840
4809, 8737
4809, 10771
4809, 21009
16925, 4810
4810, 20400
19573, 4811
4811, 22644
10133, 4812
4812, 17186
13353, 4813
4813, 20783
15261, 4814
4814, 9483
19801, 4815
4815, 10583
13254, 4816
4816, 8434
19792, 4817
4817, 17987
8868, 4818
4818, 11864
19738, 4819
4819, 17405
8160, 4820
4820, 17213
24101, 4821
4821, 14475
4821, 14199
4821, 15852
4821, 12641
20068, 4822
4822, 21493
20040, 4823
12022, 4823
4823, 16241
14776, 4824
22937, 4824
4824, 11084
4824, 11734
8484, 4825
4825, 9481
19801, 4826
4826, 13549
19893, 4827
4827, 20962
4827, 16757
4827, 19466
4827, 9061
16792, 4828
4828, 24749
20020, 4829
4829, 24266
19813, 4830
4830, 13251
21532, 4831
15173, 4831
4831, 12822
20694, 4832
4832, 11082
16457, 4833
4833, 7472
10353, 4834
4834, 19624
23503, 4835
8782, 4835
25000, 4835
9195, 4835
22442, 4835
23638, 4835
23928, 4835
17798, 4835
4835, 18587
23076, 4836
18582, 4836
10234, 4836
4836, 21223
4836, 20363
24130, 4837
4837, 19934
14120, 4838
22336, 4838
4838, 7838
13450, 4839
4839, 17899
12415, 4840
4840, 13389
4840, 9470
4840, 15667
4840, 10308
4840, 24367
4840, 9932
4840, 23419
20883, 4841
4841, 9995
8826, 4842
10579, 4842
14980, 4842
14100, 4842
22409, 4842
19052, 4842
14695, 4842
13406, 4842
18667, 4842
11232, 4842
24718, 4842
15298, 4842
17172, 4842
16343, 4842
14275, 4842
13708, 4842
14109, 4842
12996, 4842
14394, 4842
15970, 4842
12184, 4842
21804, 4842
21310, 4842
16738, 4842
12033, 4842
19266, 4842
15107, 4842
20304, 4842
13419, 4842
14247, 4842
22066, 4842
21779, 4842
23516, 4842
9505, 4842
12423, 4842
12713, 4842
18248, 4842
24085, 4842
16104, 4842
18042, 4842
14371, 4842
14439, 4842
24817, 4842
11817, 4842
8373, 4842
19003, 4842
14099, 4842
7866, 4842
23316, 4842
12283, 4842
11586, 4842
24675, 4842
15341, 4842
12297, 4842
21222, 4842
11697, 4842
14796, 4842
18677, 4842
21165, 4842
16465, 4842
23245, 4842
14755, 4842
20595, 4842
17273, 4842
13828, 4842
23958, 4842
24539, 4842
19094, 4842
23890, 4842
16674, 4842
14313, 4842
9683, 4842
7934, 4842
23549, 4842
19832, 4842
10755, 4842
8566, 4842
7515, 4842
22304, 4842
13408, 4842
16609, 4842
8037, 4842
22247, 4842
19525, 4842
16310, 4842
13720, 4842
10003, 4842
10742, 4842
14990, 4842
22777, 4842
8874, 4842
11790, 4842
22370, 4842
7821, 4842
9868, 4842
15966, 4842
19999, 4842
14944, 4842
24511, 4842
19866, 4842
7979, 4842
13533, 4842
21984, 4842
24506, 4842
13595, 4842
19894, 4842
7470, 4842
13471, 4842
19180, 4842
20874, 4842
10523, 4842
22105, 4842
19543, 4842
10183, 4842
22869, 4842
14890, 4842
18533, 4842
21891, 4842
7595, 4842
24018, 4842
19605, 4842
17939, 4842
21739, 4842
16833, 4842
21425, 4842
13297, 4842
13041, 4842
21348, 4842
23260, 4842
13999, 4842
10250, 4842
12079, 4842
23955, 4842
8444, 4842
13272, 4842
20639, 4842
19422, 4842
23194, 4842
18234, 4842
18379, 4842
8950, 4842
11578, 4842
9766, 4842
14127, 4842
22298, 4842
12027, 4842
23838, 4842
22934, 4842
21747, 4842
23137, 4842
13250, 4842
23682, 4842
14560, 4842
20157, 4842
24183, 4842
14218, 4842
8538, 4842
7568, 4842
19639, 4842
24668, 4842
10130, 4842
7759, 4842
10545, 4842
17175, 4842
19530, 4842
14839, 4842
19857, 4842
15576, 4842
20915, 4842
13560, 4842
22063, 4842
18325, 4842
7815, 4842
17744, 4842
11248, 4842
13135, 4842
8966, 4842
16456, 4842
8440, 4842
18353, 4842
16834, 4842
22886, 4842
14931, 4842
10465, 4842
12189, 4842
18342, 4842
12307, 4842
11834, 4842
21856, 4842
10059, 4842
16656, 4842
10906, 4842
19401, 4842
24394, 4842
21589, 4842
10244, 4842
17937, 4842
4842, 21943
9900, 4843
4843, 12041
21406, 4844
4844, 22798
16925, 4845
4845, 13452
9229, 4846
4846, 7780
9601, 4847
4847, 17991
18669, 4848
19239, 4848
4848, 17890
21500, 4849
4849, 18540
10815, 4850
4850, 8895
9204, 4851
13334, 4851
4851, 19789
23032, 4852
4852, 17678
20177, 4853
9190, 4853
4853, 14664
16925, 4854
4854, 21372
14321, 4855
4855, 21600
4855, 16917
11943, 4856
4856, 20796
4856, 14298
4856, 7839
4856, 8471
4856, 11876
4856, 17090
4856, 8741
4856, 14660
4856, 23261
4856, 7984
19801, 4857
4857, 15927
7684, 4858
4858, 7594
23076, 4859
4859, 13717
16925, 4860
4860, 21175
21740, 4861
4861, 20071
10109, 4862
4862, 17012
25004, 4863
4863, 17748
20068, 4864
4864, 17047
8370, 4865
4865, 24846
4865, 17437
4865, 17922
11906, 4866
4866, 17416
8451, 4867
18979, 4867
20118, 4867
21778, 4867
4867, 14878
19221, 4868
4868, 20988
10252, 4869
4869, 10281
24083, 4870
4870, 9708
21057, 4871
4871, 11743
16925, 4872
4872, 16670
8703, 4873
4873, 10087
14117, 4874
4874, 14349
24298, 4875
4875, 24581
14114, 4876
4876, 17592
16483, 4877
4877, 16264
23981, 4878
8603, 4878
4878, 18077
21057, 4879
4879, 8272
21286, 4880
12850, 4880
4880, 22256
24958, 4881
14409, 4881
19576, 4881
17830, 4881
23107, 4881
21189, 4881
21955, 4881
12627, 4881
12643, 4881
21894, 4881
24921, 4881
18318, 4881
16719, 4881
17003, 4881
4881, 18412
20831, 4882
7811, 4882
4882, 14664
19121, 4883
4883, 22184
23623, 4884
4884, 20621
7723, 4885
8949, 4885
4885, 10627
16332, 4886
4886, 9641
7938, 4887
20978, 4887
4887, 24151
19666, 4888
4888, 13223
10252, 4889
4889, 10281
23623, 4890
4890, 10868
10660, 4891
4891, 16268
16087, 4892
4892, 12454
22742, 4893
4893, 23229
10252, 4894
4894, 18694
16219, 4895
4895, 11212
22797, 4896
4896, 13246
18070, 4897
4897, 7757
19421, 4898
14479, 4898
9271, 4898
19827, 4898
4898, 19720
24053, 4899
12131, 4899
9536, 4899
13663, 4899
4899, 21665
18676, 4900
4900, 15281
12510, 4901
4901, 21584
24206, 4902
16599, 4902
24681, 4902
17097, 4902
10068, 4902
4902, 11880
13944, 4903
4903, 23604
4903, 21015
4903, 16629
4903, 14963
4903, 18284
4903, 18695
22297, 4904
4904, 16909
15737, 4905
4905, 13636
22506, 4906
4906, 8713
18211, 4907
4907, 13521
24211, 4908
4908, 10302
17021, 4909
4909, 24936
15089, 4910
4910, 13845
10252, 4911
4911, 10281
22950, 4912
19429, 4912
8890, 4912
21183, 4912
4912, 13227
21299, 4913
4913, 8288
4913, 21072
16711, 4914
15599, 4914
4914, 20739
8944, 4915
4915, 24791
15260, 4916
4916, 19603
13243, 4917
19708, 4917
23360, 4917
4917, 24363
9239, 4918
16945, 4918
13817, 4918
10654, 4918
12822, 4918
19343, 4918
24708, 4918
18717, 4918
20547, 4918
22981, 4918
18133, 4918
21802, 4918
16124, 4918
24469, 4918
14867, 4918
12549, 4918
13845, 4918
16859, 4918
12412, 4918
8999, 4918
13692, 4918
9521, 4918
15857, 4918
21412, 4918
4918, 9862
16849, 4919
4919, 17540
16044, 4920
4920, 21024
11077, 4921
13494, 4921
12583, 4921
10917, 4921
16708, 4921
25012, 4921
24496, 4921
4921, 7555
4921, 24519
22865, 4922
4922, 22639
4922, 19959
12842, 4923
4923, 17074
22177, 4924
15292, 4924
11668, 4924
9700, 4924
17514, 4924
4924, 21252
24371, 4925
4925, 14700
16971, 4926
4926, 12143
21164, 4927
4927, 7614
9064, 4928
4928, 21027
14422, 4929
4929, 17979
8759, 4930
4930, 12208
22091, 4931
4931, 20350
21582, 4932
4932, 23018
4932, 15979
9805, 4933
4933, 19800
4933, 13079
4933, 9191
24624, 4934
4934, 18159
18361, 4935
4935, 23690
17009, 4936
4936, 12878
4936, 8164
4936, 11872
4936, 8528
4936, 17593
4936, 11987
4936, 22199
15482, 4937
4937, 18922
18281, 4938
4938, 13956
24928, 4939
4939, 16922
17280, 4940
7945, 4940
17287, 4940
14898, 4940
4940, 11455
15633, 4941
4941, 14691
16966, 4942
4942, 9588
16751, 4943
4943, 12104
19623, 4944
4944, 23171
20010, 4945
4945, 21225
16925, 4946
4946, 9947
22274, 4947
14058, 4947
21939, 4947
24956, 4947
4947, 12812
19418, 4948
22173, 4948
4948, 21284
22417, 4949
4949, 19740
11309, 4950
4950, 18320
10372, 4951
19411, 4951
4951, 18411
20198, 4952
4952, 12824
8141, 4953
15209, 4953
4953, 10042
9147, 4954
4954, 23727
8768, 4955
4955, 13977
4955, 14183
8745, 4956
4956, 12822
11587, 4957
4957, 14251
17374, 4958
11992, 4958
9028, 4958
9657, 4958
12899, 4958
9109, 4958
18883, 4958
11482, 4958
11827, 4958
4958, 7673
8701, 4959
4959, 19456
16925, 4960
4960, 21730
10399, 4961
4961, 15487
8752, 4962
4962, 9793
19090, 4963
4963, 11487
15417, 4964
4964, 22289
16933, 4965
4965, 24214
22425, 4966
4966, 13869
9820, 4967
4967, 16419
24800, 4968
4968, 20718
10234, 4969
4969, 16562
4969, 21790
4969, 19230
4969, 22941
4969, 15553
4969, 24479
4969, 11657
4969, 18766
13677, 4970
4970, 14148
8093, 4971
4971, 19336
13622, 4972
4972, 24470
24648, 4973
4973, 22231
14670, 4974
4974, 9006
4974, 16981
24254, 4975
4975, 13577
12622, 4976
10320, 4976
24251, 4976
15409, 4976
19972, 4976
11344, 4976
4976, 18256
20939, 4977
14701, 4977
12271, 4977
4977, 21839
14180, 4978
4978, 14384
23811, 4979
4979, 21585
7648, 4980
4980, 10168
24101, 4981
4981, 20223
4981, 9061
10252, 4982
4982, 10281
19418, 4983
4983, 21284
7501, 4984
4984, 8399
10152, 4985
4985, 15179
4985, 14792
4985, 8953
4985, 18303
4985, 24554
4985, 22657
4985, 22201
4985, 16259
4985, 19561
4985, 16853
4985, 24165
4985, 8829
4985, 23400
4985, 18109
4985, 11680
4985, 14186
4985, 11549
4985, 18721
4985, 16375
4985, 9846
4985, 23202
4985, 7988
4985, 21722
4985, 23385
4985, 13751
4985, 9151
4985, 19851
4985, 18041
4985, 17368
4985, 21504
4985, 14344
4985, 18777
4985, 15928
4985, 16998
4985, 17068
4985, 12538
4985, 18184
4985, 9589
4985, 11633
4985, 14711
4985, 24662
4985, 16278
4985, 16816
4985, 21292
4985, 14769
4985, 23686
4985, 10464
4985, 8069
4985, 17013
4985, 20438
4985, 18352
4985, 23034
4985, 17483
4985, 17210
4985, 24243
4985, 15981
4985, 15406
4985, 11403
4985, 12457
4985, 19662
4985, 14142
4985, 14554
4985, 14794
11590, 4986
4986, 20629
21626, 4987
4987, 17033
11511, 4988
4988, 23088
4988, 22661
17881, 4989
19993, 4989
16318, 4989
4989, 10498
18764, 4990
15253, 4990
12831, 4990
17221, 4990
16804, 4990
20416, 4990
13544, 4990
7678, 4990
13083, 4990
4990, 18540
11186, 4991
4991, 20252
10152, 4992
4992, 10786
4992, 10362
4992, 12970
4992, 19042
4992, 20329
4992, 8980
4992, 19061
4992, 19561
4992, 19169
4992, 7761
4992, 10695
4992, 20669
4992, 14829
4992, 18109
4992, 11549
4992, 18347
4992, 11688
4992, 12532
4992, 19566
4992, 17841
4992, 22782
4992, 13141
4992, 8509
4992, 12674
4992, 17845
4992, 14039
4992, 7542
4992, 12171
4992, 7876
4992, 23809
4992, 22969
4992, 20420
4992, 12868
4992, 16998
4992, 16879
4992, 16993
4992, 11633
4992, 15868
4992, 12216
4992, 18018
4992, 11859
4992, 21292
4992, 18380
4992, 13200
4992, 8604
4992, 22983
4992, 8511
4992, 14049
4992, 8899
4992, 12234
4992, 10328
4992, 15572
4992, 19450
4992, 15062
4992, 8793
4992, 14971
4992, 11445
4992, 10406
10252, 4993
4993, 16131
12118, 4994
4994, 16952
18582, 4995
4995, 11358
13944, 4996
4996, 9537
4996, 8120
15004, 4997
4997, 24123
12434, 4998
7449, 4998
4998, 10272
10359, 4999
4999, 7780
17009, 5000
5000, 12692
12688, 5001
5001, 22805
13750, 5002
5002, 8434
12949, 5003
5003, 11091
12465, 5004
5004, 12897
8517, 5005
5005, 18540
17975, 5006
5006, 8230
21464, 5007
5007, 17260
5007, 20299
14481, 5008
5008, 21647
19432, 5009
5009, 7730
24378, 5010
5010, 14209
9682, 5011
24981, 5011
11698, 5011
18120, 5011
21812, 5011
14668, 5011
23334, 5011
23748, 5011
24168, 5011
21811, 5011
22301, 5011
18309, 5011
8249, 5011
14022, 5011
18915, 5011
15128, 5011
23799, 5011
14067, 5011
24308, 5011
12192, 5011
19874, 5011
7961, 5011
9219, 5011
24187, 5011
21854, 5011
18026, 5011
10757, 5011
13358, 5011
10341, 5011
9903, 5011
23201, 5011
13605, 5011
15570, 5011
24237, 5011
23146, 5011
13895, 5011
16655, 5011
9322, 5011
8923, 5011
11014, 5011
20936, 5011
19535, 5011
12193, 5011
13122, 5011
14441, 5011
19949, 5011
9553, 5011
21246, 5011
23245, 5011
23016, 5011
24502, 5011
10398, 5011
22132, 5011
16160, 5011
18792, 5011
24941, 5011
16847, 5011
24454, 5011
15374, 5011
16290, 5011
9936, 5011
18593, 5011
12103, 5011
18387, 5011
8152, 5011
13415, 5011
17232, 5011
12776, 5011
10872, 5011
15408, 5011
20835, 5011
9448, 5011
20378, 5011
14817, 5011
20335, 5011
12105, 5011
18177, 5011
19961, 5011
20048, 5011
17476, 5011
11890, 5011
12791, 5011
24108, 5011
16991, 5011
10369, 5011
24493, 5011
12746, 5011
22842, 5011
21343, 5011
23913, 5011
10285, 5011
10058, 5011
7614, 5011
8569, 5011
9826, 5011
18932, 5011
21511, 5011
21799, 5011
15618, 5011
15526, 5011
23854, 5011
22743, 5011
11076, 5011
14558, 5011
20555, 5011
10706, 5011
24979, 5011
11877, 5011
16781, 5011
22135, 5011
20043, 5011
8075, 5011
18175, 5011
11454, 5011
15375, 5011
14641, 5011
24873, 5011
19560, 5011
17689, 5011
18734, 5011
24376, 5011
21897, 5011
12609, 5011
22369, 5011
13546, 5011
14340, 5011
19464, 5011
20912, 5011
18468, 5011
23227, 5011
16952, 5011
10104, 5011
17276, 5011
8144, 5011
8537, 5011
15979, 5011
8811, 5011
9181, 5011
15661, 5011
10828, 5011
13846, 5011
16350, 5011
13971, 5011
23682, 5011
20132, 5011
7852, 5011
17945, 5011
20782, 5011
12106, 5011
15602, 5011
10921, 5011
8196, 5011
18910, 5011
21994, 5011
12338, 5011
12663, 5011
18998, 5011
19672, 5011
13920, 5011
8025, 5011
21885, 5011
21278, 5011
14939, 5011
20670, 5011
16619, 5011
12524, 5011
14031, 5011
24273, 5011
22246, 5011
24781, 5011
15957, 5011
22109, 5011
18567, 5011
10197, 5011
14499, 5011
17365, 5011
15481, 5011
10331, 5011
22426, 5011
13182, 5011
22116, 5011
22850, 5011
20434, 5011
13021, 5011
23171, 5011
12886, 5011
21262, 5011
17696, 5011
9538, 5011
9398, 5011
5011, 15189
18139, 5012
5012, 20255
18905, 5013
5013, 20483
7483, 5014
5014, 15792
23937, 5015
5015, 21000
12557, 5016
5016, 18291
16840, 5017
5017, 22763
16200, 5018
5018, 16386
10323, 5019
5019, 11689
23162, 5020
5020, 24274
11906, 5021
5021, 15719
20068, 5022
5022, 11794
15549, 5023
14391, 5023
5023, 23159
11058, 5024
5024, 9547
5024, 15245
24434, 5025
5025, 13143
19427, 5026
5026, 20826
23992, 5027
5027, 17057
16118, 5028
5028, 18789
13617, 5029
21033, 5029
5029, 23472
8140, 5030
22102, 5030
5030, 14053
21626, 5031
5031, 14361
9031, 5032
5032, 21095
15134, 5033
5033, 16055
19504, 5034
5034, 11260
24480, 5035
5035, 9176
9960, 5036
5036, 24798
12709, 5037
11647, 5037
5037, 20478
14464, 5038
5038, 13933
22437, 5039
19776, 5039
5039, 19441
23441, 5040
12345, 5040
7856, 5040
9929, 5040
23639, 5040
10799, 5040
5040, 15811
8341, 5041
8682, 5041
24935, 5041
21430, 5041
5041, 21700
22032, 5042
5042, 17499
13395, 5043
5043, 18059
5043, 12411
5043, 14088
5043, 24626
5043, 12605
5043, 11730
5043, 23554
5043, 21206
5043, 20200
5043, 9468
5043, 18165
5043, 16216
5043, 8316
15300, 5044
5044, 24388
18331, 5045
5045, 22632
17351, 5046
5046, 13970
13571, 5047
9282, 5047
5047, 24169
17731, 5048
5048, 14486
12315, 5049
5049, 24504
8484, 5050
5050, 9481
10152, 5051
5051, 14595
5051, 10786
5051, 11505
5051, 23104
5051, 13803
5051, 12970
5051, 19042
5051, 20329
5051, 20921
5051, 8980
5051, 19061
5051, 9425
5051, 19169
5051, 9659
5051, 22922
5051, 7761
5051, 14288
5051, 24150
5051, 19528
5051, 8183
5051, 20727
5051, 20669
5051, 14829
5051, 19368
5051, 24354
5051, 8783
5051, 16633
5051, 20800
5051, 11599
5051, 19218
5051, 18347
5051, 17463
5051, 18486
5051, 24591
5051, 15945
5051, 12674
5051, 16827
5051, 16052
5051, 14039
5051, 7542
5051, 12486
5051, 22528
5051, 12171
5051, 13666
5051, 12868
5051, 23451
5051, 10925
5051, 20864
5051, 21753
5051, 18018
5051, 11859
5051, 17423
5051, 10520
5051, 11395
5051, 16821
5051, 9376
5051, 10102
5051, 8899
5051, 10328
5051, 15572
5051, 10140
5051, 10405
5051, 18832
5051, 19450
5051, 21632
5051, 13314
5051, 13218
5051, 8793
5051, 9783
5051, 11445
5051, 15671
5051, 10406
24399, 5052
14063, 5052
20512, 5052
15084, 5052
20702, 5052
23500, 5052
16131, 5052
13110, 5052
21772, 5052
13621, 5052
20130, 5052
8379, 5052
22184, 5052
24412, 5052
16714, 5052
9081, 5052
21191, 5052
18694, 5052
19407, 5052
20361, 5052
24186, 5052
17890, 5052
10650, 5052
8172, 5052
19691, 5052
17955, 5052
17870, 5052
10885, 5052
10627, 5052
5052, 16925
5052, 20613
20812, 5053
5053, 19342
23545, 5054
21498, 5054
5054, 8434
12808, 5055
5055, 10910
19374, 5056
5056, 14906
17902, 5057
5057, 22946
20965, 5058
5058, 20194
7912, 5059
20636, 5059
5059, 24399
24459, 5060
5060, 24654
24309, 5061
5061, 20439
13543, 5062
5062, 8823
17636, 5063
5063, 15580
10869, 5064
5064, 7671
23757, 5065
17894, 5065
5065, 17948
11789, 5066
5066, 18572
8674, 5067
5067, 17137
24344, 5068
5068, 14932
13487, 5069
12513, 5069
7731, 5069
5069, 19283
20497, 5070
5070, 16989
18030, 5071
18101, 5071
5071, 17542
11895, 5072
5072, 20533
21445, 5073
19635, 5073
10678, 5073
5073, 9465
12479, 5074
16793, 5074
10200, 5074
5074, 14110
18609, 5075
5075, 8031
20192, 5076
5076, 12802
5076, 22197
24588, 5077
5077, 18540
11272, 5078
5078, 20902
13224, 5079
5079, 15541
22473, 5080
5080, 12867
20671, 5081
5081, 9788
10103, 5082
24920, 5082
5082, 24399
22322, 5083
5083, 17178
22259, 5084
5084, 23156
16986, 5085
5085, 12809
5085, 16014
5085, 12584
5085, 18914
5085, 11249
5085, 16382
5085, 24004
5085, 20026
5085, 23392
5085, 8787
5085, 23374
5085, 22401
5085, 16836
5085, 8645
5085, 18121
5085, 23735
5085, 22092
5085, 15197
5085, 8386
5085, 19602
5085, 14179
5085, 14269
5085, 12124
5085, 16806
5085, 16841
5085, 22050
5085, 18021
5085, 18948
5085, 8015
5085, 8138
5085, 21016
5085, 21678
5085, 23779
5085, 24812
5085, 10745
5085, 7566
5085, 12484
5085, 13545
5085, 15550
5085, 10107
5085, 20842
5085, 24398
5085, 23268
5085, 18453
5085, 16051
5085, 18365
5085, 11311
5085, 11430
5085, 8166
5085, 20008
5085, 18367
5085, 18436
5085, 22548
5085, 22270
5085, 14562
5085, 22263
5085, 24149
5085, 8866
5085, 21986
5085, 18308
5085, 14737
5085, 23449
5085, 24185
5085, 24392
5085, 14018
5085, 19403
5085, 18457
5085, 12679
5085, 11294
5085, 18014
5085, 20824
5085, 24553
5085, 11374
5085, 21063
5085, 23668
5085, 20036
5085, 22423
5085, 13891
5085, 20913
5085, 11540
5085, 11731
5085, 16740
5085, 17928
5085, 8171
5085, 21333
5085, 13071
5085, 14882
5085, 20777
5085, 12497
5085, 10196
5085, 23000
5085, 21917
5085, 10467
5085, 7699
5085, 16022
5085, 8676
5085, 18719
5085, 19707
5085, 19347
17976, 5086
7745, 5086
17867, 5086
24614, 5086
7981, 5086
17649, 5086
7506, 5086
22355, 5086
10539, 5086
14611, 5086
8442, 5086
22872, 5086
20707, 5086
22510, 5086
18474, 5086
20720, 5086
12699, 5086
21906, 5086
17469, 5086
19379, 5086
11542, 5086
17011, 5086
24500, 5086
22329, 5086
16694, 5086
9754, 5086
12110, 5086
17899, 5086
24125, 5086
13394, 5086
8542, 5086
17020, 5086
22861, 5086
7507, 5086
14675, 5086
23303, 5086
8895, 5086
20505, 5086
23471, 5086
8683, 5086
12794, 5086
14331, 5086
16302, 5086
21328, 5086
16444, 5086
11281, 5086
12585, 5086
21565, 5086
11536, 5086
22789, 5086
24747, 5086
10692, 5086
22525, 5086
22589, 5086
13298, 5086
13609, 5086
19492, 5086
8007, 5086
9936, 5086
22289, 5086
23909, 5086
11462, 5086
9480, 5086
24497, 5086
9407, 5086
23184, 5086
9280, 5086
18086, 5086
13540, 5086
18682, 5086
18040, 5086
20300, 5086
20626, 5086
12227, 5086
20995, 5086
20990, 5086
12676, 5086
18437, 5086
13867, 5086
9469, 5086
10178, 5086
22428, 5086
16205, 5086
22080, 5086
15487, 5086
22898, 5086
21910, 5086
8058, 5086
9390, 5086
23496, 5086
10607, 5086
10824, 5086
24199, 5086
21076, 5086
15398, 5086
13233, 5086
9784, 5086
19578, 5086
20657, 5086
19938, 5086
10163, 5086
18951, 5086
22540, 5086
17048, 5086
23381, 5086
22854, 5086
17081, 5086
19783, 5086
15979, 5086
15431, 5086
14683, 5086
11753, 5086
11494, 5086
17909, 5086
7567, 5086
12612, 5086
9662, 5086
9118, 5086
23719, 5086
16405, 5086
15245, 5086
16940, 5086
14722, 5086
14149, 5086
11423, 5086
15358, 5086
18924, 5086
19584, 5086
22552, 5086
18916, 5086
13958, 5086
14848, 5086
17748, 5086
8312, 5086
10385, 5086
24860, 5086
16891, 5086
15551, 5086
19186, 5086
8665, 5086
13733, 5086
7985, 5086
19487, 5086
20508, 5086
7693, 5086
17088, 5086
14710, 5086
20899, 5086
13754, 5086
20405, 5086
16557, 5086
7795, 5086
10088, 5086
23628, 5086
19008, 5086
18225, 5086
21988, 5086
17405, 5086
11091, 5086
22159, 5086
12344, 5086
8548, 5086
18586, 5086
24297, 5086
10177, 5086
13581, 5086
23666, 5086
21024, 5086
16074, 5086
13970, 5086
8246, 5086
19385, 5086
18494, 5086
16724, 5086
9940, 5086
10092, 5086
13276, 5086
14349, 5086
21693, 5086
9645, 5086
10960, 5086
17466, 5086
8445, 5086
19155, 5086
20498, 5086
22045, 5086
19201, 5086
24072, 5086
8004, 5086
10868, 5086
21124, 5086
9236, 5086
20483, 5086
11065, 5086
12616, 5086
5086, 9450
12251, 5087
5087, 19637
5087, 9298
5087, 17962
5087, 24458
5087, 23007
11906, 5088
5088, 13465
18640, 5089
5089, 9125
16308, 5090
5090, 8506
15711, 5091
18215, 5091
5091, 13117
9485, 5092
5092, 24375
11033, 5093
5093, 8757
16485, 5094
5094, 15864
15756, 5095
22221, 5095
5095, 17396
11408, 5096
5096, 18517
10594, 5097
5097, 9841
18424, 5098
8374, 5098
24182, 5098
13630, 5098
13918, 5098
5098, 22857
8716, 5099
5099, 21540
17420, 5100
5100, 22694
22341, 5101
5101, 17708
20673, 5102
5102, 22395
5102, 24658
5102, 9716
5102, 11831
5102, 14220
5102, 10513
5102, 19413
5102, 9557
5102, 8185
5102, 19571
5102, 16832
5102, 17617
5102, 12861
5102, 17531
5102, 17624
5102, 21421
5102, 23826
5102, 16040
5102, 12471
5102, 10922
5102, 16470
5102, 17096
5102, 19976
11234, 5103
5103, 16239
11906, 5104
5104, 10855
11849, 5105
5105, 11782
19084, 5106
5106, 19541
24418, 5107
10000, 5107
5107, 14664
16925, 5108
5108, 9694
18571, 5109
5109, 11059
10280, 5110
8671, 5110
21743, 5110
11213, 5110
5110, 16094
18841, 5111
5111, 7556
11605, 5112
5112, 20170
11258, 5113
5113, 10393
5113, 21189
15187, 5114
5114, 23665
11061, 5115
5115, 16021
12251, 5116
5116, 12728
5116, 13965
5116, 9100
10586, 5117
12703, 5117
23925, 5117
5117, 14265
21626, 5118
5118, 23191
23623, 5119
5119, 9558
19226, 5120
5120, 12822
16925, 5121
5121, 21682
8437, 5122
5122, 12935
10252, 5123
5123, 17870
7793, 5124
5124, 17387
5124, 22529
22083, 5125
5125, 18792
14061, 5126
5126, 13730
5126, 23718
19488, 5127
22948, 5127
5127, 9369
14891, 5128
15613, 5128
5128, 13256
19750, 5129
5129, 18230
11205, 5130
5130, 9935
13780, 5131
5131, 16861
12197, 5132
13671, 5132
5132, 15762
12408, 5133
5133, 8629
10252, 5134
5134, 18694
15554, 5135
5135, 19874
13885, 5136
5136, 15570
12681, 5137
5137, 22300
16098, 5138
8613, 5138
5138, 9524
15999, 5139
5139, 11707
17825, 5140
14557, 5140
18206, 5140
5140, 9788
11927, 5141
5141, 23291
10174, 5142
5142, 12269
18524, 5143
5143, 20021
10944, 5144
5144, 8274
15403, 5145
5145, 7731
9605, 5146
5146, 22469
14074, 5147
5147, 13809
13309, 5148
13986, 5148
16392, 5148
5148, 23467
10931, 5149
5149, 19098
18806, 5150
5150, 10351
20851, 5151
5151, 8208
8858, 5152
5152, 9607
10867, 5153
5153, 23088
19801, 5154
5154, 13322
16925, 5155
5155, 20626
21403, 5156
18966, 5156
16855, 5156
13794, 5156
8647, 5156
18628, 5156
23823, 5156
14819, 5156
24330, 5156
5156, 20944
16292, 5157
5157, 18710
14117, 5158
5158, 16129
19907, 5159
5159, 23680
15512, 5160
5160, 9607
9502, 5161
5161, 17074
15286, 5162
5162, 12012
24360, 5163
16313, 5163
24857, 5163
5163, 19461
24276, 5164
5164, 21499
5164, 18490
9916, 5165
5165, 12023
24831, 5166
5166, 12620
7438, 5167
15579, 5167
5167, 18637
19808, 5168
5168, 13067
11186, 5169
5169, 16188
5169, 21902
5169, 13538
20851, 5170
5170, 8208
23556, 5171
5171, 13755
10541, 5172
5172, 14590
11933, 5173
5173, 20688
7840, 5174
5174, 18494
7787, 5175
14295, 5175
14443, 5175
5175, 14307
13491, 5176
5176, 21580
16262, 5177
5177, 19763
15718, 5178
5178, 20697
19369, 5179
5179, 15992
21013, 5180
5180, 13110
11824, 5181
5181, 11953
14433, 5182
5182, 12143
8425, 5183
5183, 7706
18847, 5184
5184, 7927
19107, 5185
5185, 7731
17206, 5186
17370, 5186
5186, 21062
17420, 5187
5187, 13633
5187, 21408
5187, 9968
5187, 9100
5187, 11093
8725, 5188
24930, 5188
5188, 22404
14366, 5189
5189, 21246
18781, 5190
5190, 22992
12085, 5191
5191, 14722
19354, 5192
5192, 15903
17009, 5193
15974, 5193
5193, 22163
5193, 17580
5193, 8575
5193, 18027
5193, 15244
5193, 19849
5193, 16486
16925, 5194
5194, 21889
22666, 5195
21093, 5195
15189, 5195
9813, 5195
14270, 5195
19293, 5195
11795, 5195
9384, 5195
20179, 5195
15097, 5195
21745, 5195
5195, 20366
11958, 5196
5196, 21296
10876, 5197
19381, 5197
22889, 5197
16131, 5197
18250, 5197
14553, 5197
13874, 5197
20015, 5197
21899, 5197
22663, 5197
17061, 5197
20364, 5197
18540, 5197
23261, 5197
18940, 5197
19034, 5197
10551, 5197
10281, 5197
13267, 5197
17580, 5197
15359, 5197
22185, 5197
17090, 5197
10885, 5197
14315, 5197
16259, 5197
17678, 5197
15845, 5197
19373, 5197
24771, 5197
20520, 5197
5197, 23585
5197, 16925
11186, 5198
5198, 23671
22964, 5199
10634, 5199
5199, 22873
18237, 5200
5200, 19012
16925, 5201
5201, 10870
16490, 5202
5202, 12800
19846, 5203
11592, 5203
24073, 5203
16424, 5203
12822, 5203
17173, 5203
13773, 5203
24654, 5203
24446, 5203
5203, 9862
15984, 5204
5204, 10862
8614, 5205
5205, 22062
19488, 5206
19596, 5206
5206, 16588
12312, 5207
5207, 16189
10359, 5208
5208, 7780
16361, 5209
11734, 5209
19390, 5209
5209, 10670
18205, 5210
5210, 19783
18227, 5211
5211, 11343
16925, 5212
5212, 19331
24002, 5213
5213, 22277
8387, 5214
5214, 21090
18507, 5215
5215, 24038
10919, 5216
5216, 9982
5216, 17366
10252, 5217
5217, 10650
20504, 5218
5218, 24253
7441, 5219
5219, 15677
18582, 5220
5220, 21193
11703, 5221
5221, 18050
15422, 5222
5222, 14408
21350, 5223
5223, 9082
16222, 5224
5224, 21282
9848, 5225
5225, 12090
21517, 5226
5226, 9607
22315, 5227
5227, 15152
5227, 24217
16925, 5228
5228, 22564
5228, 7812
18501, 5229
7675, 5229
5229, 19470
9972, 5230
5230, 21807
12771, 5231
5231, 17052
22845, 5232
14032, 5232
5232, 11611
14358, 5233
23982, 5233
5233, 20816
23113, 5234
5234, 16844
8279, 5235
5235, 14111
22593, 5236
5236, 12210
12726, 5237
5237, 19485
15338, 5238
5238, 17418
12724, 5239
5239, 9883
24478, 5240
5240, 18087
15130, 5241
5241, 21884
22989, 5242
5242, 13597
23959, 5243
5243, 9309
18605, 5244
5244, 19885
14473, 5245
5245, 22661
5245, 12613
9598, 5246
5246, 20576
5246, 22281
5246, 11081
17474, 5247
5247, 15412
5247, 9363
20193, 5248
5248, 14399
23513, 5249
5249, 19470
14774, 5250
5250, 24051
5250, 17007
20437, 5251
5251, 12613
13944, 5252
5252, 22859
23944, 5253
5253, 8046
5253, 22582
17822, 5254
5254, 18419
18332, 5255
5255, 22575
5255, 21473
15843, 5256
5256, 7513
5256, 23101
22347, 5257
5257, 19182
16925, 5258
5258, 22592
10413, 5259
5259, 12202
14360, 5260
8788, 5260
5260, 16732
23075, 5261
5261, 19485
18603, 5262
5262, 17378
5262, 13996
9306, 5263
5263, 12020
22108, 5264
5264, 14175
5264, 17526
23986, 5265
18146, 5265
9544, 5265
24252, 5265
5265, 24296
19361, 5266
5266, 15194
13196, 5267
5267, 24944
21616, 5268
5268, 12794
8437, 5269
5269, 12935
21949, 5270
5270, 10372
12141, 5271
5271, 15960
23841, 5272
5272, 10345
14469, 5273
9247, 5273
5273, 12822
7798, 5274
5274, 19132
5274, 19856
16871, 5275
5275, 7618
23428, 5276
18572, 5276
5276, 24698
21138, 5277
5277, 13650
15441, 5278
5278, 14923
16301, 5279
5279, 19170
5279, 11514
5279, 15265
5279, 15241
13862, 5280
5280, 24622
18431, 5281
7782, 5281
5281, 15479
7917, 5282
5282, 12937
19893, 5283
5283, 17161
24815, 5284
5284, 13197
7636, 5285
22662, 5285
5285, 11846
7731, 5286
24657, 5286
5286, 24138
19724, 5287
5287, 18471
14489, 5288
5288, 11361
17980, 5289
5289, 19720
22249, 5290
5290, 8434
16925, 5291
5291, 7555
10511, 5292
5292, 11733
7935, 5293
5293, 10042
11950, 5294
19852, 5294
10356, 5294
5294, 14957
21071, 5295
17188, 5295
5295, 15955
18968, 5296
5296, 8064
14117, 5297
5297, 9563
13011, 5298
5298, 14665
16947, 5299
5299, 8921
13024, 5300
13737, 5300
5300, 18890
18753, 5301
5301, 8193
8160, 5302
5302, 9188
19801, 5303
5303, 7911
14122, 5304
5304, 7497
21065, 5305
5305, 12434
22931, 5306
5306, 19032
17330, 5307
5307, 18387
10389, 5308
5308, 8257
22680, 5309
5309, 8200
20994, 5310
5310, 22171
13380, 5311
5311, 10991
16795, 5312
5312, 9841
19131, 5313
12740, 5313
5313, 14877
21217, 5314
21260, 5314
9573, 5314
5314, 9397
20070, 5315
24345, 5315
22705, 5315
20730, 5315
15954, 5315
5315, 10761
20836, 5316
5316, 23933
12778, 5317
9965, 5317
5317, 19453
20589, 5318
5318, 16939
15687, 5319
5319, 12063
13886, 5320
20699, 5320
14664, 5320
5320, 19970
18450, 5321
14808, 5321
5321, 19919
9169, 5322
5322, 16421
18467, 5323
5323, 16555
11432, 5324
5324, 22289
14155, 5325
5325, 15311
23372, 5326
21487, 5326
24012, 5326
5326, 17995
16156, 5327
5327, 7513
20349, 5328
5328, 17706
17112, 5329
5329, 21772
24247, 5330
5330, 15701
12251, 5331
5331, 8041
5331, 12373
22321, 5332
5332, 24348
10090, 5333
5333, 10034
20137, 5334
5334, 23718
18211, 5335
5335, 23756
5335, 9991
21849, 5336
5336, 22053
23623, 5337
5337, 23629
21112, 5338
5338, 12066
10135, 5339
5339, 8390
17477, 5340
5340, 18547
5340, 12699
16308, 5341
5341, 13186
21526, 5342
5342, 22482
10152, 5343
5343, 21541
5343, 16398
5343, 9315
5343, 21525
5343, 21732
5343, 14368
5343, 11335
5343, 21326
5343, 19040
5343, 19981
5343, 21290
5343, 15340
5343, 17338
5343, 11040
5343, 15068
5343, 8918
5343, 12615
5343, 18075
5343, 15177
5343, 16598
5343, 15764
5343, 16037
5343, 7742
5343, 9901
5343, 22248
5343, 19171
5343, 19324
5343, 9882
5343, 15773
5343, 12115
5343, 14881
5343, 14249
5343, 8020
5343, 13610
5343, 10708
5343, 16967
5343, 21256
5343, 8063
5343, 13719
5343, 8113
5343, 21890
5343, 13667
5343, 21128
5343, 11648
5343, 20109
5343, 12047
5343, 24646
5343, 10423
5343, 19932
5343, 22179
5343, 10274
5343, 16336
5343, 8464
5343, 15908
5343, 24450
5343, 16810
5343, 17766
5343, 18636
5343, 22794
5343, 19259
5343, 23163
5343, 20908
5343, 22966
12251, 5344
5344, 21892
16925, 5345
5345, 16600
9428, 5346
5346, 16892
10791, 5347
5347, 18078
11184, 5348
5348, 9317
23623, 5349
5349, 20300
21748, 5350
5350, 17550
10252, 5351
5351, 18694
9753, 5352
7492, 5352
5352, 24836
11208, 5353
5353, 20405
17482, 5354
5354, 21509
5354, 11181
13180, 5355
5355, 8121
17759, 5356
5356, 9477
19395, 5357
9129, 5357
5357, 16173
22831, 5358
5358, 16254
14834, 5359
5359, 9801
11906, 5360
5360, 11350
5360, 21129
13944, 5361
5361, 19303
10721, 5362
5362, 13097
17251, 5363
5363, 17494
18070, 5364
5364, 12518
16925, 5365
5365, 19054
10806, 5366
5366, 16999
16925, 5367
5367, 15853
18706, 5368
5368, 7539
12382, 5369
5369, 20561
19131, 5370
12068, 5370
5370, 14877
23916, 5371
20855, 5371
13939, 5371
21909, 5371
19493, 5371
22200, 5371
22926, 5371
9779, 5371
5371, 15602
16558, 5372
5372, 9902
21503, 5373
5373, 25019
15018, 5374
5374, 9741
22208, 5375
13334, 5375
5375, 16173
9805, 5376
5376, 8563
5376, 12359
5376, 8261
20251, 5377
5377, 22498
8160, 5378
5378, 24510
18305, 5379
5379, 18842
19893, 5380
5380, 9377
20692, 5381
23505, 5381
5381, 10656
16400, 5382
5382, 19033
21798, 5383
5383, 24564
10397, 5384
5384, 14674
5384, 21687
13822, 5385
5385, 23103
21143, 5386
5386, 15552
11967, 5387
5387, 15857
17812, 5388
5388, 11971
20201, 5389
5389, 22165
5389, 23636
18968, 5390
5390, 11728
20810, 5391
5391, 8805
17912, 5392
24560, 5392
5392, 12936
18301, 5393
9671, 5393
10248, 5393
14940, 5393
5393, 18105
12526, 5394
16748, 5394
18842, 5394
14610, 5394
12685, 5394
16370, 5394
15379, 5394
18790, 5394
22490, 5394
12613, 5394
8208, 5394
18974, 5394
14664, 5394
23803, 5394
15092, 5394
5394, 15020
11385, 5395
5395, 10608
12606, 5396
5396, 14392
5396, 14004
20064, 5397
5397, 17641
18509, 5398
17085, 5398
22739, 5398
13683, 5398
11498, 5398
21695, 5398
5398, 18068
11585, 5399
5399, 19516
19978, 5400
18511, 5400
5400, 12872
13944, 5401
5401, 9593
20249, 5402
5402, 20533
8463, 5403
5403, 24120
5403, 13373
15682, 5404
5404, 7631
9044, 5405
5405, 21908
8271, 5406
5406, 9278
16925, 5407
5407, 7627
11906, 5408
5408, 15876
10252, 5409
5409, 9794
22635, 5410
5410, 9759
23721, 5411
5411, 12138
14874, 5412
5412, 14465
15590, 5413
5413, 16467
24964, 5414
15198, 5414
20775, 5414
5414, 24322
16965, 5415
5415, 23480
23297, 5416
5416, 20067
13463, 5417
5417, 13063
11400, 5418
5418, 24040
20736, 5419
5419, 11074
22600, 5420
20060, 5420
5420, 9253
7728, 5421
5421, 12158
16925, 5422
5422, 15435
7601, 5423
14528, 5423
21208, 5423
24619, 5423
9775, 5423
5423, 12802
22491, 5424
5424, 23803
14916, 5425
5425, 13460
24644, 5426
11368, 5426
5426, 11567
18946, 5427
5427, 22683
11192, 5428
5428, 14835
11906, 5429
5429, 23015
21505, 5430
5430, 17505
19786, 5431
14465, 5431
24869, 5431
14046, 5431
14664, 5431
5431, 10694
21042, 5432
5432, 21453
9910, 5433
5433, 15154
14342, 5434
22931, 5434
5434, 19032
17510, 5435
5435, 11547
12043, 5436
5436, 24461
13738, 5437
5437, 21785
11392, 5438
5438, 19336
14798, 5439
5439, 15434
23130, 5440
5440, 21554
19801, 5441
5441, 24013
14672, 5442
5442, 23088
7830, 5443
5443, 11286
10133, 5444
5444, 23598
24991, 5445
5445, 16714
16722, 5446
19725, 5446
5446, 19101
5446, 21380
18715, 5447
5447, 22600
24048, 5448
5448, 24499
5448, 8474
5448, 22697
5448, 13096
16560, 5449
5449, 13645
16792, 5450
5450, 13019
16504, 5451
5451, 23298
14463, 5452
5452, 23102
16925, 5453
5453, 19205
10252, 5454
5454, 16131
18968, 5455
5455, 16605
13897, 5456
5456, 9353
15669, 5457
5457, 20490
8937, 5458
5458, 14621
12811, 5459
5459, 15456
17588, 5460
5460, 21308
20022, 5461
5461, 20079
22259, 5462
5462, 23156
17060, 5463
5463, 8992
21273, 5464
9304, 5464
9771, 5464
15615, 5464
5464, 16928
16542, 5465
5465, 9924
5465, 15923
21376, 5466
5466, 11176
20365, 5467
12149, 5467
17444, 5467
14719, 5467
5467, 22693
16062, 5468
5468, 10759
10133, 5469
5469, 17186
5469, 7507
16925, 5470
5470, 20093
8480, 5471
5471, 21913
23929, 5472
5472, 19396
12773, 5473
5473, 21133
13686, 5474
23833, 5474
15894, 5474
19230, 5474
22746, 5474
9537, 5474
11979, 5474
15251, 5474
22346, 5474
19612, 5474
16475, 5474
9202, 5474
22546, 5474
11743, 5474
22178, 5474
19315, 5474
7425, 5474
22911, 5474
12232, 5474
21675, 5474
23979, 5474
24844, 5474
11145, 5474
20323, 5474
8912, 5474
22946, 5474
18580, 5474
8804, 5474
11028, 5474
16106, 5474
8452, 5474
17166, 5474
8434, 5474
10514, 5474
21316, 5474
8640, 5474
24555, 5474
8733, 5474
8120, 5474
14006, 5474
17993, 5474
8353, 5474
9697, 5474
12350, 5474
20715, 5474
21193, 5474
10699, 5474
23356, 5474
20466, 5474
12040, 5474
12098, 5474
14802, 5474
18049, 5474
15048, 5474
22788, 5474
10494, 5474
5474, 12804
9952, 5475
5475, 20902
16925, 5476
5476, 19831
16925, 5477
5477, 11995
16385, 5478
5478, 12076
10864, 5479
5479, 21401
17420, 5480
5480, 19868
5480, 23965
5480, 8101
21553, 5481
5481, 9099
10252, 5482
5482, 20169
16875, 5483
13112, 5483
5483, 21818
10234, 5484
5484, 13849
5484, 11521
10203, 5485
17302, 5485
16994, 5485
13402, 5485
18756, 5485
13142, 5485
8143, 5485
13109, 5485
18758, 5485
23287, 5485
22294, 5485
22750, 5485
8485, 5485
17027, 5485
7781, 5485
15335, 5485
15087, 5485
11193, 5485
8460, 5485
5485, 19163
13334, 5486
14258, 5486
5486, 8313
13554, 5487
5487, 15811
21049, 5488
5488, 10634
12737, 5489
5489, 13509
5489, 18142
16936, 5490
5490, 13651
16925, 5491
5491, 16983
23537, 5492
5492, 18960
9805, 5493
5493, 14580
10268, 5494
5494, 19470
5494, 11844
13060, 5495
5495, 19704
21483, 5496
5496, 16588
8495, 5497
5497, 21401
18108, 5498
5498, 21812
9820, 5499
5499, 24981
15331, 5500
5500, 16367
23331, 5501
5501, 17198
17300, 5502
5502, 15956
24596, 5503
13927, 5503
17178, 5503
19101, 5503
8770, 5503
10602, 5503
18238, 5503
21883, 5503
9607, 5503
10062, 5503
24019, 5503
18856, 5503
23715, 5503
19580, 5503
13807, 5503
19607, 5503
22647, 5503
12617, 5503
17187, 5503
9828, 5503
10759, 5503
19098, 5503
15152, 5503
22851, 5503
18219, 5503
17129, 5503
8637, 5503
20983, 5503
23901, 5503
9759, 5503
19064, 5503
7485, 5503
17472, 5503
11365, 5503
16066, 5503
15701, 5503
23082, 5503
8639, 5503
13295, 5503
21265, 5503
23035, 5503
17606, 5503
16335, 5503
16128, 5503
11973, 5503
16191, 5503
24253, 5503
23393, 5503
14549, 5503
22165, 5503
13176, 5503
10289, 5503
22482, 5503
12904, 5503
24564, 5503
15440, 5503
22085, 5503
12066, 5503
15175, 5503
11084, 5503
19969, 5503
12354, 5503
12210, 5503
22364, 5503
8519, 5503
16716, 5503
8129, 5503
10484, 5503
11557, 5503
20219, 5503
13894, 5503
17708, 5503
13227, 5503
14497, 5503
14835, 5503
13107, 5503
17260, 5503
14911, 5503
12206, 5503
10968, 5503
10184, 5503
7785, 5503
9099, 5503
23940, 5503
13024, 5503
16588, 5503
23088, 5503
24834, 5503
10188, 5503
19651, 5503
10262, 5503
8907, 5503
24444, 5503
13792, 5503
21298, 5503
21499, 5503
22763, 5503
21561, 5503
7692, 5503
11191, 5503
11334, 5503
9179, 5503
24287, 5503
16664, 5503
18098, 5503
11918, 5503
21083, 5503
17876, 5503
20170, 5503
13040, 5503
11953, 5503
9886, 5503
16021, 5503
8757, 5503
20030, 5503
19595, 5503
19170, 5503
16238, 5503
22433, 5503
17261, 5503
12775, 5503
22264, 5503
21329, 5503
23117, 5503
19606, 5503
7442, 5503
9208, 5503
13802, 5503
11846, 5503
11514, 5503
12619, 5503
13216, 5503
19198, 5503
10861, 5503
11110, 5503
22881, 5503
24470, 5503
13522, 5503
8615, 5503
13133, 5503
11801, 5503
12120, 5503
24388, 5503
20188, 5503
12285, 5503
11404, 5503
11709, 5503
10372, 5503
17327, 5503
24669, 5503
10375, 5503
12494, 5503
10668, 5503
12134, 5503
17745, 5503
22838, 5503
21126, 5503
13348, 5503
22439, 5503
20065, 5503
14148, 5503
16285, 5503
12200, 5503
24178, 5503
20080, 5503
20112, 5503
19959, 5503
16348, 5503
22014, 5503
13665, 5503
21502, 5503
16999, 5503
21100, 5503
24159, 5503
13077, 5503
21436, 5503
10489, 5503
11173, 5503
21687, 5503
18117, 5503
11608, 5503
9568, 5503
8130, 5503
18290, 5503
17057, 5503
13826, 5503
10390, 5503
21312, 5503
18498, 5503
19342, 5503
13578, 5503
11689, 5503
19087, 5503
14909, 5503
20038, 5503
11090, 5503
8778, 5503
19892, 5503
8288, 5503
9702, 5503
18320, 5503
11734, 5503
19828, 5503
22469, 5503
9055, 5503
16091, 5503
24798, 5503
21284, 5503
10697, 5503
20650, 5503
22661, 5503
15083, 5503
17387, 5503
18572, 5503
14387, 5503
21358, 5503
23072, 5503
23680, 5503
21145, 5503
12287, 5503
17244, 5503
19470, 5503
11971, 5503
12647, 5503
12340, 5503
8618, 5503
18562, 5503
16924, 5503
16045, 5503
19439, 5503
13636, 5503
18231, 5503
18291, 5503
20396, 5503
7663, 5503
12957, 5503
9300, 5503
23156, 5503
16831, 5503
20699, 5503
20811, 5503
11212, 5503
21077, 5503
14181, 5503
18547, 5503
18104, 5503
15154, 5503
11681, 5503
23219, 5503
14634, 5503
22118, 5503
11479, 5503
9435, 5503
19977, 5503
19142, 5503
8333, 5503
19920, 5503
21392, 5503
21963, 5503
15972, 5503
19814, 5503
12306, 5503
11515, 5503
11671, 5503
23540, 5503
10120, 5503
7838, 5503
12248, 5503
17787, 5503
8099, 5503
19568, 5503
19558, 5503
11964, 5503
18067, 5503
14384, 5503
23762, 5503
21473, 5503
19699, 5503
19879, 5503
24058, 5503
7588, 5503
8882, 5503
15265, 5503
13953, 5503
21613, 5503
10595, 5503
19071, 5503
12282, 5503
9796, 5503
23515, 5503
16002, 5503
10392, 5503
10983, 5503
9013, 5503
23508, 5503
14194, 5503
10042, 5503
21580, 5503
7472, 5503
8121, 5503
20391, 5503
17581, 5503
21886, 5503
23567, 5503
9183, 5503
21099, 5503
9841, 5503
18230, 5503
22221, 5503
14550, 5503
12897, 5503
10681, 5503
24509, 5503
17107, 5503
19275, 5503
11368, 5503
12802, 5503
16317, 5503
9626, 5503
20947, 5503
20299, 5503
11073, 5503
24216, 5503
17437, 5503
14720, 5503
7854, 5503
17031, 5503
12366, 5503
15241, 5503
15847, 5503
12943, 5503
11495, 5503
16719, 5503
7467, 5503
10294, 5503
8765, 5503
8098, 5503
18812, 5503
18478, 5503
13564, 5503
20654, 5503
20788, 5503
18010, 5503
19603, 5503
17034, 5503
25019, 5503
20569, 5503
9387, 5503
11490, 5503
13619, 5503
8413, 5503
11565, 5503
18986, 5503
13097, 5503
17718, 5503
10763, 5503
15613, 5503
19676, 5503
18179, 5503
18693, 5503
10936, 5503
18668, 5503
21296, 5503
12873, 5503
8805, 5503
19673, 5503
22224, 5503
8139, 5503
17499, 5503
19723, 5503
15205, 5503
8992, 5503
14918, 5503
15875, 5503
9888, 5503
9885, 5503
20980, 5503
7735, 5503
24837, 5503
10429, 5503
16340, 5503
8291, 5503
9383, 5503
24869, 5503
8205, 5503
9546, 5503
18762, 5503
14871, 5503
8677, 5503
5503, 22613
23179, 5504
5504, 19143
8453, 5505
10065, 5505
5505, 13117
13145, 5506
12211, 5506
5506, 11887
23937, 5507
5507, 22839
11611, 5508
7731, 5508
5508, 13320
11186, 5509
5509, 15862
5509, 16360
5509, 7469
5509, 18292
24434, 5510
5510, 23233
11906, 5511
5511, 14398
12825, 5512
5512, 17077
13214, 5513
5513, 12019
13446, 5514
20059, 5514
5514, 18239
7629, 5515
5515, 23715
5515, 18362
24664, 5516
5516, 19642
13466, 5517
12516, 5517
5517, 10365
21494, 5518
5518, 16588
16792, 5519
5519, 7809
10234, 5520
5520, 15057
5520, 22610
5520, 7712
5520, 24633
5520, 14369
5520, 19359
20115, 5521
5521, 17192
8594, 5522
21770, 5522
19898, 5522
5522, 24477
11749, 5523
5523, 12989
17702, 5524
5524, 15293
14740, 5525
5525, 23072
10252, 5526
5526, 17870
14096, 5527
5527, 18546
5527, 18125
5527, 14720
20658, 5528
17800, 5528
5528, 10968
20679, 5529
5529, 24444
8391, 5530
7993, 5530
5530, 9524
10051, 5531
17953, 5531
5531, 12451
7610, 5532
8635, 5532
5532, 23833
15011, 5533
5533, 21313
11906, 5534
5534, 15238
15829, 5535
18903, 5535
22908, 5535
9552, 5535
19250, 5535
5535, 9531
18295, 5536
5536, 24021
12251, 5537
5537, 11471
5537, 19344
11750, 5538
22250, 5538
19059, 5538
17078, 5538
22223, 5538
5538, 20585
24459, 5539
5539, 24654
16902, 5540
5540, 7854
20733, 5541
5541, 8433
15584, 5542
5542, 24558
19853, 5543
5543, 22663
18831, 5544
5544, 15972
18163, 5545
11792, 5545
5545, 10035
22735, 5546
5546, 9133
19817, 5547
5547, 23101
12865, 5548
5548, 22184
21618, 5549
5549, 15373
17691, 5550
5550, 10911
5550, 16239
22915, 5551
5551, 8560
16925, 5552
5552, 7812
17420, 5553
5553, 20278
5553, 23369
5553, 23378
22039, 5554
5554, 18158
14215, 5555
5555, 20945
18845, 5556
5556, 12413
10413, 5557
5557, 19604
13923, 5558
5558, 24140
20607, 5559
5559, 20969
24908, 5560
5560, 9265
8115, 5561
5561, 8058
15871, 5562
5562, 13024
16925, 5563
5563, 10870
15476, 5564
5564, 14643
11195, 5565
5565, 10916
5565, 23074
11862, 5566
21792, 5566
20308, 5566
5566, 10181
19176, 5567
5567, 9046
24335, 5568
5568, 24297
24951, 5569
12428, 5569
22696, 5569
5569, 22877
18828, 5570
5570, 10301
5570, 12264
11906, 5571
5571, 12714
16756, 5572
5572, 10463
10142, 5573
5573, 20000
17923, 5574
5574, 16823
19801, 5575
5575, 23197
10252, 5576
5576, 16131
18462, 5577
5577, 18523
5577, 10615
20860, 5578
5578, 12798
15334, 5579
5579, 14483
13698, 5580
5580, 11368
14117, 5581
5581, 10074
19093, 5582
5582, 15374
11186, 5583
5583, 11427
5583, 23343
5583, 13888
5583, 12923
21088, 5584
5584, 11404
8706, 5585
9160, 5585
5585, 15593
14117, 5586
5586, 12563
14117, 5587
5587, 17433
17576, 5588
5588, 18193
5588, 16397
11667, 5589
5589, 16118
11194, 5590
5590, 23282
21598, 5591
5591, 8828
5591, 16032
13144, 5592
13741, 5592
21659, 5592
5592, 13206
20744, 5593
21515, 5593
14030, 5593
8875, 5593
11223, 5593
5593, 23950
24649, 5594
5594, 18701
16925, 5595
5595, 19331
12111, 5596
5596, 18498
17225, 5597
5597, 13403
12572, 5598
5598, 22197
21012, 5599
5599, 13824
10483, 5600
15460, 5600
5600, 19273
17725, 5601
20069, 5601
9264, 5601
19289, 5601
5601, 17838
20591, 5602
5602, 17794
21186, 5603
5603, 16205
19255, 5604
5604, 8312
15754, 5605
5605, 23159
22708, 5606
5606, 24400
22928, 5607
5607, 16223
18310, 5608
5608, 12084
19793, 5609
5609, 22377
15415, 5610
5610, 19597
13656, 5611
5611, 15543
10991, 5612
16164, 5612
8568, 5612
7812, 5612
5612, 15472
9825, 5613
5613, 12617
9945, 5614
5614, 15766
16898, 5615
5615, 21554
5615, 20071
8446, 5616
5616, 14911
23733, 5617
5617, 16557
20370, 5618
5618, 23269
16925, 5619
5619, 16404
24737, 5620
5620, 22166
23712, 5621
24501, 5621
12122, 5621
16735, 5621
10696, 5621
11197, 5621
22531, 5621
18174, 5621
21871, 5621
16958, 5621
20828, 5621
24978, 5621
18107, 5621
24482, 5621
5621, 19788
22692, 5622
20946, 5622
5622, 11066
12263, 5623
18848, 5623
20596, 5623
9167, 5623
18321, 5623
5623, 18600
5623, 13933
5623, 15813
12251, 5624
5624, 24357
5624, 7957
5624, 21156
5624, 13363
5624, 11047
16925, 5625
5625, 23774
23546, 5626
5626, 22973
22562, 5627
5627, 20983
16412, 5628
5628, 17189
8508, 5629
5629, 12822
18549, 5630
5630, 24517
22553, 5631
5631, 19404
8160, 5632
5632, 22609
5632, 9803
22090, 5633
19405, 5633
5633, 12243
10252, 5634
5634, 16131
7651, 5635
22740, 5635
5635, 19998
11620, 5636
5636, 24958
5636, 21502
5636, 10489
5636, 17898
19801, 5637
5637, 20811
8212, 5638
5638, 18266
24314, 5639
20992, 5639
8564, 5639
5639, 22490
23834, 5640
5640, 8888
23205, 5641
7950, 5641
5641, 20533
10839, 5642
5642, 9721
20285, 5643
5643, 9122
14128, 5644
5644, 19951
9724, 5645
20187, 5645
5645, 20642
5645, 15175
5645, 12449
5645, 15537
5645, 20788
11186, 5646
17420, 5646
5646, 11922
18925, 5647
5647, 16462
19623, 5648
5648, 23171
24813, 5649
5649, 22285
23076, 5650
5650, 14097
5650, 11358
5650, 15420
10415, 5651
19873, 5651
5651, 9524
11441, 5652
5652, 17125
19063, 5653
5653, 9046
9833, 5654
5654, 23690
13764, 5655
5655, 16302
20935, 5656
5656, 22904
20393, 5657
5657, 16217
19122, 5658
5658, 13492
20638, 5659
5659, 12134
5659, 16239
18617, 5660
5660, 7838
24262, 5661
5661, 22109
14117, 5662
5662, 18472
22880, 5663
9820, 5663
5663, 21135
19841, 5664
5664, 8406
18579, 5665
5665, 14532
24086, 5666
5666, 8466
18053, 5667
21759, 5667
19569, 5667
16553, 5667
15124, 5667
24975, 5667
5667, 20430
5667, 12143
11966, 5668
5668, 14664
23352, 5669
5669, 19537
5669, 16766
13011, 5670
5670, 21544
24436, 5671
5671, 17511
12341, 5672
5672, 19609
21831, 5673
5673, 21284
10413, 5674
5674, 8548
15413, 5675
5675, 19643
13515, 5676
5676, 22704
9058, 5677
5677, 8057
9815, 5678
5678, 20891
10794, 5679
5679, 20739
8076, 5680
5680, 11277
17361, 5681
5681, 12158
13825, 5682
5682, 24635
12068, 5683
5683, 14616
23517, 5684
5684, 16536
13745, 5685
5685, 20077
14667, 5686
5686, 10968
20570, 5687
5687, 8639
13655, 5688
5688, 12011
5688, 20358
17284, 5689
18074, 5689
5689, 20866
5689, 13865
5689, 13945
5689, 12383
5689, 11832
5689, 16661
5689, 8181
5689, 8638
5689, 11411
5689, 13608
5689, 8111
5689, 19805
5689, 24268
5689, 24571
5689, 16752
5689, 17264
5689, 18923
5689, 16099
5689, 20476
5689, 21787
5689, 19667
5689, 9175
5689, 17563
5689, 22563
5689, 10885
5689, 9845
5689, 21731
5689, 14569
5689, 18849
5689, 18076
5689, 8296
5689, 22356
5689, 20233
5689, 22559
5689, 20410
5689, 17296
5689, 21410
5689, 22936
5689, 16961
5689, 16306
5689, 15808
5689, 18708
5689, 24350
5689, 12147
5689, 15595
5689, 19262
5689, 13167
5689, 14440
5689, 15998
15295, 5690
5690, 16463
21020, 5691
10701, 5691
11064, 5691
5691, 19309
20315, 5692
21460, 5692
11262, 5692
14284, 5692
13181, 5692
13818, 5692
23083, 5692
20042, 5692
7494, 5692
5692, 18540
7860, 5693
5693, 12464
14846, 5694
5694, 13503
14117, 5695
5695, 19663
16152, 5696
5696, 11152
12557, 5697
5697, 18291
13684, 5698
5698, 13540
19801, 5699
5699, 22736
7968, 5700
5700, 23038
5700, 8390
5700, 17388
24716, 5701
5701, 14683
20826, 5702
16155, 5702
17387, 5702
5702, 7962
10252, 5703
5703, 17043
24287, 5704
20369, 5704
5704, 12324
9408, 5705
17770, 5705
8121, 5705
5705, 16798
24324, 5706
5706, 12242
23404, 5707
12269, 5707
13583, 5707
9057, 5707
16540, 5707
15377, 5707
13620, 5707
22663, 5707
18178, 5707
16747, 5707
18540, 5707
12989, 5707
21700, 5707
5707, 16925
5707, 13621
8957, 5708
5708, 13171
11849, 5709
5709, 13134
16925, 5710
5710, 10870
13421, 5711
5711, 11604
21990, 5712
5712, 21602
8909, 5713
18329, 5713
5713, 14746
5713, 20752
14620, 5714
5714, 10391
22282, 5715
5715, 24892
13032, 5716
5716, 12285
13944, 5717
5717, 23106
5717, 10576
10610, 5718
5718, 11998
18247, 5719
5719, 24466
9805, 5720
5720, 9487
5720, 21192
16476, 5721
5721, 9680
5721, 15910
23613, 5722
13732, 5722
5722, 22256
8974, 5723
5723, 19835
23622, 5724
5724, 24433
10234, 5725
5725, 13031
5725, 22350
5725, 22378
5725, 15937
19523, 5726
8761, 5726
20389, 5726
5726, 17792
10413, 5727
5727, 20544
16464, 5728
5728, 8004
18939, 5729
5729, 13674
20813, 5730
7544, 5730
5730, 16154
5730, 22929
5730, 7657
5730, 14071
5730, 18045
5730, 24948
5730, 14800
5730, 18199
5730, 20937
5730, 20073
5730, 15808
5730, 21061
20623, 5731
5731, 14260
22416, 5732
5732, 16183
24101, 5733
5733, 22610
5733, 9394
16925, 5734
5734, 22803
10413, 5735
5735, 16524
22469, 5736
5736, 9668
8351, 5737
5737, 19814
8387, 5738
5738, 23514
16925, 5739
5739, 18801
15441, 5740
5740, 9281
12781, 5741
5741, 20225
24399, 5742
14355, 5742
13370, 5742
8526, 5742
17609, 5742
23975, 5742
12809, 5742
13577, 5742
19244, 5742
20868, 5742
19367, 5742
11455, 5742
12195, 5742
11103, 5742
18694, 5742
16555, 5742
11816, 5742
17678, 5742
21306, 5742
10620, 5742
22858, 5742
10953, 5742
17189, 5742
12608, 5742
9046, 5742
10319, 5742
23766, 5742
21104, 5742
16032, 5742
10603, 5742
17870, 5742
9309, 5742
13460, 5742
18471, 5742
15390, 5742
13603, 5742
19204, 5742
19788, 5742
7780, 5742
13211, 5742
10551, 5742
18540, 5742
19407, 5742
20882, 5742
10281, 5742
9461, 5742
20796, 5742
10351, 5742
18967, 5742
13803, 5742
22877, 5742
22608, 5742
17574, 5742
24311, 5742
5742, 9640
5742, 16925
22405, 5743
5743, 11368
12871, 5744
5744, 7570
9865, 5745
5745, 21565
20878, 5746
11814, 5746
5746, 14664
23445, 5747
5747, 10702
24710, 5748
5748, 18798
8698, 5749
5749, 9926
14335, 5750
5750, 18812
24778, 5751
5751, 13549
24710, 5752
5752, 20892
10133, 5753
5753, 18149
20147, 5754
21005, 5754
16153, 5754
18540, 5754
9403, 5754
5754, 9454
5754, 16925
24498, 5755
15490, 5755
5755, 23904
11996, 5756
5756, 21054
20767, 5757
5757, 23311
20305, 5758
17771, 5758
11811, 5758
5758, 17678
18073, 5759
5759, 22707
25017, 5760
5760, 18286
12251, 5761
5761, 21060
5761, 9086
5761, 10278
5761, 11308
7768, 5762
5762, 20695
18676, 5763
5763, 11056
17420, 5764
5764, 13623
13718, 5765
5765, 20975
17777, 5766
5766, 10768
12251, 5767
5767, 17668
5767, 14492
8878, 5768
5768, 23127
11646, 5769
5769, 17472
7679, 5770
5770, 19390
5770, 21512
23571, 5771
21581, 5771
22357, 5771
24317, 5771
15114, 5771
5771, 10907
5771, 15265
5771, 23490
5771, 10042
5771, 7555
5771, 20188
5771, 12960
21391, 5772
5772, 19047
18032, 5773
5773, 23387
21626, 5774
5774, 20033
17009, 5775
5775, 14063
5775, 16978
5775, 7437
5775, 7891
5775, 16845
21501, 5776
5776, 12647
8993, 5777
5777, 24349
10854, 5778
5778, 18770
5778, 19498
11222, 5779
21465, 5779
5779, 14652
12251, 5780
5780, 18558
5780, 10890
5780, 7502
14404, 5781
5781, 24287
23687, 5782
5782, 7780
10329, 5783
5783, 18348
18273, 5784
14478, 5784
23638, 5784
17065, 5784
18733, 5784
5784, 11514
21037, 5785
5785, 13259
18904, 5786
5786, 24196
5786, 22149
5786, 21411
13132, 5787
20311, 5787
5787, 13524
15441, 5788
5788, 12338
15825, 5789
5789, 8412
11003, 5790
5790, 7854
13016, 5791
10123, 5791
5791, 14586
13770, 5792
5792, 23208
22372, 5793
5793, 15218
12584, 5794
14156, 5794
18914, 5794
11249, 5794
16382, 5794
21428, 5794
24004, 5794
20026, 5794
23343, 5794
10639, 5794
9672, 5794
23392, 5794
8278, 5794
8787, 5794
23374, 5794
22401, 5794
16836, 5794
13888, 5794
8645, 5794
18121, 5794
23735, 5794
22092, 5794
11124, 5794
15197, 5794
8386, 5794
19602, 5794
14964, 5794
14179, 5794
14461, 5794
14269, 5794
12124, 5794
16806, 5794
9214, 5794
16841, 5794
22050, 5794
18021, 5794
18948, 5794
8015, 5794
14199, 5794
8138, 5794
21016, 5794
21678, 5794
23779, 5794
12078, 5794
24812, 5794
10745, 5794
7566, 5794
12484, 5794
24510, 5794
9430, 5794
13545, 5794
12069, 5794
15550, 5794
10107, 5794
20842, 5794
13332, 5794
17730, 5794
12275, 5794
24398, 5794
9906, 5794
23268, 5794
18453, 5794
15852, 5794
16051, 5794
18365, 5794
11311, 5794
11430, 5794
23160, 5794
8166, 5794
20008, 5794
18367, 5794
18436, 5794
19348, 5794
22548, 5794
22270, 5794
14562, 5794
22263, 5794
24149, 5794
8023, 5794
8866, 5794
24236, 5794
14143, 5794
21986, 5794
18308, 5794
22436, 5794
14737, 5794
23449, 5794
24548, 5794
24185, 5794
21574, 5794
24392, 5794
14018, 5794
19403, 5794
21072, 5794
18457, 5794
12679, 5794
11294, 5794
18014, 5794
20824, 5794
24736, 5794
24553, 5794
23774, 5794
13225, 5794
11374, 5794
21063, 5794
23668, 5794
20127, 5794
7896, 5794
15351, 5794
20036, 5794
22423, 5794
13891, 5794
20913, 5794
12641, 5794
11540, 5794
16215, 5794
11731, 5794
16740, 5794
17928, 5794
8171, 5794
21333, 5794
13071, 5794
14882, 5794
20777, 5794
12497, 5794
23892, 5794
10196, 5794
8399, 5794
10321, 5794
23000, 5794
5794, 12804
18776, 5795
5795, 7801
19296, 5796
5796, 24878
13790, 5797
18249, 5797
7773, 5797
7689, 5797
10739, 5797
11925, 5797
14747, 5797
13954, 5797
20275, 5797
8661, 5797
24395, 5797
21184, 5797
19462, 5797
15820, 5797
5797, 17678
15370, 5798
5798, 21584
14117, 5799
5799, 12320
24545, 5800
5800, 13309
10838, 5801
5801, 18607
16925, 5802
5802, 17105
12478, 5803
5803, 15002
18447, 5804
5804, 18172
5804, 18360
5804, 21490
19858, 5805
5805, 9732
5805, 14976
9306, 5806
5806, 12316
15248, 5807
5807, 17382
22893, 5808
21781, 5808
7914, 5808
5808, 20969
9020, 5809
19848, 5809
10638, 5809
14718, 5809
11561, 5809
13507, 5809
9930, 5809
10169, 5809
5809, 15270
14606, 5810
5810, 24584
14966, 5811
5811, 13204
17791, 5812
5812, 13354
22727, 5813
23228, 5813
11088, 5813
21221, 5813
10296, 5813
12265, 5813
16109, 5813
24721, 5813
5813, 23775
24399, 5814
24658, 5814
21133, 5814
17293, 5814
16183, 5814
13577, 5814
15307, 5814
16131, 5814
22198, 5814
17799, 5814
17451, 5814
13803, 5814
17802, 5814
18556, 5814
22663, 5814
18834, 5814
14652, 5814
20796, 5814
16604, 5814
15845, 5814
21864, 5814
21874, 5814
22184, 5814
19643, 5814
15014, 5814
24927, 5814
16228, 5814
7631, 5814
15811, 5814
13434, 5814
10281, 5814
18694, 5814
17678, 5814
12273, 5814
15778, 5814
17090, 5814
12390, 5814
20490, 5814
17703, 5814
24912, 5814
13809, 5814
17890, 5814
24255, 5814
8224, 5814
17376, 5814
22042, 5814
20202, 5814
20067, 5814
17870, 5814
17212, 5814
21584, 5814
13325, 5814
5814, 10010
5814, 16925
14604, 5815
5815, 12248
18804, 5816
5816, 24567
9350, 5817
5817, 19301
12972, 5818
5818, 12548
13916, 5819
5819, 12069
12678, 5820
5820, 8584
12476, 5821
5821, 15336
19770, 5822
5822, 13233
8116, 5823
5823, 21195
16063, 5824
5824, 15328
12639, 5825
5825, 19643
7870, 5826
5826, 15845
17522, 5827
5827, 24125
5827, 9407
11507, 5828
5828, 19987
19953, 5829
5829, 21822
16084, 5830
5830, 21036
15196, 5831
5831, 17497
15324, 5832
5832, 21100
16648, 5833
5833, 17792
16925, 5834
5834, 16600
10133, 5835
5835, 10279
16843, 5836
5836, 13733
12934, 5837
21830, 5837
11854, 5837
5837, 12037
17570, 5838
5838, 10909
23289, 5839
5839, 22118
8775, 5840
5840, 12449
5840, 8605
16525, 5841
5841, 23394
23761, 5842
5842, 15979
12251, 5843
5843, 20580
5843, 15660
13131, 5844
5844, 19964
11799, 5845
9209, 5845
5845, 15982
15227, 5846
5846, 17173
9835, 5847
5847, 8797
18942, 5848
5848, 24844
17679, 5849
5849, 19428
24743, 5850
5850, 11404
21754, 5851
5851, 19606
18549, 5852
5852, 12694
16385, 5853
5853, 12664
16242, 5854
5854, 17387
9068, 5855
5855, 12518
8167, 5856
5856, 7920
10305, 5857
15343, 5857
5857, 8765
12898, 5858
5858, 11263
19893, 5859
5859, 20017
20851, 5860
5860, 8208
23435, 5861
5861, 18098
9082, 5862
24153, 5862
10553, 5862
18004, 5862
12897, 5862
5862, 9269
22413, 5863
9802, 5863
5863, 18600
5863, 13933
5863, 15813
19801, 5864
5864, 11901
11148, 5865
5865, 17244
9215, 5866
24299, 5866
11316, 5866
12837, 5866
12822, 5866
18574, 5866
12923, 5866
15305, 5866
9595, 5866
5866, 9862
23179, 5867
5867, 14362
20785, 5868
5868, 7904
20662, 5869
5869, 22800
15417, 5870
5870, 22289
13990, 5871
5871, 8882
11447, 5872
22064, 5872
20228, 5872
9292, 5872
5872, 24612
13685, 5873
14314, 5873
10355, 5873
22395, 5873
12397, 5873
15281, 5873
15432, 5873
9353, 5873
8905, 5873
13370, 5873
9193, 5873
12700, 5873
7439, 5873
13059, 5873
14616, 5873
12728, 5873
9007, 5873
23975, 5873
18857, 5873
22504, 5873
17418, 5873
20890, 5873
10055, 5873
16519, 5873
15789, 5873
16183, 5873
13577, 5873
13670, 5873
18564, 5873
8039, 5873
22431, 5873
18078, 5873
11277, 5873
17598, 5873
14357, 5873
22904, 5873
23459, 5873
10362, 5873
21546, 5873
13597, 5873
23695, 5873
20542, 5873
21873, 5873
19350, 5873
20533, 5873
18105, 5873
7528, 5873
17587, 5873
18747, 5873
16684, 5873
9871, 5873
8290, 5873
20212, 5873
10084, 5873
12814, 5873
21744, 5873
17348, 5873
17720, 5873
21767, 5873
24201, 5873
22663, 5873
23896, 5873
23468, 5873
12879, 5873
19547, 5873
13082, 5873
21700, 5873
9344, 5873
17061, 5873
16384, 5873
23923, 5873
19789, 5873
19788, 5873
11484, 5873
20017, 5873
13092, 5873
13762, 5873
21129, 5873
14951, 5873
14398, 5873
23640, 5873
21864, 5873
17321, 5873
20718, 5873
21228, 5873
17074, 5873
10937, 5873
9915, 5873
10855, 5873
9046, 5873
22614, 5873
7631, 5873
12523, 5873
15541, 5873
13933, 5873
19241, 5873
11954, 5873
20721, 5873
7730, 5873
17678, 5873
13403, 5873
19407, 5873
20772, 5873
14263, 5873
11981, 5873
8741, 5873
10795, 5873
10442, 5873
24540, 5873
13996, 5873
12071, 5873
14227, 5873
15346, 5873
17890, 5873
18502, 5873
21152, 5873
8213, 5873
24011, 5873
20071, 5873
14071, 5873
9369, 5873
24559, 5873
18637, 5873
9963, 5873
7574, 5873
17004, 5873
24148, 5873
15042, 5873
22106, 5873
18079, 5873
8619, 5873
14633, 5873
7780, 5873
23302, 5873
16243, 5873
15739, 5873
12143, 5873
10498, 5873
22723, 5873
10031, 5873
12852, 5873
21497, 5873
21584, 5873
5873, 15752
5873, 16925
24907, 5874
5874, 13563
5874, 16047
15407, 5875
5875, 22469
9805, 5876
5876, 9697
5876, 17036
12597, 5877
5877, 19740
8854, 5878
5878, 18728
22485, 5879
18679, 5879
5879, 13762
12789, 5880
5880, 22418
10133, 5881
5881, 11762
15587, 5882
5882, 24307
10452, 5883
5883, 24286
14280, 5884
5884, 16258
19801, 5885
5885, 9408
10133, 5886
5886, 15163
10252, 5887
5887, 10281
17665, 5888
5888, 16406
16925, 5889
5889, 24121
24283, 5890
5890, 20958
14201, 5891
5891, 8434
11550, 5892
5892, 13772
21883, 5893
18337, 5893
24294, 5893
14835, 5893
15120, 5893
22650, 5893
15972, 5893
22800, 5893
24669, 5893
8205, 5893
9970, 5893
12643, 5893
10050, 5893
10686, 5893
11495, 5893
16326, 5893
22690, 5893
23680, 5893
23114, 5893
10983, 5893
22469, 5893
22019, 5893
9796, 5893
11490, 5893
5893, 8836
12557, 5894
5894, 18291
19971, 5895
5895, 12927
5895, 9257
20738, 5896
5896, 22053
13015, 5897
24982, 5897
5897, 16317
7973, 5898
5898, 21537
8838, 5899
5899, 14383
21768, 5900
17541, 5900
23579, 5900
13628, 5900
10345, 5900
10379, 5900
20224, 5900
9077, 5900
24604, 5900
10562, 5900
22068, 5900
20366, 5900
24905, 5900
11243, 5900
5900, 9427
16277, 5901
5901, 11666
11906, 5902
5902, 21744
17860, 5903
5903, 22301
18990, 5904
5904, 16857
10413, 5905
5905, 7473
16385, 5906
5906, 13369
16320, 5907
5907, 13309
5907, 22221
20199, 5908
10435, 5908
5908, 20961
12101, 5909
5909, 22918
23701, 5910
5910, 16632
12537, 5911
5911, 11118
18388, 5912
5912, 10097
5912, 9722
20068, 5913
5913, 15377
8544, 5914
5914, 11095
13241, 5915
5915, 17345
16925, 5916
5916, 8435
11559, 5917
5917, 18747
19096, 5918
5918, 23038
5918, 16282
20780, 5919
5919, 13709
16596, 5920
5920, 8405
12099, 5921
5921, 24256
10518, 5922
5922, 24477
10053, 5923
5923, 8075
15882, 5924
5924, 20147
22348, 5925
7577, 5925
5925, 21304
16308, 5926
5926, 9111
20573, 5927
5927, 16082
5927, 18230
10133, 5928
5928, 7507
20368, 5929
5929, 15963
10252, 5930
5930, 10281
14117, 5931
5931, 20353
14706, 5932
5932, 20170
20851, 5933
5933, 8208
19355, 5934
5934, 18891
10133, 5935
5935, 10282
16137, 5936
5936, 11337
16792, 5937
5937, 9030
18506, 5938
5938, 12817
12058, 5939
24739, 5939
18007, 5939
5939, 19789
12830, 5940
19280, 5940
18757, 5940
9089, 5940
5940, 22504
11906, 5941
5941, 20431
8363, 5942
21201, 5942
13647, 5942
24015, 5942
5942, 18006
19073, 5943
5943, 10634
5943, 20688
22310, 5944
17468, 5944
23063, 5944
5944, 22607
16915, 5945
12293, 5945
18156, 5945
5945, 7614
22394, 5946
16713, 5946
22082, 5946
10414, 5946
23530, 5946
20213, 5946
9843, 5946
22602, 5946
5946, 21988
19668, 5947
23625, 5947
5947, 9524
17371, 5948
5948, 20067
8931, 5949
5949, 23201
22658, 5950
5950, 15733
23895, 5951
5951, 19348
15962, 5952
5952, 22042
21987, 5953
11469, 5953
21859, 5953
5953, 12957
19801, 5954
5954, 17530
15904, 5955
5955, 11320
23457, 5956
5956, 9046
23052, 5957
5957, 23952
5957, 16588
5957, 20038
19030, 5958
5958, 11934
10086, 5959
5959, 13206
5959, 17310
17120, 5960
5960, 19788
11855, 5961
5961, 22959
15031, 5962
5962, 20951
17234, 5963
5963, 7567
12045, 5964
5964, 12084
12399, 5965
5965, 18540
16801, 5966
5966, 7717
16925, 5967
5967, 21327
15656, 5968
5968, 11515
5968, 9300
11836, 5969
5969, 8208
18904, 5970
5970, 22665
5970, 14782
5970, 7698
5970, 13030
14210, 5971
5971, 21815
9805, 5972
5972, 8728
5972, 17916
5972, 18820
5972, 22780
24379, 5973
5973, 14703
14084, 5974
14251, 5974
5974, 19024
8641, 5975
18555, 5975
5975, 19164
16925, 5976
5976, 14888
16530, 5977
5977, 23267
21132, 5978
7522, 5978
5978, 13767
10522, 5979
5979, 13368
11253, 5980
5980, 20462
5980, 21255
16887, 5981
8675, 5981
22539, 5981
7972, 5981
17626, 5981
16622, 5981
18733, 5981
21154, 5981
5981, 22476
10152, 5982
5982, 10605
5982, 22399
5982, 8867
5982, 22269
5982, 12407
5982, 15276
5982, 8808
5982, 16245
5982, 8968
5982, 14862
5982, 13341
5982, 14671
5982, 21573
5982, 17339
5982, 19655
5982, 18024
5982, 22828
5982, 22111
5982, 10441
5982, 14748
5982, 11594
5982, 16881
5982, 19719
5982, 23768
5982, 16908
5982, 8559
5982, 12768
5982, 9509
5982, 15761
5982, 9361
5982, 20053
5982, 10193
5982, 11293
5982, 10880
5982, 21979
5982, 22134
5982, 22841
5982, 12707
5982, 17411
5982, 24788
5982, 21828
5982, 22335
5982, 18899
5982, 14901
5982, 17359
5982, 19055
5982, 9070
5982, 16996
5982, 8865
5982, 19491
5982, 24697
5982, 23335
5982, 20162
5982, 8318
5982, 10028
5982, 13194
5982, 18943
5982, 8362
5982, 12252
5982, 21903
5982, 9603
5982, 20075
5982, 7704
5982, 18346
5982, 23644
5982, 12844
5982, 15736
5982, 22748
5982, 21764
5982, 23100
5982, 12452
5982, 20861
5982, 18526
5982, 11202
5982, 22046
5982, 12432
5982, 8833
5982, 13654
5982, 11745
5982, 17235
5982, 24288
5982, 15753
5982, 9851
5982, 9586
5982, 10904
5982, 19950
5982, 17209
5982, 18981
5982, 9554
5982, 19089
5982, 13594
5982, 13724
5982, 13878
5982, 21064
5982, 11808
5982, 22670
5982, 14968
5982, 13086
5982, 11126
5982, 14524
5982, 15772
5982, 11896
5982, 17447
5982, 19513
5982, 17400
5982, 10222
5982, 15932
5982, 23096
5982, 15247
5982, 17124
5982, 10730
5982, 12221
5982, 21180
5982, 9637
5982, 22094
5982, 21144
5982, 21364
5982, 14444
5982, 11595
5982, 13624
5982, 24111
5982, 10788
5982, 21365
5982, 20676
5982, 17599
5982, 16344
5982, 16702
5982, 19809
5982, 18476
5982, 21393
5982, 18888
5982, 9777
5982, 15710
5982, 9102
13150, 5983
5983, 12943
5983, 12647
8597, 5984
5984, 23855
16518, 5985
22381, 5985
8380, 5985
10658, 5985
19188, 5985
21805, 5985
10812, 5985
5985, 14409
24407, 5986
5986, 11593
9805, 5987
5987, 11979
5987, 19612
20793, 5988
5988, 16317
5988, 13788
24603, 5989
5989, 16183
20499, 5990
5990, 9796
17645, 5991
19526, 5991
5991, 7829
8587, 5992
5992, 9025
13801, 5993
5993, 21873
15664, 5994
5994, 16720
7645, 5995
5995, 21266
15622, 5996
5996, 8724
22061, 5997
5997, 9088
7524, 5998
19615, 5998
5998, 24492
16257, 5999
5999, 18130
10413, 6000
6000, 18528
19016, 6001
6001, 23298
15140, 6002
6002, 15821
12912, 6003
14449, 6003
6003, 17890
22363, 6004
6004, 10634
6004, 20702
19548, 6005
6005, 11014
23472, 6006
16975, 6006
14056, 6006
24773, 6006
18540, 6006
16462, 6006
6006, 16925
15466, 6007
22800, 6007
6007, 23279
14296, 6008
19132, 6008
10493, 6008
6008, 14450
9759, 6009
18355, 6009
9097, 6009
6009, 17024
14117, 6010
6010, 21171
15557, 6011
6011, 10911
23438, 6012
6012, 8172
18730, 6013
6013, 23117
23573, 6014
6014, 11455
15050, 6015
16653, 6015
6015, 12220
18831, 6016
6016, 15972
12440, 6017
6017, 23715
10133, 6018
6018, 22777
19893, 6019
6019, 11722
18218, 6020
6020, 22262
22351, 6021
19733, 6021
21302, 6021
10022, 6021
9341, 6021
11285, 6021
17111, 6021
6021, 8350
17634, 6022
6022, 14909
13922, 6023
6023, 16239
9699, 6024
6024, 9319
22566, 6025
6025, 24678
14895, 6026
6026, 9236
19815, 6027
6027, 14322
12251, 6028
6028, 13658
13861, 6029
6029, 18837
15929, 6030
6030, 19541
7697, 6031
6031, 11490
10982, 6032
6032, 10372
23120, 6033
18403, 6033
19300, 6033
6033, 24201
22799, 6034
6034, 11994
8612, 6035
6035, 15075
11671, 6036
18419, 6036
6036, 19092
23032, 6037
6037, 17678
18173, 6038
6038, 18444
11186, 6039
6039, 15610
6039, 13538
6039, 19530
6039, 9740
6039, 7530
6039, 24457
6039, 9984
18521, 6040
6040, 11915
23776, 6041
14919, 6041
6041, 18559
22267, 6042
17379, 6042
6042, 15593
15176, 6043
6043, 13422
19311, 6044
20377, 6044
16146, 6044
18054, 6044
11865, 6044
12335, 6044
19890, 6044
12167, 6044
11598, 6044
19903, 6044
18396, 6044
10934, 6044
20895, 6044
14051, 6044
16494, 6044
8952, 6044
15053, 6044
23711, 6044
6044, 20015
16840, 6045
6045, 12659
16612, 6046
6046, 22800
19893, 6047
6047, 22216
23342, 6048
6048, 24282
16219, 6049
6049, 11212
9472, 6050
18213, 6050
17722, 6050
6050, 20133
9045, 6051
12897, 6051
6051, 14034
20557, 6052
6052, 24399
16201, 6053
6053, 13370
17809, 6054
6054, 9708
24430, 6055
6055, 12091
23076, 6056
6056, 15509
6056, 21930
6056, 9966
6056, 16184
6056, 10913
21354, 6057
6057, 13647
16311, 6058
6058, 19628
21594, 6059
19822, 6059
24081, 6059
7881, 6059
6059, 11334
19099, 6060
6060, 12208
6060, 21924
22186, 6061
23861, 6061
21622, 6061
23147, 6061
19453, 6061
8867, 6061
20174, 6061
22269, 6061
23836, 6061
12587, 6061
23589, 6061
22932, 6061
9298, 6061
10766, 6061
15659, 6061
16863, 6061
20771, 6061
24787, 6061
15953, 6061
11845, 6061
11711, 6061
7931, 6061
19402, 6061
15276, 6061
23924, 6061
13821, 6061
8808, 6061
12945, 6061
16733, 6061
9719, 6061
12985, 6061
13855, 6061
15686, 6061
19755, 6061
10873, 6061
9606, 6061
10387, 6061
24796, 6061
17790, 6061
20941, 6061
14739, 6061
14809, 6061
16245, 6061
12458, 6061
8968, 6061
22124, 6061
16236, 6061
15636, 6061
9453, 6061
15679, 6061
13536, 6061
18908, 6061
11978, 6061
24248, 6061
18601, 6061
15741, 6061
22610, 6061
23004, 6061
9565, 6061
14862, 6061
11075, 6061
10891, 6061
22071, 6061
9379, 6061
21573, 6061
13499, 6061
9364, 6061
19655, 6061
15242, 6061
23865, 6061
15912, 6061
18212, 6061
23548, 6061
12376, 6061
10023, 6061
20268, 6061
14233, 6061
22828, 6061
22111, 6061
19378, 6061
18405, 6061
20152, 6061
10441, 6061
12924, 6061
20298, 6061
17406, 6061
22444, 6061
17929, 6061
12649, 6061
9072, 6061
17963, 6061
22967, 6061
22612, 6061
24688, 6061
23768, 6061
12365, 6061
8033, 6061
21677, 6061
15842, 6061
10751, 6061
22004, 6061
22145, 6061
10427, 6061
12768, 6061
23582, 6061
14017, 6061
7800, 6061
17564, 6061
9509, 6061
13798, 6061
15575, 6061
21669, 6061
21671, 6061
15761, 6061
8750, 6061
20053, 6061
16592, 6061
7535, 6061
23709, 6061
23077, 6061
7915, 6061
12046, 6061
23875, 6061
23596, 6061
14447, 6061
16844, 6061
15980, 6061
18375, 6061
8392, 6061
8955, 6061
11897, 6061
21035, 6061
9534, 6061
7879, 6061
17311, 6061
16782, 6061
18949, 6061
17753, 6061
17053, 6061
22522, 6061
21547, 6061
10093, 6061
12990, 6061
16663, 6061
15246, 6061
13904, 6061
20327, 6061
17862, 6061
17962, 6061
16755, 6061
22745, 6061
18808, 6061
19282, 6061
8830, 6061
20007, 6061
15447, 6061
10691, 6061
12656, 6061
15743, 6061
24385, 6061
11098, 6061
21828, 6061
23864, 6061
20153, 6061
10898, 6061
21880, 6061
22335, 6061
10496, 6061
11380, 6061
12160, 6061
13806, 6061
22031, 6061
24423, 6061
13928, 6061
11944, 6061
13747, 6061
10029, 6061
8885, 6061
15802, 6061
22006, 6061
17359, 6061
12761, 6061
16882, 6061
13090, 6061
19055, 6061
9192, 6061
16455, 6061
24891, 6061
12980, 6061
8161, 6061
9842, 6061
21928, 6061
16996, 6061
19322, 6061
14571, 6061
24697, 6061
9857, 6061
23335, 6061
7832, 6061
21644, 6061
8318, 6061
15658, 6061
17118, 6061
7797, 6061
8709, 6061
11438, 6061
18943, 6061
8362, 6061
9049, 6061
19683, 6061
17656, 6061
21586, 6061
22588, 6061
8336, 6061
15528, 6061
21903, 6061
19159, 6061
9603, 6061
22829, 6061
8248, 6061
10290, 6061
7628, 6061
13456, 6061
20456, 6061
16868, 6061
24792, 6061
8047, 6061
23597, 6061
14825, 6061
8505, 6061
23985, 6061
14217, 6061
18406, 6061
23636, 6061
9123, 6061
22748, 6061
16005, 6061
15680, 6061
23100, 6061
16294, 6061
12439, 6061
24848, 6061
9035, 6061
24582, 6061
16113, 6061
20524, 6061
21900, 6061
8625, 6061
19540, 6061
21101, 6061
14437, 6061
9491, 6061
21441, 6061
18526, 6061
11483, 6061
19511, 6061
9832, 6061
11202, 6061
9956, 6061
7740, 6061
19457, 6061
18763, 6061
17490, 6061
8434, 6061
19625, 6061
8833, 6061
16901, 6061
11123, 6061
11982, 6061
9738, 6061
9918, 6061
8369, 6061
16654, 6061
20956, 6061
8016, 6061
8211, 6061
13642, 6061
24173, 6061
14507, 6061
17115, 6061
21305, 6061
10219, 6061
13326, 6061
14962, 6061
13654, 6061
22515, 6061
24429, 6061
15444, 6061
11745, 6061
22724, 6061
20334, 6061
11990, 6061
9616, 6061
13237, 6061
24829, 6061
9764, 6061
9241, 6061
20637, 6061
19950, 6061
8305, 6061
13915, 6061
12578, 6061
12564, 6061
24458, 6061
18981, 6061
21557, 6061
9554, 6061
24726, 6061
9455, 6061
13724, 6061
18203, 6061
9604, 6061
24127, 6061
13878, 6061
21064, 6061
13028, 6061
17108, 6061
22670, 6061
14968, 6061
13680, 6061
9445, 6061
20522, 6061
19590, 6061
12334, 6061
22353, 6061
16660, 6061
24725, 6061
10527, 6061
11125, 6061
17453, 6061
17062, 6061
9560, 6061
10156, 6061
9440, 6061
15462, 6061
16101, 6061
10249, 6061
23624, 6061
14609, 6061
20413, 6061
9438, 6061
15772, 6061
8443, 6061
9931, 6061
19527, 6061
15079, 6061
22731, 6061
24613, 6061
24652, 6061
19513, 6061
20264, 6061
20491, 6061
14515, 6061
15635, 6061
19496, 6061
19245, 6061
11512, 6061
10222, 6061
8068, 6061
15932, 6061
17908, 6061
13281, 6061
23096, 6061
11852, 6061
9394, 6061
11537, 6061
24440, 6061
7890, 6061
18518, 6061
15247, 6061
19500, 6061
16141, 6061
16942, 6061
19888, 6061
12221, 6061
10746, 6061
8197, 6061
23049, 6061
7510, 6061
9780, 6061
8251, 6061
23355, 6061
12051, 6061
18581, 6061
19795, 6061
18839, 6061
23007, 6061
9629, 6061
17806, 6061
17294, 6061
24535, 6061
21144, 6061
20211, 6061
21364, 6061
11147, 6061
21288, 6061
7855, 6061
20435, 6061
12905, 6061
21365, 6061
10315, 6061
15751, 6061
20676, 6061
12276, 6061
8715, 6061
10635, 6061
14417, 6061
23173, 6061
8244, 6061
19941, 6061
13168, 6061
19809, 6061
9630, 6061
16621, 6061
15448, 6061
15070, 6061
12774, 6061
11506, 6061
24790, 6061
7602, 6061
23832, 6061
22649, 6061
8893, 6061
23037, 6061
9102, 6061
13612, 6061
21760, 6061
23889, 6061
18664, 6061
6061, 12804
20151, 6062
6062, 13428
21793, 6063
21789, 6063
6063, 19557
18501, 6064
6064, 23101
6064, 19595
19082, 6065
6065, 14110
13840, 6066
6066, 12764
22276, 6067
6067, 16326
6067, 15165
18723, 6068
6068, 20782
23920, 6069
6069, 23107
6069, 12469
23231, 6070
6070, 11260
19196, 6071
15007, 6071
6071, 19485
20310, 6072
22204, 6072
6072, 8631
10252, 6073
6073, 18694
17199, 6074
6074, 22851
6074, 12619
8397, 6075
6075, 11266
8365, 6076
6076, 22462
9805, 6077
6077, 20850
6077, 9475
6077, 13907
6077, 9478
6077, 16764
23140, 6078
6078, 10385
24970, 6079
6079, 22184
10815, 6080
6080, 14902
17372, 6081
22492, 6081
6081, 13585
9328, 6082
6082, 24519
6082, 16346
6082, 12873
12947, 6083
6083, 15496
7894, 6084
6084, 13468
13511, 6085
6085, 24686
19160, 6086
6086, 11970
13728, 6087
6087, 8543
6087, 19100
8653, 6088
23740, 6088
6088, 14594
12566, 6089
6089, 24945
6089, 10469
13497, 6090
9654, 6090
6090, 22446
19506, 6091
6091, 22014
7658, 6092
6092, 12462
20373, 6093
6093, 15077
19427, 6094
6094, 20826
24516, 6095
6095, 23991
6095, 13619
24154, 6096
6096, 8145
7464, 6097
9894, 6097
24670, 6097
6097, 23017
21301, 6098
6098, 14852
12522, 6099
16888, 6099
6099, 14932
21289, 6100
6100, 20107
6100, 22993
10234, 6101
6101, 11542
11443, 6102
6102, 10379
18666, 6103
6103, 24144
13468, 6104
16172, 6104
6104, 21330
22222, 6105
6105, 20142
16691, 6106
18531, 6106
6106, 7506
6106, 22898
19815, 6107
6107, 14322
20661, 6108
6108, 12066
10252, 6109
6109, 10281
23937, 6110
6110, 20131
19771, 6111
18997, 6111
13005, 6111
12420, 6111
13399, 6111
7877, 6111
20753, 6111
14551, 6111
6111, 24139
6111, 11455
16479, 6112
6112, 10355
6112, 20914
6112, 22001
6112, 13327
6112, 17569
6112, 22878
10490, 6113
8649, 6113
6113, 7618
15104, 6114
6114, 24310
9009, 6115
6115, 10372
20826, 6116
11544, 6116
13197, 6116
17752, 6116
21304, 6116
23803, 6116
6116, 19383
22578, 6117
21645, 6117
23476, 6117
25000, 6117
24946, 6117
24732, 6117
24212, 6117
14448, 6117
12583, 6117
20280, 6117
24744, 6117
6117, 10681
11037, 6118
6118, 17678
12557, 6119
6119, 18291
7496, 6120
6120, 16748
23698, 6121
10847, 6121
6121, 18885
14326, 6122
6122, 13122
12925, 6123
6123, 19469
24599, 6124
6124, 22202
7672, 6125
24290, 6125
19153, 6125
19356, 6125
16387, 6125
20172, 6125
6125, 19766
10749, 6126
6126, 20462
13572, 6127
6127, 12294
20729, 6128
14032, 6128
6128, 11611
21794, 6129
6129, 20426
12136, 6130
6130, 17405
9770, 6131
6131, 12344
15612, 6132
22578, 6132
23065, 6132
13118, 6132
9415, 6132
19366, 6132
19389, 6132
23155, 6132
22659, 6132
6132, 19064
10252, 6133
6133, 17870
20121, 6134
6134, 16390
16925, 6135
6135, 15093
6135, 17842
22476, 6136
24636, 6136
6136, 11409
21598, 6137
6137, 14245
6137, 16032
10413, 6138
6138, 18243
11207, 6139
16007, 6139
6139, 7867
6139, 11761
6139, 14202
6139, 9461
6139, 18878
6139, 12132
6139, 9296
6139, 20097
6139, 11227
6139, 14866
14518, 6140
6140, 20107
6140, 16995
6140, 14995
18871, 6141
19622, 6141
6141, 12891
22883, 6142
6142, 16672
12025, 6143
6143, 22974
22309, 6144
6144, 16604
9078, 6145
6145, 10260
11010, 6146
6146, 15478
24334, 6147
6147, 14721
18925, 6148
6148, 16462
17951, 6149
6149, 8537
7697, 6150
6150, 11490
17093, 6151
6151, 13754
19801, 6152
6152, 23540
10252, 6153
6153, 10281
8850, 6154
6154, 10843
15344, 6155
6155, 24097
17485, 6156
6156, 17178
6156, 22445
18778, 6157
6157, 9547
6157, 16226
18582, 6158
6158, 22660
23403, 6159
6159, 10697
11628, 6160
16279, 6160
15320, 6160
6160, 18079
13906, 6161
6161, 21010
6161, 22100
11128, 6162
6162, 24159
6162, 17695
11779, 6163
6163, 17678
14865, 6164
6164, 7485
6164, 19170
6164, 14520
9695, 6165
6165, 8129
18582, 6166
6166, 10927
16395, 6167
6167, 19521
22990, 6168
6168, 21700
7776, 6169
6169, 16429
6169, 24509
11894, 6170
6170, 12802
15849, 6171
17832, 6171
6171, 20533
15034, 6172
22849, 6172
6172, 22362
6172, 20605
6172, 24439
6172, 14132
6172, 15511
6172, 10947
6172, 14152
6172, 20609
6172, 16140
6172, 18039
6172, 9389
6172, 14503
6172, 23250
6172, 20270
6172, 22432
6172, 24904
6172, 14734
19647, 6173
9820, 6173
6173, 11084
18862, 6174
6174, 12937
10227, 6175
6175, 22712
23243, 6176
6176, 10877
13329, 6177
6177, 24287
6177, 17141
16925, 6178
6178, 8844
18359, 6179
6179, 21554
19801, 6180
6180, 14108
23076, 6181
6181, 24961
6181, 15591
16925, 6182
6182, 8452
7527, 6183
19921, 6183
6183, 18853
21033, 6184
6184, 7904
9922, 6185
6185, 23134
8387, 6186
6186, 8032
16925, 6187
6187, 13259
21626, 6188
6188, 17554
21730, 6189
19143, 6189
24654, 6189
23672, 6189
10946, 6189
6189, 9862
23300, 6190
6190, 9982
14850, 6191
22096, 6191
6191, 21721
9500, 6192
6192, 10326
24933, 6193
6193, 19181
7575, 6194
6194, 9258
24136, 6195
6195, 12232
11811, 6196
17771, 6196
24724, 6196
21386, 6196
6196, 17678
7938, 6197
7472, 6197
6197, 9892
21893, 6198
6198, 11368
12333, 6199
6199, 13460
19658, 6200
6200, 19181
18690, 6201
6201, 13325
14605, 6202
6202, 13669
6202, 17616
16671, 6203
6203, 16719
18549, 6204
6204, 14920
10347, 6205
16068, 6205
6205, 7780
21716, 6206
6206, 18768
16925, 6207
6207, 14984
11094, 6208
6208, 24399
24293, 6209
6209, 20071
6209, 17695
9592, 6210
20314, 6210
20318, 6210
18223, 6210
6210, 10395
11768, 6211
6211, 17346
20418, 6212
6212, 23892
14600, 6213
10550, 6213
12326, 6213
12633, 6213
19499, 6213
14824, 6213
21651, 6213
7739, 6213
7461, 6213
12036, 6213
12361, 6213
15096, 6213
17180, 6213
6213, 19029
17482, 6214
6214, 9242
6214, 9297
6214, 9128
12575, 6215
6215, 18060
6215, 12802
9210, 6216
6216, 21530
18181, 6217
8756, 6217
21834, 6217
12967, 6217
9690, 6217
12939, 6217
17655, 6217
7554, 6217
13181, 6217
9172, 6217
17958, 6217
13147, 6217
6217, 19170
6217, 20188
15545, 6218
6218, 23910
12170, 6219
19474, 6219
6219, 24566
9463, 6220
24741, 6220
6220, 19555
20163, 6221
6221, 16554
17420, 6222
6222, 16229
6222, 16809
6222, 8234
6222, 8423
6222, 17200
6222, 9850
6222, 20375
22835, 6223
22036, 6223
6223, 17159
19930, 6224
6224, 8333
16035, 6225
6225, 9734
6225, 15165
12251, 6226
6226, 22127
16377, 6227
6227, 16462
20582, 6228
6228, 11706
15360, 6229
6229, 15768
16308, 6230
6230, 9235
18582, 6231
6231, 21855
11406, 6232
22497, 6232
12660, 6232
6232, 13481
8593, 6233
6233, 22996
9631, 6234
6234, 14559
13660, 6235
6235, 8719
13768, 6236
6236, 13599
17927, 6237
22175, 6237
6237, 12066
14708, 6238
6238, 7731
6238, 24549
19967, 6239
6239, 12613
15098, 6240
8163, 6240
6240, 20060
11493, 6241
6241, 12576
15417, 6242
6242, 22289
10815, 6243
6243, 16043
13413, 6244
6244, 16151
18029, 6245
6245, 21842
7828, 6246
6246, 13927
8732, 6247
6247, 19027
24091, 6248
6248, 12568
19801, 6249
6249, 20811
17957, 6250
9633, 6250
13148, 6250
7924, 6250
15585, 6250
15977, 6250
7738, 6250
12543, 6250
16212, 6250
16544, 6250
21070, 6250
24384, 6250
15381, 6250
20773, 6250
9138, 6250
23824, 6250
23039, 6250
21912, 6250
11174, 6250
19684, 6250
12884, 6250
21346, 6250
23458, 6250
6250, 17983
11186, 6251
6251, 11087
6251, 16103
6251, 16768
6251, 16299
13172, 6252
6252, 19448
23431, 6253
6253, 15254
14630, 6254
6254, 20466
23860, 6255
6255, 13189
21254, 6256
6256, 16183
14770, 6257
6257, 21864
23937, 6258
6258, 9909
16925, 6259
6259, 12297
6259, 21824
21960, 6260
6260, 19423
21776, 6261
21816, 6261
6261, 18647
15725, 6262
11963, 6262
20759, 6262
7606, 6262
21025, 6262
13181, 6262
15000, 6262
17417, 6262
24451, 6262
23235, 6262
6262, 16844
9323, 6263
6263, 10173
6263, 9730
6263, 10005
10006, 6264
8841, 6264
14452, 6264
19854, 6264
11529, 6264
6264, 9046
20160, 6265
6265, 15973
22713, 6266
6266, 13114
17536, 6267
6267, 20572
10252, 6268
6268, 24234
9085, 6269
6269, 15060
12544, 6270
6270, 18713
13142, 6271
10270, 6271
20798, 6271
13951, 6271
12556, 6271
6271, 18079
17360, 6272
6272, 14828
19380, 6273
6273, 14664
21863, 6274
6274, 9614
10713, 6275
6275, 7731
18582, 6276
6276, 9915
6276, 10942
6276, 18632
22678, 6277
6277, 17676
24663, 6278
6278, 10084
16594, 6279
6279, 18127
13180, 6280
6280, 8121
17457, 6281
6281, 15645
11856, 6282
6282, 19700
16308, 6283
6283, 16906
16308, 6284
6284, 19878
16925, 6285
6285, 19112
12008, 6286
6286, 8134
15482, 6287
6287, 9885
8258, 6288
6288, 15756
10759, 6289
13669, 6289
6289, 23518
15404, 6290
6290, 18959
10754, 6291
6291, 12018
10138, 6292
6292, 19470
6292, 23371
10082, 6293
6293, 12989
17796, 6294
6294, 23051
24802, 6295
6295, 8570
12953, 6296
6296, 8390
22852, 6297
6297, 18910
14705, 6298
6298, 22764
15574, 6299
6299, 11765
6299, 23567
6299, 7562
24575, 6300
16163, 6300
20774, 6300
20762, 6300
13793, 6300
19738, 6300
6300, 17405
21458, 6301
6301, 12236
11022, 6302
6302, 9311
14430, 6303
6303, 13318
16709, 6304
6304, 22235
6304, 15938
18930, 6305
6305, 9046
9899, 6306
6306, 7851
18421, 6307
20509, 6307
6307, 12066
10001, 6308
6308, 24075
16925, 6309
6309, 22368
21527, 6310
6310, 22469
11866, 6311
19265, 6311
23362, 6311
6311, 20629
20452, 6312
6312, 20031
9805, 6313
6313, 8760
6313, 8042
6313, 10076
6313, 11137
6313, 20789
6313, 16877
6313, 20339
16552, 6314
6314, 14520
17009, 6315
6315, 14173
11077, 6316
6316, 15049
6316, 18540
11384, 6317
20734, 6317
12822, 6317
14362, 6317
17676, 6317
24654, 6317
21474, 6317
6317, 9862
16925, 6318
6318, 23002
23704, 6319
6319, 8659
18904, 6320
6320, 18931
6320, 13812
9402, 6321
6321, 18971
22644, 6322
6322, 14607
18385, 6323
6323, 8205
16703, 6324
6324, 11864
20826, 6325
13197, 6325
17948, 6325
9854, 6325
24153, 6325
16370, 6325
12305, 6325
15784, 6325
16429, 6325
15379, 6325
14483, 6325
10168, 6325
21189, 6325
21554, 6325
10483, 6325
13259, 6325
19223, 6325
21481, 6325
19309, 6325
20823, 6325
7497, 6325
18790, 6325
10005, 6325
14084, 6325
14870, 6325
10830, 6325
10447, 6325
23005, 6325
12613, 6325
8208, 6325
16909, 6325
23803, 6325
8691, 6325
15092, 6325
23747, 6325
6325, 21843
9513, 6326
16829, 6326
13431, 6326
24723, 6326
22862, 6326
6326, 8526
7913, 6327
6327, 24363
15300, 6328
6328, 24388
19472, 6329
6329, 23471
15183, 6330
6330, 22264
15889, 6331
6331, 19111
6331, 23080
6331, 23839
6331, 14271
6331, 18735
23133, 6332
6332, 24704
17017, 6333
6333, 11271
8578, 6334
6334, 16716
11135, 6335
12004, 6335
18416, 6335
6335, 19966
18904, 6336
6336, 14772
6336, 16867
6336, 12517
6336, 21021
15482, 6337
6337, 11788
23076, 6338
6338, 23442
6338, 22136
6338, 12262
17333, 6339
6339, 12494
19893, 6340
6340, 22786
23688, 6341
6341, 22369
13981, 6342
6342, 22647
10252, 6343
6343, 15307
23967, 6344
6344, 18419
12736, 6345
6345, 19485
10413, 6346
6346, 9720
8126, 6347
6347, 12172
12251, 6348
6348, 7778
14216, 6349
6349, 24399
11186, 6350
10234, 6350
6350, 10886
6350, 19946
6350, 8860
18684, 6351
6351, 24807
8194, 6352
12883, 6352
6352, 10333
6352, 10322
6352, 16639
6352, 24755
6352, 24550
14588, 6353
12331, 6353
16435, 6353
18246, 6353
6353, 20257
16059, 6354
6354, 18987
15180, 6355
6355, 11920
20681, 6356
6356, 11049
16538, 6357
6357, 15463
14587, 6358
6358, 14465
10043, 6359
6359, 20684
13949, 6360
6360, 10571
14830, 6361
6361, 9353
11710, 6362
6362, 16406
17552, 6363
6363, 9088
17076, 6364
15950, 6364
7442, 6364
6364, 23090
16330, 6365
6365, 14087
11581, 6366
6366, 12732
17736, 6367
6367, 11873
6367, 10634
6367, 19158
16521, 6368
6368, 17434
16517, 6369
6369, 17019
11298, 6370
6370, 13627
15164, 6371
6371, 19872
9396, 6372
6372, 11675
22078, 6373
6373, 22307
24328, 6374
6374, 23799
15069, 6375
6375, 19927
22771, 6376
6376, 23180
11092, 6377
6377, 12037
24016, 6378
6378, 12366
10572, 6379
6379, 20188
9618, 6380
6380, 7786
22117, 6381
6381, 24042
8960, 6382
6382, 13709
6382, 8615
6382, 21964
18651, 6383
6383, 18488
6383, 17681
6383, 9853
6383, 19465
6383, 14253
6383, 21442
6383, 16366
6383, 14893
6383, 19225
6383, 19986
6383, 24883
6383, 22048
6383, 13339
6383, 16436
6383, 20102
6383, 22573
14766, 6384
6384, 17701
9467, 6385
9591, 6385
22725, 6385
24475, 6385
11787, 6385
23092, 6385
6385, 23240
6385, 20093
13180, 6386
6386, 8121
20471, 6387
6387, 22627
10502, 6388
6388, 17326
9648, 6389
6389, 18994
18638, 6390
6390, 11458
22043, 6391
6391, 16555
17420, 6392
6392, 12826
6392, 17981
12593, 6393
6393, 15739
12042, 6394
6394, 9171
6394, 14183
16925, 6395
6395, 16983
19240, 6396
6396, 19740
10413, 6397
6397, 24425
7970, 6398
6398, 24657
15688, 6399
6399, 12105
24164, 6400
11360, 6400
21552, 6400
17546, 6400
23048, 6400
7897, 6400
6400, 14610
17026, 6401
6401, 8230
18858, 6402
6402, 17020
21966, 6403
6403, 17890
11943, 6404
6404, 7655
6404, 14868
6404, 15144
6404, 23931
6404, 20796
6404, 15220
6404, 11876
6404, 11322
6404, 11151
6404, 12528
6404, 11977
20229, 6405
6405, 14166
16126, 6406
6406, 13486
10941, 6407
15385, 6407
24165, 6407
19324, 6407
9882, 6407
23400, 6407
14346, 6407
9917, 6407
12810, 6407
9977, 6407
16814, 6407
12822, 6407
10618, 6407
23775, 6407
7581, 6407
16967, 6407
21256, 6407
16339, 6407
16020, 6407
22825, 6407
18041, 6407
17368, 6407
17690, 6407
22122, 6407
16635, 6407
17068, 6407
12538, 6407
11170, 6407
18184, 6407
16169, 6407
16816, 6407
16611, 6407
13965, 6407
10274, 6407
16336, 6407
9100, 6407
17931, 6407
20438, 6407
8051, 6407
23034, 6407
24243, 6407
15981, 6407
9066, 6407
16810, 6407
17441, 6407
18705, 6407
11403, 6407
18636, 6407
22794, 6407
21983, 6407
24656, 6407
22966, 6407
14687, 6407
9293, 6407
6407, 9862
8381, 6408
8941, 6408
6408, 16097
19097, 6409
6409, 14148
6409, 24869
17009, 6410
6410, 15084
6410, 21341
6410, 14173
6410, 9642
6410, 10551
8084, 6411
6411, 21263
9805, 6412
6412, 23564
6412, 10632
6412, 18019
6412, 21508
6412, 17394
6412, 19923
8567, 6413
7651, 6413
22993, 6413
19564, 6413
19070, 6413
6413, 11134
10205, 6414
6414, 14909
18992, 6415
6415, 9532
7664, 6416
16432, 6416
6416, 24477
19292, 6417
23525, 6417
10740, 6417
20792, 6417
23012, 6417
13049, 6417
23649, 6417
15728, 6417
18733, 6417
13879, 6417
6417, 16329
6417, 10229
12986, 6418
6418, 14003
11611, 6419
18087, 6419
15146, 6419
20256, 6419
18362, 6419
6419, 23522
19984, 6420
6420, 22184
22253, 6421
6421, 11985
13282, 6422
6422, 14909
21709, 6423
6423, 11372
9814, 6424
6424, 8771
10413, 6425
6425, 21328
12461, 6426
6426, 11973
16974, 6427
6427, 12318
6427, 13648
6427, 10235
20817, 6428
6428, 24878
21726, 6429
16706, 6429
16315, 6429
6429, 15379
14117, 6430
6430, 14375
13944, 6431
6431, 9289
6431, 14539
21102, 6432
18692, 6432
12168, 6432
11463, 6432
6432, 17323
9058, 6433
6433, 8057
16491, 6434
6434, 18104
8053, 6435
6435, 13692
18549, 6436
6436, 7633
12385, 6437
6437, 11744
19893, 6438
6438, 11930
11906, 6439
6439, 24963
16925, 6440
6440, 16983
12896, 6441
6441, 12822
14028, 6442
6442, 19433
14117, 6443
6443, 23812
7553, 6444
6444, 10289
10252, 6445
6445, 17870
23623, 6446
6446, 11486
18252, 6447
6447, 11973
12596, 6448
6448, 9863
20485, 6449
6449, 16326
16947, 6450
6450, 8921
22005, 6451
6451, 23174
6451, 11911
6451, 16500
9090, 6452
6452, 17456
13087, 6453
6453, 24934
24258, 6454
6454, 18230
18334, 6455
6455, 14622
22519, 6456
6456, 23910
19502, 6457
6457, 23719
15463, 6458
17178, 6458
22053, 6458
24363, 6458
24472, 6458
8695, 6458
24038, 6458
13223, 6458
18728, 6458
22647, 6458
14300, 6458
10526, 6458
18727, 6458
16225, 6458
10768, 6458
17187, 6458
18798, 6458
19005, 6458
15152, 6458
23818, 6458
9098, 6458
10173, 6458
22851, 6458
23216, 6458
22675, 6458
16374, 6458
24461, 6458
20206, 6458
8406, 6458
16066, 6458
10431, 6458
20642, 6458
23082, 6458
21813, 6458
24578, 6458
17508, 6458
21265, 6458
23035, 6458
15075, 6458
11973, 6458
20949, 6458
20107, 6458
16071, 6458
22165, 6458
10753, 6458
13587, 6458
22133, 6458
23042, 6458
8672, 6458
15175, 6458
15756, 6458
21602, 6458
14581, 6458
8086, 6458
19969, 6458
10818, 6458
13774, 6458
14175, 6458
19039, 6458
21514, 6458
16716, 6458
18546, 6458
16627, 6458
20219, 6458
20844, 6458
19964, 6458
21741, 6458
14835, 6458
17592, 6458
19624, 6458
9547, 6458
10968, 6458
13386, 6458
24167, 6458
9099, 6458
13977, 6458
10624, 6458
22982, 6458
23898, 6458
23940, 6458
16588, 6458
23088, 6458
12179, 6458
10262, 6458
7932, 6458
24444, 6458
20149, 6458
9753, 6458
21298, 6458
21499, 6458
11143, 6458
16664, 6458
9171, 6458
22980, 6458
17876, 6458
20170, 6458
9886, 6458
17824, 6458
12651, 6458
8757, 6458
24275, 6458
19170, 6458
10673, 6458
8792, 6458
14169, 6458
12454, 6458
9238, 6458
17756, 6458
14584, 6458
23029, 6458
20961, 6458
13802, 6458
23781, 6458
12138, 6458
10326, 6458
11514, 6458
17530, 6458
21944, 6458
17973, 6458
13114, 6458
19198, 6458
16329, 6458
12671, 6458
10861, 6458
21453, 6458
21822, 6458
13002, 6458
23157, 6458
14181, 6458
24215, 6458
21098, 6458
17770, 6458
8992, 6458
13019, 6458
9982, 6458
9311, 6458
8201, 6458
8147, 6458
17959, 6458
12806, 6458
14384, 6458
16999, 6458
8118, 6458
10972, 6458
15456, 6458
12823, 6458
22747, 6458
22493, 6458
18125, 6458
12366, 6458
19787, 6458
15768, 6458
18783, 6458
11341, 6458
15193, 6458
24466, 6458
17229, 6458
15972, 6458
21785, 6458
7734, 6458
24191, 6458
13428, 6458
12200, 6458
19676, 6458
10372, 6458
24799, 6458
22221, 6458
11938, 6458
9183, 6458
13709, 6458
15651, 6458
9841, 6458
9332, 6458
15626, 6458
23567, 6458
16946, 6458
10615, 6458
18822, 6458
20114, 6458
12636, 6458
23752, 6458
17913, 6458
23953, 6458
8205, 6458
13869, 6458
7841, 6458
12287, 6458
10492, 6458
15566, 6458
15306, 6458
10420, 6458
8121, 6458
10570, 6458
8099, 6458
15412, 6458
15392, 6458
12643, 6458
12285, 6458
19071, 6458
20397, 6458
10042, 6458
7472, 6458
18231, 6458
18693, 6458
22547, 6458
15537, 6458
20902, 6458
20732, 6458
12863, 6458
9734, 6458
12391, 6458
19470, 6458
19132, 6458
9276, 6458
20194, 6458
12943, 6458
11864, 6458
22041, 6458
12558, 6458
11074, 6458
14909, 6458
21392, 6458
17340, 6458
17838, 6458
17378, 6458
10772, 6458
7649, 6458
22740, 6458
16463, 6458
12979, 6458
15049, 6458
10843, 6458
13564, 6458
23229, 6458
14238, 6458
21878, 6458
16326, 6458
17855, 6458
22408, 6458
9274, 6458
14639, 6458
22160, 6458
14318, 6458
20449, 6458
14304, 6458
19568, 6458
8182, 6458
11404, 6458
15500, 6458
15922, 6458
7731, 6458
10595, 6458
11998, 6458
16264, 6458
8022, 6458
13249, 6458
24044, 6458
14634, 6458
10493, 6458
23680, 6458
12316, 6458
8257, 6458
21319, 6458
22490, 6458
18470, 6458
18987, 6458
20142, 6458
24015, 6458
19178, 6458
12421, 6458
22661, 6458
8333, 6458
9120, 6458
11110, 6458
12372, 6458
9680, 6458
13669, 6458
8985, 6458
17494, 6458
11242, 6458
23156, 6458
16981, 6458
9978, 6458
19723, 6458
24097, 6458
24261, 6458
12927, 6458
20430, 6458
24969, 6458
13522, 6458
16391, 6458
11985, 6458
8288, 6458
20188, 6458
19490, 6458
8600, 6458
10983, 6458
22881, 6458
16928, 6458
19301, 6458
13619, 6458
12134, 6458
22469, 6458
15304, 6458
23054, 6458
13006, 6458
21713, 6458
8609, 6458
8814, 6458
8499, 6458
13248, 6458
14395, 6458
24505, 6458
20569, 6458
21924, 6458
11212, 6458
8747, 6458
14674, 6458
8823, 6458
17244, 6458
18419, 6458
23837, 6458
17226, 6458
7663, 6458
18291, 6458
19835, 6458
9045, 6458
12873, 6458
11095, 6458
10045, 6458
11220, 6458
24037, 6458
14656, 6458
10911, 6458
21964, 6458
9257, 6458
22456, 6458
7873, 6458
18230, 6458
18233, 6458
21687, 6458
16917, 6458
15910, 6458
17516, 6458
18161, 6458
20945, 6458
12897, 6458
16077, 6458
21100, 6458
24489, 6458
17461, 6458
16759, 6458
22161, 6458
8901, 6458
6458, 16556
17935, 6459
6459, 17720
18180, 6460
6460, 15100
6460, 18693
13678, 6461
6461, 15618
8349, 6462
6462, 20998
13702, 6463
6463, 24730
9820, 6464
6464, 23461
20696, 6465
24076, 6465
11180, 6465
8524, 6465
6465, 12802
14261, 6466
6466, 21001
24436, 6467
6467, 10394
7720, 6468
6468, 21894
21496, 6469
6469, 18540
23109, 6470
6470, 9232
21888, 6471
21631, 6471
6471, 11692
10152, 6472
6472, 14792
6472, 8953
6472, 18303
6472, 24554
6472, 14475
6472, 22657
6472, 17896
6472, 16820
6472, 7482
6472, 10941
6472, 15385
6472, 24165
6472, 19324
6472, 9882
6472, 23400
6472, 14346
6472, 9917
6472, 12810
6472, 9977
6472, 16814
6472, 10618
6472, 7581
6472, 16967
6472, 21256
6472, 16020
6472, 18041
6472, 17368
6472, 17690
6472, 22122
6472, 17068
6472, 12538
6472, 11170
6472, 18184
6472, 16169
6472, 16816
6472, 16611
6472, 10274
6472, 16336
6472, 20438
6472, 8051
6472, 23034
6472, 24243
6472, 15981
6472, 9066
6472, 16810
6472, 17441
6472, 18705
6472, 11403
6472, 18636
6472, 22794
6472, 21983
6472, 22966
6472, 14687
6472, 9293
10831, 6473
6473, 11107
14992, 6474
6474, 9940
16973, 6475
12178, 6475
6475, 12822
18279, 6476
11379, 6476
24069, 6476
6476, 15941
22784, 6477
6477, 11625
12757, 6478
6478, 12029
11347, 6479
6479, 9163
11186, 6480
6480, 11356
6480, 15850
6480, 23234
6480, 24508
13944, 6481
6481, 8552
6481, 14540
6481, 17623
11906, 6482
6482, 9747
16572, 6483
6483, 12834
12406, 6484
8910, 6484
6484, 18540
22108, 6485
6485, 19223
15319, 6486
6486, 20132
14117, 6487
6487, 18118
10133, 6488
6488, 11224
23241, 6489
6489, 14586
16308, 6490
6490, 22080
21034, 6491
9270, 6491
6491, 7472
19801, 6492
6492, 9125
11989, 6493
6493, 8434
15865, 6494
6494, 14013
15839, 6495
6495, 18613
9426, 6496
6496, 16166
21390, 6497
6497, 10630
23306, 6498
6498, 7719
24870, 6499
6499, 19920
6499, 11045
19454, 6500
6500, 19551
9578, 6501
6501, 20562
23616, 6502
13317, 6502
20297, 6502
17415, 6502
20954, 6502
11712, 6502
15787, 6502
23960, 6502
19257, 6502
6502, 14409
10346, 6503
6503, 24227
16075, 6504
23524, 6504
22860, 6504
6504, 11334
11747, 6505
6505, 15756
15749, 6506
6506, 23146
20957, 6507
6507, 11983
24643, 6508
6508, 9547
9083, 6509
6509, 12643
24738, 6510
6510, 20235
22142, 6511
6511, 12613
11054, 6512
6512, 9223
12076, 6513
19386, 6513
24504, 6513
19377, 6513
6513, 9798
14775, 6514
21229, 6514
18985, 6514
7642, 6514
17941, 6514
9562, 6514
11036, 6514
10954, 6514
23437, 6514
16246, 6514
18953, 6514
18657, 6514
23165, 6514
15147, 6514
9582, 6514
20973, 6514
18328, 6514
14601, 6514
20128, 6514
10275, 6514
8738, 6514
22947, 6514
16615, 6514
17525, 6514
18529, 6514
8636, 6514
22434, 6514
22698, 6514
11566, 6514
19270, 6514
24565, 6514
16260, 6514
13098, 6514
16794, 6514
10956, 6514
15347, 6514
13375, 6514
19741, 6514
22636, 6514
18621, 6514
22699, 6514
16693, 6514
14555, 6514
19756, 6514
7817, 6514
18251, 6514
6514, 23319
21668, 6515
6515, 15280
21257, 6516
6516, 20378
15901, 6517
6517, 9335
20982, 6518
6518, 9182
8484, 6519
6519, 9481
16870, 6520
6520, 8498
20984, 6521
6521, 13002
6521, 17752
6521, 10685
23853, 6522
6522, 12700
6522, 23927
6522, 20890
6522, 20281
6522, 9551
6522, 23415
6522, 21907
6522, 14125
6522, 19189
6522, 11484
6522, 10833
6522, 9642
6522, 10551
6522, 10953
6522, 9081
6522, 8699
6522, 19407
6522, 14960
6522, 12071
6522, 21152
6522, 8213
6522, 16243
6522, 14282
6522, 22440
6522, 14496
6522, 14626
6522, 11307
6522, 15538
6522, 17182
6522, 22356
6522, 19641
6522, 22944
6522, 15544
6522, 16237
6522, 23498
6522, 17228
6522, 23023
6522, 10217
6522, 21334
6522, 14350
6522, 14903
6522, 19577
6522, 24158
6522, 16042
6522, 16721
6522, 11206
6522, 12498
6522, 10585
6522, 17295
6522, 21153
6522, 18575
6522, 12204
6522, 24303
10234, 6523
6523, 21564
6523, 18958
11235, 6524
6524, 11611
24853, 6525
6525, 15732
11943, 6526
6526, 13746
6526, 20597
6526, 20515
6526, 16291
6526, 11139
6526, 15499
6526, 16701
9124, 6527
6527, 16588
9114, 6528
9820, 6528
6528, 23508
9710, 6529
6529, 10663
12828, 6530
6530, 16164
24285, 6531
13205, 6531
16171, 6531
22507, 6531
8721, 6531
15287, 6531
22962, 6531
6531, 17107
23187, 6532
19113, 6532
6532, 16421
22905, 6533
6533, 24869
6533, 20542
21735, 6534
19332, 6534
6534, 7730
19084, 6535
21749, 6535
6535, 19892
16925, 6536
6536, 12822
18060, 6537
20038, 6537
6537, 11371
15332, 6538
6538, 21955
12137, 6539
6539, 19091
9891, 6540
6540, 20477
7443, 6541
6541, 15049
19893, 6542
6542, 10132
6542, 13163
16925, 6543
6543, 21730
22108, 6544
6544, 18729
24426, 6545
6545, 20299
23318, 6546
6546, 22047
17570, 6547
6547, 8678
11875, 6548
6548, 11887
22562, 6549
6549, 20983
24603, 6550
6550, 16183
24003, 6551
6551, 16715
23937, 6552
6552, 19670
16589, 6553
6553, 21226
8420, 6554
6554, 9692
17757, 6555
6555, 10759
16948, 6556
6556, 23717
8784, 6557
15606, 6557
21766, 6557
9820, 6557
6557, 10573
18968, 6558
6558, 21551
10451, 6559
6559, 22621
19588, 6560
12343, 6560
6560, 14754
23429, 6561
6561, 24399
24339, 6562
21353, 6562
14623, 6562
12472, 6562
6562, 17170
23319, 6563
18933, 6563
6563, 17852
19442, 6564
6564, 17133
6564, 11346
8610, 6565
6565, 15794
10252, 6566
6566, 18694
9820, 6567
6567, 24981
20279, 6568
6568, 17244
22227, 6569
6569, 12897
12689, 6570
6570, 17879
17270, 6571
6571, 10372
25003, 6572
6572, 15684
20273, 6573
6573, 12494
14225, 6574
6574, 15845
13944, 6575
6575, 23433
11229, 6576
6576, 7731
10298, 6577
6577, 18790
11319, 6578
6578, 24669
11748, 6579
6579, 11983
6579, 8747
17144, 6580
15314, 6580
17758, 6580
6580, 9397
10007, 6581
6581, 11592
23884, 6582
6582, 20477
15126, 6583
7583, 6583
6583, 12822
17500, 6584
6584, 13528
19855, 6585
6585, 24153
16925, 6586
6586, 10643
24229, 6587
6587, 24215
15356, 6588
6588, 24623
8692, 6589
6589, 23803
9517, 6590
6590, 24021
9862, 6591
6591, 14610
16802, 6592
6592, 12287
20003, 6593
15594, 6593
6593, 12616
20147, 6594
22663, 6594
15580, 6594
18540, 6594
20189, 6594
14462, 6594
6594, 16925
6594, 12416
24101, 6595
6595, 14252
6595, 13404
6595, 12256
6595, 15791
6595, 10488
6595, 17712
6595, 23056
6595, 8417
23076, 6596
6596, 16339
11186, 6597
6597, 14072
6597, 12130
6597, 18877
6597, 19140
6597, 12296
6597, 11508
6597, 9686
19278, 6598
6598, 12193
17420, 6599
6599, 11471
22674, 6600
6600, 23897
9466, 6601
6601, 19895
14117, 6602
6602, 18324
18549, 6603
6603, 22819
10900, 6604
6604, 9646
9912, 6605
19410, 6605
6605, 8814
6605, 11911
21918, 6606
6606, 22552
8124, 6607
6607, 7938
10957, 6608
6608, 21963
15133, 6609
6609, 14483
10004, 6610
19174, 6610
20974, 6610
11606, 6610
24852, 6610
8155, 6610
13269, 6610
23379, 6610
6610, 18219
6610, 9250
6610, 9050
19085, 6611
6611, 10447
24467, 6612
20604, 6612
9484, 6612
21615, 6612
20898, 6612
14174, 6612
9457, 6612
11558, 6612
23599, 6612
20792, 6612
6612, 24504
20803, 6613
6613, 20356
22755, 6614
6614, 22851
8579, 6615
6615, 8439
13944, 6616
6616, 22914
6616, 16669
20288, 6617
20614, 6617
23248, 6617
19334, 6617
14410, 6617
12235, 6617
9145, 6617
10486, 6617
6617, 15580
18582, 6618
6618, 11610
6618, 20309
16649, 6619
6619, 10524
13064, 6620
6620, 23690
19076, 6621
6621, 20071
12737, 6622
6622, 22217
23635, 6623
6623, 17376
17488, 6624
6624, 14209
10220, 6625
6625, 9588
20084, 6626
6626, 16159
21860, 6627
6627, 16952
9820, 6628
6628, 8567
12889, 6629
16579, 6629
6629, 18833
17662, 6630
6630, 8434
10100, 6631
6631, 15218
15972, 6632
19598, 6632
6632, 10311
13516, 6633
6633, 13009
11841, 6634
6634, 9978
24710, 6635
6635, 11938
10017, 6636
6636, 15950
22326, 6637
6637, 21546
6637, 18224
18128, 6638
6638, 8499
6638, 11462
6638, 14710
15338, 6639
6639, 17418
17622, 6640
8301, 6640
9185, 6640
17666, 6640
22843, 6640
22971, 6640
12999, 6640
8384, 6640
14171, 6640
14276, 6640
24320, 6640
11645, 6640
23239, 6640
24260, 6640
22367, 6640
12361, 6640
13319, 6640
15702, 6640
18343, 6640
19818, 6640
22912, 6640
8104, 6640
10844, 6640
20276, 6640
21974, 6640
6640, 12169
10894, 6641
6641, 24011
20872, 6642
6642, 10168
23420, 6643
6643, 17698
6643, 15095
24432, 6644
6644, 7448
12877, 6645
14845, 6645
17682, 6645
21082, 6645
21031, 6645
24562, 6645
16760, 6645
9820, 6645
6645, 19977
14160, 6646
6646, 13651
8319, 6647
6647, 12738
6647, 16449
9027, 6648
24512, 6648
6648, 21214
18211, 6649
6649, 22543
6649, 19913
6649, 21332
13293, 6650
7429, 6650
6650, 11173
22464, 6651
6651, 11215
15639, 6652
6652, 12153
24074, 6653
6653, 15979
12188, 6654
9675, 6654
6654, 22408
18327, 6655
6655, 15566
16925, 6656
6656, 13302
11031, 6657
6657, 22045
15699, 6658
18510, 6658
6658, 7785
9816, 6659
6659, 12285
13938, 6660
6660, 22614
10225, 6661
6661, 17987
13037, 6662
6662, 12038
14287, 6663
6663, 9886
22354, 6664
6664, 8193
15482, 6665
6665, 12627
11015, 6666
6666, 8926
11070, 6667
6667, 22221
14812, 6668
6668, 20983
18904, 6669
11186, 6669
6669, 20659
20938, 6670
6670, 11323
19834, 6671
11756, 6671
6671, 21284
9820, 6672
6672, 24981
17577, 6673
6673, 19227
18904, 6674
6674, 20715
10807, 6675
6675, 18902
6675, 13802
22312, 6676
24372, 6676
6676, 18833
8622, 6677
6677, 8695
8633, 6678
6678, 24977
10999, 6679
6679, 19508
6679, 24869
16509, 6680
6680, 11046
16085, 6681
15426, 6681
16030, 6681
11791, 6681
7523, 6681
6681, 14465
8298, 6682
6682, 16384
22345, 6683
6683, 23193
15768, 6684
18449, 6684
16397, 6684
22384, 6684
6684, 23943
20209, 6685
6685, 9974
10413, 6686
6686, 8473
7726, 6687
21875, 6687
22478, 6687
7954, 6687
6687, 12480
18868, 6688
6688, 10559
10350, 6689
6689, 9208
6689, 18866
6689, 18811
6689, 10429
7854, 6690
21687, 6690
6690, 7976
10252, 6691
6691, 15307
7575, 6692
6692, 23618
20826, 6693
9626, 6693
10155, 6693
6693, 15984
17826, 6694
23098, 6694
6694, 17587
18395, 6695
6695, 13980
17607, 6696
6696, 12134
12114, 6697
6697, 17057
24797, 6698
6698, 20071
14302, 6699
6699, 22184
15995, 6700
6700, 16410
9665, 6701
23569, 6701
6701, 9809
22935, 6702
6702, 9506
18123, 6703
6703, 7767
16925, 6704
6704, 19669
16446, 6705
19964, 6705
6705, 21424
13355, 6706
6706, 8304
18824, 6707
6707, 12037
23568, 6708
6708, 17061
10413, 6709
6709, 9260
22978, 6710
6710, 24287
10234, 6711
6711, 24924
6711, 22178
12752, 6712
6712, 12699
16078, 6713
12092, 6713
11016, 6713
12918, 6713
6713, 14409
6713, 20901
9063, 6714
6714, 8399
14382, 6715
6715, 8088
18211, 6716
6716, 20124
6716, 21769
6716, 10776
9508, 6717
6717, 18471
8361, 6718
14586, 6718
6718, 15760
13128, 6719
21620, 6719
11279, 6719
21819, 6719
6719, 16329
23330, 6720
6720, 16155
19801, 6721
6721, 13322
16925, 6722
6722, 8156
11247, 6723
6723, 19186
24022, 6724
6724, 13971
11929, 6725
6725, 10793
13180, 6726
6726, 8121
9378, 6727
6727, 18230
23076, 6728
6728, 7766
13944, 6729
6729, 22820
11389, 6730
6730, 14617
8190, 6731
6731, 10424
13944, 6732
6732, 21702
6732, 24301
20272, 6733
6733, 15951
17930, 6734
6734, 16493
19103, 6735
6735, 13609
23562, 6736
6736, 24159
20260, 6737
23906, 6737
6737, 17348
22085, 6738
8926, 6738
6738, 8990
7479, 6739
6739, 18675
12444, 6740
6740, 17262
10252, 6741
6741, 18694
19285, 6742
6742, 12513
23408, 6743
13187, 6743
6743, 15460
6743, 19181
24420, 6744
6744, 9854
18904, 6745
11186, 6745
6745, 15346
6745, 23587
6745, 21231
6745, 22702
6745, 14244
15497, 6746
6746, 19342
23420, 6747
19791, 6747
6747, 15095
23627, 6748
13203, 6748
17132, 6748
6748, 12561
24139, 6749
18415, 6749
17479, 6749
13651, 6749
13909, 6749
22985, 6749
21772, 6749
23018, 6749
19885, 6749
9207, 6749
8584, 6749
18540, 6749
8458, 6749
10281, 6749
17678, 6749
12989, 6749
15345, 6749
21323, 6749
18799, 6749
13599, 6749
19133, 6749
6749, 16925
6749, 16638
17502, 6750
6750, 15094
18582, 6751
6751, 19800
6751, 18267
6751, 14303
7715, 6752
6752, 21308
14164, 6753
6753, 19312
11803, 6754
15655, 6754
13139, 6754
16822, 6754
9550, 6754
6754, 14610
19845, 6755
6755, 21133
7611, 6756
6756, 21476
23076, 6757
6757, 22119
6757, 17816
13242, 6758
6758, 7472
6758, 13788
20027, 6759
6759, 12822
7516, 6760
6760, 11277
15373, 6761
19423, 6761
24284, 6761
7682, 6761
12822, 6761
24882, 6761
24121, 6761
16136, 6761
9406, 6761
8405, 6761
12242, 6761
21448, 6761
6761, 9862
14170, 6762
6762, 14056
11732, 6763
6763, 14549
15386, 6764
6764, 18675
9273, 6765
6765, 17499
24855, 6766
6766, 17678
14353, 6767
6767, 22235
24713, 6768
6768, 10300
16818, 6769
15008, 6769
6769, 21643
17241, 6770
6770, 9759
16912, 6771
6771, 11544
9490, 6772
6772, 21401
12820, 6773
6773, 10483
20526, 6774
6774, 24399
11535, 6775
6775, 13578
16580, 6776
9862, 6776
6776, 14610
16734, 6777
6777, 24806
15827, 6778
6778, 21512
16925, 6779
6779, 12644
13898, 6780
6780, 13577
14969, 6781
6781, 17262
14091, 6782
6782, 21240
13480, 6783
6783, 17106
6783, 15733
17828, 6784
6784, 7926
6784, 12374
19801, 6785
6785, 19013
19865, 6786
6786, 17340
13220, 6787
6787, 19320
11186, 6788
6788, 24352
6788, 12849
6788, 17090
6788, 19230
6788, 8817
6788, 23664
6788, 19346
6788, 15914
6788, 17386
16345, 6789
6789, 9999
21449, 6790
6790, 16852
11678, 6791
23894, 6791
23128, 6791
19774, 6791
21477, 6791
6791, 15473
10434, 6792
6792, 20702
8573, 6793
6793, 15193
19069, 6794
6794, 21189
15249, 6795
6795, 14073
9184, 6796
6796, 8434
20545, 6797
6797, 22759
11496, 6798
6798, 8475
23821, 6799
6799, 11145
20799, 6800
6800, 18502
24222, 6801
6801, 7449
12122, 6802
6802, 20555
18253, 6803
6803, 16421
23755, 6804
6804, 24567
23188, 6805
23764, 6805
6805, 20910
18814, 6806
6806, 21518
19926, 6807
6807, 18520
6807, 23043
6807, 20653
8917, 6808
6808, 13631
23185, 6809
6809, 19370
12331, 6810
6810, 12384
22482, 6811
12600, 6811
6811, 20523
8387, 6812
8410, 6812
6812, 12801
8809, 6813
6813, 14131
10252, 6814
6814, 17870
9841, 6815
16463, 6815
6815, 7652
13286, 6816
6816, 15811
11300, 6817
6817, 8390
16230, 6818
6818, 14209
16925, 6819
6819, 21142
13053, 6820
6820, 7649
11186, 6821
6821, 10801
6821, 18176
6821, 17788
15608, 6822
6822, 13605
15882, 6823
6823, 20147
13625, 6824
6824, 8252
13016, 6825
10733, 6825
6825, 14586
14137, 6826
6826, 23269
18831, 6827
6827, 15972
21240, 6828
21100, 6828
6828, 10596
23406, 6829
6829, 7571
8915, 6830
17257, 6830
6830, 13485
9408, 6831
19142, 6831
24013, 6831
12943, 6831
9721, 6831
6831, 24775
11906, 6832
6832, 10855
9516, 6833
6833, 13551
18516, 6834
6834, 12992
7813, 6835
6835, 23726
18099, 6836
6836, 23101
12251, 6837
6837, 18799
6837, 9921
22767, 6838
6838, 7525
6838, 13830
6838, 16286
6838, 20231
6838, 23281
6838, 18857
6838, 19095
6838, 14879
6838, 17598
6838, 20412
6838, 18556
6838, 12435
6838, 15030
6838, 19562
6838, 12722
6838, 11457
6838, 23329
6838, 10795
6838, 15453
6838, 15745
6838, 14488
21103, 6839
6839, 8979
8126, 6840
6840, 12172
18582, 6841
6841, 24261
6841, 7746
19427, 6842
6842, 20826
23076, 6843
6843, 8308
6843, 15185
6843, 8739
20056, 6844
14465, 6844
8568, 6844
24266, 6844
8208, 6844
21600, 6844
10375, 6844
6844, 17779
18803, 6845
6845, 11270
20148, 6846
6846, 19351
10234, 6847
6847, 13126
6847, 18696
6847, 21737
6847, 11006
10556, 6848
6848, 22289
10133, 6849
6849, 20952
16385, 6850
6850, 12664
22781, 6851
6851, 12287
8168, 6852
12600, 6852
6852, 14237
19784, 6853
6853, 13578
6853, 24522
18904, 6854
6854, 24776
6854, 14883
6854, 16011
18854, 6855
6855, 12526
9820, 6856
6856, 7745
23623, 6857
6857, 13298
22232, 6858
6858, 12559
12660, 6859
18843, 6859
20291, 6859
6859, 22764
20380, 6860
6860, 14019
8967, 6861
6861, 22415
24358, 6862
13912, 6862
14453, 6862
6862, 10627
19954, 6863
17774, 6863
6863, 7466
17349, 6864
6864, 19492
21065, 6865
6865, 12434
13036, 6866
15291, 6866
7796, 6866
6866, 11404
20154, 6867
6867, 19470
19801, 6868
6868, 9760
21032, 6869
6869, 14020
18428, 6870
12506, 6870
10924, 6870
23830, 6870
24950, 6870
8283, 6870
22472, 6870
6870, 9332
6870, 22160
22809, 6871
19627, 6871
6871, 24567
9038, 6872
6872, 17187
16930, 6873
6873, 17606
6873, 22449
6873, 18811
6873, 21077
19630, 6874
6874, 10118
14297, 6875
18985, 6875
14575, 6875
23388, 6875
10558, 6875
19165, 6875
8855, 6875
16866, 6875
18072, 6875
20173, 6875
21559, 6875
18846, 6875
11459, 6875
15061, 6875
8170, 6875
13127, 6875
22556, 6875
17729, 6875
17168, 6875
18328, 6875
23206, 6875
23730, 6875
12321, 6875
11113, 6875
10324, 6875
9786, 6875
15156, 6875
8749, 6875
14649, 6875
9821, 6875
8772, 6875
6875, 24515
16925, 6876
6876, 17377
18854, 6877
6877, 12526
22420, 6878
6878, 10723
16792, 6879
6879, 18178
11186, 6880
6880, 9757
16685, 6881
6881, 24559
23703, 6882
6882, 13854
16593, 6883
6883, 19120
11116, 6884
6884, 24780
13700, 6885
19787, 6885
6885, 8934
14673, 6886
6886, 10372
8099, 6887
16419, 6887
24549, 6887
6887, 9251
13180, 6888
6888, 8121
19973, 6889
19430, 6889
6889, 22256
21870, 6890
6890, 14548
16116, 6891
6891, 7576
10733, 6892
6892, 14586
19544, 6893
23377, 6893
8146, 6893
17590, 6893
6893, 21619
10977, 6894
6894, 18010
6894, 19342
9127, 6895
6895, 11110
13833, 6896
6896, 15727
21207, 6897
6897, 10525
16925, 6898
6898, 13259
10234, 6899
6899, 9011
6899, 18927
6899, 8091
14370, 6900
6900, 9676
12770, 6901
6901, 22790
8789, 6902
6902, 13564
12330, 6903
23345, 6903
6903, 10168
20014, 6904
6904, 10563
21495, 6905
6905, 22433
12468, 6906
6906, 18762
16925, 6907
6907, 8023
8561, 6908
6908, 11090
20560, 6909
20821, 6909
11340, 6909
6909, 15811
11358, 6910
21730, 6910
17127, 6910
14543, 6910
20871, 6910
6910, 9862
16925, 6911
6911, 18916
18582, 6912
6912, 13888
6912, 24094
6912, 13687
6912, 22569
15400, 6913
6913, 16747
11165, 6914
7572, 6914
21829, 6914
23273, 6914
8441, 6914
6914, 22881
6914, 21380
19418, 6915
6915, 21284
10505, 6916
6916, 21215
6916, 18141
6916, 13437
6916, 10277
7696, 6917
6917, 21650
20068, 6918
6918, 11086
11050, 6919
6919, 18047
7697, 6920
6920, 11490
8421, 6921
13488, 6921
6921, 24551
18576, 6922
6922, 22684
16784, 6923
6923, 11191
14124, 6924
6924, 21189
16073, 6925
6925, 13223
10234, 6926
6926, 9000
17570, 6927
6927, 24694
16705, 6928
6928, 17541
10252, 6929
6929, 16131
11583, 6930
6930, 18540
18854, 6931
6931, 12526
16201, 6932
6932, 24019
11158, 6933
20911, 6933
6933, 20186
22108, 6934
6934, 22371
20983, 6935
6935, 20664
13944, 6936
6936, 16945
21177, 6937
6937, 21752
23997, 6938
6938, 20142
21710, 6939
6939, 20170
21961, 6940
6940, 16374
21277, 6941
6941, 8513
24922, 6942
24854, 6942
6942, 17320
24671, 6943
6943, 22166
8693, 6944
10532, 6944
17834, 6944
22373, 6944
6944, 8307
6944, 14183
9056, 6945
11686, 6945
7978, 6945
12102, 6945
16185, 6945
22461, 6945
21264, 6945
10850, 6945
16819, 6945
19994, 6945
18456, 6945
15726, 6945
13151, 6945
12363, 6945
7990, 6945
18805, 6945
6945, 18471
17420, 6946
6946, 10886
20687, 6947
6947, 18986
20851, 6948
6948, 8208
14235, 6949
6949, 17380
16308, 6950
6950, 16761
19893, 6951
6951, 9509
6951, 10111
7695, 6952
6952, 24869
10724, 6953
6953, 15897
12737, 6954
6954, 12718
6954, 23126
16307, 6955
11433, 6955
8287, 6955
6955, 14149
16385, 6956
6956, 12076
15208, 6957
6957, 15847
6957, 21331
13716, 6958
6958, 8985
16565, 6959
6959, 7680
7696, 6960
6960, 11499
25014, 6961
12930, 6961
22787, 6961
14912, 6961
23238, 6961
14092, 6961
12267, 6961
22757, 6961
6961, 9238
6961, 17327
6961, 9571
7481, 6962
6962, 23462
18358, 6963
6963, 15040
23634, 6964
6964, 14213
14117, 6965
6965, 22533
15564, 6966
6966, 15306
21377, 6967
6967, 7888
24232, 6968
6968, 22289
12333, 6969
6969, 13460
21259, 6970
24504, 6970
6970, 17765
14456, 6971
6971, 12391
6971, 21392
6971, 14318
6971, 9120
18492, 6972
6972, 23398
17763, 6973
14685, 6973
6973, 12437
20302, 6974
6974, 18278
23844, 6975
15258, 6975
6975, 22571
24958, 6976
12526, 6976
21687, 6976
6976, 23069
19539, 6977
6977, 12772
10714, 6978
6978, 14480
7537, 6979
6979, 7854
6979, 22661
10133, 6980
6980, 10645
11436, 6981
6981, 13107
18261, 6982
6982, 24760
21095, 6983
8747, 6983
6983, 19006
11900, 6984
6984, 19142
6984, 10604
11140, 6985
6985, 21982
13504, 6986
6986, 8585
21037, 6987
6987, 13259
9275, 6988
6988, 11490
12380, 6989
6989, 15560
10413, 6990
6990, 13867
19893, 6991
6991, 17080
6991, 21810
11166, 6992
6992, 24769
22885, 6993
6993, 15978
21236, 6994
6994, 23005
24866, 6995
6995, 16719
16925, 6996
6996, 9694
25010, 6997
6997, 17830
11328, 6998
6998, 14835
8684, 6999
6999, 12914
14117, 7000
7000, 8936
22435, 7001
7001, 23107
21623, 7002
7002, 13343
15266, 7003
7003, 14085
8017, 7004
7004, 21298
23862, 7005
7005, 18522
22060, 7006
7006, 7475
21691, 7007
7007, 16046
9805, 7008
7008, 19230
7008, 13742
17138, 7009
7009, 16038
20009, 7010
19045, 7010
14536, 7010
11391, 7010
10149, 7010
24886, 7010
9343, 7010
19653, 7010
7010, 15014
11755, 7011
8981, 7011
7011, 21791
12251, 7012
7012, 12268
7012, 17556
7012, 16859
7012, 9521
17440, 7013
7013, 10624
18675, 7014
10437, 7014
7014, 10471
12109, 7015
7015, 9369
9471, 7016
7016, 14991
18139, 7017
7017, 20255
8718, 7018
7526, 7018
20325, 7018
15886, 7018
17861, 7018
7018, 22431
9805, 7019
7019, 15378
7019, 24427
16925, 7020
7020, 15979
8920, 7021
7021, 15768
7021, 19582
14732, 7022
7022, 17061
13944, 7023
7023, 22714
7023, 17797
8204, 7024
7024, 17121
20519, 7025
7025, 15683
22188, 7026
7026, 8907
18968, 7027
7027, 24838
10413, 7028
7028, 19060
22816, 7029
7029, 21189
7029, 20299
7029, 15431
13365, 7030
7030, 15543
18847, 7031
7031, 11588
19482, 7032
7032, 23762
11906, 7033
7033, 14633
11721, 7034
7034, 10367
9830, 7035
7035, 11509
13913, 7036
7036, 9503
9488, 7037
13843, 7037
11108, 7037
12225, 7037
16232, 7037
21796, 7037
7037, 7425
17436, 7038
7038, 22184
8896, 7039
7039, 22281
10779, 7040
7040, 24481
23908, 7041
7041, 19651
10094, 7042
7042, 19101
13786, 7043
7043, 21700
10070, 7044
7044, 16719
20076, 7045
7045, 19181
7045, 20702
21646, 7046
7046, 8747
18685, 7047
7047, 16369
9047, 7048
7048, 12442
16686, 7049
7049, 20876
12122, 7050
7050, 12822
15441, 7051
7051, 23682
10252, 7052
7052, 16131
13102, 7053
7053, 21959
17420, 7054
7054, 22832
7054, 22888
18904, 7055
7055, 13184
10863, 7056
7056, 13077
11737, 7057
7057, 10962
18385, 7058
7058, 8205
21409, 7059
7059, 11368
23041, 7060
7060, 14307
10252, 7061
7061, 16131
8279, 7062
7062, 15625
7062, 23922
15441, 7063
7063, 13213
18825, 7064
7064, 23282
22688, 7065
7065, 9963
13643, 7066
7066, 19966
14933, 7067
7067, 23328
23623, 7068
7068, 22020
15859, 7069
18724, 7069
7069, 12569
9048, 7070
12062, 7070
15373, 7070
13427, 7070
10776, 7070
19901, 7070
12822, 7070
23775, 7070
7766, 7070
19466, 7070
12718, 7070
18697, 7070
9128, 7070
12187, 7070
9061, 7070
11181, 7070
9096, 7070
9681, 7070
13579, 7070
20801, 7070
23126, 7070
8740, 7070
8556, 7070
19344, 7070
13445, 7070
9458, 7070
21842, 7070
7070, 9862
19922, 7071
8150, 7071
8325, 7071
17073, 7071
7071, 23850
20317, 7072
7072, 10546
22774, 7073
7073, 20093
14593, 7074
7074, 23144
15603, 7075
7075, 21700
13338, 7076
15378, 7076
10959, 7076
11931, 7076
8243, 7076
10801, 7076
19230, 7076
24522, 7076
18176, 7076
7902, 7076
9162, 7076
23977, 7076
16041, 7076
19148, 7076
23465, 7076
16502, 7076
24427, 7076
13204, 7076
9831, 7076
24910, 7076
9289, 7076
21054, 7076
22266, 7076
17182, 7076
17456, 7076
15521, 7076
19641, 7076
13219, 7076
19740, 7076
10943, 7076
10126, 7076
20180, 7076
11695, 7076
16237, 7076
9339, 7076
14209, 7076
23266, 7076
8477, 7076
9161, 7076
22245, 7076
13992, 7076
20331, 7076
21279, 7076
23498, 7076
23023, 7076
17788, 7076
12236, 7076
7512, 7076
8434, 7076
25013, 7076
17193, 7076
10217, 7076
7703, 7076
12684, 7076
7907, 7076
21649, 7076
18130, 7076
17891, 7076
18381, 7076
11821, 7076
10782, 7076
11067, 7076
21168, 7076
16178, 7076
24967, 7076
19577, 7076
20651, 7076
24736, 7076
24129, 7076
14832, 7076
15632, 7076
10971, 7076
9995, 7076
23378, 7076
18147, 7076
13743, 7076
19150, 7076
21592, 7076
17295, 7076
9617, 7076
7076, 12804
11465, 7077
7077, 14357
24639, 7078
7078, 8792
11959, 7079
7079, 12716
17611, 7080
7080, 23726
11618, 7081
7081, 23496
21429, 7082
7082, 9226
11186, 7083
7083, 18873
7083, 9458
16925, 7084
7084, 7981
10067, 7085
7085, 17452
17597, 7086
7086, 21395
8942, 7087
22620, 7087
7087, 12822
16805, 7088
7088, 16091
7088, 23240
8415, 7089
7089, 21265
7670, 7090
7090, 10767
10659, 7091
7091, 21715
16036, 7092
7092, 24958
24084, 7093
7093, 21275
9820, 7094
7094, 8130
21626, 7095
7095, 13948
24436, 7096
7096, 12190
18874, 7097
7097, 19142
9938, 7098
7098, 18498
24710, 7099
7099, 21145
20548, 7100
19058, 7100
7100, 21584
17285, 7101
7101, 22184
17820, 7102
7102, 8954
11613, 7103
7103, 23727
17089, 7104
7104, 23600
23880, 7105
7105, 22600
11186, 7106
7106, 13338
7106, 16041
7106, 13261
12767, 7107
19231, 7107
14406, 7107
10808, 7107
13473, 7107
13641, 7107
11121, 7107
23142, 7107
19983, 7107
7107, 16844
10407, 7108
7108, 22490
16925, 7109
7109, 7812
15441, 7110
7110, 12338
23198, 7111
7111, 12874
16925, 7112
7112, 24245
16894, 7113
7113, 24287
7113, 15092
16792, 7114
7114, 21864
24240, 7115
7115, 9547
10507, 7116
18689, 7116
19909, 7116
7116, 9198
16025, 7117
7117, 20628
15171, 7118
7118, 10753
7118, 24655
7118, 12646
11889, 7119
7119, 13350
23204, 7120
7120, 17472
14230, 7121
10239, 7121
7121, 17061
15604, 7122
7122, 9353
14679, 7123
7123, 8434
18254, 7124
7124, 19642
22785, 7125
7125, 13522
23659, 7126
7126, 22112
14835, 7127
21878, 7127
7127, 21457
17363, 7128
7128, 24122
19893, 7129
7129, 9966
7129, 14482
7129, 12126
12180, 7130
7130, 9854
23082, 7131
12897, 7131
7131, 9767
9545, 7132
10175, 7132
11631, 7132
9820, 7132
7132, 9220
10413, 7133
7133, 11226
8468, 7134
7134, 7986
19753, 7135
7135, 10835
19722, 7136
7136, 9221
22523, 7137
7137, 19875
9698, 7138
7138, 23176
14436, 7139
23642, 7139
7139, 17921
13554, 7140
7140, 15811
19442, 7141
7141, 7845
13273, 7142
21554, 7142
16173, 7142
18438, 7142
7142, 20851
18344, 7143
7143, 15875
11906, 7144
7144, 14398
18582, 7145
7145, 19230
7145, 12350
22108, 7146
11071, 7146
18070, 7146
7146, 19223
15892, 7147
7147, 20734
22975, 7148
22653, 7148
11354, 7148
12332, 7148
7148, 20158
7148, 13449
8028, 7149
7149, 15768
18973, 7150
7150, 22647
17694, 7151
7151, 22740
23900, 7152
7152, 9349
13130, 7153
7153, 19879
17510, 7154
7154, 11547
15771, 7155
23172, 7155
7155, 13133
12492, 7156
7156, 16021
17762, 7157
7157, 21499
7157, 17366
15819, 7158
7158, 19104
14836, 7159
7159, 13248
22907, 7160
7160, 12802
15837, 7161
7161, 13577
14856, 7162
7162, 23038
7162, 22469
20241, 7163
7163, 11242
22297, 7164
7164, 16909
13155, 7165
7165, 19053
9820, 7166
7166, 21335
22095, 7167
13264, 7167
11723, 7167
7167, 24598
10133, 7168
7168, 16619
24399, 7169
8230, 7169
21263, 7169
15789, 7169
23102, 7169
18488, 7169
11822, 7169
20281, 7169
14875, 7169
13561, 7169
20015, 7169
9265, 7169
19720, 7169
23018, 7169
12162, 7169
22663, 7169
19189, 7169
17189, 7169
8979, 7169
17345, 7169
23766, 7169
20629, 7169
15066, 7169
23739, 7169
9046, 7169
15704, 7169
15238, 7169
10281, 7169
12313, 7169
18694, 7169
14016, 7169
14721, 7169
10403, 7169
18207, 7169
15890, 7169
9198, 7169
19362, 7169
10525, 7169
17792, 7169
12769, 7169
20071, 7169
10559, 7169
20910, 7169
19415, 7169
11265, 7169
22256, 7169
17870, 7169
10583, 7169
13460, 7169
11422, 7169
21497, 7169
21584, 7169
7169, 16925
7169, 15881
10412, 7170
19884, 7170
11867, 7170
16608, 7170
8253, 7170
7170, 9862
21048, 7171
7171, 15206
7171, 15304
16925, 7172
7172, 13259
8364, 7173
18880, 7173
7173, 16954
19893, 7174
7174, 9787
16925, 7175
7175, 16404
23003, 7176
7176, 20951
17600, 7177
7177, 17052
18142, 7178
15793, 7178
14362, 7178
10371, 7178
13521, 7178
12190, 7178
17511, 7178
7178, 9862
19769, 7179
7179, 9722
12862, 7180
7180, 21145
8158, 7181
11644, 7181
7181, 22607
17106, 7182
19895, 7182
17669, 7182
7182, 23603
16743, 7183
7183, 20212
18263, 7184
24785, 7184
13038, 7184
7184, 11261
7184, 11846
18429, 7185
7185, 22085
10473, 7186
7186, 22469
7186, 18117
9107, 7187
7187, 18668
16219, 7188
7188, 11212
24531, 7189
7189, 17592
19495, 7190
7190, 11801
19190, 7191
7191, 16091
7191, 23240
7191, 20788
12443, 7192
24587, 7192
7192, 21007
16792, 7193
7193, 15778
20289, 7194
7194, 11782
17570, 7195
7195, 20085
10581, 7196
7196, 9013
17524, 7197
7197, 19638
14221, 7198
7198, 8519
23937, 7199
7199, 12645
19057, 7200
22112, 7200
24794, 7200
23952, 7200
13820, 7200
10675, 7200
7200, 10079
19864, 7201
7201, 20015
11679, 7202
7202, 23818
7202, 7663
13240, 7203
10663, 7203
17106, 7203
8086, 7203
13107, 7203
12922, 7203
13682, 7203
14085, 7203
12054, 7203
16813, 7203
9646, 7203
11368, 7203
19271, 7203
19508, 7203
17220, 7203
14183, 7203
23762, 7203
16164, 7203
21313, 7203
10460, 7203
18959, 7203
19157, 7203
17272, 7203
8390, 7203
22197, 7203
11901, 7203
18291, 7203
18362, 7203
11911, 7203
19521, 7203
11490, 7203
7203, 20851
22457, 7204
7204, 20170
7204, 8691
22087, 7205
7205, 24008
23296, 7206
7206, 23705
11611, 7207
14784, 7207
14773, 7207
12037, 7207
23461, 7207
13197, 7207
21232, 7207
24914, 7207
13977, 7207
14108, 7207
21189, 7207
17749, 7207
14490, 7207
20695, 7207
24266, 7207
10604, 7207
7888, 7207
13788, 7207
7207, 23767
24209, 7208
7208, 12037
7208, 16155
14177, 7209
7209, 8434
11375, 7210
7210, 17074
11367, 7211
7211, 24941
18864, 7212
7212, 12200
7212, 7472
7212, 12802
18289, 7213
7213, 22289
10446, 7214
7214, 8916
18056, 7215
7215, 23901
9275, 7216
7216, 11490
24907, 7217
23519, 7217
7217, 18238
7217, 24167
13602, 7218
7218, 20991
7218, 11420
17122, 7219
12553, 7219
23653, 7219
7219, 10141
22259, 7220
7220, 23156
15455, 7221
7221, 10047
7221, 10294
7221, 24549
21858, 7222
7222, 20569
13003, 7223
7223, 12526
8279, 7224
7224, 17856
15983, 7225
7225, 10501
24573, 7226
7226, 10345
10252, 7227
7227, 10650
19801, 7228
7228, 13864
12689, 7229
7229, 13933
22628, 7230
8378, 7230
13027, 7230
21209, 7230
24804, 7230
8154, 7230
21235, 7230
7230, 14907
7230, 17094
12978, 7231
7231, 12037
16925, 7232
7232, 8733
20245, 7233
7233, 9448
7233, 24493
7233, 13101
7233, 12609
13235, 7234
7234, 23088
13542, 7235
7235, 19005
14446, 7236
7236, 18083
15295, 7237
7237, 16463
20822, 7238
7550, 7238
7238, 11514
7238, 9435
7238, 12372
12331, 7239
7239, 20257
12393, 7240
7240, 14700
9805, 7241
7241, 17006
7241, 16283
7241, 19230
7241, 24595
7241, 24137
7241, 14278
7241, 24553
7241, 16767
7241, 8324
13162, 7242
7242, 22221
7242, 12647
7242, 24930
21003, 7243
7243, 17756
7243, 20449
10026, 7244
7244, 10889
16203, 7245
7245, 19846
14743, 7246
7246, 7833
18317, 7247
7247, 16446
22378, 7248
23055, 7248
8358, 7248
15706, 7248
12822, 7248
20182, 7248
23775, 7248
17008, 7248
15478, 7248
12002, 7248
12433, 7248
22996, 7248
21153, 7248
22195, 7248
18575, 7248
20210, 7248
15277, 7248
12204, 7248
17818, 7248
24303, 7248
22115, 7248
19621, 7248
19298, 7248
15937, 7248
15857, 7248
19565, 7248
7248, 9862
23360, 7249
18501, 7249
7249, 12134
15788, 7250
22518, 7250
7250, 16773
24197, 7251
7251, 8571
10903, 7252
7252, 17229
7252, 22469
7252, 8592
9627, 7253
7253, 11878
11186, 7254
7254, 18136
10252, 7255
7255, 10281
12870, 7256
7256, 18655
11740, 7257
7257, 10600
19427, 7258
7258, 20826
19790, 7259
19692, 7259
7259, 12591
21836, 7260
7260, 10602
7260, 8543
10252, 7261
7261, 17870
10133, 7262
7262, 24971
23182, 7263
7263, 18697
19339, 7264
7264, 8333
24271, 7265
7265, 12943
10252, 7266
7266, 17043
23791, 7267
7267, 13654
8265, 7268
7268, 16250
19801, 7269
7269, 17499
24684, 7270
7270, 10326
7270, 10861
24063, 7271
7271, 17675
8034, 7272
7272, 18240
11906, 7273
7273, 8178
21857, 7274
7274, 14050
19801, 7275
7275, 14108
10413, 7276
7276, 8095
15211, 7277
7277, 21700
7885, 7278
7278, 16207
17195, 7279
7279, 23490
21250, 7280
7280, 23082
9911, 7281
7281, 11173
9608, 7282
7282, 22123
15477, 7283
7283, 8007
20731, 7284
7284, 7528
19893, 7285
7285, 22700
7285, 22911
7285, 23563
7285, 8755
7285, 20537
18258, 7286
10041, 7286
17551, 7286
19847, 7286
12402, 7286
7286, 14610
11906, 7287
7287, 21118
12068, 7288
7288, 17094
10234, 7289
7289, 15949
11288, 7290
7290, 19607
7290, 21661
10234, 7291
7291, 19773
7291, 11000
7291, 18650
7291, 14647
18582, 7292
7292, 11537
14955, 7293
14487, 7293
14989, 7293
7293, 13647
14027, 7294
7294, 10521
18112, 7295
7295, 9186
17625, 7296
7296, 24190
10326, 7297
20562, 7297
7297, 18372
18648, 7298
7298, 22747
18968, 7299
7299, 9827
18904, 7300
7300, 14698
7300, 8219
7300, 16608
23694, 7301
7301, 21864
24984, 7302
18384, 7302
17155, 7302
13964, 7302
21868, 7302
15785, 7302
7302, 15473
12966, 7303
7303, 11935
8279, 7304
7304, 23747
20484, 7305
7305, 13295
24487, 7306
7306, 9046
9652, 7307
7307, 12769
8396, 7308
7308, 15399
19550, 7309
7309, 18861
20398, 7310
7310, 19248
18738, 7311
7311, 17214
12711, 7312
7312, 14594
7312, 18816
7312, 21512
11906, 7313
7313, 12852
15798, 7314
7314, 13644
13081, 7315
7315, 22184
18672, 7316
7316, 12822
14190, 7317
7317, 7472
8522, 7318
7318, 21867
23725, 7319
7319, 14973
18426, 7320
7320, 22652
16347, 7321
7321, 21161
24193, 7322
7322, 20434
10819, 7323
7323, 18061
16458, 7324
20717, 7324
7324, 8567
24436, 7325
7325, 15706
7325, 12433
7325, 23788
11231, 7326
7326, 14581
19629, 7327
7327, 18304
24010, 7328
9170, 7328
21324, 7328
22243, 7328
7328, 11607
7328, 23095
7328, 18907
7328, 10157
7328, 21107
7328, 9222
7328, 21630
7328, 20351
7328, 16916
7328, 16576
7328, 23699
7328, 18662
7328, 9404
7328, 16269
7328, 11951
7328, 24568
7328, 11826
7328, 9177
7328, 11976
7328, 16351
7328, 17657
7328, 14263
7328, 17165
7328, 13277
7328, 14844
7328, 16110
7328, 20608
7328, 23275
7328, 19086
7328, 7836
7328, 19617
7328, 10400
7328, 20214
7328, 9535
7328, 15255
7328, 9988
7328, 16480
7328, 20410
7328, 20565
7328, 24313
7328, 21413
7328, 7586
7328, 12672
7328, 12429
7328, 19693
7328, 22758
7328, 21588
7328, 19393
7328, 24702
7328, 15514
20265, 7329
7329, 23166
24655, 7330
7330, 14851
13436, 7331
7331, 24060
15488, 7332
7332, 8445
11155, 7333
7333, 19920
13740, 7334
7334, 14986
17337, 7335
7335, 13577
12818, 7336
7336, 14987
7336, 11384
10413, 7337
7337, 24711
10657, 7338
8964, 7338
7338, 15322
12529, 7339
7339, 13788
12921, 7340
14082, 7340
7340, 22317
12240, 7341
7341, 19651
19911, 7342
21471, 7342
12425, 7342
23383, 7342
7342, 16844
7342, 16745
23528, 7343
7343, 22426
21379, 7344
7344, 14870
8074, 7345
7345, 18974
23351, 7346
7346, 11455
20689, 7347
7347, 19439
9189, 7348
7348, 8835
18947, 7349
7349, 21752
19264, 7350
17171, 7350
9279, 7350
7350, 15661
12959, 7351
7351, 22410
12589, 7352
7352, 13583
10252, 7353
7353, 17870
22489, 7354
7354, 15075
14614, 7355
7355, 22600
8332, 7356
7356, 12643
22108, 7357
7357, 19415
16058, 7358
7358, 12134
11005, 7359
7359, 9660
17218, 7360
7360, 11698
16210, 7361
7361, 24939
22613, 7362
7497, 7362
11983, 7362
7362, 22089
10234, 7363
7363, 16591
9326, 7364
7364, 8288
18573, 7365
7365, 11351
15734, 7366
7366, 8390
12710, 7367
7367, 13894
23901, 7368
14549, 7368
17283, 7368
20358, 7368
13067, 7368
24051, 7368
18001, 7368
14664, 7368
24549, 7368
7368, 16425
24280, 7369
7369, 17158
20802, 7370
7370, 12775
20383, 7371
7371, 7943
12076, 7372
23601, 7372
18613, 7372
18960, 7372
7372, 11589
24365, 7373
7373, 11154
24340, 7374
7374, 24021
14958, 7375
7375, 13114
13423, 7376
20906, 7376
10254, 7376
7376, 12390
18549, 7377
7377, 9057
7634, 7378
7378, 15028
7378, 11323
16899, 7379
7379, 15670
17633, 7380
7682, 7380
21877, 7380
16856, 7380
17421, 7380
24915, 7380
11744, 7380
8091, 7380
15367, 7380
13931, 7380
17837, 7380
7428, 7380
7380, 9862
10256, 7381
10688, 7381
7381, 22377
18582, 7382
7382, 12733
7382, 9986
7382, 24370
8857, 7383
7383, 8825
11906, 7384
7384, 24413
22495, 7385
7385, 14459
11437, 7386
7386, 7814
10265, 7387
7387, 12753
11072, 7388
12013, 7388
14274, 7388
24916, 7388
21969, 7388
7388, 17855
12251, 7389
7389, 13829
7389, 12855
8790, 7390
7390, 21161
23380, 7391
7391, 22448
23737, 7392
7392, 19536
12915, 7393
16719, 7393
7393, 21157
8277, 7394
17269, 7394
7394, 22998
10252, 7395
7395, 10650
16697, 7396
7396, 12957
7396, 15265
8077, 7397
7397, 17318
12760, 7398
7398, 24123
18929, 7399
7399, 24287
7399, 11423
11777, 7400
7400, 8129
10842, 7401
7401, 9722
18904, 7402
7402, 9007
7402, 7844
7402, 18691
7402, 12637
7402, 17049
7402, 16418
7402, 16389
13393, 7403
7403, 19931
9805, 7404
7404, 20266
7404, 14576
12220, 7405
15646, 7405
24027, 7405
8188, 7405
22932, 7405
16149, 7405
11083, 7405
8348, 7405
23924, 7405
19230, 7405
14390, 7405
10822, 7405
9763, 7405
14047, 7405
16236, 7405
15679, 7405
13536, 7405
22498, 7405
18735, 7405
22610, 7405
8798, 7405
9526, 7405
14690, 7405
23001, 7405
24752, 7405
15242, 7405
20432, 7405
23477, 7405
11456, 7405
10023, 7405
17950, 7405
8736, 7405
15863, 7405
12649, 7405
12824, 7405
20103, 7405
14522, 7405
16566, 7405
19216, 7405
23582, 7405
18373, 7405
7535, 7405
23709, 7405
23077, 7405
14197, 7405
14447, 7405
16844, 7405
19136, 7405
12091, 7405
7712, 7405
9054, 7405
14894, 7405
21120, 7405
18544, 7405
16825, 7405
9168, 7405
19412, 7405
12656, 7405
15743, 7405
21459, 7405
23652, 7405
24423, 7405
19659, 7405
18711, 7405
15802, 7405
24126, 7405
23299, 7405
17174, 7405
20294, 7405
22941, 7405
16826, 7405
19575, 7405
8318, 7405
16920, 7405
17656, 7405
14184, 7405
22682, 7405
9154, 7405
15553, 7405
12431, 7405
9653, 7405
23327, 7405
20907, 7405
17646, 7405
15021, 7405
22694, 7405
24633, 7405
19726, 7405
14147, 7405
9877, 7405
20524, 7405
24479, 7405
9955, 7405
17134, 7405
11746, 7405
22572, 7405
11471, 7405
17490, 7405
8434, 7405
9994, 7405
8904, 7405
13326, 7405
23749, 7405
24149, 7405
20693, 7405
11290, 7405
18210, 7405
9989, 7405
7532, 7405
14618, 7405
12762, 7405
14369, 7405
17558, 7405
19199, 7405
15170, 7405
9073, 7405
9604, 7405
14505, 7405
18835, 7405
7646, 7405
14530, 7405
16660, 7405
17713, 7405
17062, 7405
17619, 7405
7792, 7405
9440, 7405
12527, 7405
17462, 7405
8241, 7405
23210, 7405
17430, 7405
12218, 7405
12249, 7405
10469, 7405
9792, 7405
24220, 7405
11106, 7405
11696, 7405
18977, 7405
8206, 7405
20211, 7405
21269, 7405
16669, 7405
14330, 7405
20088, 7405
8244, 7405
12394, 7405
15006, 7405
17292, 7405
18025, 7405
14692, 7405
24790, 7405
12028, 7405
18595, 7405
13438, 7405
17364, 7405
21407, 7405
7405, 12804
21774, 7406
7406, 14835
7406, 21027
10234, 7407
7407, 11764
7407, 12998
7407, 7452
10252, 7408
7408, 10281
17764, 7409
7409, 9531
14144, 7410
7410, 11709
8457, 7411
7411, 10845
12983, 7412
7412, 21179
20317, 7413
7413, 19556
11597, 7414
15877, 7414
7414, 9753
7625, 7415
7415, 14643
18886, 7416
7416, 8794
23076, 7417
7417, 10840
7417, 9964
9107, 7418
7418, 18668
10797, 7419
7419, 19969
7419, 21329
7419, 15265
16925, 7420
7420, 13501
14897, 7421
7421, 14194
11149, 7422
7422, 20656
