20372, 1
1, 17189
19116, 2
2, 8133
16608, 3
3, 11955
18842, 4
4, 9719
19838, 5
5, 17980
5, 12476
5, 14413
5, 9061
5, 21869
5, 7216
19838, 6
6, 7812
6, 10964
6, 7144
17369, 7
7, 14645
7, 21124
11361, 8
8, 10114
15597, 9
9, 18958
6497, 10
10, 11064
14402, 11
11, 6415
21833, 12
12, 18177
15172, 13
13, 21442
14402, 14
14, 6415
6934, 15
15, 14007
18922, 16
21623, 16
12965, 16
10473, 16
10169, 16
17933, 16
14340, 16
12510, 16
16, 13685
9472, 17
20949, 17
20814, 17
17, 21114
11260, 18
18, 9835
9865, 19
19, 19307
23461, 20
19250, 20
20, 10843
19838, 21
21, 7732
21, 11718
21, 15259
21, 19417
21, 9461
20684, 22
22, 18311
13414, 23
23, 22001
23, 8950
19838, 24
24, 19405
24, 15910
24, 13315
24, 15478
24, 11598
24, 21217
24, 14238
14402, 25
25, 6415
14125, 26
26, 11253
19256, 27
27, 13244
12945, 28
28, 11697
18554, 29
29, 13536
6437, 30
30, 17987
13414, 31
18001, 31
6686, 31
17043, 31
31, 15135
31, 14545
6686, 32
32, 11591
32, 11777
32, 14289
32, 12414
19838, 33
33, 16959
33, 23456
33, 21131
33, 12928
33, 8785
19808, 34
34, 13829
16020, 35
22252, 35
21168, 35
19033, 35
9506, 35
35, 14163
15884, 36
36, 16392
16252, 37
37, 10986
37, 17319
15456, 38
38, 6862
17501, 39
39, 14434
10166, 40
40, 19320
40, 23297
19838, 41
41, 20379
41, 9772
41, 20030
9037, 42
42, 7849
17036, 43
43, 14766
17769, 44
44, 9433
15673, 45
45, 9678
45, 16422
19286, 46
22977, 46
15087, 46
20910, 46
19712, 46
46, 11546
46, 6302
9480, 47
47, 22828
13382, 48
20697, 48
48, 14431
22797, 49
49, 11372
19382, 50
22192, 50
17684, 50
19565, 50
11755, 50
50, 15663
20114, 51
51, 12159
22514, 52
52, 15002
12064, 53
53, 10060
19728, 54
54, 20598
22157, 55
21780, 55
10214, 55
21864, 55
22042, 55
14197, 55
22736, 55
18795, 55
13891, 55
20415, 55
55, 9526
55, 9953
55, 21006
55, 21593
8298, 56
56, 9834
11522, 57
57, 14650
16165, 58
58, 11896
10055, 59
59, 15522
21201, 60
60, 19220
60, 8939
10194, 61
61, 6810
17028, 62
62, 22151
8563, 63
63, 18230
10145, 64
64, 13481
13108, 65
65, 20647
65, 21595
65, 19691
65, 6778
65, 9738
65, 22697
65, 20079
65, 9549
65, 23466
65, 7976
65, 16622
65, 13175
65, 6283
65, 12248
65, 11645
65, 10028
65, 11470
65, 22158
65, 14614
65, 22202
65, 22504
65, 19357
65, 22929
65, 7265
65, 20878
65, 21650
65, 23242
65, 11997
65, 11455
65, 8104
65, 12792
65, 17714
65, 23294
65, 18055
65, 11589
65, 15828
65, 11658
65, 9530
65, 6893
65, 20679
65, 11709
65, 14797
65, 9567
65, 15261
65, 14599
65, 7643
65, 9636
65, 10020
65, 16293
65, 22341
65, 8230
65, 17813
15691, 66
66, 22776
11486, 67
67, 22115
10145, 68
68, 22667
68, 15772
10166, 69
69, 20656
69, 15975
69, 15557
69, 15029
69, 21332
69, 19526
69, 17541
21201, 70
70, 9515
70, 12491
21853, 71
71, 21481
17043, 72
72, 16204
23149, 73
73, 11976
20105, 74
74, 13717
14356, 75
75, 8272
12681, 76
76, 13753
6437, 77
77, 16495
7151, 78
78, 17473
78, 17532
11669, 79
79, 21478
15628, 80
80, 18384
13414, 81
81, 10039
81, 23503
81, 15540
10145, 82
82, 19486
82, 7570
10816, 83
83, 7218
15884, 84
84, 8052
17553, 85
85, 18623
17501, 86
86, 19216
86, 14485
86, 21455
23459, 87
87, 13538
10287, 88
88, 11304
20934, 89
89, 6263
19726, 90
90, 23217
18413, 91
91, 10042
15180, 92
92, 16059
23189, 93
7811, 93
16511, 93
6783, 93
8450, 93
10437, 93
9899, 93
8704, 93
7223, 93
10310, 93
9150, 93
14176, 93
15836, 93
15821, 93
9886, 93
17871, 93
9789, 93
93, 7489
93, 21899
9770, 94
94, 21352
12177, 95
95, 12082
6934, 96
13414, 96
96, 18332
96, 13792
96, 23212
15424, 97
21470, 97
15558, 97
97, 22307
15495, 98
98, 15392
19838, 99
99, 9011
99, 13323
99, 13825
99, 12834
99, 14381
99, 22513
12945, 100
100, 6738
9029, 101
101, 7793
16037, 102
102, 22346
17226, 103
103, 22597
16920, 104
104, 17400
15360, 105
105, 12889
18956, 106
106, 19753
19686, 107
107, 8813
12945, 108
108, 18510
10166, 109
109, 11444
15077, 110
11166, 110
110, 17035
17464, 111
111, 7134
10519, 112
112, 20045
10166, 113
113, 14497
113, 7464
113, 10639
113, 14895
21048, 114
114, 9238
6618, 115
115, 10779
115, 7220
10166, 116
116, 20303
19728, 117
117, 10894
12136, 118
118, 13872
12945, 119
119, 14117
19728, 120
120, 12381
22788, 121
121, 7571
22022, 122
122, 7303
17129, 123
123, 22746
19448, 124
124, 12045
10166, 125
125, 20656
125, 19391
12784, 126
126, 18884
19728, 127
127, 12469
9246, 128
17133, 128
128, 22890
22848, 129
11007, 129
129, 19307
18428, 130
130, 9594
7440, 131
131, 18787
8288, 132
19500, 132
22764, 132
19398, 132
8858, 132
6357, 132
22271, 132
19564, 132
132, 20176
10166, 133
133, 14497
133, 22837
133, 7343
133, 7403
13594, 134
19342, 134
21906, 134
134, 12855
13414, 135
135, 21564
135, 13946
13343, 136
15625, 136
136, 9310
15682, 137
137, 15027
11945, 138
138, 7277
138, 22438
6437, 139
139, 22471
18420, 140
140, 11928
19728, 141
141, 22862
10145, 142
142, 14901
8847, 143
143, 11812
17199, 144
144, 19213
14152, 145
22651, 145
145, 7082
8474, 146
146, 22829
17425, 147
147, 13785
19328, 148
19709, 148
6556, 148
7762, 148
20335, 148
11208, 148
6505, 148
12616, 148
16770, 148
21618, 148
20369, 148
7937, 148
7050, 148
20265, 148
19144, 148
22320, 148
13561, 148
20537, 148
9337, 148
12882, 148
9212, 148
23269, 148
10831, 148
11469, 148
14832, 148
6493, 148
7138, 148
15471, 148
11232, 148
22367, 148
10199, 148
17876, 148
12156, 148
16683, 148
7058, 148
20070, 148
13070, 148
20316, 148
8606, 148
16792, 148
8827, 148
13485, 148
21892, 148
17771, 148
21971, 148
14479, 148
6902, 148
16482, 148
16064, 148
20863, 148
21007, 148
17423, 148
11700, 148
14029, 148
10274, 148
10947, 148
6579, 148
20134, 148
14497, 148
21961, 148
15983, 148
23349, 148
8744, 148
10891, 148
11816, 148
15027, 148
21882, 148
15839, 148
12841, 148
148, 14348
148, 10145
7151, 149
149, 20625
149, 13530
15884, 150
150, 6419
14402, 151
151, 6415
21102, 152
152, 20780
14794, 153
153, 9207
153, 6779
20555, 154
154, 23473
14258, 155
7388, 155
155, 14203
7597, 156
156, 6718
17160, 157
157, 19838
14637, 158
158, 6670
22161, 159
159, 15738
10166, 160
160, 15425
160, 19294
160, 17661
21870, 161
11365, 161
14550, 161
161, 10763
18901, 162
162, 23482
18666, 163
20188, 163
163, 16469
19013, 164
164, 6961
19728, 165
165, 7138
13680, 166
7879, 166
166, 23188
22584, 167
167, 14950
12007, 168
168, 6702
13234, 169
169, 6810
15884, 170
170, 23178
13962, 171
171, 23629
12945, 172
172, 13223
21461, 173
173, 20875
22612, 174
174, 7743
15884, 175
175, 19298
19838, 176
176, 20379
176, 19605
176, 14389
176, 14581
11260, 177
177, 8265
7336, 178
178, 10477
19838, 179
179, 9374
179, 14291
179, 8117
179, 7557
179, 21881
20705, 180
180, 21445
17023, 181
181, 23246
12377, 182
182, 16700
22823, 183
183, 19537
10791, 184
184, 6362
7142, 185
185, 17187
15339, 186
186, 9178
15338, 187
187, 12859
11260, 188
188, 10499
9190, 189
189, 16273
13414, 190
190, 10362
190, 13311
11452, 191
191, 18132
10166, 192
192, 17995
192, 6328
192, 13096
192, 12311
7181, 193
193, 15505
193, 21513
13367, 194
194, 9067
7645, 195
195, 6549
195, 12841
195, 12318
8480, 196
196, 7114
12590, 197
197, 16700
21038, 198
6921, 198
14501, 198
18003, 198
11272, 198
198, 10843
22327, 199
7824, 199
199, 19558
17845, 200
200, 23315
23039, 201
201, 12616
11260, 202
202, 13753
16443, 203
19279, 203
18452, 203
12568, 203
9044, 203
16223, 203
17895, 203
18754, 203
6855, 203
15542, 203
10853, 203
10974, 203
22102, 203
8393, 203
21000, 203
22137, 203
14891, 203
13654, 203
21865, 203
13877, 203
11246, 203
19541, 203
8531, 203
16105, 203
7513, 203
13437, 203
16059, 203
17412, 203
20502, 203
9311, 203
13977, 203
21942, 203
21183, 203
203, 14677
14967, 204
17176, 204
204, 19558
20806, 205
205, 13969
10849, 206
206, 11316
9954, 207
207, 9891
22722, 208
208, 12245
10166, 209
209, 17458
209, 17118
209, 22979
209, 9277
8091, 210
210, 11899
15779, 211
211, 10480
211, 18708
19838, 212
212, 8785
212, 9089
212, 16941
10166, 213
213, 12653
19706, 214
214, 11526
7243, 215
215, 13661
10534, 216
216, 6529
23329, 217
15370, 217
13218, 217
8755, 217
18580, 217
11554, 217
13076, 217
17333, 217
22474, 217
217, 19579
21201, 218
218, 13803
18416, 219
219, 7190
7597, 220
220, 13380
20529, 221
221, 22463
11713, 222
222, 11179
20665, 223
223, 15983
20330, 224
17521, 224
224, 21628
11751, 225
225, 16111
6437, 226
226, 20414
11837, 227
227, 6694
8125, 228
17185, 228
228, 17035
228, 8765
19838, 229
229, 13272
229, 18646
229, 21417
229, 14387
229, 11531
11357, 230
230, 21598
11941, 231
231, 6928
22715, 232
21655, 232
16418, 232
18245, 232
14688, 232
12427, 232
232, 16453
11286, 233
233, 6989
16237, 234
234, 23318
17142, 235
235, 16800
235, 16785
12713, 236
236, 10843
20019, 237
237, 9339
237, 9542
237, 22409
237, 19660
237, 13971
237, 20695
237, 8162
237, 16061
237, 11120
237, 20064
237, 14113
237, 19195
237, 13131
237, 15006
10475, 238
238, 22610
14402, 239
239, 6415
10145, 240
240, 21823
21058, 241
241, 7795
7226, 242
242, 21667
242, 9227
242, 7727
242, 11393
242, 16287
242, 22289
242, 16831
242, 7868
242, 16788
242, 8735
242, 22964
242, 7840
242, 14840
242, 19916
242, 10249
242, 12201
242, 10995
242, 12069
242, 20258
242, 21770
242, 10095
242, 20572
242, 14122
242, 20716
242, 14843
242, 11138
242, 18462
242, 18644
242, 21991
242, 10835
242, 12981
242, 6922
242, 23353
242, 8131
242, 20584
242, 9060
242, 19380
242, 11905
242, 23065
242, 19381
242, 21184
242, 11614
242, 12133
242, 6962
242, 22540
242, 14068
242, 8768
242, 15907
242, 13675
242, 20195
242, 12344
242, 11790
242, 21363
242, 8740
242, 12780
242, 22534
242, 10876
242, 18788
242, 12701
242, 20152
242, 18477
242, 19430
242, 14035
242, 8247
242, 11681
242, 23517
242, 11151
242, 13756
242, 7814
242, 14705
242, 7377
242, 20216
20285, 243
243, 22776
15948, 244
244, 13910
18205, 245
245, 12444
10178, 246
19062, 246
20932, 246
10202, 246
13889, 246
22550, 246
14053, 246
13479, 246
246, 11532
14065, 247
247, 22368
10145, 248
248, 13546
14402, 249
249, 6415
23431, 250
250, 20265
18499, 251
251, 16217
12439, 252
252, 22884
6429, 253
253, 16366
19728, 254
254, 7138
6934, 255
255, 14025
255, 14084
13954, 256
6613, 256
256, 14479
17881, 257
257, 16238
8466, 258
258, 11373
23199, 259
259, 17666
21201, 260
260, 15135
260, 16737
22401, 261
261, 14590
18974, 262
262, 22802
10308, 263
263, 11899
11401, 264
264, 19541
264, 15487
22966, 265
265, 22018
7549, 266
266, 15386
12890, 267
267, 16766
6973, 268
268, 15354
8448, 269
269, 18045
18722, 270
270, 17988
23159, 271
271, 9067
18416, 272
272, 13292
15628, 273
273, 21941
21201, 274
274, 17758
274, 19790
274, 18726
9431, 275
275, 17019
20820, 276
276, 22987
17501, 277
277, 19543
9385, 278
278, 10812
16409, 279
279, 7901
15884, 280
280, 21282
14727, 281
281, 17828
10145, 282
282, 22586
16193, 283
16735, 283
283, 21088
283, 8547
18156, 284
17078, 284
9179, 284
14426, 284
17433, 284
23529, 284
18466, 284
7735, 284
10151, 284
21923, 284
14272, 284
13298, 284
11920, 284
18491, 284
18677, 284
15485, 284
284, 22259
7447, 285
285, 18709
23106, 286
286, 17295
6998, 287
287, 16981
10138, 288
288, 10349
15884, 289
289, 19298
289, 23575
289, 10785
289, 11222
11894, 290
290, 12676
22268, 291
14106, 291
291, 11316
19838, 292
292, 21422
292, 12369
292, 9129
292, 22962
292, 20787
12224, 293
293, 19089
12327, 294
294, 20322
18324, 295
18475, 295
295, 10843
14082, 296
13708, 296
296, 11250
22000, 297
297, 12554
8847, 298
298, 13531
15822, 299
299, 10567
299, 6971
6968, 300
300, 20265
9490, 301
8355, 301
16756, 301
301, 17992
8451, 302
302, 17547
10950, 303
23041, 303
303, 21782
11260, 304
304, 14055
8742, 305
305, 17494
17022, 306
306, 7987
20019, 307
307, 13438
307, 6289
307, 13822
307, 19685
307, 13633
20901, 308
308, 11271
20019, 309
309, 9340
309, 16811
309, 15847
309, 16512
309, 14383
309, 22595
309, 11371
309, 8821
309, 15157
309, 11519
17010, 310
310, 13199
19136, 311
311, 9044
20444, 312
312, 15902
10840, 313
313, 20718
10145, 314
314, 19279
17043, 315
315, 20548
11221, 316
316, 10763
21873, 317
317, 17267
16428, 318
16417, 318
318, 13056
9701, 319
319, 15663
14689, 320
320, 16929
19481, 321
321, 16652
19838, 322
322, 8149
322, 21417
322, 19418
322, 21157
15897, 323
323, 21840
19568, 324
8492, 324
324, 10060
19838, 325
325, 20379
325, 22918
325, 12485
325, 10653
325, 19483
325, 9695
16038, 326
9672, 326
15250, 326
326, 15450
10800, 327
327, 21319
17628, 328
328, 9018
10145, 329
329, 22934
6824, 330
330, 19988
13332, 331
331, 17672
14594, 332
332, 6552
19941, 333
8280, 333
8869, 333
22623, 333
333, 13957
15884, 334
334, 14330
19838, 335
335, 14929
335, 10155
335, 20640
335, 8567
13454, 336
16415, 336
18611, 336
23489, 336
7753, 336
23176, 336
20454, 336
20843, 336
8648, 336
17848, 336
12969, 336
16076, 336
9822, 336
19846, 336
21350, 336
6819, 336
12368, 336
17460, 336
8173, 336
16368, 336
9395, 336
18410, 336
13529, 336
13850, 336
11774, 336
19872, 336
14587, 336
21395, 336
13523, 336
12941, 336
16010, 336
23549, 336
9776, 336
13089, 336
20861, 336
9988, 336
11712, 336
12696, 336
12400, 336
16721, 336
6322, 336
8604, 336
18269, 336
11757, 336
13565, 336
21682, 336
10863, 336
13587, 336
18371, 336
12021, 336
7769, 336
11555, 336
13663, 336
23280, 336
19072, 336
20826, 336
336, 21489
21958, 337
337, 14428
23420, 338
8732, 338
9459, 338
6418, 338
8483, 338
8632, 338
12662, 338
7759, 338
22857, 338
17579, 338
21480, 338
18164, 338
18682, 338
338, 9762
22661, 339
339, 15917
20706, 340
340, 10766
15755, 341
341, 13582
12366, 342
342, 16592
18471, 343
15100, 343
343, 6549
14402, 344
344, 6415
8451, 345
345, 17768
12946, 346
346, 19231
17575, 347
347, 14175
9328, 348
348, 11617
10145, 349
349, 15805
20765, 350
350, 13611
18710, 351
351, 22352
9078, 352
352, 7302
352, 22153
8433, 353
353, 9847
11923, 354
354, 15785
12863, 355
355, 10745
7374, 356
356, 11911
14811, 357
357, 6961
22478, 358
18518, 358
13174, 358
9583, 358
9282, 358
358, 13591
358, 15598
358, 12265
358, 11256
358, 12691
358, 17241
358, 16549
358, 6511
358, 14267
358, 21556
358, 21101
358, 21226
19838, 359
359, 15141
16822, 360
11988, 360
20073, 360
360, 13544
21257, 361
10921, 361
16351, 361
361, 12825
19728, 362
362, 15877
10627, 363
363, 15260
14402, 364
364, 6415
16830, 365
365, 16792
15165, 366
366, 15381
12945, 367
367, 16854
14386, 368
368, 15747
21990, 369
369, 12014
369, 7437
20178, 370
370, 18485
6903, 371
13605, 371
371, 23332
19007, 372
372, 15626
20605, 373
373, 14566
14357, 374
20623, 374
13328, 374
374, 23362
8786, 375
375, 9489
12286, 376
376, 7293
19023, 377
377, 7054
20434, 378
378, 11012
19838, 379
379, 9466
379, 9930
379, 22103
379, 10048
379, 9965
379, 18797
7652, 380
380, 6961
9173, 381
381, 10855
11530, 382
8434, 382
382, 11942
6637, 383
20245, 383
11996, 383
383, 9637
383, 12581
15884, 384
384, 22026
384, 8674
6641, 385
385, 15369
10145, 386
386, 11993
9158, 387
387, 22094
14224, 388
6376, 388
388, 7479
10145, 389
389, 9411
11702, 390
390, 11022
13702, 391
391, 12050
6437, 392
392, 11065
15675, 393
7411, 393
18514, 393
393, 15121
13793, 394
394, 15663
21617, 395
395, 6493
17149, 396
396, 14064
11322, 397
9379, 397
397, 6933
11588, 398
398, 9821
23603, 399
399, 17422
399, 19770
15288, 400
400, 17672
20772, 401
401, 20863
15884, 402
402, 16392
23206, 403
403, 23587
21768, 404
404, 18916
19314, 405
405, 11639
21850, 406
12455, 406
406, 19182
9327, 407
407, 14316
17054, 408
408, 22267
15599, 409
11634, 409
12099, 409
22439, 409
16113, 409
409, 14286
21058, 410
410, 13959
23272, 411
13250, 411
20094, 411
18624, 411
11504, 411
7339, 411
9893, 411
411, 7756
22359, 412
412, 15354
412, 12300
8838, 413
413, 13211
21533, 414
11319, 414
414, 19328
15884, 415
415, 12747
17013, 416
15434, 416
6275, 416
416, 14479
17101, 417
417, 14461
12945, 418
418, 18757
17307, 419
419, 17690
6650, 420
17405, 420
420, 20237
19838, 421
421, 21197
421, 18440
421, 18330
421, 13204
421, 15491
15884, 422
422, 19298
11089, 423
423, 16232
14281, 424
424, 19305
19513, 425
425, 11104
8949, 426
13423, 426
426, 12607
8303, 427
427, 6669
11452, 428
428, 22842
12268, 429
429, 17267
18927, 430
12006, 430
430, 6329
19609, 431
431, 20265
8641, 432
432, 9747
22745, 433
433, 11851
14429, 434
434, 21497
8049, 435
435, 11040
23468, 436
436, 18934
13435, 437
17705, 437
10763, 437
14888, 437
15091, 437
17707, 437
10525, 437
20139, 437
12247, 437
18260, 437
15850, 437
12444, 437
22905, 437
10366, 437
13585, 437
17265, 437
22025, 437
11123, 437
19368, 437
14369, 437
17066, 437
22460, 437
20769, 437
7923, 437
18384, 437
16420, 437
10042, 437
18127, 437
12698, 437
9196, 437
11189, 437
21916, 437
11765, 437
13180, 437
21812, 437
23521, 437
15902, 437
20419, 437
12500, 437
7114, 437
20938, 437
20648, 437
15742, 437
17301, 437
21479, 437
15216, 437
18401, 437
8287, 437
19148, 437
11072, 437
6800, 437
17392, 437
16631, 437
7059, 437
14911, 437
18166, 437
7740, 437
14772, 437
437, 17814
19799, 438
21262, 438
438, 6961
6686, 439
439, 17218
439, 9002
7650, 440
22156, 440
440, 19150
11619, 441
441, 21450
22922, 442
442, 12751
8281, 443
443, 19307
14157, 444
444, 17971
15986, 445
445, 19752
17458, 446
446, 7163
446, 18616
19152, 447
447, 7849
15884, 448
448, 23522
7328, 449
19391, 449
13186, 449
9206, 449
17583, 449
14994, 449
9531, 449
10890, 449
19294, 449
16621, 449
12082, 449
17245, 449
14913, 449
18113, 449
19031, 449
18730, 449
13508, 449
10590, 449
15963, 449
20613, 449
21406, 449
18643, 449
9291, 449
17512, 449
19320, 449
13440, 449
20398, 449
20580, 449
9048, 449
20845, 449
16839, 449
13090, 449
10327, 449
9708, 449
21213, 449
17142, 449
19626, 449
7620, 449
23190, 449
11252, 449
18539, 449
12788, 449
10017, 449
19353, 449
6607, 449
21615, 449
22996, 449
15029, 449
10900, 449
16219, 449
21286, 449
15990, 449
18885, 449
22763, 449
16255, 449
8536, 449
20940, 449
8549, 449
11519, 449
8773, 449
10981, 449
13001, 449
22979, 449
13096, 449
11029, 449
19526, 449
11838, 449
23348, 449
6689, 449
7578, 449
18609, 449
16718, 449
9211, 449
11119, 449
12017, 449
15950, 449
20413, 449
12229, 449
7630, 449
21094, 449
7220, 449
14290, 449
18493, 449
21298, 449
14844, 449
14784, 449
9090, 449
15033, 449
16370, 449
16969, 449
8019, 449
13110, 449
7654, 449
18762, 449
8560, 449
22364, 449
449, 10369
22889, 450
21764, 450
11228, 450
22303, 450
9103, 450
9367, 450
22029, 450
14218, 450
450, 11407
450, 22210
16057, 451
451, 6482
15712, 452
452, 18761
19838, 453
453, 12475
453, 10777
453, 7711
453, 12705
16164, 454
454, 11573
21172, 455
455, 8264
455, 23576
455, 18346
455, 7734
455, 16171
455, 12937
455, 10587
455, 20483
455, 15624
455, 12345
455, 13724
455, 22631
455, 15980
455, 22260
455, 13412
455, 7715
455, 8801
455, 15962
455, 7568
455, 15072
455, 19695
455, 14277
455, 17815
12012, 456
456, 15689
10962, 457
12905, 457
457, 17031
457, 11212
23629, 458
6327, 458
17288, 458
15418, 458
10604, 458
10177, 458
17420, 458
20394, 458
10990, 458
16910, 458
21179, 458
17899, 458
6525, 458
7573, 458
23188, 458
11375, 458
20065, 458
22101, 458
22694, 458
21270, 458
13176, 458
21594, 458
10136, 458
8029, 458
20747, 458
15553, 458
9900, 458
17739, 458
18384, 458
18711, 458
14347, 458
23521, 458
22115, 458
12595, 458
21755, 458
13943, 458
9819, 458
10779, 458
20881, 458
19615, 458
16410, 458
12549, 458
10402, 458
19148, 458
22599, 458
7513, 458
9117, 458
11022, 458
14505, 458
15901, 458
7702, 458
17472, 458
20173, 458
458, 13295
18400, 459
459, 10191
16702, 460
8962, 460
460, 13039
460, 14644
460, 7918
460, 18768
460, 7311
460, 22469
14839, 461
461, 16786
14921, 462
462, 8889
16411, 463
463, 10833
12103, 464
464, 6807
9099, 465
465, 6810
6437, 466
466, 19674
23388, 467
13155, 467
23285, 467
15452, 467
467, 9471
16913, 468
468, 15715
20110, 469
8965, 469
469, 17156
19728, 470
470, 7138
16574, 471
22398, 471
471, 6619
22456, 472
472, 11407
22608, 473
473, 7463
14478, 474
474, 21003
19838, 475
475, 20003
475, 19413
475, 12143
21700, 476
476, 14580
17038, 477
477, 20265
10404, 478
478, 7674
12945, 479
479, 12339
17425, 480
480, 15473
10145, 481
481, 21907
9634, 482
482, 7329
19838, 483
483, 19270
483, 16943
483, 15257
483, 6533
483, 23305
12818, 484
484, 6318
20337, 485
485, 14479
10552, 486
486, 6622
10145, 487
487, 8308
16892, 488
20537, 488
7138, 488
17462, 488
17850, 488
11600, 488
14479, 488
16851, 488
16848, 488
12206, 488
17771, 488
12841, 488
488, 10145
488, 14038
13775, 489
489, 19309
10978, 490
490, 22018
20158, 491
491, 7961
7904, 492
6685, 492
7105, 492
492, 15470
16140, 493
493, 22900
14111, 494
494, 22917
22817, 495
495, 21628
12540, 496
496, 13148
13253, 497
497, 22917
6976, 498
22396, 498
16080, 498
6590, 498
14094, 498
12490, 498
13975, 498
10682, 498
498, 11537
19838, 499
499, 20888
499, 14791
499, 19964
499, 11489
499, 21059
10145, 500
500, 11165
22922, 501
501, 7875
10760, 502
502, 19307
6686, 503
503, 14228
503, 16967
503, 12925
19894, 504
504, 6605
22290, 505
505, 20506
20779, 506
506, 20251
19953, 507
20690, 507
20469, 507
23253, 507
6292, 507
7610, 507
17554, 507
20098, 507
10071, 507
17692, 507
13056, 507
12776, 507
22176, 507
10622, 507
17138, 507
13140, 507
9859, 507
18182, 507
22333, 507
23101, 507
18892, 507
9939, 507
17008, 507
18176, 507
8937, 507
10843, 507
6415, 507
15130, 507
13111, 507
22766, 507
23622, 507
21334, 507
17492, 507
16866, 507
11335, 507
20857, 507
13465, 507
17797, 507
19645, 507
10076, 507
7674, 507
18311, 507
9342, 507
22770, 507
20624, 507
14399, 507
22956, 507
18345, 507
22842, 507
10498, 507
8119, 507
12994, 507
7849, 507
7082, 507
11036, 507
13158, 507
16273, 507
20382, 507
17883, 507
15731, 507
15713, 507
21088, 507
20102, 507
10338, 507
15481, 507
7892, 507
9662, 507
12889, 507
10496, 507
15237, 507
10874, 507
10117, 507
15071, 507
11985, 507
12461, 507
18618, 507
17635, 507
11292, 507
15437, 507
18701, 507
17632, 507
18709, 507
11623, 507
21549, 507
12656, 507
16922, 507
6492, 507
14755, 507
7091, 507
21982, 507
10894, 507
12476, 507
507, 19838
20023, 508
508, 13434
22641, 509
509, 7246
15673, 510
510, 9295
510, 13297
12945, 511
511, 10103
11473, 512
512, 16434
8885, 513
513, 23302
15778, 514
514, 21011
16440, 515
19509, 515
515, 8401
12043, 516
516, 8773
21484, 517
517, 13306
15172, 518
518, 10733
16156, 519
519, 6563
18041, 520
520, 10745
21866, 521
17030, 521
11240, 521
521, 14479
22846, 522
522, 23180
11278, 523
523, 21008
14402, 524
524, 6415
17038, 525
525, 20265
14538, 526
526, 14483
15645, 527
527, 22776
20585, 528
528, 21314
19502, 529
529, 19779
6406, 530
530, 9999
18235, 531
15397, 531
14388, 531
10997, 531
14572, 531
16531, 531
7380, 531
19704, 531
17391, 531
13784, 531
23450, 531
13615, 531
17311, 531
16685, 531
8934, 531
14171, 531
6569, 531
13492, 531
531, 21965
14402, 532
532, 6415
11968, 533
7113, 533
533, 22299
12307, 534
534, 10843
8458, 535
535, 21007
23087, 536
536, 19827
16778, 537
537, 6961
14696, 538
538, 11271
6649, 539
539, 9152
12945, 540
540, 23424
22579, 541
541, 17411
541, 13958
12945, 542
542, 10527
15884, 543
543, 22376
543, 7497
18428, 544
544, 18304
6643, 545
545, 7143
21689, 546
546, 12608
7855, 547
547, 9933
18428, 548
548, 17548
19728, 549
549, 22818
14402, 550
550, 6415
11350, 551
551, 7571
8150, 552
552, 19229
8845, 553
553, 13672
13827, 554
554, 17046
14961, 555
555, 18997
21058, 556
556, 6354
11452, 557
557, 15444
13270, 558
558, 19257
19822, 559
559, 9044
17625, 560
560, 19752
16377, 561
561, 22604
561, 15788
561, 15483
13196, 562
562, 16378
10145, 563
563, 12685
19838, 564
564, 10598
564, 14455
564, 15082
564, 20210
564, 22791
564, 15138
564, 13456
18585, 565
565, 9128
21643, 566
566, 21112
13986, 567
567, 6371
13474, 568
568, 15716
10991, 569
569, 10985
13809, 570
570, 15319
8390, 571
571, 17641
17053, 572
572, 11510
15054, 573
23184, 573
573, 12995
7069, 574
574, 12206
7703, 575
575, 6260
17487, 576
14484, 576
576, 17352
13968, 577
577, 14161
10145, 578
578, 22804
9182, 579
11687, 579
579, 14617
10145, 580
580, 12956
10186, 581
581, 15922
14883, 582
582, 8060
15884, 583
583, 23291
6934, 584
584, 20568
13195, 585
585, 8119
585, 10498
17425, 586
586, 23504
10166, 587
587, 17458
587, 22235
587, 10294
587, 22221
10145, 588
588, 21221
15143, 589
589, 23597
7533, 590
590, 21786
19838, 591
591, 22863
591, 16289
591, 17432
591, 23161
591, 21984
8545, 592
19570, 592
10293, 592
14274, 592
17996, 592
16485, 592
23474, 592
7129, 592
8035, 592
6346, 592
592, 8693
18416, 593
593, 13348
18369, 594
594, 6496
19443, 595
595, 18145
15565, 596
596, 18087
7261, 597
597, 12264
15335, 598
598, 14741
6578, 599
599, 19307
12677, 600
600, 14479
7256, 601
601, 7874
15124, 602
602, 15590
8641, 603
603, 9747
22773, 604
19943, 604
604, 16461
8122, 605
605, 16262
23383, 606
606, 22555
6437, 607
607, 20269
16091, 608
608, 9377
12489, 609
609, 20926
609, 20904
609, 6556
609, 16953
609, 22427
609, 9671
609, 16343
609, 13940
16724, 610
8804, 610
610, 23573
8710, 611
611, 22776
15884, 612
612, 7418
22388, 613
613, 11698
21366, 614
614, 14703
15172, 615
615, 18886
10906, 616
616, 15606
19004, 617
617, 17323
20049, 618
618, 13168
15616, 619
9473, 619
19767, 619
619, 10843
18412, 620
620, 11596
18554, 621
621, 20859
8489, 622
622, 16753
23290, 623
623, 23418
10145, 624
624, 16214
624, 8398
9586, 625
625, 20791
15849, 626
626, 10656
626, 21942
6437, 627
627, 15296
8658, 628
13288, 628
628, 19283
14075, 629
629, 14195
15063, 630
630, 18484
6437, 631
631, 9815
9153, 632
632, 13995
6934, 633
633, 22989
20291, 634
634, 19752
634, 6772
12945, 635
635, 14502
21176, 636
7842, 636
636, 7007
20835, 637
7334, 637
637, 14203
9146, 638
638, 21725
14704, 639
639, 12254
17541, 640
640, 15440
640, 17121
17348, 641
641, 17092
15588, 642
642, 10843
22922, 643
643, 15369
11332, 644
644, 15799
18692, 645
8528, 645
6717, 645
21622, 645
12362, 645
19853, 645
645, 14479
7995, 646
646, 8789
15884, 647
647, 11396
9561, 648
648, 15856
17458, 649
649, 12310
649, 12335
12187, 650
23371, 650
650, 8815
6873, 651
651, 20564
15300, 652
652, 20857
22739, 653
653, 18715
22374, 654
654, 19581
18191, 655
655, 16711
10145, 656
656, 7513
10145, 657
657, 22779
22080, 658
658, 10004
9606, 659
659, 13240
10174, 660
18197, 660
660, 21085
20348, 661
661, 16339
12524, 662
662, 21534
10145, 663
663, 20077
20160, 664
664, 8316
21201, 665
665, 6595
11368, 666
666, 12616
17181, 667
667, 20719
10615, 668
12822, 668
668, 13753
16294, 669
669, 8287
20706, 670
670, 10766
17680, 671
21785, 671
671, 18445
19384, 672
672, 13078
672, 16512
16467, 673
22051, 673
15500, 673
14353, 673
673, 21961
10571, 674
674, 15791
14707, 675
675, 15369
675, 21657
23141, 676
676, 12415
14848, 677
6403, 677
9135, 677
677, 7273
16777, 678
678, 15079
21004, 679
679, 12334
20401, 680
22887, 680
680, 10029
13696, 681
681, 13017
19728, 682
682, 17046
10807, 683
683, 7737
10464, 684
684, 17672
20838, 685
685, 15825
9110, 686
686, 10177
19728, 687
687, 16297
7651, 688
688, 10766
19096, 689
689, 12206
12945, 690
690, 20139
19838, 691
691, 19406
691, 7711
691, 22690
691, 9783
691, 22024
691, 21508
691, 19491
691, 17980
691, 22955
691, 7207
21201, 692
692, 19538
10145, 693
693, 17290
17501, 694
694, 7356
15884, 695
695, 6292
695, 18033
15277, 696
696, 22367
6266, 697
11786, 697
7772, 697
697, 8548
6719, 698
698, 20265
11260, 699
699, 18959
21360, 700
700, 9771
19207, 701
701, 19308
12778, 702
702, 9208
19838, 703
703, 17246
703, 20774
703, 15451
703, 20829
703, 8649
19838, 704
704, 19815
704, 11430
704, 9682
704, 18752
704, 17982
704, 6591
18001, 705
705, 12962
705, 20418
16128, 706
706, 12433
22213, 707
13638, 707
8786, 707
707, 9489
19838, 708
708, 10748
708, 18293
708, 12423
708, 9468
8675, 709
709, 22455
10166, 710
710, 16515
14054, 711
711, 15061
9725, 712
20482, 712
19729, 712
712, 16725
712, 8880
18628, 713
9585, 713
713, 12058
10166, 714
714, 15425
714, 20656
714, 19391
714, 19294
714, 18730
714, 23259
714, 13445
17228, 715
715, 22491
12169, 716
716, 15880
15457, 717
717, 20217
23247, 718
15721, 718
718, 22541
6948, 719
719, 11736
9707, 720
720, 21913
6892, 721
721, 12326
12945, 722
722, 20139
15428, 723
723, 9550
10166, 724
724, 6667
19728, 725
725, 16898
10166, 726
726, 21978
726, 21084
12945, 727
727, 14986
15289, 728
728, 8566
21201, 729
729, 10232
729, 19530
729, 19204
729, 8523
20810, 730
730, 18124
7716, 731
731, 11532
12926, 732
14746, 732
21956, 732
732, 21154
22999, 733
20795, 733
733, 21740
16196, 734
734, 12841
20191, 735
735, 16723
16597, 736
736, 12550
13804, 737
737, 20912
16379, 738
738, 17797
10641, 739
739, 19329
21460, 740
740, 11623
19333, 741
741, 18479
741, 22924
741, 22237
741, 7020
741, 9013
741, 19650
741, 16698
741, 13294
741, 9775
741, 13504
12641, 742
742, 14451
9849, 743
743, 6364
16077, 744
744, 14790
744, 17320
22532, 745
745, 7007
14414, 746
746, 21888
10166, 747
747, 23164
747, 14706
747, 8560
19886, 748
748, 15242
21107, 749
749, 8790
6761, 750
750, 18821
19266, 751
7178, 751
6596, 751
23530, 751
751, 20857
6845, 752
752, 10753
10280, 753
753, 11274
22668, 754
754, 20306
21345, 755
755, 11112
14532, 756
756, 18782
14402, 757
757, 6415
21360, 758
758, 14891
7765, 759
20163, 759
759, 13770
17907, 760
760, 6419
17434, 761
761, 21210
20712, 762
762, 18252
9439, 763
763, 22224
13572, 764
764, 6961
6514, 765
22815, 765
765, 18189
10145, 766
766, 17418
7543, 767
767, 20510
13414, 768
768, 12850
10145, 769
769, 20731
769, 17793
11260, 770
770, 9234
22146, 771
22945, 771
771, 18047
20686, 772
772, 23473
12007, 773
773, 21327
12557, 774
774, 19982
22780, 775
9093, 775
11414, 775
16096, 775
11961, 775
775, 9524
23181, 776
776, 21878
17470, 777
777, 14273
19167, 778
778, 14597
13256, 779
779, 21435
17273, 780
780, 7001
780, 13575
23006, 781
21412, 781
781, 17752
10714, 782
782, 12256
782, 20881
6934, 783
783, 12162
783, 23091
783, 15845
13360, 784
784, 12882
15172, 785
785, 10556
9952, 786
786, 9045
8834, 787
787, 8013
18759, 788
788, 15773
18671, 789
789, 13833
15281, 790
790, 14499
8255, 791
791, 19827
6437, 792
792, 9487
8688, 793
793, 23094
12986, 794
794, 15306
18234, 795
795, 16385
19838, 796
796, 12802
796, 13456
796, 22354
796, 20416
6934, 797
797, 18036
12640, 798
798, 19571
14411, 799
799, 18071
20019, 800
800, 13177
800, 16811
800, 20124
800, 17363
800, 15472
800, 21762
800, 16069
800, 10740
800, 20292
800, 7989
800, 10861
19946, 801
801, 9811
11153, 802
802, 19321
18796, 803
803, 10047
803, 13406
11452, 804
804, 15346
10145, 805
805, 6581
23295, 806
806, 22901
6397, 807
807, 6762
10145, 808
808, 19468
16780, 809
809, 11972
10145, 810
810, 10990
810, 16281
19728, 811
811, 15286
11260, 812
812, 10386
14265, 813
813, 21482
13809, 814
814, 13618
814, 14084
9356, 815
15564, 815
22378, 815
11875, 815
11818, 815
815, 11316
18416, 816
816, 19665
15245, 817
7565, 817
11419, 817
20511, 817
17558, 817
15007, 817
14231, 817
9362, 817
11331, 817
18686, 817
15309, 817
20237, 817
7647, 817
14154, 817
22074, 817
817, 8020
9462, 818
818, 8284
18295, 819
819, 14816
819, 19563
10648, 820
17839, 820
820, 7764
820, 11612
820, 17852
820, 9924
820, 8941
820, 19366
820, 9683
820, 18993
820, 14481
820, 23449
820, 22860
820, 15068
820, 20877
820, 11374
820, 19184
820, 19302
820, 23208
820, 17252
820, 15569
820, 8252
820, 12336
820, 9427
820, 9645
820, 18175
820, 16119
820, 22677
820, 11044
820, 8541
820, 13389
820, 13691
820, 23230
820, 11018
820, 15447
820, 20675
820, 14623
820, 11746
820, 12584
820, 21339
820, 17324
820, 21726
820, 18668
820, 17221
820, 19474
820, 15774
820, 19696
820, 15593
820, 10008
820, 6384
19838, 821
821, 9301
821, 12515
821, 12154
821, 12313
19838, 822
822, 14655
822, 16664
822, 9722
14219, 823
823, 13485
15826, 824
824, 11074
9354, 825
825, 20265
15633, 826
17034, 826
20698, 826
7349, 826
20431, 826
6477, 826
826, 12809
15884, 827
827, 16631
6686, 828
828, 8331
828, 19272
828, 8926
10816, 829
829, 15151
9651, 830
830, 17239
16066, 831
831, 10330
20585, 832
832, 10604
13809, 833
833, 22997
14140, 834
834, 7047
834, 17828
10145, 835
835, 23519
10145, 836
836, 22516
17038, 837
837, 20265
7792, 838
838, 11972
19472, 839
839, 12278
14834, 840
11238, 840
840, 9335
7806, 841
15872, 841
9683, 841
12325, 841
23086, 841
23100, 841
22262, 841
12770, 841
16989, 841
9083, 841
9548, 841
11562, 841
17497, 841
20877, 841
11541, 841
22056, 841
7983, 841
7976, 841
14766, 841
16622, 841
16386, 841
8071, 841
11645, 841
16579, 841
8008, 841
14763, 841
20322, 841
12373, 841
15822, 841
13116, 841
8387, 841
21691, 841
22590, 841
14614, 841
21324, 841
12478, 841
9169, 841
15557, 841
12374, 841
20878, 841
14307, 841
19718, 841
21320, 841
13933, 841
8398, 841
11997, 841
22235, 841
12619, 841
22373, 841
9053, 841
21295, 841
9106, 841
12095, 841
18230, 841
10996, 841
19198, 841
14775, 841
20900, 841
16525, 841
11018, 841
13559, 841
7966, 841
20679, 841
20675, 841
21598, 841
14623, 841
9069, 841
11746, 841
22907, 841
20425, 841
17187, 841
14047, 841
19114, 841
9567, 841
18748, 841
14599, 841
12638, 841
19999, 841
7643, 841
12085, 841
9636, 841
18668, 841
10020, 841
17221, 841
19474, 841
16293, 841
20404, 841
7107, 841
19748, 841
15834, 841
14331, 841
9884, 841
18735, 841
22341, 841
8230, 841
12610, 841
17813, 841
20603, 841
11821, 841
841, 17291
8779, 842
842, 16093
11804, 843
13667, 843
20740, 843
17858, 843
843, 12008
11260, 844
844, 19958
7927, 845
845, 11208
12650, 846
846, 8419
14402, 847
847, 10255
14931, 848
18372, 848
9669, 848
848, 19445
20309, 849
849, 20962
16304, 850
850, 19969
6686, 851
851, 23509
9448, 852
852, 14273
10404, 853
853, 7674
18416, 854
854, 6476
854, 13401
21429, 855
855, 18568
8183, 856
856, 10933
14538, 857
857, 16974
20890, 858
8243, 858
858, 6969
9915, 859
859, 14561
9659, 860
860, 10848
19838, 861
861, 16285
861, 20787
861, 9089
861, 18781
861, 21924
861, 6379
16673, 862
12886, 862
11532, 862
7104, 862
11550, 862
22260, 862
13232, 862
19619, 862
9978, 862
22231, 862
7406, 862
19464, 862
19913, 862
17276, 862
22686, 862
11603, 862
862, 12093
14247, 863
863, 17716
10486, 864
864, 14355
22238, 865
865, 18344
11643, 866
11351, 866
866, 17647
11048, 867
867, 13991
14856, 868
868, 15053
10166, 869
869, 8935
869, 7121
869, 14773
869, 6607
869, 11843
14362, 870
870, 12889
7613, 871
871, 11922
15172, 872
872, 6426
17501, 873
13809, 873
873, 23525
12945, 874
874, 16072
20644, 875
875, 16021
14980, 876
876, 7783
21744, 877
877, 6356
877, 11801
877, 23310
15154, 878
878, 17196
20289, 879
16883, 879
879, 14239
15211, 880
880, 10406
19838, 881
881, 23548
881, 16772
881, 19365
881, 20550
881, 23540
881, 16949
10145, 882
882, 21291
13619, 883
883, 21336
16548, 884
884, 22873
884, 15247
10899, 885
885, 22471
12897, 886
886, 10843
13941, 887
887, 10034
10747, 888
888, 9020
14402, 889
889, 6415
10166, 890
890, 16490
890, 8981
890, 22129
890, 10355
890, 8560
14109, 891
891, 13622
17837, 892
892, 19732
16037, 893
893, 20488
15117, 894
894, 22588
894, 13967
15826, 895
895, 14734
21862, 896
896, 21982
10977, 897
897, 8784
22987, 898
21229, 898
16349, 898
15667, 898
14899, 898
21941, 898
13567, 898
19213, 898
9728, 898
19075, 898
8236, 898
8745, 898
18793, 898
8851, 898
17409, 898
17653, 898
18298, 898
10683, 898
16346, 898
10115, 898
20823, 898
11054, 898
19731, 898
18849, 898
18744, 898
14734, 898
18417, 898
14770, 898
13525, 898
11567, 898
8199, 898
22752, 898
17469, 898
16646, 898
10410, 898
17431, 898
22936, 898
17735, 898
12179, 898
9221, 898
16781, 898
10657, 898
19602, 898
9228, 898
12955, 898
7906, 898
19428, 898
18384, 898
13959, 898
15743, 898
15922, 898
12676, 898
12817, 898
21182, 898
6558, 898
19525, 898
14850, 898
20141, 898
12728, 898
13102, 898
10250, 898
19676, 898
21574, 898
21830, 898
20619, 898
12388, 898
9368, 898
6310, 898
15988, 898
17529, 898
11563, 898
15123, 898
16990, 898
8044, 898
21148, 898
22610, 898
10706, 898
14602, 898
13069, 898
12534, 898
15260, 898
15262, 898
7823, 898
8138, 898
16318, 898
15626, 898
22856, 898
15881, 898
6747, 898
14438, 898
898, 23598
21360, 899
899, 20592
10793, 900
900, 22936
17043, 901
901, 8723
901, 9546
16311, 902
902, 11419
21172, 903
903, 8264
903, 23576
903, 18346
903, 7734
903, 16171
903, 12937
903, 20483
903, 15624
903, 12345
903, 13724
903, 14551
903, 18979
903, 23166
903, 8801
903, 19695
903, 17172
19838, 904
904, 21225
904, 7493
904, 11879
904, 14375
23271, 905
905, 21290
21058, 906
906, 6434
15883, 907
907, 20537
11260, 908
908, 17408
10126, 909
909, 14576
19475, 910
910, 14858
19258, 911
911, 15998
15172, 912
912, 16545
21474, 913
913, 22460
18751, 914
914, 16995
19403, 915
915, 21502
18256, 916
15486, 916
14424, 916
9594, 916
9493, 916
10462, 916
16357, 916
19478, 916
14406, 916
17508, 916
16849, 916
20139, 916
20354, 916
8800, 916
19318, 916
21046, 916
19458, 916
17259, 916
14798, 916
7294, 916
22548, 916
6810, 916
22460, 916
21620, 916
16259, 916
11066, 916
6271, 916
18691, 916
13672, 916
13646, 916
8815, 916
22143, 916
13214, 916
8324, 916
10562, 916
22259, 916
11656, 916
14163, 916
15129, 916
6848, 916
7489, 916
6259, 916
7470, 916
6811, 916
8789, 916
15334, 916
21899, 916
21053, 916
7513, 916
11101, 916
11222, 916
16586, 916
23504, 916
10236, 916
7006, 916
8202, 916
11986, 916
7687, 916
11052, 916
10312, 916
15663, 916
21513, 916
916, 14630
12945, 917
917, 9084
11397, 918
10554, 918
10187, 918
22392, 918
8896, 918
12276, 918
6594, 918
18858, 918
17499, 918
21142, 918
6745, 918
22617, 918
7546, 918
6313, 918
11099, 918
18265, 918
17796, 918
9690, 918
10052, 918
15887, 918
19794, 918
14310, 918
10041, 918
18830, 918
15549, 918
18188, 918
15926, 918
11640, 918
12920, 918
11888, 918
12912, 918
22871, 918
7796, 918
10870, 918
7962, 918
12078, 918
12172, 918
10382, 918
15235, 918
23319, 918
23534, 918
19476, 918
13125, 918
13324, 918
13263, 918
8404, 918
17216, 918
21671, 918
22893, 918
918, 18397
7116, 919
919, 10501
16825, 920
14352, 920
920, 20785
19805, 921
921, 11331
15884, 922
922, 18990
922, 21159
8520, 923
19040, 923
18469, 923
923, 11809
13365, 924
924, 11938
6482, 925
10057, 925
8365, 925
10490, 925
19801, 925
15233, 925
12393, 925
7610, 925
9072, 925
10510, 925
22481, 925
9498, 925
18132, 925
22990, 925
6564, 925
11501, 925
14564, 925
21301, 925
22299, 925
10140, 925
20044, 925
17031, 925
8720, 925
12511, 925
9194, 925
6415, 925
19298, 925
21085, 925
17290, 925
9732, 925
18560, 925
14757, 925
6432, 925
20933, 925
18872, 925
19536, 925
16453, 925
20373, 925
12889, 925
18800, 925
8034, 925
19129, 925
10262, 925
18457, 925
22524, 925
14633, 925
21285, 925
16170, 925
15234, 925
23153, 925
12045, 925
19307, 925
15432, 925
9309, 925
19089, 925
21811, 925
8790, 925
6260, 925
22018, 925
20393, 925
22346, 925
10318, 925
10191, 925
9666, 925
14561, 925
18268, 925
22884, 925
8699, 925
16286, 925
8954, 925
6920, 925
23026, 925
15079, 925
16176, 925
12875, 925
18007, 925
6280, 925
19025, 925
11911, 925
12049, 925
22099, 925
8985, 925
13546, 925
11787, 925
10108, 925
19930, 925
16700, 925
8830, 925
14580, 925
10117, 925
21989, 925
10855, 925
18304, 925
21652, 925
19732, 925
9433, 925
15930, 925
925, 19838
17425, 926
926, 6259
16162, 927
927, 10706
14402, 928
928, 6415
11452, 929
929, 15233
10166, 930
930, 22872
930, 14675
930, 8981
930, 21615
930, 8560
15884, 931
931, 6536
10145, 932
932, 8398
12076, 933
933, 8535
19728, 934
934, 19307
10145, 935
935, 15284
12144, 936
936, 14203
10145, 937
937, 14382
19728, 938
938, 7138
18090, 939
939, 9095
19296, 940
940, 22183
940, 12889
19532, 941
941, 16475
23289, 942
942, 15698
22249, 943
22447, 943
943, 20316
9142, 944
11241, 944
8103, 944
944, 17142
20171, 945
20752, 945
11031, 945
17805, 945
17467, 945
17193, 945
12290, 945
20629, 945
15367, 945
8145, 945
16352, 945
15572, 945
13095, 945
10578, 945
15441, 945
13263, 945
8542, 945
20741, 945
17284, 945
17169, 945
22418, 945
20560, 945
19684, 945
14904, 945
6513, 945
19749, 945
13587, 945
21393, 945
13403, 945
15303, 945
14081, 945
15411, 945
11057, 945
16056, 945
8817, 945
15041, 945
21232, 945
945, 16246
13235, 946
946, 10843
21187, 947
947, 16316
23198, 948
948, 12880
9270, 949
949, 18029
12729, 950
950, 19745
20505, 951
951, 12308
7455, 952
952, 17821
10698, 953
12181, 953
10121, 953
17642, 953
953, 11449
953, 12766
953, 8625
953, 8901
953, 11553
953, 21026
953, 18807
953, 17875
953, 18362
953, 20351
953, 9398
953, 22095
953, 22302
953, 17832
953, 19738
953, 16639
953, 18632
953, 23324
953, 11299
953, 20461
953, 8221
953, 14090
953, 8100
7773, 954
954, 21137
6446, 955
955, 15216
15543, 956
956, 20799
17493, 957
15511, 957
15647, 957
8666, 957
18316, 957
9713, 957
13121, 957
10080, 957
18455, 957
11606, 957
18547, 957
957, 19661
15895, 958
958, 14702
18687, 959
959, 8996
12945, 960
960, 7892
18976, 961
961, 13211
12096, 962
962, 15469
18093, 963
963, 10882
18416, 964
964, 9678
964, 15742
964, 20227
6435, 965
965, 9728
17247, 966
966, 21306
22044, 967
8249, 967
967, 9128
7799, 968
968, 17850
8240, 969
969, 8341
969, 22167
18630, 970
970, 13240
18803, 971
971, 9280
21017, 972
972, 14851
17429, 973
973, 19390
20368, 974
974, 8326
13931, 975
975, 10854
8618, 976
976, 23521
16504, 977
10228, 977
977, 21001
12448, 978
978, 22831
17043, 979
979, 20621
10754, 980
980, 9857
12191, 981
14747, 981
981, 10260
22928, 982
982, 8980
13488, 983
983, 17046
10664, 984
14472, 984
9972, 984
984, 21016
16858, 985
985, 6482
21096, 986
11268, 986
6737, 986
986, 13933
7338, 987
8860, 987
987, 10421
6934, 988
988, 8485
16372, 989
989, 16841
21654, 990
23008, 990
6999, 990
990, 21982
990, 15471
16691, 991
991, 7358
991, 20314
19085, 992
992, 12875
992, 15818
9372, 993
993, 12206
22556, 994
994, 16219
20822, 995
995, 9900
20530, 996
996, 18487
996, 15056
996, 12508
19524, 997
997, 6564
17501, 998
998, 15613
998, 23590
12007, 999
999, 16796
23193, 1000
1000, 22018
21058, 1001
1001, 13813
16015, 1002
1002, 10156
11966, 1003
1003, 8918
7060, 1004
1004, 12511
1004, 15833
14379, 1005
1005, 11729
7672, 1006
1006, 10734
22680, 1007
1007, 16613
13205, 1008
13637, 1008
18679, 1008
1008, 23036
12007, 1009
1009, 9376
15884, 1010
1010, 14682
17629, 1011
19757, 1011
20271, 1011
10676, 1011
18898, 1011
11974, 1011
19196, 1011
10382, 1011
16681, 1011
10605, 1011
15572, 1011
12189, 1011
10846, 1011
12182, 1011
21939, 1011
11488, 1011
16430, 1011
12718, 1011
6826, 1011
16958, 1011
16637, 1011
17773, 1011
13263, 1011
22985, 1011
20224, 1011
16261, 1011
12941, 1011
18075, 1011
14169, 1011
8436, 1011
18684, 1011
23172, 1011
12502, 1011
15468, 1011
21515, 1011
14337, 1011
21682, 1011
6608, 1011
8613, 1011
18770, 1011
10619, 1011
10624, 1011
9265, 1011
19852, 1011
13220, 1011
15652, 1011
22807, 1011
6600, 1011
1011, 20533
13630, 1012
10912, 1012
1012, 7534
12790, 1013
1013, 13998
7159, 1014
1014, 8364
12027, 1015
1015, 19038
20806, 1016
1016, 7138
10583, 1017
1017, 16457
8721, 1018
1018, 13468
16807, 1019
1019, 18535
10570, 1020
1020, 15667
18928, 1021
1021, 17850
9799, 1022
1022, 23326
14284, 1023
21024, 1023
1023, 18579
20233, 1024
1024, 11387
17043, 1025
1025, 14761
19800, 1026
1026, 20571
13683, 1027
1027, 6280
1027, 18007
10361, 1028
1028, 6983
12767, 1029
1029, 14329
11994, 1030
1030, 14234
21360, 1031
1031, 10029
12338, 1032
9709, 1032
21813, 1032
1032, 19307
22500, 1033
9570, 1033
8597, 1033
22681, 1033
19178, 1033
18627, 1033
20229, 1033
14028, 1033
20626, 1033
10514, 1033
16928, 1033
1033, 11303
6696, 1034
1034, 18582
22526, 1035
1035, 17109
14430, 1036
1036, 22367
11568, 1037
1037, 16259
17589, 1038
18745, 1038
1038, 17035
15538, 1039
1039, 20265
7423, 1040
1040, 18359
14517, 1041
1041, 12384
1041, 21352
10166, 1042
1042, 14497
1042, 13440
6437, 1043
1043, 22844
10166, 1044
1044, 19391
1044, 18040
1044, 12902
1044, 21332
9944, 1045
1045, 7471
6437, 1046
1046, 15246
12249, 1047
9610, 1047
12119, 1047
6381, 1047
1047, 8276
8737, 1048
1048, 13020
14449, 1049
1049, 11893
10090, 1050
1050, 20537
17003, 1051
1051, 13947
18001, 1052
1052, 7425
6334, 1053
1053, 12841
1053, 11912
13524, 1054
13592, 1054
1054, 17249
11680, 1055
6878, 1055
6365, 1055
18447, 1055
6297, 1055
7420, 1055
18879, 1055
12385, 1055
6723, 1055
19603, 1055
21360, 1055
1055, 12717
7221, 1056
1056, 18313
16089, 1057
1057, 13879
22894, 1058
8196, 1058
17006, 1058
14341, 1058
6671, 1058
14539, 1058
12808, 1058
1058, 6329
6686, 1059
1059, 18902
1059, 11046
19838, 1060
1060, 20723
1060, 17667
1060, 21659
1060, 8471
1060, 16809
1060, 17982
12779, 1061
1061, 22010
12945, 1062
1062, 22619
7162, 1063
10188, 1063
1063, 17201
19551, 1064
1064, 17657
1064, 16676
15075, 1065
1065, 10843
8771, 1066
1066, 17716
12007, 1067
1067, 17527
1067, 19597
1067, 17962
19522, 1068
1068, 21235
10098, 1069
1069, 6506
12558, 1070
1070, 7897
1070, 11912
6802, 1071
1071, 12206
15884, 1072
1072, 7067
12448, 1073
1073, 14309
12037, 1074
20485, 1074
7859, 1074
17775, 1074
16654, 1074
13257, 1074
10744, 1074
19716, 1074
10144, 1074
15914, 1074
8510, 1074
1074, 10665
1074, 23410
15356, 1075
1075, 11210
15628, 1076
1076, 21754
19268, 1077
6344, 1077
1077, 17142
12448, 1078
1078, 19850
12007, 1079
1079, 7695
1079, 14520
20357, 1080
1080, 21971
6522, 1081
1081, 10872
8847, 1082
1082, 10259
10453, 1083
1083, 11290
20745, 1084
1084, 9192
14538, 1085
1085, 17397
10916, 1086
1086, 10971
10145, 1087
1087, 13871
19728, 1088
1088, 19307
15172, 1089
1089, 15206
20503, 1090
1090, 14445
20989, 1091
1091, 7398
18870, 1092
1092, 21045
19838, 1093
1093, 13046
1093, 16275
1093, 17539
1093, 6335
21032, 1094
1094, 15663
8608, 1095
12672, 1095
20016, 1095
1095, 22451
7606, 1096
1096, 7665
16426, 1097
1097, 22776
9674, 1098
20847, 1098
18259, 1098
8878, 1098
8544, 1098
13875, 1098
12116, 1098
19682, 1098
1098, 15273
19756, 1099
1099, 14304
10145, 1100
1100, 14784
8872, 1101
1101, 15535
21402, 1102
1102, 12665
8558, 1103
1103, 23049
9437, 1104
1104, 13176
21029, 1105
1105, 13115
14570, 1106
13171, 1106
16643, 1106
20884, 1106
16149, 1106
1106, 20778
16537, 1107
1107, 16766
19728, 1108
1108, 15617
10685, 1109
1109, 9415
9271, 1110
23520, 1110
1110, 7696
6686, 1111
1111, 14568
1111, 20508
1111, 12967
6416, 1112
1112, 11959
20148, 1113
8645, 1113
17936, 1113
19871, 1113
21022, 1113
16564, 1113
20551, 1113
18262, 1113
20139, 1113
13047, 1113
15972, 1113
23291, 1113
17479, 1113
14330, 1113
14529, 1113
20018, 1113
17903, 1113
22548, 1113
22201, 1113
22460, 1113
21273, 1113
8248, 1113
18691, 1113
13672, 1113
18544, 1113
17685, 1113
17072, 1113
15239, 1113
8961, 1113
14195, 1113
11723, 1113
10402, 1113
14049, 1113
14259, 1113
21478, 1113
13273, 1113
22134, 1113
15663, 1113
1113, 21879
16601, 1114
14392, 1114
10558, 1114
17974, 1114
6951, 1114
10601, 1114
1114, 18256
20569, 1115
20670, 1115
17162, 1115
17778, 1115
21424, 1115
15510, 1115
1115, 15865
18935, 1116
1116, 15553
10459, 1117
1117, 19439
15421, 1118
1118, 18665
17025, 1119
1119, 10157
10145, 1120
1120, 8202
9016, 1121
1121, 17167
13264, 1122
1122, 6372
22258, 1123
1123, 9362
22713, 1124
7103, 1124
18674, 1124
1124, 20509
1124, 22226
1124, 11678
1124, 16931
1124, 8468
1124, 22909
1124, 20317
1124, 12499
6905, 1125
1125, 22438
19134, 1126
1126, 20187
10511, 1127
10415, 1127
10440, 1127
17851, 1127
12072, 1127
10390, 1127
16391, 1127
20711, 1127
6340, 1127
1127, 10439
14015, 1128
1128, 6810
19838, 1129
1129, 16936
1129, 23282
17154, 1130
1130, 9128
13414, 1131
1131, 21455
14402, 1132
1132, 6415
14402, 1133
1133, 6415
13266, 1134
1134, 7298
17043, 1135
1135, 13846
6789, 1136
1136, 10460
15884, 1137
1137, 15130
1137, 13465
1137, 22956
11636, 1138
15784, 1138
9611, 1138
8634, 1138
22637, 1138
1138, 17820
17038, 1139
1139, 20265
13734, 1140
1140, 14978
18306, 1141
1141, 18826
9625, 1142
1142, 20845
7638, 1143
19343, 1143
10866, 1143
17440, 1143
21411, 1143
1143, 13355
7606, 1144
1144, 16350
1144, 14293
12945, 1145
1145, 11406
9022, 1146
1146, 18389
10991, 1147
1147, 12111
1147, 13599
1147, 16474
1147, 21514
12779, 1148
1148, 9538
16579, 1149
1149, 6836
1149, 19520
15185, 1150
8016, 1150
1150, 10869
1150, 17763
1150, 22130
1150, 19956
1150, 17853
1150, 14211
1150, 9289
1150, 23007
1150, 6630
1150, 17012
1150, 7217
1150, 19371
1150, 12563
1150, 6741
1150, 23389
1150, 13086
1150, 12615
1150, 17387
1150, 7156
1150, 9889
1150, 7051
1150, 16819
1150, 22644
1150, 7453
1150, 15330
1150, 18419
1150, 14282
1150, 20627
1150, 9955
1150, 19840
1150, 16282
1150, 22835
1150, 23594
1150, 7026
1150, 17935
1150, 15562
1150, 22145
1150, 21321
1150, 8534
1150, 8879
1150, 6443
1150, 17798
1150, 21896
1150, 20331
1150, 10096
1150, 9422
1150, 22777
1150, 23328
1150, 9702
1150, 21601
1150, 12885
1150, 18028
9458, 1151
1151, 8633
14222, 1152
6367, 1152
1152, 9791
20588, 1153
1153, 15184
10372, 1154
19160, 1154
21633, 1154
1154, 10177
6686, 1155
1155, 20304
23210, 1156
1156, 15373
10145, 1157
1157, 21604
23079, 1158
1158, 8276
13381, 1159
13114, 1159
16526, 1159
12991, 1159
14129, 1159
9148, 1159
6695, 1159
1159, 14490
16823, 1160
1160, 15615
17173, 1161
17542, 1161
1161, 10843
1161, 7430
8639, 1162
19122, 1162
7796, 1162
21723, 1162
6795, 1162
20428, 1162
20591, 1162
6445, 1162
16681, 1162
12998, 1162
14008, 1162
18065, 1162
11090, 1162
6520, 1162
10917, 1162
23243, 1162
7755, 1162
20088, 1162
13548, 1162
23147, 1162
19918, 1162
18589, 1162
9015, 1162
13263, 1162
8839, 1162
15993, 1162
8542, 1162
21333, 1162
16588, 1162
12718, 1162
15468, 1162
7798, 1162
7279, 1162
19068, 1162
1162, 12317
9483, 1163
1163, 19833
14862, 1164
11307, 1164
12183, 1164
22863, 1164
1164, 12215
16551, 1165
1165, 12966
9168, 1166
15648, 1166
11900, 1166
18109, 1166
21166, 1166
9199, 1166
1166, 15373
21201, 1167
18416, 1167
1167, 14526
6659, 1168
1168, 10530
6997, 1169
1169, 8364
19838, 1170
1170, 18525
1170, 9326
1170, 6702
1170, 11913
1170, 16289
16492, 1171
1171, 13982
14288, 1172
1172, 10051
10945, 1173
1173, 12671
20362, 1174
1174, 17492
19728, 1175
1175, 19307
12945, 1176
1176, 10101
13562, 1177
16048, 1177
1177, 20851
1177, 10869
1177, 7846
1177, 19496
1177, 14211
1177, 20056
1177, 20983
1177, 22200
1177, 22165
1177, 17012
1177, 19371
1177, 11866
1177, 12563
1177, 6741
1177, 22454
1177, 23389
1177, 14742
1177, 15379
1177, 13086
1177, 12615
1177, 17387
1177, 7156
1177, 15401
1177, 16819
1177, 16648
1177, 15330
1177, 8360
1177, 14282
1177, 7660
1177, 20627
1177, 9955
1177, 19840
1177, 9667
1177, 11434
1177, 8569
1177, 23594
1177, 7026
1177, 15562
1177, 22145
1177, 10897
1177, 14187
1177, 15885
1177, 6756
1177, 13645
1177, 17798
1177, 21896
1177, 9422
1177, 18081
1177, 22777
1177, 23328
1177, 9702
1177, 7320
1177, 12885
1177, 23113
12791, 1178
1178, 14479
22136, 1179
1179, 8985
6437, 1180
1180, 15754
16633, 1181
1181, 21992
8058, 1182
1182, 18995
14567, 1183
1183, 10339
15757, 1184
1184, 18445
15884, 1185
1185, 21549
8457, 1186
1186, 15262
19838, 1187
1187, 20379
1187, 20517
1187, 8680
1187, 15964
16088, 1188
1188, 17720
14632, 1189
1189, 23432
18778, 1190
10016, 1190
9941, 1190
1190, 14598
11807, 1191
1191, 19847
17004, 1192
1192, 10410
18236, 1193
1193, 14466
22085, 1194
1194, 17103
9476, 1195
1195, 15743
12007, 1196
1196, 8853
1196, 20244
1196, 22412
1196, 16503
6934, 1197
1197, 13739
8867, 1198
9987, 1198
20192, 1198
20516, 1198
11855, 1198
8894, 1198
20428, 1198
13845, 1198
16207, 1198
9916, 1198
22036, 1198
12876, 1198
22125, 1198
8325, 1198
21416, 1198
12814, 1198
18347, 1198
12740, 1198
22073, 1198
11715, 1198
7397, 1198
7747, 1198
10799, 1198
14166, 1198
13400, 1198
22738, 1198
9030, 1198
13263, 1198
17164, 1198
18721, 1198
8701, 1198
18657, 1198
6468, 1198
14783, 1198
16942, 1198
21986, 1198
19192, 1198
21209, 1198
22147, 1198
11513, 1198
19765, 1198
10877, 1198
7656, 1198
10983, 1198
16099, 1198
12349, 1198
11196, 1198
17000, 1198
15683, 1198
15303, 1198
1198, 9749
17766, 1199
1199, 7490
15884, 1200
1200, 13590
19948, 1201
1201, 13248
14172, 1202
14138, 1202
18790, 1202
8956, 1202
7438, 1202
20860, 1202
17665, 1202
12743, 1202
7057, 1202
16183, 1202
23183, 1202
13333, 1202
20383, 1202
12654, 1202
19698, 1202
10523, 1202
11876, 1202
16141, 1202
13859, 1202
12359, 1202
7413, 1202
22570, 1202
18361, 1202
10183, 1202
10681, 1202
19907, 1202
12593, 1202
17594, 1202
22636, 1202
7317, 1202
10697, 1202
14634, 1202
8487, 1202
12559, 1202
12185, 1202
21573, 1202
14744, 1202
23093, 1202
1202, 18497
1202, 9307
16595, 1203
1203, 12129
19728, 1204
1204, 22102
23585, 1205
14537, 1205
1205, 9910
23030, 1206
1206, 11195
11046, 1207
1207, 14778
1207, 8763
18763, 1208
1208, 18840
9535, 1209
10675, 1209
17272, 1209
10429, 1209
1209, 17058
13642, 1210
1210, 19701
16436, 1211
1211, 12258
11571, 1212
1212, 18570
22652, 1213
1213, 15985
17808, 1214
1214, 20265
17043, 1215
1215, 10232
16037, 1216
1216, 18457
23545, 1217
11820, 1217
16330, 1217
8256, 1217
18652, 1217
13836, 1217
20351, 1217
14698, 1217
21896, 1217
16481, 1217
23212, 1217
20331, 1217
15278, 1217
13258, 1217
8009, 1217
8024, 1217
10553, 1217
23528, 1217
16449, 1217
21733, 1217
22159, 1217
8214, 1217
7982, 1217
7587, 1217
9104, 1217
23317, 1217
22724, 1217
20544, 1217
20515, 1217
6288, 1217
10491, 1217
21255, 1217
7341, 1217
19649, 1217
15980, 1217
19780, 1217
11601, 1217
18588, 1217
8730, 1217
20661, 1217
20753, 1217
11777, 1217
13487, 1217
19734, 1217
16069, 1217
14620, 1217
10240, 1217
8209, 1217
9723, 1217
14554, 1217
15269, 1217
12780, 1217
16882, 1217
18408, 1217
19469, 1217
19465, 1217
12162, 1217
8750, 1217
9703, 1217
16557, 1217
20844, 1217
18370, 1217
7608, 1217
7104, 1217
18264, 1217
6595, 1217
21847, 1217
16125, 1217
23323, 1217
7945, 1217
14308, 1217
17802, 1217
13514, 1217
12911, 1217
11353, 1217
20541, 1217
11895, 1217
20200, 1217
17362, 1217
13014, 1217
16957, 1217
19890, 1217
9383, 1217
22517, 1217
22534, 1217
11464, 1217
14105, 1217
14506, 1217
17535, 1217
17079, 1217
21259, 1217
10120, 1217
10156, 1217
12054, 1217
12267, 1217
11314, 1217
22451, 1217
11028, 1217
16209, 1217
21205, 1217
7432, 1217
22260, 1217
22177, 1217
20481, 1217
13580, 1217
14917, 1217
13466, 1217
17663, 1217
8646, 1217
22279, 1217
13210, 1217
18642, 1217
7928, 1217
15321, 1217
21439, 1217
17402, 1217
22302, 1217
9775, 1217
22142, 1217
14568, 1217
17832, 1217
10746, 1217
14892, 1217
11388, 1217
10159, 1217
10876, 1217
20708, 1217
10780, 1217
20317, 1217
10999, 1217
8274, 1217
12289, 1217
19910, 1217
6603, 1217
15827, 1217
9992, 1217
8900, 1217
11424, 1217
7260, 1217
23503, 1217
11256, 1217
19518, 1217
11853, 1217
9422, 1217
11471, 1217
20556, 1217
9172, 1217
14278, 1217
19345, 1217
8820, 1217
6970, 1217
11578, 1217
22577, 1217
7731, 1217
21669, 1217
18788, 1217
12976, 1217
10903, 1217
22798, 1217
17313, 1217
15819, 1217
6895, 1217
16402, 1217
13277, 1217
20411, 1217
16544, 1217
16977, 1217
10207, 1217
11333, 1217
10774, 1217
11159, 1217
13412, 1217
20796, 1217
7536, 1217
20842, 1217
23596, 1217
22038, 1217
6307, 1217
8776, 1217
7715, 1217
13640, 1217
20654, 1217
13826, 1217
18038, 1217
6568, 1217
21554, 1217
13936, 1217
17505, 1217
22997, 1217
21832, 1217
21565, 1217
17234, 1217
11202, 1217
10762, 1217
19530, 1217
14837, 1217
7311, 1217
16312, 1217
14557, 1217
12010, 1217
18100, 1217
8706, 1217
12036, 1217
14989, 1217
18081, 1217
7106, 1217
16890, 1217
10066, 1217
17294, 1217
18606, 1217
9423, 1217
8689, 1217
11091, 1217
19260, 1217
6459, 1217
11608, 1217
22483, 1217
16442, 1217
23309, 1217
8174, 1217
20770, 1217
13814, 1217
21161, 1217
16663, 1217
13669, 1217
13647, 1217
7356, 1217
9867, 1217
22444, 1217
13613, 1217
8723, 1217
8856, 1217
20123, 1217
13862, 1217
13424, 1217
14417, 1217
21639, 1217
8802, 1217
16068, 1217
23328, 1217
18716, 1217
7592, 1217
23273, 1217
11544, 1217
14026, 1217
12665, 1217
14394, 1217
19377, 1217
14695, 1217
14551, 1217
22551, 1217
14408, 1217
9803, 1217
11019, 1217
14526, 1217
18048, 1217
13252, 1217
15566, 1217
23512, 1217
22852, 1217
16997, 1217
15037, 1217
13058, 1217
18846, 1217
23166, 1217
19791, 1217
9218, 1217
21567, 1217
8266, 1217
10430, 1217
22009, 1217
10478, 1217
9416, 1217
8184, 1217
13921, 1217
11476, 1217
6315, 1217
19255, 1217
22625, 1217
14697, 1217
6821, 1217
14447, 1217
10303, 1217
7887, 1217
19717, 1217
15840, 1217
22269, 1217
16992, 1217
18545, 1217
18403, 1217
15540, 1217
7115, 1217
8439, 1217
22647, 1217
9546, 1217
14949, 1217
19662, 1217
13499, 1217
20903, 1217
8821, 1217
21887, 1217
17847, 1217
11842, 1217
6511, 1217
13511, 1217
15388, 1217
7750, 1217
17317, 1217
21268, 1217
7510, 1217
8247, 1217
11511, 1217
14139, 1217
13517, 1217
15095, 1217
7568, 1217
23606, 1217
9086, 1217
7981, 1217
20467, 1217
9579, 1217
13150, 1217
12699, 1217
22774, 1217
21457, 1217
13407, 1217
23368, 1217
16358, 1217
18533, 1217
22093, 1217
16919, 1217
14896, 1217
9042, 1217
17511, 1217
13847, 1217
7164, 1217
11151, 1217
17915, 1217
9984, 1217
11848, 1217
11577, 1217
19866, 1217
7355, 1217
8588, 1217
21922, 1217
7345, 1217
12018, 1217
20604, 1217
12399, 1217
21912, 1217
15254, 1217
8215, 1217
12632, 1217
16194, 1217
15846, 1217
18736, 1217
12925, 1217
18418, 1217
20498, 1217
17452, 1217
14819, 1217
23091, 1217
19612, 1217
10357, 1217
11016, 1217
20461, 1217
12499, 1217
11759, 1217
9917, 1217
9292, 1217
11660, 1217
12130, 1217
21835, 1217
15570, 1217
11226, 1217
8263, 1217
22688, 1217
13164, 1217
16464, 1217
10385, 1217
17654, 1217
18274, 1217
10952, 1217
14084, 1217
9885, 1217
12643, 1217
18920, 1217
14547, 1217
17364, 1217
20026, 1217
6501, 1217
8221, 1217
12574, 1217
22331, 1217
17399, 1217
22469, 1217
7393, 1217
23590, 1217
16007, 1217
20534, 1217
20096, 1217
21757, 1217
9635, 1217
9025, 1217
6936, 1217
14277, 1217
16263, 1217
17755, 1217
22006, 1217
8582, 1217
9346, 1217
23078, 1217
7141, 1217
10463, 1217
21266, 1217
22116, 1217
9715, 1217
8201, 1217
10645, 1217
19064, 1217
9621, 1217
12509, 1217
10801, 1217
21178, 1217
12303, 1217
19401, 1217
12922, 1217
21499, 1217
7396, 1217
15669, 1217
10434, 1217
17896, 1217
9166, 1217
8983, 1217
9737, 1217
20259, 1217
22410, 1217
22753, 1217
22989, 1217
8100, 1217
10143, 1217
13930, 1217
9359, 1217
8171, 1217
13170, 1217
8320, 1217
21645, 1217
15967, 1217
18839, 1217
7041, 1217
22220, 1217
13480, 1217
16516, 1217
22642, 1217
7612, 1217
6784, 1217
10985, 1217
11103, 1217
20363, 1217
19011, 1217
13127, 1217
12299, 1217
21741, 1217
21226, 1217
16075, 1217
8654, 1217
9068, 1217
20804, 1217
18981, 1217
12885, 1217
22019, 1217
16532, 1217
14612, 1217
22959, 1217
14299, 1217
7873, 1217
9338, 1217
17904, 1217
11025, 1217
20824, 1217
10351, 1217
16824, 1217
19823, 1217
9966, 1217
13806, 1217
12298, 1217
14971, 1217
9633, 1217
23113, 1217
6963, 1217
8553, 1217
15777, 1217
8072, 1217
21954, 1217
8339, 1217
20956, 1217
1217, 12093
17308, 1218
1218, 15126
12804, 1219
1219, 18437
20960, 1220
1220, 10113
19994, 1221
1221, 12719
11752, 1222
8786, 1222
1222, 9489
22953, 1223
1223, 20314
21766, 1224
1224, 14286
10166, 1225
1225, 23374
1225, 18737
19838, 1226
1226, 10021
1226, 14905
1226, 23131
16649, 1227
10069, 1227
1227, 17076
19919, 1228
1228, 19199
12945, 1229
1229, 8830
12233, 1230
1230, 17936
14723, 1231
10956, 1231
17757, 1231
19622, 1231
16904, 1231
7155, 1231
8198, 1231
6545, 1231
17951, 1231
9010, 1231
1231, 18192
11230, 1232
1232, 13489
20922, 1233
13420, 1233
1233, 11461
8101, 1234
1234, 16569
21058, 1235
1235, 13813
23513, 1236
6770, 1236
10225, 1236
20921, 1236
13484, 1236
1236, 6268
17501, 1237
1237, 20104
1237, 23448
11807, 1238
1238, 18241
22603, 1239
1239, 22772
14685, 1240
1240, 9697
1240, 12188
18325, 1241
16556, 1241
10492, 1241
1241, 22414
7684, 1242
1242, 7331
21570, 1243
1243, 21804
15884, 1244
1244, 14955
10145, 1245
1245, 18876
1245, 8398
12537, 1246
14215, 1246
15771, 1246
15163, 1246
17385, 1246
8841, 1246
18543, 1246
16767, 1246
6553, 1246
7796, 1246
15572, 1246
21375, 1246
12333, 1246
10917, 1246
20428, 1246
19168, 1246
14156, 1246
19301, 1246
9198, 1246
7835, 1246
9352, 1246
12655, 1246
6534, 1246
13520, 1246
18494, 1246
21678, 1246
12970, 1246
8854, 1246
13587, 1246
9578, 1246
7359, 1246
19238, 1246
16894, 1246
12796, 1246
12589, 1246
12816, 1246
6648, 1246
10607, 1246
6632, 1246
17389, 1246
7491, 1246
13359, 1246
19259, 1246
15302, 1246
8502, 1246
19102, 1246
14808, 1246
20641, 1246
12651, 1246
13263, 1246
9901, 1246
1246, 15644
18554, 1247
1247, 11937
18376, 1248
1248, 10375
7971, 1249
8229, 1249
1249, 13168
9364, 1250
1250, 11254
21139, 1251
1251, 22300
12945, 1252
1252, 6271
13774, 1253
1253, 12581
15454, 1254
1254, 22072
20919, 1255
12370, 1255
9641, 1255
1255, 19976
12259, 1256
20274, 1256
1256, 6579
21872, 1257
1257, 18691
21731, 1258
1258, 10063
23165, 1259
1259, 14798
20172, 1260
1260, 18900
21952, 1261
17970, 1261
1261, 20170
11805, 1262
1262, 17508
19399, 1263
1263, 8765
16802, 1264
1264, 7872
10816, 1265
1265, 8138
1265, 18707
6901, 1266
1266, 22606
22954, 1267
15815, 1267
18059, 1267
10280, 1267
1267, 17866
10145, 1268
1268, 21089
19350, 1269
1269, 16093
17639, 1270
1270, 17061
13414, 1271
6934, 1271
18416, 1271
1271, 10829
1271, 8523
19838, 1272
1272, 13856
1272, 15331
1272, 17894
1272, 22035
1272, 17287
6612, 1273
1273, 21713
17415, 1274
1274, 12325
8847, 1275
1275, 17207
7226, 1276
1276, 21667
1276, 9227
1276, 10584
1276, 7727
1276, 11393
1276, 16287
1276, 22289
1276, 16831
1276, 7868
1276, 16788
1276, 8735
1276, 22964
1276, 7840
1276, 14840
1276, 19916
1276, 10249
1276, 12201
1276, 10995
1276, 12069
1276, 21770
1276, 10095
1276, 20572
1276, 14122
1276, 20716
1276, 14843
1276, 11138
1276, 18462
1276, 18644
1276, 21991
1276, 10835
1276, 12981
1276, 6922
1276, 23353
1276, 8131
1276, 20584
1276, 9060
1276, 19380
1276, 11905
1276, 23065
1276, 19381
1276, 21184
1276, 11614
1276, 12133
1276, 6962
1276, 22540
1276, 14068
1276, 8768
1276, 15907
1276, 13675
1276, 20195
1276, 12344
1276, 11790
1276, 9216
1276, 22534
1276, 14557
1276, 22777
1276, 16068
1276, 18477
1276, 19430
1276, 16483
1276, 13756
1276, 22753
1276, 7814
1276, 20216
18416, 1277
1277, 8253
15014, 1278
20958, 1278
13854, 1278
6597, 1278
17021, 1278
16344, 1278
1278, 8111
11042, 1279
1279, 18856
21806, 1280
1280, 6961
15172, 1281
1281, 19015
1281, 14073
19838, 1282
1282, 9039
1282, 12684
1282, 10427
1282, 8975
10160, 1283
1283, 22531
1283, 6699
1283, 10929
8902, 1284
14700, 1284
16994, 1284
16667, 1284
1284, 13211
23017, 1285
1285, 8228
18529, 1286
1286, 12772
19225, 1287
1287, 15539
17043, 1288
1288, 20129
19728, 1289
1289, 6498
9294, 1290
16539, 1290
12468, 1290
11380, 1290
7948, 1290
22242, 1290
13823, 1290
1290, 22114
1290, 13685
6686, 1291
1291, 22061
1291, 21858
7372, 1292
23375, 1292
1292, 18311
12964, 1293
10806, 1293
18010, 1293
22403, 1293
9894, 1293
17612, 1293
1293, 17799
21929, 1294
1294, 17833
12749, 1295
1295, 14271
18603, 1296
6674, 1296
1296, 6278
10166, 1297
1297, 7701
1297, 17583
1297, 15934
12527, 1298
1298, 9275
14402, 1299
1299, 6415
16348, 1300
1300, 10246
13890, 1301
1301, 18542
9691, 1302
1302, 21920
19838, 1303
1303, 21577
1303, 11580
1303, 19215
1303, 16337
1303, 7667
16066, 1304
1304, 20132
19145, 1305
1305, 14416
9905, 1306
19197, 1306
1306, 8110
21058, 1307
1307, 13102
19087, 1308
1308, 13041
7559, 1309
1309, 13800
14402, 1310
1310, 6415
19803, 1311
15811, 1311
20526, 1311
16980, 1311
14487, 1311
13055, 1311
10446, 1311
7214, 1311
20702, 1311
1311, 18459
8251, 1312
1312, 10117
11111, 1313
1313, 19490
22761, 1314
19224, 1314
6959, 1314
11649, 1314
14991, 1314
17223, 1314
1314, 10109
11897, 1315
20694, 1315
1315, 14580
22294, 1316
21347, 1316
1316, 22463
1316, 7965
12678, 1317
22602, 1317
21081, 1317
1317, 15863
11260, 1318
1318, 9981
15460, 1319
1319, 16726
15977, 1320
13515, 1320
20305, 1320
7474, 1320
12072, 1320
1320, 14922
9840, 1321
1321, 6799
7492, 1322
1322, 9118
16568, 1323
1323, 9212
13119, 1324
1324, 6463
20981, 1325
1325, 12836
13809, 1326
1326, 11233
20869, 1327
1327, 14900
13279, 1328
1328, 21972
8351, 1329
1329, 10246
20166, 1330
1330, 22074
13477, 1331
1331, 11972
17659, 1332
1332, 14499
13796, 1333
7013, 1333
1333, 9273
1333, 11719
10145, 1334
1334, 23313
1334, 7053
13136, 1335
1335, 23070
19838, 1336
1336, 11556
1336, 7628
19338, 1337
1337, 17019
15172, 1338
1338, 10832
10166, 1339
1339, 16623
1339, 21651
1339, 21406
1339, 11565
1339, 8019
18630, 1340
1340, 8140
19317, 1341
1341, 8551
8982, 1342
1342, 19307
11364, 1343
1343, 9144
14395, 1344
6584, 1344
19503, 1344
14489, 1344
13922, 1344
1344, 18070
19097, 1345
1345, 10874
20642, 1346
1346, 14067
16249, 1347
14871, 1347
14722, 1347
7084, 1347
22991, 1347
20948, 1347
20918, 1347
1347, 19521
7708, 1348
1348, 10402
13172, 1349
1349, 22351
16162, 1350
1350, 10683
10166, 1351
1351, 14497
1351, 20303
1351, 13674
1351, 20040
21310, 1352
8132, 1352
1352, 14083
21058, 1353
1353, 19843
15884, 1354
1354, 14916
17501, 1355
1355, 18382
22652, 1356
1356, 16857
15884, 1357
1357, 16325
20806, 1358
1358, 12186
10145, 1359
1359, 7177
14220, 1360
1360, 19770
10152, 1361
1361, 20265
17168, 1362
1362, 10727
7821, 1363
1363, 10843
1363, 7050
7943, 1364
1364, 21229
1364, 17431
15884, 1365
1365, 21619
1365, 9453
1365, 7171
6437, 1366
1366, 20414
13130, 1367
1367, 16989
9568, 1368
1368, 21755
18136, 1369
20012, 1369
23372, 1369
11421, 1369
10821, 1369
18750, 1369
6844, 1369
8380, 1369
16808, 1369
14997, 1369
1369, 17411
10145, 1370
1370, 7949
20107, 1371
1371, 23195
8157, 1372
1372, 22041
12842, 1373
23080, 1373
22419, 1373
1373, 13413
9958, 1374
1374, 15347
1374, 11242
18001, 1375
1375, 22975
10145, 1376
1376, 7806
10816, 1377
1377, 12102
13026, 1378
1378, 7428
20751, 1379
1379, 8535
1379, 13561
19614, 1380
1380, 20211
17679, 1381
1381, 12616
13839, 1382
1382, 9221
19728, 1383
1383, 10727
11258, 1384
1384, 19283
10533, 1385
1385, 12206
8336, 1386
1386, 19830
17043, 1387
1387, 22119
8988, 1388
1388, 19904
1388, 19577
10145, 1389
1389, 18537
20806, 1390
1390, 7138
7048, 1391
1391, 17611
14463, 1392
1392, 10246
11655, 1393
1393, 7131
18664, 1394
1394, 12074
19728, 1395
1395, 19307
16729, 1396
1396, 16455
15884, 1397
1397, 8907
21376, 1398
1398, 8029
10145, 1399
1399, 23506
10594, 1400
1400, 6554
13773, 1401
1401, 23516
15608, 1402
1402, 14738
1402, 8413
1402, 22037
1402, 19415
1402, 11696
1402, 15819
1402, 11016
1402, 11084
1402, 9166
1402, 7119
1402, 15777
10880, 1403
1403, 6362
11823, 1404
7035, 1404
6480, 1404
1404, 9767
1404, 7082
21597, 1405
21883, 1405
1405, 10696
17194, 1406
1406, 17672
9001, 1407
1407, 17963
17043, 1408
1408, 10252
22949, 1409
1409, 20321
21201, 1410
1410, 19469
20184, 1411
1411, 17855
1411, 23346
1411, 10662
1411, 23098
1411, 18640
1411, 7196
1411, 10403
1411, 6589
1411, 20611
1411, 11615
1411, 21196
1411, 20897
1411, 21019
1411, 16573
1411, 20155
1411, 21798
1411, 7036
1411, 21884
1411, 21787
1411, 9763
1411, 21517
1411, 17598
1411, 7038
1411, 15924
1411, 18385
1411, 22777
1411, 21423
1411, 16911
1411, 21368
1411, 13727
1411, 18261
1411, 17810
1411, 11133
6692, 1412
13632, 1412
18873, 1412
1412, 10865
22880, 1413
1413, 10269
15884, 1414
1414, 12127
9707, 1415
1415, 21913
7872, 1416
17368, 1416
11110, 1416
6559, 1416
14645, 1416
12342, 1416
17683, 1416
14434, 1416
21642, 1416
23339, 1416
7727, 1416
15644, 1416
10797, 1416
12015, 1416
23364, 1416
16111, 1416
7273, 1416
7611, 1416
19836, 1416
16287, 1416
6823, 1416
9067, 1416
19625, 1416
21725, 1416
9971, 1416
22289, 1416
17824, 1416
21802, 1416
17494, 1416
10060, 1416
17569, 1416
17323, 1416
15785, 1416
20406, 1416
7996, 1416
10623, 1416
16044, 1416
14947, 1416
12019, 1416
10321, 1416
9170, 1416
23180, 1416
19495, 1416
21125, 1416
16788, 1416
19292, 1416
8115, 1416
17104, 1416
12100, 1416
8735, 1416
17167, 1416
8110, 1416
18568, 1416
10049, 1416
13062, 1416
6899, 1416
17232, 1416
12797, 1416
17745, 1416
23374, 1416
12175, 1416
10059, 1416
12340, 1416
19774, 1416
22519, 1416
12616, 1416
14309, 1416
20182, 1416
10088, 1416
10252, 1416
13438, 1416
9929, 1416
22226, 1416
23537, 1416
14322, 1416
7417, 1416
11672, 1416
21534, 1416
22733, 1416
7278, 1416
8253, 1416
10865, 1416
16190, 1416
18526, 1416
10078, 1416
7451, 1416
22151, 1416
16071, 1416
16770, 1416
6961, 1416
20056, 1416
18378, 1416
10249, 1416
21628, 1416
14428, 1416
14007, 1416
18900, 1416
21955, 1416
9876, 1416
22531, 1416
18654, 1416
6371, 1416
10913, 1416
12607, 1416
7482, 1416
22200, 1416
12850, 1416
22165, 1416
21687, 1416
21885, 1416
7937, 1416
9678, 1416
10995, 1416
20265, 1416
14217, 1416
6615, 1416
22292, 1416
16070, 1416
13561, 1416
10541, 1416
17012, 1416
11761, 1416
12695, 1416
18207, 1416
12484, 1416
20537, 1416
16078, 1416
16469, 1416
19371, 1416
23571, 1416
13686, 1416
22276, 1416
10149, 1416
21564, 1416
12563, 1416
18955, 1416
10771, 1416
16027, 1416
13078, 1416
10837, 1416
6687, 1416
16887, 1416
16118, 1416
17465, 1416
21770, 1416
18429, 1416
18984, 1416
6532, 1416
11367, 1416
17608, 1416
15444, 1416
13168, 1416
11998, 1416
9739, 1416
12636, 1416
14644, 1416
8444, 1416
17046, 1416
20598, 1416
10095, 1416
9756, 1416
6879, 1416
13599, 1416
15295, 1416
21026, 1416
16474, 1416
7138, 1416
23389, 1416
14460, 1416
21267, 1416
14742, 1416
15044, 1416
9869, 1416
16138, 1416
15379, 1416
11274, 1416
18994, 1416
14934, 1416
14002, 1416
19219, 1416
19231, 1416
11688, 1416
15880, 1416
18792, 1416
22082, 1416
16422, 1416
21876, 1416
10833, 1416
9719, 1416
12615, 1416
17387, 1416
11360, 1416
6362, 1416
14437, 1416
11372, 1416
10468, 1416
23599, 1416
14628, 1416
9321, 1416
7211, 1416
7156, 1416
18772, 1416
19245, 1416
11120, 1416
19675, 1416
20937, 1416
22776, 1416
12966, 1416
8349, 1416
16931, 1416
22759, 1416
14200, 1416
10766, 1416
19542, 1416
16880, 1416
8889, 1416
8996, 1416
8782, 1416
21991, 1416
8891, 1416
17963, 1416
10835, 1416
13285, 1416
12981, 1416
20119, 1416
12196, 1416
18891, 1416
15103, 1416
14809, 1416
7168, 1416
14954, 1416
19790, 1416
6441, 1416
9226, 1416
15894, 1416
17699, 1416
12581, 1416
21714, 1416
19309, 1416
16648, 1416
20868, 1416
16254, 1416
15624, 1416
22412, 1416
12345, 1416
11625, 1416
6856, 1416
14479, 1416
9465, 1416
16211, 1416
12412, 1416
21120, 1416
14456, 1416
6331, 1416
10180, 1416
8131, 1416
18703, 1416
19775, 1416
6792, 1416
10687, 1416
22187, 1416
18651, 1416
16503, 1416
20791, 1416
17035, 1416
10232, 1416
22493, 1416
16437, 1416
15839, 1416
11265, 1416
7717, 1416
9809, 1416
15889, 1416
7073, 1416
13948, 1416
18826, 1416
17708, 1416
19054, 1416
17383, 1416
14233, 1416
15242, 1416
19840, 1416
12806, 1416
23004, 1416
10341, 1416
11899, 1416
9667, 1416
8362, 1416
7318, 1416
20785, 1416
20854, 1416
14497, 1416
19845, 1416
20656, 1416
11271, 1416
20718, 1416
19177, 1416
23345, 1416
12344, 1416
15907, 1416
11905, 1416
16512, 1416
20378, 1416
18362, 1416
14113, 1416
21800, 1416
16482, 1416
15363, 1416
16757, 1416
10868, 1416
19019, 1416
22854, 1416
10246, 1416
14516, 1416
20211, 1416
15009, 1416
20466, 1416
17965, 1416
23625, 1416
15252, 1416
20863, 1416
9608, 1416
6721, 1416
21858, 1416
16134, 1416
19936, 1416
20786, 1416
15205, 1416
17363, 1416
15472, 1416
15425, 1416
19529, 1416
11458, 1416
7918, 1416
18933, 1416
14912, 1416
15224, 1416
21239, 1416
17152, 1416
20281, 1416
17798, 1416
20130, 1416
14170, 1416
20935, 1416
11061, 1416
18768, 1416
22511, 1416
21685, 1416
8307, 1416
6984, 1416
12206, 1416
17771, 1416
14091, 1416
13842, 1416
10254, 1416
22828, 1416
18916, 1416
9515, 1416
11591, 1416
10192, 1416
17838, 1416
16814, 1416
14693, 1416
17249, 1416
12865, 1416
6495, 1416
11270, 1416
8371, 1416
13297, 1416
9210, 1416
12186, 1416
21673, 1416
21793, 1416
9726, 1416
16086, 1416
10918, 1416
8768, 1416
7550, 1416
9747, 1416
14873, 1416
20552, 1416
20329, 1416
8485, 1416
22909, 1416
8468, 1416
6549, 1416
16101, 1416
22975, 1416
11311, 1416
17709, 1416
17524, 1416
19380, 1416
13476, 1416
9933, 1416
10380, 1416
13912, 1416
16297, 1416
8714, 1416
14468, 1416
15678, 1416
8880, 1416
12700, 1416
15336, 1416
14126, 1416
14329, 1416
22438, 1416
16926, 1416
14187, 1416
11434, 1416
11872, 1416
14686, 1416
22748, 1416
10003, 1416
21901, 1416
11503, 1416
13822, 1416
8923, 1416
20596, 1416
6342, 1416
15994, 1416
23065, 1416
23204, 1416
18340, 1416
1416, 9890
1416, 10145
15243, 1417
1417, 18401
1417, 14772
20819, 1418
1418, 19089
20891, 1419
1419, 18793
1419, 14438
21058, 1420
1420, 8745
19609, 1421
1421, 20265
22468, 1422
1422, 14584
16389, 1423
1423, 17119
7079, 1424
13341, 1424
1424, 10117
14936, 1425
10884, 1425
1425, 17035
6593, 1426
1426, 19283
21017, 1427
1427, 21773
1427, 21355
1427, 11232
1427, 18211
1427, 7071
1427, 20964
19032, 1428
1428, 15663
10145, 1429
1429, 13778
22613, 1430
1430, 9736
20907, 1431
20738, 1431
15266, 1431
1431, 14633
19838, 1432
1432, 20487
1432, 12649
1432, 15527
1432, 10860
1432, 13456
8806, 1433
1433, 19827
13247, 1434
1434, 22600
1434, 20953
20514, 1435
8743, 1435
10805, 1435
20992, 1435
16769, 1435
12198, 1435
1435, 17576
11277, 1436
1436, 22776
14402, 1437
1437, 6415
21289, 1438
1438, 20634
14802, 1439
1439, 22511
21883, 1440
12405, 1440
1440, 23412
10166, 1441
1441, 23352
1441, 17230
1441, 23156
1441, 22886
18249, 1442
1442, 23428
17437, 1443
12244, 1443
20781, 1443
10711, 1443
9446, 1443
12851, 1443
13769, 1443
1443, 8217
18227, 1444
1444, 10612
21140, 1445
1445, 7209
16713, 1446
1446, 20509
1446, 15459
1446, 15537
1446, 16933
1446, 22200
1446, 18933
1446, 6455
1446, 10948
1446, 19121
1446, 20964
1446, 14971
20327, 1447
1447, 13932
19838, 1448
1448, 18492
1448, 16986
1448, 9488
1448, 23111
1448, 19815
1448, 23050
1448, 10058
1448, 19932
12252, 1449
1449, 14737
11562, 1450
1450, 11006
1450, 10085
20090, 1451
1451, 9793
11234, 1452
1452, 6788
22635, 1453
6421, 1453
1453, 22829
11260, 1454
1454, 7017
15307, 1455
1455, 14203
8583, 1456
1456, 11132
8557, 1457
20239, 1457
12218, 1457
21918, 1457
10093, 1457
9617, 1457
13677, 1457
7938, 1457
12918, 1457
1457, 7605
17564, 1458
1458, 10274
15153, 1459
21604, 1459
17342, 1459
22452, 1459
22360, 1459
22772, 1459
8051, 1459
6810, 1459
22460, 1459
12642, 1459
12611, 1459
19573, 1459
22106, 1459
7537, 1459
9296, 1459
23170, 1459
14649, 1459
14841, 1459
8202, 1459
15663, 1459
8345, 1459
1459, 11177
22702, 1460
1460, 10498
10856, 1461
13964, 1461
1461, 14404
7780, 1462
10579, 1462
1462, 13547
17790, 1463
1463, 16634
13063, 1464
11487, 1464
9552, 1464
14397, 1464
22324, 1464
16309, 1464
20344, 1464
20925, 1464
18215, 1464
1464, 7130
10166, 1465
1465, 15425
1465, 19294
1465, 15420
7659, 1466
19600, 1466
13009, 1466
10772, 1466
13955, 1466
14312, 1466
11953, 1466
1466, 18252
13904, 1467
17952, 1467
1467, 22728
19838, 1468
1468, 19379
1468, 7596
1468, 7967
1468, 10427
15263, 1469
1469, 13874
18380, 1470
1470, 8118
23068, 1471
1471, 14796
21488, 1472
1472, 11079
17087, 1473
1473, 19862
13450, 1474
1474, 14867
15822, 1475
1475, 19404
1475, 13923
21904, 1476
1476, 7254
19824, 1477
1477, 14670
22495, 1478
1478, 15074
9297, 1479
1479, 12638
18229, 1480
19905, 1480
1480, 21447
13809, 1481
1481, 18817
1481, 23368
7803, 1482
1482, 7414
15783, 1483
1483, 14432
16739, 1484
1484, 19587
9518, 1485
21130, 1485
15407, 1485
1485, 11954
21332, 1486
1486, 14063
1486, 22345
14619, 1487
1487, 22917
10862, 1488
14079, 1488
1488, 9090
13809, 1489
1489, 16577
12007, 1490
1490, 20552
7580, 1491
21974, 1491
1491, 17294
1491, 22777
16937, 1492
1492, 17672
10105, 1493
15752, 1493
1493, 22776
10145, 1494
1494, 21676
10145, 1495
1495, 9411
10166, 1496
1496, 20468
1496, 17245
1496, 8417
1496, 8549
1496, 16063
1496, 12017
1496, 12229
16920, 1497
1497, 7344
13395, 1498
10215, 1498
1498, 23348
18427, 1499
1499, 19080
19838, 1500
1500, 18843
1500, 19937
1500, 6640
1500, 10284
1500, 16206
1500, 10654
6437, 1501
1501, 15754
6437, 1502
1502, 17869
22529, 1503
1503, 17522
15884, 1504
1504, 20025
11979, 1505
17094, 1505
17942, 1505
12961, 1505
14153, 1505
15906, 1505
21518, 1505
20632, 1505
17756, 1505
9041, 1505
15217, 1505
17670, 1505
13405, 1505
17047, 1505
19105, 1505
13433, 1505
17599, 1505
10420, 1505
14653, 1505
20203, 1505
17203, 1505
14885, 1505
13518, 1505
21224, 1505
10172, 1505
11744, 1505
11951, 1505
16810, 1505
19882, 1505
6333, 1505
11315, 1505
7807, 1505
18373, 1505
14503, 1505
8491, 1505
9801, 1505
13949, 1505
17007, 1505
11200, 1505
10885, 1505
10024, 1505
14421, 1505
10396, 1505
15710, 1505
14444, 1505
12047, 1505
7389, 1505
23027, 1505
11077, 1505
17166, 1505
20839, 1505
9660, 1505
1505, 10587
15461, 1506
1506, 8110
7288, 1507
1507, 15516
19578, 1508
21539, 1508
1508, 10914
1508, 18912
14968, 1509
1509, 21066
15884, 1510
1510, 19230
12945, 1511
1511, 6271
17329, 1512
1512, 9872
1512, 16101
13557, 1513
1513, 13005
6682, 1514
7726, 1514
14719, 1514
1514, 19899
20263, 1515
1515, 19912
19728, 1516
1516, 22862
12371, 1517
11193, 1517
1517, 18456
18164, 1518
12274, 1518
19786, 1518
16098, 1518
20241, 1518
1518, 7294
11947, 1519
1519, 18769
1519, 15838
9754, 1520
21360, 1520
1520, 11990
19973, 1521
1521, 18619
9993, 1522
1522, 16453
18704, 1523
22527, 1523
16160, 1523
1523, 20098
7600, 1524
1524, 23500
16383, 1525
1525, 14499
15882, 1526
1526, 12134
18554, 1527
1527, 20852
19654, 1528
1528, 14294
15884, 1529
1529, 8204
9810, 1530
1530, 17019
10145, 1531
1531, 21648
11518, 1532
1532, 15298
12392, 1533
1533, 19659
19637, 1534
1534, 22776
10145, 1535
1535, 17726
22702, 1536
1536, 6449
1536, 9507
20459, 1537
1537, 22089
15188, 1538
1538, 12627
10404, 1539
1539, 10405
11549, 1540
1540, 14561
14314, 1541
13105, 1541
7723, 1541
22951, 1541
1541, 11532
15884, 1542
1542, 22181
15884, 1543
1543, 11093
21894, 1544
8696, 1544
1544, 12757
19093, 1545
1545, 19285
22984, 1546
19527, 1546
18567, 1546
6352, 1546
7748, 1546
1546, 13238
14781, 1547
1547, 19801
22786, 1548
1548, 6946
13357, 1549
1549, 13998
13632, 1550
1550, 10865
7837, 1551
17926, 1551
1551, 7610
7791, 1552
1552, 17846
22415, 1553
1553, 17716
17501, 1554
13809, 1554
18416, 1554
1554, 8816
1554, 16005
1554, 23565
21427, 1555
1555, 13989
13696, 1556
1556, 16312
10816, 1557
1557, 18693
21546, 1558
1558, 21352
15879, 1559
1559, 9083
10145, 1560
1560, 19307
22608, 1561
1561, 13070
12945, 1562
1562, 8044
23150, 1563
1563, 19328
21201, 1564
1564, 13409
11128, 1565
1565, 8790
18101, 1566
11606, 1566
15430, 1566
13121, 1566
8756, 1566
18818, 1566
17128, 1566
13257, 1566
22656, 1566
1566, 17816
7709, 1567
1567, 10389
18237, 1568
1568, 8651
11919, 1569
1569, 13376
10145, 1570
1570, 12426
1570, 20793
19838, 1571
1571, 17940
1571, 14768
1571, 8564
12458, 1572
14531, 1572
1572, 11703
16308, 1573
1573, 19386
20097, 1574
17668, 1574
10370, 1574
15523, 1574
7935, 1574
1574, 19283
19838, 1575
1575, 19332
1575, 7829
1575, 13192
1575, 15016
1575, 9063
1575, 23265
8497, 1576
23304, 1576
10798, 1576
9299, 1576
17914, 1576
13840, 1576
12898, 1576
8176, 1576
10398, 1576
1576, 17799
1576, 13685
19151, 1577
1577, 14024
14875, 1578
1578, 16630
10145, 1579
1579, 16570
6786, 1580
1580, 19922
8978, 1581
9200, 1581
1581, 10831
15767, 1582
14168, 1582
8048, 1582
22643, 1582
23558, 1582
19024, 1582
20513, 1582
13133, 1582
17620, 1582
21127, 1582
9056, 1582
11525, 1582
9215, 1582
7742, 1582
7108, 1582
8260, 1582
22251, 1582
1582, 15896
11841, 1583
19925, 1583
15758, 1583
6375, 1583
7461, 1583
9961, 1583
7649, 1583
11974, 1583
20428, 1583
22230, 1583
17141, 1583
16761, 1583
21824, 1583
10887, 1583
23344, 1583
11800, 1583
19672, 1583
12903, 1583
12773, 1583
16587, 1583
11762, 1583
20437, 1583
16797, 1583
19066, 1583
19546, 1583
20224, 1583
19059, 1583
15572, 1583
12473, 1583
19214, 1583
9827, 1583
12876, 1583
10626, 1583
12941, 1583
12271, 1583
21308, 1583
16152, 1583
9252, 1583
10730, 1583
10532, 1583
7290, 1583
13231, 1583
11626, 1583
13263, 1583
21027, 1583
13903, 1583
19859, 1583
9319, 1583
15329, 1583
11757, 1583
7077, 1583
12589, 1583
1583, 22460
6705, 1584
1584, 14445
14699, 1585
1585, 18463
10358, 1586
1586, 20131
13313, 1587
1587, 10315
7384, 1588
1588, 13291
21360, 1589
1589, 9771
20833, 1590
1590, 13641
8036, 1591
15211, 1591
1591, 23299
18911, 1592
1592, 13435
21490, 1593
1593, 11250
10145, 1594
1594, 21933
14478, 1595
1595, 14920
12174, 1596
1596, 18762
22196, 1597
1597, 10901
17280, 1598
19270, 1598
1598, 16506
9163, 1599
1599, 16173
12945, 1600
1600, 17876
11260, 1601
1601, 10947
18998, 1602
1602, 17692
20019, 1603
1603, 15197
1603, 17368
1603, 10468
1603, 23599
1603, 11674
1603, 15103
1603, 11270
1603, 15384
1603, 8672
8304, 1604
1604, 17394
14691, 1605
1605, 6549
9558, 1606
1606, 11682
7304, 1607
1607, 16514
22496, 1608
1608, 14652
7229, 1609
1609, 10246
16376, 1610
9044, 1610
12719, 1610
7565, 1610
14083, 1610
17057, 1610
20719, 1610
16829, 1610
8271, 1610
6814, 1610
21319, 1610
11340, 1610
12428, 1610
6900, 1610
8518, 1610
7054, 1610
23019, 1610
16766, 1610
21497, 1610
9378, 1610
11582, 1610
15083, 1610
13013, 1610
14743, 1610
14881, 1610
15861, 1610
7719, 1610
9900, 1610
11206, 1610
18691, 1610
11379, 1610
22574, 1610
16325, 1610
13280, 1610
15576, 1610
20219, 1610
17239, 1610
15483, 1610
16689, 1610
19988, 1610
11112, 1610
14223, 1610
17641, 1610
19486, 1610
16065, 1610
10526, 1610
11331, 1610
12775, 1610
22491, 1610
16584, 1610
12113, 1610
20988, 1610
21674, 1610
21778, 1610
16421, 1610
8217, 1610
17878, 1610
7271, 1610
20595, 1610
22831, 1610
7570, 1610
7257, 1610
16477, 1610
15817, 1610
13316, 1610
1610, 18779
7729, 1611
1611, 10081
17206, 1612
1612, 12242
12767, 1613
1613, 14329
11701, 1614
1614, 11112
22323, 1615
1615, 16103
10145, 1616
1616, 18216
15884, 1617
1617, 19298
12720, 1618
1618, 14616
17480, 1619
1619, 8262
23618, 1620
1620, 7371
10937, 1621
1621, 17035
16741, 1622
1622, 9815
22845, 1623
14070, 1623
10118, 1623
1623, 22653
1623, 7278
1623, 17743
1623, 12695
1623, 14002
1623, 16660
1623, 12296
1623, 14962
1623, 11462
1623, 14896
1623, 21128
12945, 1624
1624, 14755
12378, 1625
1625, 22186
17740, 1626
1626, 11246
19007, 1627
1627, 22597
9903, 1628
15142, 1628
14833, 1628
22813, 1628
11482, 1628
6295, 1628
1628, 14479
22784, 1629
1629, 22081
1629, 13280
22520, 1630
1630, 13429
19234, 1631
1631, 7558
6770, 1632
12122, 1632
16013, 1632
10764, 1632
6660, 1632
9778, 1632
7154, 1632
1632, 17685
7263, 1633
13844, 1633
17081, 1633
8657, 1633
15969, 1633
1633, 8069
21667, 1634
15285, 1634
7705, 1634
11890, 1634
19827, 1634
8204, 1634
8264, 1634
10795, 1634
23576, 1634
7665, 1634
8852, 1634
18702, 1634
21248, 1634
15065, 1634
18346, 1634
8159, 1634
7251, 1634
7239, 1634
9371, 1634
10843, 1634
6415, 1634
8625, 1634
17411, 1634
15354, 1634
14087, 1634
9603, 1634
10556, 1634
19753, 1634
6449, 1634
9227, 1634
18718, 1634
12861, 1634
12496, 1634
12494, 1634
15754, 1634
10001, 1634
15246, 1634
9679, 1634
20968, 1634
18332, 1634
18821, 1634
10480, 1634
19911, 1634
8665, 1634
10103, 1634
13426, 1634
18850, 1634
9542, 1634
10584, 1634
16226, 1634
9365, 1634
19414, 1634
18389, 1634
14067, 1634
6419, 1634
8416, 1634
9922, 1634
7170, 1634
12937, 1634
8605, 1634
7761, 1634
11844, 1634
10416, 1634
10368, 1634
8698, 1634
22768, 1634
12300, 1634
8895, 1634
19516, 1634
15206, 1634
10051, 1634
16171, 1634
7734, 1634
8334, 1634
10914, 1634
20999, 1634
6317, 1634
11483, 1634
8626, 1634
7436, 1634
21789, 1634
17175, 1634
22833, 1634
10694, 1634
15432, 1634
10727, 1634
7010, 1634
20780, 1634
8272, 1634
16262, 1634
14561, 1634
20852, 1634
6875, 1634
19580, 1634
10498, 1634
9507, 1634
10198, 1634
1634, 19838
19316, 1635
1635, 7468
7335, 1636
1636, 15123
12287, 1637
1637, 18213
14478, 1638
1638, 18559
15884, 1639
1639, 14420
16066, 1640
1640, 8374
7147, 1641
8078, 1641
11164, 1641
18101, 1641
20375, 1641
1641, 20577
8583, 1642
1642, 11850
18343, 1643
1643, 21082
16750, 1644
13469, 1644
15244, 1644
8554, 1644
1644, 20968
14402, 1645
1645, 6415
19673, 1646
1646, 22335
19139, 1647
1647, 10402
22795, 1648
11244, 1648
7924, 1648
20528, 1648
1648, 10108
9733, 1649
9716, 1649
1649, 6961
19838, 1650
1650, 17861
1650, 16550
1650, 15390
10700, 1651
1651, 13876
19838, 1652
1652, 21195
1652, 11891
1652, 23581
16037, 1653
1653, 13249
17615, 1654
1654, 13561
1654, 9869
15741, 1655
7548, 1655
1655, 22176
19838, 1656
1656, 10908
1656, 16684
1656, 16859
1656, 21734
1656, 23012
1656, 6645
12497, 1657
1657, 15237
19838, 1658
1658, 20730
1658, 18729
1658, 10984
1658, 20590
1658, 10528
1658, 9213
1658, 12143
1658, 20527
1658, 19221
1658, 18909
1658, 23496
1658, 17287
16126, 1659
1659, 7168
1659, 12086
10145, 1660
1660, 18379
18116, 1661
1661, 12261
15826, 1662
1662, 9900
22058, 1663
15604, 1663
10230, 1663
18897, 1663
1663, 10843
7778, 1664
1664, 17183
1664, 22750
1664, 19179
12450, 1665
1665, 16226
20302, 1666
1666, 7937
13269, 1667
1667, 13168
15826, 1668
1668, 20724
13568, 1669
1669, 21182
14767, 1670
1670, 8245
6641, 1671
1671, 21657
18669, 1672
1672, 23487
16706, 1673
1673, 16794
23491, 1674
1674, 19780
17616, 1675
1675, 20265
10145, 1676
1676, 10198
12945, 1677
1677, 23253
19730, 1678
1678, 12730
18416, 1679
1679, 12019
19200, 1680
1680, 9852
7031, 1681
1681, 12277
13092, 1682
22277, 1682
1682, 19231
12907, 1683
1683, 17345
9140, 1684
22141, 1684
1684, 7849
11262, 1685
1685, 9809
19728, 1686
1686, 12186
21135, 1687
1687, 14479
9488, 1688
1688, 9857
14464, 1689
1689, 22776
9877, 1690
8906, 1690
1690, 8306
18517, 1691
1691, 12616
16556, 1692
1692, 22414
14828, 1693
1693, 15459
1693, 15537
1693, 15238
1693, 8362
1693, 20964
7663, 1694
13695, 1694
1694, 15894
17501, 1695
1695, 19477
7048, 1696
1696, 8636
14325, 1697
9052, 1697
1697, 22318
15884, 1698
1698, 20025
1698, 8961
12407, 1699
1699, 14203
7009, 1700
1700, 22155
15884, 1701
1701, 21456
18001, 1702
1702, 11795
14446, 1703
1703, 10891
9858, 1704
1704, 16995
1704, 20288
23387, 1705
1705, 18303
12990, 1706
6858, 1706
9133, 1706
1706, 11602
10816, 1707
1707, 9981
1707, 20066
17981, 1708
1708, 10250
16154, 1709
1709, 7056
6515, 1710
1710, 21628
9596, 1711
1711, 18384
23174, 1712
1712, 15528
1712, 21542
1712, 14605
10944, 1713
1713, 7110
1713, 9019
16184, 1714
1714, 22687
1714, 13361
15507, 1715
1715, 17770
16524, 1716
14996, 1716
1716, 21153
16291, 1717
1717, 14528
19728, 1718
1718, 17895
23045, 1719
1719, 9814
9823, 1720
1720, 17801
9805, 1721
1721, 11541
19838, 1722
1722, 13158
1722, 22944
1722, 21825
1722, 14589
1722, 17753
1722, 19989
18613, 1723
19411, 1723
1723, 19752
22740, 1724
1724, 21522
9154, 1725
1725, 18134
13696, 1726
1726, 17884
15172, 1727
1727, 21465
17932, 1728
1728, 12484
11411, 1729
10326, 1729
23524, 1729
17384, 1729
21399, 1729
17732, 1729
1729, 10637
12176, 1730
1730, 15458
19328, 1731
7872, 1731
13380, 1731
13228, 1731
11604, 1731
16012, 1731
7007, 1731
7061, 1731
10869, 1731
18470, 1731
22829, 1731
14780, 1731
10060, 1731
10281, 1731
9522, 1731
8385, 1731
12088, 1731
18665, 1731
7850, 1731
11722, 1731
15945, 1731
15298, 1731
19660, 1731
17167, 1731
8110, 1731
21249, 1731
7582, 1731
7921, 1731
19226, 1731
7831, 1731
20117, 1731
13624, 1731
13971, 1731
14228, 1731
9376, 1731
15807, 1731
14334, 1731
21095, 1731
15386, 1731
18944, 1731
6961, 1731
18378, 1731
21628, 1731
6318, 1731
22041, 1731
20652, 1731
20983, 1731
21885, 1731
12111, 1731
20265, 1731
7457, 1731
8655, 1731
18915, 1731
16070, 1731
10266, 1731
13561, 1731
12069, 1731
20537, 1731
9337, 1731
21913, 1731
22037, 1731
6964, 1731
10837, 1731
19117, 1731
16192, 1731
15135, 1731
22454, 1731
17716, 1731
7138, 1731
14032, 1731
14141, 1731
11615, 1731
8760, 1731
10034, 1731
19231, 1731
13086, 1731
16321, 1731
9164, 1731
22367, 1731
10650, 1731
12855, 1731
22776, 1731
10150, 1731
18705, 1731
12868, 1731
10766, 1731
7186, 1731
22978, 1731
13493, 1731
11705, 1731
8777, 1731
6496, 1731
14816, 1731
19636, 1731
10362, 1731
6563, 1731
15976, 1731
16726, 1731
23478, 1731
23550, 1731
20542, 1731
15624, 1731
10580, 1731
18807, 1731
16816, 1731
10229, 1731
14479, 1731
8360, 1731
13739, 1731
9489, 1731
6331, 1731
11175, 1731
14282, 1731
17035, 1731
13753, 1731
21550, 1731
12306, 1731
9809, 1731
14445, 1731
12554, 1731
20217, 1731
19415, 1731
11899, 1731
16737, 1731
7318, 1731
7460, 1731
20621, 1731
11591, 1731
15983, 1731
7695, 1731
19883, 1731
9295, 1731
19115, 1731
19477, 1731
8302, 1731
22796, 1731
19927, 1731
16284, 1731
12206, 1731
12081, 1731
9003, 1731
20468, 1731
7036, 1731
12133, 1731
11963, 1731
16482, 1731
8254, 1731
20863, 1731
22438, 1731
6549, 1731
9370, 1731
7917, 1731
8306, 1731
7110, 1731
18934, 1731
10246, 1731
22854, 1731
19390, 1731
23154, 1731
20971, 1731
12962, 1731
15636, 1731
17395, 1731
8880, 1731
21978, 1731
23160, 1731
8284, 1731
22837, 1731
20304, 1731
16142, 1731
12186, 1731
6374, 1731
11740, 1731
7262, 1731
17771, 1731
15877, 1731
17428, 1731
19019, 1731
6542, 1731
13645, 1731
21901, 1731
14922, 1731
21739, 1731
9866, 1731
20074, 1731
6739, 1731
8636, 1731
19216, 1731
9216, 1731
16515, 1731
14355, 1731
1731, 8999
1731, 10145
10145, 1732
1732, 11376
19116, 1733
1733, 22034
17353, 1734
1734, 19396
1734, 6751
14801, 1735
1735, 17771
6437, 1736
1736, 22471
17575, 1737
1737, 6774
23108, 1738
1738, 14049
15884, 1739
1739, 17973
1739, 6419
10581, 1740
1740, 22766
8742, 1741
1741, 17494
17976, 1742
23103, 1742
11620, 1742
21540, 1742
22878, 1742
21233, 1742
18465, 1742
1742, 7984
10145, 1743
1743, 15234
8415, 1744
1744, 15596
17750, 1745
1745, 11271
12945, 1746
1746, 15239
15182, 1747
1747, 6438
14402, 1748
1748, 6415
15884, 1749
1749, 12536
15172, 1750
1750, 21465
13467, 1751
1751, 14561
18907, 1752
11076, 1752
13430, 1752
20737, 1752
18333, 1752
11515, 1752
1752, 9239
10166, 1753
1753, 15134
1753, 7064
1753, 17257
1753, 10017
1753, 6481
1753, 8388
8994, 1754
1754, 13372
12155, 1755
1755, 17833
18026, 1756
1756, 6677
20701, 1757
7893, 1757
13422, 1757
9449, 1757
23034, 1757
7098, 1757
19926, 1757
10452, 1757
20145, 1757
10635, 1757
20253, 1757
18005, 1757
14013, 1757
7714, 1757
8094, 1757
1757, 10246
15211, 1758
1758, 19372
22154, 1759
1759, 14020
14548, 1760
19508, 1760
21396, 1760
22727, 1760
12867, 1760
22913, 1760
8223, 1760
13837, 1760
19620, 1760
1760, 17209
21736, 1761
1761, 11748
18811, 1762
23395, 1762
1762, 16482
7296, 1763
1763, 19534
15385, 1764
1764, 15999
18694, 1765
18390, 1765
20170, 1765
8813, 1765
21522, 1765
6614, 1765
17672, 1765
18756, 1765
9835, 1765
6336, 1765
6866, 1765
16995, 1765
13973, 1765
16350, 1765
8970, 1765
12776, 1765
14564, 1765
21701, 1765
10499, 1765
6299, 1765
16369, 1765
9399, 1765
11546, 1765
10843, 1765
6415, 1765
8141, 1765
7034, 1765
9126, 1765
12337, 1765
19015, 1765
19143, 1765
12242, 1765
12622, 1765
9946, 1765
16221, 1765
11009, 1765
17799, 1765
16487, 1765
21697, 1765
9749, 1765
20834, 1765
17406, 1765
12044, 1765
22300, 1765
14796, 1765
16740, 1765
16480, 1765
8653, 1765
19307, 1765
12008, 1765
16545, 1765
16847, 1765
6276, 1765
13883, 1765
9418, 1765
13475, 1765
8718, 1765
17351, 1765
20131, 1765
12793, 1765
7169, 1765
22877, 1765
15184, 1765
15449, 1765
10360, 1765
19714, 1765
17365, 1765
12889, 1765
17593, 1765
9913, 1765
18816, 1765
17356, 1765
7849, 1765
8790, 1765
6484, 1765
18590, 1765
22582, 1765
20936, 1765
20969, 1765
17955, 1765
17869, 1765
6837, 1765
14293, 1765
18439, 1765
19447, 1765
13468, 1765
15017, 1765
6581, 1765
13685, 1765
10927, 1765
6797, 1765
7344, 1765
14073, 1765
7331, 1765
9113, 1765
14420, 1765
1765, 19838
23431, 1766
1766, 20265
10166, 1767
1767, 9164
1767, 20542
1767, 7136
1767, 14893
1767, 16255
9562, 1768
13934, 1768
15144, 1768
1768, 8880
14787, 1769
1769, 17406
10166, 1770
1770, 20424
1770, 19633
13087, 1771
1771, 13597
10166, 1772
1772, 14497
19838, 1773
1773, 10036
1773, 14536
1773, 14040
1773, 10824
18957, 1774
1774, 12616
15898, 1775
17673, 1775
1775, 16552
18061, 1776
1776, 14422
7886, 1777
1777, 11694
21207, 1778
21292, 1778
13397, 1778
15526, 1778
18604, 1778
6627, 1778
1778, 21971
17332, 1779
1779, 17351
23361, 1780
1780, 18810
20746, 1781
1781, 15318
23551, 1782
18068, 1782
8677, 1782
22482, 1782
1782, 13285
11131, 1783
7055, 1783
1783, 15567
22812, 1784
1784, 14145
10845, 1785
1785, 11922
11083, 1786
1786, 14482
17043, 1787
1787, 17678
9906, 1788
1788, 13672
7662, 1789
1789, 18999
10404, 1790
1790, 19683
21118, 1791
1791, 8623
15376, 1792
1792, 19619
20665, 1793
1793, 15983
19838, 1794
1794, 19071
1794, 12220
1794, 15317
1794, 16445
1794, 9005
9443, 1795
1795, 10918
13788, 1796
20602, 1796
9161, 1796
6414, 1796
8824, 1796
7669, 1796
13807, 1796
1796, 6432
15045, 1797
18101, 1797
8394, 1797
11845, 1797
12041, 1797
18043, 1797
21243, 1797
1797, 15938
12945, 1798
1798, 18214
9160, 1799
6988, 1799
9826, 1799
17414, 1799
1799, 20373
1799, 13561
16066, 1800
1800, 15802
16167, 1801
13867, 1801
10256, 1801
8599, 1801
1801, 14382
13772, 1802
1802, 18311
13251, 1803
1803, 8161
22607, 1804
1804, 17392
10145, 1805
1805, 8699
1805, 17472
1805, 22313
19841, 1806
1806, 18495
8321, 1807
1807, 8722
10519, 1808
1808, 10099
21058, 1809
1809, 19843
16117, 1810
1810, 16628
13985, 1811
1811, 9522
9981, 1812
1812, 19838
1812, 17706
1812, 14998
1812, 14298
1812, 19974
1812, 8957
21658, 1813
22310, 1813
22420, 1813
13317, 1813
9624, 1813
11900, 1813
20583, 1813
1813, 6323
1813, 16374
1813, 11971
14750, 1814
1814, 19977
10145, 1815
1815, 18591
11452, 1816
1816, 15346
8570, 1817
12783, 1817
1817, 14628
22148, 1818
1818, 20973
6576, 1819
1819, 9477
1819, 12329
1819, 23518
6684, 1820
1820, 14212
22326, 1821
1821, 19838
1821, 23472
22793, 1822
1822, 8668
21058, 1823
1823, 13813
14251, 1824
1824, 22548
1824, 10549
19865, 1825
1825, 16321
18112, 1826
1826, 6451
14085, 1827
1827, 11394
15013, 1828
12932, 1828
7224, 1828
7192, 1828
13065, 1828
1828, 7007
13626, 1829
18098, 1829
1829, 9834
8664, 1830
1830, 10738
7547, 1831
13513, 1831
17562, 1831
18066, 1831
21360, 1831
1831, 7262
19608, 1832
1832, 15804
10053, 1833
1833, 12305
20975, 1834
1834, 10590
16245, 1835
1835, 18378
7866, 1836
1836, 22096
15884, 1837
1837, 22452
16608, 1838
17602, 1838
1838, 6626
12528, 1839
11542, 1839
1839, 7867
11457, 1840
10574, 1840
1840, 20677
14402, 1841
1841, 6415
6437, 1842
1842, 18233
22920, 1843
1843, 9433
19935, 1844
1844, 10986
9323, 1845
22635, 1845
1845, 22829
12073, 1846
1846, 11066
13469, 1847
1847, 13600
20927, 1848
12812, 1848
14622, 1848
20610, 1848
14593, 1848
12944, 1848
19630, 1848
15499, 1848
1848, 22090
7520, 1849
1849, 16357
11260, 1850
1850, 9304
19838, 1851
1851, 10102
1851, 8152
1851, 20782
1851, 21975
1851, 20379
1851, 8683
1851, 9563
15884, 1852
1852, 8455
17501, 1853
1853, 15796
1853, 14162
1853, 19159
1853, 6985
1853, 8875
19136, 1854
1854, 8861
6934, 1855
1855, 23075
1855, 21455
7237, 1856
1856, 21628
1856, 17062
17501, 1857
1857, 20789
17069, 1858
1858, 15052
15873, 1859
1859, 18618
13907, 1860
12993, 1860
20562, 1860
6917, 1860
18425, 1860
1860, 15930
14402, 1861
1861, 6415
21637, 1862
1862, 16142
9948, 1863
1863, 22023
1863, 18686
22014, 1864
1864, 17566
10166, 1865
1865, 18607
1865, 10672
22571, 1866
1866, 8585
10938, 1867
1867, 16925
15299, 1868
1868, 18161
18282, 1869
1869, 15202
19838, 1870
1870, 14214
1870, 20646
1870, 13938
15231, 1871
21729, 1871
1871, 21582
19838, 1872
1872, 10040
1872, 6927
1872, 16968
1872, 19278
17043, 1873
1873, 12205
1873, 7530
13414, 1874
13809, 1874
1874, 21685
1874, 8307
7261, 1875
1875, 12264
12637, 1876
14179, 1876
12094, 1876
18553, 1876
8438, 1876
22055, 1876
1876, 12995
21722, 1877
1877, 15336
16279, 1878
1878, 20265
11047, 1879
15780, 1879
22144, 1879
1879, 16905
15693, 1880
21693, 1880
1880, 18936
18416, 1881
1881, 7648
1881, 21819
17506, 1882
1882, 8211
7597, 1883
1883, 19874
9264, 1884
1884, 7348
19232, 1885
1885, 6714
19838, 1886
1886, 7340
1886, 12614
1886, 9022
1886, 19617
1886, 23484
1886, 8014
9263, 1887
1887, 22451
8618, 1888
1888, 17570
21788, 1889
1889, 7358
21710, 1890
1890, 13260
23331, 1891
1891, 11437
12493, 1892
1892, 15998
10124, 1893
1893, 22759
19914, 1894
1894, 12739
22902, 1895
1895, 7306
6577, 1896
20578, 1896
6587, 1896
17697, 1896
1896, 6879
13142, 1897
1897, 22333
23168, 1898
1898, 16851
14402, 1899
1899, 6415
10145, 1900
1900, 19089
17374, 1901
1901, 21845
20778, 1902
12074, 1902
21786, 1902
9857, 1902
8077, 1902
22605, 1902
17035, 1902
11856, 1902
1902, 7921
1902, 10145
9727, 1903
1903, 22491
21119, 1904
1904, 19307
8033, 1905
13428, 1905
22484, 1905
18115, 1905
1905, 15839
20059, 1906
1906, 15979
19838, 1907
1907, 22742
1907, 20214
1907, 7808
1907, 11370
1907, 11307
19838, 1908
1908, 21895
1908, 16886
13417, 1909
1909, 18018
17130, 1910
1910, 12158
20792, 1911
1911, 22776
12448, 1912
1912, 21338
15951, 1913
10449, 1913
1913, 15314
8870, 1914
1914, 11208
16295, 1915
1915, 6452
16711, 1916
19511, 1916
20118, 1916
21951, 1916
6619, 1916
14316, 1916
12517, 1916
8364, 1916
9324, 1916
21931, 1916
10616, 1916
6773, 1916
20252, 1916
20987, 1916
8621, 1916
12809, 1916
20464, 1916
9765, 1916
22588, 1916
8283, 1916
11927, 1916
12295, 1916
20951, 1916
7094, 1916
16385, 1916
13550, 1916
8045, 1916
16307, 1916
16021, 1916
19981, 1916
20800, 1916
10689, 1916
10339, 1916
15718, 1916
7646, 1916
18226, 1916
13967, 1916
21525, 1916
19229, 1916
21154, 1916
11338, 1916
16239, 1916
8245, 1916
16592, 1916
10936, 1916
20308, 1916
10867, 1916
1916, 15900
20006, 1917
1917, 7616
15884, 1918
1918, 12429
10166, 1919
1919, 19836
1919, 12438
1919, 8981
1919, 7578
19299, 1920
1920, 20620
1920, 10717
1920, 22004
1920, 16235
1920, 21064
11628, 1921
18201, 1921
22005, 1921
1921, 10288
10636, 1922
15283, 1922
11472, 1922
7957, 1922
7213, 1922
1922, 13549
8620, 1923
1923, 19307
15673, 1924
1924, 16620
1924, 9210
1924, 21858
19838, 1925
1925, 19942
1925, 10291
1925, 14756
1925, 11675
12945, 1926
1926, 18941
12763, 1927
9345, 1927
1927, 8625
1927, 15842
1927, 20944
19838, 1928
1928, 20370
1928, 11155
1928, 20550
1928, 15138
1928, 12382
1928, 20336
1928, 14184
1928, 17985
22841, 1929
1929, 17833
8691, 1930
1930, 22776
8870, 1931
1931, 11208
7284, 1932
1932, 9044
17934, 1933
1933, 10735
19838, 1934
1934, 20041
1934, 17531
1934, 23146
1934, 21881
21251, 1935
1935, 21915
10145, 1936
1936, 9708
10770, 1937
1937, 16995
1937, 23237
19838, 1938
1938, 17688
15884, 1939
1939, 8917
19319, 1940
19132, 1940
14493, 1940
16742, 1940
16632, 1940
16638, 1940
20005, 1940
11185, 1940
1940, 20036
11218, 1941
1941, 11327
8332, 1942
1942, 20504
23187, 1943
1943, 21486
13706, 1944
1944, 16453
6503, 1945
15725, 1945
1945, 18020
9839, 1946
1946, 18358
16519, 1947
1947, 18688
23495, 1948
10046, 1948
9258, 1948
23067, 1948
1948, 13707
1948, 12202
7382, 1949
1949, 7183
21487, 1950
1950, 14259
23066, 1951
1951, 16850
1951, 18082
1951, 20971
14893, 1952
1952, 13664
1952, 11492
10166, 1953
1953, 18746
1953, 21037
1953, 19671
1953, 22825
1953, 17780
18612, 1954
1954, 20137
17005, 1955
7083, 1955
1955, 19307
7606, 1956
1956, 16690
17501, 1957
1957, 9646
13809, 1958
1958, 22050
16144, 1959
1959, 12523
6485, 1960
1960, 18305
8874, 1961
7240, 1961
11341, 1961
21252, 1961
23566, 1961
20725, 1961
10409, 1961
1961, 15273
7593, 1962
1962, 18826
10166, 1963
1963, 20854
19170, 1964
1964, 10766
10166, 1965
1965, 19391
1965, 21566
1965, 14975
15884, 1966
1966, 21594
17142, 1967
1967, 6517
1967, 12327
8659, 1968
18672, 1968
12195, 1968
12430, 1968
9825, 1968
13835, 1968
8796, 1968
11081, 1968
11935, 1968
19747, 1968
1968, 12765
16812, 1969
1969, 20935
21388, 1970
1970, 12929
6437, 1971
1971, 15096
13916, 1972
15723, 1972
1972, 19645
16553, 1973
1973, 18942
13696, 1974
1974, 21193
15704, 1975
1975, 15170
14600, 1976
1976, 18654
19838, 1977
1977, 12383
1977, 9478
1977, 13029
1977, 7480
1977, 14284
12945, 1978
1978, 15974
8488, 1979
22387, 1979
21421, 1979
18069, 1979
18670, 1979
13573, 1979
1979, 11532
17205, 1980
1980, 10246
21056, 1981
15899, 1981
1981, 12722
20717, 1982
1982, 13992
22241, 1983
1983, 19307
19838, 1984
1984, 15258
1984, 19535
21058, 1985
1985, 17803
15884, 1986
1986, 12251
16520, 1987
1987, 18691
19728, 1988
1988, 12239
19986, 1989
1989, 23270
12848, 1990
18280, 1990
23337, 1990
22312, 1990
16124, 1990
1990, 13591
1990, 19649
1990, 17241
1990, 6511
1990, 12699
1990, 21556
1990, 20534
1990, 17896
1990, 9966
9044, 1991
19211, 1991
12570, 1991
9842, 1991
11850, 1991
23117, 1991
21589, 1991
23542, 1991
13020, 1991
9095, 1991
13578, 1991
13306, 1991
10734, 1991
22559, 1991
17196, 1991
6918, 1991
12909, 1991
16217, 1991
9511, 1991
8669, 1991
22890, 1991
12261, 1991
9257, 1991
13129, 1991
23506, 1991
13829, 1991
21100, 1991
15173, 1991
23313, 1991
13946, 1991
23521, 1991
21755, 1991
15381, 1991
22947, 1991
22855, 1991
22490, 1991
18459, 1991
19199, 1991
21783, 1991
14412, 1991
12150, 1991
9761, 1991
12278, 1991
10113, 1991
9782, 1991
7774, 1991
11543, 1991
8202, 1991
12795, 1991
7795, 1991
12159, 1991
7053, 1991
8403, 1991
8330, 1991
23522, 1991
22011, 1991
1991, 22834
15884, 1992
1992, 20111
20275, 1993
1993, 19045
6556, 1994
21193, 1994
7007, 1994
18314, 1994
9067, 1994
22829, 1994
20335, 1994
6946, 1994
11208, 1994
23219, 1994
10865, 1994
18586, 1994
19425, 1994
21450, 1994
20651, 1994
20265, 1994
15596, 1994
7869, 1994
12317, 1994
15398, 1994
13969, 1994
13293, 1994
13982, 1994
11346, 1994
17850, 1994
8889, 1994
14986, 1994
14479, 1994
17035, 1994
9060, 1994
22494, 1994
6902, 1994
6624, 1994
16792, 1994
11661, 1994
9251, 1994
12878, 1994
13217, 1994
11316, 1994
21892, 1994
7553, 1994
21380, 1994
7756, 1994
21739, 1994
13173, 1994
15975, 1994
11253, 1994
1994, 7642
1994, 10145
15732, 1995
15730, 1995
21254, 1995
10634, 1995
18914, 1995
15655, 1995
21889, 1995
11552, 1995
13263, 1995
21871, 1995
11769, 1995
9593, 1995
7621, 1995
16494, 1995
7498, 1995
17155, 1995
15467, 1995
6287, 1995
16058, 1995
8041, 1995
21538, 1995
10809, 1995
9560, 1995
11536, 1995
20758, 1995
7004, 1995
22970, 1995
18168, 1995
17237, 1995
22751, 1995
9450, 1995
16280, 1995
16765, 1995
13587, 1995
8913, 1995
7508, 1995
8286, 1995
8973, 1995
22449, 1995
15733, 1995
16760, 1995
18741, 1995
11404, 1995
22730, 1995
22866, 1995
1995, 12005
15884, 1996
1996, 21400
8405, 1997
1997, 21857
13791, 1998
18713, 1998
1998, 14239
18669, 1999
1999, 10231
8601, 2000
2000, 13240
16759, 2001
2001, 20799
9390, 2002
2002, 22638
20340, 2003
12034, 2003
15256, 2003
19370, 2003
15563, 2003
7827, 2003
9430, 2003
13381, 2003
8552, 2003
6688, 2003
2003, 11740
23347, 2004
2004, 22561
15116, 2005
2005, 19307
11824, 2006
21063, 2006
21165, 2006
8153, 2006
17182, 2006
20198, 2006
2006, 7550
7150, 2007
2007, 10441
12945, 2008
2008, 15449
10516, 2009
2009, 19307
9134, 2010
2010, 13056
19475, 2011
2011, 8012
2011, 14751
2011, 15797
10166, 2012
2012, 16284
2012, 15678
2012, 15975
2012, 13440
9566, 2013
2013, 15995
22117, 2014
2014, 22831
20091, 2015
9909, 2015
11060, 2015
8378, 2015
12917, 2015
2015, 18390
10015, 2016
2016, 8330
11278, 2017
2017, 21008
16982, 2018
11814, 2018
6753, 2018
2018, 17035
10145, 2019
2019, 10852
2019, 14443
14402, 2020
2020, 6415
12945, 2021
2021, 22105
16875, 2022
2022, 17259
23191, 2023
19391, 2023
15157, 2023
22664, 2023
22779, 2023
18647, 2023
12310, 2023
8753, 2023
15546, 2023
20424, 2023
7282, 2023
19294, 2023
15583, 2023
21791, 2023
13674, 2023
12602, 2023
7501, 2023
15963, 2023
10397, 2023
11716, 2023
15584, 2023
19671, 2023
21529, 2023
7343, 2023
18415, 2023
18607, 2023
11565, 2023
18734, 2023
6512, 2023
13278, 2023
17458, 2023
7136, 2023
6606, 2023
15822, 2023
14591, 2023
23094, 2023
11294, 2023
15218, 2023
14876, 2023
14895, 2023
18146, 2023
11252, 2023
10017, 2023
11284, 2023
12726, 2023
6607, 2023
12280, 2023
6718, 2023
6667, 2023
14893, 2023
8417, 2023
23418, 2023
7127, 2023
12902, 2023
14965, 2023
10672, 2023
13134, 2023
19289, 2023
20575, 2023
22679, 2023
9277, 2023
15151, 2023
13976, 2023
9990, 2023
18924, 2023
21410, 2023
14975, 2023
13569, 2023
14542, 2023
14987, 2023
6982, 2023
12653, 2023
11119, 2023
19288, 2023
17898, 2023
10501, 2023
6957, 2023
22765, 2023
21264, 2023
11059, 2023
10549, 2023
14959, 2023
16870, 2023
14458, 2023
18206, 2023
7670, 2023
18379, 2023
9940, 2023
7900, 2023
22221, 2023
10775, 2023
15556, 2023
13262, 2023
15081, 2023
14256, 2023
16803, 2023
2023, 6820
13310, 2024
2024, 13083
10807, 2025
2025, 12197
19554, 2026
2026, 20537
17269, 2027
2027, 11646
21039, 2028
7575, 2028
2028, 10837
10959, 2029
2029, 14881
14789, 2030
2030, 11844
11650, 2031
2031, 19307
20728, 2032
2032, 13831
12007, 2033
2033, 9868
21246, 2034
2034, 11372
23467, 2035
10068, 2035
21069, 2035
8584, 2035
9788, 2035
18277, 2035
2035, 14561
10787, 2036
2036, 7980
10816, 2037
2037, 13636
16037, 2038
2038, 6863
8023, 2039
11051, 2039
2039, 22460
17822, 2040
2040, 12494
22069, 2041
2041, 19981
21432, 2042
2042, 17046
8638, 2043
2043, 15663
16784, 2044
2044, 22712
11846, 2045
2045, 15355
10816, 2046
2046, 12456
8812, 2047
2047, 18635
7538, 2048
18147, 2048
10345, 2048
2048, 12994
14478, 2049
2049, 11174
8932, 2050
2050, 14345
9711, 2051
17760, 2051
2051, 17167
15641, 2052
2052, 13067
13584, 2053
14595, 2053
2053, 19772
21012, 2054
2054, 18468
7085, 2055
2055, 22833
20709, 2056
2056, 6983
15361, 2057
2057, 22254
17804, 2058
6980, 2058
20837, 2058
2058, 9980
10454, 2059
2059, 9756
15928, 2060
10955, 2060
2060, 21408
11260, 2061
2061, 10368
7467, 2062
10422, 2062
2062, 15728
16640, 2063
2063, 7563
22216, 2064
2064, 19240
15884, 2065
2065, 14682
10166, 2066
2066, 13440
2066, 12115
2066, 11039
18667, 2067
2067, 20044
19838, 2068
2068, 14943
2068, 17862
2068, 17250
2068, 12834
2068, 23250
2068, 19895
2068, 23555
9977, 2069
2069, 21697
16104, 2070
19656, 2070
2070, 12869
10987, 2071
6991, 2071
2071, 17672
13723, 2072
2072, 14479
20806, 2073
2073, 7138
6437, 2074
2074, 14459
10171, 2075
15909, 2075
15966, 2075
21052, 2075
10223, 2075
11975, 2075
6664, 2075
10280, 2075
11840, 2075
21174, 2075
17703, 2075
11781, 2075
18699, 2075
17658, 2075
12048, 2075
9923, 2075
13716, 2075
10667, 2075
2075, 15416
6733, 2076
14829, 2076
10725, 2076
13411, 2076
19594, 2076
9807, 2076
2076, 13732
15436, 2077
2077, 16565
20899, 2078
2078, 21410
19728, 2079
2079, 12673
19125, 2080
2080, 22776
22769, 2081
2081, 10843
10145, 2082
2082, 19389
2082, 11052
12140, 2083
2083, 6362
2083, 15208
17501, 2084
2084, 14914
11260, 2085
2085, 17689
18337, 2086
2086, 7754
19838, 2087
2087, 23162
2087, 6465
2087, 9195
2087, 18971
2087, 19461
11830, 2088
20126, 2088
12703, 2088
9330, 2088
2088, 13299
6763, 2089
2089, 9981
10166, 2090
2090, 13988
2090, 17458
2090, 8021
21707, 2091
2091, 6257
2091, 15663
19340, 2092
9456, 2092
2092, 16665
2092, 19117
19336, 2093
2093, 12206
15939, 2094
15630, 2094
2094, 23015
12007, 2095
2095, 8467
7327, 2096
2096, 20038
11807, 2097
2097, 17510
9220, 2098
2098, 10027
6437, 2099
2099, 8635
10432, 2100
2100, 11123
17856, 2101
2101, 14103
7720, 2102
2102, 19176
11067, 2103
2103, 11545
15826, 2104
2104, 9900
15019, 2105
2105, 23605
13491, 2106
2106, 23101
15814, 2107
2107, 21303
22522, 2108
2108, 11753
19295, 2109
2109, 9962
10145, 2110
2110, 7169
8218, 2111
2111, 20756
14402, 2112
2112, 6415
13414, 2113
2113, 22591
2113, 23179
20186, 2114
2114, 20230
19838, 2115
2115, 21258
2115, 16466
2115, 15726
2115, 7767
19261, 2116
2116, 13305
15711, 2117
2117, 15839
9000, 2118
2118, 22210
11532, 2119
12419, 2119
21803, 2119
11550, 2119
12832, 2119
23406, 2119
15050, 2119
7857, 2119
15978, 2119
7956, 2119
7066, 2119
19619, 2119
9062, 2119
12679, 2119
21834, 2119
20882, 2119
18973, 2119
11485, 2119
8053, 2119
21648, 2119
16915, 2119
7909, 2119
11574, 2119
16650, 2119
17627, 2119
8509, 2119
20183, 2119
14072, 2119
22686, 2119
11003, 2119
13544, 2119
9007, 2119
15046, 2119
2119, 12093
23480, 2120
13421, 2120
2120, 14561
17360, 2121
2121, 12206
6612, 2122
2122, 21713
21570, 2123
2123, 9639
17887, 2124
2124, 15998
8833, 2125
2125, 19307
20114, 2126
2126, 14424
9428, 2127
2127, 6739
12945, 2128
2128, 17349
13117, 2129
2129, 18695
21460, 2130
2130, 17492
22671, 2131
2131, 12595
14927, 2132
2132, 15881
22117, 2133
2133, 18859
12945, 2134
2134, 19727
13189, 2135
2135, 17645
2135, 8043
7880, 2136
17326, 2136
17063, 2136
2136, 23151
14939, 2137
2137, 7301
19493, 2138
6464, 2138
12125, 2138
11208, 2138
6505, 2138
23025, 2138
17295, 2138
12277, 2138
10865, 2138
17343, 2138
18900, 2138
21618, 2138
17114, 2138
21078, 2138
22802, 2138
7138, 2138
8086, 2138
21408, 2138
16683, 2138
19812, 2138
22750, 2138
10431, 2138
8164, 2138
20874, 2138
18014, 2138
6634, 2138
9809, 2138
7418, 2138
15613, 2138
13707, 2138
6473, 2138
6930, 2138
16297, 2138
10246, 2138
16482, 2138
11537, 2138
19936, 2138
18193, 2138
2138, 14134
2138, 10145
18780, 2139
2139, 14087
20150, 2140
2140, 21344
21058, 2141
2141, 16781
9120, 2142
22278, 2142
2142, 13700
12243, 2143
2143, 22548
18836, 2144
2144, 8909
15884, 2145
2145, 21596
11987, 2146
2146, 12700
17070, 2147
10982, 2147
15725, 2147
20657, 2147
20310, 2147
7876, 2147
14807, 2147
20803, 2147
2147, 20923
2147, 13079
12025, 2148
2148, 22367
21507, 2149
2149, 20439
2149, 19999
17268, 2150
2150, 19501
19728, 2151
2151, 23215
19838, 2152
2152, 20180
2152, 7342
2152, 22291
2152, 7523
15320, 2153
2153, 20148
6557, 2154
2154, 21915
18416, 2155
2155, 10353
2155, 17514
10796, 2156
13979, 2156
8539, 2156
22488, 2156
20293, 2156
2156, 16103
23158, 2157
2157, 18676
19355, 2158
2158, 6529
7248, 2159
18531, 2159
18890, 2159
2159, 19498
16572, 2160
2160, 9067
21021, 2161
2161, 19681
12312, 2162
2162, 18454
14050, 2163
2163, 6749
12457, 2164
2164, 12871
10145, 2165
2165, 7513
10037, 2166
2166, 21882
18302, 2167
2167, 12165
20820, 2168
2168, 20619
18660, 2169
2169, 17903
12945, 2170
2170, 18757
19838, 2171
2171, 11219
2171, 17980
13886, 2172
2172, 6348
14534, 2173
2173, 6549
12230, 2174
2174, 8790
8855, 2175
2175, 10318
19838, 2176
2176, 8075
2176, 16106
2176, 18648
2176, 12152
2176, 20050
17913, 2177
2177, 11872
2177, 16454
18558, 2178
2178, 10163
21058, 2179
2179, 20193
17823, 2180
2180, 10633
2180, 17035
7680, 2181
2181, 13439
6686, 2182
2182, 23229
2182, 22673
7203, 2183
2183, 20338
15047, 2184
2184, 17142
18530, 2185
2185, 7277
9707, 2186
8242, 2186
2186, 21913
14577, 2187
2187, 7430
21013, 2188
22569, 2188
10196, 2188
7167, 2188
13953, 2188
19682, 2188
19036, 2188
20462, 2188
11932, 2188
11944, 2188
2188, 9991
11725, 2189
15137, 2189
13137, 2189
21677, 2189
2189, 21701
18217, 2190
2190, 9939
19838, 2191
2191, 15051
2191, 11891
2191, 16507
2191, 17287
15965, 2192
16551, 2192
2192, 8741
15172, 2193
2193, 7519
10145, 2194
2194, 12374
12489, 2195
2195, 15843
2195, 12866
2195, 12633
2195, 19606
2195, 16991
2195, 17152
2195, 18787
2195, 21708
2195, 12930
2195, 16688
2195, 19762
2195, 15267
2195, 8167
2195, 17783
2195, 8112
2195, 15855
2195, 17077
2195, 13494
2195, 18366
2195, 16661
2195, 12032
2195, 7689
2195, 22941
10399, 2196
16130, 2196
2196, 15450
7629, 2197
2197, 6793
18889, 2198
2198, 19883
17307, 2199
2199, 14647
2199, 18458
6437, 2200
2200, 15754
14801, 2201
2201, 17771
7415, 2202
2202, 10771
9481, 2203
2203, 14382
18631, 2204
2204, 19993
23464, 2205
2205, 22092
18956, 2206
2206, 13240
9800, 2207
2207, 7271
8932, 2208
2208, 18502
12670, 2209
2209, 9794
18310, 2210
14673, 2210
16954, 2210
2210, 17791
10816, 2211
2211, 9835
14467, 2212
23380, 2212
16324, 2212
10705, 2212
12733, 2212
8291, 2212
22366, 2212
18271, 2212
20011, 2212
15230, 2212
15333, 2212
22601, 2212
7401, 2212
18982, 2212
23268, 2212
12813, 2212
13662, 2212
9355, 2212
16779, 2212
2212, 15713
15419, 2213
2213, 6482
14180, 2214
2214, 17249
22775, 2215
2215, 12611
23564, 2216
12114, 2216
7679, 2216
18287, 2216
10712, 2216
18246, 2216
20798, 2216
9529, 2216
12758, 2216
23143, 2216
6639, 2216
21348, 2216
12594, 2216
21727, 2216
2216, 17035
18096, 2217
2217, 17046
19865, 2218
2218, 16321
22885, 2219
2219, 11379
21994, 2220
2220, 22332
6422, 2221
11301, 2221
18534, 2221
12148, 2221
2221, 21344
19880, 2222
21038, 2222
2222, 10843
10145, 2223
2223, 11382
2223, 8621
19666, 2224
2224, 6879
15822, 2225
2225, 8008
2225, 20356
18377, 2226
2226, 15579
10145, 2227
2227, 15148
10166, 2228
2228, 11963
2228, 11160
2228, 12788
2228, 8417
2228, 15990
2228, 8549
2228, 14987
2228, 11119
20272, 2229
2229, 20799
17501, 2230
2230, 12847
15884, 2231
2231, 11204
13351, 2232
2232, 7802
13378, 2233
2233, 18849
15508, 2234
6731, 2234
6551, 2234
2234, 20374
19809, 2235
2235, 14268
10145, 2236
2236, 13082
10089, 2237
2237, 21509
2237, 19031
17202, 2238
2238, 11834
14270, 2239
2239, 7620
20676, 2240
12294, 2240
2240, 18171
22674, 2241
6939, 2241
2241, 10231
11412, 2242
15128, 2242
17368, 2242
22919, 2242
14351, 2242
6559, 2242
14645, 2242
15736, 2242
17683, 2242
19849, 2242
7727, 2242
14562, 2242
20647, 2242
16510, 2242
20985, 2242
16224, 2242
20778, 2242
17482, 2242
21725, 2242
7846, 2242
8507, 2242
16983, 2242
22289, 2242
22829, 2242
8794, 2242
22409, 2242
19397, 2242
12606, 2242
12735, 2242
13402, 2242
15945, 2242
11239, 2242
16788, 2242
8735, 2242
22964, 2242
7673, 2242
12411, 2242
17745, 2242
6378, 2242
14321, 2242
22906, 2242
10059, 2242
10728, 2242
9637, 2242
8861, 2242
21590, 2242
23142, 2242
13438, 2242
15747, 2242
14471, 2242
11958, 2242
7417, 2242
9698, 2242
19313, 2242
18497, 2242
6451, 2242
12963, 2242
17253, 2242
13408, 2242
7277, 2242
9921, 2242
16811, 2242
13846, 2242
19916, 2242
18586, 2242
22593, 2242
16879, 2242
6961, 2242
15643, 2242
21628, 2242
19104, 2242
14007, 2242
19425, 2242
21955, 2242
9963, 2242
7937, 2242
7050, 2242
9678, 2242
14753, 2242
14162, 2242
10995, 2242
20265, 2242
9811, 2242
10266, 2242
17840, 2242
13641, 2242
8144, 2242
19159, 2242
16469, 2242
20258, 2242
17491, 2242
21965, 2242
6806, 2242
6741, 2242
15215, 2242
16620, 2242
11212, 2242
15135, 2242
20606, 2242
13168, 2242
6448, 2242
19947, 2242
17046, 2242
19677, 2242
17183, 2242
23063, 2242
10095, 2242
22802, 2242
21713, 2242
22585, 2242
20970, 2242
14294, 2242
19436, 2242
20572, 2242
13461, 2242
12949, 2242
6401, 2242
20716, 2242
7197, 2242
8832, 2242
13872, 2242
9869, 2242
19231, 2242
23312, 2242
16061, 2242
17801, 2242
23599, 2242
11704, 2242
22993, 2242
9419, 2242
12855, 2242
9744, 2242
19245, 2242
7350, 2242
17941, 2242
22810, 2242
21859, 2242
18943, 2242
9543, 2242
22776, 2242
16819, 2242
10707, 2242
19181, 2242
20764, 2242
19542, 2242
10383, 2242
22872, 2242
20374, 2242
23473, 2242
18644, 2242
19194, 2242
21991, 2242
10835, 2242
13500, 2242
13285, 2242
11040, 2242
12981, 2242
10530, 2242
6769, 2242
8768, 2242
23229, 2242
7249, 2242
12577, 2242
12186, 2242
11271, 2242
10901, 2242
17319, 2242
17061, 2242
12206, 2242
23155, 2242
11835, 2242
10353, 2242
20582, 2242
12620, 2242
17035, 2242
17249, 2242
12823, 2242
10246, 2242
20785, 2242
8849, 2242
22293, 2242
13876, 2242
22001, 2242
18651, 2242
6947, 2242
19477, 2242
19975, 2242
16260, 2242
21685, 2242
12128, 2242
21886, 2242
6372, 2242
15009, 2242
14479, 2242
10232, 2242
22438, 2242
13309, 2242
7078, 2242
16503, 2242
8880, 2242
20187, 2242
9989, 2242
8576, 2242
21306, 2242
12995, 2242
13802, 2242
19883, 2242
21239, 2242
15594, 2242
14445, 2242
23476, 2242
8548, 2242
7776, 2242
21167, 2242
22203, 2242
16134, 2242
17884, 2242
7430, 2242
20104, 2242
18831, 2242
15842, 2242
20656, 2242
13812, 2242
11740, 2242
15727, 2242
7266, 2242
11497, 2242
23110, 2242
13603, 2242
7701, 2242
6902, 2242
7468, 2242
16747, 2242
18255, 2242
21611, 2242
9358, 2242
20863, 2242
6634, 2242
14355, 2242
17201, 2242
12806, 2242
12345, 2242
6542, 2242
17865, 2242
12661, 2242
14456, 2242
11899, 2242
10661, 2242
20161, 2242
14836, 2242
10769, 2242
13763, 2242
13074, 2242
22685, 2242
19216, 2242
22061, 2242
11783, 2242
11946, 2242
14113, 2242
14545, 2242
23532, 2242
19770, 2242
14816, 2242
15517, 2242
11250, 2242
14497, 2242
15823, 2242
15580, 2242
14485, 2242
22771, 2242
20616, 2242
12556, 2242
7788, 2242
11500, 2242
9809, 2242
14304, 2242
20303, 2242
22511, 2242
16090, 2242
13476, 2242
8323, 2242
10788, 2242
17428, 2242
9471, 2242
20039, 2242
14134, 2242
8642, 2242
15052, 2242
7418, 2242
17771, 2242
16101, 2242
6549, 2242
17900, 2242
10897, 2242
20627, 2242
15885, 2242
7660, 2242
9955, 2242
15330, 2242
15562, 2242
22145, 2242
15472, 2242
11253, 2242
18540, 2242
8875, 2242
15058, 2242
12344, 2242
8131, 2242
19380, 2242
17736, 2242
13792, 2242
2242, 10145
2242, 13187
8836, 2243
19210, 2243
12805, 2243
6345, 2243
2243, 12841
6934, 2244
2244, 20568
18824, 2245
19934, 2245
12266, 2245
9521, 2245
21446, 2245
19335, 2245
7264, 2245
20351, 2245
16108, 2245
11276, 2245
11144, 2245
19771, 2245
14821, 2245
16611, 2245
9485, 2245
19329, 2245
10045, 2245
22159, 2245
20004, 2245
21138, 2245
22030, 2245
16868, 2245
20120, 2245
7982, 2245
11207, 2245
11441, 2245
20848, 2245
21146, 2245
21779, 2245
10491, 2245
10932, 2245
7341, 2245
11532, 2245
18610, 2245
17788, 2245
9398, 2245
11912, 2245
19780, 2245
20568, 2245
12597, 2245
14694, 2245
13755, 2245
22207, 2245
19124, 2245
20914, 2245
11980, 2245
10692, 2245
19429, 2245
15857, 2245
22535, 2245
8273, 2245
9736, 2245
16882, 2245
18408, 2245
22538, 2245
17836, 2245
18407, 2245
22245, 2245
18663, 2245
15131, 2245
7104, 2245
6595, 2245
21847, 2245
17377, 2245
22095, 2245
12435, 2245
7604, 2245
16053, 2245
8607, 2245
17572, 2245
19923, 2245
9293, 2245
16399, 2245
11249, 2245
19890, 2245
8305, 2245
20350, 2245
17902, 2245
23611, 2245
9441, 2245
12054, 2245
15829, 2245
9065, 2245
12267, 2245
7409, 2245
21205, 2245
7688, 2245
14665, 2245
12354, 2245
13521, 2245
11904, 2245
21784, 2245
15808, 2245
14779, 2245
10740, 2245
10148, 2245
8358, 2245
11259, 2245
8297, 2245
17811, 2245
10208, 2245
19203, 2245
8513, 2245
14568, 2245
7130, 2245
10746, 2245
10596, 2245
20317, 2245
6707, 2245
8331, 2245
8274, 2245
11300, 2245
8900, 2245
11317, 2245
20300, 2245
8919, 2245
6652, 2245
13232, 2245
19628, 2245
14344, 2245
12976, 2245
8373, 2245
9233, 2245
21495, 2245
10599, 2245
16402, 2245
23061, 2245
9109, 2245
19193, 2245
20929, 2245
22762, 2245
11798, 2245
6777, 2245
9143, 2245
17279, 2245
8136, 2245
12679, 2245
16639, 2245
14735, 2245
22997, 2245
17171, 2245
16988, 2245
11538, 2245
6462, 2245
14837, 2245
22182, 2245
21827, 2245
7106, 2245
6548, 2245
14860, 2245
20882, 2245
8689, 2245
21977, 2245
21572, 2245
13160, 2245
22483, 2245
16029, 2245
11978, 2245
22777, 2245
13339, 2245
10035, 2245
9968, 2245
15409, 2245
8780, 2245
13783, 2245
22581, 2245
23436, 2245
20052, 2245
16663, 2245
7356, 2245
12901, 2245
20942, 2245
8293, 2245
22444, 2245
13613, 2245
20567, 2245
9500, 2245
21250, 2245
20727, 2245
9705, 2245
11659, 2245
12665, 2245
10092, 2245
16923, 2245
6843, 2245
14957, 2245
18621, 2245
14551, 2245
8186, 2245
22551, 2245
18979, 2245
14526, 2245
7029, 2245
7376, 2245
6910, 2245
19113, 2245
21514, 2245
14155, 2245
8512, 2245
18846, 2245
23166, 2245
9417, 2245
8266, 2245
15750, 2245
17312, 2245
7947, 2245
22673, 2245
8452, 2245
11371, 2245
11969, 2245
10373, 2245
16956, 2245
22625, 2245
17214, 2245
7895, 2245
18840, 2245
6812, 2245
22315, 2245
12737, 2245
15308, 2245
20965, 2245
7555, 2245
15840, 2245
8801, 2245
13649, 2245
6504, 2245
8673, 2245
20345, 2245
22647, 2245
9546, 2245
14949, 2245
19662, 2245
14869, 2245
15380, 2245
15942, 2245
15204, 2245
8898, 2245
7419, 2245
17582, 2245
18144, 2245
8661, 2245
18992, 2245
6768, 2245
11109, 2245
17443, 2245
15168, 2245
14552, 2245
8030, 2245
16084, 2245
23240, 2245
10077, 2245
8409, 2245
8247, 2245
12951, 2245
14139, 2245
16723, 2245
13517, 2245
22132, 2245
23606, 2245
20467, 2245
15089, 2245
7152, 2245
11792, 2245
8006, 2245
21457, 2245
7231, 2245
19561, 2245
14061, 2245
16188, 2245
10546, 2245
11461, 2245
12391, 2245
9887, 2245
22789, 2245
14492, 2245
12018, 2245
14143, 2245
10443, 2245
21556, 2245
12399, 2245
22778, 2245
18931, 2245
7929, 2245
19287, 2245
20633, 2245
11063, 2245
8215, 2245
19543, 2245
10859, 2245
18736, 2245
12925, 2245
14441, 2245
18084, 2245
10839, 2245
9467, 2245
16896, 2245
9629, 2245
14907, 2245
22118, 2245
9281, 2245
11868, 2245
21403, 2245
13267, 2245
13602, 2245
15772, 2245
18174, 2245
8082, 2245
19566, 2245
15620, 2245
17654, 2245
17484, 2245
23042, 2245
13924, 2245
8579, 2245
8221, 2245
19719, 2245
20328, 2245
19590, 2245
8946, 2245
6439, 2245
14277, 2245
10110, 2245
18336, 2245
16771, 2245
19557, 2245
7744, 2245
21103, 2245
19842, 2245
23078, 2245
21819, 2245
21307, 2245
7601, 2245
21555, 2245
6954, 2245
10801, 2245
14509, 2245
21309, 2245
16115, 2245
21897, 2245
6698, 2245
21101, 2245
23421, 2245
17874, 2245
20259, 2245
22753, 2245
22989, 2245
7190, 2245
10143, 2245
15705, 2245
7131, 2245
17793, 2245
9359, 2245
10804, 2245
8171, 2245
8032, 2245
11695, 2245
21407, 2245
22220, 2245
7612, 2245
19547, 2245
22717, 2245
9638, 2245
14571, 2245
10555, 2245
9661, 2245
22217, 2245
8631, 2245
13779, 2245
11749, 2245
22959, 2245
15656, 2245
6703, 2245
11579, 2245
16652, 2245
22413, 2245
10351, 2245
18707, 2245
19823, 2245
21553, 2245
12451, 2245
9589, 2245
8001, 2245
13544, 2245
13399, 2245
22028, 2245
23416, 2245
2245, 12093
21245, 2246
13620, 2246
2246, 18185
14641, 2247
2247, 9180
10442, 2248
2248, 16755
2248, 11801
6871, 2249
2249, 14529
11807, 2250
2250, 11651
2250, 11937
21661, 2251
7574, 2251
2251, 10076
20840, 2252
2252, 18311
8267, 2253
2253, 23607
2253, 19117
2253, 11899
2253, 7245
6437, 2254
2254, 15754
8240, 2255
2255, 18331
2255, 21249
2255, 8297
13659, 2256
2256, 10051
9119, 2257
2257, 22367
8392, 2258
2258, 16855
19838, 2259
2259, 21318
2259, 9979
2259, 19920
2259, 16424
2259, 22701
17501, 2260
2260, 18049
22591, 2261
21084, 2261
19391, 2261
18746, 2261
21641, 2261
13717, 2261
16281, 2261
14675, 2261
11056, 2261
15583, 2261
13244, 2261
20227, 2261
11024, 2261
7883, 2261
17825, 2261
17693, 2261
13894, 2261
7501, 2261
18355, 2261
23259, 2261
14063, 2261
13094, 2261
7464, 2261
20815, 2261
16899, 2261
6677, 2261
8467, 2261
17717, 2261
17806, 2261
13440, 2261
16753, 2261
7136, 2261
10547, 2261
16634, 2261
11160, 2261
11510, 2261
13887, 2261
23602, 2261
16658, 2261
11955, 2261
8981, 2261
17995, 2261
17257, 2261
10352, 2261
15837, 2261
11252, 2261
15557, 2261
12326, 2261
20893, 2261
8682, 2261
20046, 2261
12360, 2261
12646, 2261
15990, 2261
8398, 2261
8787, 2261
19100, 2261
22487, 2261
11843, 2261
18117, 2261
22205, 2261
10157, 2261
16450, 2261
16863, 2261
13728, 2261
15151, 2261
18142, 2261
14521, 2261
14975, 2261
21317, 2261
16876, 2261
14606, 2261
20974, 2261
14771, 2261
10294, 2261
20722, 2261
19267, 2261
15440, 2261
20391, 2261
12115, 2261
10745, 2261
15146, 2261
9054, 2261
22336, 2261
15803, 2261
10355, 2261
16047, 2261
8388, 2261
14866, 2261
19703, 2261
22109, 2261
13019, 2261
18502, 2261
20952, 2261
8560, 2261
2261, 22479
17300, 2262
11362, 2262
2262, 13452
7157, 2263
2263, 13943
21345, 2264
2264, 8407
9008, 2265
2265, 22109
12309, 2266
2266, 12111
2266, 14126
12132, 2267
2267, 6902
23382, 2268
2268, 20039
22515, 2269
2269, 17653
10022, 2270
2270, 17408
2270, 23204
2270, 11041
13670, 2271
2271, 17116
6437, 2272
2272, 23009
18416, 2273
2273, 6736
20220, 2274
20693, 2274
20440, 2274
11094, 2274
19610, 2274
21468, 2274
21240, 2274
11854, 2274
21444, 2274
16363, 2274
8727, 2274
16018, 2274
11509, 2274
20238, 2274
21087, 2274
14342, 2274
22598, 2274
11741, 2274
14565, 2274
14788, 2274
9848, 2274
20850, 2274
8728, 2274
11343, 2274
22693, 2274
15183, 2274
16521, 2274
17488, 2274
10513, 2274
23429, 2274
22250, 2274
15435, 2274
22358, 2274
19277, 2274
19373, 2274
18086, 2274
8376, 2274
8766, 2274
12666, 2274
13336, 2274
10445, 2274
12950, 2274
10168, 2274
14966, 2274
12293, 2274
13132, 2274
2274, 15285
16784, 2275
2275, 17690
7151, 2276
2276, 7515
11428, 2277
2277, 10205
16147, 2278
2278, 19838
21587, 2279
2279, 6810
19838, 2280
2280, 9998
2280, 18525
2280, 19974
2280, 12138
2280, 8649
2280, 19154
21980, 2281
2281, 14027
13128, 2282
2282, 14922
9927, 2283
2283, 14452
7606, 2284
2284, 17297
15177, 2285
2285, 12347
21201, 2286
2286, 18167
21220, 2287
2287, 7766
14402, 2288
2288, 6415
7151, 2289
2289, 18275
13396, 2290
2290, 7168
8143, 2291
9348, 2291
2291, 20067
18001, 2292
2292, 13802
16996, 2293
2293, 8110
2293, 11899
2293, 7917
7039, 2294
7919, 2294
19533, 2294
14198, 2294
2294, 18586
10145, 2295
2295, 8202
13906, 2296
2296, 12492
6663, 2297
2297, 16843
8772, 2298
2298, 17651
21236, 2299
2299, 10737
2299, 16143
17135, 2300
2300, 12679
23167, 2301
2301, 10637
16073, 2302
2302, 7096
13269, 2303
2303, 13168
11901, 2304
19000, 2304
2304, 19810
8562, 2305
2305, 14628
16924, 2306
11465, 2306
6889, 2306
10575, 2306
18639, 2306
9049, 2306
18451, 2306
21935, 2306
12727, 2306
22395, 2306
2306, 23336
2306, 22330
2306, 20080
14715, 2307
10213, 2307
12331, 2307
2307, 19450
2307, 13672
8270, 2308
17722, 2308
20507, 2308
11624, 2308
21996, 2308
7244, 2308
15582, 2308
11720, 2308
9688, 2308
16790, 2308
19793, 2308
19012, 2308
12714, 2308
20061, 2308
18253, 2308
13098, 2308
7410, 2308
11610, 2308
7861, 2308
18441, 2308
20296, 2308
11874, 2308
12394, 2308
15854, 2308
18808, 2308
23568, 2308
19955, 2308
10968, 2308
2308, 19714
10954, 2309
2309, 6961
10610, 2310
2310, 23155
10145, 2311
2311, 7434
13015, 2312
2312, 9584
10145, 2313
2313, 22891
2313, 16993
10776, 2314
2314, 20931
11739, 2315
2315, 15731
7615, 2316
14894, 2316
8843, 2316
2316, 13285
20457, 2317
2317, 19307
18622, 2318
2318, 12306
9851, 2319
2319, 22796
23300, 2320
2320, 7937
19744, 2321
2321, 17705
15241, 2322
2322, 19911
2322, 11288
23411, 2323
2323, 16307
18001, 2324
2324, 20467
9314, 2325
2325, 20622
21635, 2326
2326, 20252
2326, 10689
15884, 2327
2327, 13028
2327, 12531
2327, 13725
19632, 2328
2328, 6961
23115, 2329
2329, 15502
10814, 2330
2330, 16157
22282, 2331
17009, 2331
13097, 2331
12864, 2331
2331, 9648
15662, 2332
2332, 13296
2332, 22185
15591, 2333
2333, 22654
6750, 2334
2334, 10874
20636, 2335
2335, 8364
9804, 2336
2336, 18527
20527, 2337
2337, 23602
2337, 21189
12213, 2338
2338, 10184
20019, 2339
2339, 6896
2339, 11477
2339, 19921
2339, 23515
2339, 21324
2339, 14331
16139, 2340
2340, 15560
21903, 2341
2341, 17528
16003, 2342
2342, 17529
16288, 2343
8687, 2343
12488, 2343
2343, 12254
13414, 2344
2344, 8891
15826, 2345
2345, 20841
13857, 2346
2346, 20726
13050, 2347
2347, 9815
16752, 2348
2348, 9531
10145, 2349
2349, 11376
10299, 2350
2350, 17299
18763, 2351
2351, 21571
18320, 2352
2352, 8110
8175, 2353
7640, 2353
2353, 11546
16716, 2354
16035, 2354
18122, 2354
2354, 14561
10816, 2355
2355, 12909
9205, 2356
2356, 15850
15884, 2357
2357, 12521
2357, 16458
9242, 2358
2358, 15355
19644, 2359
2359, 22776
18811, 2360
7844, 2360
2360, 16482
9351, 2361
2361, 12235
18512, 2362
2362, 22384
23288, 2363
2363, 15387
20665, 2364
2364, 15983
17064, 2365
6995, 2365
2365, 11293
9111, 2366
2366, 7959
18719, 2367
23267, 2367
2367, 21592
13268, 2368
2368, 10117
19838, 2369
2369, 10289
2369, 20853
2369, 22732
2369, 23390
12741, 2370
2370, 17879
8944, 2371
2371, 17533
23225, 2372
2372, 8530
10332, 2373
2373, 12035
19838, 2374
2374, 18159
2374, 22518
2374, 17477
2374, 11949
17912, 2375
2375, 14303
11363, 2376
2376, 16747
12945, 2377
2377, 20139
20306, 2378
13770, 2378
20170, 2378
13457, 2378
17672, 2378
13874, 2378
23412, 2378
22034, 2378
13610, 2378
15760, 2378
17690, 2378
8039, 2378
17019, 2378
16222, 2378
8085, 2378
18579, 2378
6415, 2378
12777, 2378
19534, 2378
17260, 2378
16577, 2378
8980, 2378
17270, 2378
17349, 2378
18445, 2378
16109, 2378
9227, 2378
20025, 2378
12139, 2378
7793, 2378
17987, 2378
21805, 2378
18886, 2378
6426, 2378
15358, 2378
17380, 2378
20067, 2378
22667, 2378
19283, 2378
9750, 2378
13895, 2378
8133, 2378
16339, 2378
13833, 2378
6580, 2378
21369, 2378
13803, 2378
18331, 2378
18571, 2378
14459, 2378
14203, 2378
19307, 2378
12889, 2378
21241, 2378
7616, 2378
20731, 2378
15270, 2378
6601, 2378
11886, 2378
11617, 2378
21493, 2378
17400, 2378
21563, 2378
7198, 2378
21481, 2378
22446, 2378
8910, 2378
20448, 2378
15571, 2378
15728, 2378
15812, 2378
15102, 2378
22746, 2378
14874, 2378
14055, 2378
17267, 2378
14385, 2378
19521, 2378
16453, 2378
14253, 2378
19957, 2378
18506, 2378
22183, 2378
19349, 2378
14635, 2378
14515, 2378
15809, 2378
6555, 2378
18487, 2378
15056, 2378
2378, 19838
16675, 2379
2379, 16070
2379, 8208
2379, 6552
23578, 2380
2380, 14433
14402, 2381
2381, 6415
22347, 2382
2382, 19511
8114, 2383
2383, 12839
17282, 2384
2384, 16465
15199, 2385
2385, 17645
7182, 2386
11298, 2386
2386, 17693
19247, 2387
2387, 8533
19728, 2388
2388, 10572
13221, 2389
2389, 16107
20311, 2390
2390, 8018
19838, 2391
2391, 9508
2391, 22253
2391, 22665
2391, 23134
2391, 20231
2391, 19208
10166, 2392
2392, 21095
2392, 18703
2392, 19391
11745, 2393
2393, 15466
12282, 2394
2394, 8697
2394, 7737
17074, 2395
11168, 2395
21198, 2395
16253, 2395
20928, 2395
16024, 2395
2395, 18464
2395, 12841
10203, 2396
2396, 7350
13414, 2397
2397, 22923
15982, 2398
2398, 11040
22961, 2399
2399, 18618
10145, 2400
2400, 12745
6556, 2401
10612, 2401
19616, 2401
18640, 2401
19976, 2401
10315, 2401
9224, 2401
15843, 2401
15890, 2401
12361, 2401
9289, 2401
16850, 2401
12431, 2401
14950, 2401
16647, 2401
11496, 2401
18012, 2401
6589, 2401
9538, 2401
16177, 2401
17046, 2401
16953, 2401
7138, 2401
9959, 2401
12052, 2401
19310, 2401
11257, 2401
13628, 2401
18577, 2401
7385, 2401
20403, 2401
15057, 2401
18033, 2401
12080, 2401
12786, 2401
16403, 2401
22427, 2401
9671, 2401
12492, 2401
16343, 2401
22806, 2401
13947, 2401
11899, 2401
12541, 2401
17152, 2401
13940, 2401
16552, 2401
10164, 2401
18495, 2401
6549, 2401
7026, 2401
20971, 2401
21746, 2401
20435, 2401
21321, 2401
16260, 2401
17083, 2401
12841, 2401
2401, 15127
2401, 10145
20547, 2402
2402, 7297
2402, 15268
14396, 2403
2403, 10629
23615, 2404
2404, 15522
17639, 2405
2405, 17061
19728, 2406
2406, 7552
15172, 2407
2407, 15612
19106, 2408
2408, 10843
19171, 2409
2409, 13894
21058, 2410
2410, 21330
19838, 2411
2411, 19604
2411, 16965
2411, 23538
2411, 7836
2411, 17099
2411, 9301
2411, 15789
2411, 7618
17993, 2412
2412, 19110
2412, 19454
12297, 2413
2413, 16163
15255, 2414
2414, 21877
6437, 2415
2415, 22471
13414, 2416
2416, 8777
2416, 6542
2416, 23089
17596, 2417
2417, 22937
19006, 2418
2418, 11449
2418, 12766
2418, 8625
2418, 8901
2418, 11553
2418, 21026
2418, 18362
2418, 20351
2418, 17691
2418, 13385
2418, 23528
2418, 9398
2418, 19607
2418, 17832
2418, 15893
2418, 18632
2418, 23324
2418, 14949
2418, 21457
2418, 11299
2418, 20461
2418, 18414
8038, 2419
2419, 8722
11995, 2420
10836, 2420
16571, 2420
2420, 19521
21883, 2421
2421, 20474
19838, 2422
2422, 7383
2422, 6284
2422, 7333
2422, 22319
2422, 14638
2422, 8992
13471, 2423
2423, 19376
22659, 2424
2424, 14561
19638, 2425
2425, 19229
12586, 2426
2426, 10914
2426, 17842
21201, 2427
2427, 19586
19728, 2428
2428, 6676
23395, 2429
2429, 16482
6934, 2430
2430, 14872
14546, 2431
20499, 2431
16567, 2431
9188, 2431
2431, 15737
10009, 2432
2432, 7096
9628, 2433
9096, 2433
2433, 18108
18251, 2434
2434, 14108
10145, 2435
2435, 17968
15019, 2436
2436, 12295
11588, 2437
2437, 9821
19884, 2438
2438, 22471
16097, 2439
17577, 2439
19569, 2439
21638, 2439
8522, 2439
16405, 2439
12072, 2439
23224, 2439
18204, 2439
2439, 10074
10166, 2440
2440, 15479
2440, 14497
2440, 15583
20387, 2441
2441, 17519
7826, 2442
2442, 14121
12505, 2443
2443, 11902
10145, 2444
2444, 8754
9091, 2445
13745, 2445
2445, 10843
2445, 8760
19728, 2446
2446, 22694
6281, 2447
2447, 10119
7332, 2448
2448, 7358
9985, 2449
2449, 7430
23059, 2450
18106, 2450
2450, 22770
2450, 22174
2450, 17631
6437, 2451
2451, 10001
22783, 2452
2452, 12841
18239, 2453
21070, 2453
2453, 22299
18522, 2454
2454, 21885
11184, 2455
13634, 2455
2455, 10047
17378, 2456
2456, 14965
15724, 2457
2457, 11005
17761, 2458
7881, 2458
2458, 11294
7101, 2459
2459, 21589
19821, 2460
2460, 19021
13383, 2461
9616, 2461
21998, 2461
11861, 2461
18322, 2461
10813, 2461
15086, 2461
2461, 11532
10495, 2462
7248, 2462
2462, 23617
15874, 2463
2463, 15375
22974, 2464
14527, 2464
19035, 2464
2464, 12889
14311, 2465
2465, 9251
23435, 2466
2466, 23587
21222, 2467
2467, 18323
14033, 2468
2468, 16647
9874, 2469
2469, 14178
19838, 2470
2470, 21874
2470, 6680
2470, 13643
2470, 7032
2470, 12913
2470, 8067
6270, 2471
2471, 13895
15884, 2472
2472, 21619
2472, 22544
2472, 18033
19599, 2473
2473, 6452
22973, 2474
2474, 11886
15628, 2475
2475, 23521
6934, 2476
2476, 23314
9034, 2477
2477, 17946
13135, 2478
2478, 19911
10145, 2479
2479, 16963
21602, 2480
2480, 20098
15826, 2481
2481, 17222
12945, 2482
2482, 6271
12234, 2483
2483, 17263
20689, 2484
8178, 2484
8676, 2484
18747, 2484
13188, 2484
9647, 2484
2484, 23231
6953, 2485
2485, 21739
9026, 2486
2486, 9003
7373, 2487
8410, 2487
13021, 2487
9947, 2487
9649, 2487
9438, 2487
23123, 2487
22615, 2487
17350, 2487
2487, 15418
17972, 2488
2488, 16938
2488, 11714
2488, 9266
19073, 2489
6825, 2489
2489, 17719
2489, 13039
2489, 16719
2489, 14644
2489, 11257
2489, 18155
2489, 17355
2489, 7311
23171, 2490
2490, 10745
11260, 2491
2491, 6294
8749, 2492
2492, 20039
23442, 2493
2493, 15576
19870, 2494
19360, 2494
2494, 17035
2494, 21746
9832, 2495
2495, 14518
23082, 2496
6760, 2496
14544, 2496
15621, 2496
6475, 2496
2496, 21753
12945, 2497
2497, 11711
21105, 2498
2498, 21748
21271, 2499
22554, 2499
12856, 2499
9745, 2499
7408, 2499
18732, 2499
6977, 2499
2499, 9959
16367, 2500
2500, 23587
7739, 2501
2501, 16683
6385, 2502
2502, 15327
16328, 2503
2503, 23550
19559, 2504
2504, 14816
12680, 2505
2505, 19858
2505, 12517
9486, 2506
2506, 12777
10742, 2507
11730, 2507
7353, 2507
11205, 2507
11095, 2507
2507, 22446
17271, 2508
2508, 13213
7960, 2509
7518, 2509
19082, 2509
2509, 15052
14792, 2510
2510, 12002
19728, 2511
2511, 21793
7014, 2512
14887, 2512
2512, 20435
16037, 2513
2513, 15215
18360, 2514
2514, 22300
2514, 6747
8938, 2515
2515, 13116
12945, 2516
2516, 20139
19838, 2517
2517, 12152
2517, 20497
2517, 13853
19239, 2518
14001, 2518
7722, 2518
19766, 2518
2518, 10724
19161, 2519
2519, 12875
10875, 2520
19056, 2520
2520, 6523
18416, 2521
2521, 22778
15628, 2522
2522, 23521
13786, 2523
2523, 16232
18753, 2524
2524, 12105
21373, 2525
2525, 9064
13181, 2526
12916, 2526
2526, 21545
9057, 2527
8738, 2527
2527, 6561
7274, 2528
2528, 9370
23488, 2529
7180, 2529
13824, 2529
2529, 7619
19728, 2530
2530, 16001
19838, 2531
2531, 19383
2531, 14657
2531, 9895
2531, 14522
15884, 2532
2532, 11204
7459, 2533
21108, 2533
15175, 2533
7871, 2533
2533, 10947
15884, 2534
2534, 21624
2534, 9994
10166, 2535
2535, 15975
2535, 19391
2535, 10557
20765, 2536
2536, 20916
2536, 11939
21115, 2537
2537, 11391
15848, 2538
2538, 17645
12744, 2539
2539, 8040
18549, 2540
2540, 20830
2540, 18105
10925, 2541
20954, 2541
2541, 16843
8795, 2542
2542, 13013
6876, 2543
2543, 21335
2543, 19349
9024, 2544
11073, 2544
2544, 10843
19838, 2545
2545, 20446
2545, 15668
2545, 22820
2545, 15729
6437, 2546
2546, 17593
13545, 2547
12774, 2547
2547, 14223
8493, 2548
2548, 9773
18554, 2549
2549, 13536
12945, 2550
2550, 8181
6609, 2551
2551, 20407
20917, 2552
2552, 7770
12945, 2553
2553, 16487
8432, 2554
2554, 20234
19728, 2555
2555, 6273
8431, 2556
2556, 20435
10145, 2557
2557, 9817
7713, 2558
2558, 9382
22386, 2559
2559, 22493
22980, 2560
2560, 15832
12945, 2561
2561, 9009
12945, 2562
2562, 20139
20732, 2563
2563, 7883
8516, 2564
2564, 21387
11480, 2565
2565, 8722
19164, 2566
14022, 2566
2566, 9194
2566, 21791
2566, 12237
2566, 22621
2566, 16733
2566, 6359
2566, 9320
2566, 15774
2566, 13084
8231, 2567
2567, 23037
7682, 2568
2568, 11316
15884, 2569
2569, 9004
9492, 2570
2570, 19385
6274, 2571
13024, 2571
20767, 2571
2571, 9666
10145, 2572
2572, 18859
19838, 2573
2573, 22513
2573, 8791
13642, 2574
2574, 19701
22608, 2575
2575, 7463
16607, 2576
2576, 8814
19838, 2577
2577, 20053
2577, 21867
2577, 7986
2577, 13880
2577, 14246
2577, 18288
2577, 16555
2577, 15198
19838, 2578
2578, 11758
2578, 15122
2578, 12912
2578, 23408
2578, 15619
22787, 2579
2579, 17448
12945, 2580
2580, 19516
12007, 2581
2581, 13493
2581, 9792
23559, 2582
2582, 19953
2582, 10622
21948, 2583
2583, 22946
10816, 2584
2584, 20769
11839, 2585
2585, 17358
14251, 2586
2586, 20536
16292, 2587
17204, 2587
2587, 7900
19838, 2588
2588, 15463
6864, 2589
2589, 21755
22963, 2590
2590, 17035
2590, 13197
14380, 2591
2591, 22816
2591, 10701
6686, 2592
2592, 21997
2592, 12324
14368, 2593
2593, 8576
11436, 2594
2594, 21148
13414, 2595
2595, 8190
13392, 2596
22425, 2596
21664, 2596
21360, 2596
2596, 12228
11389, 2597
16704, 2597
23591, 2597
2597, 7849
9044, 2598
6364, 2598
20139, 2598
12216, 2598
23302, 2598
19982, 2598
15439, 2598
6529, 2598
13531, 2598
8054, 2598
21933, 2598
14597, 2598
23573, 2598
10389, 2598
16717, 2598
17153, 2598
17088, 2598
16877, 2598
18695, 2598
16974, 2598
16856, 2598
18856, 2598
20875, 2598
18365, 2598
2598, 22834
12281, 2599
2599, 19307
6679, 2600
2600, 17865
2600, 10042
2600, 21812
17044, 2601
13760, 2601
2601, 13080
16710, 2602
2602, 10082
19728, 2603
2603, 16090
11734, 2604
2604, 16381
19754, 2605
2605, 13236
16137, 2606
2606, 6336
10941, 2607
2607, 7158
23073, 2608
2608, 7094
2608, 10936
7305, 2609
19523, 2609
9618, 2609
19375, 2609
22348, 2609
17660, 2609
23400, 2609
2609, 7541
10295, 2610
7787, 2610
2610, 12869
15884, 2611
2611, 16815
9902, 2612
2612, 19471
23203, 2613
2613, 12022
20743, 2614
2614, 10871
20019, 2615
2615, 14436
2615, 15044
2615, 12397
2615, 18178
2615, 18772
2615, 10383
2615, 18832
2615, 23110
2615, 11122
2615, 8538
2615, 12161
2615, 18707
2615, 22382
10381, 2616
2616, 23521
9588, 2617
19303, 2617
2617, 19251
19053, 2618
2618, 17672
6440, 2619
2619, 18586
7597, 2620
2620, 20074
11770, 2621
2621, 6961
15158, 2622
7478, 2622
18767, 2622
2622, 20044
7132, 2623
2623, 11766
10944, 2624
2624, 9257
23327, 2625
2625, 11313
10166, 2626
2626, 13988
2626, 17458
2626, 22163
16347, 2627
7953, 2627
7322, 2627
2627, 13812
15025, 2628
22416, 2628
19514, 2628
11881, 2628
19191, 2628
9721, 2628
2628, 21880
22608, 2629
2629, 7463
10816, 2630
2630, 20393
6934, 2631
2631, 15670
13418, 2632
7970, 2632
2632, 19150
7118, 2633
2633, 15915
23523, 2634
2634, 16105
15343, 2635
21777, 2635
2635, 15938
8405, 2636
2636, 8269
13576, 2637
2637, 14203
16884, 2638
2638, 10192
11878, 2639
2639, 14458
15884, 2640
2640, 11101
9071, 2641
2641, 8246
16608, 2642
2642, 7061
2642, 19397
2642, 19812
2642, 9833
8873, 2643
2643, 20866
9924, 2644
14728, 2644
10958, 2644
22737, 2644
12003, 2644
11376, 2644
8454, 2644
23515, 2644
18993, 2644
15506, 2644
14374, 2644
13710, 2644
22434, 2644
8695, 2644
9738, 2644
14774, 2644
6355, 2644
23449, 2644
20079, 2644
15068, 2644
14754, 2644
8731, 2644
10844, 2644
11269, 2644
9808, 2644
7976, 2644
13175, 2644
15469, 2644
19302, 2644
12934, 2644
21681, 2644
7664, 2644
7500, 2644
20506, 2644
14703, 2644
17252, 2644
6771, 2644
14145, 2644
11801, 2644
10934, 2644
9442, 2644
22822, 2644
15657, 2644
17261, 2644
9427, 2644
18592, 2644
16054, 2644
12828, 2644
19471, 2644
9434, 2644
19739, 2644
23032, 2644
19034, 2644
7276, 2644
19807, 2644
18852, 2644
11918, 2644
14732, 2644
20492, 2644
17749, 2644
21728, 2644
19402, 2644
7820, 2644
8964, 2644
12792, 2644
17714, 2644
12956, 2644
23294, 2644
7626, 2644
9046, 2644
23230, 2644
17124, 2644
10757, 2644
11018, 2644
11658, 2644
6893, 2644
21532, 2644
13902, 2644
20675, 2644
21598, 2644
15999, 2644
12584, 2644
17187, 2644
14797, 2644
15261, 2644
11924, 2644
22626, 2644
17650, 2644
21104, 2644
16332, 2644
16158, 2644
21331, 2644
15774, 2644
6463, 2644
17289, 2644
21390, 2644
20952, 2644
21668, 2644
19781, 2644
2644, 6791
14956, 2645
2645, 12616
19818, 2646
2646, 18735
15219, 2647
2647, 18925
15740, 2648
2648, 21527
22415, 2649
2649, 17716
12083, 2650
2650, 18456
13926, 2651
2651, 19322
2651, 10544
2651, 22267
2651, 15930
19728, 2652
2652, 11551
11664, 2653
19896, 2653
14510, 2653
2653, 7418
12007, 2654
2654, 20297
2654, 10311
13744, 2655
21031, 2655
22342, 2655
19945, 2655
14752, 2655
2655, 18756
2655, 14110
18242, 2656
2656, 13316
21160, 2657
2657, 15817
20615, 2658
2658, 21267
18001, 2659
2659, 9329
2659, 18994
17503, 2660
2660, 21754
18416, 2661
2661, 18718
2661, 12861
11260, 2662
2662, 22877
19050, 2663
2663, 13168
6939, 2664
2664, 16835
2664, 23487
21201, 2665
2665, 11142
6442, 2666
2666, 23454
9631, 2667
2667, 8519
12241, 2668
2668, 8852
2668, 20999
2668, 7436
2668, 8626
2668, 17175
2668, 6317
2668, 11483
2668, 14351
2668, 16315
2668, 7582
2668, 22292
2668, 6792
2668, 15009
2668, 16882
2668, 7038
2668, 20481
2668, 8706
2668, 13613
2668, 22551
2668, 7337
2668, 8654
2668, 8922
8237, 2669
2669, 6525
19934, 2670
8477, 2670
20351, 2670
19878, 2670
22631, 2670
21169, 2670
22508, 2670
21896, 2670
20512, 2670
19195, 2670
14962, 2670
8024, 2670
12222, 2670
21040, 2670
22969, 2670
19762, 2670
12302, 2670
11912, 2670
19780, 2670
15598, 2670
22353, 2670
14210, 2670
21363, 2670
11777, 2670
6486, 2670
21383, 2670
6420, 2670
13533, 2670
12605, 2670
20844, 2670
9644, 2670
21496, 2670
7502, 2670
7104, 2670
21293, 2670
16412, 2670
14868, 2670
15756, 2670
19452, 2670
20078, 2670
21260, 2670
15174, 2670
23119, 2670
21809, 2670
12911, 2670
22287, 2670
19446, 2670
7038, 2670
22799, 2670
11249, 2670
15391, 2670
19811, 2670
22534, 2670
17656, 2670
14105, 2670
9066, 2670
10509, 2670
22971, 2670
13581, 2670
14025, 2670
15208, 2670
20481, 2670
18638, 2670
14295, 2670
17921, 2670
14568, 2670
12279, 2670
17832, 2670
10876, 2670
17371, 2670
23038, 2670
21705, 2670
19910, 2670
14495, 2670
9283, 2670
13226, 2670
9422, 2670
15000, 2670
8501, 2670
8596, 2670
18339, 2670
21155, 2670
14269, 2670
13131, 2670
17174, 2670
9983, 2670
19738, 2670
6895, 2670
15399, 2670
16977, 2670
20797, 2670
9109, 2670
20796, 2670
8524, 2670
13558, 2670
12988, 2670
12166, 2670
11251, 2670
12603, 2670
19769, 2670
17279, 2670
21554, 2670
6519, 2670
19530, 2670
10940, 2670
18449, 2670
17241, 2670
21576, 2670
16626, 2670
20152, 2670
17410, 2670
13160, 2670
11608, 2670
9307, 2670
22777, 2670
7736, 2670
8969, 2670
7250, 2670
17220, 2670
22981, 2670
22581, 2670
19473, 2670
13342, 2670
8987, 2670
6704, 2670
12161, 2670
19648, 2670
21161, 2670
12194, 2670
13613, 2670
23381, 2670
12214, 2670
19185, 2670
12000, 2670
11559, 2670
7561, 2670
23328, 2670
13693, 2670
7145, 2670
20358, 2670
12545, 2670
8290, 2670
22551, 2670
9779, 2670
6885, 2670
13058, 2670
22629, 2670
10538, 2670
10478, 2670
22673, 2670
13841, 2670
13612, 2670
18960, 2670
15349, 2670
12445, 2670
22052, 2670
18183, 2670
19255, 2670
14697, 2670
21253, 2670
19430, 2670
12532, 2670
23525, 2670
19768, 2670
18937, 2670
12906, 2670
10497, 2670
15540, 2670
15297, 2670
10426, 2670
23324, 2670
16722, 2670
23136, 2670
8821, 2670
18194, 2670
15366, 2670
11842, 2670
11213, 2670
9051, 2670
6994, 2670
10790, 2670
6768, 2670
15664, 2670
20673, 2670
8247, 2670
14540, 2670
7568, 2670
15038, 2670
20467, 2670
21214, 2670
22774, 2670
22940, 2670
20287, 2670
10669, 2670
18046, 2670
11299, 2670
12755, 2670
16927, 2670
10292, 2670
11957, 2670
9887, 2670
9306, 2670
14672, 2670
12192, 2670
6874, 2670
15254, 2670
19970, 2670
17777, 2670
18418, 2670
6573, 2670
18501, 2670
11435, 2670
19680, 2670
23091, 2670
20461, 2670
21491, 2670
19149, 2670
21403, 2670
9917, 2670
10094, 2670
17172, 2670
22688, 2670
21511, 2670
17638, 2670
14077, 2670
8397, 2670
22172, 2670
17654, 2670
14084, 2670
16862, 2670
11084, 2670
15145, 2670
22331, 2670
9911, 2670
17328, 2670
13735, 2670
16168, 2670
21718, 2670
13012, 2670
18738, 2670
9635, 2670
6794, 2670
16771, 2670
15845, 2670
23078, 2670
13756, 2670
10463, 2670
9769, 2670
13364, 2670
17729, 2670
19330, 2670
12123, 2670
8420, 2670
21309, 2670
18426, 2670
10758, 2670
10123, 2670
21101, 2670
21340, 2670
16215, 2670
8235, 2670
9359, 2670
23612, 2670
7814, 2670
22453, 2670
7351, 2670
21407, 2670
14705, 2670
16335, 2670
9381, 2670
9614, 2670
21128, 2670
10275, 2670
18129, 2670
7377, 2670
14296, 2670
9868, 2670
19736, 2670
17573, 2670
12885, 2670
14612, 2670
11749, 2670
20216, 2670
6309, 2670
19030, 2670
18028, 2670
8294, 2670
18968, 2670
12164, 2670
15504, 2670
21530, 2670
14666, 2670
10056, 2670
9945, 2670
22424, 2670
9689, 2670
18707, 2670
11247, 2670
17190, 2670
17779, 2670
12298, 2670
20320, 2670
14078, 2670
18986, 2670
2670, 12093
11858, 2671
15744, 2671
19829, 2671
2671, 8401
10166, 2672
2672, 19825
2672, 12636
2672, 20786
2672, 7501
2672, 20580
2672, 16040
2672, 22215
14663, 2673
2673, 15270
15826, 2674
2674, 9044
20385, 2675
2675, 16250
13900, 2676
2676, 14369
15445, 2677
2677, 10981
6716, 2678
2678, 15357
21218, 2679
2679, 12806
18562, 2680
2680, 17046
19949, 2681
2681, 6946
8405, 2682
2682, 22847
14402, 2683
2683, 6415
23262, 2684
2684, 10616
7595, 2685
2685, 7318
17623, 2686
2686, 19425
12945, 2687
2687, 11829
8761, 2688
2688, 18025
15085, 2689
2689, 9128
22283, 2690
2690, 18655
15886, 2691
2691, 15550
17669, 2692
2692, 14041
11260, 2693
2693, 10386
11358, 2694
11648, 2694
2694, 11342
15884, 2695
2695, 19985
6290, 2696
2696, 15398
20019, 2697
2697, 21745
2697, 23599
2697, 18815
2697, 12577
2697, 20156
2697, 14113
2697, 6657
2697, 13806
2697, 20398
2697, 10930
2697, 20865
19103, 2698
2698, 23339
9600, 2699
2699, 14515
11097, 2700
2700, 11284
10280, 2701
21749, 2701
2701, 14976
18184, 2702
2702, 8718
17435, 2703
2703, 6495
10145, 2704
2704, 8202
7296, 2705
2705, 7691
19728, 2706
2706, 7138
17907, 2707
2707, 14328
21841, 2708
2708, 19733
21058, 2709
2709, 22149
7407, 2710
10810, 2710
2710, 19328
22017, 2711
2711, 19694
13377, 2712
2712, 15945
18416, 2713
2713, 21520
2713, 6448
13059, 2714
2714, 14796
19838, 2715
2715, 14983
2715, 15973
7890, 2716
2716, 16517
7027, 2717
23232, 2717
2717, 18575
17570, 2718
21941, 2718
9044, 2718
17525, 2718
6862, 2718
20607, 2718
11893, 2718
20139, 2718
20359, 2718
8363, 2718
19540, 2718
21860, 2718
10413, 2718
16267, 2718
6793, 2718
13439, 2718
8356, 2718
11396, 2718
9244, 2718
17931, 2718
22559, 2718
9310, 2718
14676, 2718
13813, 2718
19681, 2718
8116, 2718
21235, 2718
14027, 2718
21920, 2718
22064, 2718
7797, 2718
8739, 2718
10850, 2718
13778, 2718
15539, 2718
6536, 2718
16248, 2718
18107, 2718
12127, 2718
18757, 2718
20536, 2718
12308, 2718
13143, 2718
13115, 2718
6993, 2718
15715, 2718
23587, 2718
14499, 2718
13597, 2718
22092, 2718
12367, 2718
20209, 2718
23475, 2718
9729, 2718
9613, 2718
22716, 2718
2718, 22834
20194, 2719
2719, 14124
17837, 2720
2720, 15432
16175, 2721
2721, 9196
23460, 2722
2722, 15935
13553, 2723
11100, 2723
2723, 11532
16162, 2724
2724, 19075
11266, 2725
10153, 2725
2725, 13011
7259, 2726
22135, 2726
2726, 20452
10166, 2727
2727, 17490
2727, 14809
2727, 14497
2727, 19005
2727, 14878
2727, 7501
2727, 6606
2727, 16658
2727, 7074
2727, 21199
2727, 21264
2727, 14959
13809, 2728
2728, 8895
19838, 2729
2729, 17675
2729, 6258
2729, 8559
2729, 22915
21588, 2730
2730, 19478
12789, 2731
2731, 6473
21279, 2732
2732, 12357
10166, 2733
2733, 12280
2733, 22996
2733, 13560
21201, 2734
2734, 11367
17413, 2735
2735, 7006
10617, 2736
2736, 20952
21202, 2737
2737, 17409
12007, 2738
2738, 9644
21709, 2739
13790, 2739
22700, 2739
15714, 2739
2739, 7082
2739, 10059
11260, 2740
2740, 17712
19838, 2741
2741, 11802
2741, 9753
2741, 9776
8892, 2742
2742, 12858
12449, 2743
8003, 2743
2743, 19752
23066, 2744
2744, 12635
2744, 15720
2744, 22112
2744, 15190
2744, 7456
2744, 8959
2744, 23386
2744, 18399
19973, 2745
2745, 9149
18200, 2746
2746, 20857
12945, 2747
2747, 19585
7606, 2748
2748, 22806
6388, 2749
2749, 7324
11211, 2750
2750, 11567
20257, 2751
7710, 2751
2751, 16062
10919, 2752
2752, 18257
8405, 2753
2753, 23019
21776, 2754
2754, 6930
23185, 2755
2755, 13358
21360, 2756
2756, 11198
7268, 2757
2757, 20647
2757, 15105
2757, 12689
2757, 23100
2757, 22262
2757, 12770
2757, 11562
2757, 6355
2757, 8259
2757, 10844
2757, 22056
2757, 16641
2757, 20519
2757, 12934
2757, 14763
2757, 18273
2757, 21928
2757, 22822
2757, 20029
2757, 12478
2757, 18146
2757, 9169
2757, 16054
2757, 7509
2757, 20878
2757, 19718
2757, 22228
2757, 11677
2757, 11190
2757, 15859
2757, 7626
2757, 9764
2757, 8004
2757, 13093
2757, 14775
2757, 20900
2757, 21297
2757, 13902
2757, 9855
2757, 22907
2757, 6957
2757, 20389
2757, 20404
2757, 16189
2757, 15774
2757, 17289
2757, 18051
2757, 14826
2757, 20603
2757, 11821
12446, 2758
2758, 18856
10145, 2759
2759, 15212
9547, 2760
2760, 6624
10404, 2761
2761, 21441
8862, 2762
2762, 18972
11921, 2763
2763, 20298
18614, 2764
16806, 2764
23051, 2764
16818, 2764
2764, 9368
19151, 2765
2765, 21916
10145, 2766
2766, 12566
2766, 21409
15115, 2767
2767, 20219
20019, 2768
2768, 14553
2768, 21745
2768, 17491
2768, 18792
2768, 14687
2768, 14363
2768, 16094
2768, 6261
2768, 22748
2768, 11402
2768, 15472
2768, 20896
2768, 12153
2768, 21428
2768, 7127
15672, 2769
12238, 2769
2769, 10588
19838, 2770
2770, 9407
2770, 18951
2770, 7404
2770, 11548
21715, 2771
2771, 21278
2771, 18495
2771, 13550
2771, 15774
18865, 2772
2772, 16028
2772, 16687
12007, 2773
2773, 23478
20255, 2774
8997, 2774
2774, 16246
17540, 2775
2775, 7082
15172, 2776
2776, 18268
22658, 2777
2777, 22576
20989, 2778
2778, 16951
22883, 2779
2779, 14899
10166, 2780
2780, 11252
2780, 17898
2780, 13495
10145, 2781
2781, 15901
20108, 2782
2782, 12795
19838, 2783
2783, 8074
2783, 13917
2783, 15726
2783, 21984
21670, 2784
2784, 17148
9572, 2785
18241, 2785
19893, 2785
18566, 2785
14724, 2785
9760, 2785
14738, 2785
20763, 2785
19389, 2785
9925, 2785
23114, 2785
13590, 2785
13056, 2785
16062, 2785
20926, 2785
19323, 2785
12765, 2785
15369, 2785
22299, 2785
17138, 2785
14502, 2785
18275, 2785
20167, 2785
10004, 2785
6990, 2785
22924, 2785
10843, 2785
6415, 2785
22370, 2785
12989, 2785
17816, 2785
19298, 2785
23575, 2785
10591, 2785
22237, 2785
9094, 2785
13211, 2785
21485, 2785
7020, 2785
8269, 2785
12762, 2785
15394, 2785
16854, 2785
14117, 2785
13240, 2785
13294, 2785
15793, 2785
14271, 2785
13372, 2785
18537, 2785
7033, 2785
22533, 2785
15896, 2785
20904, 2785
6735, 2785
8741, 2785
16570, 2785
14761, 2785
18289, 2785
7738, 2785
15734, 2785
17496, 2785
14041, 2785
21814, 2785
13732, 2785
10785, 2785
6653, 2785
20421, 2785
11938, 2785
14332, 2785
7096, 2785
19307, 2785
19985, 2785
22646, 2785
22946, 2785
22458, 2785
17373, 2785
18042, 2785
11993, 2785
7479, 2785
19833, 2785
13998, 2785
16730, 2785
14741, 2785
10738, 2785
16093, 2785
7218, 2785
13051, 2785
14858, 2785
7616, 2785
18458, 2785
13729, 2785
17110, 2785
16404, 2785
22222, 2785
11055, 2785
8455, 2785
9892, 2785
2785, 19838
22885, 2786
2786, 20366
16705, 2787
2787, 21186
7606, 2788
2788, 23335
2788, 15282
2788, 9525
7076, 2789
2789, 22707
7206, 2790
21145, 2790
8113, 2790
11684, 2790
13656, 2790
14057, 2790
15139, 2790
2790, 6329
6437, 2791
2791, 8039
8930, 2792
2792, 23342
15884, 2793
2793, 19816
6458, 2794
9127, 2794
2794, 22965
19838, 2795
2795, 6456
2795, 20710
2795, 19189
2795, 17552
2795, 7225
19391, 2796
2796, 9517
2796, 13819
14805, 2797
2797, 17475
21017, 2798
2798, 14851
16750, 2799
2799, 18107
10166, 2800
2800, 9211
2800, 16033
2800, 21298
2800, 8560
22189, 2801
7007, 2801
11208, 2801
9064, 2801
19226, 2801
12616, 2801
17219, 2801
6961, 2801
8076, 2801
12869, 2801
20265, 2801
18254, 2801
13561, 2801
23352, 2801
21965, 2801
14812, 2801
13168, 2801
16953, 2801
8715, 2801
18598, 2801
16138, 2801
13982, 2801
11232, 2801
12469, 2801
15401, 2801
12855, 2801
8889, 2801
18272, 2801
22827, 2801
8744, 2801
11040, 2801
15327, 2801
20630, 2801
7324, 2801
9933, 2801
13040, 2801
15975, 2801
12841, 2801
14393, 2801
18495, 2801
14355, 2801
14922, 2801
13591, 2801
22462, 2801
19095, 2801
14329, 2801
19593, 2801
10918, 2801
17083, 2801
9795, 2801
12206, 2801
6930, 2801
13609, 2801
19810, 2801
2801, 23069
2801, 10145
11089, 2802
2802, 21993
6437, 2803
2803, 20681
15587, 2804
2804, 21598
8484, 2805
2805, 12889
13809, 2806
2806, 10120
16181, 2807
2807, 16792
18416, 2808
2808, 23001
6437, 2809
2809, 8726
23290, 2810
2810, 11723
9341, 2811
2811, 9332
20473, 2812
2812, 20834
16423, 2813
2813, 21721
20449, 2814
2814, 15605
10166, 2815
2815, 17543
2815, 8019
21410, 2816
2816, 8787
2816, 18085
22608, 2817
2817, 18351
11260, 2818
2818, 21093
22652, 2819
2819, 21370
19838, 2820
2820, 11219
2820, 12472
2820, 14586
2820, 17762
2820, 7448
2820, 14100
2820, 15108
2820, 14384
2820, 14845
20593, 2821
2821, 16505
10309, 2822
2822, 8364
18515, 2823
2823, 6494
15640, 2824
20179, 2824
2824, 17938
20405, 2825
2825, 17764
22179, 2826
2826, 20265
15019, 2827
2827, 7576
21551, 2828
2828, 14566
10488, 2829
2829, 14574
19838, 2830
2830, 14898
2830, 7400
2830, 11662
2830, 8532
2830, 16439
2830, 21090
2830, 14651
2830, 7357
10335, 2831
2831, 17624
18091, 2832
2832, 8698
12803, 2833
2833, 10117
12983, 2834
17640, 2834
8719, 2834
2834, 13018
17286, 2835
2835, 6529
19728, 2836
2836, 16547
6437, 2837
2837, 23601
13809, 2838
2838, 10522
23090, 2839
2839, 10623
18357, 2840
2840, 8744
10166, 2841
2841, 21261
2841, 20542
2841, 15425
2841, 7136
2841, 14893
13362, 2842
2842, 7937
20099, 2843
15824, 2843
2843, 14505
15884, 2844
2844, 11335
10279, 2845
2845, 14646
21256, 2846
2846, 8889
8460, 2847
13478, 2847
9247, 2847
17937, 2847
19156, 2847
6565, 2847
15160, 2847
17489, 2847
14643, 2847
12199, 2847
2847, 6797
2847, 10927
16435, 2848
20816, 2848
2848, 22134
22608, 2849
2849, 7463
8847, 2850
2850, 6610
7370, 2851
2851, 17795
23096, 2852
2852, 14479
10660, 2853
16694, 2853
2853, 10837
2853, 13285
17043, 2854
2854, 15861
7855, 2855
2855, 9933
9582, 2856
12879, 2856
21695, 2856
17147, 2856
21391, 2856
2856, 10843
21287, 2857
2857, 22267
22501, 2858
2858, 21522
15884, 2859
2859, 8917
15673, 2860
2860, 6894
13748, 2861
2861, 19731
18131, 2862
2862, 9900
2862, 16689
14398, 2863
23372, 2863
9006, 2863
13788, 2863
11421, 2863
2863, 17356
19369, 2864
2864, 7646
16783, 2865
6412, 2865
2865, 23622
13390, 2866
2866, 10246
20586, 2867
2867, 11711
19838, 2868
2868, 10754
2868, 11806
2868, 7044
2868, 13990
22175, 2869
2869, 19425
18001, 2870
2870, 17100
10166, 2871
2871, 16899
2871, 18539
2871, 13110
19387, 2872
2872, 9815
2872, 12764
8786, 2873
2873, 9489
10926, 2874
2874, 18540
7123, 2875
2875, 19645
10807, 2876
2876, 12361
9720, 2877
17969, 2877
8232, 2877
2877, 14479
19838, 2878
2878, 14376
2878, 22429
2878, 9553
2878, 7330
2878, 7003
2878, 7400
2878, 22670
2878, 22930
12145, 2879
2879, 14479
18970, 2880
2880, 20690
22197, 2881
2881, 23373
8055, 2882
10761, 2882
20524, 2882
22421, 2882
9730, 2882
2882, 21430
15884, 2883
2883, 21549
19838, 2884
2884, 6666
2884, 10131
2884, 23118
2884, 8702
2884, 8757
2884, 17925
8953, 2885
2885, 8412
7052, 2886
10387, 2886
10543, 2886
18962, 2886
22377, 2886
2886, 12806
14235, 2887
2887, 13476
23348, 2888
2888, 17486
2888, 19114
19838, 2889
2889, 15552
2889, 16166
10145, 2890
2890, 16476
10631, 2891
2891, 18564
2891, 17900
13185, 2892
2892, 19108
18297, 2893
2893, 12412
11989, 2894
19618, 2894
2894, 17411
2894, 18728
7606, 2895
2895, 8158
20019, 2896
2896, 22755
2896, 18396
2896, 11138
2896, 19542
2896, 9092
2896, 16069
2896, 19470
2896, 10128
2896, 6777
2896, 19010
2896, 13007
2896, 17512
2896, 8602
2896, 19621
14946, 2897
2897, 9126
2897, 18816
2897, 9913
18342, 2898
17067, 2898
2898, 20801
10479, 2899
2899, 9748
16579, 2900
2900, 22211
2900, 19034
7354, 2901
17192, 2901
18125, 2901
18600, 2901
9403, 2901
23376, 2901
11432, 2901
7361, 2901
6303, 2901
22049, 2901
11334, 2901
17613, 2901
9509, 2901
8241, 2901
11641, 2901
17742, 2901
13635, 2901
7864, 2901
19891, 2901
21917, 2901
14390, 2901
9313, 2901
17713, 2901
21863, 2901
10767, 2901
18356, 2901
13042, 2901
10050, 2901
20458, 2901
22580, 2901
22539, 2901
11107, 2901
18966, 2901
14245, 2901
9665, 2901
10282, 2901
10400, 2901
14338, 2901
21098, 2901
18758, 2901
20609, 2901
11930, 2901
16493, 2901
12548, 2901
15533, 2901
19848, 2901
15992, 2901
6602, 2901
6460, 2901
17841, 2901
10336, 2901
14863, 2901
18097, 2901
21448, 2901
16534, 2901
10142, 2901
20581, 2901
19440, 2901
16754, 2901
16618, 2901
18636, 2901
6543, 2901
15952, 2901
13512, 2901
22020, 2901
10972, 2901
12591, 2901
13869, 2901
19140, 2901
20557, 2901
7200, 2901
2901, 18598
19838, 2902
2902, 13668
2902, 10125
2902, 14629
2902, 19416
22436, 2903
17604, 2903
13929, 2903
2903, 12459
6437, 2904
2904, 16495
6437, 2905
2905, 8098
15916, 2906
2906, 13211
6539, 2907
2907, 11189
19838, 2908
2908, 7450
2908, 11157
2908, 6759
2908, 23111
14402, 2909
2909, 6415
2909, 10611
14948, 2910
2910, 7112
18969, 2911
6926, 2911
8733, 2911
12686, 2911
21960, 2911
2911, 17799
15538, 2912
2912, 20265
23554, 2913
2913, 23191
14372, 2914
2914, 21079
11035, 2915
18926, 2915
14919, 2915
12583, 2915
16451, 2915
2915, 15877
16743, 2916
2916, 18181
23024, 2917
2917, 19307
2917, 17632
15442, 2918
2918, 11517
10145, 2919
2919, 18262
10993, 2920
14039, 2920
11490, 2920
2920, 19026
19692, 2921
2921, 19227
11260, 2922
2922, 19120
12565, 2923
2923, 9302
13472, 2924
2924, 14208
16251, 2925
2925, 20549
6437, 2926
2926, 9241
17907, 2927
2927, 8907
2927, 13465
23580, 2928
2928, 8342
10802, 2929
22663, 2929
23275, 2929
2929, 8624
2929, 16453
18806, 2930
6859, 2930
15382, 2930
22650, 2930
20133, 2930
17467, 2930
15933, 2930
20428, 2930
13166, 2930
20832, 2930
13263, 2930
22893, 2930
19374, 2930
15097, 2930
12135, 2930
15303, 2930
15984, 2930
6546, 2930
6285, 2930
19291, 2930
22441, 2930
22870, 2930
15156, 2930
17600, 2930
13030, 2930
9336, 2930
22140, 2930
7581, 2930
7314, 2930
12815, 2930
7686, 2930
13587, 2930
7902, 2930
23470, 2930
13928, 2930
23095, 2930
20408, 2930
18773, 2930
7021, 2930
23445, 2930
6742, 2930
6729, 2930
13794, 2930
12141, 2930
2930, 20933
17043, 2931
2931, 11360
2931, 18652
6711, 2932
8437, 2932
2932, 16683
21921, 2933
2933, 15945
8063, 2934
2934, 21301
8924, 2935
2935, 9925
19264, 2936
2936, 13143
13072, 2937
2937, 7033
10166, 2938
2938, 16284
2938, 14591
2938, 15913
2938, 15803
11743, 2939
2939, 19273
20174, 2940
2940, 14292
12007, 2941
2941, 12632
8920, 2942
2942, 22373
19876, 2943
2943, 7761
6437, 2944
2944, 9815
11956, 2945
2945, 20879
12007, 2946
2946, 13486
2946, 12260
22805, 2947
2947, 18352
22976, 2948
2948, 12108
16913, 2949
2949, 15715
23430, 2950
2950, 9059
18416, 2951
2951, 16503
2951, 10746
19707, 2952
2952, 8364
15155, 2953
15176, 2953
2953, 9201
15628, 2954
2954, 23521
13780, 2955
2955, 18856
6686, 2956
2956, 7608
21201, 2957
2957, 17709
14242, 2958
2958, 19201
9932, 2959
2959, 6549
2959, 13222
14626, 2960
17691, 2960
23212, 2960
14462, 2960
12529, 2960
12296, 2960
16874, 2960
11670, 2960
20862, 2960
12936, 2960
6300, 2960
19762, 2960
6604, 2960
21517, 2960
8939, 2960
17643, 2960
19780, 2960
8627, 2960
15765, 2960
17504, 2960
18083, 2960
15412, 2960
7832, 2960
18550, 2960
9644, 2960
14333, 2960
11507, 2960
21068, 2960
7922, 2960
6516, 2960
9768, 2960
20481, 2960
14261, 2960
9693, 2960
20396, 2960
12985, 2960
21194, 2960
14295, 2960
22142, 2960
14945, 2960
20755, 2960
19664, 2960
9630, 2960
14206, 2960
11424, 2960
9943, 2960
17715, 2960
8887, 2960
11865, 2960
14344, 2960
23092, 2960
11466, 2960
9273, 2960
9740, 2960
11159, 2960
12538, 2960
17283, 2960
22349, 2960
13169, 2960
22503, 2960
21382, 2960
17859, 2960
13243, 2960
11167, 2960
14736, 2960
12679, 2960
21832, 2960
13608, 2960
7800, 2960
20007, 2960
20882, 2960
15998, 2960
23053, 2960
20286, 2960
22777, 2960
16413, 2960
19162, 2960
19473, 2960
16546, 2960
9867, 2960
9685, 2960
12153, 2960
20567, 2960
9100, 2960
15968, 2960
21571, 2960
14204, 2960
15858, 2960
8672, 2960
14155, 2960
19724, 2960
17120, 2960
19685, 2960
21036, 2960
19888, 2960
8600, 2960
8139, 2960
19027, 2960
18477, 2960
12830, 2960
12704, 2960
21466, 2960
19430, 2960
22047, 2960
13366, 2960
20521, 2960
14006, 2960
23510, 2960
12465, 2960
8346, 2960
15366, 2960
6678, 2960
13281, 2960
15181, 2960
10019, 2960
8350, 2960
12951, 2960
16083, 2960
22093, 2960
20346, 2960
23241, 2960
16744, 2960
12032, 2960
6626, 2960
13984, 2960
21556, 2960
23173, 2960
18931, 2960
19695, 2960
9444, 2960
12759, 2960
15981, 2960
12197, 2960
17020, 2960
14059, 2960
23091, 2960
17357, 2960
11929, 2960
15602, 2960
18174, 2960
22172, 2960
17276, 2960
10485, 2960
7768, 2960
8205, 2960
10647, 2960
22160, 2960
18868, 2960
13633, 2960
19842, 2960
10328, 2960
21930, 2960
19064, 2960
12101, 2960
21340, 2960
19052, 2960
11199, 2960
13754, 2960
17229, 2960
11170, 2960
14684, 2960
9391, 2960
6890, 2960
20202, 2960
11710, 2960
8130, 2960
19547, 2960
6852, 2960
19835, 2960
13563, 2960
17150, 2960
14865, 2960
21973, 2960
10628, 2960
9836, 2960
18707, 2960
20109, 2960
18986, 2960
19921, 2960
19499, 2960
16178, 2960
2960, 12093
23165, 2961
2961, 8679
17235, 2962
21575, 2962
7556, 2962
12217, 2962
20946, 2962
15133, 2962
16500, 2962
18031, 2962
11086, 2962
9245, 2962
16256, 2962
17191, 2962
11289, 2962
19058, 2962
19515, 2962
12315, 2962
10512, 2962
8011, 2962
16900, 2962
15547, 2962
12452, 2962
14243, 2962
9919, 2962
2962, 13012
9657, 2963
2963, 20794
7248, 2964
13425, 2964
2964, 16221
14498, 2965
2965, 10853
12007, 2966
2966, 21800
2966, 20544
15429, 2967
2967, 23444
8583, 2968
2968, 11443
21443, 2969
11909, 2969
2969, 15809
7102, 2970
2970, 13460
12945, 2971
2971, 13085
23029, 2972
2972, 17943
13809, 2973
2973, 18705
2973, 9777
18321, 2974
2974, 8302
23066, 2975
2975, 7456
2975, 10864
16473, 2976
2976, 13353
22334, 2977
2977, 12022
16655, 2978
2978, 18856
8128, 2979
2979, 20209
10145, 2980
2980, 21656
10166, 2981
2981, 17458
2981, 13259
2981, 9940
11260, 2982
2982, 14399
10222, 2983
2983, 17707
21354, 2984
2984, 21805
10166, 2985
2985, 17458
2985, 22979
2985, 9990
2985, 18493
19146, 2986
2986, 12225
8725, 2987
18983, 2987
21353, 2987
7760, 2987
7884, 2987
2987, 17799
10145, 2988
2988, 18591
12945, 2989
2989, 12039
16703, 2990
2990, 19458
19838, 2991
2991, 17531
2991, 16170
2991, 19077
2991, 13022
2991, 13198
2991, 8868
2991, 15120
17957, 2992
2992, 22776
19917, 2993
2993, 18665
20380, 2994
2994, 8744
9366, 2995
2995, 8525
19554, 2996
2996, 20537
19328, 2997
6605, 2997
17368, 2997
12163, 2997
7648, 2997
12933, 2997
13017, 2997
20647, 2997
7694, 2997
10797, 2997
8935, 2997
22839, 2997
6823, 2997
11444, 2997
10684, 2997
22004, 2997
17763, 2997
17494, 2997
10060, 2997
13402, 2997
22611, 2997
7172, 2997
6386, 2997
7605, 2997
22130, 2997
21110, 2997
8735, 2997
22964, 2997
8110, 2997
19956, 2997
10696, 2997
9524, 2997
8222, 2997
19496, 2997
16933, 2997
10252, 2997
16719, 2997
17156, 2997
22226, 2997
19784, 2997
11795, 2997
17853, 2997
20759, 2997
19313, 2997
14211, 2997
15484, 2997
7278, 2997
16235, 2997
22170, 2997
7277, 2997
16811, 2997
14840, 2997
23314, 2997
11678, 2997
16625, 2997
6961, 2997
15238, 2997
19737, 2997
20056, 2997
10249, 2997
21628, 2997
19104, 2997
19339, 2997
21955, 2997
18167, 2997
18893, 2997
23075, 2997
6383, 2997
9678, 2997
19441, 2997
20265, 2997
22292, 2997
21228, 2997
9951, 2997
16070, 2997
13561, 2997
14066, 2997
10403, 2997
22849, 2997
19710, 2997
12484, 2997
16469, 2997
7217, 2997
21913, 2997
19371, 2997
7786, 2997
22037, 2997
12563, 2997
8311, 2997
17465, 2997
6741, 2997
23370, 2997
19029, 2997
16697, 2997
17331, 2997
14644, 2997
17042, 2997
9363, 2997
23083, 2997
12831, 2997
22908, 2997
19380, 2997
23065, 2997
7168, 2997
14873, 2997
15512, 2997
23217, 2997
17771, 2997
7917, 2997
22438, 2997
17242, 2997
10961, 2997
14518, 2997
22776, 2997
17100, 2997
22771, 2997
19390, 2997
7197, 2997
18073, 2997
18398, 2997
14824, 2997
8782, 2997
18352, 2997
8950, 2997
9312, 2997
13750, 2997
12806, 2997
10468, 2997
7911, 2997
7166, 2997
6396, 2997
19687, 2997
21167, 2997
10630, 2997
21858, 2997
15453, 2997
11250, 2997
17322, 2997
20563, 2997
8533, 2997
20129, 2997
6752, 2997
16321, 2997
11705, 2997
22644, 2997
18232, 2997
19231, 2997
22311, 2997
9400, 2997
13719, 2997
17998, 2997
11142, 2997
8120, 2997
10033, 2997
21120, 2997
14912, 2997
18902, 2997
13893, 2997
17884, 2997
7051, 2997
22835, 2997
17798, 2997
20627, 2997
14282, 2997
8534, 2997
17387, 2997
15562, 2997
12615, 2997
7453, 2997
6443, 2997
23389, 2997
18419, 2997
16819, 2997
19840, 2997
22145, 2997
20718, 2997
12841, 2997
20789, 2997
10835, 2997
9186, 2997
14814, 2997
16001, 2997
20937, 2997
16121, 2997
8866, 2997
10014, 2997
21673, 2997
20384, 2997
8208, 2997
15889, 2997
17359, 2997
23148, 2997
7644, 2997
6694, 2997
15189, 2997
8722, 2997
16381, 2997
16250, 2997
6792, 2997
11696, 2997
10401, 2997
10034, 2997
15516, 2997
12059, 2997
12206, 2997
20244, 2997
22119, 2997
18495, 2997
14610, 2997
12345, 2997
16660, 2997
14002, 2997
9471, 2997
20064, 2997
16712, 2997
7819, 2997
19542, 2997
20262, 2997
23195, 2997
19017, 2997
8362, 2997
22470, 2997
15788, 2997
15974, 2997
9318, 2997
20716, 2997
18644, 2997
11790, 2997
20572, 2997
12288, 2997
12186, 2997
10383, 2997
16651, 2997
17035, 2997
17048, 2997
16133, 2997
16725, 2997
19606, 2997
12633, 2997
12866, 2997
16991, 2997
19789, 2997
11495, 2997
16747, 2997
18036, 2997
18967, 2997
18155, 2997
6676, 2997
10576, 2997
12855, 2997
17061, 2997
7138, 2997
17721, 2997
16503, 2997
17676, 2997
16101, 2997
8889, 2997
8569, 2997
22759, 2997
7266, 2997
20222, 2997
20582, 2997
11372, 2997
23201, 2997
7318, 2997
12404, 2997
15205, 2997
6985, 2997
14456, 2997
15200, 2997
20911, 2997
14843, 2997
11899, 2997
2997, 18411
2997, 10145
16751, 2998
2998, 6653
6431, 2999
13274, 2999
15480, 2999
10688, 2999
17584, 2999
10158, 2999
9107, 2999
22296, 2999
13384, 2999
23469, 2999
2999, 17411
11597, 3000
8751, 3000
6949, 3000
11352, 3000
14592, 3000
20207, 3000
17999, 3000
17892, 3000
20729, 3000
8296, 3000
17885, 3000
11569, 3000
18698, 3000
6325, 3000
14159, 3000
18172, 3000
6706, 3000
7135, 3000
17948, 3000
11973, 3000
11261, 3000
7362, 3000
17702, 3000
10408, 3000
8848, 3000
18476, 3000
19111, 3000
18008, 3000
7253, 3000
10559, 3000
13464, 3000
23485, 3000
15531, 3000
3000, 19095
19838, 3001
3001, 10680
3001, 8798
3001, 10306
3001, 13308
15884, 3002
3002, 11140
12038, 3003
3003, 12989
18949, 3004
3004, 16995
3004, 12618
17827, 3005
3005, 17275
12945, 3006
3006, 18127
20828, 3007
3007, 14252
19838, 3008
3008, 18330
3008, 12899
3008, 6915
3008, 6332
3008, 9537
3008, 17980
10195, 3009
3009, 15002
18956, 3010
3010, 12751
7193, 3011
3011, 8266
14011, 3012
3012, 17879
21201, 3013
3013, 22121
13855, 3014
3014, 9900
9797, 3015
3015, 8185
13334, 3016
3016, 20906
17293, 3017
15325, 3017
3017, 16239
19838, 3018
3018, 23196
3018, 17982
3018, 23111
3018, 7631
12945, 3019
3019, 20139
11260, 3020
3020, 10843
8882, 3021
3021, 11922
3021, 12935
6956, 3022
20125, 3022
3022, 17227
10011, 3023
3023, 16842
16306, 3024
3024, 21080
13109, 3025
3025, 8403
22328, 3026
3026, 18571
11459, 3027
3027, 22597
14402, 3028
3028, 6415
11291, 3029
3029, 16569
9653, 3030
3030, 19328
18961, 3031
3031, 6487
6437, 3032
3032, 9815
8700, 3033
3033, 17771
20000, 3034
22127, 3034
22190, 3034
22083, 3034
16429, 3034
6755, 3034
3034, 10338
13363, 3035
3035, 14859
13860, 3036
21263, 3036
16074, 3036
14339, 3036
16541, 3036
9132, 3036
18350, 3036
12498, 3036
23624, 3036
3036, 15173
22060, 3037
10298, 3037
3037, 10843
21512, 3038
16186, 3038
3038, 16877
8960, 3039
3039, 12573
7926, 3040
3040, 17260
23431, 3041
3041, 20265
22562, 3042
3042, 22046
3042, 23364
3042, 22611
3042, 19104
3042, 21302
3042, 8362
3042, 6603
3042, 15073
3042, 6330
3042, 11025
14135, 3043
21646, 3043
17144, 3043
9576, 3043
11810, 3043
3043, 9329
18519, 3044
3044, 7906
14136, 3045
22861, 3045
21454, 3045
18819, 3045
20013, 3045
8670, 3045
3045, 8546
15884, 3046
3046, 12257
15015, 3047
3047, 22816
10436, 3048
12579, 3048
20055, 3048
13576, 3048
11727, 3048
14258, 3048
8568, 3048
3048, 14203
17920, 3049
3049, 12824
17043, 3050
3050, 15840
16199, 3051
9956, 3051
11245, 3051
19545, 3051
19490, 3051
17924, 3051
18542, 3051
17092, 3051
6278, 3051
8013, 3051
8814, 3051
15221, 3051
23215, 3051
13167, 3051
21542, 3051
19579, 3051
21845, 3051
11484, 3051
13429, 3051
21792, 3051
12717, 3051
15416, 3051
12618, 3051
12745, 3051
8043, 3051
12824, 3051
19977, 3051
11811, 3051
22443, 3051
19549, 3051
17519, 3051
22227, 3051
14916, 3051
16454, 3051
15737, 3051
8292, 3051
20771, 3051
18691, 3051
22485, 3051
15170, 3051
15764, 3051
20137, 3051
22555, 3051
13296, 3051
12305, 3051
7588, 3051
8419, 3051
20976, 3051
18939, 3051
9741, 3051
16656, 3051
9097, 3051
22576, 3051
7874, 3051
14605, 3051
15946, 3051
11736, 3051
6842, 3051
23246, 3051
12050, 3051
22185, 3051
7897, 3051
13271, 3051
12426, 3051
7245, 3051
20288, 3051
22614, 3051
12086, 3051
14733, 3051
16107, 3051
8202, 3051
17195, 3051
12884, 3051
20338, 3051
16232, 3051
12264, 3051
18715, 3051
3051, 22879
7149, 3052
3052, 12514
11991, 3053
3053, 8025
21570, 3054
3054, 13759
6934, 3055
3055, 15475
15884, 3056
3056, 23117
3056, 22559
10145, 3057
3057, 8908
18285, 3058
3058, 14029
10166, 3059
3059, 9704
3059, 15584
3059, 15990
3059, 13001
3059, 15323
3059, 11119
3059, 7630
3059, 12253
9692, 3060
3060, 13340
16110, 3061
3061, 21778
9605, 3062
3062, 15088
21464, 3063
3063, 17334
8137, 3064
3064, 14951
9447, 3065
3065, 21241
11369, 3066
3066, 22128
20503, 3067
3067, 14445
21017, 3068
3068, 7869
3068, 14686
3068, 17906
3068, 17231
20001, 3069
3069, 10842
3069, 17474
6437, 3070
3070, 20448
16441, 3071
3071, 7239
15884, 3072
3072, 16334
16129, 3073
3073, 15781
12945, 3074
3074, 11711
19838, 3075
3075, 15903
3075, 18154
3075, 23446
12332, 3076
3076, 7565
11654, 3077
11130, 3077
21379, 3077
3077, 18608
14216, 3078
3078, 17495
17893, 3079
19699, 3079
18021, 3079
15465, 3079
12722, 3079
21456, 3079
16786, 3079
18605, 3079
23318, 3079
14024, 3079
23398, 3079
13439, 3079
23178, 3079
14020, 3079
12608, 3079
7458, 3079
18771, 3079
18527, 3079
20794, 3079
12764, 3079
16668, 3079
15148, 3079
10163, 3079
23226, 3079
7462, 3079
23560, 3079
6807, 3079
15799, 3079
21190, 3079
20663, 3079
22640, 3079
3079, 22834
8234, 3080
3080, 22367
22720, 3081
3081, 18243
16543, 3082
9857, 3082
15348, 3082
17621, 3082
20130, 3082
3082, 10145
7442, 3083
3083, 15689
19459, 3084
3084, 11822
22239, 3085
3085, 20549
10896, 3086
22480, 3086
21957, 3086
3086, 16452
16112, 3087
14146, 3087
16846, 3087
9615, 3087
13419, 3087
3087, 12216
10474, 3088
3088, 20595
11173, 3089
3089, 21286
20280, 3090
17262, 3090
22422, 3090
23276, 3090
13671, 3090
23619, 3090
15020, 3090
9812, 3090
8593, 3090
11642, 3090
9514, 3090
19485, 3090
13915, 3090
17396, 3090
8581, 3090
7641, 3090
21028, 3090
16268, 3090
21979, 3090
13482, 3090
15084, 3090
14631, 3090
10466, 3090
22091, 3090
23427, 3090
22027, 3090
22830, 3090
6675, 3090
11796, 3090
10595, 3090
20277, 3090
6840, 3090
13194, 3090
9074, 3090
6617, 3090
9618, 3090
17671, 3090
8865, 3090
3090, 16758
21074, 3091
3091, 19275
10754, 3092
3092, 9857
15735, 3093
3093, 13732
17662, 3094
3094, 19827
17404, 3095
3095, 7257
15172, 3096
3096, 21097
9710, 3097
3097, 18058
22648, 3098
3098, 17717
14402, 3099
3099, 6415
9623, 3100
14300, 3100
3100, 20376
3100, 23458
3100, 17143
3100, 6519
3100, 12545
3100, 23612
3100, 16362
19728, 3101
3101, 21621
21735, 3102
3102, 10506
10807, 3103
3103, 21288
3103, 8799
16055, 3104
3104, 15342
13139, 3105
3105, 11532
20206, 3106
3106, 19927
20058, 3107
3107, 19838
11421, 3108
15618, 3108
7809, 3108
23306, 3108
8758, 3108
20589, 3108
12157, 3108
18875, 3108
20484, 3108
21230, 3108
18423, 3108
3108, 14888
3108, 17301
15884, 3109
3109, 6292
17718, 3110
11426, 3110
3110, 13168
11376, 3111
3111, 9402
3111, 22071
8517, 3112
3112, 23398
11771, 3113
3113, 16766
12914, 3114
3114, 10526
22903, 3115
12482, 3115
20489, 3115
3115, 20469
18133, 3116
12895, 3116
3116, 11036
15884, 3117
3117, 10850
13809, 3118
3118, 14918
10267, 3119
3119, 14067
14681, 3120
3120, 12206
7126, 3121
3121, 11835
10979, 3122
3122, 14479
17694, 3123
3123, 6800
19492, 3124
3124, 9574
18099, 3125
18921, 3125
3125, 22776
12007, 3126
3126, 15823
11224, 3127
3127, 6993
17071, 3128
3128, 10719
14575, 3129
3129, 8285
13152, 3130
19663, 3130
3130, 13781
17575, 3131
3131, 6361
21905, 3132
3132, 13738
21077, 3133
3133, 7016
23355, 3134
3134, 8364
15884, 3135
3135, 21811
23511, 3136
3136, 20537
18594, 3137
3137, 16734
3137, 13441
6437, 3138
3138, 9732
13245, 3139
3139, 21859
15884, 3140
3140, 10360
15940, 3141
9077, 3141
23356, 3141
7979, 3141
12639, 3141
7202, 3141
8593, 3141
18833, 3141
3141, 9976
12221, 3142
3142, 9750
10145, 3143
3143, 23422
19046, 3144
3144, 14355
12029, 3145
17686, 3145
3145, 22471
6437, 3146
3146, 16976
20060, 3147
20905, 3147
13897, 3147
3147, 16865
19128, 3148
3148, 12412
20579, 3149
3149, 11683
14165, 3150
3150, 22360
13925, 3151
3151, 18022
15521, 3152
3152, 12242
19284, 3153
3153, 20778
22219, 3154
8736, 3154
3154, 18653
11530, 3155
3155, 17924
10145, 3156
3156, 10198
15172, 3157
3157, 13758
11671, 3158
3158, 11503
9188, 3159
11735, 3159
3159, 15737
15884, 3160
3160, 11335
11075, 3161
3161, 17466
21900, 3162
3162, 16302
17945, 3163
23493, 3163
3163, 11208
13583, 3164
3164, 12206
15884, 3165
3165, 12251
12487, 3166
13139, 3166
3166, 11532
17238, 3167
10427, 3167
3167, 9603
20019, 3168
3168, 20637
3168, 20695
3168, 8656
3168, 6374
3168, 13822
3168, 9867
3168, 14164
3168, 15254
3168, 11738
18956, 3169
3169, 22361
7512, 3170
3170, 14321
3170, 22511
17043, 3171
3171, 20937
19838, 3172
3172, 6781
3172, 14469
13705, 3173
3173, 23622
10145, 3174
3174, 8202
19049, 3175
20802, 3175
22325, 3175
3175, 17551
3175, 6629
7063, 3176
3176, 7849
3176, 12889
10145, 3177
3177, 21625
14402, 3178
3178, 6415
14555, 3179
10487, 3179
19141, 3179
22057, 3179
18210, 3179
8408, 3179
7634, 3179
21600, 3179
3179, 18495
11490, 3180
14039, 3180
10993, 3180
3180, 13873
12945, 3181
3181, 12562
10816, 3182
3182, 19676
7367, 3183
3183, 18967
20019, 3184
3184, 20637
3184, 12011
3184, 18850
3184, 13426
3184, 17683
3184, 21062
3184, 21955
3184, 6413
3184, 21239
3184, 10907
3184, 13521
3184, 23437
3184, 17255
3184, 22744
3184, 14542
15356, 3185
3185, 10231
23322, 3186
3186, 18848
6887, 3187
3187, 13299
16832, 3188
3188, 9809
13942, 3189
22306, 3189
14988, 3189
8000, 3189
12167, 3189
10644, 3189
22390, 3189
3189, 22896
11673, 3190
3190, 9828
11260, 3191
3191, 17408
12945, 3192
3192, 10107
10166, 3193
3193, 17834
3193, 20656
3193, 15975
3193, 19391
3193, 15963
3193, 19551
3193, 21381
16427, 3194
3194, 17046
8797, 3195
21413, 3195
13736, 3195
10185, 3195
17215, 3195
19392, 3195
13875, 3195
16150, 3195
13071, 3195
13713, 3195
3195, 12889
3195, 10462
19838, 3196
3196, 16174
3196, 11756
3196, 19410
3196, 6306
3196, 15709
6880, 3197
3197, 21763
14817, 3198
3198, 23013
12363, 3199
3199, 13168
10518, 3200
11778, 3200
10268, 3200
3200, 17142
10073, 3201
3201, 23245
17425, 3202
3202, 17733
12007, 3203
3203, 12622
3203, 6276
3203, 10281
14601, 3204
3204, 19545
3204, 11484
3204, 15946
13878, 3205
3205, 22434
13714, 3206
3206, 22582
14625, 3207
7364, 3207
14114, 3207
16678, 3207
3207, 19915
15417, 3208
3208, 22170
14973, 3209
3209, 21531
10145, 3210
3210, 8202
20114, 3211
3211, 18035
21201, 3212
3212, 19574
8068, 3213
3213, 22776
19838, 3214
3214, 9145
6437, 3215
3215, 21652
8504, 3216
6507, 3216
20748, 3216
13061, 3216
8212, 3216
23584, 3216
3216, 19705
13809, 3217
3217, 9227
13963, 3218
8066, 3218
23513, 3218
23064, 3218
22967, 3218
9396, 3218
14425, 3218
7690, 3218
10699, 3218
7049, 3218
3218, 17799
3218, 12999
14120, 3219
20669, 3219
13161, 3219
3219, 13452
16710, 3220
3220, 18176
3220, 7091
18383, 3221
3221, 11194
3221, 10026
15866, 3222
3222, 6739
10145, 3223
3223, 15465
23218, 3224
3224, 15513
3224, 8105
13621, 3225
19785, 3225
21343, 3225
13320, 3225
22432, 3225
3225, 11832
20456, 3226
3226, 16465
9454, 3227
17630, 3227
21801, 3227
9347, 3227
12106, 3227
19651, 3227
17447, 3227
20106, 3227
15223, 3227
8481, 3227
18409, 3227
3227, 16393
21099, 3228
3228, 21620
9926, 3229
12838, 3229
13832, 3229
3229, 12893
19979, 3230
8226, 3230
3230, 8147
3230, 22237
3230, 11958
3230, 23004
3230, 9073
3230, 16412
23553, 3231
3231, 17331
7721, 3232
3232, 21483
11726, 3233
3233, 17800
14801, 3234
3234, 17771
13404, 3235
3235, 10751
20019, 3236
3236, 18178
3236, 15222
3236, 6261
3236, 22699
18283, 3237
3237, 19144
17161, 3238
3238, 9138
10145, 3239
3239, 19243
10145, 3240
3240, 20413
6437, 3241
3241, 9815
20714, 3242
15573, 3242
3242, 13340
17872, 3243
22242, 3243
9506, 3243
10307, 3243
8176, 3243
17417, 3243
10270, 3243
23157, 3243
11779, 3243
8381, 3243
15515, 3243
14835, 3243
3243, 10665
8343, 3244
22393, 3244
3244, 15571
10943, 3245
20998, 3245
3245, 12889
15826, 3246
3246, 18548
17575, 3247
3247, 23122
8916, 3248
3248, 17771
20438, 3249
9817, 3249
11147, 3249
15125, 3249
14618, 3249
13539, 3249
21336, 3249
13577, 3249
19361, 3249
6271, 3249
21992, 3249
10042, 3249
12232, 3249
17922, 3249
6531, 3249
13379, 3249
21754, 3249
11952, 3249
18825, 3249
18757, 3249
20967, 3249
7428, 3249
20700, 3249
15805, 3249
23587, 3249
15265, 3249
18058, 3249
3249, 22834
9038, 3250
3250, 22531
16243, 3251
10325, 3251
10451, 3251
21665, 3251
9290, 3251
6909, 3251
3251, 21506
20333, 3252
21771, 3252
21360, 3252
3252, 12337
20151, 3253
3253, 11748
7739, 3254
3254, 16683
21849, 3255
3255, 20563
10145, 3256
3256, 19938
14977, 3257
3257, 19904
11737, 3258
3258, 11323
6277, 3259
11366, 3259
3259, 14812
6656, 3260
3260, 8827
18208, 3261
3261, 16538
17425, 3262
3262, 22143
11807, 3263
3263, 20427
19838, 3264
3264, 14983
3264, 9895
3264, 7618
3264, 6490
3264, 22509
3264, 20455
10166, 3265
3265, 12636
3265, 11032
3265, 17245
3265, 11024
3265, 10397
3265, 21529
3265, 6607
3265, 13569
19838, 3266
3266, 14076
3266, 22355
3266, 12844
3266, 9457
3266, 14596
3266, 7941
3266, 12063
3266, 10072
3266, 21374
21699, 3267
3267, 19231
15195, 3268
14864, 3268
23627, 3268
17442, 3268
3268, 8720
21850, 3269
21459, 3269
3269, 19182
10503, 3270
18190, 3270
3270, 15039
14183, 3271
3271, 20537
14402, 3272
3272, 6415
10166, 3273
3273, 22082
3273, 14913
3273, 10775
13772, 3274
21231, 3274
3274, 18311
11984, 3275
3275, 21628
11410, 3276
3276, 20470
18221, 3277
3277, 12353
12098, 3278
3278, 17046
6952, 3279
23023, 3279
8268, 3279
20221, 3279
6877, 3279
6272, 3279
10280, 3279
6780, 3279
20924, 3279
17978, 3279
12760, 3279
6861, 3279
3279, 15768
23360, 3280
3280, 9212
14927, 3281
3281, 21475
18248, 3282
3282, 12889
11665, 3283
3283, 12891
13809, 3284
3284, 10232
6767, 3285
7627, 3285
8573, 3285
16009, 3285
21836, 3285
6279, 3285
22705, 3285
13126, 3285
22578, 3285
15080, 3285
18794, 3285
10973, 3285
12596, 3285
9820, 3285
11209, 3285
18152, 3285
7521, 3285
15775, 3285
15413, 3285
14319, 3285
13145, 3285
15042, 3285
18786, 3285
10438, 3285
14306, 3285
9130, 3285
7542, 3285
10356, 3285
13501, 3285
8526, 3285
20707, 3285
11560, 3285
20082, 3285
20249, 3285
9333, 3285
12617, 3285
23052, 3285
16776, 3285
10450, 3285
7852, 3285
17546, 3285
19463, 3285
11183, 3285
9012, 3285
12434, 3285
22385, 3285
21164, 3285
14720, 3285
14465, 3285
7749, 3285
15272, 3285
6478, 3285
13761, 3285
22824, 3285
12921, 3285
9414, 3285
12723, 3285
8616, 3285
19998, 3285
19978, 3285
12304, 3285
9236, 3285
18121, 3285
18641, 3285
15292, 3285
18923, 3285
7099, 3285
14174, 3285
20213, 3285
10257, 3285
9222, 3285
7392, 3285
10161, 3285
13660, 3285
9598, 3285
6987, 3285
13564, 3285
18720, 3285
15280, 3285
16448, 3285
20261, 3285
19420, 3285
9712, 3285
18318, 3285
16947, 3285
7718, 3285
17767, 3285
12561, 3285
23182, 3285
11782, 3285
20024, 3285
12024, 3285
20856, 3285
16946, 3285
13866, 3285
8418, 3285
7095, 3285
19931, 3285
23604, 3285
18179, 3285
18405, 3285
10789, 3285
16320, 3285
3285, 21269
11630, 3286
3286, 10841
13809, 3287
3287, 11167
19900, 3288
3288, 16683
13106, 3289
3289, 10890
19003, 3290
3290, 9782
8399, 3291
3291, 6809
8859, 3292
3292, 22212
21719, 3293
3293, 20421
15700, 3294
20165, 3294
21476, 3294
3294, 15132
7296, 3295
3295, 15394
10145, 3296
3296, 8592
16518, 3297
3297, 14679
18376, 3298
3298, 7087
14721, 3299
3299, 22816
14402, 3300
3300, 6415
7037, 3301
3301, 11250
6437, 3302
3302, 14459
15316, 3303
22895, 3303
3303, 17035
7048, 3304
3304, 6580
21329, 3305
3305, 20265
8610, 3306
3306, 20538
10145, 3307
3307, 9981
11807, 3308
3308, 11860
19838, 3309
3309, 13821
3309, 13444
3309, 11096
3309, 6351
9481, 3310
3310, 14476
3310, 11215
19838, 3311
3311, 20113
3311, 6332
3311, 17287
3311, 8210
3311, 12849
3311, 19960
12448, 3312
3312, 19850
17016, 3313
16417, 3313
3313, 18006
19431, 3314
3314, 21000
16294, 3315
3315, 7685
10277, 3316
3316, 20799
10404, 3317
3317, 7674
23419, 3318
3318, 22364
12945, 3319
3319, 12204
16784, 3320
3320, 17492
3320, 14051
15628, 3321
3321, 23521
20027, 3322
3322, 21713
21451, 3323
3323, 6983
7248, 3324
3324, 16221
16067, 3325
3325, 21525
19576, 3326
3326, 8805
16085, 3327
3327, 12611
12314, 3328
20645, 3328
3328, 7932
22711, 3329
3329, 22935
19838, 3330
3330, 14236
3330, 23350
3330, 6370
3330, 11611
3330, 16820
15884, 3331
3331, 13465
16917, 3332
3332, 13701
17163, 3333
15936, 3333
3333, 16380
7309, 3334
3334, 19838
10816, 3335
3335, 15151
23527, 3336
3336, 10797
7326, 3337
15104, 3337
21426, 3337
16806, 3337
12441, 3337
10363, 3337
19325, 3337
3337, 19148
10023, 3338
3338, 9520
10145, 3339
3339, 16410
3339, 13436
17866, 3340
7560, 3340
12410, 3340
18257, 3340
6521, 3340
22381, 3340
20841, 3340
19176, 3340
18708, 3340
18691, 3340
23334, 3340
14435, 3340
15698, 3340
9325, 3340
19727, 3340
12346, 3340
20912, 3340
23303, 3340
14328, 3340
22758, 3340
11439, 3340
8202, 3340
10210, 3340
16380, 3340
15663, 3340
3340, 23003
10816, 3341
3341, 18338
19838, 3342
3342, 16198
3342, 18706
3342, 16930
3342, 9632
3342, 8692
3342, 21086
3342, 17929
11260, 3343
3343, 11794
18037, 3344
3344, 17373
7676, 3345
3345, 15203
20426, 3346
14740, 3346
3346, 10065
16606, 3347
3347, 22333
23392, 3348
3348, 16586
17881, 3349
3349, 10110
11686, 3350
10679, 3350
22925, 3350
3350, 20691
17844, 3351
3351, 6931
9790, 3352
3352, 20265
21058, 3353
3353, 8745
15062, 3354
12026, 3354
3354, 13309
6686, 3355
3355, 9543
16037, 3356
3356, 19142
12873, 3357
11599, 3357
12121, 3357
13709, 3357
13139, 3357
3357, 11532
10773, 3358
3358, 17001
7777, 3359
3359, 11349
17043, 3360
3360, 23078
16844, 3361
3361, 15918
18551, 3362
3362, 20863
18596, 3363
3363, 7184
16738, 3364
17949, 3364
22406, 3364
12041, 3364
23283, 3364
7117, 3364
12466, 3364
11004, 3364
20576, 3364
3364, 13457
3364, 15877
11950, 3365
3365, 19414
17648, 3366
3366, 22640
18011, 3367
3367, 9604
21092, 3368
3368, 8877
18878, 3369
3369, 23217
20019, 3370
3370, 7819
3370, 6499
22223, 3371
3371, 8323
23000, 3372
3372, 17019
3372, 20359
3372, 13439
10145, 3373
3373, 18872
23249, 3374
22471, 3374
21455, 3374
20234, 3374
23396, 3374
16230, 3374
12858, 3374
17227, 3374
14530, 3374
15795, 3374
16394, 3374
13661, 3374
22428, 3374
15314, 3374
16842, 3374
15318, 3374
8277, 3374
16185, 3374
16489, 3374
9786, 3374
23516, 3374
8279, 3374
20699, 3374
13229, 3374
10753, 3374
12318, 3374
17646, 3374
10119, 3374
16302, 3374
16032, 3374
12999, 3374
10425, 3374
17119, 3374
19938, 3374
6349, 3374
11851, 3374
13406, 3374
18338, 3374
12775, 3374
15111, 3374
10691, 3374
16274, 3374
8693, 3374
22463, 3374
11976, 3374
7985, 3374
21531, 3374
8202, 3374
13361, 3374
13458, 3374
9059, 3374
14499, 3374
21400, 3374
21656, 3374
12919, 3374
3374, 22834
15884, 3375
3375, 14636
23144, 3376
3376, 14244
11217, 3377
3377, 19051
16764, 3378
3378, 20778
21425, 3379
3379, 21732
12190, 3380
3380, 22463
3380, 19048
19728, 3381
3381, 7462
9691, 3382
3382, 10974
15106, 3383
3383, 19002
3383, 11563
7233, 3384
3384, 17383
7905, 3385
11731, 3385
3385, 22524
3385, 20563
14098, 3386
3386, 15125
13283, 3387
3387, 19615
20864, 3388
3388, 20035
7614, 3389
3389, 9471
20475, 3390
3390, 23334
3390, 10210
23572, 3391
3391, 12484
10145, 3392
3392, 18407
19746, 3393
3393, 10924
3393, 8046
19169, 3394
17530, 3394
15186, 3394
9696, 3394
22982, 3394
21316, 3394
13571, 3394
17947, 3394
11068, 3394
3394, 19025
21467, 3395
3395, 22438
21494, 3396
3396, 7011
14227, 3397
3397, 11661
22021, 3398
3398, 17219
8601, 3399
3399, 7616
9141, 3400
3400, 21855
3400, 10484
17309, 3401
3401, 18292
16270, 3402
3402, 12320
17339, 3403
3403, 17672
14196, 3404
3404, 20167
11260, 3405
3405, 23284
9605, 3406
3406, 18743
18141, 3407
19352, 3407
8329, 3407
3407, 10713
18583, 3408
20856, 3408
12434, 3408
10331, 3408
11209, 3408
9598, 3408
22365, 3408
20249, 3408
10127, 3408
14720, 3408
9130, 3408
10743, 3408
22705, 3408
10531, 3408
10238, 3408
19437, 3408
10257, 3408
7805, 3408
23298, 3408
10973, 3408
10424, 3408
15292, 3408
22016, 3408
8526, 3408
13501, 3408
19086, 3408
7718, 3408
15775, 3408
7452, 3408
6411, 3408
11280, 3408
11898, 3408
17711, 3408
19409, 3408
19395, 3408
9036, 3408
9484, 3408
9592, 3408
17617, 3408
17546, 3408
20707, 3408
22549, 3408
9105, 3408
7627, 3408
9040, 3408
12723, 3408
9421, 3408
8846, 3408
9222, 3408
9640, 3408
20095, 3408
11560, 3408
6304, 3408
8490, 3408
9012, 3408
21967, 3408
22305, 3408
6430, 3408
18250, 3408
18861, 3408
20010, 3408
15042, 3408
6537, 3408
19241, 3408
16869, 3408
21283, 3408
22031, 3408
14128, 3408
17578, 3408
18786, 3408
12060, 3408
7839, 3408
12024, 3408
17211, 3408
17200, 3408
14607, 3408
13427, 3408
11082, 3408
23251, 3408
18794, 3408
11420, 3408
11882, 3408
23182, 3408
11020, 3408
9183, 3408
16338, 3408
20189, 3408
22087, 3408
10438, 3408
8227, 3408
9279, 3408
7099, 3408
23236, 3408
20662, 3408
13939, 3408
11534, 3408
23121, 3408
11183, 3408
16408, 3408
20887, 3408
12617, 3408
8070, 3408
18720, 3408
6805, 3408
18173, 3408
6828, 3408
18296, 3408
11126, 3408
21839, 3408
9731, 3408
18775, 3408
3408, 6327
23139, 3409
3409, 17233
12598, 3410
3410, 10843
13771, 3411
3411, 21574
13956, 3412
3412, 8923
8932, 3413
3413, 14994
21688, 3414
3414, 11059
21562, 3415
16488, 3415
22437, 3415
12943, 3415
7657, 3415
21014, 3415
8663, 3415
3415, 22914
10592, 3416
3416, 21337
12356, 3417
3417, 6946
22608, 3418
3418, 7463
10145, 3419
3419, 16182
3419, 10881
14656, 3420
3420, 10914
8578, 3421
3421, 13273
18348, 3422
11296, 3422
18863, 3422
3422, 10368
16563, 3423
3423, 18260
7175, 3424
3424, 6615
21433, 3425
13815, 3425
20142, 3425
22875, 3425
7551, 3425
14543, 3425
6527, 3425
3425, 22552
22173, 3426
3426, 20435
12945, 3427
3427, 11220
13994, 3428
10822, 3428
3428, 14738
3428, 22924
3428, 22237
3428, 7020
3428, 13294
3428, 20262
3428, 20329
3428, 10553
3428, 9775
13978, 3429
3429, 7172
17142, 3430
3430, 20028
3430, 18328
19971, 3431
3431, 16381
11691, 3432
14127, 3432
22343, 3432
3432, 15364
13502, 3433
3433, 17072
12630, 3434
3434, 12606
14240, 3435
3435, 17346
11438, 3436
23175, 3436
11169, 3436
6869, 3436
3436, 14393
10096, 3437
11550, 3437
19464, 3437
17627, 3437
13304, 3437
8406, 3437
3437, 12093
21405, 3438
3438, 8371
13432, 3439
3439, 12889
8428, 3440
3440, 19873
10145, 3441
3441, 6555
23502, 3442
3442, 12775
13068, 3443
3443, 18495
6686, 3444
3444, 23085
23463, 3445
14979, 3445
18000, 3445
3445, 11899
15172, 3446
3446, 13737
10145, 3447
3447, 7513
14402, 3448
3448, 6415
22960, 3449
22723, 3449
21055, 3449
11014, 3449
17184, 3449
3449, 13707
19670, 3450
3450, 10327
10566, 3451
3451, 10868
12379, 3452
3452, 7665
10807, 3453
3453, 11559
16210, 3454
3454, 23546
10359, 3455
3455, 13646
7590, 3456
3456, 6920
15610, 3457
3457, 14318
10807, 3458
3458, 16728
12872, 3459
3459, 17749
9846, 3460
3460, 8367
17595, 3461
3461, 15774
6339, 3462
12421, 3462
3462, 19307
14402, 3463
3463, 6415
22048, 3464
3464, 15221
21149, 3465
3465, 19131
12604, 3466
3466, 19115
21866, 3467
14838, 3467
3467, 14479
12042, 3468
3468, 18102
14402, 3469
3469, 6415
22635, 3470
22794, 3470
3470, 22829
20276, 3471
3471, 14203
21861, 3472
17082, 3472
3472, 6523
10166, 3473
3473, 15678
3473, 22721
3473, 16621
3473, 11056
3473, 14591
3473, 16863
3473, 13976
18436, 3474
22467, 3474
3474, 20196
19728, 3475
3475, 12512
19838, 3476
3476, 18690
3476, 6978
3476, 10754
3476, 9063
3476, 17039
3476, 11943
19297, 3477
3477, 7997
18685, 3478
3478, 13232
19838, 3479
3479, 11627
3479, 17287
3479, 6382
3479, 11724
3479, 23071
3479, 6267
23072, 3480
3480, 22309
9950, 3481
3481, 21344
7606, 3482
3482, 12068
16290, 3483
3483, 12855
19327, 3484
3484, 10231
18489, 3485
3485, 12828
12734, 3486
3486, 18900
19838, 3487
3487, 13676
3487, 16820
3487, 8933
3487, 13848
3487, 7199
3487, 11962
9796, 3488
3488, 17066
12518, 3489
3489, 17586
21238, 3490
3490, 19307
17445, 3491
3491, 14154
8979, 3492
3492, 10367
19838, 3493
3493, 11336
3493, 20787
14402, 3494
3494, 6415
8724, 3495
20243, 3495
3495, 14479
23066, 3496
3496, 21228
3496, 9400
3496, 6262
3496, 17083
23365, 3497
14507, 3497
3497, 7610
3497, 22770
3497, 20624
3497, 17035
12489, 3498
3498, 12088
3498, 22226
3498, 21394
3498, 23579
3498, 12866
3498, 20540
3498, 17152
3498, 18787
3498, 20281
3498, 9032
3498, 19642
3498, 9742
3498, 22777
3498, 12732
14402, 3499
3499, 6415
22867, 3500
21631, 3500
6898, 3500
13303, 3500
7379, 3500
21949, 3500
15660, 3500
3500, 13685
19094, 3501
10569, 3501
3501, 8715
14982, 3502
3502, 12875
3502, 22337
10245, 3503
3503, 10338
14052, 3504
3504, 14566
8912, 3505
3505, 13446
17639, 3506
3506, 17061
11026, 3507
3507, 6900
21201, 3508
3508, 21848
18963, 3509
3509, 20551
6437, 3510
3510, 16562
21058, 3511
3511, 13959
15172, 3512
3512, 23109
3512, 22868
20587, 3513
6829, 3513
3513, 17142
20682, 3514
3514, 19402
21943, 3515
3515, 13069
18742, 3516
3516, 19464
19838, 3517
3517, 8831
3517, 21569
3517, 8943
19805, 3518
3518, 8352
19901, 3519
18851, 3519
17877, 3519
22660, 3519
3519, 16584
10521, 3520
3520, 21989
20353, 3521
3521, 11750
17456, 3522
3522, 11728
10145, 3523
3523, 7251
21947, 3524
17108, 3524
18392, 3524
20539, 3524
9033, 3524
7516, 3524
23440, 3524
15577, 3524
17056, 3524
9513, 3524
21640, 3524
11324, 3524
11468, 3524
3524, 11154
7586, 3525
12467, 3525
3525, 22766
15489, 3526
18895, 3526
3526, 12091
10404, 3527
3527, 19280
19475, 3528
3528, 12880
12945, 3529
3529, 15955
12208, 3530
3530, 18326
12716, 3531
3531, 12854
10145, 3532
3532, 20394
16720, 3533
3533, 9070
14776, 3534
3534, 12827
7856, 3535
7700, 3535
3535, 16740
20899, 3536
3536, 21410
7703, 3537
3537, 6260
11260, 3538
3538, 9981
15937, 3539
10695, 3539
3539, 12629
17370, 3540
3540, 18138
12945, 3541
3541, 22428
11982, 3542
3542, 19580
19838, 3543
3543, 16558
3543, 14791
3543, 10606
3543, 8747
3543, 18149
3543, 17139
3543, 7315
19838, 3544
3544, 6715
3544, 18524
3544, 16365
3544, 12939
3544, 21227
3544, 15671
3544, 16289
3544, 19959
3544, 11354
3544, 16011
3544, 18288
6341, 3545
3545, 19436
7363, 3546
3546, 18629
9861, 3547
3547, 20265
23286, 3548
8942, 3548
3548, 10498
20548, 3549
8958, 3549
20620, 3549
14920, 3549
16163, 3549
13526, 3549
7471, 3549
11407, 3549
17382, 3549
21522, 3549
7665, 3549
10720, 3549
18079, 3549
13028, 3549
7691, 3549
19071, 3549
20923, 3549
22023, 3549
10871, 3549
13481, 3549
10843, 3549
6415, 3549
7228, 3549
18189, 3549
9815, 3549
9128, 3549
9020, 3549
11129, 3549
23481, 3549
10717, 3549
9550, 3549
10368, 3549
10637, 3549
23613, 3549
15346, 3549
13079, 3549
14452, 3549
8635, 3549
19227, 3549
14515, 3549
16728, 3549
11829, 3549
6487, 3549
21753, 3549
11551, 3549
12706, 3549
12531, 3549
13725, 3549
12357, 3549
17606, 3549
15342, 3549
13932, 3549
22917, 3549
13260, 3549
14561, 3549
7047, 3549
18437, 3549
16815, 3549
7898, 3549
8374, 3549
17764, 3549
22309, 3549
23315, 3549
21621, 3549
15496, 3549
21192, 3549
22335, 3549
6913, 3549
19752, 3549
22105, 3549
11834, 3549
10914, 3549
17842, 3549
17408, 3549
21282, 3549
16445, 3549
18942, 3549
19521, 3549
7725, 3549
21616, 3549
8566, 3549
14048, 3549
18510, 3549
23487, 3549
8040, 3549
15738, 3549
14253, 3549
14803, 3549
11714, 3549
9266, 3549
16938, 3549
9834, 3549
3549, 19838
10166, 3550
3550, 16848
3550, 20656
3550, 19391
3550, 22281
3550, 19551
3550, 13182
3550, 8682
3550, 14975
18317, 3551
3551, 14841
12742, 3552
3552, 21628
19669, 3553
3553, 16323
7151, 3554
3554, 22646
12408, 3555
12877, 3555
13354, 3555
7907, 3555
23255, 3555
17463, 3555
10189, 3555
17407, 3555
3555, 11747
11231, 3556
14680, 3556
3556, 10545
17501, 3557
6686, 3557
3557, 17266
19760, 3558
3558, 14972
10670, 3559
3559, 13950
19728, 3560
3560, 9404
14559, 3561
3561, 6945
6860, 3562
3562, 13228
15786, 3563
3563, 18021
16686, 3564
13263, 3564
11281, 3564
21581, 3564
11864, 3564
8521, 3564
6398, 3564
9495, 3564
11475, 3564
8079, 3564
20993, 3564
13689, 3564
7208, 3564
22645, 3564
7609, 3564
16225, 3564
18766, 3564
14209, 3564
16298, 3564
11384, 3564
20480, 3564
13679, 3564
7782, 3564
6992, 3564
11058, 3564
17017, 3564
15018, 3564
22297, 3564
22407, 3564
12087, 3564
18077, 3564
11769, 3564
23494, 3564
10998, 3564
7040, 3564
20223, 3564
11453, 3564
12364, 3564
16885, 3564
3564, 22460
11108, 3565
3565, 18647
18263, 3566
3566, 11386
16939, 3567
3567, 19817
12486, 3568
3568, 10205
20204, 3569
3569, 9027
19838, 3570
3570, 10967
17307, 3571
3571, 12880
10290, 3572
3572, 8364
10726, 3573
20490, 3573
13908, 3573
3573, 21618
6353, 3574
8435, 3574
11405, 3574
14315, 3574
3574, 9626
3574, 7558
15356, 3575
3575, 20997
6697, 3576
3576, 20435
11785, 3577
23316, 3577
17958, 3577
18894, 3577
3577, 21674
7146, 3578
3578, 12652
20856, 3579
15941, 3579
16789, 3579
18720, 3579
10331, 3579
8318, 3579
9174, 3579
6279, 3579
23340, 3579
7658, 3579
15775, 3579
20144, 3579
12434, 3579
9414, 3579
16497, 3579
10931, 3579
10450, 3579
22256, 3579
18421, 3579
15888, 3579
9598, 3579
10100, 3579
14720, 3579
12567, 3579
22578, 3579
18296, 3579
18139, 3579
15383, 3579
11209, 3579
22549, 3579
19591, 3579
7000, 3579
11180, 3579
17831, 3579
9421, 3579
12723, 3579
10161, 3579
6583, 3579
10438, 3579
11148, 3579
12060, 3579
17711, 3579
9036, 3579
20249, 3579
20672, 3579
8526, 3579
7139, 3579
19567, 3579
21005, 3579
7718, 3579
7834, 3579
15292, 3579
9157, 3579
18327, 3579
15080, 3579
14407, 3579
13141, 3579
11381, 3579
20429, 3579
20855, 3579
15690, 3579
10257, 3579
7392, 3579
14419, 3579
22705, 3579
10743, 3579
6430, 3579
9184, 3579
6828, 3579
18794, 3579
21377, 3579
12024, 3579
7955, 3579
11183, 3579
17211, 3579
16946, 3579
12173, 3579
21349, 3579
21750, 3579
22448, 3579
19788, 3579
11558, 3579
21203, 3579
3579, 9842
10145, 3580
3580, 14500
11201, 3581
3581, 17558
10145, 3582
3582, 13883
3582, 11450
23132, 3583
3583, 10719
14538, 3584
3584, 16987
15923, 3585
3585, 8655
18472, 3586
3586, 8028
3586, 17318
3586, 22226
3586, 11678
3586, 10961
15532, 3587
3587, 22120
19798, 3588
3588, 17735
7189, 3589
3589, 7584
11456, 3590
3590, 23422
20806, 3591
3591, 16109
12674, 3592
15699, 3592
3592, 15362
10145, 3593
3593, 22856
12945, 3594
3594, 7745
20812, 3595
3595, 14521
11078, 3596
3596, 12889
15172, 3597
3597, 21442
19838, 3598
3598, 18525
3598, 11098
3598, 8411
3598, 9528
3598, 13043
19253, 3599
3599, 14045
3599, 21134
20660, 3600
3600, 6293
20871, 3601
18267, 3601
3601, 14479
18634, 3602
3602, 23026
22138, 3603
21076, 3603
13120, 3603
16834, 3603
17966, 3603
8357, 3603
22557, 3603
16701, 3603
13541, 3603
15631, 3603
3603, 16180
10145, 3604
3604, 10197
3604, 7241
19838, 3605
3605, 11157
3605, 9063
3605, 8081
3605, 12940
3605, 6489
18888, 3606
3606, 21598
13799, 3607
3607, 10231
21981, 3608
3608, 6961
19328, 3609
8984, 3609
19836, 3609
21062, 3609
10493, 3609
18456, 3609
6505, 3609
17197, 3609
17343, 3609
6961, 3609
21628, 3609
18900, 3609
19067, 3609
12869, 3609
20265, 3609
16998, 3609
14569, 3609
13988, 3609
9212, 3609
13168, 3609
15695, 3609
22692, 3609
13123, 3609
21261, 3609
10243, 3609
22862, 3609
10766, 3609
19560, 3609
15627, 3609
13490, 3609
16257, 3609
6331, 3609
18703, 3609
8722, 3609
7043, 3609
6561, 3609
22162, 3609
20564, 3609
15425, 3609
9003, 3609
20601, 3609
20656, 3609
7323, 3609
13340, 3609
11740, 3609
12841, 3609
15975, 3609
7303, 3609
17152, 3609
3609, 10576
3609, 10145
15696, 3610
3610, 15245
17855, 3611
15917, 3611
7252, 3611
11698, 3611
20509, 3611
8147, 3611
22046, 3611
14709, 3611
16865, 3611
14738, 3611
23346, 3611
10737, 3611
12891, 3611
20926, 3611
16559, 3611
9677, 3611
18102, 3611
18479, 3611
22924, 3611
20597, 3611
8543, 3611
15459, 3611
19816, 3611
18859, 3611
12384, 3611
22669, 3611
16123, 3611
17719, 3611
14370, 3611
22237, 3611
7020, 3611
19351, 3611
9207, 3611
19702, 3611
17544, 3611
15930, 3611
10231, 3611
20321, 3611
9260, 3611
10244, 3611
12576, 3611
17236, 3611
12320, 3611
19819, 3611
20177, 3611
19783, 3611
9261, 3611
14682, 3611
8233, 3611
15121, 3611
17533, 3611
6779, 3611
9412, 3611
8412, 3611
23384, 3611
20821, 3611
11623, 3611
21352, 3611
16388, 3611
20904, 3611
11001, 3611
12572, 3611
17785, 3611
19280, 3611
9639, 3611
9734, 3611
15921, 3611
20957, 3611
8028, 3611
17318, 3611
8276, 3611
15537, 3611
13039, 3611
15793, 3611
8413, 3611
9013, 3611
13294, 3611
19650, 3611
16698, 3611
22653, 3611
16593, 3611
17645, 3611
16143, 3611
20297, 3611
10242, 3611
12562, 3611
11808, 3611
12134, 3611
10588, 3611
13372, 3611
13238, 3611
12536, 3611
14273, 3611
21625, 3611
21519, 3611
3611, 19838
13809, 3612
3612, 13653
3612, 19984
19721, 3613
15119, 3613
23483, 3613
6830, 3613
3613, 7833
19592, 3614
19078, 3614
7758, 3614
3614, 18415
10989, 3615
3615, 21522
10911, 3616
3616, 8815
9026, 3617
3617, 9003
16066, 3618
3618, 19362
17321, 3619
3619, 19231
17303, 3620
3620, 15822
20735, 3621
3621, 17544
3621, 12572
3621, 17785
9445, 3622
3622, 16182
14854, 3623
15554, 3623
16608, 3623
3623, 11791
12488, 3624
9816, 3624
17159, 3624
13237, 3624
3624, 10443
11330, 3625
3625, 13293
16932, 3626
3626, 16421
14897, 3627
3627, 10315
14690, 3628
3628, 9094
9112, 3629
13701, 3629
14483, 3629
13989, 3629
23074, 3629
7854, 3629
21455, 3629
11772, 3629
9774, 3629
15443, 3629
17879, 3629
14970, 3629
17495, 3629
18138, 3629
18958, 3629
6788, 3629
10505, 3629
15473, 3629
16978, 3629
7541, 3629
22389, 3629
6529, 3629
22934, 3629
17733, 3629
15915, 3629
12523, 3629
9791, 3629
15458, 3629
10815, 3629
18006, 3629
11832, 3629
17397, 3629
7016, 3629
18045, 3629
16987, 3629
19779, 3629
15956, 3629
22939, 3629
11093, 3629
11132, 3629
9415, 3629
20972, 3629
15375, 3629
8123, 3629
19958, 3629
19924, 3629
20366, 3629
7056, 3629
9584, 3629
9177, 3629
12757, 3629
17727, 3629
22463, 3629
18216, 3629
18520, 3629
16782, 3629
7089, 3629
18484, 3629
22096, 3629
14060, 3629
16916, 3629
12380, 3629
19915, 3629
8185, 3629
23597, 3629
14499, 3629
20193, 3629
9149, 3629
22728, 3629
17752, 3629
13048, 3629
13282, 3629
22455, 3629
3629, 12142
8396, 3630
3630, 20042
10145, 3631
3631, 12712
15717, 3632
3632, 14814
21911, 3633
3633, 7058
8748, 3634
3634, 12410
12103, 3635
3635, 6807
21181, 3636
3636, 20938
19412, 3637
3637, 20265
12945, 3638
3638, 21580
16345, 3639
3639, 8108
13540, 3640
3640, 10867
19384, 3641
3641, 22734
8449, 3642
3642, 21794
13414, 3643
3643, 12865
10086, 3644
3644, 8328
19897, 3645
3645, 13740
10145, 3646
3646, 7774
10404, 3647
3647, 7674
18001, 3648
3648, 20297
12481, 3649
3649, 23443
16122, 3650
3650, 7227
18367, 3651
3651, 16861
10145, 3652
3652, 16182
20019, 3653
3653, 21955
3653, 12184
3653, 11120
3653, 18089
3653, 17524
3653, 21239
3653, 23110
3653, 15800
3653, 20633
3653, 16075
10786, 3654
14642, 3654
3654, 21891
8301, 3655
3655, 7422
14402, 3656
3656, 6415
17292, 3657
3657, 12367
18882, 3658
3658, 6947
10749, 3659
3659, 15102
16920, 3660
3660, 6865
11124, 3661
3661, 13918
11013, 3662
3662, 16646
16960, 3663
3663, 11321
18987, 3664
3664, 20382
16431, 3665
3665, 11182
3665, 18378
3665, 20784
3665, 20034
12945, 3666
3666, 6299
11934, 3667
3667, 16081
21028, 3668
18478, 3668
14366, 3668
16043, 3668
15943, 3668
3668, 18520
6782, 3669
3669, 15880
10145, 3670
3670, 16910
3670, 7573
16784, 3671
3671, 11623
16529, 3672
3672, 7324
10145, 3673
3673, 17991
10145, 3674
3674, 15490
17759, 3675
3675, 22106
17043, 3676
3676, 10242
3676, 17322
17601, 3677
14188, 3677
22808, 3677
15697, 3677
3677, 13214
22117, 3678
3678, 8248
9499, 3679
3679, 8314
22512, 3680
18532, 3680
16679, 3680
3680, 15008
13162, 3681
3681, 22855
10975, 3682
21987, 3682
14182, 3682
17210, 3682
17807, 3682
22399, 3682
10006, 3682
13300, 3682
18883, 3682
7025, 3682
3682, 9256
11767, 3683
16120, 3683
22510, 3683
3683, 14728
3683, 6908
3683, 7109
3683, 16195
3683, 18538
3683, 10377
3683, 11236
3683, 22749
3683, 6771
3683, 14144
3683, 15059
3683, 12285
3683, 7439
3683, 11190
3683, 13060
3683, 12702
3683, 7728
3683, 19198
3683, 8109
3683, 8127
3683, 18717
3683, 11647
3683, 16433
3683, 9156
3683, 12085
3683, 12553
3683, 13650
21201, 3684
3684, 19584
12146, 3685
3685, 10060
21692, 3686
19588, 3686
19393, 3686
3686, 10149
10145, 3687
3687, 8202
20282, 3688
3688, 9815
15884, 3689
3689, 18541
14401, 3690
3690, 9498
12945, 3691
3691, 11940
13191, 3692
3692, 8177
3692, 22506
16459, 3693
3693, 10047
3693, 17057
18395, 3694
3694, 14349
17043, 3695
3695, 20990
3695, 18341
10582, 3696
9255, 3696
3696, 10843
8092, 3697
13881, 3697
21175, 3697
10677, 3697
19742, 3697
8552, 3697
6392, 3697
3697, 13585
16914, 3698
3698, 21816
23163, 3699
3699, 18311
17979, 3700
3700, 23457
10296, 3701
3701, 11656
9392, 3702
3702, 21206
20112, 3703
3703, 8316
20768, 3704
3704, 9971
19761, 3705
3705, 6638
22904, 3706
10258, 3706
6620, 3706
3706, 17153
19838, 3707
3707, 15524
3707, 12959
3707, 22800
3707, 18492
3707, 21797
6971, 3708
3708, 7328
10124, 3709
3709, 22759
19212, 3710
3710, 15274
14402, 3711
3711, 6415
12031, 3712
16893, 3712
3712, 19525
18001, 3713
3713, 19975
10145, 3714
3714, 12752
21058, 3715
3715, 17899
19838, 3716
3716, 22675
3716, 13960
3716, 7845
3716, 19939
3716, 10754
3716, 21374
14613, 3717
3717, 12697
3717, 15252
3717, 16223
7352, 3718
23077, 3718
14453, 3718
3718, 15987
15172, 3719
3719, 23401
7655, 3720
3720, 22300
12477, 3721
3721, 16203
21843, 3722
3722, 14032
22507, 3723
3723, 20651
15826, 3724
3724, 9044
11171, 3725
3725, 12973
18791, 3726
3726, 6257
3726, 20127
17585, 3727
3727, 13672
16773, 3728
3728, 18015
22171, 3729
3729, 17343
11318, 3730
3730, 22178
15826, 3731
3731, 9044
6938, 3732
3732, 15663
17669, 3733
3733, 19354
12160, 3734
3734, 20628
15575, 3735
3735, 17824
16693, 3736
3736, 15003
21983, 3737
3737, 17551
20713, 3738
3738, 22756
14810, 3739
18388, 3739
7598, 3739
15920, 3739
21360, 3739
3739, 16849
11587, 3740
3740, 16185
18811, 3741
3741, 16482
16920, 3742
3742, 14780
7187, 3743
9718, 3743
3743, 15252
19032, 3744
3744, 9793
14391, 3745
3745, 11983
17674, 3746
3746, 18312
10166, 3747
3747, 20117
3747, 13718
3747, 13019
7161, 3748
3748, 9365
19838, 3749
3749, 13651
3749, 11616
3749, 23293
16860, 3750
3750, 11253
21934, 3751
3751, 11797
16749, 3752
3752, 17865
20743, 3753
3753, 14530
6686, 3754
3754, 14564
9986, 3755
21938, 3755
3755, 8147
3755, 22237
3755, 16651
3755, 17468
3755, 16412
3755, 18716
3755, 11151
18950, 3756
3756, 13609
17024, 3757
3757, 6816
13809, 3758
3758, 23438
14402, 3759
3759, 6415
13858, 3760
3760, 6955
19623, 3761
3761, 14561
14096, 3762
3762, 7188
6388, 3763
3763, 7324
9017, 3764
3764, 22906
11260, 3765
3765, 10057
13607, 3766
19422, 3766
3766, 12388
17864, 3767
3767, 17809
14418, 3768
3768, 7823
19802, 3769
3769, 16086
17534, 3770
3770, 12951
13696, 3771
3771, 14048
3771, 19313
17043, 3772
3772, 18470
14573, 3773
3773, 10063
19107, 3774
3774, 16222
12203, 3775
15049, 3775
3775, 7470
15884, 3776
3776, 14370
3776, 19702
10404, 3777
3777, 9639
19356, 3778
3778, 7560
6934, 3779
3779, 20606
6934, 3780
3780, 9371
19940, 3781
20491, 3781
15609, 3781
17014, 3781
3781, 9809
14820, 3782
3782, 17469
10145, 3783
3783, 10226
21679, 3784
12171, 3784
3784, 22438
14786, 3785
3785, 9809
16669, 3786
3786, 10843
15172, 3787
3787, 22370
22639, 3788
3788, 7073
8729, 3789
3789, 19307
20463, 3790
3790, 6484
10354, 3791
3791, 11834
7994, 3792
3792, 21792
9058, 3793
3793, 16973
14525, 3794
3794, 16803
23563, 3795
3795, 12431
14935, 3796
17390, 3796
3796, 7673
14708, 3797
3797, 20813
19838, 3798
3798, 9652
3798, 17918
3798, 20996
21541, 3799
3799, 20335
17424, 3800
3800, 13490
15149, 3801
3801, 7996
8069, 3802
16028, 3802
20015, 3802
7552, 3802
14442, 3802
6329, 3802
16687, 3802
10902, 3802
19406, 3802
16619, 3802
23194, 3802
18564, 3802
18198, 3802
19228, 3802
14616, 3802
12772, 3802
15369, 3802
17647, 3802
13216, 3802
22180, 3802
21520, 3802
9275, 3802
6273, 3802
6415, 3802
8907, 3802
11535, 3802
23299, 3802
7950, 3802
19847, 3802
13260, 3802
20634, 3802
10107, 3802
17636, 3802
18029, 3802
11295, 3802
8108, 3802
11012, 3802
22600, 3802
20953, 3802
9981, 3802
16334, 3802
9004, 3802
22676, 3802
22516, 3802
15470, 3802
11174, 3802
16203, 3802
9487, 3802
14178, 3802
9872, 3802
18053, 3802
14253, 3802
7635, 3802
14124, 3802
11547, 3802
6395, 3802
13998, 3802
20799, 3802
16202, 3802
12102, 3802
22619, 3802
21580, 3802
20995, 3802
13547, 3802
23330, 3802
7497, 3802
22376, 3802
18349, 3802
11940, 3802
18932, 3802
7348, 3802
12251, 3802
11140, 3802
7171, 3802
9453, 3802
21619, 3802
12521, 3802
16458, 3802
21596, 3802
20950, 3802
21082, 3802
13192, 3802
16841, 3802
10099, 3802
16981, 3802
16617, 3802
19990, 3802
21044, 3802
11617, 3802
23020, 3802
10716, 3802
15996, 3802
17209, 3802
9793, 3802
21842, 3802
20681, 3802
9241, 3802
9748, 3802
21982, 3802
3802, 19838
10455, 3803
3803, 15369
18751, 3804
8717, 3804
3804, 10059
19517, 3805
14920, 3805
22528, 3805
19827, 3805
17576, 3805
22120, 3805
7360, 3805
13851, 3805
12891, 3805
9018, 3805
8908, 3805
20176, 3805
22076, 3805
10563, 3805
14662, 3805
21465, 3805
21489, 3805
15611, 3805
12893, 3805
6415, 3805
9045, 3805
14030, 3805
7766, 3805
11198, 3805
18446, 3805
7204, 3805
7519, 3805
9494, 3805
20538, 3805
17544, 3805
15639, 3805
17560, 3805
17666, 3805
19358, 3805
21290, 3805
15284, 3805
14303, 3805
19745, 3805
15008, 3805
11999, 3805
21442, 3805
22186, 3805
21936, 3805
7942, 3805
8430, 3805
17109, 3805
18150, 3805
9329, 3805
12747, 3805
12582, 3805
14443, 3805
10852, 3805
6702, 3805
13536, 3805
18463, 3805
18615, 3805
17991, 3805
10197, 3805
19873, 3805
15825, 3805
18071, 3805
21447, 3805
9829, 3805
21344, 3805
15612, 3805
8140, 3805
8012, 3805
14751, 3805
21624, 3805
18252, 3805
21288, 3805
17408, 3805
8401, 3805
19202, 3805
7625, 3805
15738, 3805
14561, 3805
19307, 3805
7437, 3805
12014, 3805
8674, 3805
22026, 3805
19504, 3805
21097, 3805
11182, 3805
14457, 3805
17610, 3805
17123, 3805
7875, 3805
13582, 3805
15179, 3805
19468, 3805
10406, 3805
21072, 3805
8342, 3805
8262, 3805
3805, 19838
10666, 3806
17011, 3806
22383, 3806
19263, 3806
22938, 3806
13321, 3806
11448, 3806
3806, 9311
17003, 3807
3807, 19883
7865, 3808
3808, 19965
19838, 3809
3809, 19535
3809, 11479
15871, 3810
3810, 23160
14512, 3811
3811, 9815
15291, 3812
3812, 19858
10145, 3813
3813, 18379
19838, 3814
3814, 12476
3814, 22440
13809, 3815
3815, 11625
3815, 23309
17889, 3816
3816, 15354
11807, 3817
3817, 11174
20806, 3818
3818, 17046
19838, 3819
3819, 19042
11813, 3820
14323, 3820
23479, 3820
12226, 3820
20240, 3820
9425, 3820
14131, 3820
3820, 14263
12616, 3821
12069, 3821
18171, 3821
9178, 3821
10750, 3821
21804, 3821
7073, 3821
13040, 3821
3821, 17545
3821, 10145
20307, 3822
3822, 16940
14402, 3823
3823, 6415
20666, 3824
9151, 3824
3824, 14479
9303, 3825
3825, 15437
3825, 11292
10166, 3826
3826, 11565
3826, 18885
19838, 3827
3827, 6526
3827, 9503
22066, 3828
17731, 3828
3828, 10843
6437, 3829
3829, 8635
8191, 3830
3830, 18170
22869, 3831
3831, 8739
10946, 3832
3832, 14170
6953, 3833
3833, 21739
12945, 3834
3834, 7738
10666, 3835
19700, 3835
6839, 3835
9830, 3835
10935, 3835
18309, 3835
23104, 3835
13183, 3835
16768, 3835
20215, 3835
8963, 3835
13795, 3835
23107, 3835
15110, 3835
21325, 3835
3835, 10229
3835, 9244
21275, 3836
3836, 19675
9373, 3837
3837, 12889
12710, 3838
3838, 15373
9973, 3839
3839, 18725
13951, 3840
19967, 3840
14831, 3840
17485, 3840
3840, 7198
13000, 3841
3841, 7937
8238, 3842
3842, 17373
15820, 3843
18307, 3843
12533, 3843
7794, 3843
3843, 21831
12007, 3844
3844, 10342
13834, 3845
3845, 13051
17754, 3846
14642, 3846
3846, 21891
13151, 3847
3847, 8897
3847, 13935
13103, 3848
3848, 16039
13414, 3849
3849, 21110
3849, 21068
14861, 3850
18158, 3850
3850, 19752
10816, 3851
3851, 10262
13319, 3852
3852, 15099
14801, 3853
3853, 17771
19242, 3854
22472, 3854
3854, 22299
7585, 3855
3855, 23154
3855, 22227
3855, 13271
17744, 3856
22053, 3856
6470, 3856
16002, 3856
19127, 3856
12924, 3856
3856, 14355
10145, 3857
3857, 12862
23378, 3858
15464, 3858
15028, 3858
15830, 3858
14086, 3858
11080, 3858
3858, 10637
22546, 3859
3859, 17646
11023, 3860
3860, 20161
8102, 3861
3861, 22438
3861, 15629
18573, 3862
3862, 11621
7680, 3863
3863, 13439
14284, 3864
3864, 18579
15884, 3865
3865, 12536
12945, 3866
3866, 22614
15538, 3867
3867, 20265
6764, 3868
3868, 12875
19838, 3869
3869, 23282
3869, 12476
3869, 19282
3869, 18867
3869, 19864
3869, 17980
3869, 12223
3869, 21392
18140, 3870
7449, 3870
21034, 3870
11415, 3870
9249, 3870
8717, 3870
8213, 3870
18783, 3870
3870, 20493
9957, 3871
19488, 3871
3871, 21415
21462, 3872
3872, 21022
19838, 3873
3873, 6368
3873, 10834
3873, 22408
3873, 20736
3873, 13810
21548, 3874
3874, 8271
15344, 3875
3875, 15309
10365, 3876
3876, 20075
12112, 3877
3877, 15002
11593, 3878
11454, 3878
9655, 3878
3878, 13211
8128, 3879
3879, 12826
10145, 3880
3880, 20270
19135, 3881
7104, 3881
19433, 3881
8871, 3881
6911, 3881
3881, 12093
23222, 3882
3882, 11129
6523, 3883
17781, 3883
13770, 3883
9697, 3883
7183, 3883
15132, 3883
19801, 3883
21522, 3883
11711, 3883
8308, 3883
6407, 3883
20045, 3883
8767, 3883
10247, 3883
15773, 3883
14192, 3883
9317, 3883
15357, 3883
8624, 3883
10843, 3883
6415, 3883
17411, 3883
10719, 3883
9377, 3883
15354, 3883
22188, 3883
15126, 3883
19449, 3883
13555, 3883
18876, 3883
16221, 3883
12347, 3883
18884, 3883
8909, 3883
9520, 3883
9843, 3883
17868, 3883
7033, 3883
19354, 3883
10386, 3883
22792, 3883
7177, 3883
12005, 3883
19396, 3883
21775, 3883
20997, 3883
12880, 3883
14382, 3883
11860, 3883
10678, 3883
14581, 3883
22018, 3883
18299, 3883
16453, 3883
13299, 3883
15355, 3883
15296, 3883
14263, 3883
17418, 3883
11304, 3883
19308, 3883
22072, 3883
16364, 3883
18535, 3883
8555, 3883
15203, 3883
21857, 3883
18574, 3883
16157, 3883
6467, 3883
8697, 3883
16847, 3883
21657, 3883
9910, 3883
19645, 3883
12889, 3883
20427, 3883
6670, 3883
11104, 3883
14208, 3883
16495, 3883
19674, 3883
22935, 3883
13005, 3883
17950, 3883
16506, 3883
21066, 3883
14150, 3883
9604, 3883
20830, 3883
9043, 3883
3883, 19838
7292, 3884
22726, 3884
3884, 11740
22208, 3885
3885, 22696
21276, 3886
3886, 14562
16888, 3887
9287, 3887
3887, 20791
10145, 3888
3888, 13883
7379, 3889
16087, 3889
9527, 3889
21959, 3889
22683, 3889
18103, 3889
3889, 19181
12945, 3890
3890, 17636
7287, 3891
3891, 8116
10145, 3892
3892, 18076
20168, 3893
14508, 3893
3893, 12080
11516, 3894
3894, 19328
21201, 3895
3895, 22276
14801, 3896
3896, 17771
22497, 3897
13911, 3897
9145, 3897
18231, 3897
14963, 3897
9409, 3897
6743, 3897
20658, 3897
14880, 3897
20523, 3897
21503, 3897
18034, 3897
17990, 3897
23254, 3897
6655, 3897
21208, 3897
18881, 3897
14952, 3897
7751, 3897
8022, 3897
15293, 3897
7531, 3897
13595, 3897
11399, 3897
9918, 3897
14579, 3897
8556, 3897
3897, 15427
21201, 3898
3898, 14228
14205, 3899
3899, 20630
21610, 3900
3900, 13345
18554, 3901
3901, 20663
8095, 3902
3902, 13476
20561, 3903
3903, 12131
17956, 3904
6518, 3904
20754, 3904
9541, 3904
12526, 3904
3904, 9342
3904, 16740
3904, 14679
6256, 3905
3905, 6550
15251, 3906
3906, 10380
20441, 3907
3907, 19450
8366, 3908
3908, 20436
17137, 3909
3909, 19231
8986, 3910
3910, 6466
17278, 3911
3911, 13561
3911, 17838
16903, 3912
3912, 8479
19217, 3913
3913, 10061
8554, 3914
3914, 23487
9743, 3915
19758, 3915
16566, 3915
3915, 9494
10145, 3916
3916, 18439
16212, 3917
3917, 9251
11260, 3918
3918, 22126
20735, 3919
3919, 13658
22288, 3920
3920, 6811
13201, 3921
3921, 23526
19063, 3922
3922, 21885
19165, 3923
3923, 13870
21397, 3924
3924, 22884
3924, 16127
13534, 3925
3925, 21936
6437, 3926
3926, 13535
20486, 3927
3927, 15586
19838, 3928
3928, 18827
3928, 20744
3928, 6798
3928, 10472
3928, 15592
16787, 3929
3929, 17046
6870, 3930
3930, 13346
11585, 3931
3931, 9843
18376, 3932
3932, 21404
10883, 3933
3933, 19838
9288, 3934
18080, 3934
10221, 3934
3934, 11998
9165, 3935
8955, 3935
19778, 3935
22246, 3935
3935, 8160
18565, 3936
13448, 3936
19174, 3936
3936, 10843
17165, 3937
12881, 3937
11106, 3937
21361, 3937
3937, 9637
19039, 3938
3938, 6473
18163, 3939
3939, 8334
13365, 3940
3940, 15622
14402, 3941
3941, 6415
6701, 3942
15835, 3942
14627, 3942
18947, 3942
16496, 3942
12810, 3942
8486, 3942
8353, 3942
9597, 3942
9424, 3942
10536, 3942
6621, 3942
17794, 3942
16671, 3942
18354, 3942
10988, 3942
16536, 3942
20930, 3942
14726, 3942
20043, 3942
10502, 3942
20197, 3942
12352, 3942
19834, 3942
8278, 3942
13037, 3942
16283, 3942
9664, 3942
16159, 3942
23423, 3942
17180, 3942
3942, 19714
6924, 3943
3943, 8890
7486, 3944
9369, 3944
7080, 3944
3944, 11928
12007, 3945
3945, 11249
7133, 3946
3946, 7916
14190, 3947
3947, 19801
19136, 3948
3948, 21746
18824, 3949
8256, 3949
18652, 3949
20351, 3949
22631, 3949
22508, 3949
16935, 3949
19195, 3949
11144, 3949
8705, 3949
22263, 3949
16191, 3949
20331, 3949
9115, 3949
14962, 3949
11225, 3949
15024, 3949
21458, 3949
11477, 3949
20120, 3949
22724, 3949
10907, 3949
17962, 3949
20544, 3949
12302, 3949
6288, 3949
7341, 3949
7741, 3949
15267, 3949
23497, 3949
10857, 3949
19780, 3949
8203, 3949
15012, 3949
19190, 3949
16069, 3949
22068, 3949
18601, 3949
21808, 3949
18959, 3949
16882, 3949
19469, 3949
12162, 3949
7952, 3949
16557, 3949
20844, 3949
9644, 3949
21496, 3949
7502, 3949
7608, 3949
7104, 3949
21293, 3949
6785, 3949
14918, 3949
13330, 3949
16053, 3949
21809, 3949
11353, 3949
7784, 3949
12975, 3949
23089, 3949
7038, 3949
13190, 3949
16957, 3949
22534, 3949
11464, 3949
21259, 3949
9066, 3949
19470, 3949
22595, 3949
10070, 3949
9580, 3949
10096, 3949
12267, 3949
22451, 3949
11028, 3949
17375, 3949
9410, 3949
16523, 3949
11524, 3949
20481, 3949
7194, 3949
20664, 3949
16187, 3949
23437, 3949
18054, 3949
10340, 3949
7928, 3949
8709, 3949
19844, 3949
9775, 3949
13909, 3949
17832, 3949
10746, 3949
10876, 3949
17371, 3949
17258, 3949
10780, 3949
20317, 3949
20417, 3949
16462, 3949
20896, 3949
13629, 3949
19910, 3949
17002, 3949
12433, 3949
19118, 3949
19364, 3949
19518, 3949
20608, 3949
21706, 3949
11471, 3949
10128, 3949
8820, 3949
11440, 3949
7731, 3949
18788, 3949
12701, 3949
9233, 3949
15819, 3949
6895, 3949
16402, 3949
20411, 3949
16977, 3949
11333, 3949
11159, 3949
9109, 3949
20842, 3949
18180, 3949
17859, 3949
22038, 3949
7715, 3949
19952, 3949
16639, 3949
6568, 3949
21807, 3949
10762, 3949
10948, 3949
19530, 3949
8822, 3949
10957, 3949
6585, 3949
14837, 3949
17500, 3949
7311, 3949
16312, 3949
15692, 3949
14989, 3949
7106, 3949
16004, 3949
18606, 3949
20152, 3949
8313, 3949
17410, 3949
11091, 3949
19260, 3949
14260, 3949
7495, 3949
22594, 3949
22777, 3949
17220, 3949
17224, 3949
15409, 3949
8987, 3949
20323, 3949
15073, 3949
13613, 3949
19069, 3949
11255, 3949
20567, 3949
23381, 3949
21250, 3949
13424, 3949
15520, 3949
11557, 3949
8802, 3949
22547, 3949
7269, 3949
23273, 3949
8864, 3949
18887, 3949
14026, 3949
22699, 3949
13252, 3949
15708, 3949
9225, 3949
12255, 3949
13230, 3949
13058, 3949
19010, 3949
14405, 3949
21583, 3949
22629, 3949
21449, 3949
13542, 3949
11637, 3949
22673, 3949
9416, 3949
6408, 3949
20898, 3949
17126, 3949
20292, 3949
16314, 3949
11476, 3949
7368, 3949
9432, 3949
19166, 3949
19877, 3949
21253, 3949
15067, 3949
7555, 3949
15166, 3949
20872, 3949
18403, 3949
15540, 3949
14940, 3949
13649, 3949
18617, 3949
15226, 3949
14006, 3949
15455, 3949
22647, 3949
13449, 3949
8821, 3949
11842, 3949
18774, 3949
6511, 3949
14164, 3949
8037, 3949
15962, 3949
18948, 3949
10794, 3949
7750, 3949
8926, 3949
13504, 3949
17317, 3949
21268, 3949
19708, 3949
15664, 3949
13007, 3949
7510, 3949
8247, 3949
15642, 3949
11511, 3949
15095, 3949
7568, 3949
22132, 3949
15038, 3949
7981, 3949
20467, 3949
22405, 3949
12699, 3949
21312, 3949
8124, 3949
11349, 3949
13302, 3949
15932, 3949
12601, 3949
11045, 3949
21133, 3949
19667, 3949
11681, 3949
21632, 3949
12755, 3949
23434, 3949
14896, 3949
19092, 3949
23517, 3949
9907, 3949
7936, 3949
15276, 3949
11151, 3949
19866, 3949
14857, 3949
7337, 3949
8588, 3949
21922, 3949
12768, 3949
7345, 3949
14492, 3949
13527, 3949
10803, 3949
13598, 3949
6530, 3949
14107, 3949
15254, 3949
11377, 3949
12979, 3949
12632, 3949
12109, 3949
11916, 3949
16264, 3949
8168, 3949
18281, 3949
18391, 3949
22864, 3949
10658, 3949
20461, 3949
12499, 3949
11759, 3949
15891, 3949
11660, 3949
14036, 3949
7179, 3949
17172, 3949
11226, 3949
11172, 3949
16672, 3949
8397, 3949
9259, 3949
7817, 3949
23343, 3949
14547, 3949
21818, 3949
11084, 3949
11776, 3949
6712, 3949
16168, 3949
20534, 3949
13639, 3949
14181, 3949
14090, 3949
17815, 3949
14762, 3949
16771, 3949
13945, 3949
20181, 3949
7141, 3949
6923, 3949
16006, 3949
10801, 3949
16600, 3949
20495, 3949
18404, 3949
17536, 3949
9792, 3949
23292, 3949
18078, 3949
17559, 3949
14232, 3949
16215, 3949
9166, 3949
7005, 3949
16901, 3949
22410, 3949
22753, 3949
22989, 3949
19863, 3949
15514, 3949
21645, 3949
22453, 3949
21601, 3949
7377, 3949
19547, 3949
21999, 3949
6906, 3949
8929, 3949
21521, 3949
21226, 3949
13563, 3949
22217, 3949
13905, 3949
20496, 3949
8654, 3949
19457, 3949
12885, 3949
7321, 3949
13522, 3949
20216, 3949
9571, 3949
18028, 3949
18968, 3949
22266, 3949
10351, 3949
18820, 3949
13768, 3949
9966, 3949
11247, 3949
6574, 3949
20978, 3949
17190, 3949
8922, 3949
12298, 3949
15777, 3949
12437, 3949
8072, 3949
15493, 3949
21954, 3949
23363, 3949
3949, 12093
16354, 3950
3950, 10425
22873, 3951
15995, 3951
17943, 3951
9044, 3951
16378, 3951
13011, 3951
13991, 3951
8547, 3951
16476, 3951
17768, 3951
22836, 3951
7912, 3951
8793, 3951
19047, 3951
18433, 3951
17879, 3951
18548, 3951
8367, 3951
17791, 3951
16114, 3951
16346, 3951
19201, 3951
11990, 3951
8897, 3951
8530, 3951
22965, 3951
7980, 3951
11788, 3951
18608, 3951
21463, 3951
13099, 3951
6751, 3951
21690, 3951
12225, 3951
18124, 3951
22233, 3951
18591, 3951
15365, 3951
23465, 3951
22552, 3951
9138, 3951
23326, 3951
8328, 3951
17345, 3951
11972, 3951
9794, 3951
15247, 3951
9773, 3951
15832, 3951
8211, 3951
9900, 3951
15997, 3951
21338, 3951
6816, 3951
14349, 3951
14225, 3951
6813, 3951
17547, 3951
13163, 3951
18485, 3951
15202, 3951
12825, 3951
7961, 3951
10724, 3951
21740, 3951
16517, 3951
6544, 3951
9274, 3951
19376, 3951
16081, 3951
22337, 3951
13460, 3951
21902, 3951
10629, 3951
12775, 3951
18972, 3951
18848, 3951
16227, 3951
11152, 3951
15801, 3951
11176, 3951
22128, 3951
7752, 3951
18105, 3951
13510, 3951
21898, 3951
15550, 3951
23036, 3951
10402, 3951
14951, 3951
17158, 3951
23145, 3951
13831, 3951
15867, 3951
16214, 3951
18653, 3951
6399, 3951
18856, 3951
20638, 3951
7143, 3951
13699, 3951
6807, 3951
14461, 3951
13935, 3951
22089, 3951
12671, 3951
17136, 3951
21702, 3951
9189, 3951
19438, 3951
22558, 3951
7737, 3951
6945, 3951
22134, 3951
23428, 3951
10460, 3951
15392, 3951
12456, 3951
3951, 22834
17379, 3952
3952, 10934
16100, 3953
3953, 22896
11409, 3954
3954, 10431
10145, 3955
3955, 8202
19838, 3956
3956, 16136
7427, 3957
23507, 3957
9267, 3957
10960, 3957
18633, 3957
15020, 3957
22003, 3957
14101, 3957
7504, 3957
23541, 3957
8811, 3957
17518, 3957
3957, 21590
3957, 8529
16317, 3958
3958, 9047
9505, 3959
3959, 17104
10145, 3960
3960, 8202
13088, 3961
3961, 23234
16533, 3962
3962, 11927
9394, 3963
3963, 15070
20008, 3964
3964, 10843
15264, 3965
3965, 21628
7571, 3966
21595, 3966
13752, 3966
17852, 3966
15105, 3966
12212, 3966
9924, 3966
22737, 3966
8941, 3966
14466, 3966
12689, 3966
11429, 3966
10723, 3966
22697, 3966
8259, 3966
21265, 3966
22860, 3966
21558, 3966
16527, 3966
9549, 3966
7818, 3966
18954, 3966
22874, 3966
23466, 3966
8010, 3966
16641, 3966
7976, 3966
14504, 3966
23260, 3966
12761, 3966
7664, 3966
8519, 3966
20398, 3966
10028, 3966
6771, 3966
16755, 3966
18481, 3966
9824, 3966
21928, 3966
17946, 3966
7825, 3966
10639, 3966
10297, 3966
22590, 3966
12336, 3966
8440, 3966
9169, 3966
16054, 3966
22677, 3966
8398, 3966
23242, 3966
10182, 3966
22228, 3966
7439, 3966
19482, 3966
15006, 3966
15859, 3966
12424, 3966
21295, 3966
14404, 3966
15679, 3966
16242, 3966
8104, 3966
19126, 3966
13389, 3966
10812, 3966
13093, 3966
20900, 3966
22560, 3966
22015, 3966
9853, 3966
15487, 3966
23125, 3966
10745, 3966
15522, 3966
21298, 3966
17590, 3966
16478, 3966
12958, 3966
14364, 3966
9262, 3966
16189, 3966
15774, 3966
21043, 3966
7201, 3966
17289, 3966
21419, 3966
18829, 3966
22341, 3966
18504, 3966
23417, 3966
10898, 3966
19696, 3966
8560, 3966
10008, 3966
19874, 3966
3966, 21844
16644, 3967
3967, 15205
20047, 3968
3968, 7851
13809, 3969
3969, 19582
20268, 3970
20068, 3970
3970, 9809
20692, 3971
3971, 18053
17975, 3972
3972, 7468
21940, 3973
3973, 20265
9997, 3974
3974, 17878
15884, 3975
3975, 7472
18765, 3976
3976, 12474
11260, 3977
3977, 19358
6474, 3978
3978, 20325
7933, 3979
3979, 23074
7606, 3980
3980, 10923
17454, 3981
3981, 18635
6436, 3982
3982, 17158
8359, 3983
3983, 10874
13215, 3984
10141, 3984
9108, 3984
16135, 3984
16447, 3984
3984, 11253
11869, 3985
10219, 3985
3985, 22728
19728, 3986
3986, 15286
8322, 3987
3987, 16559
3987, 20597
3987, 22669
3987, 16123
3987, 19351
3987, 12576
3987, 10244
3987, 9260
3987, 17236
3987, 8327
19838, 3988
3988, 14119
3988, 22304
3988, 14657
3988, 10211
11135, 3989
3989, 15930
16833, 3990
21501, 3990
15545, 3990
3990, 23550
3990, 6544
22110, 3991
3991, 21941
13219, 3992
3992, 22802
23341, 3993
3993, 12156
20586, 3994
3994, 7705
15650, 3995
3995, 20817
3995, 22314
22363, 3996
3996, 6803
21033, 3997
3997, 10505
10166, 3998
3998, 11139
3998, 22487
3998, 7670
17098, 3999
3999, 20577
3999, 21030
3999, 19304
3999, 6891
7977, 4000
4000, 12049
15884, 4001
4001, 13725
12872, 4002
4002, 17749
19328, 4003
22829, 4003
23180, 4003
18313, 4003
17737, 4003
7843, 4003
14255, 4003
20265, 4003
8890, 4003
19969, 4003
20762, 4003
11521, 4003
14915, 4003
15003, 4003
14479, 4003
6634, 4003
9489, 4003
8445, 4003
20749, 4003
6552, 4003
11139, 4003
17032, 4003
4003, 10145
4003, 7771
20947, 4004
21828, 4004
20945, 4004
4004, 9793
4004, 9418
9936, 4005
4005, 6855
16692, 4006
4006, 14253
23187, 4007
4007, 19893
20019, 4008
4008, 6899
4008, 12175
4008, 14456
4008, 19098
4008, 15038
4008, 20398
4008, 16277
15884, 4009
4009, 21091
10145, 4010
4010, 20633
12530, 4011
4011, 12483
14400, 4012
4012, 8937
4012, 15481
7412, 4013
12107, 4013
23433, 4013
12564, 4013
7623, 4013
4013, 22176
16201, 4014
4014, 6766
11260, 4015
4015, 15153
22301, 4016
19079, 4016
16200, 4016
6857, 4016
7564, 4016
8927, 4016
9612, 4016
18837, 4016
21244, 4016
10540, 4016
15396, 4016
18444, 4016
15404, 4016
14017, 4016
10909, 4016
15529, 4016
19300, 4016
17097, 4016
6631, 4016
8716, 4016
23536, 4016
13263, 4016
20343, 4016
12141, 4016
6986, 4016
12079, 4016
11594, 4016
10043, 4016
9475, 4016
17549, 4016
17927, 4016
22870, 4016
10179, 4016
16971, 4016
16213, 4016
7602, 4016
14337, 4016
19898, 4016
6360, 4016
20494, 4016
15684, 4016
16636, 4016
11499, 4016
6981, 4016
11161, 4016
10847, 4016
6713, 4016
4016, 6837
19838, 4017
4017, 14960
4017, 10949
4017, 10083
4017, 7724
4017, 17982
17571, 4018
4018, 15071
10176, 4019
4019, 20464
23626, 4020
4020, 21628
21720, 4021
19426, 4021
4021, 9123
22992, 4022
4022, 17412
11015, 4023
4023, 14618
6437, 4024
4024, 12301
15884, 4025
4025, 20915
15169, 4026
4026, 23219
11141, 4027
4027, 15298
21559, 4028
4028, 12690
4028, 11872
23287, 4029
4029, 12402
13471, 4030
4030, 14836
12350, 4031
4031, 17632
4031, 18701
19838, 4032
4032, 15806
4032, 13254
4032, 13146
4032, 16371
4032, 17444
17881, 4033
4033, 10469
15884, 4034
4034, 8954
20397, 4035
4035, 17850
14659, 4036
4036, 21563
17944, 4037
4037, 14564
4037, 10970
10597, 4038
4038, 8311
4038, 13628
4038, 9452
13820, 4039
4039, 11788
22616, 4040
4040, 16775
16985, 4041
14886, 4041
15659, 4041
19908, 4041
4041, 19845
19838, 4042
4042, 11520
4042, 9581
4042, 20250
17043, 4043
4043, 9502
4043, 6542
19044, 4044
4044, 13111
21201, 4045
4045, 8010
14842, 4046
10609, 4046
8456, 4046
4046, 12581
8169, 4047
4047, 9159
18315, 4048
4048, 10812
18965, 4049
4049, 15877
21469, 4050
4050, 16847
4050, 6810
4050, 13027
6796, 4051
12178, 4051
4051, 19577
4051, 10320
17513, 4052
4052, 8628
16827, 4053
6500, 4053
9229, 4053
4053, 14660
12785, 4054
18680, 4054
14758, 4054
4054, 8529
18908, 4055
4055, 9296
6437, 4056
4056, 15754
11050, 4057
4057, 13045
15402, 4058
19613, 4058
19090, 4058
13149, 4058
16873, 4058
13970, 4058
9837, 4058
18860, 4058
22473, 4058
4058, 15365
17113, 4059
4059, 16259
20600, 4060
4060, 18734
7816, 4061
10347, 4061
20558, 4061
4061, 7490
14748, 4062
4062, 22081
23097, 4063
4063, 20265
19740, 4064
12401, 4064
4064, 8370
12180, 4065
4065, 19349
4065, 20391
14280, 4066
4066, 13672
6437, 4067
4067, 16407
13191, 4068
4068, 7616
14133, 4069
4069, 18654
13516, 4070
9673, 4070
17073, 4070
23238, 4070
4070, 22528
10145, 4071
4071, 18953
10166, 4072
4072, 13976
13332, 4073
4073, 17672
15884, 4074
4074, 15358
21758, 4075
21919, 4075
4075, 9620
7706, 4076
6588, 4076
4076, 20352
10145, 4077
4077, 13610
22152, 4078
4078, 18635
18023, 4079
4079, 10719
4079, 6467
22124, 4080
4080, 17771
11807, 4081
4081, 14920
15826, 4082
4082, 9511
8515, 4083
8465, 4083
21492, 4083
9298, 4083
11002, 4083
13242, 4083
15078, 4083
4083, 22842
18630, 4084
4084, 15334
18416, 4085
4085, 17253
4085, 17965
7680, 4086
4086, 19856
12754, 4087
10263, 4087
4087, 10044
7248, 4088
10273, 4088
22622, 4088
17561, 4088
16659, 4088
4088, 20242
18661, 4089
10091, 4089
4089, 12461
10166, 4090
4090, 11412
4090, 14497
4090, 23190
4090, 8536
4090, 6982
4090, 23257
20944, 4091
9763, 4091
6919, 4091
19235, 4091
20848, 4091
11532, 4091
6929, 4091
21035, 4091
22209, 4091
7038, 4091
21972, 4091
9032, 4091
18638, 4091
12900, 4091
17207, 4091
17143, 4091
19642, 4091
7456, 4091
22433, 4091
10522, 4091
13757, 4091
8524, 4091
21124, 4091
15863, 4091
15998, 4091
18211, 4091
22777, 4091
11903, 4091
16479, 4091
9185, 4091
9867, 4091
8341, 4091
15858, 4091
21423, 4091
16911, 4091
19430, 4091
20508, 4091
22167, 4091
23386, 4091
15800, 4091
16744, 4091
6657, 4091
21006, 4091
7503, 4091
21556, 4091
20964, 4091
15753, 4091
18985, 4091
18399, 4091
18913, 4091
16590, 4091
12254, 4091
4091, 12093
9098, 4092
4092, 7266
15211, 4093
13666, 4093
23286, 4093
4093, 20015
12546, 4094
4094, 6466
10145, 4095
4095, 16281
20680, 4096
4096, 6947
7583, 4097
4097, 14056
7704, 4098
4098, 12373
17789, 4099
4099, 20563
21969, 4100
9272, 4100
4100, 18375
21570, 4101
4101, 15282
10305, 4102
7483, 4102
20014, 4102
22957, 4102
4102, 6349
20909, 4103
14199, 4103
4103, 12570
18111, 4104
4104, 13686
13068, 4105
4105, 18495
10585, 4106
22113, 4106
20894, 4106
7562, 4106
19337, 4106
12272, 4106
14533, 4106
23623, 4106
15248, 4106
21684, 4106
19188, 4106
23351, 4106
20618, 4106
21418, 4106
23120, 4106
20742, 4106
14749, 4106
6535, 4106
4106, 12250
21277, 4107
4107, 20134
7622, 4108
4108, 6806
18442, 4109
4109, 23249
14402, 4110
4110, 6415
19838, 4111
4111, 19510
4111, 10507
10145, 4112
4112, 22676
18218, 4113
4113, 7303
6966, 4114
4114, 22993
12413, 4115
11803, 4115
14043, 4115
22489, 4115
14130, 4115
16821, 4115
6296, 4115
8903, 4115
4115, 12428
10649, 4116
4116, 13476
13652, 4117
7579, 4117
10170, 4117
13049, 4117
22070, 4117
16278, 4117
8874, 4117
4117, 17041
10145, 4118
4118, 15111
14855, 4119
4119, 10769
10280, 4120
4120, 21307
8301, 4121
4121, 7762
4121, 21830
12488, 4122
20135, 4122
15541, 4122
4122, 22280
8586, 4123
4123, 14350
21434, 4124
4124, 21485
4124, 17110
4124, 22222
4124, 16404
4124, 11055
13731, 4125
17090, 4125
17438, 4125
22718, 4125
12447, 4125
10646, 4125
4125, 9859
19838, 4126
4126, 6710
4126, 9627
4126, 21659
4126, 18940
4126, 22039
4126, 13853
4126, 16034
8952, 4127
4127, 22583
10573, 4128
4128, 17411
10175, 4129
19249, 4129
4129, 17408
4129, 17035
21058, 4130
4130, 13102
23628, 4131
4131, 10081
20805, 4132
18434, 4132
4132, 16525
11561, 4133
4133, 10402
7429, 4134
12117, 4134
4134, 14665
10394, 4135
4135, 19065
14230, 4136
12721, 4136
12041, 4136
9540, 4136
7365, 4136
18204, 4136
12072, 4136
19711, 4136
22317, 4136
11421, 4136
14313, 4136
8837, 4136
7474, 4136
4136, 20577
18416, 4137
4137, 11722
10145, 4138
4138, 20120
17160, 4139
4139, 19838
20765, 4140
4140, 9507
13809, 4141
4141, 19235
4141, 19460
10597, 4142
4142, 19226
4142, 22888
4142, 12900
4142, 8478
11780, 4143
4143, 18915
18016, 4144
22655, 4144
4144, 14445
12341, 4145
4145, 14709
4145, 15793
4145, 6383
4145, 21673
4145, 8009
4145, 21040
4145, 11028
4145, 18602
4145, 18403
4145, 13302
4145, 16919
4145, 14857
7847, 4146
4146, 18754
23244, 4147
4147, 6310
6904, 4148
4148, 10115
14872, 4149
23335, 4149
19467, 4149
11948, 4149
22816, 4149
20352, 4149
8551, 4149
22847, 4149
17672, 4149
13486, 4149
9835, 4149
18329, 4149
6257, 4149
10986, 4149
15074, 4149
6642, 4149
7414, 4149
16562, 4149
20577, 4149
20044, 4149
21030, 4149
14268, 4149
10843, 4149
6415, 4149
8316, 4149
21880, 4149
16871, 4149
23432, 4149
9118, 4149
21001, 4149
8158, 4149
23005, 4149
19715, 4149
21008, 4149
22900, 4149
15818, 4149
12875, 4149
15513, 4149
14877, 4149
12461, 4149
17689, 4149
23284, 4149
7674, 4149
19850, 4149
17593, 4149
15754, 4149
17297, 4149
23214, 4149
18270, 4149
16180, 4149
21344, 4149
21137, 4149
15930, 4149
9477, 4149
7793, 4149
16690, 4149
6928, 4149
19304, 4149
12131, 4149
9913, 4149
8190, 4149
17857, 4149
20146, 4149
19251, 4149
18505, 4149
14580, 4149
23401, 4149
13884, 4149
9771, 4149
13811, 4149
10508, 4149
9767, 4149
7082, 4149
10923, 4149
18076, 4149
14459, 4149
6693, 4149
12839, 4149
11928, 4149
22174, 4149
22770, 4149
17631, 4149
16740, 4149
9342, 4149
14679, 4149
19574, 4149
12245, 4149
13995, 4149
7386, 4149
13532, 4149
9793, 4149
9418, 4149
17645, 4149
8401, 4149
6867, 4149
18052, 4149
4149, 19838
17354, 4150
4150, 8412
8951, 4151
4151, 7850
10145, 4152
4152, 10620
14402, 4153
4153, 6415
14427, 4154
23439, 4154
18160, 4154
6850, 4154
4154, 10059
4154, 17243
7991, 4155
4155, 19292
14167, 4156
4156, 14535
10145, 4157
4157, 13510
7248, 4158
4158, 18590
19611, 4159
4159, 19643
15628, 4160
4160, 9729
19838, 4161
4161, 17314
4161, 15958
4161, 21680
4161, 18440
15210, 4162
4162, 6814
14486, 4163
10269, 4163
6766, 4163
7188, 4163
20724, 4163
9081, 4163
22597, 4163
17795, 4163
16951, 4163
17233, 4163
22094, 4163
23060, 4163
21855, 4163
21389, 4163
13199, 4163
22065, 4163
8479, 4163
19965, 4163
17651, 4163
17394, 4163
13918, 4163
21794, 4163
8918, 4163
16872, 4163
11254, 4163
14584, 4163
22901, 4163
11517, 4163
6810, 4163
10693, 4163
20147, 4163
15737, 4163
20127, 4163
10994, 4163
12231, 4163
19179, 4163
7963, 4163
13672, 4163
13027, 4163
23151, 4163
11074, 4163
8754, 4163
14110, 4163
17421, 4163
9019, 4163
9512, 4163
20879, 4163
18319, 4163
19494, 4163
22463, 4163
19563, 4163
14175, 4163
11326, 4163
10484, 4163
16775, 4163
17336, 4163
12228, 4163
10081, 4163
20726, 4163
17076, 4163
19048, 4163
20522, 4163
12202, 4163
8623, 4163
15590, 4163
11450, 4163
18305, 4163
13681, 4163
15490, 4163
7901, 4163
14317, 4163
19773, 4163
8826, 4163
4163, 14190
22657, 4164
4164, 15643
13809, 4165
4165, 23261
10820, 4166
20267, 4166
4166, 16916
20447, 4167
4167, 6875
8170, 4168
4168, 8076
7325, 4169
4169, 21972
8179, 4170
4170, 18384
20236, 4171
4171, 16240
7488, 4172
4172, 8364
17446, 4173
4173, 6947
14003, 4174
11870, 4174
4174, 11115
19236, 4175
14093, 4175
13442, 4175
19324, 4175
4175, 6907
4175, 7186
4175, 20153
22830, 4176
8258, 4176
9724, 4176
6524, 4176
22592, 4176
11216, 4176
6647, 4176
10759, 4176
13762, 4176
9642, 4176
11977, 4176
8640, 4176
14044, 4176
4176, 15713
19838, 4177
4177, 7044
4177, 9523
4177, 11416
4177, 20527
19838, 4178
4178, 20379
4178, 22716
4178, 20744
4178, 16022
4178, 21162
4178, 16472
4178, 19572
4178, 9682
21570, 4179
4179, 13759
8500, 4180
4180, 14954
16727, 4181
4181, 22558
13830, 4182
4182, 19083
7481, 4183
4183, 19710
20790, 4184
17298, 4184
4184, 17048
13747, 4185
4185, 10732
6437, 4186
4186, 16593
12945, 4187
4187, 23424
7599, 4188
4188, 22776
13003, 4189
4189, 10843
4189, 18495
17425, 4190
4190, 10562
18749, 4191
4191, 8393
19838, 4192
4192, 23218
4192, 19839
4192, 11336
4192, 9005
20248, 4193
4193, 19231
19838, 4194
4194, 9014
4194, 19233
4194, 12209
4194, 19444
4194, 13944
13246, 4195
4195, 14479
11451, 4196
4196, 10261
20341, 4197
4197, 16192
23011, 4198
4198, 23595
18554, 4199
4199, 17265
17649, 4200
4200, 7062
17701, 4201
4201, 17421
14402, 4202
4202, 6415
10364, 4203
4203, 10661
20019, 4204
4204, 12011
4204, 17368
4204, 17683
4204, 17015
4204, 10180
4204, 13842
4204, 21472
4204, 16004
4204, 16585
4204, 13200
4204, 15006
12945, 4205
4205, 22458
16373, 4206
11907, 4206
22921, 4206
12738, 4206
4206, 9760
4206, 7211
4206, 10003
4206, 21901
4206, 18896
4206, 9359
4206, 20320
4206, 7090
10920, 4207
17792, 4207
4207, 7528
19175, 4208
12621, 4208
4208, 11986
10404, 4209
4209, 20031
23535, 4210
4210, 8551
14147, 4211
4211, 20265
9481, 4212
4212, 20390
4212, 17548
19838, 4213
4213, 9122
4213, 8914
15628, 4214
4214, 11245
8995, 4215
4215, 14374
20476, 4216
4216, 20951
14718, 4217
4217, 11887
4217, 18651
7075, 4218
8441, 4218
4218, 14561
21909, 4219
4219, 9386
4219, 21001
19007, 4220
12262, 4220
4220, 7358
4220, 13282
4220, 21668
17427, 4221
4221, 8617
16950, 4222
4222, 18506
15431, 4223
4223, 17771
4223, 15007
20885, 4224
4224, 16103
16804, 4225
4225, 14112
16216, 4226
4226, 7923
22117, 4227
4227, 8248
6818, 4228
4228, 11206
9023, 4229
4229, 12355
8096, 4230
4230, 18980
4230, 18193
4230, 22548
7975, 4231
4231, 23521
13809, 4232
4232, 9170
4232, 19173
4232, 19055
18689, 4233
4233, 9883
10752, 4234
4234, 23129
19838, 4235
4235, 20319
4235, 18650
11481, 4236
4236, 22460
14609, 4237
4237, 10192
16066, 4238
20334, 4238
4238, 16036
19838, 4239
4239, 11445
4239, 15770
4239, 8752
4239, 21061
4239, 6461
9659, 4240
4240, 12707
6683, 4241
4241, 20265
17575, 4242
4242, 22758
22457, 4243
4243, 20863
13809, 4244
4244, 14025
12833, 4245
4245, 21479
21606, 4246
4246, 16012
8375, 4247
4247, 22874
10376, 4248
4248, 20349
10593, 4249
17335, 4249
4249, 11765
18247, 4250
4250, 13099
15864, 4251
4251, 8364
18039, 4252
4252, 21951
19838, 4253
4253, 23138
4253, 15919
4253, 22513
4253, 7992
4253, 17688
13720, 4254
4254, 7849
15275, 4255
4255, 13561
4255, 11912
7238, 4256
4256, 14499
15884, 4257
4257, 19816
6491, 4258
4258, 9604
13507, 4259
4259, 9471
12948, 4260
4260, 7517
8609, 4261
6832, 4261
13863, 4261
21985, 4261
16845, 4261
12269, 4261
18798, 4261
8476, 4261
18814, 4261
22719, 4261
23043, 4261
9519, 4261
8881, 4261
18507, 4261
9888, 4261
17439, 4261
7140, 4261
16406, 4261
19857, 4261
6450, 4261
9969, 4261
17430, 4261
18620, 4261
21471, 4261
23492, 4261
13263, 4261
22958, 4261
14448, 4261
13627, 4261
14221, 4261
14513, 4261
18430, 4261
19954, 4261
11088, 4261
14830, 4261
8084, 4261
10097, 4261
11057, 4261
23471, 4261
12009, 4261
17507, 4261
14257, 4261
21050, 4261
17029, 4261
4261, 20995
8240, 4262
4262, 21068
18001, 4263
21201, 4263
4263, 8987
4263, 10463
20054, 4264
4264, 22560
14964, 4265
4265, 7625
17812, 4266
4266, 6531
19741, 4267
7465, 4267
19855, 4267
4267, 11918
20876, 4268
4268, 9761
9315, 4269
8027, 4269
13892, 4269
4269, 10034
15769, 4270
4270, 6964
16793, 4271
4271, 22025
9463, 4272
4272, 18254
22499, 4273
4273, 9189
14275, 4274
4274, 16274
18379, 4275
4275, 21852
4275, 16699
6968, 4276
4276, 20265
7964, 4277
4277, 19100
12756, 4278
4278, 21015
19838, 4279
4279, 19974
4279, 9556
4279, 18157
4279, 15666
4279, 18153
4279, 6666
4279, 10344
4279, 23543
4279, 21117
9124, 4280
4280, 16224
18828, 4281
22567, 4281
14731, 4281
20355, 4281
20273, 4281
4281, 11532
16234, 4282
4282, 18142
10145, 4283
4283, 8202
13292, 4284
17563, 4284
17315, 4284
15680, 4284
6329, 4284
14476, 4284
18769, 4284
19480, 4284
22687, 4284
23373, 4284
9009, 4284
9828, 4284
9304, 4284
19817, 4284
20549, 4284
6257, 4284
18185, 4284
15369, 4284
7302, 4284
6622, 4284
15347, 4284
16323, 4284
10330, 4284
16484, 4284
10843, 4284
6415, 4284
13528, 4284
13879, 4284
18859, 4284
17492, 4284
12751, 4284
16762, 4284
16452, 4284
16547, 4284
16491, 4284
22267, 4284
17799, 4284
15713, 4284
22081, 4284
22604, 4284
21657, 4284
7984, 4284
21582, 4284
20668, 4284
20031, 4284
21441, 4284
11215, 4284
17352, 4284
11242, 4284
9981, 4284
6669, 4284
15930, 4284
15159, 4284
19661, 4284
8040, 4284
21619, 4284
22544, 4284
11964, 4284
11750, 4284
6644, 4284
20859, 4284
18018, 4284
20132, 4284
20269, 4284
13157, 4284
15474, 4284
22153, 4284
18474, 4284
14055, 4284
11512, 4284
23562, 4284
15838, 4284
22523, 4284
6872, 4284
18559, 4284
10047, 4284
21415, 4284
7699, 4284
7082, 4284
13998, 4284
12258, 4284
13085, 4284
21816, 4284
10231, 4284
18458, 4284
14647, 4284
13358, 4284
18822, 4284
4284, 19838
12794, 4285
4285, 7033
19838, 4286
4286, 7242
4286, 6974
4286, 12168
4286, 21374
4286, 9005
14583, 4287
10200, 4287
4287, 15972
16313, 4288
4288, 7050
12504, 4289
4289, 9946
10542, 4290
4290, 19307
17994, 4291
11657, 4291
4291, 20265
7896, 4292
4292, 15232
6437, 4293
4293, 16866
10404, 4294
4294, 7674
12968, 4295
7934, 4295
21856, 4295
21346, 4295
12725, 4295
4295, 12942
4295, 7664
4295, 15657
4295, 21294
4295, 17483
10007, 4296
4296, 11005
9931, 4297
4297, 7797
10166, 4298
4298, 21213
4298, 19703
21360, 4299
4299, 23005
18906, 4300
4300, 8792
22131, 4301
22633, 4301
9387, 4301
4301, 19117
17478, 4302
4302, 21299
20285, 4303
4303, 22776
6437, 4304
4304, 10873
12319, 4305
4305, 12052
14379, 4306
4306, 12642
20399, 4307
4307, 18800
15884, 4308
4308, 18182
8572, 4309
4309, 14873
12945, 4310
4310, 16854
6646, 4311
4311, 10843
12286, 4312
4312, 11054
15032, 4313
4313, 16725
8494, 4314
21662, 4314
15433, 4314
10235, 4314
16612, 4314
4314, 18812
23198, 4315
4315, 22533
11760, 4316
4316, 15736
4316, 12568
4316, 13654
19183, 4317
4317, 11582
13588, 4318
4318, 19645
15561, 4319
4319, 22632
10145, 4320
4320, 17793
6833, 4321
4321, 12841
10519, 4322
4322, 14920
19020, 4323
4323, 17748
17487, 4324
4324, 11617
4324, 21044
8348, 4325
14793, 4325
19796, 4325
11491, 4325
10276, 4325
21605, 4325
6599, 4325
20733, 4325
4325, 17799
13414, 4326
4326, 19737
14785, 4327
4327, 20915
21910, 4328
4328, 12840
22530, 4329
4329, 13589
12945, 4330
4330, 15761
14000, 4331
4331, 16478
16884, 4332
4332, 15394
11223, 4333
6884, 4333
8495, 4333
4333, 12951
20017, 4334
4334, 8292
11721, 4335
4335, 20132
4335, 8158
6369, 4336
4336, 23227
13986, 4337
4337, 6371
15649, 4338
4338, 18458
13809, 4339
4339, 10014
4339, 12620
4339, 9225
4339, 19863
17208, 4340
7693, 4340
20761, 4340
12057, 4340
16463, 4340
4340, 11532
21945, 4341
4341, 10603
12495, 4342
4342, 22076
17305, 4343
4343, 15930
9162, 4344
4344, 12793
22270, 4345
4345, 22776
12065, 4346
21790, 4346
4346, 21532
10145, 4347
4347, 16570
4347, 15542
12246, 4348
4348, 8645
7378, 4349
4349, 9872
4349, 16101
11629, 4350
4350, 8233
4350, 22470
12309, 4351
4351, 19780
12077, 4352
4352, 23366
15716, 4353
9360, 4353
10545, 4353
8745, 4353
11391, 4353
8146, 4353
16127, 4353
21159, 4353
21782, 4353
17041, 4353
15853, 4353
21114, 4353
17556, 4353
7576, 4353
12016, 4353
4353, 22834
16908, 4354
4354, 17517
10589, 4355
8712, 4355
4355, 19328
6934, 4356
4356, 12465
17425, 4357
4357, 19334
11581, 4358
17068, 4358
7668, 4358
21360, 4358
4358, 8446
19497, 4359
4359, 15355
4359, 10402
23266, 4360
4360, 10060
20019, 4361
4361, 14436
4361, 21062
4361, 10913
4361, 11021
4361, 14091
4361, 11402
4361, 11575
4361, 10602
4361, 13498
4361, 13633
4361, 19060
19838, 4362
4362, 7008
4362, 8193
4362, 19725
4362, 20433
17939, 4363
4363, 10561
20402, 4364
17049, 4364
12149, 4364
14603, 4364
4364, 7550
12358, 4365
4365, 17035
4365, 9081
21109, 4366
4366, 9765
4366, 15718
12519, 4367
4367, 11704
4367, 12806
18137, 4368
15107, 4368
4368, 9358
18064, 4369
23021, 4369
21822, 4369
19363, 4369
22899, 4369
11421, 4369
17905, 4369
23306, 4369
4369, 18952
6732, 4370
4370, 10843
14010, 4371
4371, 19755
19589, 4372
4372, 8889
13154, 4373
4373, 10839
15884, 4374
4374, 18074
8128, 4375
4375, 8051
18784, 4376
7394, 4376
7046, 4376
12464, 4376
6651, 4376
8968, 4376
4376, 13924
12945, 4377
4377, 18566
22710, 4378
4378, 13998
23048, 4379
4379, 15812
17910, 4380
4380, 11663
22204, 4381
21837, 4381
4381, 20170
20895, 4382
22819, 4382
18509, 4382
13350, 4382
13347, 4382
8126, 4382
4382, 19845
8637, 4383
4383, 21171
4383, 15546
20121, 4384
4384, 22731
4384, 17131
16382, 4385
4385, 10580
16556, 4386
4386, 22414
18001, 4387
4387, 16188
12448, 4388
4388, 12951
13570, 4389
4389, 20162
20326, 4390
4390, 20264
16066, 4391
4391, 17883
20765, 4392
4392, 9507
17330, 4393
4393, 14334
10489, 4394
4394, 13167
13091, 4395
4395, 7441
23614, 4396
4396, 22315
10146, 4397
4397, 16369
7012, 4398
12645, 4398
10708, 4398
19088, 4398
20392, 4398
16662, 4398
4398, 9342
18845, 4399
4399, 16872
10166, 4400
4400, 18595
4400, 14497
4400, 22664
4400, 17806
8574, 4401
4401, 10246
10265, 4402
4402, 21306
10395, 4403
4403, 15950
19838, 4404
4404, 9455
4404, 10162
4404, 17982
4404, 21560
4404, 6940
4404, 7383
7346, 4405
4405, 6331
8571, 4406
4406, 8531
19157, 4407
4407, 15065
4407, 8605
4407, 12937
4407, 13682
4407, 22733
4407, 21120
4407, 16025
4407, 21167
4407, 11061
4407, 16134
4407, 14912
4407, 22508
4407, 6929
4407, 11314
4407, 16977
4407, 9109
4407, 8524
4407, 20286
4407, 10111
4407, 21718
4407, 12298
19728, 4408
4408, 21737
22104, 4409
10234, 4409
11279, 4409
4409, 13054
21609, 4410
4410, 16666
18862, 4411
7399, 4411
4411, 12066
12118, 4412
4412, 20997
8711, 4413
9559, 4413
18869, 4413
17897, 4413
21544, 4413
4413, 17893
9175, 4414
4414, 9493
10145, 4415
4415, 10198
15628, 4416
4416, 18605
22459, 4417
4417, 14649
13965, 4418
4418, 17420
7174, 4419
4419, 7358
23301, 4420
20228, 4420
4420, 10684
4420, 12411
4420, 13797
4420, 9924
4420, 20081
4420, 18225
4420, 18594
4420, 23086
4420, 8537
4420, 15506
4420, 11562
4420, 21265
4420, 7983
4420, 7976
4420, 14504
4420, 21681
4420, 7664
4420, 9167
4420, 11463
4420, 22590
4420, 9434
4420, 11344
4420, 20878
4420, 23279
4420, 12396
4420, 9053
4420, 7951
4420, 14588
4420, 7820
4420, 18199
4420, 22543
4420, 22015
4420, 17919
4420, 19759
4420, 20675
4420, 9069
4420, 11746
4420, 21726
4420, 11884
4420, 11924
4420, 7853
4420, 17650
4420, 12085
4420, 7267
4420, 21104
4420, 12958
4420, 14364
4420, 19748
4420, 13703
4420, 15312
4420, 7201
4420, 14403
4420, 21419
4420, 22341
4420, 12683
15884, 4421
4421, 14370
4421, 9112
15112, 4422
4422, 21493
10145, 4423
4423, 7034
13124, 4424
22286, 4424
20041, 4424
14358, 4424
21296, 4424
9237, 4424
17122, 4424
4424, 11087
14300, 4425
4425, 23588
4425, 12609
4425, 10669
8644, 4426
8565, 4426
4426, 22267
17033, 4427
7889, 4427
4427, 21270
15488, 4428
4428, 7490
15172, 4429
4429, 12139
19838, 4430
4430, 14725
4430, 8099
4430, 10768
4430, 20500
4430, 9569
4430, 10550
4430, 16609
4430, 16019
15884, 4431
4431, 22191
19795, 4432
18057, 4432
11116, 4432
15654, 4432
19172, 4432
13255, 4432
4432, 7550
23574, 4433
4433, 19231
22630, 4434
4434, 18079
12599, 4435
4435, 14460
15638, 4436
4436, 20763
17132, 4437
4437, 21616
19348, 4438
4438, 23349
20208, 4439
4439, 17739
17888, 4440
4440, 21078
18637, 4441
18290, 4441
13118, 4441
10458, 4441
13066, 4441
20342, 4441
22741, 4441
23044, 4441
16763, 4441
15876, 4441
14764, 4441
4441, 6257
22107, 4442
4442, 10366
15492, 4443
4443, 10393
18975, 4444
4444, 22065
8936, 4445
4445, 7360
12910, 4446
4446, 16199
9746, 4447
4447, 7740
11981, 4448
7594, 4448
12020, 4448
4448, 14435
19983, 4449
4449, 9217
16909, 4450
4450, 17672
15368, 4451
16475, 4451
7987, 4451
13622, 4451
8216, 4451
8314, 4451
23409, 4451
11114, 4451
13080, 4451
20825, 4451
10233, 4451
13236, 4451
16036, 4451
17116, 4451
21748, 4451
15221, 4451
22696, 4451
7743, 4451
10205, 4451
16591, 4451
13785, 4451
11282, 4451
13375, 4451
14976, 4451
18511, 4451
20784, 4451
17624, 4451
10082, 4451
11194, 4451
19334, 4451
19257, 4451
8525, 4451
17222, 4451
23221, 4451
11220, 4451
21649, 4451
14103, 4451
6271, 4451
7062, 4451
12628, 4451
11386, 4451
6863, 4451
17151, 4451
21303, 4451
21011, 4451
21907, 4451
9847, 4451
17510, 4451
7184, 4451
20635, 4451
20678, 4451
11797, 4451
13249, 4451
18995, 4451
20315, 4451
12707, 4451
13800, 4451
10713, 4451
11373, 4451
21356, 4451
10551, 4451
18964, 4451
11596, 4451
10026, 4451
15629, 4451
8202, 4451
18572, 4451
19321, 4451
20034, 4451
4451, 7545
7097, 4452
4452, 20771
7624, 4453
4453, 14877
21201, 4454
4454, 20520
15172, 4455
4455, 11604
6437, 4456
4456, 23153
17425, 4457
4457, 10815
10166, 4458
4458, 22379
10145, 4459
4459, 15083
20478, 4460
15069, 4460
21300, 4460
12709, 4460
4460, 11532
8257, 4461
20157, 4461
4461, 7565
12453, 4462
4462, 13408
21585, 4463
21826, 4463
15236, 4463
4463, 10591
4463, 15793
4463, 22037
4463, 19415
4463, 21040
4463, 7038
4463, 11084
4463, 22410
22933, 4464
4464, 8453
16271, 4465
4465, 16770
14938, 4466
4466, 14442
13809, 4467
17501, 4467
4467, 13851
20809, 4468
4468, 22494
16673, 4469
11550, 4469
7066, 4469
8266, 4469
8247, 4469
19433, 4469
4469, 12093
19838, 4470
4470, 12656
4470, 14469
4470, 14923
4470, 6726
4470, 13896
17603, 4471
13623, 4471
4471, 11496
22635, 4472
20920, 4472
4472, 22829
21201, 4473
18416, 4473
4473, 20759
4473, 7895
23377, 4474
23441, 4474
4474, 16642
12448, 4475
4475, 22477
6308, 4476
4476, 8653
8191, 4477
4477, 18170
15884, 4478
4478, 10304
18904, 4479
4479, 6866
23563, 4480
4480, 12431
6293, 4481
6434, 4481
21314, 4481
8207, 4481
23037, 4481
6354, 4481
10288, 4481
9814, 4481
9192, 4481
22486, 4481
19408, 4481
6799, 4481
7851, 4481
21330, 4481
17803, 4481
19862, 4481
18591, 4481
7998, 4481
10109, 4481
16457, 4481
18384, 4481
22155, 4481
13999, 4481
21506, 4481
23205, 4481
19928, 4481
22632, 4481
18972, 4481
21269, 4481
23519, 4481
9021, 4481
22463, 4481
17734, 4481
21711, 4481
13765, 4481
6302, 4481
17457, 4481
18856, 4481
13356, 4481
7965, 4481
20298, 4481
10260, 4481
11902, 4481
21171, 4481
4481, 22834
14402, 4482
4482, 6415
6321, 4483
4483, 6558
17055, 4484
8505, 4484
21360, 4484
4484, 16443
20585, 4485
4485, 14733
20218, 4486
4486, 7484
19838, 4487
4487, 13938
4487, 18521
4487, 23390
4487, 20776
4487, 19419
11260, 4488
4488, 11948
16682, 4489
4489, 18592
4489, 21126
19679, 4490
4490, 11311
12061, 4491
16045, 4491
4491, 13770
4491, 6902
10145, 4492
4492, 15703
17213, 4493
4493, 6505
14423, 4494
4494, 17358
6934, 4495
4495, 7635
4495, 9912
4495, 12786
4495, 13415
15884, 4496
4496, 8365
10145, 4497
4497, 18042
10166, 4498
4498, 11265
4498, 17741
4498, 8753
4498, 10017
4498, 13728
10476, 4499
12835, 4499
12857, 4499
15748, 4499
10129, 4499
7065, 4499
10116, 4499
19764, 4499
7433, 4499
14906, 4499
6625, 4499
11789, 4499
18195, 4499
12800, 4499
11383, 4499
15572, 4499
11197, 4499
19043, 4499
8542, 4499
7632, 4499
12207, 4499
7300, 4499
18853, 4499
12753, 4499
20428, 4499
18557, 4499
11339, 4499
15655, 4499
16962, 4499
8442, 4499
20977, 4499
13462, 4499
19451, 4499
17107, 4499
9908, 4499
18903, 4499
12796, 4499
21738, 4499
8770, 4499
16599, 4499
20093, 4499
16244, 4499
18723, 4499
13263, 4499
11970, 4499
10535, 4499
8220, 4499
17398, 4499
15162, 4499
18386, 4499
21937, 4499
19544, 4499
4499, 21414
15503, 4500
4500, 14336
18424, 4501
4501, 15203
10145, 4502
4502, 10247
10154, 4503
20332, 4503
4503, 21690
21357, 4504
4504, 20314
15702, 4505
4505, 9177
19728, 4506
4506, 17336
13075, 4507
22274, 4507
10888, 4507
6264, 4507
12296, 4507
11605, 4507
19306, 4507
22159, 4507
6300, 4507
22272, 4507
21543, 4507
21517, 4507
20101, 4507
7813, 4507
15393, 4507
9398, 4507
22476, 4507
16296, 4507
21147, 4507
15878, 4507
19869, 4507
12708, 4507
14585, 4507
22193, 4507
13034, 4507
9934, 4507
7232, 4507
10741, 4507
7038, 4507
18946, 4507
12634, 4507
11102, 4507
23040, 4507
19751, 4507
11038, 4507
21821, 4507
22898, 4507
13551, 4507
20396, 4507
21180, 4507
12888, 4507
7431, 4507
17459, 4507
19972, 4507
15961, 4507
23085, 4507
11145, 4507
20939, 4507
8893, 4507
15011, 4507
14806, 4507
21925, 4507
15991, 4507
11849, 4507
23425, 4507
8289, 4507
7800, 4507
7030, 4507
15998, 4507
7424, 4507
20531, 4507
20286, 4507
17340, 4507
7969, 4507
7319, 4507
19987, 4507
17255, 4507
13394, 4507
20169, 4507
9867, 4507
22097, 4507
16707, 4507
15555, 4507
15377, 4507
13818, 4507
16972, 4507
21423, 4507
13727, 4507
18244, 4507
8611, 4507
16799, 4507
19861, 4507
12600, 4507
15595, 4507
20140, 4507
17867, 4507
23386, 4507
23486, 4507
12736, 4507
12787, 4507
21247, 4507
9516, 4507
10104, 4507
6740, 4507
11045, 4507
15687, 4507
20941, 4507
8478, 4507
15574, 4507
23002, 4507
22545, 4507
12032, 4507
8595, 4507
8527, 4507
18662, 4507
23369, 4507
15989, 4507
9136, 4507
19695, 4507
14016, 4507
11377, 4507
18736, 4507
15548, 4507
17550, 4507
22568, 4507
12501, 4507
20889, 4507
11867, 4507
8598, 4507
21200, 4507
7915, 4507
17730, 4507
11668, 4507
12667, 4507
17870, 4507
7697, 4507
19018, 4507
19427, 4507
18868, 4507
13633, 4507
22225, 4507
13156, 4507
19782, 4507
18453, 4507
10239, 4507
21143, 4507
12644, 4507
15925, 4507
8032, 4507
9269, 4507
17746, 4507
16241, 4507
8707, 4507
6724, 4507
6911, 4507
22859, 4507
14683, 4507
6483, 4507
15055, 4507
9798, 4507
6853, 4507
17256, 4507
15313, 4507
4507, 12093
22450, 4508
4508, 22336
17285, 4509
4509, 15295
15826, 4510
4510, 18300
21765, 4511
11043, 4511
11181, 4511
7068, 4511
10819, 4511
4511, 18915
9996, 4512
6298, 4512
4512, 8045
23128, 4513
4513, 20118
21083, 4514
4514, 12267
4514, 8186
13625, 4515
4515, 19428
16102, 4516
4516, 14479
20806, 4517
4517, 14757
12118, 4518
4518, 21369
6934, 4519
4519, 8395
4519, 9752
12945, 4520
4520, 8044
21505, 4521
4521, 16879
18488, 4522
4522, 10199
22596, 4523
4523, 7993
21568, 4524
4524, 23501
11325, 4525
18561, 4525
16049, 4525
4525, 9921
10251, 4526
22635, 4526
20773, 4526
4526, 22829
12544, 4527
4527, 10693
6437, 4528
4528, 7683
7859, 4529
11421, 4529
10134, 4529
15030, 4529
22505, 4529
17655, 4529
8685, 4529
11685, 4529
18101, 4529
4529, 8910
8335, 4530
4530, 15439
14813, 4531
4531, 11282
8118, 4532
15579, 4532
11646, 4532
19827, 4532
14186, 4532
17422, 4532
13556, 4532
21437, 4532
11385, 4532
23582, 4532
13291, 4532
10029, 4532
13743, 4532
23138, 4532
14660, 4532
13758, 4532
15194, 4532
22299, 4532
21465, 4532
23454, 4532
15919, 4532
19587, 4532
16272, 4532
18990, 4532
17346, 4532
10843, 4532
6415, 4532
11005, 4532
23200, 4532
11293, 4532
7589, 4532
20325, 4532
19298, 4532
9815, 4532
19243, 4532
17748, 4532
12494, 4532
8660, 4532
13737, 4532
12508, 4532
12626, 4532
19372, 4532
14203, 4532
17938, 4532
12875, 4532
19772, 4532
22114, 4532
13685, 4532
17820, 4532
20674, 4532
13684, 4532
15362, 4532
14598, 4532
8506, 4532
23129, 4532
23457, 4532
19002, 4532
14901, 4532
20270, 4532
23472, 4532
20414, 4532
8877, 4532
17408, 4532
16843, 4532
13434, 4532
7441, 4532
15856, 4532
22884, 4532
14823, 4532
17475, 4532
6286, 4532
11115, 4532
23569, 4532
21712, 4532
11766, 4532
19307, 4532
19755, 4532
21291, 4532
12476, 4532
22757, 4532
13206, 4532
7683, 4532
23009, 4532
21997, 4532
6554, 4532
10914, 4532
12854, 4532
18108, 4532
21878, 4532
9234, 4532
13018, 4532
21877, 4532
4532, 19838
13414, 4533
4533, 8409
14491, 4534
4534, 14879
10145, 4535
4535, 8034
10816, 4536
4536, 19243
9878, 4537
4537, 14268
17687, 4538
4538, 13885
21058, 4539
4539, 6354
14343, 4540
4540, 7950
21504, 4541
9171, 4541
9203, 4541
4541, 15052
19394, 4542
4542, 11609
21537, 4543
9675, 4543
18823, 4543
16791, 4543
11345, 4543
7153, 4543
17928, 4543
15959, 4543
13463, 4543
4543, 6286
23499, 4544
14074, 4544
4544, 19449
4544, 16847
17829, 4545
4545, 17334
14882, 4546
8134, 4546
4546, 10843
10166, 4547
4547, 15290
4547, 10655
4547, 7654
16438, 4548
4548, 17138
21058, 4549
4549, 9117
21201, 4550
4550, 7007
4550, 17500
4550, 18129
16082, 4551
13459, 4551
17696, 4551
18002, 4551
4551, 6601
4551, 13561
15884, 4552
4552, 17891
10145, 4553
4553, 20678
11260, 4554
4554, 9317
13053, 4555
4555, 8440
9536, 4556
6389, 4556
13261, 4556
4556, 20044
17498, 4557
4557, 9920
8300, 4558
4558, 18252
16964, 4559
4559, 13260
13665, 4560
15036, 4560
20986, 4560
17086, 4560
18945, 4560
20554, 4560
8239, 4560
8594, 4560
17441, 4560
13470, 4560
9949, 4560
12507, 4560
14658, 4560
9578, 4560
14337, 4560
8940, 4560
13263, 4560
22897, 4560
13733, 4560
7796, 4560
7258, 4560
14560, 4560
22234, 4560
8354, 4560
16326, 4560
16961, 4560
8945, 4560
10285, 4560
17145, 4560
18473, 4560
8425, 4560
14884, 4560
19311, 4560
6748, 4560
8972, 4560
16907, 4560
19655, 4560
20022, 4560
6713, 4560
21716, 4560
22893, 4560
21173, 4560
15423, 4560
23610, 4560
21129, 4560
4560, 7848
12007, 4561
4561, 19194
4561, 6309
15884, 4562
4562, 11512
14402, 4563
4563, 6415
16000, 4564
4564, 6622
13241, 4565
21795, 4565
11667, 4565
4565, 6735
4565, 8741
19328, 4566
16630, 4566
22829, 4566
23332, 4566
16315, 4566
8928, 4566
14064, 4566
10322, 4566
14431, 4566
21228, 4566
12339, 4566
7138, 4566
12422, 4566
12855, 4566
22862, 4566
19577, 4566
16560, 4566
20037, 4566
18033, 4566
7112, 4566
14479, 4566
18047, 4566
13753, 4566
10826, 4566
9400, 4566
22010, 4566
15560, 4566
14497, 4566
16381, 4566
18082, 4566
6262, 4566
16627, 4566
18912, 4566
18495, 4566
15205, 4566
11290, 4566
4566, 10145
4566, 7173
14667, 4567
10414, 4567
20076, 4567
4567, 17138
23544, 4568
4568, 20863
13388, 4569
8844, 4569
4569, 20085
10137, 4570
4570, 21285
22492, 4571
11607, 4571
10165, 4571
9564, 4571
18301, 4571
19223, 4571
4571, 16480
4571, 13707
4571, 18319
21636, 4572
4572, 13712
19455, 4573
18030, 4573
22747, 4573
7477, 4573
11049, 4573
8967, 4573
22536, 4573
8514, 4573
18092, 4573
19831, 4573
10539, 4573
10280, 4573
15908, 4573
4573, 8731
12539, 4574
19252, 4574
4574, 14253
4574, 16453
20201, 4575
4575, 10914
4575, 23560
10145, 4576
4576, 8202
10702, 4577
7395, 4577
9676, 4577
17826, 4577
4577, 11748
11275, 4578
12624, 4578
14365, 4578
7882, 4578
4578, 19558
7308, 4579
4579, 17672
18578, 4580
4580, 15205
21893, 4581
4581, 13122
10371, 4582
4582, 13787
11117, 4583
4583, 19047
7661, 4584
4584, 11899
12027, 4585
4585, 19038
17043, 4586
13414, 4586
4586, 20937
10145, 4587
4587, 17124
15628, 4588
4588, 23521
12945, 4589
4589, 16420
13329, 4590
4590, 13372
10755, 4591
4591, 8958
16220, 4592
4592, 13895
4592, 20173
12488, 4593
16288, 4593
4593, 17084
21201, 4594
4594, 13698
7191, 4595
4595, 15636
16657, 4596
4596, 22034
8612, 4597
8340, 4597
13023, 4597
4597, 10996
12489, 4598
4598, 20926
4598, 20904
4598, 16953
4598, 18659
4598, 12807
4598, 10237
6538, 4599
7416, 4599
15497, 4599
22542, 4599
18266, 4599
13314, 4599
15661, 4599
11348, 4599
6943, 4599
8508, 4599
11163, 4599
18056, 4599
10283, 4599
4599, 16322
14402, 4600
4600, 6415
12820, 4601
4601, 10439
23010, 4602
4602, 6464
12520, 4603
4603, 7793
4603, 22320
8097, 4604
4604, 19566
19838, 4605
4605, 18496
4605, 17723
4605, 19787
4605, 21075
4605, 9896
4605, 10754
4605, 6916
14402, 4606
4606, 6415
14432, 4607
23234, 4607
23046, 4607
21091, 4607
10184, 4607
22149, 4607
10561, 4607
17528, 4607
21409, 4607
19274, 4607
8105, 4607
15935, 4607
20443, 4607
22618, 4607
15212, 4607
14416, 4607
6891, 4607
9070, 4607
7527, 4607
15617, 4607
15502, 4607
15606, 4607
10701, 4607
15931, 4607
6810, 4607
15804, 4607
12329, 4607
14023, 4607
9900, 4607
19688, 4607
13672, 4607
9404, 4607
14185, 4607
23126, 4607
9114, 4607
19912, 4607
7959, 4607
8326, 4607
16240, 4607
23443, 4607
18192, 4607
8591, 4607
20075, 4607
21445, 4607
15466, 4607
23518, 4607
22224, 4607
21112, 4607
19777, 4607
13148, 4607
10367, 4607
15663, 4607
4607, 16748
20665, 4608
18599, 4608
4608, 15983
9995, 4609
4609, 22438
7894, 4610
11417, 4610
8443, 4610
4610, 17457
19838, 4611
4611, 6654
4611, 23197
4611, 17111
4611, 17607
4611, 18368
6301, 4612
16236, 4612
17966, 4612
7815, 4612
9344, 4612
22995, 4612
13788, 4612
11421, 4612
19906, 4612
11900, 4612
18101, 4612
4612, 9880
4612, 16513
16715, 4613
4613, 13040
22608, 4614
4614, 12960
13798, 4615
4615, 19390
20381, 4616
4616, 15639
4616, 17560
4616, 14645
4616, 7831
4616, 10865
4616, 16138
4616, 11346
4616, 22827
4616, 12878
4616, 15326
4616, 20848
4616, 20153
4616, 18638
4616, 22433
4616, 11903
4616, 16479
4616, 15858
4616, 21006
4616, 18931
4616, 15214
4616, 6377
4616, 21593
4616, 15870
4616, 13318
4616, 16386
4616, 12761
4616, 16579
4616, 15822
4616, 8361
4616, 8964
12170, 4617
4617, 11816
11136, 4618
13031, 4618
17316, 4618
18561, 4618
4618, 20146
4618, 14488
10190, 4619
23278, 4619
4619, 13375
16817, 4620
4620, 19274
15749, 4621
4621, 16227
19294, 4622
4622, 15536
4622, 9193
15884, 4623
4623, 18541
17677, 4624
4624, 17019
19838, 4625
4625, 9503
4625, 19187
4625, 19962
4625, 18813
4625, 19902
22785, 4626
4626, 7454
19262, 4627
4627, 12728
14717, 4628
4628, 19045
23209, 4629
4629, 12206
16208, 4630
7539, 4630
15844, 4630
4630, 18597
6437, 4631
4631, 13206
13032, 4632
4632, 21100
10145, 4633
4633, 21331
7485, 4634
4634, 20314
13899, 4635
6897, 4635
20617, 4635
4635, 19752
21326, 4636
4636, 20354
13414, 4637
4637, 19625
4637, 22771
10166, 4638
4638, 14497
4638, 16471
23405, 4639
4639, 23060
21201, 4640
13809, 4640
4640, 12602
7296, 4641
4641, 23613
13503, 4642
4642, 21094
8601, 4643
4643, 16605
13471, 4644
4644, 19376
20471, 4645
15287, 4645
4645, 13008
15101, 4646
4646, 16560
16714, 4647
15954, 4647
22122, 4647
9080, 4647
18480, 4647
18503, 4647
17672, 4647
22397, 4647
19832, 4647
20254, 4647
10483, 4647
15282, 4647
19014, 4647
13184, 4647
15369, 4647
15476, 4647
17019, 4647
12200, 4647
23207, 4647
14104, 4647
22243, 4647
13248, 4647
10843, 4647
20488, 4647
10823, 4647
11398, 4647
10032, 4647
15904, 4647
8614, 4647
8807, 4647
9626, 4647
13861, 4647
8499, 4647
17909, 4647
23081, 4647
13211, 4647
9539, 4647
15763, 4647
20143, 4647
21799, 4647
6912, 4647
16740, 4647
21371, 4647
17351, 4647
15825, 4647
19109, 4647
22229, 4647
8052, 4647
16392, 4647
12887, 4647
22876, 4647
13413, 4647
19995, 4647
19562, 4647
13993, 4647
6395, 4647
10107, 4647
16017, 4647
12461, 4647
11134, 4647
7674, 4647
22865, 4647
13451, 4647
19657, 4647
9714, 4647
7137, 4647
7023, 4647
11186, 4647
7366, 4647
22054, 4647
11936, 4647
13759, 4647
20128, 4647
17408, 4647
19783, 4647
14193, 4647
11305, 4647
9286, 4647
21359, 4647
19489, 4647
11729, 4647
20858, 4647
7862, 4647
9845, 4647
18821, 4647
6471, 4647
23315, 4647
17954, 4647
11030, 4647
14561, 4647
19307, 4647
21878, 4647
20721, 4647
19641, 4647
12889, 4647
21989, 4647
9474, 4647
4647, 19838
23490, 4648
4648, 23205
14402, 4649
4649, 6415
7494, 4650
14578, 4650
4650, 7999
4650, 16070
9464, 4651
4651, 12534
7391, 4652
4652, 15207
9881, 4653
4653, 14770
4653, 20141
13721, 4654
4654, 20103
11000, 4655
4655, 15486
19520, 4656
4656, 7825
10166, 4657
4657, 13094
4657, 12056
6754, 4658
4658, 6386
19889, 4659
4659, 12949
19838, 4660
4660, 13574
4660, 8093
4660, 6510
4660, 12365
4660, 14287
12227, 4661
4661, 9337
8708, 4662
4662, 13699
16162, 4663
4663, 9228
7002, 4664
4664, 21453
20966, 4665
4665, 20749
21150, 4666
4666, 22438
23311, 4667
4667, 15002
17106, 4668
4668, 8344
14402, 4669
4669, 6415
19838, 4670
4670, 16395
4670, 7526
9501, 4671
4671, 16591
17765, 4672
4672, 11985
11721, 4673
4673, 17509
4673, 9599
12547, 4674
4674, 7276
15884, 4675
4675, 9324
19084, 4676
4676, 9420
18482, 4677
4677, 16718
14827, 4678
4678, 11635
15445, 4679
4679, 7870
13776, 4680
4680, 17046
14849, 4681
6338, 4681
4681, 8225
18284, 4682
22566, 4682
20395, 4682
4682, 17482
17419, 4683
4683, 12860
10830, 4684
4684, 15194
8810, 4685
4685, 14253
4685, 15738
4685, 8040
12007, 4686
4686, 16254
4686, 7968
12931, 4687
23592, 4687
4687, 15634
12659, 4688
4688, 22811
22709, 4689
4689, 7571
19838, 4690
4690, 9717
4690, 19505
9253, 4691
4691, 10088
10145, 4692
4692, 13578
10166, 4693
4693, 11252
4693, 14256
23252, 4694
4694, 21060
4694, 18838
15868, 4695
4695, 13811
10166, 4696
4696, 17806
4696, 15446
13414, 4697
6686, 4697
4697, 15695
13552, 4698
4698, 22134
11260, 4699
4699, 8077
19838, 4700
4700, 7210
4700, 22108
4700, 17930
4700, 14983
12971, 4701
7421, 4701
4701, 9212
8382, 4702
4702, 9262
20808, 4703
4703, 10951
19838, 4704
4704, 23111
4704, 10447
4704, 18760
4704, 16275
4704, 9235
4704, 9181
4704, 21752
4704, 21526
9841, 4705
4705, 8518
12811, 4706
4706, 13751
17766, 4707
4707, 7490
15884, 4708
4708, 8052
10301, 4709
18432, 4709
4709, 15580
13369, 4710
4710, 12855
12945, 4711
4711, 10103
19728, 4712
4712, 7138
18854, 4713
4713, 17428
13805, 4714
4714, 18511
15389, 4715
10878, 4715
21607, 4715
8007, 4715
17093, 4715
18450, 4715
10818, 4715
16826, 4715
4715, 7838
23424, 4716
17809, 4716
14636, 4716
18351, 4716
9532, 4716
22816, 4716
11191, 4716
9925, 4716
12429, 4716
6738, 4716
7134, 4716
7860, 4716
16182, 4716
16103, 4716
6498, 4716
13658, 4716
14239, 4716
20053, 4716
20044, 4716
6502, 4716
22210, 4716
18579, 4716
6415, 4716
10101, 4716
10924, 4716
18980, 4716
12381, 4716
18189, 4716
17492, 4716
9815, 4716
18214, 4716
9128, 4716
23432, 4716
8018, 4716
10832, 4716
16465, 4716
18619, 4716
23601, 4716
11437, 4716
16835, 4716
23487, 4716
10633, 4716
16861, 4716
20111, 4716
8643, 4716
11651, 4716
11937, 4716
17509, 4716
9599, 4716
20132, 4716
8158, 4716
22891, 4716
16374, 4716
6323, 4716
19283, 4716
14234, 4716
8726, 4716
7849, 4716
14790, 4716
20196, 4716
10226, 4716
17988, 4716
23404, 4716
12503, 4716
18925, 4716
20799, 4716
15670, 4716
12039, 4716
20973, 4716
10051, 4716
11204, 4716
18228, 4716
8925, 4716
17532, 4716
17473, 4716
20625, 4716
13530, 4716
12752, 4716
22212, 4716
17833, 4716
17026, 4716
14286, 4716
9208, 4716
15768, 4716
9880, 4716
10047, 4716
15792, 4716
21737, 4716
18743, 4716
20915, 4716
23342, 4716
15589, 4716
12827, 4716
6831, 4716
15450, 4716
9648, 4716
10386, 4716
4716, 19838
18516, 4717
14440, 4717
12623, 4717
4717, 15930
13972, 4718
4718, 14203
10845, 4719
4719, 17563
15172, 4720
4720, 21775
19992, 4721
11505, 4721
16906, 4721
14371, 4721
4721, 16725
4721, 11253
15884, 4722
4722, 20177
4722, 19783
17244, 4723
4723, 22490
18683, 4724
22537, 4724
21385, 4724
22063, 4724
10193, 4724
21158, 4724
4724, 6872
19909, 4725
4725, 12884
20777, 4726
4726, 22776
22850, 4727
4727, 19675
20442, 4728
20545, 4728
19281, 4728
4728, 21628
12668, 4729
4729, 21522
8240, 4730
4730, 15089
4730, 8032
14402, 4731
4731, 6415
19507, 4732
4732, 10490
7606, 4733
4733, 23335
16169, 4734
17115, 4734
4734, 22299
8459, 4735
4735, 19770
10145, 4736
4736, 20936
4736, 20969
4736, 16963
9974, 4737
4737, 7937
15482, 4738
12693, 4738
4738, 13561
6882, 4739
4739, 16990
17065, 4740
13327, 4740
4740, 22905
19153, 4741
4741, 16114
21058, 4742
4742, 17899
6757, 4743
4743, 13129
14005, 4744
4744, 14259
15172, 4745
4745, 23401
16604, 4746
10135, 4746
13983, 4746
4746, 20222
4746, 11253
21683, 4747
4747, 23015
9380, 4748
4748, 6669
22402, 4749
4749, 16766
19838, 4750
4750, 20379
4750, 23556
4750, 12746
20400, 4751
19312, 4751
21759, 4751
4751, 21618
4751, 21702
7439, 4752
4752, 18448
4752, 7878
8369, 4753
4753, 6961
12389, 4754
4754, 15663
6547, 4755
4755, 9113
7830, 4756
4756, 7010
20020, 4757
4757, 17177
12118, 4758
4758, 16176
9451, 4759
4759, 18014
16561, 4760
12120, 4760
4760, 7937
7446, 4761
4761, 16477
9787, 4762
4762, 14662
18364, 4763
4763, 14499
17501, 4764
4764, 9922
19838, 4765
4765, 20955
4765, 23031
4765, 20831
10721, 4766
4766, 23170
7529, 4767
4767, 8283
12525, 4768
18740, 4768
4768, 10465
16999, 4769
4769, 20976
12945, 4770
4770, 11890
12046, 4771
4771, 10117
23088, 4772
4772, 18826
17644, 4773
6967, 4773
11925, 4773
22002, 4773
10828, 4773
14241, 4773
21653, 4773
10278, 4773
11498, 4773
20212, 4773
8746, 4773
21212, 4773
8163, 4773
9928, 4773
18536, 4773
20412, 4773
11572, 4773
20430, 4773
7205, 4773
4773, 19694
13447, 4774
4774, 12776
8475, 4775
6914, 4775
4775, 13555
6437, 4776
4776, 22768
13690, 4777
4777, 20044
11863, 4778
13730, 4778
4778, 10986
7426, 4779
4779, 15189
22078, 4780
4780, 23521
9079, 4781
4781, 14023
7235, 4782
20703, 4782
4782, 16782
21329, 4783
4783, 20265
18552, 4784
4784, 22189
11828, 4785
4785, 13476
15172, 4786
4786, 23109
8429, 4787
4787, 22599
22628, 4788
23274, 4788
4788, 10891
15686, 4789
4789, 17288
23616, 4790
4790, 20825
21122, 4791
4791, 10901
20902, 4792
4792, 7386
13414, 4793
4793, 13338
4793, 17634
9865, 4794
4794, 19307
13666, 4795
4795, 15305
22240, 4796
4796, 9829
6453, 4797
18835, 4797
12443, 4797
14563, 4797
18128, 4797
19697, 4797
21177, 4797
17817, 4797
19028, 4797
23391, 4797
19903, 4797
22803, 4797
14095, 4797
22431, 4797
20021, 4797
20246, 4797
10690, 4797
17179, 4797
18406, 4797
4797, 16540
11034, 4798
4798, 8310
10166, 4799
4799, 19289
4799, 10355
4799, 8560
7712, 4800
4800, 17426
11162, 4801
4801, 22485
19550, 4802
4802, 13868
10608, 4803
4803, 22757
21328, 4804
4804, 15792
18291, 4805
4805, 17868
9076, 4806
4806, 18345
8469, 4807
4807, 14479
6934, 4808
4808, 19952
10166, 4809
4809, 12575
8788, 4810
4810, 17088
8589, 4811
4811, 12889
10166, 4812
4812, 18703
4812, 20656
4812, 19391
4812, 15963
14739, 4813
4813, 9793
20806, 4814
4814, 9276
23287, 4815
19634, 4815
4815, 14671
8991, 4816
4816, 22911
23056, 4817
4817, 18938
12560, 4818
17538, 4818
10976, 4818
17449, 4818
17186, 4818
4818, 23366
18196, 4819
4819, 20373
14402, 4820
4820, 6415
10145, 4821
4821, 20046
13417, 4822
4822, 15921
4822, 9734
18276, 4823
4823, 19936
7910, 4824
12322, 4824
4824, 9309
20334, 4825
4825, 17554
12748, 4826
18991, 4826
13616, 4826
4826, 15994
10324, 4827
4827, 8277
7222, 4828
4828, 8551
16299, 4829
4829, 20537
8976, 4830
4830, 21966
18974, 4831
4831, 22802
8383, 4832
4832, 6961
21365, 4833
4833, 9869
22088, 4834
4834, 10248
18001, 4835
4835, 16400
16423, 4836
4836, 20102
14415, 4837
4837, 11017
4837, 14264
12938, 4838
4838, 17727
14639, 4839
6881, 4839
7822, 4839
14089, 4839
8667, 4839
7591, 4839
4839, 12889
14909, 4840
4840, 23269
18416, 4841
4841, 9316
10407, 4842
4842, 20559
11355, 4843
4843, 23384
19991, 4844
14326, 4844
4844, 21687
14402, 4845
4845, 6415
23264, 4846
19346, 4846
19407, 4846
22077, 4846
12587, 4846
7275, 4846
10520, 4846
4846, 16656
8858, 4847
13875, 4847
17843, 4847
21970, 4847
19713, 4847
7532, 4847
11910, 4847
19875, 4847
4847, 18207
19081, 4848
18802, 4848
4848, 18050
23233, 4849
4849, 16230
18123, 4850
4850, 22481
23066, 4851
4851, 21228
4851, 9400
4851, 6262
4851, 17083
15884, 4852
4852, 13528
15884, 4853
4853, 19573
20071, 4854
4854, 22734
15147, 4855
10075, 4855
11502, 4855
20479, 4855
8056, 4855
4855, 23396
17907, 4856
4856, 17382
4856, 7228
10471, 4857
11540, 4857
4857, 10843
18587, 4858
4858, 22214
12945, 4859
4859, 20139
6437, 4860
4860, 20414
14088, 4861
4861, 22438
9388, 4862
4862, 11783
12945, 4863
4863, 6271
7261, 4864
4864, 18241
14361, 4865
4865, 12015
4865, 16142
4865, 13134
19000, 4866
4866, 7589
10524, 4867
22273, 4867
11706, 4867
8197, 4867
4867, 20863
7703, 4868
4868, 6260
6934, 4869
4869, 7171
19158, 4870
4870, 11378
11764, 4871
4871, 6570
9397, 4872
4872, 20970
16578, 4873
4873, 17681
10145, 4874
4874, 9572
8261, 4875
4875, 19838
22968, 4876
4876, 9318
9375, 4877
13888, 4877
4877, 15795
10145, 4878
4878, 21953
9605, 4879
4879, 11159
16432, 4880
14276, 4880
21523, 4880
18443, 4880
4880, 14985
9497, 4881
4881, 7312
11260, 4882
4882, 14055
14582, 4883
4883, 18433
8005, 4884
4884, 8889
11127, 4885
4885, 16469
12779, 4886
4886, 22010
19076, 4887
8015, 4887
4887, 7998
19061, 4888
7988, 4888
17597, 4888
10688, 4888
22942, 4888
8931, 4888
19009, 4888
21704, 4888
14324, 4888
21420, 4888
6454, 4888
4888, 19556
21968, 4889
4889, 18635
19643, 4890
7517, 4890
9044, 4890
21455, 4890
17720, 4890
16052, 4890
21387, 4890
10205, 4890
12158, 4890
19147, 4890
16766, 4890
12739, 4890
9687, 4890
10506, 4890
18181, 4890
12474, 4890
16857, 4890
8971, 4890
8248, 4890
6271, 4890
14900, 4890
21370, 4890
11041, 4890
15971, 4890
13672, 4890
6494, 4890
15568, 4890
22734, 4890
9994, 4890
16565, 4890
15274, 4890
20655, 4890
8344, 4890
22804, 4890
18725, 4890
10061, 4890
15797, 4890
7241, 4890
20979, 4890
15001, 4890
13083, 4890
15979, 4890
19659, 4890
12035, 4890
15136, 4890
11323, 4890
10951, 4890
12573, 4890
6989, 4890
7484, 4890
21210, 4890
8202, 4890
13107, 4890
15985, 4890
23049, 4890
11287, 4890
15663, 4890
4890, 21473
13606, 4891
4891, 9050
12945, 4892
4892, 22166
10686, 4893
4893, 19494
19689, 4894
4894, 7788
10145, 4895
4895, 19602
4895, 16370
7469, 4896
18162, 4896
4896, 12889
7571, 4897
21823, 4897
16800, 4897
20081, 4897
6778, 4897
16400, 4897
17448, 4897
8537, 4897
19519, 4897
14481, 4897
21578, 4897
9180, 4897
16970, 4897
15232, 4897
11374, 4897
12860, 4897
7976, 4897
6417, 4897
7209, 4897
10333, 4897
20519, 4897
16732, 4897
6283, 4897
12056, 4897
13871, 4897
8310, 4897
6356, 4897
16634, 4897
22822, 4897
8252, 4897
17142, 4897
17800, 4897
7509, 4897
9645, 4897
7265, 4897
18175, 4897
19060, 4897
19739, 4897
6607, 4897
20878, 4897
16205, 4897
23279, 4897
10930, 4897
23245, 4897
11190, 4897
8541, 4897
17749, 4897
16238, 4897
8361, 4897
21676, 4897
23393, 4897
14588, 4897
18199, 4897
21126, 4897
22543, 4897
7619, 4897
8107, 4897
16502, 4897
23444, 4897
18055, 4897
15323, 4897
23230, 4897
9764, 4897
8004, 4897
21435, 4897
20900, 4897
9980, 4897
17483, 4897
9530, 4897
17919, 4897
9855, 4897
18490, 4897
21339, 4897
11622, 4897
14924, 4897
16666, 4897
17324, 4897
9139, 4897
21206, 4897
23310, 4897
19001, 4897
17051, 4897
19386, 4897
12685, 4897
15522, 4897
22465, 4897
8111, 4897
23500, 4897
20389, 4897
18379, 4897
7434, 4897
15774, 4897
7770, 4897
12894, 4897
20793, 4897
14826, 4897
7298, 4897
20242, 4897
15593, 4897
10970, 4897
4897, 23258
9243, 4898
4898, 8349
19838, 4899
4899, 14983
4899, 19763
4899, 8372
4899, 22079
4899, 18760
19528, 4900
4900, 20718
17553, 4901
4901, 21389
10145, 4902
4902, 22101
16303, 4903
4903, 12891
9393, 4904
15860, 4904
16828, 4904
4904, 12461
8694, 4905
4905, 15129
8778, 4906
4906, 15194
19575, 4907
4907, 9548
10130, 4908
4908, 11439
17388, 4909
4909, 18932
21603, 4910
20543, 4910
4910, 14030
17043, 4911
4911, 12588
4911, 11263
13035, 4912
7603, 4912
16616, 4912
14149, 4912
11125, 4912
21614, 4912
18727, 4912
16329, 4912
9668, 4912
11873, 4912
8065, 4912
7577, 4912
17436, 4912
16444, 4912
22033, 4912
13207, 4912
8151, 4912
10980, 4912
18857, 4912
11633, 4912
12560, 4912
13331, 4912
8087, 4912
19378, 4912
4912, 7130
13038, 4913
16731, 4913
4913, 21273
6934, 4914
4914, 17884
15150, 4915
4915, 20652
10816, 4916
4916, 7588
23609, 4917
4917, 13052
14402, 4918
4918, 6415
12398, 4919
4919, 12266
11070, 4920
9187, 4920
17416, 4920
13749, 4920
4920, 17411
16155, 4921
16802, 4921
4921, 7872
20743, 4922
4922, 7930
4922, 9413
14014, 4923
4923, 8236
19838, 4924
4924, 10904
4924, 8630
4924, 10139
4924, 18186
13004, 4925
4925, 8660
14822, 4926
4926, 20518
9533, 4927
4927, 6810
16060, 4928
4928, 10902
4928, 23020
4928, 10716
4928, 15996
8803, 4929
4929, 19540
8993, 4930
4930, 13379
12945, 4931
4931, 10103
13393, 4932
4932, 18150
21774, 4933
4933, 17645
20114, 4934
4934, 19928
8842, 4935
4935, 7286
21963, 4936
14953, 4936
4936, 16318
21067, 4937
4937, 19517
15884, 4938
4938, 14981
4938, 7914
19838, 4939
4939, 11852
4939, 9784
17140, 4940
4940, 14561
19996, 4941
10568, 4941
4941, 15432
4941, 16486
11533, 4942
4942, 13681
6437, 4943
4943, 9399
17027, 4944
4944, 19495
16542, 4945
4945, 8767
4945, 6401
4945, 8782
4945, 20785
18376, 4946
4946, 8984
9681, 4947
4947, 21356
17037, 4948
13138, 4948
4948, 13366
19728, 4949
4949, 9925
11514, 4950
4950, 12206
19838, 4951
4951, 12090
4951, 23057
4951, 22572
4951, 20379
4951, 13203
18809, 4952
4952, 8561
17043, 4953
4953, 18526
4953, 22201
7466, 4954
10456, 4954
8050, 4954
21360, 4954
4954, 11992
7925, 4955
4955, 9360
20089, 4956
4956, 7473
15884, 4957
4957, 17785
10145, 4958
4958, 20687
4958, 16695
15884, 4959
4959, 22372
13101, 4960
4960, 23465
13678, 4961
4961, 12855
22952, 4962
4962, 21313
6425, 4963
22564, 4963
4963, 19147
8002, 4964
4964, 8643
10992, 4965
4965, 13603
22972, 4966
4966, 18691
15884, 4967
4967, 21730
8322, 4968
4968, 16559
4968, 20597
4968, 22669
4968, 16123
4968, 9260
4968, 17236
4968, 23345
17134, 4969
4969, 22438
10145, 4970
4970, 11501
19555, 4971
22139, 4971
14852, 4971
23277, 4971
4971, 11532
8847, 4972
4972, 23180
16398, 4973
6482, 4973
13882, 4973
7745, 4973
8177, 4973
22525, 4973
20880, 4973
7930, 4973
12301, 4973
17095, 4973
13910, 4973
7566, 4973
17019, 4973
11342, 4973
20687, 4973
13248, 4973
11303, 4973
6415, 4973
16695, 4973
18303, 4973
17411, 4973
7589, 4973
18233, 4973
17492, 4973
14477, 4973
21502, 4973
13957, 4973
19150, 4973
9413, 4973
13465, 4973
13787, 4973
8651, 4973
7067, 4973
17799, 4973
16470, 4973
13700, 4973
15930, 4973
19911, 4973
13704, 4973
8453, 4973
17992, 4973
10508, 4973
22506, 4973
11834, 4973
16247, 4973
13345, 4973
12334, 4973
17821, 4973
11922, 4973
19585, 4973
16453, 4973
19904, 4973
13958, 4973
6865, 4973
22917, 4973
10873, 4973
10874, 4973
8566, 4973
6506, 4973
6803, 4973
22372, 4973
11382, 4973
11611, 4973
12476, 4973
15802, 4973
13535, 4973
21278, 4973
12002, 4973
19584, 4973
11188, 4973
19899, 4973
9332, 4973
19362, 4973
13873, 4973
11728, 4973
17645, 4973
22062, 4973
7849, 4973
13685, 4973
18375, 4973
20931, 4973
16465, 4973
11896, 4973
8462, 4973
14981, 4973
7914, 4973
7757, 4973
12068, 4973
22352, 4973
15346, 4973
6260, 4973
16605, 4973
19858, 4973
4973, 19838
15739, 4974
4974, 19467
4974, 19773
20062, 4975
4975, 10707
19885, 4976
4976, 21892
19838, 4977
4977, 18294
4977, 8998
4977, 11156
4977, 17747
19838, 4978
4978, 6305
4978, 12571
4978, 7045
4978, 15578
4978, 14474
4978, 10783
4978, 11431
4978, 6725
4978, 21374
4978, 11283
4978, 18486
18763, 4979
4979, 19780
16300, 4980
4980, 18691
19728, 4981
4981, 21898
20820, 4982
4982, 13999
7567, 4983
4983, 22062
17682, 4984
4984, 16267
11320, 4985
4985, 6961
12007, 4986
21201, 4986
4986, 20378
14402, 4987
4987, 6415
7931, 4988
4988, 6399
9308, 4989
4989, 13684
20290, 4990
4990, 14097
13112, 4991
15869, 4991
16197, 4991
4991, 22653
4991, 7278
4991, 14002
4991, 10650
4991, 16660
4991, 11946
4991, 12296
4991, 14962
4991, 22209
4991, 20411
4991, 21128
13431, 4992
4992, 19353
17142, 4993
4993, 16528
4993, 16969
17881, 4994
4994, 16242
6868, 4995
4995, 8925
21163, 4996
10132, 4996
4996, 12549
15960, 4997
4997, 18972
15746, 4998
4998, 14233
12852, 4999
8379, 4999
12273, 4999
4999, 23452
19635, 5000
22666, 5000
5000, 23214
13414, 5001
5001, 16121
9602, 5002
7885, 5002
17886, 5002
6847, 5002
18910, 5002
21500, 5002
12440, 5002
14201, 5002
16456, 5002
9781, 5002
14549, 5002
23358, 5002
13604, 5002
17453, 5002
6312, 5002
11819, 5002
5002, 6396
5002, 14231
5002, 7647
22624, 5003
5003, 15663
15884, 5004
5004, 23114
20739, 5005
5005, 6644
10816, 5006
5006, 15822
17003, 5007
5007, 19883
15884, 5008
5008, 20979
22714, 5009
5009, 12081
10280, 5010
16014, 5010
9214, 5010
9802, 5010
21883, 5010
12405, 5010
5010, 10889
10145, 5011
5011, 6773
11933, 5012
5012, 15988
16934, 5013
5013, 11543
13414, 5014
5014, 17465
5014, 7968
13055, 5015
22442, 5015
20409, 5015
21204, 5015
15301, 5015
17277, 5015
18460, 5015
18692, 5015
11763, 5015
22007, 5015
21341, 5015
19804, 5015
12555, 5015
21215, 5015
19640, 5015
13987, 5015
5015, 13685
19950, 5016
5016, 7170
22086, 5017
5017, 13750
21188, 5018
14191, 5018
5018, 7073
11267, 5019
5019, 12628
15787, 5020
5020, 6810
6775, 5021
5021, 13977
11707, 5022
6350, 5022
11136, 5022
9447, 5022
5022, 14869
13414, 5023
5023, 19529
11566, 5024
5024, 23498
19860, 5025
5025, 21860
23557, 5026
5026, 17645
5026, 6867
15113, 5027
5027, 17745
5027, 10401
5027, 21673
5027, 14308
5027, 16957
5027, 13277
5027, 18602
5027, 12542
5027, 13302
5027, 7503
19838, 5028
5028, 20379
5028, 21116
5028, 14115
12927, 5029
5029, 20502
10618, 5030
5030, 10549
10792, 5031
5031, 20265
9322, 5032
5032, 21711
15538, 5033
5033, 20265
16095, 5034
5034, 15813
17516, 5035
6700, 5035
22466, 5035
5035, 13770
5035, 14055
5035, 14874
6405, 5036
5036, 16730
23367, 5037
21608, 5037
5037, 11705
7295, 5038
5038, 12831
14439, 5039
5039, 19231
14716, 5040
5040, 18255
5040, 12883
5040, 17555
10404, 5041
5041, 19280
20019, 5042
5042, 10913
5042, 18960
5042, 14866
15005, 5043
23547, 5043
5043, 18474
19435, 5044
5044, 8566
17372, 5045
8808, 5045
19033, 5045
18164, 5045
12321, 5045
19933, 5045
14745, 5045
19980, 5045
8678, 5045
23399, 5045
5045, 22988
15628, 5046
5046, 20638
10166, 5047
5047, 13440
5047, 20870
5047, 22916
17588, 5048
5048, 17810
10816, 5049
5049, 8665
17080, 5050
5050, 19777
19851, 5051
5051, 16614
10145, 5052
5052, 14186
21201, 5053
5053, 6652
22821, 5054
5054, 8356
17003, 5055
5055, 16388
6566, 5056
5056, 13040
11260, 5057
5057, 10140
7606, 5058
5058, 22099
8948, 5059
20228, 5059
11831, 5059
5059, 14728
5059, 22737
5059, 18594
5059, 8695
5059, 7818
5059, 9808
5059, 6771
5059, 9824
5059, 10297
5059, 22590
5059, 9230
5059, 6607
5059, 16205
5059, 19807
5059, 14732
5059, 21295
5059, 9106
5059, 19126
5059, 9046
5059, 23230
5059, 23125
5059, 9139
5059, 21206
5059, 10643
5059, 22626
5059, 19293
5059, 22465
5059, 19244
5059, 22943
5059, 12610
5059, 18504
5059, 10898
22952, 5060
15410, 5060
21666, 5060
5060, 20857
7346, 5061
5061, 6331
15415, 5062
5062, 19129
5062, 14494
5062, 23263
5062, 14524
5062, 16634
11318, 5063
5063, 17781
8295, 5064
5064, 18417
7958, 5065
5065, 9085
15884, 5066
5066, 15358
18001, 5067
5067, 9892
5067, 10674
21305, 5068
5068, 20980
11528, 5069
5069, 11188
11960, 5070
5070, 11535
7261, 5071
5071, 14970
13617, 5072
5072, 11547
19728, 5073
5073, 12186
14402, 5074
5074, 6415
7048, 5075
5075, 18892
7692, 5076
5076, 8323
21058, 5077
5077, 23226
7120, 5078
5078, 14661
13006, 5079
5079, 23370
22107, 5080
5080, 11600
18118, 5081
5081, 19517
11742, 5082
5082, 19202
9605, 5083
5083, 9312
5083, 17902
13746, 5084
5084, 21842
5084, 16887
18630, 5085
5085, 17492
13310, 5086
5086, 15443
9155, 5087
5087, 14486
19506, 5088
5088, 22389
20991, 5089
6746, 5089
5089, 11208
19838, 5090
5090, 15790
5090, 6457
5090, 21815
5090, 16680
5090, 11699
8870, 5091
5091, 11208
7234, 5092
5092, 22618
19838, 5093
5093, 22767
5093, 13081
5093, 22843
13414, 5094
5094, 17608
5094, 20606
5094, 20616
14402, 5095
5095, 6415
16944, 5096
5096, 6718
8650, 5097
5097, 21628
17043, 5098
5098, 19177
5098, 16590
18416, 5099
5099, 20874
10784, 5100
5100, 20065
13801, 5101
5101, 6394
13919, 5102
5102, 7010
19728, 5103
5103, 20573
11306, 5104
5104, 14253
5104, 12250
22067, 5105
5105, 14479
23035, 5106
5106, 8364
10145, 5107
5107, 6581
20371, 5108
5108, 17998
10893, 5109
5109, 23475
20318, 5110
5110, 9512
16897, 5111
11954, 5111
23501, 5111
9852, 5111
15359, 5111
22010, 5111
20677, 5111
5111, 10322
5111, 10145
12945, 5112
5112, 20139
19723, 5113
22040, 5113
5113, 11899
14297, 5114
5114, 11787
7100, 5115
5115, 13475
5115, 9418
21058, 5116
5116, 13102
11356, 5117
17989, 5117
5117, 12461
14712, 5118
5118, 12100
20069, 5119
5119, 8444
14249, 5120
5120, 11176
15026, 5121
5121, 8080
12405, 5122
21883, 5122
5122, 17525
16306, 5123
5123, 7524
8182, 5124
5124, 22939
19828, 5125
5125, 15760
5125, 8121
20324, 5126
5126, 8826
14669, 5127
5127, 7458
6649, 5128
5128, 9152
15677, 5129
9871, 5129
5129, 17167
11883, 5130
5130, 6462
21360, 5131
5131, 22836
12240, 5132
5132, 13485
10030, 5133
5133, 8781
13496, 5134
12585, 5134
5134, 15930
7569, 5135
5135, 9956
21156, 5136
5136, 21901
16258, 5137
5137, 13982
10145, 5138
5138, 21783
14402, 5139
5139, 6415
15884, 5140
5140, 6813
7606, 5141
16066, 5141
15682, 5141
5141, 17554
21838, 5142
5142, 13140
11690, 5143
5143, 11899
16079, 5144
5144, 12855
20339, 5145
5145, 12469
7122, 5146
6575, 5146
5146, 10710
19728, 5147
5147, 15286
21810, 5148
5148, 7605
20525, 5149
5149, 9815
18805, 5150
14207, 5150
5150, 18744
22922, 5151
5151, 6918
11917, 5152
5152, 11592
10122, 5153
20428, 5153
15332, 5153
12292, 5153
11229, 5153
20115, 5153
13764, 5153
9035, 5153
17592, 5153
16276, 5153
10703, 5153
13715, 5153
14678, 5153
20566, 5153
8921, 5153
7796, 5153
21281, 5153
6883, 5153
9082, 5153
17045, 5153
8064, 5153
15031, 5153
12829, 5153
11590, 5153
11859, 5153
16681, 5153
7730, 5153
10632, 5153
21964, 5153
13587, 5153
17096, 5153
16498, 5153
7707, 5153
8542, 5153
18060, 5153
10000, 5153
21065, 5153
15066, 5153
13505, 5153
16425, 5153
11423, 5153
7974, 5153
14846, 5153
17882, 5153
14042, 5153
17455, 5153
12997, 5153
22362, 5153
19598, 5153
11626, 5153
11789, 5153
11090, 5153
20612, 5153
6447, 5153
5153, 11826
9075, 5154
5154, 7537
15172, 5155
5155, 17123
18334, 5156
5156, 13173
10392, 5157
5157, 14457
19838, 5158
5158, 16889
5158, 13209
5158, 15706
23533, 5159
5159, 10150
5159, 10002
22729, 5160
5160, 21384
19838, 5161
5161, 8482
5161, 10005
5161, 11584
7347, 5162
5162, 18544
21743, 5163
15328, 5163
9300, 5163
9202, 5163
9440, 5163
16589, 5163
8166, 5163
5163, 11532
11011, 5164
5164, 11783
17830, 5165
18422, 5165
7763, 5165
5165, 12706
16674, 5166
5166, 6722
12669, 5167
13537, 5167
5167, 10243
21756, 5168
5168, 12380
8690, 5169
5169, 22463
14402, 5170
5170, 6415
15884, 5171
5171, 15680
5171, 23562
18416, 5172
5172, 6410
20135, 5173
5173, 8254
16751, 5174
5174, 21519
14012, 5175
5175, 17998
10166, 5176
5176, 18113
5176, 21547
5176, 20940
5176, 10355
5176, 15556
5176, 8560
10404, 5177
5177, 14192
13981, 5178
5178, 6693
8783, 5179
5179, 9613
21058, 5180
5180, 16781
15884, 5181
5181, 9261
20175, 5182
5182, 11500
10166, 5183
5183, 21261
5183, 20601
17710, 5184
5184, 18232
16975, 5185
10756, 5185
11408, 5185
10391, 5185
5185, 21437
5185, 13743
6391, 5186
5186, 13476
7606, 5187
5187, 17365
21311, 5188
5188, 12320
19838, 5189
5189, 7505
5189, 23281
5189, 8142
5189, 19037
5189, 18877
5189, 6380
5189, 19961
5189, 9663
7496, 5190
5190, 10898
8389, 5191
5191, 8889
21058, 5192
5192, 21330
6343, 5193
5193, 22381
6326, 5194
5194, 21931
19838, 5195
5195, 22440
5195, 6730
5195, 22809
5195, 10461
5195, 7081
5195, 20943
12551, 5196
5196, 16349
12432, 5197
5197, 6521
10966, 5198
19344, 5198
10731, 5198
5198, 16470
5198, 13700
9716, 5199
5199, 6961
20982, 5200
5200, 11761
18416, 5201
5201, 16269
5201, 14837
20364, 5202
5202, 22814
10166, 5203
5203, 11056
5203, 21615
5203, 20575
5203, 11652
16852, 5204
5204, 19186
23187, 5205
5205, 21486
21274, 5206
11638, 5206
5206, 20821
13398, 5207
5207, 18528
11892, 5208
5208, 15589
9389, 5209
16092, 5209
5209, 20354
7990, 5210
6269, 5210
5210, 12889
18416, 5211
5211, 20911
19838, 5212
5212, 18223
5212, 20379
5212, 12390
5212, 18165
5212, 21417
5212, 9998
5212, 9650
8195, 5213
5213, 18856
16049, 5214
5214, 18228
13997, 5215
5215, 20522
12316, 5216
11113, 5216
15022, 5216
18164, 5216
23621, 5216
20650, 5216
18010, 5216
5216, 15273
10145, 5217
5217, 10136
18151, 5218
17381, 5218
5218, 14060
14132, 5219
22195, 5219
20360, 5219
13816, 5219
16356, 5219
7637, 5219
12023, 5219
6393, 5219
5219, 17462
15794, 5220
5220, 8714
22689, 5221
18143, 5221
19722, 5221
5221, 23200
12945, 5222
5222, 18700
10145, 5223
5223, 19089
5223, 8202
22858, 5224
5224, 15774
15658, 5225
5225, 9274
19728, 5226
5226, 18702
13469, 5227
5227, 13729
20653, 5228
5228, 6633
11071, 5229
5229, 16747
12075, 5230
5230, 9185
10166, 5231
5231, 20656
5231, 19391
5231, 10557
5231, 13090
5231, 15557
5231, 22205
5231, 14283
22881, 5232
5232, 7653
21851, 5233
5233, 9532
10145, 5234
5234, 14777
10816, 5235
5235, 19966
10549, 5236
5236, 21578
5236, 10953
19421, 5237
5237, 14816
13817, 5238
5238, 13877
18880, 5239
5239, 19871
11297, 5240
5240, 15205
15167, 5241
5241, 11175
16359, 5242
5242, 12889
7176, 5243
21234, 5243
6668, 5243
15892, 5243
5243, 13458
13064, 5244
5244, 19447
6612, 5245
5245, 21713
15172, 5246
5246, 17955
20116, 5247
12436, 5247
13593, 5247
5247, 12125
8240, 5248
5248, 14105
5248, 17565
6808, 5249
5249, 19307
11146, 5250
5250, 6634
10519, 5251
5251, 18241
15637, 5252
5252, 7702
14118, 5253
5253, 8904
19112, 5254
5254, 14605
10166, 5255
5255, 7323
5255, 20656
5255, 19391
5255, 20121
5255, 15963
5255, 21950
5255, 21332
5255, 20279
10145, 5256
5256, 16522
11158, 5257
5257, 16708
18917, 5258
18841, 5258
9534, 5258
9176, 5258
13368, 5258
17923, 5258
14213, 5258
12613, 5258
18696, 5258
23462, 5258
13016, 5258
12343, 5258
10808, 5258
9436, 5258
16460, 5258
14496, 5258
15501, 5258
5258, 16762
16342, 5259
23140, 5259
5259, 17672
20136, 5260
5260, 17609
11260, 5261
5261, 13048
20164, 5262
5262, 13742
7289, 5263
5263, 11271
23608, 5264
5264, 17556
12945, 5265
5265, 20139
23033, 5266
5266, 12469
11260, 5267
5267, 10386
21058, 5268
5268, 13102
17873, 5269
5269, 11310
9147, 5270
5270, 17635
7255, 5271
5271, 7912
17553, 5272
5272, 8462
22760, 5273
5273, 7937
21944, 5274
14046, 5274
12420, 5274
15719, 5274
15681, 5274
9268, 5274
19237, 5274
15209, 5274
5274, 14602
14523, 5275
5275, 20718
6582, 5276
5276, 19936
11721, 5277
5277, 7860
8250, 5278
5278, 21340
12480, 5279
20883, 5279
5279, 8156
5279, 20848
10166, 5280
5280, 21213
5280, 11252
5280, 17450
23133, 5281
5281, 17046
10928, 5282
5282, 8324
23308, 5283
5283, 18349
12987, 5284
17386, 5284
5284, 18771
22117, 5285
5285, 18859
5285, 15930
23325, 5286
5286, 16876
18697, 5287
5287, 19827
10991, 5288
5288, 22573
16501, 5289
5289, 7566
8899, 5290
5290, 20315
8629, 5291
5291, 19148
10112, 5292
8384, 5292
5292, 12581
16696, 5293
13416, 5293
10651, 5293
19929, 5293
9250, 5293
5293, 22574
15023, 5294
5294, 21536
15227, 5295
9554, 5295
20649, 5295
6444, 5295
10718, 5295
8713, 5295
19388, 5295
9055, 5295
13596, 5295
10346, 5295
10704, 5295
7487, 5295
16921, 5295
12908, 5295
15509, 5295
11564, 5295
23394, 5295
16353, 5295
15048, 5295
21627, 5295
18120, 5295
13497, 5295
12104, 5295
16840, 5295
7022, 5295
19155, 5295
20051, 5295
22910, 5295
8703, 5295
19997, 5295
14804, 5295
13010, 5295
7681, 5295
11631, 5295
9694, 5295
12631, 5295
16148, 5295
13373, 5295
13782, 5295
8684, 5295
7544, 5295
17784, 5295
19265, 5295
12992, 5295
9350, 5295
21613, 5295
9643, 5295
17818, 5295
17146, 5295
20388, 5295
15635, 5295
18733, 5295
10652, 5295
12978, 5295
7313, 5295
5295, 11346
17367, 5296
7299, 5296
10417, 5296
15069, 5296
5296, 13216
8129, 5297
5297, 7468
19728, 5298
5298, 12381
19838, 5299
5299, 18864
5299, 18574
5299, 21626
15826, 5300
5300, 8207
17274, 5301
5301, 22043
19728, 5302
5302, 8025
19944, 5303
5303, 18748
20233, 5304
5304, 16052
23296, 5305
5305, 9913
6727, 5306
15581, 5306
5306, 15341
8402, 5307
5307, 11316
15192, 5308
5308, 20265
6437, 5309
5309, 20414
19720, 5310
15372, 5310
5310, 20170
13208, 5311
21579, 5311
21020, 5311
23112, 5311
9699, 5311
18799, 5311
17347, 5311
5311, 12841
10314, 5312
5312, 11871
19400, 5313
5313, 22978
10145, 5314
5314, 8202
19838, 5315
5315, 22188
5315, 15614
5315, 15831
5315, 9491
5315, 13456
18649, 5316
5316, 22548
15688, 5317
16594, 5317
5317, 23235
10816, 5318
5318, 12179
5318, 9291
22461, 5319
5319, 14412
13809, 5320
5320, 15753
15884, 5321
5321, 16484
5321, 20668
22340, 5322
5322, 19493
10435, 5323
5323, 23194
23015, 5324
21915, 5324
10439, 5324
18936, 5324
23607, 5324
8446, 5324
11794, 5324
6714, 5324
13742, 5324
19120, 5324
7306, 5324
19038, 5324
17138, 5324
20577, 5324
18576, 5324
10843, 5324
6415, 5324
17411, 5324
6907, 5324
9386, 5324
6983, 5324
17334, 5324
13885, 5324
14318, 5324
9815, 5324
12673, 5324
15099, 5324
16973, 5324
15373, 5324
17527, 5324
10117, 5324
21186, 5324
8080, 5324
14972, 5324
17645, 5324
9316, 5324
14566, 5324
22606, 5324
8917, 5324
20592, 5324
19283, 5324
22868, 5324
19597, 5324
22300, 5324
15761, 5324
21730, 5324
7674, 5324
8154, 5324
12058, 5324
16407, 5324
20571, 5324
18020, 5324
19701, 5324
15273, 5324
15955, 5324
7848, 5324
19307, 5324
20518, 5324
20813, 5324
23109, 5324
7616, 5324
12889, 5324
21337, 5324
22280, 5324
8535, 5324
12697, 5324
7371, 5324
10386, 5324
18134, 5324
10198, 5324
23452, 5324
8805, 5324
16570, 5324
13452, 5324
8025, 5324
19580, 5324
13301, 5324
10727, 5324
6581, 5324
8370, 5324
23231, 5324
8352, 5324
11065, 5324
8098, 5324
7454, 5324
23401, 5324
10656, 5324
8265, 5324
19830, 5324
12386, 5324
12566, 5324
14769, 5324
21008, 5324
18728, 5324
13289, 5324
23526, 5324
21001, 5324
5324, 19838
8809, 5325
12692, 5325
5325, 8506
6690, 5326
5326, 20655
9700, 5327
5327, 16851
19016, 5328
6423, 5328
5328, 16970
10481, 5329
5329, 15722
6939, 5330
5330, 7616
17043, 5331
5331, 13402
12442, 5332
5332, 7430
18569, 5333
11693, 5333
5333, 19636
10350, 5334
5334, 9114
16670, 5335
5335, 15976
13414, 5336
5336, 13803
5336, 12196
5336, 6954
15628, 5337
5337, 20018
19182, 5338
9349, 5338
21888, 5338
11717, 5338
18582, 5338
17770, 5338
15987, 5338
8668, 5338
10060, 5338
18595, 5338
21773, 5338
20439, 5338
14851, 5338
14211, 5338
7196, 5338
23362, 5338
12431, 5338
15290, 5338
6961, 5338
7087, 5338
22896, 5338
12201, 5338
12869, 5338
20265, 5338
23070, 5338
8161, 5338
13561, 5338
10403, 5338
20537, 5338
12402, 5338
23579, 5338
16898, 5338
20611, 5338
15596, 5338
13168, 5338
19131, 5338
17046, 5338
21713, 5338
12866, 5338
13969, 5338
21267, 5338
17325, 5338
10621, 5338
20540, 5338
16683, 5338
7301, 5338
22776, 5338
22937, 5338
20897, 5338
8889, 5338
18170, 5338
18659, 5338
8156, 5338
17177, 5338
8585, 5338
16725, 5338
16573, 5338
16569, 5338
14479, 5338
12412, 5338
7324, 5338
17035, 5338
23227, 5338
13753, 5338
9060, 5338
20155, 5338
14497, 5338
15425, 5338
8285, 5338
21798, 5338
13054, 5338
12206, 5338
19186, 5338
7490, 5338
17865, 5338
16940, 5338
16482, 5338
20863, 5338
19770, 5338
10246, 5338
11500, 5338
14890, 5338
7550, 5338
17771, 5338
9335, 5338
8765, 5338
16628, 5338
20407, 5338
21787, 5338
14355, 5338
5338, 15403
5338, 10145
23177, 5339
5339, 15136
7085, 5340
5340, 14729
22986, 5341
5341, 12206
6571, 5342
5342, 15931
19209, 5343
5343, 19143
10816, 5344
5344, 11072
21460, 5345
5345, 20997
17466, 5346
9112, 5346
7286, 5346
21398, 5346
19843, 5346
13082, 5346
18597, 5346
11321, 5346
11085, 5346
9085, 5346
21079, 5346
6722, 5346
16781, 5346
22988, 5346
20347, 5346
18035, 5346
7584, 5346
18384, 5346
10114, 5346
19556, 5346
6635, 5346
18693, 5346
20962, 5346
10751, 5346
20628, 5346
14451, 5346
11443, 5346
17786, 5346
17474, 5346
15535, 5346
18292, 5346
12211, 5346
15715, 5346
22561, 5346
15865, 5346
5346, 16031
13414, 5347
5347, 15406
11907, 5348
5348, 9760
5348, 23116
5348, 9419
5348, 21550
5348, 14989
5348, 11511
5348, 9359
5348, 7090
10145, 5349
5349, 11114
10625, 5350
5350, 22776
12283, 5351
11666, 5351
16228, 5351
5351, 22749
5351, 21696
5351, 16745
21438, 5352
5352, 13289
23127, 5353
5353, 6395
15905, 5354
5354, 14924
19838, 5355
5355, 15114
5355, 10427
5355, 7733
5355, 7283
5355, 7128
5355, 12506
10412, 5356
5356, 8363
22326, 5357
5357, 19838
15600, 5358
5358, 13700
5358, 21628
5358, 6549
9087, 5359
5359, 17523
5359, 15750
7978, 5360
7291, 5360
13212, 5360
7215, 5360
16050, 5360
15350, 5360
18027, 5360
11309, 5360
13966, 5360
17210, 5360
5360, 15713
5360, 23403
22308, 5361
20422, 5361
9405, 5361
16145, 5361
5361, 6556
6646, 5362
5362, 10843
11446, 5363
5363, 15596
11478, 5364
5364, 20747
5364, 18711
17043, 5365
5365, 20378
5365, 14995
6720, 5366
13263, 5366
16891, 5366
14279, 5366
6387, 5366
10448, 5366
20283, 5366
10515, 5366
20994, 5366
10939, 5366
11769, 5366
10334, 5366
19022, 5366
22430, 5366
18929, 5366
6291, 5366
12740, 5366
7554, 5366
12219, 5366
17125, 5366
6314, 5366
16132, 5366
7636, 5366
9479, 5366
6428, 5366
20312, 5366
8947, 5366
20093, 5366
20223, 5366
10668, 5366
23202, 5366
11243, 5366
16051, 5366
18712, 5366
13312, 5366
11178, 5366
7212, 5366
7435, 5366
12460, 5366
12648, 5366
8825, 5366
5366, 21408
18919, 5367
17772, 5367
12001, 5367
5367, 8909
16677, 5368
5368, 8133
9942, 5369
5369, 10565
13601, 5370
5370, 22990
12007, 5371
5371, 10729
5371, 20827
12845, 5372
5372, 18913
11427, 5373
5373, 12128
17537, 5374
5374, 18939
22682, 5375
5375, 8159
22464, 5376
5376, 10986
10166, 5377
5377, 9048
5377, 23397
5377, 15094
5377, 15146
19973, 5378
5378, 19534
10261, 5379
13974, 5379
20559, 5379
19279, 5379
10848, 5379
9302, 5379
17062, 5379
6931, 5379
11573, 5379
16794, 5379
11971, 5379
11992, 5379
20139, 5379
9976, 5379
23595, 5379
8046, 5379
13901, 5379
6969, 5379
17189, 5379
17320, 5379
14590, 5379
16758, 5379
8225, 5379
7754, 5379
18953, 5379
11592, 5379
19856, 5379
10881, 5379
7949, 5379
22548, 5379
20077, 5379
13538, 5379
7524, 5379
16955, 5379
21993, 5379
15064, 5379
13913, 5379
9900, 5379
22166, 5379
16993, 5379
10167, 5379
13346, 5379
18997, 5379
16461, 5379
8781, 5379
22191, 5379
13197, 5379
22371, 5379
9757, 5379
21475, 5379
18999, 5379
16513, 5379
20035, 5379
21080, 5379
9201, 5379
22583, 5379
12066, 5379
14955, 5379
14646, 5379
8792, 5379
10027, 5379
14051, 5379
6361, 5379
11165, 5379
6570, 5379
10218, 5379
21732, 5379
10002, 5379
14237, 5379
16322, 5379
18757, 5379
19229, 5379
11703, 5379
19439, 5379
18213, 5379
16836, 5379
12264, 5379
15663, 5379
5379, 15665
13352, 5380
9882, 5380
5380, 16032
13721, 5381
5381, 17304
23333, 5382
5382, 20635
13506, 5383
5383, 6817
10816, 5384
5384, 6849
10404, 5385
5385, 15159
12945, 5386
5386, 16491
10271, 5387
19326, 5387
5387, 8123
22684, 5388
5388, 21628
14538, 5389
12505, 5389
5389, 23145
9361, 5390
19315, 5390
21528, 5390
17724, 5390
13692, 5390
19653, 5390
14301, 5390
5390, 17035
19838, 5391
5391, 6990
5391, 22370
5391, 23359
5391, 18240
18435, 5392
5392, 20967
21144, 5393
5393, 19133
10145, 5394
5394, 10218
19838, 5395
5395, 22853
5395, 6402
5395, 13370
5395, 15694
5395, 9278
11644, 5396
5396, 12163
15164, 5397
5397, 22329
12798, 5398
13473, 5398
5398, 15008
20420, 5399
5399, 10795
19391, 5400
22721, 5400
21557, 5400
12575, 5400
12952, 5400
17741, 5400
13718, 5400
15053, 5400
11032, 5400
22071, 5400
16623, 5400
11056, 5400
6894, 5400
6817, 5400
17657, 5400
16613, 5400
20121, 5400
13819, 5400
21651, 5400
8628, 5400
21037, 5400
21950, 5400
21428, 5400
10620, 5400
17806, 5400
17458, 5400
12438, 5400
10557, 5400
17230, 5400
18581, 5400
16490, 5400
15420, 5400
13182, 5400
21213, 5400
8981, 5400
11252, 5400
17118, 5400
23397, 5400
17403, 5400
21566, 5400
22129, 5400
12091, 5400
14773, 5400
6718, 5400
13445, 5400
20870, 5400
12324, 5400
9962, 5400
19621, 5400
9706, 5400
20873, 5400
17543, 5400
16925, 5400
9766, 5400
16040, 5400
7916, 5400
22254, 5400
17661, 5400
16063, 5400
15094, 5400
23179, 5400
16864, 5400
19633, 5400
19512, 5400
13976, 5400
17376, 5400
22163, 5400
10655, 5400
14759, 5400
22313, 5400
10469, 5400
23257, 5400
22215, 5400
22886, 5400
14870, 5400
17650, 5400
6841, 5400
18009, 5400
17541, 5400
13495, 5400
22184, 5400
11826, 5400
10067, 5400
10294, 5400
14112, 5400
14511, 5400
13376, 5400
8121, 5400
15634, 5400
13560, 5400
8560, 5400
16033, 5400
13923, 5400
9821, 5400
21199, 5400
20040, 5400
19571, 5400
5400, 11622
20982, 5401
5401, 11761
10145, 5402
5402, 19715
6560, 5403
8717, 5403
5403, 10657
13225, 5404
5404, 13036
20683, 5405
5405, 15930
5405, 15957
20765, 5406
5406, 10600
5406, 11880
23213, 5407
22232, 5407
5407, 10996
15530, 5408
5408, 16012
16233, 5409
11965, 5409
5409, 6505
7671, 5410
17461, 5410
5410, 14137
9587, 5411
5411, 21628
17557, 5412
5412, 19593
7018, 5413
22948, 5413
17240, 5413
5413, 8850
5413, 14654
12462, 5414
5414, 10826
19838, 5415
5415, 20546
5415, 17075
5415, 14177
16162, 5416
5416, 8146
21817, 5417
16575, 5417
5417, 17151
17043, 5418
5418, 11045
8424, 5419
5419, 8216
15927, 5420
10811, 5420
5420, 9123
17619, 5421
5421, 16398
21761, 5422
10343, 5422
22706, 5422
15534, 5422
5422, 14724
19838, 5423
5423, 14923
5423, 14381
5423, 9240
5423, 20149
5423, 22169
5423, 10470
5423, 9061
17501, 5424
5424, 16403
5424, 12288
6540, 5425
5425, 20880
15884, 5426
5426, 7898
20659, 5427
5427, 18384
14302, 5428
5428, 18166
20586, 5429
5429, 15761
13414, 5430
5430, 7393
23169, 5431
5431, 20799
5431, 18062
19885, 5432
5432, 21892
13655, 5433
5433, 19318
13075, 5434
10888, 5434
7940, 5434
9521, 5434
13147, 5434
16580, 5434
15776, 5434
14825, 5434
20512, 5434
15322, 5434
6932, 5434
13385, 5434
18500, 5434
11586, 5434
14462, 5434
12296, 5434
17961, 5434
22672, 5434
9763, 5434
11359, 5434
22321, 5434
11692, 5434
9219, 5434
16673, 5434
19762, 5434
6572, 5434
8026, 5434
11532, 5434
9398, 5434
20775, 5434
13673, 5434
21362, 5434
6929, 5434
19735, 5434
20153, 5434
10482, 5434
7997, 5434
10825, 5434
12479, 5434
19429, 5434
18083, 5434
18044, 5434
21383, 5434
16583, 5434
14099, 5434
17344, 5434
22931, 5434
18988, 5434
16603, 5434
10965, 5434
7104, 5434
22209, 5434
20256, 5434
15841, 5434
20984, 5434
21073, 5434
20671, 5434
17018, 5434
8167, 5434
7604, 5434
14071, 5434
11285, 5434
21260, 5434
7784, 5434
15190, 5434
9496, 5434
13178, 5434
11249, 5434
6736, 5434
23567, 5434
16336, 5434
12265, 5434
14009, 5434
19751, 5434
11676, 5434
18801, 5434
22133, 5434
18013, 5434
7272, 5434
14926, 5434
9032, 5434
8769, 5434
12832, 5434
12354, 5434
21927, 5434
15345, 5434
18638, 5434
14261, 5434
20278, 5434
15808, 5434
20450, 5434
12900, 5434
11474, 5434
15118, 5434
17207, 5434
17143, 5434
12888, 5434
13920, 5434
19203, 5434
9775, 5434
15050, 5434
18764, 5434
17921, 5434
19642, 5434
11062, 5434
14335, 5434
7130, 5434
7456, 5434
10577, 5434
7857, 5434
15978, 5434
9630, 5434
9619, 5434
19887, 5434
22369, 5434
19205, 5434
12996, 5434
15240, 5434
13688, 5434
11853, 5434
17296, 5434
18626, 5434
6479, 5434
9125, 5434
16598, 5434
8282, 5434
7148, 5434
18238, 5434
8112, 5434
9526, 5434
7522, 5434
14473, 5434
17502, 5434
15855, 5434
10272, 5434
12691, 5434
14985, 5434
9953, 5434
14928, 5434
8338, 5434
15315, 5434
20643, 5434
11877, 5434
8089, 5434
6324, 5434
13243, 5434
11167, 5434
21769, 5434
16355, 5434
12679, 5434
12821, 5434
6568, 5434
18563, 5434
18632, 5434
18381, 5434
23099, 5434
11202, 5434
18731, 5434
12688, 5434
18847, 5434
6462, 5434
13852, 5434
19951, 5434
17157, 5434
17787, 5434
7800, 5434
22691, 5434
15863, 5434
23223, 5434
7030, 5434
8759, 5434
15998, 5434
20531, 5434
18211, 5434
20361, 5434
15193, 5434
22777, 5434
17255, 5434
17212, 5434
19473, 5434
21010, 5434
12513, 5434
15294, 5434
7071, 5434
14818, 5434
20535, 5434
11493, 5434
8959, 5434
13193, 5434
21552, 5434
12425, 5434
10084, 5434
9685, 5434
8047, 5434
13494, 5434
12084, 5434
20567, 5434
8377, 5434
18219, 5434
23320, 5434
6975, 5434
17481, 5434
7561, 5434
11557, 5434
20048, 5434
10922, 5434
17565, 5434
11825, 5434
15759, 5434
23014, 5434
22551, 5434
16963, 5434
15858, 5434
6509, 5434
8414, 5434
10864, 5434
16361, 5434
17050, 5434
12255, 5434
21423, 5434
15037, 5434
6749, 5434
8266, 5434
19099, 5434
16948, 5434
10079, 5434
19137, 5434
16911, 5434
13841, 5434
21368, 5434
13727, 5434
19888, 5434
9813, 5434
8600, 5434
18477, 5434
18244, 5434
17849, 5434
17587, 5434
21253, 5434
23600, 5434
19430, 5434
11967, 5434
13144, 5434
19694, 5434
14648, 5434
18366, 5434
21760, 5434
10426, 5434
16549, 5434
9248, 5434
16610, 5434
17867, 5434
23386, 5434
12471, 5434
19254, 5434
12465, 5434
23486, 5434
22698, 5434
19055, 5434
19913, 5434
14035, 5434
7015, 5434
7891, 5434
20667, 5434
16895, 5434
9573, 5434
12013, 5434
18335, 5434
10613, 5434
15911, 5434
21247, 5434
9964, 5434
20639, 5434
16340, 5434
13311, 5434
8247, 5434
9654, 5434
10709, 5434
16661, 5434
17341, 5434
14995, 5434
21054, 5434
10418, 5434
19639, 5434
19647, 5434
14930, 5434
17637, 5434
6330, 5434
13687, 5434
15574, 5434
7909, 5434
14267, 5434
22350, 5434
8577, 5434
13073, 5434
23402, 5434
16360, 5434
19479, 5434
13077, 5434
9285, 5434
12032, 5434
11848, 5434
21006, 5434
11227, 5434
15092, 5434
19290, 5434
9883, 5434
18662, 5434
12192, 5434
7503, 5434
18555, 5434
21556, 5434
21829, 5434
13233, 5434
14360, 5434
19695, 5434
12979, 5434
12732, 5434
18736, 5434
17777, 5434
17020, 5434
19051, 5434
23216, 5434
15762, 5434
15426, 5434
15311, 5434
7677, 5434
10357, 5434
20964, 5434
8977, 5434
18789, 5434
20460, 5434
13159, 5434
21200, 5434
16650, 5434
21141, 5434
22123, 5434
9780, 5434
18467, 5434
14847, 5434
19367, 5434
16878, 5434
7219, 5434
8775, 5434
21593, 5434
14470, 5434
16468, 5434
18119, 5434
10206, 5434
18126, 5434
17810, 5434
8205, 5434
13012, 5434
20432, 5434
14670, 5434
14072, 5434
14558, 5434
21524, 5434
6804, 5434
18868, 5434
21634, 5434
13633, 5434
22781, 5434
13287, 5434
23062, 5434
19531, 5434
14815, 5434
20495, 5434
14867, 5434
7405, 5434
18224, 5434
12578, 5434
15870, 5434
21340, 5434
8523, 5434
19070, 5434
14624, 5434
7954, 5434
7119, 5434
7190, 5434
22477, 5434
10517, 5434
18726, 5434
8828, 5434
17229, 5434
13519, 5434
16446, 5434
19797, 5434
14684, 5434
9269, 5434
11719, 5434
11931, 5434
12647, 5434
7689, 5434
9758, 5434
22008, 5434
13741, 5434
15171, 5434
17393, 5434
23482, 5434
22932, 5434
19331, 5434
12853, 5434
22859, 5434
20226, 5434
19631, 5434
20084, 5434
16499, 5434
14683, 5434
6337, 5434
17618, 5434
6400, 5434
22316, 5434
15228, 5434
15055, 5434
11092, 5434
18399, 5434
22045, 5434
7790, 5434
17040, 5434
17986, 5434
16602, 5434
15213, 5434
6937, 5434
19138, 5434
22382, 5434
15313, 5434
13286, 5434
5434, 12093
16805, 5435
5435, 13752
7381, 5436
5436, 20815
6662, 5437
5437, 17042
5437, 21364
5437, 19687
5437, 16260
5437, 9442
5437, 9853
5437, 18829
10145, 5438
5438, 7169
6437, 5439
5439, 7699
21315, 5440
5440, 6879
13414, 5441
18416, 5441
5441, 17100
5441, 14200
5441, 19019
10411, 5442
5442, 8164
18428, 5443
5443, 15611
12309, 5444
5444, 9726
17626, 5445
5445, 8364
7048, 5446
5446, 18943
5446, 22443
21018, 5447
17476, 5447
5447, 13476
16046, 5448
5448, 7375
15884, 5449
5449, 16619
6925, 5450
5450, 10117
9460, 5451
5451, 12955
22498, 5452
5452, 20308
10166, 5453
5453, 7457
5453, 13217
5453, 6801
5453, 19288
5453, 19267
5453, 10067
7540, 5454
5454, 20147
5454, 20492
19805, 5455
5455, 11331
11260, 5456
5456, 16272
22649, 5457
5457, 6502
13224, 5458
5458, 10843
19838, 5459
5459, 12395
5459, 12957
5459, 6541
10722, 5460
5460, 13229
12945, 5461
5461, 12919
19000, 5462
5462, 7589
10879, 5463
12560, 5463
5463, 6665
17568, 5464
5464, 12015
10404, 5465
5465, 8430
10145, 5466
5466, 19279
13644, 5467
18584, 5467
5467, 14580
14692, 5468
5468, 14347
13777, 5469
5469, 9697
12945, 5470
5470, 6282
23455, 5471
5471, 16070
10166, 5472
5472, 14497
5472, 15583
5472, 13371
5472, 9048
5472, 15837
5472, 19743
13202, 5473
5473, 14332
12945, 5474
5474, 19323
13809, 5475
5475, 21685
11613, 5476
16375, 5476
14710, 5476
22391, 5476
6942, 5476
18625, 5476
7607, 5476
9209, 5476
20063, 5476
12592, 5476
8619, 5476
12351, 5476
9806, 5476
21660, 5476
15253, 5476
5476, 8928
11260, 5477
5477, 7572
5477, 8054
22264, 5478
17960, 5478
18094, 5478
13543, 5478
8863, 5478
23583, 5478
13697, 5478
5478, 7166
19838, 5479
5479, 23338
5479, 14359
5479, 20379
5479, 10302
5479, 14983
5479, 10031
5479, 19627
10905, 5480
5480, 12817
19276, 5481
5481, 13356
15810, 5482
5482, 12698
15438, 5483
5483, 12963
22565, 5484
5484, 9786
11260, 5485
5485, 19358
14092, 5486
19456, 5486
7165, 5486
5486, 19089
10145, 5487
5487, 17574
10145, 5488
5488, 22832
6363, 5489
5489, 18407
14377, 5490
5490, 22752
10423, 5491
5491, 19144
18978, 5492
5492, 12044
19838, 5493
5493, 22218
5493, 12055
5493, 21211
5493, 21197
5493, 19826
8915, 5494
15400, 5494
11418, 5494
7859, 5494
17310, 5494
17622, 5494
8615, 5494
5494, 9880
12291, 5495
5495, 18378
5495, 17195
10378, 5496
5496, 15179
10166, 5497
5497, 17337
5497, 16870
20665, 5498
17776, 5498
5498, 15983
6437, 5499
5499, 10510
19119, 5500
5500, 23404
22680, 5501
5501, 16613
18996, 5502
5502, 15663
19462, 5503
5503, 16627
23000, 5504
5504, 10525
19728, 5505
5505, 22862
10145, 5506
5506, 20511
10145, 5507
5507, 8202
21694, 5508
5508, 20492
20631, 5509
5509, 20347
20114, 5510
5510, 11999
22374, 5511
5511, 19581
21883, 5512
5512, 22762
20959, 5513
5513, 11271
19690, 5514
5514, 8199
21367, 5515
22050, 5515
11732, 5515
20807, 5515
16287, 5515
10060, 5515
18363, 5515
6946, 5515
9123, 5515
18866, 5515
17281, 5515
8110, 5515
12028, 5515
11010, 5515
15603, 5515
18278, 5515
16719, 5515
11914, 5515
22226, 5515
11958, 5515
13408, 5515
7278, 5515
12874, 5515
11678, 5515
21628, 5515
18654, 5515
17743, 5515
22983, 5515
22200, 5515
14650, 5515
16647, 5515
9656, 5515
20265, 5515
10733, 5515
13561, 5515
13641, 5515
10403, 5515
11761, 5515
15615, 5515
11747, 5515
19371, 5515
9212, 5515
21703, 5515
21510, 5515
18938, 5515
7869, 5515
15229, 5515
16953, 5515
13461, 5515
17716, 5515
23588, 5515
21267, 5515
17681, 5515
19231, 5515
12615, 5515
14859, 5515
23599, 5515
12855, 5515
19675, 5515
9889, 5515
22776, 5515
10817, 5515
17850, 5515
6452, 5515
6933, 5515
22634, 5515
20510, 5515
20119, 5515
6834, 5515
10253, 5515
8762, 5515
20868, 5515
19246, 5515
14304, 5515
11302, 5515
20129, 5515
16001, 5515
21280, 5515
9671, 5515
7499, 5515
14889, 5515
23155, 5515
14282, 5515
8722, 5515
17035, 5515
22111, 5515
7073, 5515
21167, 5515
15816, 5515
12806, 5515
8818, 5515
8362, 5515
19450, 5515
7318, 5515
7430, 5515
11400, 5515
19477, 5515
8569, 5515
21599, 5515
6930, 5515
12206, 5515
8400, 5515
10961, 5515
7781, 5515
18787, 5515
16482, 5515
18495, 5515
22438, 5515
6549, 5515
17468, 5515
6744, 5515
11500, 5515
15562, 5515
22145, 5515
21971, 5515
16582, 5515
20187, 5515
12847, 5515
7639, 5515
12092, 5515
12904, 5515
12186, 5515
15885, 5515
18382, 5515
6319, 5515
20563, 5515
7387, 5515
21009, 5515
14545, 5515
22404, 5515
14018, 5515
7756, 5515
8323, 5515
14116, 5515
11663, 5515
19665, 5515
20477, 5515
11253, 5515
12930, 5515
17355, 5515
5515, 10145
5515, 16757
6686, 5516
5516, 17941
6404, 5517
5517, 10769
20735, 5518
5518, 8917
12945, 5519
5519, 6492
19328, 5520
11310, 5520
16269, 5520
15039, 5520
10039, 5520
10797, 5520
23098, 5520
16012, 5520
12635, 5520
22654, 5520
15505, 5520
9067, 5520
18844, 5520
18169, 5520
22829, 5520
15720, 5520
10060, 5520
6946, 5520
17609, 5520
11208, 5520
9123, 5520
7685, 5520
16614, 5520
7582, 5520
9031, 5520
23001, 5520
22638, 5520
6633, 5520
19825, 5520
12129, 5520
14840, 5520
22888, 5520
6961, 5520
18570, 5520
22896, 5520
19220, 5520
21394, 5520
12201, 5520
21687, 5520
7937, 5520
12111, 5520
13443, 5520
20265, 5520
20083, 5520
20537, 5520
23352, 5520
21355, 5520
23261, 5520
13988, 5520
16905, 5520
17580, 5520
17302, 5520
23270, 5520
10259, 5520
18938, 5520
17046, 5520
11983, 5520
12831, 5520
21713, 5520
13045, 5520
17716, 5520
20376, 5520
22911, 5520
16138, 5520
21261, 5520
19231, 5520
15880, 5520
22818, 5520
21196, 5520
7280, 5520
16321, 5520
6362, 5520
17263, 5520
14843, 5520
17218, 5520
16683, 5520
13067, 5520
22776, 5520
10854, 5520
17490, 5520
8561, 5520
22978, 5520
8799, 5520
21045, 5520
6452, 5520
23473, 5520
15479, 5520
18462, 5520
19558, 5520
9047, 5520
22351, 5520
12807, 5520
21019, 5520
22214, 5520
8529, 5520
16725, 5520
18089, 5520
20542, 5520
22814, 5520
23353, 5520
17264, 5520
14479, 5520
17103, 5520
14990, 5520
16967, 5520
6331, 5520
8421, 5520
17035, 5520
20042, 5520
17875, 5520
9809, 5520
14445, 5520
19840, 5520
17243, 5520
11899, 5520
18918, 5520
10842, 5520
19450, 5520
9833, 5520
20785, 5520
14497, 5520
9999, 5520
9073, 5520
20990, 5520
7430, 5520
23509, 5520
22112, 5520
18629, 5520
9704, 5520
16792, 5520
11661, 5520
20573, 5520
12206, 5520
9382, 5520
11271, 5520
18787, 5520
15586, 5520
16838, 5520
12133, 5520
7490, 5520
18495, 5520
20504, 5520
20863, 5520
19776, 5520
13340, 5520
11316, 5520
9747, 5520
22438, 5520
11783, 5520
23594, 5520
7026, 5520
17834, 5520
17838, 5520
18688, 5520
20750, 5520
7550, 5520
22707, 5520
10311, 5520
17771, 5520
15877, 5520
12483, 5520
23458, 5520
6756, 5520
11639, 5520
22445, 5520
14422, 5520
20656, 5520
6739, 5520
8463, 5520
21482, 5520
7867, 5520
5520, 14714
5520, 10145
22994, 5521
5521, 10060
6437, 5522
5522, 13556
14004, 5523
5523, 21687
9220, 5524
5524, 15064
7443, 5525
22926, 5525
20788, 5525
14229, 5525
7801, 5525
14760, 5525
18556, 5525
21002, 5525
16615, 5525
8819, 5525
15422, 5525
7633, 5525
21440, 5525
9357, 5525
22735, 5525
9982, 5525
14974, 5525
10671, 5525
18402, 5525
7779, 5525
5525, 6549
14541, 5526
5526, 18298
10166, 5527
5527, 7460
5527, 14693
5527, 7501
5527, 16839
5527, 15462
5527, 7785
19728, 5528
5528, 19307
16041, 5529
5529, 20352
8464, 5530
20365, 5530
7841, 5530
12982, 5530
5530, 18834
9831, 5531
5531, 23348
22892, 5532
5532, 23569
5532, 21712
16902, 5533
6972, 5533
23124, 5533
5533, 12776
10166, 5534
5534, 11252
5534, 12535
5534, 14759
20423, 5535
5535, 10994
15953, 5536
5536, 8454
16390, 5537
5537, 11179
10018, 5538
5538, 12393
14992, 5539
5539, 17187
22244, 5540
5540, 19307
15414, 5541
5541, 6419
14402, 5542
5542, 6415
13337, 5543
16813, 5543
14604, 5543
5543, 19148
14402, 5544
5544, 6415
6708, 5545
5545, 9884
12750, 5546
5546, 17302
19583, 5547
5547, 11152
14158, 5548
5548, 23532
5548, 18768
16066, 5549
5549, 17095
19838, 5550
5550, 23447
5550, 21659
5550, 17908
5550, 14376
10025, 5551
20225, 5551
5551, 19283
12089, 5552
5552, 14743
6628, 5553
5553, 12412
8568, 5554
14258, 5554
9935, 5554
11422, 5554
8990, 5554
16229, 5554
11632, 5554
5554, 14203
13986, 5555
5555, 6371
8036, 5556
15279, 5556
5556, 15568
13100, 5557
5557, 19957
9303, 5558
5558, 17698
10816, 5559
5559, 17008
8240, 5560
5560, 20548
5560, 19245
13898, 5561
5561, 19307
19838, 5562
5562, 9686
5562, 10614
5562, 10529
5562, 14615
5562, 19839
5562, 12386
9510, 5563
14378, 5563
5563, 13901
19442, 5564
5564, 23330
5564, 15057
5564, 6960
5564, 23192
7606, 5565
5565, 13301
15628, 5566
5566, 10167
5566, 9757
15884, 5567
5567, 6292
16172, 5568
5568, 21191
10942, 5569
5569, 6417
11612, 5570
19391, 5570
10342, 5570
12942, 5570
6528, 5570
19366, 5570
15494, 5570
7899, 5570
18225, 5570
20756, 5570
12837, 5570
22379, 5570
20028, 5570
16613, 5570
21854, 5570
15353, 5570
7976, 5570
19184, 5570
10333, 5570
19275, 5570
23208, 5570
7664, 5570
12248, 5570
17574, 5570
11753, 5570
19080, 5570
11470, 5570
13371, 5570
18273, 5570
11801, 5570
22158, 5570
15569, 5570
6801, 5570
9167, 5570
11463, 5570
18374, 5570
21630, 5570
20029, 5570
22202, 5570
19357, 5570
18146, 5570
22043, 5570
7509, 5570
22929, 5570
14778, 5570
7506, 5570
13052, 5570
20878, 5570
11046, 5570
19498, 5570
18032, 5570
21294, 5570
12967, 5570
11044, 5570
7870, 5570
12923, 5570
11455, 5570
18323, 5570
11677, 5570
20492, 5570
15781, 5570
11328, 5570
11812, 5570
6790, 5570
15585, 5570
17968, 5570
15178, 5570
14500, 5570
13691, 5570
16745, 5570
11589, 5570
11791, 5570
15828, 5570
18810, 5570
13751, 5570
10469, 5570
21297, 5570
23164, 5570
11709, 5570
21598, 5570
6957, 5570
10643, 5570
11884, 5570
13712, 5570
21381, 5570
19293, 5570
12353, 5570
10861, 5570
7267, 5570
19748, 5570
13703, 5570
22943, 5570
8019, 5570
17289, 5570
12263, 5570
18051, 5570
12683, 5570
6384, 5570
22364, 5570
5570, 15225
19728, 5571
5571, 23063
21570, 5572
5572, 13184
17664, 5573
5573, 17737
19157, 5574
9191, 5574
5574, 15065
5574, 8605
5574, 12937
5574, 13682
5574, 22733
5574, 10587
5574, 21120
5574, 16025
5574, 21167
5574, 22203
5574, 11061
5574, 16134
5574, 14912
5574, 22508
5574, 15050
5574, 16544
5574, 20286
5574, 12755
5574, 21718
5574, 12298
9897, 5575
13914, 5575
5575, 19307
17501, 5576
5576, 17114
5576, 15764
12711, 5577
5577, 12775
18001, 5578
5578, 17514
6358, 5579
8774, 5579
8426, 5579
15374, 5579
7310, 5579
6765, 5579
6787, 5579
8090, 5579
6950, 5579
12675, 5579
21057, 5579
5579, 19709
16181, 5580
5580, 16792
9469, 5581
5581, 19580
14266, 5582
5582, 12206
19865, 5583
5583, 16321
10166, 5584
5584, 23352
5584, 12424
5584, 17376
10166, 5585
5585, 21557
5585, 7282
14249, 5586
5586, 13525
14944, 5587
7086, 5587
9904, 5587
21106, 5587
19548, 5587
18279, 5587
13838, 5587
10280, 5587
8472, 5587
8622, 5587
21477, 5587
6846, 5587
17700, 5587
6886, 5587
5587, 16955
13153, 5588
17327, 5588
22248, 5588
5588, 20037
8554, 5589
5589, 7942
21675, 5590
5590, 17315
5590, 10231
18804, 5591
5591, 18609
23415, 5592
5592, 12775
15884, 5593
5593, 10739
21672, 5594
5594, 12942
5594, 7899
5594, 13710
5594, 19519
5594, 21558
5594, 15353
5594, 7976
5594, 10333
5594, 7664
5594, 22822
5594, 7509
5594, 19739
5594, 19807
5594, 18852
5594, 7439
5594, 21728
5594, 21295
5594, 15679
5594, 6790
5594, 12095
5594, 12792
5594, 8107
5594, 7966
5594, 18490
5594, 17590
5594, 12263
5594, 21390
5594, 19781
23539, 5595
5595, 11040
12007, 5596
5596, 16118
8932, 5597
5597, 11429
12945, 5598
5598, 10823
10145, 5599
5599, 12113
14402, 5600
5600, 6415
13414, 5601
5601, 20393
18416, 5602
5602, 21802
19466, 5603
5603, 10720
20806, 5604
5604, 17699
14160, 5605
5605, 21976
20232, 5606
15862, 5606
5606, 18918
10145, 5607
5607, 23028
8188, 5608
5608, 14561
12945, 5609
5609, 13526
10145, 5610
5610, 23054
18104, 5611
5611, 8115
5611, 19501
16608, 5612
5612, 9833
5612, 16663
5612, 10723
15035, 5613
5613, 17395
12945, 5614
5614, 11808
9595, 5615
5615, 22445
15826, 5616
5616, 9044
14402, 5617
5617, 6415
6388, 5618
5618, 7324
16653, 5619
5619, 17931
8148, 5620
5620, 20972
13414, 5621
5621, 18408
10673, 5622
6390, 5622
15152, 5622
8061, 5622
13374, 5622
20428, 5622
15572, 5622
11974, 5622
23505, 5622
10703, 5622
13587, 5622
23228, 5622
10054, 5622
8823, 5622
20818, 5622
9384, 5622
17178, 5622
15324, 5622
9545, 5622
12219, 5622
10892, 5622
16146, 5622
17520, 5622
23137, 5622
14031, 5622
6965, 5622
17725, 5622
6713, 5622
12612, 5622
13263, 5622
13694, 5622
14668, 5622
15098, 5622
14993, 5622
13344, 5622
22897, 5622
8580, 5622
21586, 5622
10043, 5622
10316, 5622
20553, 5622
5622, 18694
5622, 13973
22255, 5623
5623, 21334
17254, 5624
5624, 11326
12470, 5625
5625, 16064
15884, 5626
5626, 22559
20735, 5627
5627, 12500
7126, 5628
5628, 11835
10963, 5629
5629, 15354
5629, 14150
15685, 5630
5630, 14990
17043, 5631
5631, 14516
5631, 10628
6612, 5632
5632, 21713
9028, 5633
11149, 5633
5633, 8970
10217, 5634
5634, 21649
5634, 10551
12416, 5635
5635, 7506
10638, 5636
5636, 9349
18461, 5637
5637, 9097
12945, 5638
5638, 18757
17471, 5639
5639, 8172
12945, 5640
5640, 20139
15628, 5641
5641, 17052
10500, 5642
6636, 5642
5642, 14511
12071, 5643
5643, 12626
10145, 5644
5644, 14769
5644, 21089
9575, 5645
5645, 16346
10145, 5646
5646, 22523
11862, 5647
5647, 18691
20247, 5648
7939, 5648
5648, 16717
12387, 5649
6598, 5649
5649, 16453
21535, 5650
5650, 17494
6934, 5651
5651, 21259
20445, 5652
5652, 21446
17890, 5653
5653, 15734
7507, 5654
5654, 7963
9087, 5655
5655, 15368
14402, 5656
5656, 6415
22198, 5657
5657, 23221
9607, 5658
5658, 14406
20233, 5659
5659, 11338
16945, 5660
5660, 18528
9131, 5661
9609, 5661
14227, 5661
5661, 11661
8155, 5662
5662, 8279
9116, 5663
5663, 12494
18357, 5664
5664, 10843
5664, 14515
5664, 12404
9121, 5665
10280, 5665
21946, 5665
19854, 5665
22851, 5665
21219, 5665
5665, 22371
19838, 5666
5666, 11908
5666, 8219
5666, 14373
5666, 14933
5666, 12782
5666, 22790
5666, 19868
5666, 18525
14254, 5667
5667, 19776
7088, 5668
5668, 7565
21201, 5669
13414, 5669
5669, 9072
10548, 5670
5670, 9128
12682, 5671
21995, 5671
18513, 5671
8176, 5671
20313, 5671
7920, 5671
19424, 5671
18187, 5671
15851, 5671
16984, 5671
7195, 5671
5671, 16286
14713, 5672
5672, 19675
14248, 5673
5673, 22582
17782, 5674
5674, 11385
15628, 5675
5675, 16836
19867, 5676
5676, 21121
11192, 5677
13952, 5677
11187, 5677
13579, 5677
5677, 9021
13453, 5678
14999, 5678
5678, 16564
19044, 5679
5679, 7937
13961, 5680
8224, 5680
15351, 5680
10504, 5680
5680, 12831
21698, 5681
8083, 5681
5681, 16453
11467, 5682
17652, 5682
19130, 5682
17917, 5682
9873, 5682
8088, 5682
13864, 5682
22782, 5682
5682, 21926
19206, 5683
5683, 20443
19838, 5684
5684, 15395
5684, 6996
5684, 21724
5684, 21372
14402, 5685
5685, 6415
22150, 5686
5686, 19924
10166, 5687
5687, 14876
6508, 5688
5688, 15956
20501, 5689
5689, 8206
14402, 5690
5690, 6415
8192, 5691
5691, 23409
18811, 5692
23395, 5692
23354, 5692
5692, 16482
8315, 5693
5693, 8421
22712, 5694
14350, 5694
18074, 5694
20139, 5694
15676, 5694
20354, 5694
22261, 5694
6529, 5694
21430, 5694
16766, 5694
22725, 5694
18015, 5694
17916, 5694
19733, 5694
10320, 5694
21891, 5694
14161, 5694
21831, 5694
13672, 5694
12108, 5694
13222, 5694
11697, 5694
12188, 5694
15070, 5694
8044, 5694
11064, 5694
7227, 5694
5694, 10419
17163, 5695
16401, 5695
5695, 6635
5695, 17786
12323, 5696
5696, 9739
12945, 5697
5697, 15676
19728, 5698
5698, 13969
20386, 5699
5699, 13767
18554, 5700
5700, 22525
16884, 5701
5701, 21072
15405, 5702
5702, 9637
13631, 5703
9864, 5703
5703, 6407
12771, 5704
5704, 18481
5704, 18374
5704, 23417
16979, 5705
5705, 9054
13666, 5706
5706, 16837
21846, 5707
5707, 13624
14514, 5708
5708, 22109
13509, 5709
5709, 15496
22743, 5710
5710, 12206
11847, 5711
20892, 5711
8989, 5711
5711, 22524
8905, 5712
5712, 15221
21360, 5713
5713, 18308
11260, 5714
5714, 18822
6265, 5715
16798, 5715
16508, 5715
5715, 21902
10145, 5716
5716, 10678
19269, 5717
5717, 22776
15884, 5718
5718, 11964
16030, 5719
5719, 8085
18024, 5720
5720, 19328
21152, 5721
23186, 5721
9960, 5721
17863, 5721
5721, 17950
18114, 5722
5722, 19680
11827, 5723
5723, 16042
22394, 5724
20811, 5724
7444, 5724
14664, 5724
12843, 5724
5724, 8880
12883, 5725
6638, 5725
13711, 5725
8407, 5725
19083, 5725
8364, 5725
18326, 5725
12355, 5725
22914, 5725
19021, 5725
12730, 5725
22314, 5725
16434, 5725
14654, 5725
13781, 5725
6699, 5725
23122, 5725
15703, 5725
14702, 5725
19410, 5725
17555, 5725
16855, 5725
13738, 5725
10929, 5725
7563, 5725
13740, 5725
12257, 5725
10611, 5725
5725, 19057
6686, 5726
5726, 6721
10319, 5727
5727, 8445
12945, 5728
5728, 10241
12625, 5729
5729, 22371
12663, 5730
5730, 18198
18930, 5731
5731, 8025
6366, 5732
5732, 23424
10145, 5733
5733, 23542
5733, 22947
17188, 5734
5734, 21842
9188, 5735
5735, 13577
15632, 5736
5736, 17032
19838, 5737
5737, 17984
5737, 17982
5737, 21526
5737, 21025
5737, 21644
5737, 7828
5737, 19652
21049, 5738
5738, 23432
11033, 5739
5739, 8387
10374, 5740
5740, 21628
5740, 16394
18001, 5741
5741, 19245
5741, 7612
20154, 5742
5742, 12503
15884, 5743
5743, 8669
12286, 5744
5744, 11287
11857, 5745
5745, 18535
5745, 8555
10166, 5746
5746, 20369
5746, 16864
7175, 5747
5747, 12582
15884, 5748
5748, 12569
17451, 5749
5749, 19144
18675, 5750
5750, 18615
19865, 5751
5751, 16321
22322, 5752
5752, 11295
8647, 5753
5753, 13168
18416, 5754
5754, 10788
13104, 5755
5755, 13211
8618, 5756
5756, 23521
17059, 5757
5757, 15474
12067, 5758
22164, 5758
14969, 5758
22380, 5758
21242, 5758
8007, 5758
11583, 5758
15607, 5758
5758, 10757
9171, 5759
8447, 5759
11121, 5759
8333, 5759
21185, 5759
5759, 16260
17043, 5760
5760, 20567
11177, 5761
5761, 9325
12454, 5762
5762, 17026
15043, 5763
5763, 18508
12051, 5764
7973, 5764
18135, 5764
20087, 5764
13276, 5764
11817, 5764
7514, 5764
5764, 16364
7125, 5765
22199, 5765
5765, 6441
10166, 5766
5766, 20656
5766, 15975
5766, 19391
5766, 20121
5766, 6512
5766, 15010
5766, 22679
5766, 14606
5766, 17541
19838, 5767
5767, 12275
5767, 16327
5767, 14925
5767, 6457
5767, 15093
20184, 5768
5768, 17855
5768, 23346
5768, 19819
5768, 12933
5768, 7694
5768, 18640
5768, 9224
5768, 18012
5768, 10403
5768, 20766
5768, 16697
5768, 16177
5768, 9363
5768, 19310
5768, 7385
5768, 23148
5768, 7644
5768, 12541
5768, 17359
5768, 21047
5768, 21517
5768, 8769
5768, 20278
5768, 23413
5768, 20531
5768, 17050
5768, 21423
5768, 16911
5768, 18119
5768, 21041
5768, 6400
5768, 22589
5768, 15313
15884, 5769
5769, 11001
15884, 5770
5770, 22105
12724, 5771
13865, 5771
17368, 5771
15040, 5771
14351, 5771
12163, 5771
20092, 5771
8835, 5771
6559, 5771
19182, 5771
13228, 5771
17683, 5771
8984, 5771
13017, 5771
10013, 5771
12799, 5771
7727, 5771
14932, 5771
12206, 5771
15352, 5771
16138, 5771
21955, 5771
11672, 5771
9670, 5771
10858, 5771
17880, 5771
14148, 5771
15519, 5771
19450, 5771
17941, 5771
13722, 5771
22978, 5771
8485, 5771
16101, 5771
6331, 5771
6413, 5771
12484, 5771
10264, 5771
7316, 5771
20606, 5771
14355, 5771
14410, 5771
17085, 5771
9850, 5771
8715, 5771
12328, 5771
16331, 5771
13603, 5771
6792, 5771
15009, 5771
7846, 5771
6549, 5771
19117, 5771
12995, 5771
12953, 5771
19552, 5771
6944, 5771
6762, 5771
18681, 5771
19219, 5771
22438, 5771
11360, 5771
9726, 5771
10766, 5771
7072, 5771
6930, 5771
12841, 5771
19341, 5771
21746, 5771
19180, 5771
20574, 5771
14194, 5771
10266, 5771
13969, 5771
12193, 5771
22121, 5771
17127, 5771
23055, 5771
8347, 5771
9551, 5771
16218, 5771
18777, 5771
19313, 5771
14200, 5771
15929, 5771
15103, 5771
11946, 5771
6320, 5771
10286, 5771
17983, 5771
7810, 5771
18772, 5771
18635, 5771
13591, 5771
11678, 5771
13657, 5771
7277, 5771
11899, 5771
15562, 5771
6741, 5771
8569, 5771
8879, 5771
20970, 5771
13566, 5771
13335, 5771
17363, 5771
14113, 5771
20435, 5771
20817, 5771
17355, 5771
14644, 5771
18768, 5771
11257, 5771
10133, 5771
10063, 5771
6961, 5771
6386, 5771
10059, 5771
11392, 5771
14640, 5771
10209, 5771
19123, 5771
15238, 5771
18989, 5771
9678, 5771
15021, 5771
10379, 5771
17853, 5771
22511, 5771
11618, 5771
23220, 5771
17035, 5771
14018, 5771
14853, 5771
17614, 5771
22298, 5771
10060, 5771
11915, 5771
19245, 5771
19806, 5771
13461, 5771
11447, 5771
22356, 5771
16204, 5771
18495, 5771
19542, 5771
10835, 5771
8735, 5771
12981, 5771
20572, 5771
8131, 5771
22289, 5771
22627, 5771
16625, 5771
22519, 5771
11784, 5771
9898, 5771
21965, 5771
10715, 5771
12345, 5771
9914, 5771
21932, 5771
21628, 5771
20621, 5771
23345, 5771
23508, 5771
11061, 5771
21120, 5771
16134, 5771
7092, 5771
12111, 5771
15701, 5771
11214, 5771
10180, 5771
21673, 5771
9212, 5771
19501, 5771
19347, 5771
20720, 5771
7156, 5771
20627, 5771
15330, 5771
14475, 5771
17012, 5771
23594, 5771
22704, 5771
7453, 5771
20734, 5771
12563, 5771
10869, 5771
23389, 5771
18419, 5771
9955, 5771
7026, 5771
12124, 5771
23007, 5771
7051, 5771
14211, 5771
13402, 5771
16712, 5771
17046, 5771
14162, 5771
13239, 5771
11402, 5771
9637, 5771
6562, 5771
15298, 5771
19477, 5771
9204, 5771
15516, 5771
9735, 5771
11500, 5771
18593, 5771
8880, 5771
18676, 5771
12239, 5771
14873, 5771
10199, 5771
17112, 5771
23532, 5771
7273, 5771
21717, 5771
18640, 5771
23349, 5771
20766, 5771
9938, 5771
12541, 5771
21913, 5771
23451, 5771
18792, 5771
19837, 5771
17217, 5771
23142, 5771
8768, 5771
22964, 5771
12344, 5771
17465, 5771
11212, 5771
18899, 5771
9963, 5771
9318, 5771
13763, 5771
13996, 5771
6851, 5771
18067, 5771
22776, 5771
22032, 5771
17248, 5771
15653, 5771
10095, 5771
11872, 5771
11700, 5771
21908, 5771
15624, 5771
9557, 5771
11761, 5771
19601, 5771
23217, 5771
16305, 5771
7511, 5771
11639, 5771
11053, 5771
10915, 5771
19218, 5771
8031, 5771
21971, 5771
17387, 5771
7863, 5771
22151, 5771
10468, 5771
17306, 5771
8498, 5771
22414, 5771
10353, 5771
7786, 5771
22200, 5771
16070, 5771
11037, 5771
16265, 5771
21167, 5771
12459, 5771
20863, 5771
21561, 5771
19008, 5771
21026, 5771
9951, 5771
7515, 5771
15229, 5771
17060, 5771
19916, 5771
13408, 5771
11442, 5771
15525, 5771
18362, 5771
21216, 5771
19936, 5771
17608, 5771
13387, 5771
22662, 5771
19231, 5771
16660, 5771
14002, 5771
8966, 5771
22862, 5771
17249, 5771
16530, 5771
13739, 5771
22502, 5771
19625, 5771
20472, 5771
13822, 5771
18586, 5771
6979, 5771
10995, 5771
10249, 5771
19380, 5771
6834, 5771
12133, 5771
16795, 5771
20374, 5771
17959, 5771
16788, 5771
7937, 5771
17964, 5771
14908, 5771
8889, 5771
9870, 5771
18673, 5771
20265, 5771
9680, 5771
7093, 5771
12715, 5771
20846, 5771
11008, 5771
14621, 5771
12806, 5771
22206, 5771
13614, 5771
7696, 5771
14910, 5771
19770, 5771
9003, 5771
22084, 5771
12372, 5771
19292, 5771
18178, 5771
12137, 5771
20908, 5771
21584, 5771
15076, 5771
19581, 5771
17061, 5771
14851, 5771
13322, 5771
11235, 5771
15044, 5771
18665, 5771
8391, 5771
17232, 5771
11273, 5771
14021, 5771
19968, 5771
13476, 5771
9470, 5771
7050, 5771
13326, 5771
15060, 5771
11120, 5771
16554, 5771
10232, 5771
17838, 5771
17117, 5771
23385, 5771
12580, 5771
14912, 5771
7430, 5771
11529, 5771
22771, 5771
15751, 5771
9067, 5771
16629, 5771
17567, 5771
18019, 5771
18787, 5771
19606, 5771
12633, 5771
14228, 5771
10771, 5771
14121, 5771
19629, 5771
12658, 5771
19881, 5771
23116, 5771
11679, 5771
14123, 5771
10243, 5771
17819, 5771
18644, 5771
18462, 5771
15907, 5771
19019, 5771
22339, 5771
9504, 5771
16881, 5771
16061, 5771
19710, 5771
12105, 5771
16912, 5771
20377, 5771
14479, 5771
21858, 5771
21991, 5771
9755, 5771
22037, 5771
19415, 5771
16131, 5771
5771, 10145
5771, 11732
7535, 5772
5772, 7752
6623, 5773
15161, 5773
5773, 12346
10816, 5774
5774, 15822
21747, 5775
5775, 6831
21323, 5776
5776, 16452
23552, 5777
5777, 17857
21516, 5778
5778, 21046
10145, 5779
5779, 18299
15498, 5780
5780, 9900
15220, 5781
5781, 19549
8473, 5782
5782, 14385
7476, 5783
5783, 12868
5783, 21463
8540, 5784
5784, 8971
11452, 5785
5785, 18560
13965, 5786
5786, 11375
18353, 5787
12070, 5787
9751, 5787
5787, 8550
15884, 5788
5788, 9112
16279, 5789
5789, 20265
18001, 5790
5790, 7417
23016, 5791
5791, 19307
23187, 5792
5792, 6342
23570, 5793
5793, 7007
17338, 5794
10560, 5794
14250, 5794
14902, 5794
14102, 5794
5794, 12974
10012, 5795
15646, 5795
22075, 5795
11570, 5795
23593, 5795
19792, 5795
12409, 5795
13284, 5795
5795, 11009
12552, 5796
5796, 10918
6350, 5797
5797, 22486
19182, 5798
20778, 5798
16538, 5798
18871, 5798
20695, 5798
17846, 5798
7937, 5798
12869, 5798
20537, 5798
12512, 5798
18676, 5798
11346, 5798
8529, 5798
15983, 5798
14393, 5798
7515, 5798
13041, 5798
15326, 5798
10065, 5798
5798, 10145
9223, 5799
22344, 5799
5799, 10496
10412, 5800
5800, 20607
19838, 5801
5801, 12348
5801, 8461
5801, 17581
5801, 22059
12062, 5802
5802, 22247
14789, 5803
5803, 10416
20019, 5804
5804, 9340
5804, 14553
5804, 15044
5804, 19542
5804, 15103
5804, 6413
5804, 18645
5804, 22535
5804, 22595
5804, 9693
5804, 14305
5804, 12018
5804, 19482
5804, 9137
12004, 5805
5805, 21522
8734, 5806
5806, 18635
12947, 5807
5807, 17136
9435, 5808
5808, 10508
10166, 5809
5809, 22184
5809, 14844
10145, 5810
5810, 17734
17366, 5811
5811, 12952
13849, 5812
5812, 17645
15912, 5813
5813, 12211
21536, 5814
15833, 5814
16316, 5814
16642, 5814
12973, 5814
15387, 5814
7017, 5814
23211, 5814
22597, 5814
13446, 5814
7993, 5814
7001, 5814
10248, 5814
14494, 5814
8364, 5814
19305, 5814
12235, 5814
14244, 5814
15605, 5814
12929, 5814
18812, 5814
18025, 5814
9217, 5814
13950, 5814
20038, 5814
21483, 5814
23263, 5814
17052, 5814
18308, 5814
17299, 5814
22541, 5814
11017, 5814
12871, 5814
6810, 5814
14661, 5814
14097, 5814
7398, 5814
18755, 5814
11694, 5814
7528, 5814
11288, 5814
19966, 5814
8546, 5814
14671, 5814
7402, 5814
20036, 5814
6774, 5814
22384, 5814
17058, 5814
15957, 5814
6348, 5814
7246, 5814
15722, 5814
9256, 5814
14212, 5814
20493, 5814
14652, 5814
10255, 5814
12550, 5814
14264, 5814
21016, 5814
23605, 5814
7833, 5814
7293, 5814
15938, 5814
14524, 5814
12652, 5814
13575, 5814
18312, 5814
11387, 5814
5814, 14711
15518, 5815
5815, 13567
14069, 5816
5816, 12889
20622, 5817
20351, 5817
11602, 5817
22631, 5817
22508, 5817
21896, 5817
11575, 5817
23212, 5817
12296, 5817
14962, 5817
10553, 5817
22159, 5817
11477, 5817
21040, 5817
19762, 5817
17962, 5817
12491, 5817
11532, 5817
21517, 5817
8939, 5817
19649, 5817
15980, 5817
9398, 5817
14034, 5817
11912, 5817
19780, 5817
20153, 5817
10674, 5817
16069, 5817
10602, 5817
7502, 5817
16412, 5817
14308, 5817
15190, 5817
17598, 5817
23089, 5817
7038, 5817
16957, 5817
9383, 5817
6736, 5817
10735, 5817
6516, 5817
8206, 5817
22534, 5817
21259, 5817
18070, 5817
10156, 5817
21972, 5817
22595, 5817
14025, 5817
11314, 5817
17906, 5817
22260, 5817
20481, 5817
9693, 5817
9775, 5817
14335, 5817
7130, 5817
17832, 5817
23503, 5817
9422, 5817
23085, 5817
9002, 5817
9742, 5817
15924, 5817
11263, 5817
18896, 5817
19738, 5817
17502, 5817
13277, 5817
20411, 5817
16977, 5817
11159, 5817
13412, 5817
9109, 5817
19619, 5817
7715, 5817
19952, 5817
16639, 5817
18632, 5817
13338, 5817
6519, 5817
14520, 5817
14305, 5817
17241, 5817
7311, 5817
14557, 5817
18081, 5817
16004, 5817
10066, 5817
17294, 5817
18385, 5817
21089, 5817
20286, 5817
9307, 5817
22777, 5817
18602, 5817
17231, 5817
7071, 5817
12260, 5817
8959, 5817
13613, 5817
20418, 5817
16068, 5817
23328, 5817
12545, 5817
22699, 5817
16963, 5817
16585, 5817
9225, 5817
8266, 5817
21368, 5817
13727, 5817
20292, 5817
18477, 5817
9702, 5817
15840, 5817
7320, 5817
19694, 5817
13366, 5817
23324, 5817
16483, 5817
17266, 5817
12465, 5817
8821, 5817
13200, 5817
6511, 5817
14164, 5817
15962, 5817
14488, 5817
17084, 5817
15207, 5817
13311, 5817
7568, 5817
14995, 5817
12699, 5817
15072, 5817
11349, 5817
13302, 5817
19460, 5817
17634, 5817
16188, 5817
11045, 5817
11299, 5817
8478, 5817
10111, 5817
18261, 5817
6626, 5817
12018, 5817
7989, 5817
10443, 5817
18931, 5817
7425, 5817
19695, 5817
20633, 5817
15254, 5817
21327, 5817
12732, 5817
15214, 5817
12925, 5817
19680, 5817
20964, 5817
20461, 5817
23448, 5817
12499, 5817
14062, 5817
10237, 5817
6377, 5817
21593, 5817
14084, 5817
11084, 5817
17810, 5817
11133, 5817
23590, 5817
21718, 5817
17514, 5817
20534, 5817
9891, 5817
14277, 5817
14090, 5817
17815, 5817
14942, 5817
18623, 5817
13633, 5817
13756, 5817
14867, 5817
9792, 5817
15870, 5817
6610, 5817
17896, 5817
13409, 5817
22410, 5817
22753, 5817
8100, 5817
16005, 5817
19863, 5817
23612, 5817
7814, 5817
23565, 5817
9777, 5817
21128, 5817
15791, 5817
16075, 5817
12885, 5817
20216, 5817
13318, 5817
16952, 5817
16362, 5817
9966, 5817
18050, 5817
7312, 5817
15406, 5817
20320, 5817
7090, 5817
23113, 5817
9591, 5817
19921, 5817
5817, 12093
15140, 5818
14409, 5818
5818, 10986
22275, 5819
5819, 17361
20235, 5820
5820, 21190
16645, 5821
5821, 18576
16416, 5822
5822, 9887
19838, 5823
5823, 7877
5823, 20190
5823, 21820
5823, 16746
20266, 5824
5824, 7402
7946, 5825
22257, 5825
5825, 10843
17425, 5826
5826, 6848
6658, 5827
5827, 22438
11433, 5828
5828, 18272
10224, 5829
5829, 6516
15884, 5830
5830, 8907
20294, 5831
5831, 21241
8662, 5832
5832, 17606
9038, 5833
5833, 22531
6373, 5834
5834, 18495
19728, 5835
5835, 12186
10145, 5836
5836, 10428
17091, 5837
5837, 8412
5837, 7854
16624, 5838
17911, 5838
16774, 5838
21591, 5838
17198, 5838
17854, 5838
5838, 18071
15884, 5839
5839, 7252
17591, 5840
15813, 5840
20103, 5840
13086, 5840
14479, 5840
7617, 5840
12935, 5840
6552, 5840
12629, 5840
8850, 5840
17304, 5840
5840, 8671
5840, 10145
11264, 5841
5841, 17423
17425, 5842
5842, 18755
16397, 5843
5843, 14435
12945, 5844
5844, 13163
8560, 5845
5845, 21854
5845, 10204
8911, 5846
5846, 19827
7595, 5847
7124, 5847
15601, 5847
5847, 7318
11118, 5848
5848, 16346
15004, 5849
5849, 14185
21201, 5850
5850, 17170
5850, 8386
20122, 5851
18546, 5851
22357, 5851
5851, 12206
18656, 5852
5852, 6913
16266, 5853
5853, 10164
22013, 5854
5854, 6473
18148, 5855
5855, 21053
10166, 5856
5856, 13278
21875, 5857
5857, 14460
9524, 5858
18575, 5858
22531, 5858
16486, 5858
9857, 5858
14914, 5858
6958, 5858
17046, 5858
21299, 5858
11733, 5858
23414, 5858
23546, 5858
10766, 5858
19558, 5858
6496, 5858
19581, 5858
21364, 5858
16569, 5858
6263, 5858
14479, 5858
17035, 5858
7463, 5858
14056, 5858
16851, 5858
9890, 5858
9152, 5858
21322, 5858
7468, 5858
8327, 5858
21884, 5858
11783, 5858
15567, 5858
21151, 5858
12126, 5858
8550, 5858
11311, 5858
17032, 5858
9471, 5858
21901, 5858
5858, 10145
5858, 7698
16161, 5859
5859, 13500
8883, 5860
5860, 7430
15782, 5861
5861, 8222
9818, 5862
5862, 13711
20260, 5863
5863, 14237
7236, 5864
5864, 19849
5864, 12735
5864, 7197
5864, 18073
5864, 12823
5864, 21151
14080, 5865
5865, 10541
22998, 5866
5866, 19307
16151, 5867
11523, 5867
8244, 5867
17835, 5867
10827, 5867
20451, 5867
21132, 5867
12418, 5867
19539, 5867
9232, 5867
7944, 5867
15875, 5867
14450, 5867
20599, 5867
20685, 5867
14674, 5867
11653, 5867
18905, 5867
15949, 5867
14701, 5867
10087, 5867
11833, 5867
21341, 5867
13808, 5867
13483, 5867
12915, 5867
8590, 5867
11926, 5867
8317, 5867
5867, 15737
19838, 5868
5868, 14037
5868, 20465
5868, 10748
10166, 5869
5869, 14890
5869, 21298
5869, 8560
22563, 5870
5870, 20863
15766, 5871
5871, 19813
5871, 21628
5871, 17838
9863, 5872
19814, 5872
20159, 5872
23514, 5872
23586, 5872
5872, 7843
5872, 6958
5872, 20762
5872, 11733
5872, 23414
5872, 12126
10106, 5873
5873, 13882
19728, 5874
5874, 20083
9975, 5875
5875, 9684
21401, 5876
5876, 10236
12945, 5877
5877, 16829
12241, 5878
5878, 8852
5878, 21248
5878, 20999
5878, 21789
5878, 7436
5878, 8626
5878, 17175
5878, 6317
5878, 11483
5878, 14351
5878, 7582
5878, 22292
5878, 6792
5878, 20466
5878, 15009
5878, 19762
5878, 20481
5878, 10066
5878, 13613
22107, 5879
17845, 5879
5879, 10173
12448, 5880
5880, 6614
10010, 5881
5881, 21901
12945, 5882
5882, 20538
12040, 5883
5883, 17771
6822, 5884
5884, 14803
15378, 5885
8135, 5885
16801, 5885
12270, 5885
14262, 5885
22927, 5885
19163, 5885
15944, 5885
7281, 5885
10384, 5885
5885, 14774
13554, 5886
10659, 5886
18004, 5886
22575, 5886
5886, 10063
19807, 5887
5887, 10765
5887, 14765
23066, 5888
5888, 16850
5888, 18082
5888, 20971
5888, 23386
13410, 5889
5889, 13532
10145, 5890
5890, 20674
7475, 5891
5891, 7082
16026, 5892
5892, 13974
8686, 5893
5893, 9741
11889, 5894
5894, 12762
21113, 5895
7888, 5895
5895, 14479
6709, 5896
5896, 9819
7261, 5897
5897, 12264
15201, 5898
5898, 18270
12284, 5899
5899, 9774
22826, 5900
5900, 13913
11644, 5901
5901, 12163
18072, 5902
18222, 5902
5902, 7280
15884, 5903
5903, 8299
12954, 5904
5904, 22011
21221, 5905
9406, 5905
19005, 5905
19391, 5905
9206, 5905
22731, 5905
21641, 5905
11609, 5905
19892, 5905
12664, 5905
14878, 5905
17245, 5905
23256, 5905
13305, 5905
18040, 5905
11313, 5905
12414, 5905
7501, 5905
17148, 5905
19551, 5905
17806, 5905
13440, 5905
8784, 5905
15010, 5905
17458, 5905
22825, 5905
15134, 5905
10557, 5905
17953, 5905
7838, 5905
19678, 5905
14591, 5905
9048, 5905
18616, 5905
7064, 5905
9193, 5905
7121, 5905
12535, 5905
6328, 5905
19240, 5905
20230, 5905
16277, 5905
22586, 5905
21615, 5905
8417, 5905
13259, 5905
8602, 5905
19743, 5905
15913, 5905
21547, 5905
15006, 5905
7403, 5905
18737, 5905
8773, 5905
14283, 5905
16242, 5905
8021, 5905
13698, 5905
22979, 5905
17337, 5905
20474, 5905
21332, 5905
17450, 5905
19419, 5905
15446, 5905
18438, 5905
20279, 5905
23156, 5905
21953, 5905
6481, 5905
13992, 5905
15462, 5905
6849, 5905
22313, 5905
8172, 5905
14345, 5905
20349, 5905
7074, 5905
12253, 5905
11039, 5905
7785, 5905
20533, 5905
11492, 5905
17780, 5905
22916, 5905
8228, 5905
11652, 5905
14706, 5905
12215, 5905
15934, 5905
23297, 5905
13436, 5905
12311, 5905
16471, 5905
18087, 5905
14454, 5905
5905, 12801
23307, 5906
5906, 17593
5906, 7527
20114, 5907
5907, 11772
20199, 5908
5908, 17916
20688, 5909
6827, 5909
18724, 5909
11754, 5909
5909, 9756
14402, 5910
5910, 6415
9937, 5911
20009, 5911
5911, 18032
20284, 5912
5912, 7007
11595, 5913
5913, 15807
22620, 5914
5914, 18189
12151, 5915
18209, 5915
18110, 5915
5915, 13238
12731, 5916
9970, 5916
6538, 5916
16231, 5916
19359, 5916
18692, 5916
16596, 5916
16301, 5916
17605, 5916
16918, 5916
9544, 5916
5916, 20750
10388, 5917
5917, 18226
12945, 5918
5918, 19480
17837, 5919
19668, 5919
19423, 5919
18101, 5919
21223, 5919
19074, 5919
8575, 5919
20072, 5919
17774, 5919
5919, 23582
14354, 5920
5920, 19930
15628, 5921
5921, 13180
12945, 5922
5922, 11890
10782, 5923
5923, 19699
21058, 5924
5924, 6354
10145, 5925
5925, 16376
20205, 5926
23426, 5926
23130, 5926
5926, 13884
5926, 19688
20570, 5927
15448, 5927
7746, 5927
20185, 5927
11508, 5927
10329, 5927
13002, 5927
6409, 5927
19487, 5927
10444, 5927
17401, 5927
16396, 5927
9967, 5927
10564, 5927
6433, 5927
8057, 5927
13227, 5927
8422, 5927
23018, 5927
13586, 5927
5927, 22267
17043, 5928
5928, 16084
8062, 5929
5929, 16297
6686, 5930
5930, 12137
5930, 19017
11150, 5931
13025, 5931
5931, 15785
17860, 5932
5932, 15997
19432, 5933
5933, 11811
10227, 5934
5934, 19001
14402, 5935
5935, 6415
8857, 5936
5936, 17610
12945, 5937
5937, 22180
16966, 5938
5938, 14225
20614, 5939
5939, 19231
7666, 5940
5940, 21123
9254, 5941
5941, 21352
18095, 5942
5942, 19144
23577, 5943
5943, 19838
21017, 5944
5944, 12972
5944, 19226
5944, 22159
5944, 14034
5944, 17502
5944, 14942
15034, 5945
5945, 12889
23248, 5946
5946, 19228
21796, 5947
18776, 5947
5947, 15203
17425, 5948
5948, 18964
19838, 5949
5949, 6461
5949, 7400
5949, 17982
5949, 23134
5949, 21304
5949, 9879
19838, 5950
5950, 13668
5950, 13275
5950, 14238
6686, 5951
5951, 13443
5951, 17580
19136, 5952
5952, 10843
18001, 5953
5953, 7786
9429, 5954
5954, 13107
21868, 5955
21360, 5955
5955, 10694
21058, 5956
5956, 7795
15884, 5957
5957, 15265
19434, 5958
12330, 5958
12769, 5958
12543, 5958
11506, 5958
5958, 14823
17751, 5959
5959, 23126
23407, 5960
5960, 22400
19838, 5961
5961, 12375
5961, 20379
5961, 21984
5961, 7028
5961, 9860
20295, 5962
5962, 15337
10404, 5963
5963, 19683
20706, 5964
5964, 10766
18258, 5965
5965, 10413
19728, 5966
5966, 13157
23066, 5967
5967, 20950
5967, 19616
5967, 15484
5967, 18577
5967, 20403
6437, 5968
5968, 16495
20019, 5969
5969, 18850
5969, 9542
5969, 13426
5969, 18772
5969, 15852
5969, 14363
5969, 6919
5969, 8821
5969, 16952
11260, 5970
5970, 10386
18001, 5971
5971, 16269
19728, 5972
5972, 22137
18001, 5973
5973, 21193
20836, 5974
5974, 7793
19453, 5975
5975, 20419
10851, 5976
11248, 5976
21890, 5976
12210, 5976
5976, 15017
8587, 5977
21342, 5977
9231, 5977
5977, 20373
15884, 5978
5978, 11204
23561, 5979
5979, 10691
18202, 5980
5980, 19504
18220, 5981
5981, 22261
7346, 5982
5982, 6331
10969, 5983
5983, 14824
9605, 5984
5984, 10078
23239, 5985
5985, 7725
5985, 19521
5985, 12657
10323, 5986
5986, 21865
10166, 5987
5987, 19836
5987, 17458
5987, 10294
10145, 5988
5988, 22523
8886, 5989
5989, 12679
12110, 5990
5990, 19489
16535, 5991
5991, 20985
5991, 21322
7804, 5992
5992, 12889
12687, 5993
5993, 9044
15826, 5994
5994, 7059
7525, 5995
5995, 16871
5995, 23046
5995, 13672
9605, 5996
5996, 16248
12945, 5997
5997, 9677
17977, 5998
5998, 12619
22912, 5999
20760, 5999
13044, 5999
5999, 15559
22117, 6000
6000, 15930
12033, 6001
9854, 6001
20100, 6001
6001, 22792
15172, 6002
6002, 22868
14402, 6003
6003, 6415
19728, 6004
6004, 15286
7024, 6005
6005, 22776
22674, 6006
6006, 10563
6006, 7204
18001, 6007
6007, 23025
17907, 6008
6008, 14911
10064, 6009
6009, 7833
20886, 6010
6010, 11783
12309, 6011
6011, 9043
6311, 6012
6012, 20963
19838, 6013
6013, 13265
6013, 9590
6013, 15544
15340, 6014
6014, 20699
22375, 6015
6015, 8349
6015, 22233
19838, 6016
6016, 22609
6016, 16384
6016, 13323
6016, 18492
6016, 20002
13033, 6017
12103, 6017
6017, 6807
23135, 6018
6018, 20373
6018, 17035
21042, 6019
6019, 19438
11143, 6020
6020, 7565
10494, 6021
22100, 6021
6021, 22776
14173, 6022
6022, 20648
17575, 6023
6023, 20987
6661, 6024
6024, 10843
19595, 6025
6025, 12664
8194, 6026
6026, 21183
16853, 6027
6027, 12212
17251, 6028
6028, 20265
19728, 6029
6029, 11208
21629, 6030
6030, 19408
10280, 6031
6031, 13047
19693, 6032
6032, 12247
19838, 6033
6033, 18714
6033, 10663
6033, 19596
6033, 12406
6033, 16333
13726, 6034
22475, 6034
20410, 6034
6034, 14915
19838, 6035
6035, 22754
6035, 18977
6035, 21116
6035, 7480
6035, 20379
6035, 14285
8681, 6036
6036, 18314
20783, 6037
6037, 13895
19728, 6038
6038, 11688
18088, 6039
6039, 15450
18130, 6040
6040, 23481
7858, 6041
6041, 20757
12945, 6042
6042, 18505
9331, 6043
6043, 10843
8876, 6044
6044, 17840
21663, 6045
6045, 18452
12763, 6046
6046, 8625
10816, 6047
6047, 10233
19838, 6048
6048, 16576
6048, 19868
6048, 16008
6048, 17089
19838, 6049
6049, 23084
6049, 15477
6049, 20367
6049, 22801
6049, 14730
6347, 6050
6050, 20421
13809, 6051
6051, 17496
10736, 6052
6835, 6052
21742, 6052
14937, 6052
13391, 6052
11137, 6052
23152, 6052
10062, 6052
8603, 6052
10433, 6052
13766, 6052
21351, 6052
15732, 6052
9577, 6052
22284, 6052
13263, 6052
10317, 6052
7775, 6052
6052, 8543
15798, 6053
20086, 6053
14903, 6053
16635, 6053
12870, 6053
9284, 6053
22553, 6053
6977, 6053
6053, 8154
7390, 6054
13290, 6054
16179, 6054
20913, 6054
6054, 7985
22950, 6055
6055, 17695
9924, 6056
6056, 15249
6056, 16332
10816, 6057
6057, 18052
10348, 6058
6058, 21179
14402, 6059
6059, 6415
16116, 6060
6060, 8744
22882, 6061
6061, 19354
18416, 6062
6062, 10143
19728, 6063
6063, 7138
6437, 6064
6064, 9482
13414, 6065
6065, 14635
6065, 18955
8652, 6066
6066, 18384
20696, 6067
15651, 6067
6067, 23571
14611, 6068
6068, 7277
6068, 21043
7908, 6069
23531, 6069
17225, 6069
6069, 20354
17105, 6070
6070, 15971
9838, 6071
6071, 6378
6611, 6072
6941, 6072
6072, 7266
14402, 6073
6073, 6415
17501, 6074
6074, 19441
6074, 20467
16319, 6075
7678, 6075
6075, 9869
6075, 11085
8470, 6076
6076, 6642
6076, 10508
12403, 6077
10778, 6077
10467, 6077
6077, 8144
6077, 7719
12097, 6078
19484, 6078
19820, 6078
6078, 9662
6078, 15801
14327, 6079
6079, 22829
8423, 6080
6080, 17716
10145, 6081
6081, 8202
8427, 6082
6082, 8851
23102, 6083
6083, 14303
11752, 6084
23058, 6084
14519, 6084
8786, 6084
6084, 9489
16867, 6085
16387, 6085
18498, 6085
19271, 6085
11390, 6085
21914, 6085
6854, 6085
21111, 6085
10300, 6085
10910, 6085
22295, 6085
10181, 6085
12896, 6085
10216, 6085
19646, 6085
8847, 6085
18203, 6085
22338, 6085
9856, 6085
6085, 18844
10586, 6086
6086, 17479
13264, 6087
6087, 22810
10145, 6088
6088, 9378
11576, 6089
18387, 6089
6089, 18071
12942, 6090
6090, 16709
6090, 18954
7369, 6091
6091, 15546
6091, 13508
22703, 6092
6092, 12496
6092, 9679
6092, 23303
6691, 6093
6093, 16668
16060, 6094
6094, 16617
6094, 19990
7296, 6095
6095, 14676
18286, 6096
6096, 11340
9305, 6097
6097, 19827
14608, 6098
6098, 13980
19750, 6099
12984, 6099
6099, 23532
21386, 6100
6100, 9412
14402, 6101
6101, 6415
20704, 6102
6102, 18856
22695, 6103
6103, 13765
11329, 6104
20961, 6104
14019, 6104
10537, 6104
20422, 6104
9405, 6104
7675, 6104
16145, 6104
6104, 6556
6104, 18893
6104, 6496
13414, 6105
6105, 9031
6105, 16023
6105, 7502
10642, 6106
6106, 21772
23453, 6107
6107, 10201
15970, 6108
6108, 20537
9353, 6109
6109, 16922
13809, 6110
6110, 22840
13927, 6111
6111, 22236
13417, 6112
6112, 12231
13828, 6113
6113, 16856
12945, 6114
6114, 17342
19838, 6115
6115, 16153
18416, 6116
6116, 23537
16509, 6117
6117, 16723
17005, 6118
6118, 19307
22117, 6119
6119, 8248
10313, 6120
6120, 16926
8974, 6121
6121, 18365
19151, 6122
6122, 15091
9197, 6123
6123, 6616
10145, 6124
6124, 15867
10145, 6125
6125, 8202
21988, 6126
12053, 6126
9426, 6126
6126, 14850
11105, 6127
6127, 21192
17738, 6128
6128, 8937
6427, 6129
11708, 6129
22678, 6129
15408, 6129
6129, 9524
12463, 6130
6130, 16838
12749, 6131
7070, 6131
8189, 6131
6131, 20957
20299, 6132
6132, 8345
21360, 6133
6133, 10312
8511, 6134
6134, 21001
6437, 6135
6135, 18233
13386, 6136
6136, 11521
9862, 6137
6137, 18150
22411, 6138
6138, 18329
6734, 6139
6139, 11838
12945, 6140
6140, 6271
9408, 6141
6141, 6930
10145, 6142
6142, 10071
12945, 6143
6143, 16489
18416, 6144
6144, 10266
6144, 9591
6144, 16502
15826, 6145
6145, 9044
22426, 6146
11337, 6146
6146, 22311
6146, 11836
6146, 15872
6146, 6528
6146, 10958
6146, 15494
6146, 12003
6146, 12837
6146, 18678
6146, 16527
6146, 11269
6146, 7976
6146, 16732
6146, 8071
6146, 7664
6146, 7500
6146, 6771
6146, 21630
6146, 21691
6146, 12336
6146, 17261
6146, 14307
6146, 10182
6146, 12923
6146, 11328
6146, 15585
6146, 15178
6146, 16745
6146, 19198
6146, 20900
6146, 13559
6146, 20425
6146, 14047
6146, 17051
6146, 16158
6146, 7107
6146, 15834
6146, 15774
6146, 17289
6146, 12894
17205, 6147
6147, 10246
18640, 6148
21313, 6148
16850, 6148
20695, 6148
19144, 6148
7534, 6148
14528, 6148
6616, 6148
7138, 6148
19705, 6148
22367, 6148
21592, 6148
22318, 6148
22329, 6148
7324, 6148
16025, 6148
18826, 6148
15983, 6148
15678, 6148
11316, 6148
10246, 6148
7572, 6148
8765, 6148
12841, 6148
11253, 6148
6148, 15551
6148, 10145
20057, 6149
10838, 6149
14800, 6149
21360, 6149
6149, 19211
15623, 6150
6150, 16247
8017, 6151
6151, 8773
15271, 6152
6152, 16978
19838, 6153
6153, 7711
6153, 14782
6153, 21686
12030, 6154
6154, 22064
17102, 6155
6155, 22978
9759, 6156
6156, 11395
6437, 6157
6157, 9815
23076, 6158
6158, 13437
17043, 6159
6159, 23312
6159, 17497
17997, 6160
6160, 16065
13648, 6161
6161, 22313
16251, 6162
6162, 15359
21767, 6163
6163, 14393
7247, 6164
6164, 14771
12376, 6165
6165, 16506
16066, 6166
6166, 13704
11775, 6167
6167, 17325
10886, 6168
6168, 11972
9401, 6169
6169, 16786
6935, 6170
6758, 6170
6170, 21751
21201, 6171
6171, 11046
10145, 6172
6172, 7089
16419, 6173
6173, 7687
22168, 6174
22265, 6174
7042, 6174
14142, 6174
11575, 6174
18785, 6174
14462, 6174
14202, 6174
22159, 6174
18431, 6174
18523, 6174
21040, 6174
19762, 6174
10337, 6174
6728, 6174
9555, 6174
11203, 6174
7789, 6174
19780, 6174
12781, 6174
22423, 6174
12147, 6174
21363, 6174
21498, 6174
20594, 6174
23022, 6174
21051, 6174
10674, 6174
16069, 6174
7903, 6174
10602, 6174
6681, 6174
8740, 6174
19041, 6174
12162, 6174
13533, 6174
18370, 6174
9644, 6174
23620, 6174
9622, 6174
21284, 6174
13034, 6174
16412, 6174
15756, 6174
14795, 6174
20033, 6174
7038, 6174
16581, 6174
7230, 6174
20849, 6174
22285, 6174
21068, 6174
12634, 6174
19607, 6174
7270, 6174
22708, 6174
8187, 6174
11069, 6174
14105, 6174
11815, 6174
17728, 6174
8538, 6174
12236, 6174
15304, 6174
7194, 6174
20664, 6174
9693, 6174
13210, 6174
8297, 6174
10895, 6174
6776, 6174
13165, 6174
17832, 6174
17515, 6174
10577, 6174
10876, 6174
22369, 6174
8073, 6174
13325, 6174
15090, 6174
19518, 6174
22838, 6174
10038, 6174
20300, 6174
21781, 6174
15893, 6174
14058, 6174
10220, 6174
9601, 6174
17715, 6174
8820, 6174
20301, 6174
12417, 6174
19222, 6174
11466, 6174
6895, 6174
15674, 6174
14985, 6174
22762, 6174
17704, 6174
13349, 6174
12821, 6174
11906, 6174
8337, 6174
14984, 6174
19951, 6174
7106, 6174
18394, 6174
10066, 6174
23105, 6174
17611, 6174
14336, 6174
11768, 6174
14289, 6174
15998, 6174
12980, 6174
22777, 6174
18602, 6174
17633, 6174
8987, 6174
13814, 6174
8764, 6174
12194, 6174
8293, 6174
13307, 6174
19173, 6174
12522, 6174
12545, 6174
10457, 6174
18887, 6174
12609, 6174
9779, 6174
18483, 6174
14941, 6174
8266, 6174
15310, 6174
22521, 6174
21449, 6174
21378, 6174
19137, 6174
22673, 6174
6316, 6174
8200, 6174
8106, 6174
19121, 6174
16956, 6174
19255, 6174
7895, 6174
9702, 6174
9334, 6174
13843, 6174
8368, 6174
22417, 6174
18739, 6174
22012, 6174
22047, 6174
21237, 6174
10426, 6174
8829, 6174
17967, 6174
14320, 6174
19101, 6174
6888, 6174
11460, 6174
10790, 6174
8661, 6174
19272, 6174
10794, 6174
14151, 6174
11425, 6174
11527, 6174
7972, 6174
8247, 6174
12951, 6174
8884, 6174
20467, 6174
11349, 6174
11045, 6174
23047, 6174
14367, 6174
11299, 6174
12755, 6174
13687, 6174
10111, 6174
14896, 6174
17526, 6174
13077, 6174
21612, 6174
11957, 6174
21452, 6174
13527, 6174
13057, 6174
19204, 6174
12694, 6174
20633, 6174
12979, 6174
12892, 6174
14346, 6174
11494, 6174
22194, 6174
18736, 6174
20498, 6174
16264, 6174
10658, 6174
20964, 6174
15191, 6174
21491, 6174
21170, 6174
9658, 6174
11413, 6174
22688, 6174
6424, 6174
8496, 6174
16414, 6174
19566, 6174
21818, 6174
8205, 6174
21718, 6174
13012, 6174
22744, 6174
11885, 6174
18063, 6174
18414, 6174
17815, 6174
15845, 6174
13945, 6174
13633, 6174
6472, 6174
23078, 6174
13756, 6174
9769, 6174
9792, 6174
18393, 6174
7185, 6174
23565, 6174
15967, 6174
11170, 6174
7377, 6174
7160, 6174
14189, 6174
12819, 6174
13789, 6174
21071, 6174
7285, 6174
8294, 6174
19248, 6174
12164, 6174
16952, 6174
21436, 6174
18212, 6174
16310, 6174
18707, 6174
9785, 6174
17190, 6174
8922, 6174
21358, 6174
20320, 6174
7090, 6174
21954, 6174
6174, 12093
12309, 6175
6175, 17270
6175, 17279
16003, 6176
6176, 21398
11347, 6177
15745, 6177
21431, 6177
22435, 6177
10640, 6177
13179, 6177
22587, 6177
20138, 6177
6177, 11747
21272, 6178
6178, 16469
8042, 6179
8312, 6179
6179, 19936
11237, 6180
12846, 6180
6180, 7019
7913, 6181
6181, 15853
23379, 6182
6182, 20335
6182, 8115
7445, 6183
6183, 16202
13937, 6184
11773, 6184
6838, 6184
10212, 6184
6184, 19536
6184, 10147
6184, 9989
6184, 6752
6184, 13113
19553, 6185
6185, 12206
11308, 6186
6186, 11191
11403, 6187
6187, 16683
12516, 6188
6188, 6401
18416, 6189
6189, 14126
6189, 16744
15884, 6190
6190, 18446
6190, 17544
11312, 6191
6191, 8793
9875, 6192
6192, 14477
6192, 7757
17501, 6193
6193, 14335
21058, 6194
6194, 12150
19963, 6195
6195, 7937
12660, 6196
6196, 14832
12945, 6197
6197, 20988
18379, 6198
6198, 23357
6198, 16736
8840, 6199
6199, 20800
20453, 6200
6200, 23201
18658, 6201
9565, 6201
6201, 8385
11452, 6202
6202, 8800
11027, 6203
6203, 23211
10280, 6204
6204, 23412
21136, 6205
6205, 17380
10166, 6206
6206, 17264
6206, 6689
17551, 6207
13223, 6207
17358, 6207
7802, 6207
7565, 6207
12657, 6207
13213, 6207
22573, 6207
21772, 6207
21404, 6207
6772, 6207
7019, 6207
12859, 6207
15341, 6207
17828, 6207
10933, 6207
11112, 6207
7158, 6207
10349, 6207
9920, 6207
14777, 6207
11395, 6207
18243, 6207
13036, 6207
21840, 6207
7932, 6207
10074, 6207
16708, 6207
20264, 6207
6629, 6207
18300, 6207
11195, 6207
21453, 6207
17001, 6207
10732, 6207
7254, 6207
21123, 6207
6207, 15707
13809, 6208
6208, 12340
6208, 11167
8165, 6209
6209, 18572
6815, 6210
6210, 14317
19805, 6211
6211, 11331
21962, 6212
6212, 14445
13414, 6213
6213, 8141
6213, 17721
11799, 6214
6469, 6214
6214, 8591
17640, 6215
14226, 6215
6215, 11342
14480, 6216
17901, 6216
9844, 6216
18874, 6216
15187, 6216
11689, 6216
9343, 6216
6216, 19899
6216, 22750
7296, 6217
6217, 19947
21647, 6218
6218, 12869
14402, 6219
6219, 6415
15109, 6220
6220, 14754
10816, 6221
6221, 18289
21360, 6222
6222, 10029
6222, 19368
19658, 6223
6223, 8416
13986, 6224
6224, 6371
14799, 6225
6225, 9620
14402, 6226
6226, 6415
6567, 6227
6227, 9687
10166, 6228
6228, 9866
6228, 17806
6228, 14290
10145, 6229
6229, 18985
18811, 6230
23395, 6230
6230, 16482
18017, 6231
6231, 20823
19091, 6232
6232, 15371
12977, 6233
8059, 6233
23589, 6233
6233, 7617
9102, 6234
7111, 6234
6234, 18855
16341, 6235
6235, 19624
6673, 6236
6236, 11717
19679, 6237
6237, 11311
8309, 6238
6238, 6592
15947, 6239
14958, 6239
11793, 6239
6586, 6239
14556, 6239
6672, 6239
6239, 11469
10145, 6240
6240, 8699
6488, 6241
6241, 15001
19838, 6242
6242, 13455
6242, 9301
6242, 23321
6242, 7307
6242, 23477
20532, 6243
6243, 17672
21023, 6244
6244, 17138
6244, 6842
10781, 6245
6245, 23393
16140, 6246
6246, 7553
9101, 6247
8319, 6247
6247, 23054
16016, 6248
6248, 23032
11539, 6249
8275, 6249
20867, 6249
8503, 6249
6249, 12016
20565, 6250
6250, 22462
12007, 6251
6251, 21814
6251, 14062
20032, 6252
20715, 6252
6252, 12665
19838, 6253
9507, 6253
6253, 18797
6253, 8888
6253, 19879
6253, 9088
6253, 14983
6253, 8180
19838, 6254
6254, 15196
6254, 17139
6254, 22098
15884, 6255
6255, 22725
