25579, 1
1, 18615
23956, 2
2, 13564
12094, 3
3, 17966
11724, 4
4, 13799
9228, 5
21293, 5
5, 17385
21729, 6
14189, 6
6, 11901
27553, 7
7, 14785
7, 20516
24391, 8
8, 18938
20917, 9
9, 15240
26006, 10
22481, 10
15995, 10
26799, 10
21205, 10
19026, 10
23914, 10
23413, 10
18644, 10
10, 27062
25932, 11
11, 17914
14240, 12
12, 17058
21018, 13
13, 10705
8563, 14
14, 10112
25301, 15
15, 16792
27326, 16
16, 9014
15192, 17
17, 11962
17, 15837
12090, 18
18, 11074
18, 15221
20925, 19
19, 22583
9549, 20
18068, 20
26851, 20
14898, 20
11694, 20
15361, 20
10146, 20
9081, 20
14344, 20
11414, 20
19316, 20
20, 25877
11868, 21
21, 11328
11257, 22
22, 9203
22, 15097
23929, 23
23, 9241
16443, 24
24, 20573
9495, 25
25, 21801
23294, 26
26, 18936
20989, 27
27, 13480
8847, 28
18986, 28
24737, 28
19435, 28
16597, 28
23824, 28
21772, 28
28, 12337
28, 26351
11446, 29
23627, 29
14333, 29
25251, 29
17901, 29
20254, 29
23770, 29
18281, 29
9963, 29
8607, 29
9975, 29
24630, 29
29, 18078
19725, 30
30, 17966
14169, 31
17578, 31
31, 12349
26952, 32
32, 23025
18935, 33
33, 24656
16267, 34
34, 17953
25547, 35
35, 13485
35, 22823
26625, 36
36, 18874
22589, 37
37, 15927
18150, 38
38, 18064
12337, 39
39, 23893
10149, 40
40, 27352
19551, 41
41, 24669
12337, 42
42, 22856
10111, 43
16732, 43
43, 22228
15001, 44
44, 25231
27158, 45
45, 15124
18140, 46
46, 12347
12924, 47
47, 11814
20860, 48
8976, 48
15400, 48
12341, 48
11503, 48
27137, 48
48, 23152
19123, 49
11805, 49
49, 11690
11271, 50
50, 21359
18294, 51
23483, 51
12344, 51
51, 23807
9797, 52
14733, 52
10668, 52
16718, 52
9952, 52
23003, 52
17874, 52
25295, 52
26415, 52
13382, 52
52, 25323
52, 14015
21694, 53
53, 22049
24273, 54
54, 15774
12747, 55
55, 22829
23533, 56
56, 20332
56, 25496
20544, 57
57, 26935
10519, 58
58, 21115
18150, 59
14481, 59
16889, 59
25934, 59
24328, 59
12858, 59
26031, 59
59, 11584
24699, 60
60, 16317
21761, 61
61, 18013
25256, 62
62, 16664
18298, 63
63, 17510
17538, 64
64, 15543
9704, 65
65, 23127
65, 18150
21165, 66
66, 25673
27298, 67
67, 15705
12337, 68
68, 17354
9413, 69
69, 25384
20371, 70
70, 25155
17935, 71
71, 19053
71, 24429
11072, 72
72, 22505
22285, 73
73, 27247
22519, 74
74, 21796
18568, 75
75, 19519
26585, 76
13756, 76
10043, 76
76, 22503
25085, 77
77, 23621
13957, 78
78, 18136
24465, 79
79, 20274
25232, 80
80, 27824
25364, 81
8625, 81
81, 14379
12337, 82
82, 24889
82, 9218
8471, 83
18469, 83
83, 20361
25939, 84
84, 13444
84, 8596
84, 27659
15929, 85
85, 12904
18894, 86
86, 22664
10988, 87
14474, 87
87, 15319
21694, 88
88, 17881
15226, 89
89, 12548
89, 10142
89, 24691
89, 26516
89, 8818
89, 15541
89, 26860
89, 18832
14876, 90
90, 23724
25278, 91
91, 15592
15226, 92
92, 16407
92, 22883
92, 14457
92, 22956
92, 12120
92, 16806
92, 11126
92, 15116
92, 25353
92, 19148
92, 12999
92, 11920
92, 9168
92, 25846
92, 18632
19728, 93
93, 20142
13355, 94
17730, 94
12041, 94
12206, 94
20965, 94
24694, 94
10269, 94
17360, 94
27567, 94
17102, 94
20824, 94
18544, 94
94, 19678
94, 27742
94, 10935
94, 18070
94, 14578
17873, 95
10913, 95
95, 25146
16047, 96
96, 10622
15768, 97
16732, 97
97, 21163
97, 14474
23017, 98
98, 12790
21334, 99
99, 16228
14714, 100
100, 25698
15458, 101
101, 20847
11020, 102
102, 24709
17828, 103
103, 24642
25278, 104
104, 15789
14852, 105
105, 9494
105, 26428
105, 27508
12035, 106
106, 25918
12337, 107
107, 25072
10635, 108
108, 24278
24391, 109
109, 24422
9046, 110
12919, 110
110, 12345
13181, 111
111, 11906
9967, 112
20197, 112
18489, 112
20367, 112
16917, 112
27162, 112
19446, 112
16197, 112
19722, 112
23436, 112
15633, 112
19287, 112
26697, 112
24113, 112
23977, 112
17513, 112
18728, 112
25523, 112
23548, 112
27728, 112
12608, 112
26643, 112
26277, 112
14243, 112
23876, 112
21421, 112
18259, 112
11629, 112
27641, 112
27477, 112
8943, 112
9301, 112
22062, 112
9101, 112
18632, 112
23289, 112
27740, 112
23637, 112
26550, 112
24528, 112
20634, 112
27407, 112
19424, 112
27217, 112
16807, 112
22488, 112
14556, 112
13701, 112
17987, 112
20221, 112
22074, 112
18347, 112
8814, 112
24246, 112
12039, 112
22102, 112
8819, 112
9010, 112
8922, 112
9376, 112
26977, 112
24005, 112
18591, 112
23324, 112
19227, 112
13381, 112
17853, 112
18811, 112
19328, 112
12713, 112
21805, 112
10904, 112
20823, 112
8477, 112
14350, 112
27862, 112
22157, 112
20304, 112
19635, 112
18003, 112
11834, 112
23515, 112
19937, 112
17470, 112
26114, 112
10947, 112
12402, 112
18015, 112
23679, 112
11765, 112
18970, 112
26485, 112
19348, 112
26132, 112
15854, 112
10224, 112
9363, 112
112, 16163
11771, 113
113, 17342
21869, 114
114, 25434
21165, 115
115, 18193
22453, 116
116, 9883
24131, 117
117, 26741
117, 8955
117, 19662
117, 22120
117, 17927
14262, 118
118, 10656
16288, 119
119, 20176
27636, 120
120, 20255
12954, 121
121, 22096
10242, 122
122, 23822
10084, 123
27035, 123
17792, 123
22816, 123
22875, 123
25756, 123
24051, 123
12918, 123
9360, 123
11112, 123
9246, 123
24599, 123
22789, 123
16179, 123
14957, 123
19362, 123
123, 12348
23732, 124
124, 24588
20594, 125
125, 12935
23839, 126
126, 25496
18334, 127
127, 24970
17967, 128
24187, 128
11848, 128
13861, 128
23903, 128
128, 10586
17069, 129
129, 13614
21255, 130
130, 21293
25795, 131
131, 16841
16993, 132
15288, 132
132, 26186
20526, 133
133, 22115
18713, 134
19699, 134
12970, 134
19672, 134
134, 16022
21694, 135
135, 8659
20884, 136
136, 20177
11274, 137
137, 15267
17296, 138
11007, 138
16923, 138
27042, 138
23733, 138
22881, 138
19835, 138
19295, 138
23899, 138
19357, 138
24567, 138
27859, 138
9557, 138
26260, 138
10377, 138
26146, 138
27815, 138
18020, 138
12066, 138
20411, 138
24146, 138
10794, 138
22718, 138
18381, 138
11799, 138
20175, 138
20252, 138
23095, 138
16659, 138
19332, 138
18272, 138
18949, 138
27013, 138
14875, 138
17959, 138
27889, 138
19309, 138
15331, 138
22714, 138
24263, 138
21231, 138
22044, 138
20627, 138
23747, 138
17539, 138
18221, 138
14515, 138
22034, 138
20460, 138
27151, 138
10176, 138
138, 25482
9223, 139
139, 17393
9862, 140
140, 23762
10920, 141
141, 21816
141, 12733
141, 21798
12337, 142
142, 12595
13013, 143
143, 21162
12858, 144
144, 26452
10417, 145
145, 24269
26336, 146
146, 12448
23893, 147
23663, 147
147, 22472
17658, 148
148, 17776
23160, 149
149, 12779
14143, 150
20241, 150
150, 14829
9958, 151
151, 25605
27491, 152
152, 12509
152, 11241
152, 12963
15756, 153
9648, 153
153, 20750
13372, 154
154, 24746
13506, 155
155, 19540
26625, 156
156, 14959
20424, 157
23175, 157
157, 26150
17002, 158
158, 25967
8577, 159
159, 8972
12542, 160
160, 18024
9351, 161
161, 17239
20772, 162
162, 9470
19576, 163
18533, 163
19272, 163
11860, 163
163, 27645
20787, 164
164, 18247
8760, 165
16726, 165
165, 26648
18002, 166
166, 26341
9223, 167
167, 27653
22536, 168
168, 21581
19330, 169
169, 17994
14020, 170
170, 8984
9856, 171
171, 15550
10912, 172
172, 26818
17728, 173
173, 22169
19691, 174
10062, 174
174, 10625
8760, 175
9999, 175
175, 25377
9902, 176
22012, 176
15327, 176
17352, 176
10798, 176
27175, 176
176, 18511
176, 23269
17616, 177
177, 15737
15422, 178
178, 22815
21625, 179
179, 27682
20097, 180
180, 9959
11853, 181
181, 11846
24565, 182
182, 10944
13015, 183
19948, 183
183, 22285
17404, 184
184, 11266
18729, 185
185, 11437
27453, 186
186, 9858
12337, 187
187, 19218
187, 9267
20401, 188
188, 25249
8775, 189
189, 9269
15519, 190
190, 26367
190, 24825
190, 24039
11582, 191
191, 12616
191, 19823
19103, 192
192, 17300
19562, 193
193, 17290
18227, 194
194, 27901
18656, 195
21333, 195
11956, 195
22169, 195
23750, 195
19326, 195
23048, 195
12685, 195
14567, 195
8935, 195
21190, 195
19351, 195
8641, 195
18271, 195
23446, 195
13740, 195
25021, 195
22708, 195
20695, 195
15505, 195
17491, 195
23762, 195
19968, 195
15552, 195
15647, 195
8745, 195
18722, 195
10910, 195
20683, 195
11083, 195
18119, 195
22410, 195
10546, 195
19988, 195
21564, 195
11261, 195
20450, 195
25888, 195
27542, 195
9620, 195
25806, 195
21216, 195
14568, 195
8735, 195
20565, 195
22452, 195
23904, 195
10047, 195
13693, 195
25176, 195
22308, 195
27476, 195
16717, 195
19721, 195
20905, 195
22498, 195
14525, 195
16452, 195
18370, 195
25551, 195
25215, 195
17016, 195
21426, 195
14890, 195
9662, 195
10086, 195
14840, 195
24063, 195
23034, 195
23551, 195
14786, 195
20223, 195
12786, 195
12560, 195
23056, 195
18123, 195
27322, 195
15710, 195
13230, 195
18771, 195
14050, 195
9836, 195
23975, 195
22611, 195
26081, 195
23435, 195
24768, 195
10965, 195
9369, 195
10200, 195
11427, 195
21762, 195
17324, 195
22162, 195
18938, 195
15534, 195
17558, 195
18162, 195
10669, 195
26195, 195
14101, 195
17257, 195
22322, 195
17146, 195
17223, 195
25083, 195
22770, 195
17266, 195
13398, 195
11858, 195
11297, 195
19286, 195
23387, 195
195, 17075
19595, 196
196, 27855
20787, 197
197, 24640
197, 22491
197, 23851
197, 11028
25604, 198
198, 14610
27593, 199
199, 24207
9682, 200
200, 12098
25538, 201
201, 25716
19186, 202
10987, 202
12091, 202
202, 23782
26072, 203
203, 9261
25232, 204
204, 27824
15991, 205
25133, 205
205, 20504
11682, 206
16405, 206
206, 15640
206, 19053
206, 14890
17501, 207
207, 21040
23756, 208
26413, 208
208, 17399
25182, 209
209, 15821
14471, 210
27501, 210
210, 9629
210, 16652
210, 25210
210, 19906
9876, 211
18150, 211
19394, 211
14879, 211
22476, 211
15723, 211
211, 9935
18646, 212
10447, 212
21122, 212
26358, 212
25780, 212
17777, 212
22000, 212
23950, 212
20316, 212
9066, 212
19197, 212
10145, 212
9392, 212
26212, 212
19097, 212
14035, 212
15351, 212
9731, 212
26965, 212
27180, 212
17085, 212
18017, 212
16944, 212
21980, 212
24598, 212
25040, 212
212, 21850
18906, 213
213, 9186
9995, 214
214, 25294
21102, 215
215, 11748
24462, 216
216, 26150
11304, 217
217, 9908
8874, 218
218, 27758
12771, 219
219, 19171
12337, 220
220, 22053
27419, 221
221, 14524
22592, 222
222, 24949
14809, 223
223, 17248
9705, 224
224, 15507
17990, 225
225, 9546
19011, 226
16483, 226
226, 15109
14482, 227
227, 17497
14627, 228
228, 20231
12138, 229
14947, 229
21646, 229
12759, 229
229, 12598
23715, 230
230, 22074
10470, 231
231, 17491
21081, 232
232, 14703
19167, 233
233, 9748
9004, 234
234, 24188
24391, 235
235, 22793
8520, 236
236, 26165
12337, 237
237, 15716
20002, 238
238, 27153
13284, 239
239, 27120
21657, 240
240, 21709
10526, 241
241, 9964
20274, 242
242, 25044
27205, 243
243, 17003
25970, 244
244, 10292
27465, 245
245, 20810
21028, 246
246, 27756
12112, 247
247, 12858
12337, 248
248, 20426
19338, 249
249, 26496
13512, 250
250, 13758
24860, 251
251, 12001
15727, 252
252, 14349
15847, 253
253, 27201
253, 18856
23793, 254
14451, 254
254, 18212
12007, 255
255, 17372
25707, 256
256, 25905
26167, 257
257, 21696
11704, 258
258, 17298
11787, 259
10010, 259
15718, 259
259, 20628
9814, 260
260, 10874
260, 18499
24889, 261
22048, 261
23079, 261
261, 9789
11788, 262
262, 19653
10286, 263
21829, 263
9486, 263
21267, 263
263, 9210
10813, 264
264, 16586
264, 9363
12112, 265
265, 12858
27052, 266
266, 27907
27402, 267
267, 17280
12540, 268
268, 11589
268, 23831
25079, 269
25541, 269
25278, 269
269, 15090
13930, 270
21014, 270
16941, 270
26882, 270
12496, 270
270, 26433
24885, 271
13937, 271
271, 21929
12337, 272
272, 22837
272, 15678
16112, 273
273, 14481
14397, 274
27774, 274
274, 19127
27356, 275
275, 19322
16276, 276
276, 10975
11116, 277
277, 25163
277, 18025
277, 18379
277, 21523
23871, 278
10093, 278
26037, 278
278, 15875
12337, 279
279, 19456
16563, 280
280, 9697
27777, 281
281, 17683
281, 22708
18670, 282
282, 11821
21251, 283
283, 12098
14592, 284
284, 20704
14488, 285
285, 23863
26625, 286
286, 17188
286, 24999
286, 27622
286, 27140
10464, 287
287, 12657
27608, 288
288, 20686
18287, 289
289, 25712
289, 21796
289, 24869
20282, 290
290, 9978
21819, 291
291, 24871
10481, 292
292, 11608
14754, 293
293, 18627
9583, 294
294, 8555
17834, 295
295, 20616
17728, 296
296, 8448
11622, 297
297, 9427
23543, 298
298, 12690
11336, 299
299, 11213
18386, 300
300, 14587
21165, 301
301, 11509
14741, 302
302, 11196
27804, 303
303, 13592
24346, 304
304, 16661
14714, 305
305, 19317
22050, 306
306, 27246
18010, 307
17952, 307
307, 23132
22748, 308
308, 16527
26238, 309
309, 10001
13241, 310
23122, 310
310, 26274
11073, 311
311, 18681
8469, 312
312, 25783
312, 18959
9966, 313
23368, 313
10765, 313
11720, 313
13678, 313
24604, 313
9566, 313
13739, 313
15147, 313
20187, 313
17162, 313
21674, 313
25067, 313
10572, 313
20899, 313
313, 13452
313, 25526
313, 26016
313, 27511
313, 20924
313, 9428
313, 23203
11676, 314
314, 25532
16584, 315
12983, 315
315, 26496
25566, 316
316, 11504
14704, 317
317, 10885
14355, 318
318, 20860
13587, 319
319, 14903
23213, 320
21752, 320
18891, 320
10552, 320
320, 13644
9707, 321
321, 10849
26046, 322
16782, 322
23047, 322
26580, 322
12251, 322
23705, 322
18482, 322
9330, 322
14865, 322
22462, 322
12612, 322
10285, 322
27274, 322
22764, 322
26885, 322
322, 12824
10158, 323
323, 19215
323, 10361
25762, 324
324, 10604
9958, 325
21385, 325
14482, 325
325, 25165
10585, 326
326, 10047
326, 20905
27425, 327
327, 17645
8610, 328
328, 27623
8993, 329
329, 21881
24944, 330
330, 15276
26924, 331
331, 19726
331, 20480
331, 27137
20884, 332
332, 19876
17958, 333
333, 21986
24176, 334
334, 26290
20521, 335
335, 16183
15733, 336
336, 15143
16997, 337
337, 23725
13683, 338
338, 19752
338, 24449
9863, 339
339, 11266
9404, 340
22419, 340
340, 17464
27825, 341
341, 19024
21946, 342
342, 11969
19114, 343
343, 22511
14745, 344
23774, 344
20847, 344
344, 25322
16419, 345
23339, 345
10014, 345
23301, 345
345, 18355
23236, 346
346, 18417
16114, 347
347, 14336
25133, 348
348, 20504
27022, 349
349, 23641
10387, 350
350, 16769
12016, 351
351, 22673
20762, 352
25260, 352
352, 15064
23916, 353
353, 8751
16213, 354
354, 24601
21486, 355
355, 16442
22168, 356
16824, 356
356, 21043
23431, 357
357, 26719
357, 20572
26095, 358
24135, 358
358, 13029
15312, 359
359, 17679
8630, 360
360, 14076
17674, 361
361, 26051
20366, 362
362, 19617
24818, 363
363, 14912
12337, 364
364, 20826
364, 9364
14248, 365
365, 24570
13386, 366
366, 20171
17574, 367
367, 19936
17050, 368
21673, 368
368, 24707
12693, 369
369, 11348
369, 19034
18913, 370
370, 8760
12337, 371
371, 10535
11726, 372
25696, 372
372, 14850
21275, 373
17878, 373
22479, 373
373, 23765
11258, 374
374, 9131
11481, 375
9989, 375
375, 27769
10682, 376
376, 17528
23475, 377
377, 10985
377, 16889
18867, 378
378, 11917
13873, 379
379, 20010
15249, 380
380, 15943
24849, 381
27328, 381
381, 15795
15957, 382
382, 27439
14558, 383
383, 20696
8783, 384
384, 24280
25771, 385
385, 26356
23593, 386
386, 22586
12337, 387
387, 13788
387, 16878
20884, 388
388, 11911
15528, 389
20859, 389
389, 25382
27923, 390
8612, 390
390, 24709
19175, 391
391, 17650
12337, 392
392, 19589
392, 26813
13924, 393
393, 16257
17892, 394
394, 9049
13642, 395
26037, 395
395, 14581
15847, 396
396, 14925
23566, 397
397, 25699
9266, 398
398, 13022
22264, 399
399, 24081
15269, 400
13060, 400
20545, 400
23702, 400
19269, 400
24483, 400
400, 21850
11641, 401
401, 15197
10866, 402
402, 12009
12885, 403
403, 22092
14903, 404
26467, 404
22793, 404
404, 18709
16567, 405
405, 17645
21906, 406
24634, 406
406, 12242
11711, 407
407, 26931
407, 25967
407, 18954
25197, 408
408, 25433
9958, 409
409, 12504
15316, 410
410, 21526
17074, 411
411, 17764
23226, 412
412, 25361
12557, 413
413, 24035
15764, 414
11454, 414
15723, 414
414, 22569
8960, 415
11035, 415
415, 10862
21587, 416
416, 27582
24013, 417
417, 23591
417, 10225
13850, 418
14798, 418
418, 18284
14751, 419
419, 8756
10245, 420
420, 8921
26391, 421
421, 18254
14369, 422
422, 27550
27614, 423
423, 21669
14714, 424
424, 12877
26369, 425
26300, 425
17490, 425
425, 21223
14726, 426
426, 17339
426, 8823
26740, 427
26328, 427
427, 27646
10989, 428
10051, 428
14735, 428
428, 22471
27467, 429
20605, 429
15616, 429
429, 13148
14303, 430
430, 11015
9076, 431
11217, 431
431, 12471
23649, 432
432, 15790
15370, 433
433, 14764
13914, 434
434, 8728
21137, 435
435, 23521
21937, 436
436, 16477
21694, 437
437, 13226
24727, 438
438, 24735
20008, 439
439, 19792
26922, 440
440, 26001
14390, 441
23096, 441
11216, 441
441, 10256
24536, 442
442, 26998
442, 18442
18779, 443
443, 24441
443, 20667
11594, 444
444, 13899
12656, 445
445, 17954
24504, 446
446, 13146
16510, 447
447, 26350
22537, 448
448, 22779
22582, 449
449, 19036
449, 23125
11794, 450
450, 22685
24617, 451
451, 24820
27655, 452
452, 10150
22966, 453
14226, 453
23441, 453
23745, 453
13802, 453
10280, 453
8585, 453
15040, 453
19673, 453
18986, 453
19322, 453
9634, 453
24045, 453
10507, 453
25817, 453
24201, 453
24200, 453
17234, 453
21512, 453
18993, 453
21262, 453
14526, 453
24737, 453
8532, 453
20032, 453
24326, 453
27901, 453
9248, 453
12598, 453
9765, 453
10141, 453
24669, 453
17045, 453
21284, 453
20010, 453
27672, 453
13227, 453
18308, 453
25689, 453
25931, 453
25378, 453
10112, 453
9074, 453
14040, 453
26331, 453
14943, 453
13291, 453
18288, 453
23497, 453
25323, 453
18066, 453
10542, 453
26731, 453
26541, 453
453, 12337
453, 12122
14399, 454
454, 23020
26018, 455
455, 17202
15768, 456
27449, 456
25934, 456
10119, 456
22793, 456
23893, 456
456, 24909
8766, 457
457, 9385
13189, 458
458, 19177
21727, 459
459, 11917
12851, 460
460, 27897
20752, 461
461, 9822
18846, 462
462, 15216
11182, 463
27248, 463
463, 12308
9367, 464
464, 17353
18102, 465
465, 13197
26364, 466
466, 16910
21687, 467
467, 9387
20884, 468
468, 11252
19949, 469
469, 10112
15099, 470
470, 27619
19077, 471
471, 27774
25723, 472
472, 26908
15802, 473
473, 14655
473, 12379
12337, 474
474, 12942
13328, 475
475, 23471
12723, 476
476, 10062
9574, 477
477, 27459
21385, 478
478, 11068
11238, 479
12020, 479
25334, 479
17121, 479
11712, 479
15324, 479
21677, 479
25432, 479
10851, 479
23334, 479
15167, 479
18463, 479
12111, 479
12988, 479
17562, 479
27282, 479
19288, 479
479, 19836
14782, 480
480, 25752
21575, 481
481, 8519
11619, 482
21926, 482
13273, 482
482, 25592
14859, 483
483, 24874
23972, 484
484, 16755
14833, 485
485, 10179
15199, 486
486, 14195
23331, 487
487, 22701
21087, 488
488, 19184
488, 22427
11232, 489
489, 21293
16495, 490
490, 21105
22630, 491
491, 11589
20431, 492
492, 18850
21033, 493
493, 19515
9161, 494
494, 24439
23149, 495
15515, 495
495, 9207
9313, 496
496, 15243
23865, 497
497, 24772
19977, 498
20036, 498
498, 12552
25159, 499
499, 16333
18070, 500
12779, 500
500, 8931
19317, 501
12847, 501
9096, 501
18168, 501
8701, 501
13387, 501
9311, 501
18319, 501
16532, 501
14087, 501
20698, 501
25007, 501
14171, 501
18932, 501
19956, 501
9548, 501
22865, 501
18850, 501
22337, 501
20667, 501
26511, 501
25190, 501
18667, 501
24642, 501
26056, 501
18751, 501
26161, 501
27472, 501
17944, 501
18509, 501
19047, 501
23775, 501
14425, 501
9056, 501
19687, 501
16057, 501
16358, 501
26463, 501
16411, 501
24571, 501
12083, 501
18332, 501
8650, 501
20808, 501
12816, 501
25170, 501
11110, 501
17428, 501
20055, 501
14348, 501
12595, 501
24632, 501
11328, 501
23621, 501
18513, 501
10894, 501
19002, 501
15911, 501
19014, 501
501, 17526
25958, 502
502, 13425
21385, 503
503, 13426
25808, 504
15979, 504
10255, 504
18004, 504
504, 15698
23273, 505
505, 16963
26625, 506
506, 9629
506, 22025
17285, 507
507, 21290
13015, 508
27196, 508
24355, 508
508, 15917
11945, 509
509, 13290
12439, 510
510, 16889
19235, 511
511, 25593
26126, 512
512, 24454
25876, 513
513, 26971
17409, 514
514, 13490
20884, 515
515, 13339
15827, 516
13586, 516
27300, 516
516, 17440
19482, 517
517, 9999
517, 14391
15056, 518
518, 26943
27272, 519
519, 27705
519, 12163
519, 9944
25734, 520
520, 11403
9642, 521
521, 20437
9823, 522
522, 18530
16553, 523
523, 10806
19209, 524
524, 24669
25982, 525
525, 25785
21385, 526
526, 11008
526, 19471
27583, 527
527, 25361
19066, 528
22106, 528
528, 9339
25116, 529
529, 22931
15733, 530
530, 15143
11353, 531
531, 23097
531, 27292
10314, 532
12044, 532
27946, 532
11131, 532
532, 10998
11537, 533
533, 17855
533, 25008
533, 26297
533, 13757
533, 13439
533, 9296
533, 25445
533, 26834
25833, 534
534, 16888
19367, 535
535, 9671
15630, 536
536, 14154
536, 20730
13357, 537
537, 23657
17751, 538
538, 16790
15479, 539
539, 24043
16992, 540
540, 25870
14714, 541
541, 16582
20884, 542
542, 27301
19747, 543
543, 24093
22231, 544
544, 13036
11056, 545
545, 12419
23077, 546
16177, 546
546, 18918
546, 15112
21417, 547
547, 12213
26622, 548
548, 16817
12565, 549
13544, 549
549, 19684
549, 9233
549, 13133
549, 13462
549, 21997
549, 25304
549, 16753
549, 21883
549, 13752
549, 17870
549, 12389
549, 8884
549, 13208
549, 20087
549, 12696
549, 13100
549, 14964
549, 24861
549, 11953
25278, 550
550, 21312
24910, 551
27439, 551
551, 24143
20860, 552
11255, 552
552, 10180
20884, 553
553, 22088
19087, 554
554, 12966
554, 12040
554, 15751
17231, 555
18845, 555
555, 13138
21825, 556
556, 24690
15713, 557
26068, 557
557, 8571
17728, 558
558, 8745
24740, 559
559, 8627
24391, 560
560, 12800
12337, 561
561, 10586
25421, 562
27885, 562
12375, 562
562, 9767
18966, 563
563, 26387
21372, 564
564, 23032
10558, 565
9259, 565
22384, 565
18275, 565
12319, 565
20050, 565
27739, 565
565, 10923
18077, 566
15826, 566
22233, 566
566, 16647
25428, 567
567, 16354
10629, 568
568, 16656
11116, 569
569, 26973
569, 13291
569, 26735
569, 17471
20818, 570
570, 27881
15433, 571
571, 13951
21165, 572
572, 19079
12328, 573
20895, 573
8801, 573
573, 25426
27330, 574
574, 8514
9831, 575
17276, 575
9353, 575
10062, 575
575, 15795
11428, 576
576, 19897
14814, 577
577, 22595
577, 8876
12337, 578
578, 15569
10593, 579
8738, 579
579, 19778
16337, 580
580, 8623
9560, 581
581, 17578
19686, 582
582, 11043
15932, 583
583, 8868
18142, 584
584, 20200
22513, 585
19085, 585
585, 22942
10234, 586
586, 15692
586, 24734
20926, 587
587, 25969
24296, 588
588, 12335
14089, 589
589, 24232
10422, 590
9723, 590
590, 24511
25691, 591
591, 8933
12337, 592
592, 27025
8713, 593
593, 8701
14004, 594
594, 18740
594, 15871
9435, 595
595, 14434
17217, 596
596, 19823
596, 10810
24197, 597
597, 14688
23759, 598
15583, 598
26242, 598
598, 11627
25734, 599
599, 11403
20921, 600
600, 17986
600, 14568
25055, 601
601, 11937
11116, 602
602, 27530
14674, 603
13484, 603
8947, 603
21483, 603
603, 9964
26618, 604
604, 26605
15830, 605
25259, 605
605, 10588
23099, 606
606, 18582
12337, 607
607, 9726
26678, 608
608, 8811
11473, 609
16979, 609
609, 15723
25242, 610
610, 24219
18878, 611
611, 8659
611, 15471
17108, 612
612, 11384
15305, 613
613, 19476
20860, 614
614, 24249
23438, 615
615, 19126
15199, 616
616, 25274
9667, 617
617, 24311
12372, 618
618, 9818
18699, 619
619, 26970
15309, 620
620, 21343
13565, 621
621, 12481
11349, 622
622, 18120
20972, 623
623, 10553
15698, 624
624, 17491
12337, 625
625, 22741
20614, 626
626, 26340
13688, 627
627, 11070
27087, 628
18588, 628
13724, 628
20080, 628
22897, 628
24933, 628
10942, 628
9733, 628
25859, 628
8719, 628
24067, 628
628, 22250
12337, 629
629, 24225
13876, 630
630, 26300
13259, 631
631, 26818
21165, 632
632, 8664
17909, 633
16125, 633
14275, 633
14800, 633
10825, 633
13882, 633
633, 16154
25204, 634
634, 25801
9063, 635
635, 10112
635, 23608
24174, 636
636, 9620
21808, 637
637, 25975
15600, 638
638, 26297
20466, 639
639, 15030
19683, 640
640, 12253
22202, 641
17274, 641
641, 21088
11091, 642
642, 18616
10638, 643
643, 25361
26930, 644
644, 19037
9865, 645
645, 15676
8630, 646
646, 14076
11998, 647
647, 25413
24391, 648
648, 12245
8964, 649
649, 25414
26030, 650
21049, 650
26359, 650
14797, 650
15559, 650
12547, 650
11949, 650
13928, 650
10714, 650
16038, 650
17865, 650
27886, 650
20349, 650
11974, 650
15058, 650
650, 20534
15029, 651
651, 25154
17328, 652
652, 24507
17728, 653
653, 23816
11463, 654
654, 19926
654, 8797
23442, 655
655, 11070
25635, 656
656, 15513
20306, 657
657, 9248
14809, 658
658, 27677
9849, 659
659, 12573
17030, 660
660, 23014
23351, 661
661, 26583
661, 15221
19025, 662
662, 24712
23732, 663
663, 13224
20342, 664
664, 9391
12337, 665
665, 10586
24391, 666
666, 11495
12337, 667
667, 17955
9531, 668
668, 18364
668, 10480
668, 19089
27847, 669
25751, 669
669, 11969
21282, 670
670, 11066
12337, 671
671, 10586
27492, 672
672, 24034
17964, 673
673, 24559
11850, 674
674, 10199
24767, 675
675, 17663
13329, 676
676, 22441
17938, 677
677, 22534
18860, 678
678, 11658
16607, 679
679, 24669
20884, 680
680, 19421
10853, 681
681, 22313
24738, 682
682, 22664
15847, 683
683, 25798
17312, 684
15828, 684
19939, 684
684, 10885
16812, 685
685, 15348
19773, 686
20057, 686
13249, 686
686, 18226
25347, 687
687, 18150
25166, 688
688, 10327
27482, 689
689, 10822
24331, 690
690, 26847
20518, 691
691, 13870
24577, 692
692, 17776
692, 25752
11416, 693
693, 14893
20214, 694
694, 23868
26063, 695
695, 9065
18716, 696
696, 14226
21391, 697
697, 19511
15047, 698
698, 20701
22818, 699
699, 26985
12714, 700
700, 24082
17998, 701
701, 10412
14046, 702
702, 25069
27848, 703
703, 8683
22805, 704
704, 24671
704, 12738
18402, 705
24123, 705
17063, 705
705, 19445
18300, 706
706, 18784
9862, 707
707, 24764
18785, 708
708, 27802
24361, 709
709, 11215
24997, 710
710, 15927
10610, 711
711, 26433
10158, 712
712, 21788
712, 16719
19235, 713
713, 25593
12636, 714
714, 18532
15226, 715
715, 26947
715, 22643
715, 16975
715, 18864
715, 24646
14945, 716
716, 17009
716, 20512
9410, 717
12111, 717
717, 13073
19138, 718
718, 9275
26167, 719
719, 27029
27578, 720
720, 18720
23153, 721
721, 25139
16823, 722
722, 8669
17097, 723
723, 14167
25030, 724
724, 15870
11359, 725
18986, 725
16684, 725
22627, 725
24737, 725
12886, 725
10112, 725
12098, 725
725, 18576
725, 12337
27110, 726
726, 24218
14479, 727
727, 16252
21691, 728
728, 15869
12542, 729
729, 18986
21930, 730
25202, 730
730, 25675
15426, 731
731, 11029
21165, 732
732, 15462
11640, 733
733, 25100
12656, 734
734, 20780
9708, 735
735, 10112
13782, 736
736, 26591
736, 13444
11919, 737
737, 19855
24391, 738
738, 13851
22599, 739
739, 20654
15847, 740
740, 8485
9178, 741
741, 9083
741, 9883
13160, 742
742, 24468
20355, 743
743, 20418
11274, 744
744, 18083
12337, 745
745, 24648
24259, 746
12198, 746
18552, 746
25278, 746
746, 21312
18150, 747
747, 9767
14834, 748
748, 23623
25400, 749
749, 16171
26640, 750
750, 14607
19921, 751
751, 15333
751, 10863
27724, 752
13977, 752
752, 21333
11210, 753
753, 15210
18435, 754
754, 17978
12337, 755
755, 21153
755, 23893
27734, 756
756, 21984
756, 18690
756, 23053
756, 14401
19046, 757
757, 21389
23506, 758
758, 27106
758, 24278
15051, 759
759, 13480
13225, 760
9575, 760
15495, 760
760, 10747
760, 15869
12791, 761
761, 14643
19214, 762
762, 21343
17152, 763
10554, 763
763, 26496
18856, 764
19206, 764
764, 17585
24391, 765
765, 11216
10318, 766
766, 15771
15125, 767
27742, 767
767, 16628
24481, 768
768, 16053
21532, 769
769, 19210
23026, 770
770, 17117
770, 16531
14621, 771
18918, 771
771, 22251
19833, 772
772, 21546
13534, 773
773, 19865
20693, 774
774, 15311
22807, 775
775, 19506
22618, 776
776, 27415
16285, 777
17379, 777
23321, 777
19126, 777
22179, 777
23652, 777
27547, 777
17343, 777
25956, 777
27083, 777
14501, 777
10241, 777
21629, 777
15345, 777
18262, 777
25620, 777
22095, 777
13066, 777
15371, 777
26715, 777
22272, 777
21395, 777
13575, 777
13252, 777
8524, 777
12176, 777
20991, 777
9034, 777
23418, 777
14511, 777
17294, 777
20528, 777
14003, 777
26067, 777
26279, 777
15459, 777
18397, 777
14593, 777
17645, 777
11642, 777
27786, 777
10175, 777
25916, 777
16957, 777
11715, 777
23843, 777
9391, 777
13505, 777
10287, 777
26366, 777
12920, 777
9996, 777
21487, 777
12002, 777
18560, 777
25114, 777
27129, 777
10846, 777
20813, 777
13903, 777
21726, 777
10586, 777
18920, 777
19141, 777
21109, 777
18138, 777
27708, 777
19508, 777
18407, 777
13182, 777
22093, 777
27118, 777
18314, 777
24605, 777
12024, 777
24716, 777
23385, 777
23547, 777
16247, 777
9150, 777
23961, 777
26116, 777
11575, 777
15007, 777
9811, 777
10502, 777
12418, 777
23184, 777
25884, 777
11339, 777
18476, 777
16741, 777
20045, 777
23115, 777
27891, 777
13405, 777
20908, 777
10424, 777
21276, 777
20448, 777
13720, 777
17794, 777
9035, 777
21123, 777
20531, 777
21340, 777
20177, 777
20561, 777
19874, 777
19062, 777
18956, 777
10332, 777
21914, 777
17833, 777
16943, 777
14014, 777
16032, 777
16777, 777
18340, 777
23985, 777
17204, 777
25455, 777
14086, 777
12905, 777
22469, 777
21320, 777
12585, 777
17070, 777
21615, 777
15020, 777
25220, 777
23648, 777
24527, 777
9092, 777
13274, 777
27679, 777
21766, 777
24560, 777
11554, 777
25217, 777
16374, 777
16814, 777
23645, 777
14559, 777
13909, 777
22448, 777
26788, 777
24845, 777
26044, 777
9139, 777
21350, 777
26407, 777
24109, 777
18313, 777
9517, 777
27940, 777
11025, 777
17657, 777
22832, 777
21075, 777
25618, 777
17961, 777
22403, 777
23119, 777
20256, 777
12679, 777
27783, 777
19492, 777
25714, 777
21077, 777
13733, 777
24261, 777
17077, 777
21708, 777
12142, 777
777, 24730
9891, 778
778, 13371
14189, 779
779, 10418
14074, 780
14465, 780
22150, 780
17618, 780
780, 10105
20966, 781
781, 19593
21243, 782
22079, 782
17578, 782
15015, 782
782, 10561
25179, 783
783, 24864
783, 12361
17133, 784
784, 9128
25853, 785
785, 25361
20970, 786
786, 10732
25948, 787
787, 10081
20807, 788
10325, 788
788, 12326
25266, 789
789, 22432
9563, 790
790, 20020
26566, 791
791, 18758
14714, 792
792, 15129
25836, 793
15349, 793
793, 12929
793, 12390
793, 21268
793, 8930
793, 25955
26179, 794
794, 21125
794, 13170
13495, 795
795, 20400
13769, 796
14569, 796
12243, 796
24629, 796
796, 27160
13600, 797
797, 18122
23057, 798
798, 9432
798, 15403
798, 19355
23683, 799
799, 11404
799, 11399
16563, 800
800, 15998
17468, 801
801, 24556
15652, 802
802, 14408
9887, 803
803, 12236
803, 20499
27161, 804
804, 12393
804, 24278
804, 14728
23732, 805
26966, 805
805, 17856
12061, 806
806, 17823
12337, 807
807, 15131
12432, 808
808, 15512
24391, 809
809, 13573
20114, 810
810, 15243
10982, 811
811, 19128
14998, 812
812, 26291
22342, 813
813, 8574
27605, 814
814, 18495
23865, 815
815, 8734
22440, 816
26417, 816
26305, 816
26194, 816
24760, 816
16185, 816
27092, 816
12558, 816
8992, 816
20975, 816
14037, 816
16365, 816
9873, 816
15501, 816
25986, 816
816, 26380
19522, 817
817, 25514
17391, 818
818, 13004
20731, 819
819, 26341
12217, 820
820, 14715
11381, 821
10730, 821
12646, 821
821, 24869
821, 22374
14832, 822
822, 15623
24529, 823
823, 25590
20650, 824
17421, 824
11896, 824
824, 20215
26228, 825
825, 10222
22578, 826
826, 15816
21729, 827
827, 24658
10055, 828
828, 11999
22078, 829
829, 11127
829, 12481
25790, 830
830, 11541
26995, 831
831, 23345
22290, 832
832, 16111
10344, 833
833, 18308
11488, 834
834, 18403
12337, 835
835, 21989
26637, 836
836, 10812
19277, 837
21830, 837
11807, 837
837, 12235
24234, 838
838, 23481
27261, 839
839, 24275
17703, 840
840, 15523
27544, 841
841, 9390
12337, 842
842, 23263
19776, 843
843, 14979
843, 12281
20827, 844
844, 9386
15730, 845
845, 18403
12337, 846
846, 24889
846, 23893
846, 17437
25923, 847
847, 17234
17740, 848
848, 25069
24391, 849
849, 13659
20828, 850
850, 17479
27130, 851
851, 20969
27078, 852
20059, 852
23763, 852
10403, 852
20408, 852
26184, 852
18478, 852
24186, 852
16136, 852
26825, 852
11988, 852
19242, 852
27266, 852
17962, 852
852, 14690
20970, 853
853, 27857
9746, 854
854, 16153
26055, 855
855, 24849
18906, 856
856, 9186
25962, 857
27233, 857
857, 16579
22544, 858
858, 25529
16966, 859
859, 10321
22187, 860
860, 13156
25733, 861
861, 11706
14175, 862
862, 11100
862, 9069
862, 20076
21295, 863
863, 10233
11312, 864
864, 9509
20523, 865
865, 19746
18251, 866
19972, 866
866, 8710
11725, 867
867, 27250
14128, 868
868, 8659
10667, 869
869, 22038
9962, 870
870, 22811
26669, 871
871, 18066
15316, 872
872, 21526
10308, 873
16348, 873
27912, 873
18415, 873
25911, 873
22833, 873
19060, 873
14373, 873
873, 10763
26268, 874
17191, 874
24572, 874
874, 13567
17224, 875
875, 10280
13785, 876
876, 14762
20884, 877
877, 11223
19917, 878
878, 12481
11138, 879
879, 21589
14588, 880
880, 27328
26568, 881
881, 9328
11353, 882
882, 13344
882, 19350
21183, 883
883, 22379
10125, 884
884, 11330
26855, 885
885, 10938
24878, 886
886, 16212
18150, 887
11910, 887
13663, 887
887, 14854
16709, 888
888, 10633
16468, 889
889, 18542
25993, 890
890, 16498
18277, 891
891, 11944
26515, 892
892, 18150
9367, 893
893, 17353
25181, 894
894, 16225
27735, 895
10671, 895
23946, 895
25208, 895
10079, 895
21330, 895
18014, 895
895, 16243
11241, 896
16254, 896
896, 15533
8462, 897
897, 12522
16634, 898
898, 27520
26608, 899
899, 9370
23139, 900
22996, 900
900, 24282
900, 14132
9162, 901
901, 15796
901, 13525
24331, 902
902, 16337
26627, 903
903, 11917
25047, 904
904, 21760
15330, 905
22793, 905
19499, 905
905, 16327
27955, 906
906, 11999
21068, 907
907, 12839
13550, 908
908, 17654
10430, 909
12600, 909
909, 9895
17788, 910
16698, 910
910, 13181
27010, 911
911, 18857
21849, 912
25488, 912
20931, 912
17818, 912
27256, 912
20912, 912
25580, 912
14895, 912
11502, 912
24801, 912
20720, 912
17981, 912
10373, 912
22242, 912
17854, 912
10516, 912
10170, 912
22305, 912
14549, 912
14436, 912
8686, 912
24327, 912
19766, 912
912, 20844
912, 9162
912, 14174
12542, 913
913, 15404
13469, 914
914, 23579
12908, 915
915, 14962
25608, 916
916, 11553
916, 8760
21761, 917
917, 18013
21355, 918
918, 15480
21415, 919
919, 14282
22657, 920
920, 16308
920, 18390
9657, 921
921, 17451
18395, 922
922, 10819
9862, 923
923, 25502
23906, 924
27446, 924
15673, 924
21668, 924
12659, 924
20325, 924
25848, 924
23989, 924
13028, 924
11032, 924
12021, 924
10168, 924
16017, 924
22698, 924
924, 26532
924, 12128
12007, 925
925, 17372
15820, 926
926, 24387
926, 19067
926, 21072
926, 25053
21460, 927
927, 18081
27587, 928
928, 18382
928, 25175
12129, 929
929, 23823
9314, 930
930, 15924
10749, 931
931, 27106
26192, 932
932, 8971
932, 16672
932, 18155
932, 19709
932, 18852
27566, 933
9718, 933
933, 20935
15384, 934
934, 19195
14809, 935
935, 13780
11882, 936
936, 8760
936, 9775
27660, 937
937, 10443
27329, 938
938, 12013
20382, 939
14017, 939
939, 23844
15047, 940
940, 9228
21260, 941
941, 23076
19564, 942
942, 13588
20469, 943
943, 25323
24568, 944
12214, 944
25059, 944
944, 16341
25473, 945
945, 20387
945, 21216
15133, 946
17889, 946
18344, 946
25291, 946
27921, 946
946, 25426
19085, 947
22513, 947
947, 18119
17446, 948
948, 22301
13877, 949
949, 12987
27499, 950
950, 17847
23845, 951
25881, 951
27832, 951
14353, 951
16727, 951
15315, 951
951, 17375
8882, 952
952, 25840
15545, 953
953, 18150
27636, 954
954, 20255
13507, 955
22166, 955
18412, 955
16369, 955
22049, 955
13657, 955
16537, 955
9370, 955
19151, 955
17776, 955
16787, 955
20274, 955
13528, 955
25788, 955
12027, 955
18085, 955
13920, 955
8760, 955
20530, 955
22532, 955
22470, 955
11748, 955
15983, 955
9939, 955
10025, 955
22661, 955
15125, 955
20484, 955
16613, 955
11821, 955
20504, 955
24277, 955
18150, 955
12245, 955
22760, 955
17200, 955
22490, 955
25172, 955
24709, 955
20577, 955
18521, 955
17280, 955
24173, 955
18304, 955
19053, 955
22378, 955
21563, 955
14143, 955
26059, 955
15949, 955
16310, 955
22182, 955
13758, 955
19156, 955
12977, 955
22374, 955
16871, 955
27438, 955
15943, 955
14302, 955
23721, 955
20171, 955
21500, 955
8756, 955
27522, 955
10043, 955
10661, 955
20969, 955
10895, 955
16527, 955
18664, 955
12858, 955
25771, 955
18499, 955
13444, 955
17175, 955
18991, 955
9434, 955
12481, 955
23272, 955
8669, 955
21103, 955
14298, 955
20664, 955
11216, 955
12128, 955
19930, 955
26687, 955
18120, 955
14744, 955
26300, 955
11589, 955
21725, 955
27508, 955
13061, 955
24842, 955
8830, 955
17857, 955
11846, 955
17181, 955
25351, 955
17578, 955
22931, 955
22436, 955
13953, 955
19010, 955
19329, 955
22793, 955
15197, 955
14290, 955
24116, 955
12850, 955
15221, 955
23591, 955
15859, 955
25496, 955
24771, 955
27674, 955
24496, 955
21958, 955
17512, 955
22479, 955
26754, 955
15143, 955
21928, 955
14272, 955
15723, 955
25905, 955
14971, 955
23330, 955
955, 22194
13008, 956
20463, 956
11538, 956
22983, 956
13886, 956
22962, 956
20250, 956
15918, 956
12873, 956
956, 15114
956, 26532
22837, 957
27711, 957
22939, 957
957, 16670
22869, 958
958, 15813
26690, 959
959, 16438
21590, 960
960, 15768
10001, 961
961, 18263
13818, 962
962, 10112
24566, 963
14189, 963
963, 10864
18626, 964
964, 20628
12820, 965
20867, 965
965, 19880
965, 13224
20727, 966
966, 10560
8496, 967
967, 21454
12337, 968
968, 12034
9845, 969
969, 24900
21480, 970
970, 25323
14876, 971
971, 15045
15934, 972
21317, 972
17434, 972
24511, 972
14970, 972
19215, 972
20274, 972
16248, 972
16252, 972
21769, 972
18583, 972
11503, 972
18821, 972
19699, 972
24336, 972
20642, 972
12128, 972
16913, 972
26069, 972
15090, 972
24029, 972
17067, 972
25632, 972
16306, 972
13305, 972
15143, 972
972, 12974
14714, 973
973, 22646
20884, 974
974, 10131
19544, 975
975, 20274
21818, 976
976, 15266
20884, 977
977, 17223
17776, 978
20530, 978
18691, 978
12611, 978
24277, 978
18821, 978
21170, 978
9159, 978
978, 16620
19247, 979
22960, 979
14015, 979
10062, 979
979, 23343
21212, 980
980, 24739
19580, 981
981, 18129
981, 12631
10728, 982
982, 11742
10701, 983
13872, 983
983, 11541
25094, 984
984, 10112
13695, 985
12454, 985
985, 19260
16233, 986
986, 23106
986, 21293
19273, 987
21700, 987
987, 26381
24391, 988
988, 24354
27544, 989
989, 9662
16288, 990
990, 20176
16947, 991
991, 22234
20611, 992
992, 26081
17371, 993
993, 13937
9846, 994
994, 23034
24948, 995
12316, 995
25336, 995
8572, 995
21352, 995
17411, 995
22705, 995
10295, 995
17271, 995
26117, 995
22814, 995
13613, 995
26008, 995
26487, 995
10915, 995
10388, 995
19109, 995
27775, 995
26312, 995
995, 14853
9225, 996
996, 17045
21295, 997
997, 23778
12695, 998
998, 15949
998, 15211
17109, 999
999, 24467
9560, 1000
1000, 17578
18079, 1001
1001, 20964
21329, 1002
1002, 22436
15944, 1003
1003, 17681
11703, 1004
23617, 1004
19790, 1004
17584, 1004
1004, 27460
15656, 1005
1005, 15016
16120, 1006
1006, 27527
1006, 8668
12226, 1007
1007, 12737
22262, 1008
1008, 25699
14478, 1009
1009, 24405
1009, 24160
27254, 1010
1010, 25699
18195, 1011
14490, 1011
25829, 1011
18321, 1011
21470, 1011
1011, 11168
20313, 1012
1012, 8865
19093, 1013
1013, 16343
13245, 1014
1014, 13440
11190, 1015
1015, 22880
1015, 20977
14638, 1016
1016, 20598
21042, 1017
1017, 13906
12293, 1018
1018, 24201
1018, 26707
22575, 1019
1019, 20860
1019, 18858
10598, 1020
1020, 9714
24267, 1021
1021, 15243
16328, 1022
1022, 11317
13907, 1023
1023, 18404
25117, 1024
1024, 26842
13972, 1025
1025, 19953
26579, 1026
1026, 9022
18612, 1027
1027, 14744
9718, 1028
11896, 1028
13415, 1028
1028, 24408
10134, 1029
1029, 13379
12337, 1030
1030, 25303
26187, 1031
1031, 26544
12337, 1032
1032, 14304
26472, 1033
1033, 15087
17908, 1034
1034, 9497
14809, 1035
1035, 10895
25985, 1036
1036, 21851
1036, 10319
21164, 1037
1037, 20090
10932, 1038
1038, 17710
22285, 1039
1039, 27247
8822, 1040
1040, 24914
25808, 1041
11705, 1041
12384, 1041
14971, 1041
1041, 15350
12800, 1042
23272, 1042
10001, 1042
26441, 1042
1042, 27295
18984, 1043
1043, 19824
12642, 1044
1044, 16829
20009, 1045
1045, 22924
11951, 1046
19818, 1046
1046, 12598
23929, 1047
1047, 23244
10997, 1048
1048, 15190
8805, 1049
9711, 1049
1049, 16768
16842, 1050
1050, 22960
14045, 1051
1051, 12205
26895, 1052
1052, 14971
19787, 1053
1053, 23504
9148, 1054
1054, 26021
14508, 1055
1055, 11886
10211, 1056
1056, 20864
10761, 1057
1057, 10416
20688, 1058
1058, 19620
13952, 1059
1059, 18047
11643, 1060
1060, 10678
8496, 1061
1061, 21454
17420, 1062
18885, 1062
22393, 1062
1062, 19526
25278, 1063
1063, 16362
25774, 1064
1064, 14393
19374, 1065
1065, 24132
10044, 1066
1066, 27928
25278, 1067
1067, 11403
21856, 1068
1068, 19570
23341, 1069
1069, 21126
26063, 1070
1070, 9065
27159, 1071
10229, 1071
1071, 13306
13219, 1072
1072, 24737
11256, 1073
1073, 10076
1073, 14508
11566, 1074
13681, 1074
18821, 1074
17435, 1074
14225, 1074
17442, 1074
10809, 1074
24016, 1074
27872, 1074
1074, 18222
23419, 1075
9040, 1075
19448, 1075
1075, 18041
16849, 1076
1076, 18412
17285, 1077
1077, 21290
23358, 1078
1078, 18719
26820, 1079
25471, 1079
27554, 1079
20016, 1079
1079, 10885
22210, 1080
1080, 26569
1080, 22263
1080, 18131
1080, 11471
1080, 9881
10798, 1081
22453, 1081
1081, 27038
1081, 14246
22907, 1082
13541, 1082
19999, 1082
20910, 1082
19869, 1082
10976, 1082
17596, 1082
13205, 1082
11671, 1082
20724, 1082
13301, 1082
25862, 1082
12185, 1082
10066, 1082
23803, 1082
23423, 1082
14738, 1082
1082, 15049
13741, 1083
1083, 19758
9496, 1084
1084, 19459
23757, 1085
1085, 15403
20974, 1086
1086, 10934
25278, 1087
1087, 21936
24362, 1088
20694, 1088
1088, 21959
15226, 1089
1089, 18126
1089, 23528
1089, 21321
1089, 21311
1089, 17094
1089, 18540
1089, 19715
1089, 19838
1089, 18591
15034, 1090
1090, 16664
10591, 1091
1091, 17788
12396, 1092
1092, 16193
10576, 1093
1093, 22030
24828, 1094
1094, 15015
23566, 1095
1095, 25699
24391, 1096
1096, 24422
10802, 1097
1097, 9112
15635, 1098
1098, 21181
15733, 1099
1099, 15143
11362, 1100
1100, 20530
19124, 1101
13464, 1101
1101, 24437
20737, 1102
13828, 1102
26258, 1102
19912, 1102
1102, 17997
14876, 1103
1103, 13826
24330, 1104
1104, 12671
12930, 1105
1105, 13480
12337, 1106
1106, 25216
22856, 1107
21918, 1107
1107, 22658
23007, 1108
1108, 16863
19591, 1109
1109, 15794
1109, 21213
10073, 1110
20865, 1110
1110, 24737
25272, 1111
1111, 9174
1111, 15221
24391, 1112
1112, 16594
22559, 1113
1113, 19472
21278, 1114
1114, 9434
1114, 13663
26527, 1115
1115, 16556
22225, 1116
26907, 1116
9698, 1116
12044, 1116
1116, 20188
26343, 1117
19581, 1117
1117, 16925
24433, 1118
1118, 8728
1118, 22239
25015, 1119
1119, 15158
9308, 1120
1120, 11748
13378, 1121
1121, 25470
12542, 1122
1122, 18986
14809, 1123
1123, 17248
18806, 1124
18147, 1124
21507, 1124
11129, 1124
23992, 1124
25832, 1124
15000, 1124
1124, 16977
23970, 1125
1125, 19025
20771, 1126
1126, 11103
21234, 1127
1127, 22917
13341, 1128
1128, 19710
26320, 1129
23907, 1129
1129, 20800
20884, 1130
1130, 26416
10226, 1131
1131, 13679
22490, 1132
11662, 1132
1132, 13370
18668, 1133
1133, 18992
20871, 1134
1134, 18304
15442, 1135
23952, 1135
14150, 1135
12649, 1135
12538, 1135
10151, 1135
1135, 27903
1135, 13011
20341, 1136
1136, 13212
8520, 1137
1137, 26165
25278, 1138
1138, 13292
16563, 1139
12542, 1139
1139, 21038
8784, 1140
1140, 17798
14185, 1141
1141, 20565
8779, 1142
16432, 1142
1142, 23118
13555, 1143
1143, 21864
19538, 1144
17013, 1144
10290, 1144
11700, 1144
20034, 1144
11009, 1144
1144, 20750
16919, 1145
1145, 8555
12575, 1146
1146, 10019
12337, 1147
1147, 11581
25038, 1148
1148, 16976
14714, 1149
1149, 16517
12523, 1150
24614, 1150
1150, 19156
17285, 1151
1151, 21290
14748, 1152
26702, 1152
14420, 1152
1152, 19376
21179, 1153
20512, 1153
23330, 1153
1153, 21598
21842, 1154
19961, 1154
1154, 16755
20884, 1155
1155, 9019
24331, 1156
1156, 19387
17557, 1157
1157, 18038
16927, 1158
1158, 9349
25169, 1159
1159, 13472
15932, 1160
1160, 8868
27052, 1161
1161, 21967
25385, 1162
23882, 1162
12044, 1162
19920, 1162
1162, 9061
15797, 1163
1163, 23917
10210, 1164
1164, 8817
9693, 1165
1165, 23658
24511, 1166
17020, 1166
14015, 1166
16852, 1166
10246, 1166
18150, 1166
21213, 1166
26818, 1166
15346, 1166
23150, 1166
27885, 1166
9292, 1166
8756, 1166
12373, 1166
21069, 1166
18070, 1166
23591, 1166
15800, 1166
15128, 1166
24449, 1166
15453, 1166
27857, 1166
10030, 1166
1166, 25984
16474, 1167
15089, 1167
15055, 1167
9142, 1167
19181, 1167
21408, 1167
17891, 1167
17778, 1167
19926, 1167
26171, 1167
27008, 1167
15817, 1167
10560, 1167
11227, 1167
19381, 1167
24479, 1167
22927, 1167
9773, 1167
17604, 1167
24916, 1167
22383, 1167
19335, 1167
20501, 1167
10521, 1167
18764, 1167
23962, 1167
27363, 1167
27477, 1167
26219, 1167
13020, 1167
19498, 1167
26000, 1167
12077, 1167
16075, 1167
20556, 1167
23374, 1167
22094, 1167
19748, 1167
15531, 1167
16914, 1167
18059, 1167
21661, 1167
15551, 1167
20295, 1167
27039, 1167
24060, 1167
14811, 1167
8705, 1167
27557, 1167
25562, 1167
20060, 1167
25651, 1167
17017, 1167
15908, 1167
14098, 1167
25035, 1167
21474, 1167
10161, 1167
14215, 1167
18841, 1167
21449, 1167
8852, 1167
16261, 1167
26393, 1167
15250, 1167
12501, 1167
23271, 1167
15810, 1167
21815, 1167
18149, 1167
18347, 1167
25367, 1167
21044, 1167
23445, 1167
19165, 1167
12315, 1167
21650, 1167
9138, 1167
17424, 1167
20593, 1167
17607, 1167
24302, 1167
16760, 1167
17044, 1167
24602, 1167
18547, 1167
13567, 1167
20283, 1167
25160, 1167
15831, 1167
20549, 1167
27828, 1167
14213, 1167
19729, 1167
19509, 1167
15214, 1167
20792, 1167
27908, 1167
14634, 1167
1167, 13045
18171, 1168
1168, 22043
12337, 1169
1169, 16252
10677, 1170
1170, 21204
20884, 1171
1171, 21337
11453, 1172
1172, 26727
26301, 1173
11216, 1173
1173, 9116
9661, 1174
13697, 1174
13313, 1174
21536, 1174
19180, 1174
8667, 1174
25370, 1174
26264, 1174
15786, 1174
20161, 1174
23338, 1174
10005, 1174
11078, 1174
24833, 1174
11386, 1174
15922, 1174
1174, 18983
19189, 1175
1175, 10874
1175, 13507
12337, 1176
1176, 11497
1176, 27253
14711, 1177
1177, 20434
20925, 1178
1178, 24253
16905, 1179
1179, 25741
20481, 1180
1180, 15713
19682, 1181
1181, 21928
18671, 1182
1182, 26056
14140, 1183
1183, 11608
22477, 1184
1184, 21275
18822, 1185
1185, 21069
1185, 19998
16087, 1186
1186, 26696
21779, 1187
17244, 1187
1187, 17631
17728, 1188
1188, 13772
17195, 1189
1189, 11352
1189, 17685
1189, 25549
14229, 1190
12464, 1190
27717, 1190
21735, 1190
23607, 1190
1190, 19789
13326, 1191
1191, 17472
26285, 1192
1192, 24965
9448, 1193
1193, 16252
13962, 1194
1194, 27642
20449, 1195
1195, 13853
18186, 1196
1196, 17045
15717, 1197
1197, 9833
12337, 1198
1198, 16223
25928, 1199
1199, 10112
16581, 1200
1200, 21154
12415, 1201
1201, 17422
15316, 1202
1202, 21526
10488, 1203
15069, 1203
1203, 14786
9535, 1204
1204, 19392
17155, 1205
1205, 21121
15678, 1206
20633, 1206
1206, 26689
26590, 1207
1207, 17856
1207, 21069
1207, 15234
22127, 1208
1208, 10776
9426, 1209
19782, 1209
1209, 20115
22477, 1210
1210, 16948
8752, 1211
1211, 12208
1211, 12956
12337, 1212
1212, 27368
10792, 1213
26340, 1213
1213, 21963
15528, 1214
1214, 26607
26265, 1215
1215, 10112
19597, 1216
1216, 27106
18356, 1217
1217, 19842
23103, 1218
1218, 17546
13211, 1219
1219, 25934
17241, 1220
1220, 9067
8871, 1221
1221, 14736
25611, 1222
19359, 1222
19887, 1222
21506, 1222
27432, 1222
17177, 1222
25321, 1222
22303, 1222
9613, 1222
1222, 21812
1222, 12598
24129, 1223
1223, 14291
14712, 1224
26962, 1224
1224, 25032
14472, 1225
1225, 26319
21838, 1226
1226, 11596
8955, 1227
1227, 13198
1227, 26612
25203, 1228
1228, 27409
24636, 1229
26575, 1229
17347, 1229
1229, 10112
24633, 1230
1230, 22749
16962, 1231
20833, 1231
14009, 1231
27580, 1231
27842, 1231
1231, 10174
10330, 1232
1232, 13486
24961, 1233
1233, 15106
11058, 1234
1234, 25215
8790, 1235
10135, 1235
1235, 10520
18739, 1236
26140, 1236
1236, 11345
14832, 1237
1237, 27055
14580, 1238
1238, 23953
19995, 1239
21638, 1239
14736, 1239
1239, 18159
25685, 1240
1240, 14719
12553, 1241
1241, 17743
23121, 1242
1242, 21530
22070, 1243
1243, 16990
27330, 1244
1244, 15663
19183, 1245
24398, 1245
13704, 1245
25278, 1245
1245, 24628
12420, 1246
1246, 12060
13101, 1247
1247, 19672
20997, 1248
1248, 12664
23498, 1249
1249, 22205
21165, 1250
1250, 11509
12841, 1251
1251, 13164
25278, 1252
1252, 15789
15210, 1253
8492, 1253
1253, 20262
9268, 1254
1254, 27685
19400, 1255
1255, 12569
24167, 1256
1256, 21478
18951, 1257
1257, 27355
20573, 1258
26272, 1258
18357, 1258
11820, 1258
1258, 8813
27386, 1259
23304, 1259
1259, 21772
12841, 1260
1260, 24480
20884, 1261
1261, 13503
24550, 1262
1262, 11215
14324, 1263
1263, 13394
23607, 1264
18752, 1264
23001, 1264
8936, 1264
23545, 1264
11872, 1264
18414, 1264
26322, 1264
26255, 1264
8736, 1264
9719, 1264
1264, 11811
17027, 1265
1265, 20265
12394, 1266
1266, 14322
20393, 1267
1267, 18101
21793, 1268
1268, 18572
11633, 1269
1269, 17279
1269, 18150
13668, 1270
14745, 1270
1270, 20247
16798, 1271
1271, 24681
9050, 1272
1272, 17491
15847, 1273
1273, 23086
24655, 1274
1274, 12584
21165, 1275
1275, 16609
25481, 1276
1276, 20860
10431, 1277
1277, 22394
1277, 25437
18150, 1278
9978, 1278
21888, 1278
23465, 1278
11043, 1278
12987, 1278
26300, 1278
1278, 9973
17088, 1279
1279, 16726
14639, 1280
1280, 9282
24789, 1281
1281, 23136
24938, 1282
1282, 8733
1282, 23713
16239, 1283
1283, 26214
9958, 1284
1284, 24140
16520, 1285
1285, 22770
24378, 1286
1286, 26272
20914, 1287
1287, 21581
1287, 25752
14482, 1288
1288, 20776
13283, 1289
1289, 11021
10782, 1290
1290, 14433
12864, 1291
1291, 16391
12337, 1292
1292, 25695
9862, 1293
1293, 12880
24121, 1294
1294, 24335
21496, 1295
1295, 24480
13188, 1296
1296, 24430
19742, 1297
1297, 14785
1297, 23799
12534, 1298
1298, 16096
16235, 1299
21800, 1299
1299, 20945
9022, 1300
22595, 1300
1300, 9199
11046, 1301
14860, 1301
18202, 1301
9894, 1301
9153, 1301
22896, 1301
23755, 1301
19759, 1301
9522, 1301
23021, 1301
18055, 1301
14954, 1301
27933, 1301
16188, 1301
11310, 1301
10236, 1301
22316, 1301
23568, 1301
27861, 1301
23218, 1301
10183, 1301
15487, 1301
14099, 1301
17919, 1301
20703, 1301
16001, 1301
21083, 1301
20348, 1301
13416, 1301
22847, 1301
10008, 1301
12388, 1301
10489, 1301
11477, 1301
12096, 1301
22007, 1301
20643, 1301
24553, 1301
14413, 1301
20804, 1301
11026, 1301
11697, 1301
10013, 1301
27228, 1301
21332, 1301
17182, 1301
11802, 1301
26726, 1301
24213, 1301
8906, 1301
27045, 1301
16129, 1301
9037, 1301
20841, 1301
14005, 1301
20091, 1301
16484, 1301
26395, 1301
26634, 1301
21328, 1301
9587, 1301
11042, 1301
24811, 1301
21887, 1301
22729, 1301
24963, 1301
21301, 1301
27324, 1301
10231, 1301
20280, 1301
23188, 1301
17656, 1301
23215, 1301
25389, 1301
13199, 1301
10811, 1301
21795, 1301
16426, 1301
14134, 1301
22369, 1301
16932, 1301
19771, 1301
20089, 1301
17846, 1301
22377, 1301
16631, 1301
21450, 1301
24444, 1301
19470, 1301
12115, 1301
11604, 1301
14856, 1301
24724, 1301
23492, 1301
15996, 1301
12446, 1301
11233, 1301
10472, 1301
14916, 1301
17250, 1301
26763, 1301
13847, 1301
16226, 1301
17620, 1301
18545, 1301
25663, 1301
13773, 1301
12623, 1301
26117, 1301
21444, 1301
20877, 1301
18456, 1301
16485, 1301
17062, 1301
21961, 1301
12706, 1301
9032, 1301
22562, 1301
10023, 1301
21517, 1301
22209, 1301
26921, 1301
26278, 1301
27770, 1301
10297, 1301
18342, 1301
18328, 1301
25261, 1301
11557, 1301
14103, 1301
24102, 1301
22352, 1301
20923, 1301
20652, 1301
18838, 1301
17455, 1301
20264, 1301
9654, 1301
10410, 1301
26831, 1301
17890, 1301
11573, 1301
10048, 1301
8894, 1301
15885, 1301
12995, 1301
13776, 1301
18551, 1301
12532, 1301
21325, 1301
21029, 1301
21527, 1301
23688, 1301
23140, 1301
16234, 1301
10323, 1301
19639, 1301
9933, 1301
22274, 1301
14454, 1301
25614, 1301
21982, 1301
15514, 1301
25684, 1301
20994, 1301
11668, 1301
21280, 1301
20599, 1301
15819, 1301
12687, 1301
27896, 1301
17083, 1301
26606, 1301
20644, 1301
19975, 1301
8944, 1301
18837, 1301
11358, 1301
27668, 1301
17355, 1301
13186, 1301
9200, 1301
11278, 1301
12053, 1301
14251, 1301
23074, 1301
24551, 1301
14685, 1301
9501, 1301
14384, 1301
18801, 1301
23274, 1301
15801, 1301
11022, 1301
10206, 1301
20870, 1301
14999, 1301
25974, 1301
20336, 1301
16557, 1301
27690, 1301
25317, 1301
11002, 1301
23779, 1301
19365, 1301
16551, 1301
8888, 1301
20920, 1301
15277, 1301
23894, 1301
11577, 1301
14967, 1301
23355, 1301
12254, 1301
15829, 1301
13102, 1301
11249, 1301
24741, 1301
11921, 1301
8631, 1301
23233, 1301
10461, 1301
21433, 1301
12804, 1301
22463, 1301
11644, 1301
27484, 1301
23827, 1301
1301, 14996
26217, 1302
9627, 1302
1302, 27385
17653, 1303
1303, 14660
9507, 1304
1304, 16800
23316, 1305
1305, 22681
8591, 1306
1306, 18269
10804, 1307
17106, 1307
1307, 18792
12337, 1308
1308, 22830
9068, 1309
1309, 12231
16242, 1310
25248, 1310
15970, 1310
9510, 1310
12483, 1310
22576, 1310
22843, 1310
24737, 1310
18983, 1310
20321, 1310
24788, 1310
12598, 1310
25410, 1310
26883, 1310
17080, 1310
16089, 1310
13257, 1310
13115, 1310
10112, 1310
24430, 1310
19131, 1310
23262, 1310
23767, 1310
17595, 1310
13164, 1310
1310, 12337
1310, 19164
21867, 1311
1311, 24669
15489, 1312
1312, 9160
23978, 1313
1313, 24357
1313, 14744
23993, 1314
1314, 17244
17843, 1315
1315, 25826
13325, 1316
1316, 24412
14056, 1317
13081, 1317
1317, 14393
16383, 1318
21940, 1318
1318, 13558
17400, 1319
1319, 17829
23236, 1320
1320, 18417
26167, 1321
1321, 9070
9669, 1322
1322, 18680
15219, 1323
1323, 23904
14802, 1324
1324, 21008
27806, 1325
24441, 1325
15143, 1325
1325, 21908
9772, 1326
1326, 27106
11708, 1327
1327, 13687
23109, 1328
26246, 1328
27713, 1328
25750, 1328
1328, 22428
1328, 13187
24342, 1329
1329, 25231
27658, 1330
1330, 19131
22975, 1331
1331, 19223
1331, 16726
22398, 1332
1332, 26164
12818, 1333
1333, 18771
25988, 1334
9804, 1334
1334, 10652
20898, 1335
21934, 1335
1335, 20276
17035, 1336
1336, 24196
1336, 13496
9527, 1337
1337, 23090
12337, 1338
1338, 13864
26302, 1339
1339, 23661
1339, 23365
15672, 1340
1340, 22899
24587, 1341
1341, 13860
15298, 1342
16183, 1342
26583, 1342
20146, 1342
22334, 1342
26981, 1342
1342, 8762
21146, 1343
1343, 13619
27165, 1344
1344, 18728
24810, 1345
1345, 12803
24418, 1346
1346, 22733
11997, 1347
1347, 15943
27494, 1348
1348, 12440
24258, 1349
1349, 26899
25232, 1350
1350, 27824
26064, 1351
1351, 17079
14059, 1352
27903, 1352
19053, 1352
1352, 12923
12337, 1353
1353, 11563
12542, 1354
1354, 27004
11525, 1355
1355, 10542
10836, 1356
1356, 9765
12337, 1357
1357, 17129
20022, 1358
1358, 11896
25399, 1359
1359, 12208
27293, 1360
1360, 9395
9682, 1361
1361, 12098
10963, 1362
1362, 22545
18273, 1363
1363, 27172
22438, 1364
1364, 8541
17523, 1365
1365, 14122
21761, 1366
1366, 18013
12369, 1367
1367, 16726
10606, 1368
12460, 1368
16764, 1368
15094, 1368
1368, 24737
24980, 1369
1369, 8723
15733, 1370
1370, 15143
26213, 1371
1371, 25282
25185, 1372
1372, 16814
21612, 1373
1373, 15710
15201, 1374
1374, 26342
22206, 1375
1375, 18793
27208, 1376
1376, 21920
17282, 1377
1377, 14568
13417, 1378
1378, 20123
17524, 1379
1379, 8793
19161, 1380
1380, 10280
20306, 1381
1381, 27221
26501, 1382
1382, 10716
20380, 1383
25511, 1383
15643, 1383
9668, 1383
20229, 1383
9354, 1383
18362, 1383
13140, 1383
26783, 1383
16071, 1383
20630, 1383
8987, 1383
25293, 1383
27220, 1383
22706, 1383
14841, 1383
10759, 1383
24243, 1383
26999, 1383
21970, 1383
12817, 1383
16417, 1383
11267, 1383
9779, 1383
24158, 1383
9848, 1383
13670, 1383
20502, 1383
27577, 1383
12989, 1383
27561, 1383
1383, 26961
16751, 1384
1384, 16776
1384, 10726
12337, 1385
1385, 18004
16102, 1386
1386, 23288
26391, 1387
1387, 22473
13000, 1388
1388, 13674
20884, 1389
1389, 24665
10182, 1390
1390, 16100
1390, 24968
1390, 10450
1390, 19995
8645, 1391
1391, 25246
11313, 1392
1392, 17944
25185, 1393
1393, 16814
16733, 1394
1394, 25947
8469, 1395
1395, 25068
27015, 1396
1396, 17214
23284, 1397
1397, 9978
17109, 1398
27820, 1398
1398, 24892
8543, 1399
1399, 15713
11861, 1400
1400, 19297
16238, 1401
1401, 22995
11636, 1402
1402, 9742
12380, 1403
1403, 11975
13884, 1404
1404, 11198
9515, 1405
1405, 20717
15991, 1406
25133, 1406
1406, 20504
22516, 1407
1407, 24721
20394, 1408
1408, 13094
11888, 1409
1409, 26962
18062, 1410
1410, 23655
18756, 1411
1411, 15685
12337, 1412
1412, 23205
20530, 1413
13226, 1413
27677, 1413
1413, 11649
24391, 1414
1414, 11731
9518, 1415
1415, 27919
22477, 1416
1416, 20776
1416, 21202
18880, 1417
1417, 22382
26718, 1418
1418, 19234
1418, 23049
1418, 15942
13830, 1419
15282, 1419
1419, 27449
22330, 1420
1420, 23390
18148, 1421
17317, 1421
1421, 15723
27080, 1422
21526, 1422
1422, 17429
23459, 1423
1423, 18187
14492, 1424
1424, 18828
1424, 26899
10766, 1425
18959, 1425
1425, 27809
16244, 1426
26034, 1426
1426, 22900
21244, 1427
22021, 1427
1427, 24956
11315, 1428
1428, 26092
27171, 1429
1429, 22145
11398, 1430
1430, 17427
16945, 1431
1431, 9565
15902, 1432
1432, 17283
1432, 25632
10693, 1433
1433, 20289
14426, 1434
1434, 9940
14785, 1435
25752, 1435
1435, 19996
18282, 1436
1436, 22787
26725, 1437
1437, 12630
18330, 1438
1438, 25507
1438, 16610
21165, 1439
1439, 27417
10688, 1440
9320, 1440
1440, 19539
19385, 1441
1441, 20969
14315, 1442
1442, 12414
1442, 11311
14806, 1443
1443, 24070
22947, 1444
23616, 1444
1444, 16522
15060, 1445
1445, 24038
20508, 1446
1446, 10093
9590, 1447
1447, 16411
11653, 1448
1448, 26878
1448, 22476
26282, 1449
1449, 21968
1449, 24266
1449, 26878
19299, 1450
1450, 27908
20845, 1451
1451, 12848
21165, 1452
1452, 16609
22467, 1453
25234, 1453
16759, 1453
9152, 1453
23520, 1453
8533, 1453
17617, 1453
11159, 1453
18848, 1453
16049, 1453
23943, 1453
24350, 1453
9464, 1453
27308, 1453
10634, 1453
19993, 1453
16170, 1453
25899, 1453
11795, 1453
17947, 1453
19107, 1453
13346, 1453
20261, 1453
11019, 1453
19864, 1453
10753, 1453
9294, 1453
27382, 1453
16692, 1453
8842, 1453
22232, 1453
13067, 1453
12680, 1453
14139, 1453
18723, 1453
22663, 1453
26462, 1453
1453, 19901
15814, 1454
1454, 18815
21098, 1455
1455, 27170
12542, 1456
1456, 17811
13665, 1457
15677, 1457
18466, 1457
1457, 22153
12814, 1458
1458, 19687
9993, 1459
1459, 26300
1459, 13995
14876, 1460
1460, 22728
18347, 1461
1461, 24534
1461, 21457
19888, 1462
1462, 13248
24535, 1463
1463, 18150
15242, 1464
14666, 1464
24206, 1464
19503, 1464
9341, 1464
16457, 1464
27132, 1464
16835, 1464
20863, 1464
12041, 1464
19656, 1464
27393, 1464
22364, 1464
1464, 21196
1464, 18532
1464, 19863
17771, 1465
1465, 16252
12337, 1466
1466, 25194
15070, 1467
1467, 13165
11027, 1468
1468, 12281
12712, 1469
1469, 16384
27694, 1470
1470, 14525
14190, 1471
1471, 14096
12200, 1472
8715, 1472
16084, 1472
14673, 1472
27291, 1472
26293, 1472
17275, 1472
16415, 1472
14698, 1472
9240, 1472
15508, 1472
10984, 1472
24464, 1472
17636, 1472
12092, 1472
25084, 1472
11079, 1472
23570, 1472
16190, 1472
12224, 1472
27252, 1472
18310, 1472
24840, 1472
18349, 1472
14721, 1472
20383, 1472
12756, 1472
11583, 1472
17533, 1472
15189, 1472
11104, 1472
20656, 1472
9739, 1472
15004, 1472
23072, 1472
22397, 1472
27225, 1472
14144, 1472
25223, 1472
10676, 1472
23019, 1472
16160, 1472
16660, 1472
25544, 1472
14452, 1472
1472, 15913
14068, 1473
1473, 27169
1473, 18150
9787, 1474
1474, 11215
22730, 1475
1475, 23443
9348, 1476
12441, 1476
15223, 1476
19130, 1476
20940, 1476
21193, 1476
20040, 1476
13943, 1476
25278, 1476
1476, 15578
18729, 1477
1477, 16337
10496, 1478
1478, 26468
21011, 1479
1479, 26163
25171, 1480
14795, 1480
25253, 1480
17690, 1480
10694, 1480
1480, 23295
1480, 21560
18947, 1481
1481, 19156
13196, 1482
1482, 26496
21923, 1483
17822, 1483
1483, 23023
21295, 1484
1484, 23778
12337, 1485
1485, 14391
27247, 1486
1486, 24020
24714, 1487
9212, 1487
1487, 15054
21385, 1488
1488, 9177
9592, 1489
1489, 22479
14181, 1490
1490, 24285
23065, 1491
1491, 12070
23612, 1492
1492, 13531
25037, 1493
1493, 20137
18483, 1494
1494, 10062
1494, 12694
1494, 27233
20943, 1495
19958, 1495
25500, 1495
16508, 1495
21085, 1495
17789, 1495
26786, 1495
22901, 1495
1495, 11705
13512, 1496
1496, 13758
10257, 1497
1497, 11317
24762, 1498
1498, 10355
1498, 18008
20290, 1499
1499, 27337
19562, 1500
1500, 17290
21818, 1501
1501, 20110
12616, 1502
18161, 1502
1502, 15478
12709, 1503
1503, 16293
13407, 1504
1504, 19156
10376, 1505
25235, 1505
1505, 26828
19092, 1506
1506, 22723
22128, 1507
1507, 14111
26910, 1508
1508, 19271
17392, 1509
21200, 1509
1509, 20546
18650, 1510
1510, 26252
20014, 1511
12951, 1511
22277, 1511
22458, 1511
16641, 1511
9639, 1511
26987, 1511
8455, 1511
17488, 1511
24967, 1511
20052, 1511
13601, 1511
1511, 15640
20069, 1512
1512, 17338
12337, 1513
1513, 20665
27576, 1514
1514, 24808
26284, 1515
1515, 24153
11766, 1516
1516, 21066
27517, 1517
1517, 17699
10263, 1518
1518, 10280
21165, 1519
1519, 27401
18593, 1520
1520, 21956
10165, 1521
1521, 19014
12984, 1522
1522, 18350
18716, 1523
1523, 14226
18317, 1524
1524, 16243
20778, 1525
1525, 23161
11655, 1526
1526, 16981
1526, 25775
1526, 24367
9424, 1527
1527, 13159
1527, 10682
12337, 1528
1528, 16538
1528, 15260
9888, 1529
1529, 23407
12735, 1530
1530, 27650
25917, 1531
1531, 27174
13314, 1532
9033, 1532
17956, 1532
19276, 1532
20043, 1532
21569, 1532
25113, 1532
20432, 1532
10672, 1532
15878, 1532
27926, 1532
22500, 1532
8482, 1532
24310, 1532
24095, 1532
24134, 1532
26443, 1532
19132, 1532
17534, 1532
20116, 1532
22238, 1532
25430, 1532
26596, 1532
24416, 1532
18291, 1532
12789, 1532
12165, 1532
1532, 10059
1532, 27395
1532, 26573
1532, 11372
1532, 10551
1532, 17731
1532, 17927
18007, 1533
1533, 9482
1533, 20522
17800, 1534
21485, 1534
13441, 1534
9971, 1534
1534, 10628
16896, 1535
1535, 13946
1535, 11111
1535, 27111
1535, 19815
12396, 1536
1536, 16193
16031, 1537
15026, 1537
1537, 21145
18369, 1538
25600, 1538
17752, 1538
25660, 1538
8759, 1538
26215, 1538
26147, 1538
1538, 14104
20884, 1539
1539, 12585
12337, 1540
1540, 25808
10579, 1541
1541, 27874
22748, 1542
1542, 16527
13163, 1543
1543, 12098
20048, 1544
27565, 1544
17838, 1544
22880, 1544
18986, 1544
19322, 1544
8817, 1544
22924, 1544
9659, 1544
22311, 1544
18983, 1544
8453, 1544
11341, 1544
10316, 1544
24669, 1544
10885, 1544
18755, 1544
27920, 1544
19556, 1544
21995, 1544
13674, 1544
10613, 1544
11111, 1544
1544, 12337
1544, 17357
23342, 1545
1545, 14265
14714, 1546
1546, 17428
14760, 1547
1547, 13061
1547, 25053
10011, 1548
1548, 16171
22757, 1549
11408, 1549
26134, 1549
22874, 1549
1549, 21335
14078, 1550
1550, 27560
14128, 1551
1551, 13954
17897, 1552
11146, 1552
1552, 9119
24117, 1553
1553, 13734
27624, 1554
25196, 1554
16274, 1554
1554, 24778
11142, 1555
23613, 1555
1555, 12132
14347, 1556
1556, 23159
27124, 1557
1557, 25112
18270, 1558
1558, 12546
12941, 1559
22483, 1559
17401, 1559
12639, 1559
1559, 24494
25437, 1560
11944, 1560
18719, 1560
14143, 1560
1560, 12512
20884, 1561
1561, 10131
16712, 1562
1562, 20160
18051, 1563
1563, 25478
24391, 1564
1564, 24422
9473, 1565
1565, 16385
21991, 1566
1566, 26068
21933, 1567
1567, 20117
23788, 1568
1568, 20840
16184, 1569
1569, 10898
21627, 1570
1570, 23947
12846, 1571
25799, 1571
1571, 21804
18819, 1572
1572, 26252
22635, 1573
1573, 26899
1573, 15987
21525, 1574
19339, 1574
1574, 9356
22480, 1575
1575, 26697
14714, 1576
1576, 18224
22103, 1577
1577, 22199
15847, 1578
1578, 24975
22787, 1579
1579, 23698
12337, 1580
1580, 15625
1580, 17997
24477, 1581
1581, 27249
9664, 1582
1582, 13120
24391, 1583
1583, 24422
27085, 1584
1584, 21265
10342, 1585
25330, 1585
1585, 11656
11390, 1586
1586, 10246
20855, 1587
1587, 12186
14267, 1588
22873, 1588
14529, 1588
16831, 1588
1588, 19356
10577, 1589
1589, 26092
13338, 1590
1590, 11355
19859, 1591
1591, 23666
1591, 12208
22327, 1592
1592, 27901
12112, 1593
1593, 12858
19110, 1594
1594, 17233
22697, 1595
1595, 19490
18054, 1596
1596, 14846
17330, 1597
1597, 9706
23059, 1598
1598, 24083
10140, 1599
1599, 26576
12337, 1600
1600, 14747
17143, 1601
1601, 23595
25189, 1602
9013, 1602
1602, 14726
13162, 1603
1603, 18986
1603, 15859
20539, 1604
1604, 26754
27570, 1605
1605, 13759
10883, 1606
1606, 22064
22893, 1607
17847, 1607
1607, 20888
26445, 1608
1608, 9041
9567, 1609
18180, 1609
1609, 24907
17583, 1610
1610, 8830
18587, 1611
1611, 9088
20306, 1612
1612, 9765
9783, 1613
1613, 8764
1613, 18279
20353, 1614
1614, 22725
24098, 1615
1615, 18821
12337, 1616
1616, 11388
14851, 1617
16590, 1617
1617, 12907
13589, 1618
1618, 26198
21642, 1619
1619, 11174
21165, 1620
1620, 18000
8932, 1621
1621, 24690
27418, 1622
1622, 25361
24419, 1623
1623, 14836
22024, 1624
1624, 11896
22291, 1625
1625, 12694
25487, 1626
24374, 1626
17816, 1626
1626, 18087
18635, 1627
17971, 1627
22580, 1627
1627, 25763
10320, 1628
11591, 1628
9093, 1628
24584, 1628
20053, 1628
12653, 1628
22616, 1628
24890, 1628
1628, 21521
1628, 23694
1628, 20998
20085, 1629
27367, 1629
1629, 27931
25318, 1630
1630, 8570
9401, 1631
20909, 1631
13084, 1631
25221, 1631
21035, 1631
11401, 1631
1631, 22512
12337, 1632
1632, 23893
27383, 1633
1633, 16676
11024, 1634
1634, 10112
23425, 1635
10274, 1635
1635, 10546
23583, 1636
1636, 24387
1636, 14971
10567, 1637
1637, 21848
17807, 1638
1638, 27872
16519, 1639
1639, 9999
25489, 1640
22129, 1640
22732, 1640
19322, 1640
13923, 1640
24737, 1640
23623, 1640
21162, 1640
25791, 1640
10112, 1640
25650, 1640
23262, 1640
19548, 1640
24468, 1640
17581, 1640
12064, 1640
13946, 1640
25323, 1640
13164, 1640
1640, 12337
24831, 1641
1641, 19978
16903, 1642
25263, 1642
1642, 14712
24880, 1643
1643, 22829
16892, 1644
1644, 22509
11520, 1645
1645, 27207
1645, 10703
12037, 1646
10814, 1646
1646, 21145
15226, 1647
1647, 20612
1647, 19804
1647, 26972
1647, 9901
1647, 17693
1647, 21479
1647, 20488
1647, 18617
1647, 18324
1647, 25354
1647, 14873
1647, 15455
1647, 17410
1647, 25664
10041, 1648
1648, 13620
26480, 1649
1649, 14915
21885, 1650
1650, 8742
20716, 1651
1651, 26230
11294, 1652
1652, 9064
21670, 1653
11775, 1653
14097, 1653
1653, 22532
16158, 1654
1654, 13444
20859, 1655
1655, 25876
8976, 1656
14764, 1656
27824, 1656
1656, 16810
14588, 1657
1657, 27328
21790, 1658
16877, 1658
1658, 15709
12156, 1659
19922, 1659
1659, 17825
13261, 1660
1660, 9096
9982, 1661
1661, 25752
8746, 1662
21017, 1662
24855, 1662
21053, 1662
13360, 1662
14740, 1662
14218, 1662
19925, 1662
1662, 8854
13052, 1663
1663, 18534
25953, 1664
1664, 9765
13560, 1665
1665, 25535
1665, 23053
19003, 1666
1666, 10437
22593, 1667
1667, 18018
1667, 19215
13821, 1668
14055, 1668
1668, 24669
9540, 1669
1669, 13867
9643, 1670
1670, 27438
9051, 1671
26705, 1671
9904, 1671
14032, 1671
25945, 1671
1671, 22939
27010, 1672
1672, 16098
10690, 1673
1673, 18019
17733, 1674
25278, 1674
1674, 11403
12661, 1675
1675, 9978
18501, 1676
12838, 1676
18691, 1676
21500, 1676
21069, 1676
1676, 26524
13941, 1677
1677, 16173
27746, 1678
1678, 16410
27657, 1679
1679, 20805
11783, 1680
1680, 15241
19298, 1681
1681, 22893
1681, 25496
12337, 1682
1682, 11045
11253, 1683
1683, 16990
12499, 1684
1684, 26227
1684, 18459
16238, 1685
1685, 15823
14458, 1686
1686, 12535
18372, 1687
1687, 19731
27508, 1688
21533, 1688
1688, 27525
27595, 1689
1689, 18983
12337, 1690
1690, 17008
18842, 1691
1691, 10103
11288, 1692
1692, 15713
18990, 1693
1693, 22437
1693, 12294
18268, 1694
1694, 26386
1694, 21865
1694, 21293
22388, 1695
1695, 18073
12337, 1696
1696, 24784
24002, 1697
25033, 1697
10906, 1697
14161, 1697
11952, 1697
16176, 1697
19086, 1697
21142, 1697
23686, 1697
11141, 1697
27663, 1697
1697, 16078
21813, 1698
1698, 16199
22216, 1699
1699, 20138
21079, 1700
1700, 22823
23060, 1701
1701, 26059
15637, 1702
1702, 12891
9805, 1703
1703, 22281
27745, 1704
9562, 1704
16546, 1704
19219, 1704
17421, 1704
19701, 1704
17248, 1704
24513, 1704
21336, 1704
21252, 1704
23591, 1704
11918, 1704
1704, 15378
15088, 1705
27209, 1705
16348, 1705
13509, 1705
10884, 1705
21100, 1705
13026, 1705
17488, 1705
1705, 10614
1705, 23053
1705, 13204
1705, 17547
23146, 1706
16858, 1706
1706, 16252
25069, 1707
15143, 1707
1707, 17216
23587, 1708
1708, 8830
14963, 1709
1709, 25666
14048, 1710
1710, 18957
25843, 1711
10362, 1711
23486, 1711
1711, 14901
25602, 1712
1712, 8642
23455, 1713
12476, 1713
1713, 22558
21165, 1714
1714, 10121
21803, 1715
1715, 24571
14332, 1716
1716, 18150
16116, 1717
1717, 10719
21714, 1718
1718, 22880
9551, 1719
1719, 24669
22615, 1720
1720, 13115
15733, 1721
1721, 15143
20530, 1722
17244, 1722
25156, 1722
27677, 1722
1722, 16404
14750, 1723
16394, 1723
1723, 17997
13922, 1724
1724, 23414
1724, 18797
14907, 1725
1725, 22662
1725, 19870
17801, 1726
1726, 23197
13822, 1727
11839, 1727
1727, 24737
20547, 1728
1728, 16057
11731, 1729
16254, 1729
1729, 12624
12908, 1730
1730, 14962
10775, 1731
1731, 22059
1731, 25245
26625, 1732
1732, 23751
25061, 1733
1733, 10307
25485, 1734
1734, 23824
12337, 1735
1735, 23934
15836, 1736
14988, 1736
12350, 1736
23539, 1736
1736, 12491
11274, 1737
1737, 27470
1737, 10484
1737, 23119
22091, 1738
1738, 27870
11540, 1739
1739, 22632
9614, 1740
13655, 1740
13899, 1740
24945, 1740
9750, 1740
17127, 1740
11842, 1740
17876, 1740
19116, 1740
25588, 1740
23108, 1740
16911, 1740
12242, 1740
11475, 1740
12901, 1740
10150, 1740
11067, 1740
11811, 1740
16309, 1740
13979, 1740
19312, 1740
24297, 1740
23915, 1740
10705, 1740
13307, 1740
11191, 1740
23844, 1740
18938, 1740
9061, 1740
25997, 1740
22994, 1740
1740, 10409
16148, 1741
13939, 1741
1741, 10733
13849, 1742
1742, 14110
19683, 1743
1743, 21363
9934, 1744
1744, 27247
9136, 1745
1745, 26646
17255, 1746
1746, 18226
1746, 23700
12337, 1747
1747, 17955
15717, 1748
1748, 9833
11467, 1749
1749, 14526
15708, 1750
1750, 13620
1750, 22509
17082, 1751
1751, 25172
24623, 1752
1752, 9292
18080, 1753
1753, 23096
8899, 1754
1754, 13971
25132, 1755
23185, 1755
20515, 1755
8461, 1755
8969, 1755
21056, 1755
10333, 1755
1755, 19729
20352, 1756
1756, 26316
14833, 1757
1757, 10179
21035, 1758
1758, 22512
16445, 1759
1759, 13668
19648, 1760
1760, 23766
1760, 14889
26679, 1761
1761, 14855
15575, 1762
1762, 19215
1762, 16228
27106, 1763
1763, 25820
25435, 1764
1764, 9636
12337, 1765
1765, 24784
21434, 1766
22104, 1766
27435, 1766
8833, 1766
1766, 25615
1766, 17125
11748, 1767
17510, 1767
1767, 26562
21063, 1768
1768, 15076
1768, 14143
27319, 1769
1769, 24441
20884, 1770
1770, 14363
19199, 1771
14679, 1771
27743, 1771
25278, 1771
1771, 18778
24288, 1772
1772, 15858
1772, 27914
20884, 1773
1773, 18981
22798, 1774
14382, 1774
1774, 21180
11229, 1775
1775, 20473
13304, 1776
1776, 12257
21430, 1777
1777, 25501
15900, 1778
1778, 18828
18184, 1779
1779, 11071
11305, 1780
1780, 9778
17120, 1781
1781, 14158
23929, 1782
1782, 23244
19151, 1783
19237, 1783
1783, 25761
22986, 1784
1784, 12644
23410, 1785
1785, 23843
21165, 1786
1786, 9825
25654, 1787
17977, 1787
22533, 1787
18236, 1787
21348, 1787
14682, 1787
13500, 1787
19606, 1787
25724, 1787
1787, 13576
1787, 18011
24581, 1788
8877, 1788
1788, 27230
1788, 12929
1788, 16748
9923, 1789
19440, 1789
1789, 23159
23704, 1790
17610, 1790
22089, 1790
19665, 1790
23412, 1790
11548, 1790
22527, 1790
18537, 1790
22695, 1790
13110, 1790
10630, 1790
22039, 1790
27924, 1790
9970, 1790
11432, 1790
14002, 1790
13074, 1790
21987, 1790
1790, 17558
18526, 1791
1791, 25053
15141, 1792
13227, 1792
1792, 12337
1792, 25539
19884, 1793
1793, 24739
22244, 1794
1794, 16080
19403, 1795
1795, 18677
22101, 1796
1796, 15640
22412, 1797
1797, 18336
9316, 1798
1798, 23100
21561, 1799
1799, 9324
12337, 1800
1800, 19455
1800, 14130
11581, 1801
1801, 16549
1801, 22077
16942, 1802
1802, 27932
14904, 1803
1803, 11772
13579, 1804
1804, 25060
14411, 1805
1805, 25931
1805, 12495
23179, 1806
1806, 22627
25024, 1807
1807, 26085
20306, 1808
1808, 12127
24066, 1809
1809, 15256
17351, 1810
1810, 10723
11770, 1811
1811, 15207
1811, 16577
24391, 1812
1812, 13904
26391, 1813
1813, 21411
21165, 1814
1814, 21273
20858, 1815
1815, 26069
22186, 1816
1816, 14209
24993, 1817
1817, 24669
20496, 1818
1818, 27508
21694, 1819
1819, 22790
13629, 1820
1820, 18150
18133, 1821
1821, 10612
12045, 1822
21285, 1822
1822, 16400
16119, 1823
1823, 10681
12985, 1824
1824, 9500
20755, 1825
1825, 11195
1825, 23126
20633, 1826
20473, 1826
1826, 9499
8447, 1827
16885, 1827
1827, 14901
19223, 1828
1828, 14913
25898, 1829
1829, 13287
16543, 1830
1830, 20843
13621, 1831
1831, 26664
1831, 24851
10751, 1832
1832, 12966
22515, 1833
1833, 13444
26426, 1834
1834, 22492
24175, 1835
1835, 14170
26391, 1836
1836, 8579
22257, 1837
10304, 1837
1837, 13885
12337, 1838
1838, 24705
12337, 1839
1839, 21830
23016, 1840
1840, 20412
14714, 1841
1841, 8706
12208, 1842
1842, 18216
13335, 1843
1843, 27243
25266, 1844
15731, 1844
26475, 1844
20325, 1844
27446, 1844
23785, 1844
23285, 1844
23466, 1844
8455, 1844
12358, 1844
16554, 1844
1844, 18396
25839, 1845
1845, 19279
15668, 1846
1846, 12207
9729, 1847
1847, 26434
19052, 1848
1848, 18203
18729, 1849
1849, 8900
1849, 19044
25463, 1850
1850, 8929
17374, 1851
1851, 21855
19358, 1852
1852, 8598
14504, 1853
1853, 27233
11643, 1854
1854, 10678
20946, 1855
1855, 17521
20985, 1856
22426, 1856
1856, 25361
25181, 1857
1857, 12754
18301, 1858
1858, 25416
21440, 1859
20406, 1859
9784, 1859
16715, 1859
1859, 15571
15460, 1860
1860, 19206
18048, 1861
1861, 15983
15698, 1862
1862, 20428
11797, 1863
1863, 17439
18725, 1864
1864, 10103
21945, 1865
1865, 16035
22840, 1866
1866, 25119
24749, 1867
1867, 23449
19775, 1868
1868, 24931
23078, 1869
27329, 1869
19669, 1869
1869, 12225
12857, 1870
12210, 1870
21656, 1870
1870, 20485
15847, 1871
1871, 24142
16871, 1872
12299, 1872
1872, 24649
14714, 1873
1873, 21530
22914, 1874
1874, 20414
24543, 1875
26952, 1875
1875, 11205
17983, 1876
1876, 13194
21453, 1877
1877, 16725
10974, 1878
25669, 1878
1878, 14914
24465, 1879
1879, 20274
15172, 1880
1880, 25361
17203, 1881
16252, 1881
14628, 1881
1881, 22624
14886, 1882
1882, 27017
16238, 1883
1883, 20715
1883, 21893
22645, 1884
1884, 22199
10218, 1885
1885, 23947
10441, 1886
21022, 1886
1886, 18862
25207, 1887
11105, 1887
1887, 16400
9321, 1888
21176, 1888
23778, 1888
27368, 1888
21119, 1888
9854, 1888
25704, 1888
25246, 1888
18393, 1888
19368, 1888
9070, 1888
15375, 1888
23108, 1888
11103, 1888
23792, 1888
16911, 1888
16020, 1888
8734, 1888
22399, 1888
16610, 1888
12637, 1888
19789, 1888
17685, 1888
19415, 1888
24136, 1888
20507, 1888
18608, 1888
11045, 1888
16745, 1888
11612, 1888
15418, 1888
25681, 1888
11772, 1888
24722, 1888
11208, 1888
24554, 1888
9386, 1888
9905, 1888
25549, 1888
25603, 1888
17142, 1888
26479, 1888
27909, 1888
23624, 1888
20235, 1888
23541, 1888
1888, 17526
19554, 1889
10324, 1889
18371, 1889
10712, 1889
13513, 1889
15208, 1889
25462, 1889
8800, 1889
10139, 1889
24457, 1889
20119, 1889
26159, 1889
25555, 1889
9494, 1889
16965, 1889
22502, 1889
17913, 1889
11915, 1889
27341, 1889
8550, 1889
17098, 1889
24780, 1889
9130, 1889
8619, 1889
19534, 1889
23180, 1889
10213, 1889
16646, 1889
20410, 1889
18695, 1889
27685, 1889
25023, 1889
22138, 1889
27399, 1889
26000, 1889
26017, 1889
14041, 1889
15977, 1889
10071, 1889
23513, 1889
19919, 1889
14831, 1889
17055, 1889
16013, 1889
22545, 1889
22190, 1889
15428, 1889
9821, 1889
10962, 1889
14556, 1889
11786, 1889
25985, 1889
16065, 1889
18341, 1889
23493, 1889
24879, 1889
11478, 1889
26123, 1889
21464, 1889
24246, 1889
9098, 1889
11496, 1889
13788, 1889
21583, 1889
18843, 1889
15531, 1889
11702, 1889
19843, 1889
15551, 1889
13686, 1889
26180, 1889
10993, 1889
19142, 1889
25694, 1889
19185, 1889
25466, 1889
24952, 1889
27505, 1889
23674, 1889
25954, 1889
27687, 1889
24093, 1889
15048, 1889
12402, 1889
24303, 1889
21457, 1889
14509, 1889
9914, 1889
20578, 1889
26686, 1889
26132, 1889
20416, 1889
26991, 1889
10820, 1889
26624, 1889
13454, 1889
1889, 18301
20392, 1890
1890, 23608
1890, 20911
23732, 1891
1891, 18562
19616, 1892
1892, 10657
12337, 1893
1893, 21203
21728, 1894
1894, 27237
21818, 1895
1895, 26978
8878, 1896
12736, 1896
19676, 1896
1896, 14767
26167, 1897
1897, 15766
10270, 1898
21475, 1898
1898, 15290
8450, 1899
16375, 1899
1899, 8728
16521, 1900
1900, 17997
27560, 1901
20701, 1901
1901, 10201
27103, 1902
10299, 1902
1902, 12562
24393, 1903
1903, 13252
25348, 1904
1904, 13770
27317, 1905
1905, 11807
20292, 1906
1906, 18991
11072, 1907
1907, 24050
25390, 1908
1908, 19010
18352, 1909
1909, 17434
11574, 1910
1910, 11581
9060, 1911
21052, 1911
15967, 1911
21377, 1911
10559, 1911
19594, 1911
9676, 1911
9943, 1911
27707, 1911
10138, 1911
16562, 1911
20620, 1911
20955, 1911
27495, 1911
1911, 18078
27332, 1912
1912, 23591
1912, 23147
23333, 1913
1913, 24700
17184, 1914
1914, 26986
13523, 1915
1915, 18346
9560, 1916
1916, 17578
27633, 1917
1917, 18760
26371, 1918
1918, 20299
20732, 1919
1919, 25023
15358, 1920
1920, 14521
26156, 1921
1921, 10280
8675, 1922
1922, 13576
13522, 1923
23231, 1923
1923, 8484
18820, 1924
1924, 15879
10798, 1925
1925, 27675
18527, 1926
20829, 1926
1926, 16522
11222, 1927
8642, 1927
1927, 9965
11064, 1928
1928, 11123
10188, 1929
26766, 1929
1929, 13318
22423, 1930
1930, 18430
21910, 1931
1931, 14604
16105, 1932
1932, 13244
10781, 1933
22862, 1933
9028, 1933
16185, 1933
1933, 18185
1933, 21156
20358, 1934
1934, 14837
20680, 1935
1935, 12776
17644, 1936
1936, 25689
26738, 1937
1937, 21232
22477, 1938
1938, 9157
22028, 1939
1939, 20530
12202, 1940
9278, 1940
25557, 1940
26049, 1940
25231, 1940
26320, 1940
12027, 1940
11157, 1940
9228, 1940
17668, 1940
27095, 1940
11748, 1940
22863, 1940
16263, 1940
16080, 1940
25517, 1940
21437, 1940
13107, 1940
23142, 1940
21647, 1940
17903, 1940
19865, 1940
11230, 1940
27192, 1940
20537, 1940
19824, 1940
19156, 1940
19271, 1940
21820, 1940
16516, 1940
10420, 1940
19465, 1940
25771, 1940
20642, 1940
21921, 1940
14298, 1940
20730, 1940
17650, 1940
11749, 1940
23252, 1940
16341, 1940
15870, 1940
27508, 1940
13061, 1940
20243, 1940
18645, 1940
25412, 1940
17260, 1940
15751, 1940
24628, 1940
27802, 1940
25507, 1940
17337, 1940
10345, 1940
11240, 1940
16106, 1940
24083, 1940
20286, 1940
24539, 1940
16093, 1940
1940, 27669
9988, 1941
11768, 1941
1941, 15243
13795, 1942
1942, 15346
17917, 1943
1943, 9759
16023, 1944
1944, 16917
1944, 19840
24891, 1945
1945, 15943
25278, 1946
1946, 16475
10858, 1947
1947, 14456
9306, 1948
1948, 14466
22284, 1949
1949, 23127
19479, 1950
1950, 23837
12794, 1951
1951, 23388
24846, 1952
1952, 12838
13117, 1953
1953, 12060
23241, 1954
1954, 20538
1954, 22792
27599, 1955
1955, 23741
1955, 16168
9163, 1956
1956, 23926
24391, 1957
1957, 14745
1957, 18938
20570, 1958
8496, 1958
24541, 1958
1958, 21454
9981, 1959
14910, 1959
24279, 1959
22808, 1959
16376, 1959
19454, 1959
1959, 26784
25734, 1960
1960, 11403
25830, 1961
1961, 9999
9738, 1962
11932, 1962
8646, 1962
1962, 26779
14039, 1963
1963, 17367
22998, 1964
17253, 1964
22314, 1964
22821, 1964
1964, 18501
12911, 1965
1965, 26252
23238, 1966
1966, 22399
8470, 1967
1967, 9930
17606, 1968
1968, 16915
25344, 1969
1969, 10739
25368, 1970
1970, 13419
15072, 1971
18735, 1971
27281, 1971
1971, 24226
9560, 1972
1972, 17578
23642, 1973
1973, 13136
18679, 1974
1974, 15073
15702, 1975
1975, 25967
17991, 1976
1976, 13094
15975, 1977
15803, 1977
27185, 1977
1977, 27279
19353, 1978
1978, 23252
26035, 1979
1979, 12098
11785, 1980
1980, 27207
1980, 11589
8675, 1981
21912, 1981
12433, 1981
11599, 1981
1981, 19053
1981, 10763
24799, 1982
1982, 15735
12337, 1983
1983, 24958
1983, 25303
15847, 1984
1984, 14468
9837, 1985
1985, 20249
12542, 1986
1986, 16729
23695, 1987
1987, 26714
21856, 1988
1988, 8783
20413, 1989
16718, 1989
25792, 1989
17518, 1989
19612, 1989
1989, 13319
9396, 1990
1990, 15938
13119, 1991
1991, 19067
1991, 24747
25970, 1992
1992, 18648
13954, 1993
11296, 1993
1993, 17603
15847, 1994
1994, 27320
12887, 1995
1995, 21121
10240, 1996
1996, 15125
24364, 1997
1997, 18319
21339, 1998
1998, 12281
20928, 1999
1999, 9957
25717, 2000
2000, 23421
2000, 16959
15793, 2001
2001, 18900
14106, 2002
21326, 2002
25119, 2002
27550, 2002
2002, 8813
8911, 2003
2003, 17541
12337, 2004
2004, 15952
22281, 2005
12261, 2005
2005, 20658
20172, 2006
2006, 21785
2006, 9621
26622, 2007
2007, 9742
17429, 2008
2008, 10918
13444, 2009
24085, 2009
2009, 9239
22052, 2010
2010, 25615
23929, 2011
2011, 17383
20484, 2012
27674, 2012
2012, 23178
9305, 2013
2013, 15337
14128, 2014
2014, 22185
15187, 2015
2015, 10445
16637, 2016
2016, 9743
14714, 2017
2017, 12411
18573, 2018
20504, 2018
24564, 2018
23676, 2018
16490, 2018
10001, 2018
16594, 2018
2018, 21400
20953, 2019
2019, 11066
11116, 2020
2020, 10727
2020, 25163
2020, 10562
18729, 2021
2021, 27672
20879, 2022
2022, 23446
16853, 2023
11713, 2023
10556, 2023
2023, 14901
22161, 2024
2024, 23591
23310, 2025
2025, 9883
2025, 23028
26024, 2026
23837, 2026
23189, 2026
2026, 14033
12337, 2027
2027, 9267
12337, 2028
2028, 16223
22307, 2029
2029, 13239
26380, 2030
20964, 2030
22893, 2030
2030, 27892
17408, 2031
2031, 19405
12042, 2032
2032, 24669
20980, 2033
2033, 23326
15236, 2034
2034, 16913
22628, 2035
2035, 25688
14867, 2036
11117, 2036
21306, 2036
26174, 2036
27060, 2036
21402, 2036
2036, 23866
18439, 2037
2037, 10748
16572, 2038
14092, 2038
13305, 2038
2038, 14377
17139, 2039
2039, 24669
22057, 2040
22143, 2040
25298, 2040
17025, 2040
24442, 2040
24166, 2040
17866, 2040
23037, 2040
23944, 2040
14600, 2040
22279, 2040
12401, 2040
16960, 2040
25127, 2040
2040, 27769
2040, 24069
24647, 2041
2041, 10989
17728, 2042
2042, 23435
12256, 2043
2043, 22363
25914, 2044
2044, 19540
2044, 13061
12095, 2045
2045, 15768
16238, 2046
2046, 20864
2046, 13419
2046, 14827
2046, 12945
2046, 19828
27089, 2047
2047, 13501
11331, 2048
11669, 2048
21528, 2048
11088, 2048
11527, 2048
8914, 2048
10440, 2048
15473, 2048
18177, 2048
2048, 18078
10603, 2049
2049, 26773
21025, 2050
2050, 17725
2050, 10001
21679, 2051
2051, 23821
27880, 2052
2052, 12788
20617, 2053
2053, 20977
25571, 2054
17478, 2054
9224, 2054
19631, 2054
11534, 2054
19208, 2054
15956, 2054
2054, 19762
17561, 2055
2055, 9176
10548, 2056
2056, 18499
23798, 2057
2057, 14626
10393, 2058
18998, 2058
2058, 22549
27510, 2059
2059, 14983
25278, 2060
2060, 15538
9441, 2061
2061, 22588
20718, 2062
2062, 13051
2062, 16082
13014, 2063
2063, 18304
13888, 2064
2064, 10338
12337, 2065
2065, 19463
9991, 2066
2066, 24077
17006, 2067
2067, 12884
21165, 2068
2068, 8735
22849, 2069
2069, 12848
15028, 2070
2070, 27012
24610, 2071
2071, 25378
2071, 17684
21581, 2072
13758, 2072
27147, 2072
26214, 2072
2072, 15698
26459, 2073
2073, 12663
2073, 11244
2073, 10487
10058, 2074
2074, 13472
16733, 2075
2075, 25947
20725, 2076
2076, 14300
18360, 2077
2077, 14351
26396, 2078
2078, 18150
16566, 2079
2079, 13027
19389, 2080
2080, 14645
18816, 2081
15107, 2081
23207, 2081
2081, 10284
12337, 2082
2082, 20132
14598, 2083
22191, 2083
12275, 2083
15088, 2083
12189, 2083
10735, 2083
24084, 2083
2083, 20664
2083, 20660
17130, 2084
2084, 17614
12129, 2085
2085, 26166
12337, 2086
2086, 27355
2086, 20568
12337, 2087
2087, 25808
14071, 2088
2088, 27508
2088, 25155
21365, 2089
2089, 9812
21112, 2090
15113, 2090
26363, 2090
2090, 24872
26186, 2091
2091, 15930
22325, 2092
22933, 2092
2092, 19043
2092, 23013
12678, 2093
2093, 23022
18157, 2094
2094, 25542
22685, 2095
27328, 2095
2095, 14151
12007, 2096
2096, 17372
14285, 2097
2097, 16837
12337, 2098
2098, 27761
27671, 2099
2099, 13865
20825, 2100
2100, 17236
22692, 2101
2101, 24428
10932, 2102
2102, 15419
26167, 2103
2103, 26928
23900, 2104
27496, 2104
15655, 2104
2104, 17790
11202, 2105
2105, 19277
11364, 2106
2106, 18274
20659, 2107
18424, 2107
10808, 2107
2107, 26381
11638, 2108
2108, 21264
11201, 2109
2109, 11070
19031, 2110
2110, 17386
17589, 2111
2111, 24971
2111, 9879
15868, 2112
2112, 27429
11683, 2113
2113, 21388
27625, 2114
17151, 2114
13955, 2114
2114, 10867
27255, 2115
2115, 11108
11245, 2116
2116, 12451
26391, 2117
2117, 18243
15847, 2118
2118, 19112
16116, 2119
2119, 10719
20407, 2120
2120, 9141
12841, 2121
2121, 13164
11536, 2122
20017, 2122
25816, 2122
17320, 2122
19543, 2122
9253, 2122
10400, 2122
12044, 2122
13435, 2122
2122, 12068
15544, 2123
2123, 26256
25566, 2124
2124, 26321
15847, 2125
2125, 23467
22991, 2126
2126, 12375
24476, 2127
2127, 23478
25575, 2128
2128, 26832
21718, 2129
16804, 2129
2129, 17039
18775, 2130
2130, 24921
26445, 2131
2131, 17649
13717, 2132
2132, 27868
25199, 2133
27316, 2133
2133, 20683
23987, 2134
25392, 2134
26654, 2134
15638, 2134
15822, 2134
8634, 2134
27179, 2134
22781, 2134
2134, 25323
2134, 25813
14388, 2135
9105, 2135
2135, 13136
27579, 2136
21398, 2136
2136, 11748
21283, 2137
2137, 17836
2137, 24635
2137, 13542
24530, 2138
2138, 17932
2138, 27141
25085, 2139
2139, 14283
22594, 2140
2140, 25973
13411, 2141
2141, 16691
8660, 2142
2142, 9271
13272, 2143
26492, 2143
24696, 2143
15083, 2143
12160, 2143
2143, 18959
11054, 2144
2144, 18866
2144, 20885
2144, 27857
25241, 2145
10413, 2145
2145, 8860
24862, 2146
2146, 27722
26554, 2147
2147, 13106
21165, 2148
2148, 16645
26382, 2149
2149, 25372
9113, 2150
10083, 2150
18536, 2150
18236, 2150
9342, 2150
2150, 25307
20274, 2151
27449, 2151
27247, 2151
16297, 2151
13094, 2151
27677, 2151
2151, 22066
22235, 2152
2152, 14604
18596, 2153
2153, 22199
15847, 2154
2154, 25863
11780, 2155
2155, 17080
12878, 2156
2156, 10682
25156, 2157
23893, 2157
23739, 2157
2157, 23559
17813, 2158
2158, 20414
24896, 2159
2159, 24262
15341, 2160
2160, 23998
25233, 2161
27766, 2161
27040, 2161
10594, 2161
16616, 2161
23427, 2161
16562, 2161
19594, 2161
21258, 2161
17432, 2161
2161, 18078
15415, 2162
2162, 10112
24391, 2163
2163, 14745
14395, 2164
24718, 2164
2164, 8780
21000, 2165
2165, 24502
25412, 2166
20289, 2166
2166, 11870
23078, 2167
2167, 11891
2167, 18503
17571, 2168
2168, 19510
2168, 25752
9647, 2169
2169, 17858
16739, 2170
2170, 26092
10879, 2171
2171, 11677
2171, 16707
8617, 2172
2172, 8638
24391, 2173
2173, 15850
11652, 2174
12333, 2174
2174, 12638
8830, 2175
2175, 18763
19334, 2176
2176, 13634
25566, 2177
2177, 22099
26337, 2178
26135, 2178
24472, 2178
12283, 2178
17132, 2178
17912, 2178
17887, 2178
2178, 9460
14812, 2179
2179, 24585
10369, 2180
2180, 8728
20517, 2181
2181, 16765
24463, 2182
2182, 18200
2182, 15839
2182, 13931
19478, 2183
11687, 2183
18584, 2183
19500, 2183
18559, 2183
18289, 2183
26385, 2183
2183, 17868
26768, 2184
11332, 2184
2184, 22740
2184, 9629
2184, 27421
2184, 26695
2184, 25610
2184, 22165
2184, 12194
2184, 17169
2184, 13568
2184, 12059
2184, 14487
2184, 20576
2184, 14869
2184, 27212
2184, 14455
2184, 26079
2184, 23112
2184, 8632
2184, 20427
2184, 10089
27037, 2185
22373, 2185
2185, 23525
14389, 2186
2186, 21003
2186, 12611
2186, 15388
25292, 2187
14801, 2187
2187, 24937
10719, 2188
19540, 2188
2188, 9193
8628, 2189
2189, 24722
24622, 2190
2190, 26676
2190, 25480
2190, 16714
2190, 15078
2190, 25022
2190, 26883
2190, 17107
2190, 14544
2190, 25509
2190, 19283
2190, 22946
2190, 23870
2190, 9072
2190, 18525
2190, 27905
16266, 2191
2191, 27472
22405, 2192
13481, 2192
2192, 20148
9440, 2193
2193, 15235
17477, 2194
2194, 12788
21845, 2195
2195, 12579
12337, 2196
2196, 11296
11072, 2197
2197, 26295
21184, 2198
8570, 2198
24992, 2198
13305, 2198
2198, 24979
10026, 2199
2199, 12616
2199, 19215
22113, 2200
2200, 16790
19170, 2201
2201, 26744
10899, 2202
2202, 8559
11654, 2203
2203, 20964
25198, 2204
2204, 23573
25133, 2205
15991, 2205
2205, 20504
9916, 2206
2206, 23592
13082, 2207
2207, 26037
10953, 2208
2208, 14370
17457, 2209
24116, 2209
2209, 16428
20866, 2210
2210, 17390
2210, 13467
11759, 2211
2211, 10280
20884, 2212
2212, 16236
14021, 2213
2213, 15775
10573, 2214
2214, 17378
16703, 2215
2215, 11455
26741, 2216
2216, 13180
2216, 27811
9841, 2217
2217, 25636
18996, 2218
2218, 17041
14714, 2219
2219, 8706
20884, 2220
2220, 19126
20169, 2221
19909, 2221
2221, 13644
26954, 2222
2222, 25323
22082, 2223
2223, 23591
23786, 2224
2224, 13480
19994, 2225
2225, 19529
2225, 20814
27264, 2226
2226, 24632
24065, 2227
2227, 15469
24493, 2228
2228, 13967
25278, 2229
2229, 8907
9417, 2230
2230, 26467
10571, 2231
24488, 2231
26152, 2231
19486, 2231
23569, 2231
2231, 24286
2231, 18753
2231, 9944
22477, 2232
26625, 2232
2232, 10331
2232, 25026
10837, 2233
2233, 18999
2233, 12641
2233, 15077
2233, 18092
2233, 25337
2233, 13816
2233, 20167
2233, 15623
2233, 15611
2233, 19434
2233, 21823
2233, 18898
2233, 20139
2233, 23261
2233, 20077
2233, 27887
2233, 21067
2233, 23855
2233, 17051
2233, 19832
2233, 14294
2233, 12589
2233, 27647
2233, 20423
2233, 23468
2233, 19059
2233, 25153
2233, 23110
2233, 17608
2233, 16697
2233, 11984
2233, 11289
2233, 13519
2233, 11776
2233, 15126
2233, 18210
2233, 12489
2233, 12197
2233, 26066
2233, 12101
2233, 11089
2233, 10039
21165, 2234
2234, 15462
13363, 2235
20492, 2235
10505, 2235
13057, 2235
11709, 2235
2235, 18459
27513, 2236
12012, 2236
2236, 14781
14992, 2237
2237, 23394
18729, 2238
2238, 11136
14597, 2239
2239, 23591
12946, 2240
10978, 2240
17235, 2240
22514, 2240
25121, 2240
26630, 2240
13012, 2240
13214, 2240
22538, 2240
17363, 2240
19201, 2240
27081, 2240
18701, 2240
14081, 2240
12959, 2240
18698, 2240
26109, 2240
12849, 2240
20786, 2240
9611, 2240
18368, 2240
13598, 2240
9366, 2240
19525, 2240
12617, 2240
13396, 2240
10080, 2240
25721, 2240
8504, 2240
12666, 2240
11579, 2240
27631, 2240
22951, 2240
10365, 2240
21722, 2240
12297, 2240
22258, 2240
17647, 2240
20041, 2240
23758, 2240
13343, 2240
14486, 2240
15772, 2240
18256, 2240
15905, 2240
18197, 2240
11003, 2240
20029, 2240
26656, 2240
24920, 2240
22356, 2240
26484, 2240
17729, 2240
9906, 2240
15425, 2240
27466, 2240
23027, 2240
25998, 2240
2240, 23415
16864, 2241
2241, 10670
22919, 2242
2242, 23515
12172, 2243
11544, 2243
18201, 2243
18726, 2243
10337, 2243
11804, 2243
27738, 2243
23349, 2243
10511, 2243
27873, 2243
16068, 2243
24516, 2243
12136, 2243
8802, 2243
14301, 2243
25394, 2243
19607, 2243
15654, 2243
25375, 2243
15398, 2243
12910, 2243
19677, 2243
21266, 2243
24008, 2243
19739, 2243
24340, 2243
9985, 2243
26969, 2243
22852, 2243
21465, 2243
9121, 2243
10886, 2243
9912, 2243
15888, 2243
25616, 2243
19251, 2243
18388, 2243
11979, 2243
12645, 2243
26099, 2243
10745, 2243
23044, 2243
27350, 2243
9126, 2243
9922, 2243
27377, 2243
12784, 2243
2243, 22017
16713, 2244
2244, 18821
25420, 2245
23591, 2245
2245, 11018
13444, 2246
21211, 2246
2246, 11517
25566, 2247
2247, 8792
13082, 2248
2248, 16564
16380, 2249
2249, 20573
15435, 2250
2250, 17503
8611, 2251
2251, 14702
11543, 2252
19861, 2252
13409, 2252
17345, 2252
14467, 2252
2252, 23663
16540, 2253
2253, 11846
11259, 2254
2254, 26060
20066, 2255
2255, 13953
16882, 2256
2256, 27438
26964, 2257
2257, 9594
21577, 2258
2258, 24796
24133, 2259
2259, 18608
12337, 2260
2260, 17405
9017, 2261
2261, 18511
2261, 24449
14997, 2262
2262, 23307
2262, 24256
2262, 21983
2262, 18889
2262, 11954
2262, 17402
2262, 21744
2262, 26384
2262, 15862
2262, 25913
2262, 11324
16529, 2263
2263, 25361
10549, 2264
2264, 21297
20884, 2265
2265, 10131
17066, 2266
2266, 23054
23980, 2267
2267, 19620
19775, 2268
2268, 24931
18238, 2269
2269, 10112
15847, 2270
2270, 17356
21165, 2271
2271, 14070
11369, 2272
2272, 9544
26929, 2273
2273, 12533
27772, 2274
2274, 21343
9300, 2275
2275, 27637
19621, 2276
16455, 2276
8978, 2276
13713, 2276
12744, 2276
9666, 2276
10476, 2276
21858, 2276
9977, 2276
16847, 2276
8698, 2276
25630, 2276
14929, 2276
2276, 23727
17678, 2277
25265, 2277
26240, 2277
27021, 2277
16816, 2277
20635, 2277
21573, 2277
2277, 27796
26259, 2278
13032, 2278
27844, 2278
11052, 2278
2278, 17592
24174, 2279
2279, 17336
21133, 2280
8951, 2280
2280, 14036
8889, 2281
15778, 2281
16187, 2281
26589, 2281
9169, 2281
2281, 20485
14714, 2282
2282, 19245
15085, 2283
23596, 2283
2283, 23641
13116, 2284
14649, 2284
2284, 27895
15496, 2285
2285, 26070
11632, 2286
2286, 23774
17444, 2287
20105, 2287
11146, 2287
2287, 20311
12337, 2288
2288, 9267
25561, 2289
9333, 2289
2289, 15409
17688, 2290
22744, 2290
23796, 2290
17028, 2290
22489, 2290
23810, 2290
14616, 2290
19150, 2290
25722, 2290
12314, 2290
25004, 2290
27091, 2290
9528, 2290
9735, 2290
9439, 2290
13176, 2290
13193, 2290
19388, 2290
13254, 2290
16221, 2290
14968, 2290
12516, 2290
11155, 2290
24365, 2290
25924, 2290
26507, 2290
17116, 2290
18697, 2290
13637, 2290
17059, 2290
26019, 2290
14664, 2290
12921, 2290
12872, 2290
26424, 2290
24248, 2290
10137, 2290
26253, 2290
15176, 2290
25677, 2290
16460, 2290
17671, 2290
11479, 2290
16258, 2290
14617, 2290
22176, 2290
17165, 2290
16507, 2290
10017, 2290
13584, 2290
20902, 2290
23317, 2290
16326, 2290
12912, 2290
17797, 2290
18731, 2290
20126, 2290
21827, 2290
18110, 2290
12104, 2290
10778, 2290
15476, 2290
11121, 2290
22100, 2290
15227, 2290
26296, 2290
12302, 2290
27351, 2290
19033, 2290
17237, 2290
20591, 2290
15933, 2290
21907, 2290
24294, 2290
14258, 2290
9720, 2290
15382, 2290
9699, 2290
22554, 2290
22943, 2290
22236, 2290
20271, 2290
18057, 2290
20500, 2290
16356, 2290
10835, 2290
27416, 2290
10830, 2290
14264, 2290
11777, 2290
9216, 2290
8973, 2290
12063, 2290
19051, 2290
11098, 2290
13097, 2290
22547, 2290
15437, 2290
19015, 2290
15452, 2290
14212, 2290
15182, 2290
11972, 2290
23633, 2290
10451, 2290
14361, 2290
11526, 2290
22828, 2290
15530, 2290
10133, 2290
27899, 2290
25313, 2290
26859, 2290
16587, 2290
26824, 2290
22055, 2290
24858, 2290
13948, 2290
17762, 2290
27420, 2290
23417, 2290
24678, 2290
18818, 2290
18943, 2290
21324, 2290
14844, 2290
24150, 2290
12597, 2290
17037, 2290
16424, 2290
22550, 2290
12475, 2290
18721, 2290
20692, 2290
26053, 2290
14400, 2290
18441, 2290
16430, 2290
23194, 2290
18163, 2290
8963, 2290
23145, 2290
19084, 2290
13616, 2290
16967, 2290
12692, 2290
12480, 2290
19984, 2290
25797, 2290
25240, 2290
17862, 2290
10801, 2290
27915, 2290
15579, 2290
19858, 2290
12144, 2290
26692, 2290
14594, 2290
12204, 2290
15636, 2290
11985, 2290
26425, 2290
18351, 2290
26436, 2290
12149, 2290
21964, 2290
10896, 2290
23701, 2290
26603, 2290
27404, 2290
22058, 2290
15466, 2290
18431, 2290
10741, 2290
14620, 2290
9926, 2290
17937, 2290
13471, 2290
18812, 2290
16181, 2290
11099, 2290
11004, 2290
24215, 2290
18422, 2290
23495, 2290
17627, 2290
14259, 2290
24726, 2290
14145, 2290
24713, 2290
9318, 2290
11445, 2290
16019, 2290
19068, 2290
20476, 2290
10065, 2290
19690, 2290
14318, 2290
12277, 2290
14552, 2290
22124, 2290
24448, 2290
22786, 2290
27475, 2290
14686, 2290
16658, 2290
17638, 2290
14182, 2290
10905, 2290
17038, 2290
26039, 2290
9297, 2290
27104, 2290
25766, 2290
21580, 2290
10707, 2290
10724, 2290
24100, 2290
17137, 2290
25565, 2290
11674, 2290
15373, 2290
12894, 2290
21407, 2290
16599, 2290
13653, 2290
22298, 2290
25922, 2290
22719, 2290
11551, 2290
18105, 2290
19134, 2290
15342, 2290
13526, 2290
11316, 2290
27088, 2290
13332, 2290
24368, 2290
25991, 2290
10543, 2290
19384, 2290
10162, 2290
9612, 2290
27047, 2290
23283, 2290
16991, 2290
10887, 2290
12477, 2290
13072, 2290
13647, 2290
23439, 2290
17176, 2290
14146, 2290
15785, 2290
27224, 2290
23008, 2290
8975, 2290
23182, 2290
26127, 2290
13080, 2290
11235, 2290
15440, 2290
17741, 2290
20907, 2290
23933, 2290
10087, 2290
13429, 2290
11097, 2290
25770, 2290
27353, 2290
17646, 2290
18135, 2290
13857, 2290
22349, 2290
9950, 2290
13563, 2290
21005, 2290
24643, 2290
13646, 2290
22638, 2290
11533, 2290
20204, 2290
26522, 2290
23141, 2290
26853, 2290
21794, 2290
25903, 2290
12635, 2290
8845, 2290
10258, 2290
11077, 2290
23526, 2290
22496, 2290
18869, 2290
25406, 2290
10663, 2290
12652, 2290
17141, 2290
26762, 2290
22368, 2290
11684, 2290
20211, 2290
19694, 2290
22548, 2290
13641, 2290
23719, 2290
17611, 2290
8547, 2290
27334, 2290
12972, 2290
24687, 2290
13808, 2290
18929, 2290
8721, 2290
18649, 2290
13423, 2290
22431, 2290
12431, 2290
26197, 2290
17140, 2290
2290, 24559
2290, 13645
12337, 2291
2291, 16852
9108, 2292
2292, 8830
19566, 2293
26514, 2293
13829, 2293
2293, 20307
12337, 2294
2294, 9267
11333, 2295
2295, 9391
14482, 2296
2296, 12249
22570, 2297
2297, 10280
20670, 2298
2298, 21785
12004, 2299
2299, 19781
9539, 2300
2300, 27218
16134, 2301
15742, 2301
21852, 2301
24195, 2301
22073, 2301
9044, 2301
2301, 27559
21927, 2302
2302, 9140
8469, 2303
2303, 13357
21021, 2304
2304, 16726
2304, 17491
12337, 2305
2305, 16345
16770, 2306
2306, 20705
24190, 2307
14049, 2307
9816, 2307
19145, 2307
17935, 2307
20325, 2307
8675, 2307
24717, 2307
17768, 2307
11293, 2307
14926, 2307
14603, 2307
18072, 2307
15875, 2307
19546, 2307
17218, 2307
11145, 2307
22835, 2307
18409, 2307
10169, 2307
2307, 27422
16295, 2308
2308, 21207
8499, 2309
2309, 11384
26502, 2310
2310, 17292
8620, 2311
24698, 2311
2311, 27845
13436, 2312
2312, 9886
21611, 2313
2313, 24456
16798, 2314
2314, 9558
12337, 2315
2315, 15952
2315, 10586
12337, 2316
2316, 8597
25825, 2317
2317, 22293
9651, 2318
2318, 13380
10485, 2319
21842, 2319
9776, 2319
17499, 2319
2319, 15563
23672, 2320
2320, 23067
10856, 2321
2321, 26290
8977, 2322
2322, 26186
13942, 2323
16085, 2323
2323, 12335
23826, 2324
2324, 27674
8770, 2325
2325, 27438
20629, 2326
2326, 20100
20884, 2327
2327, 14011
21544, 2328
2328, 10821
9451, 2329
2329, 21336
20558, 2330
2330, 11503
20310, 2331
2331, 9344
9055, 2332
11773, 2332
2332, 19373
16216, 2333
9553, 2333
2333, 16593
24586, 2334
2334, 24775
9944, 2335
2335, 23315
26622, 2336
2336, 13850
13718, 2337
2337, 14126
20230, 2338
2338, 21925
20457, 2339
2339, 25712
25218, 2340
2340, 17434
2340, 8556
15536, 2341
2341, 13255
10212, 2342
2342, 24203
21154, 2343
15239, 2343
11222, 2343
23893, 2343
23837, 2343
20199, 2343
2343, 21167
21879, 2344
21228, 2344
13605, 2344
13006, 2344
26649, 2344
24650, 2344
10931, 2344
22389, 2344
9575, 2344
15228, 2344
2344, 17827
13285, 2345
2345, 21012
12656, 2346
2346, 24580
20102, 2347
2347, 10112
11072, 2348
2348, 18573
12592, 2349
16397, 2349
22347, 2349
20495, 2349
11218, 2349
9378, 2349
17052, 2349
2349, 11958
23364, 2350
18948, 2350
2350, 8576
16780, 2351
2351, 8976
2351, 26948
20317, 2352
2352, 11460
26875, 2353
2353, 9742
20368, 2354
15417, 2354
11592, 2354
2354, 24847
11863, 2355
20916, 2355
17220, 2355
12044, 2355
22680, 2355
17642, 2355
23148, 2355
2355, 24120
22812, 2356
2356, 11114
27096, 2357
2357, 20363
15608, 2358
2358, 19983
2358, 11733
27788, 2359
2359, 26049
2359, 17306
17284, 2360
2360, 13614
18933, 2361
2361, 27894
25469, 2362
2362, 20794
25633, 2363
2363, 20238
26391, 2364
2364, 11280
13654, 2365
2365, 10111
2365, 24965
14219, 2366
2366, 20535
16876, 2367
2367, 14291
17648, 2368
2368, 10747
2368, 23375
9115, 2369
2369, 11702
24031, 2370
12751, 2370
2370, 24571
8744, 2371
20025, 2371
24850, 2371
2371, 16870
17434, 2372
15566, 2372
22098, 2372
19762, 2372
13635, 2372
13660, 2372
23014, 2372
2372, 13312
27760, 2373
2373, 22038
18965, 2374
2374, 11043
23629, 2375
14297, 2375
2375, 25886
19215, 2376
14484, 2376
26962, 2376
10573, 2376
14971, 2376
2376, 26535
20623, 2377
2377, 10823
16113, 2378
18661, 2378
13094, 2378
14971, 2378
2378, 24451
23554, 2379
2379, 17264
12181, 2380
12755, 2380
24672, 2380
11221, 2380
2380, 20027
2380, 20873
2380, 26464
2380, 18704
20849, 2381
2381, 22137
16798, 2382
2382, 24837
13082, 2383
2383, 26037
27639, 2384
2384, 9798
17382, 2385
9703, 2385
21770, 2385
16136, 2385
27128, 2385
15555, 2385
18376, 2385
21147, 2385
18418, 2385
14460, 2385
23329, 2385
9521, 2385
20567, 2385
24876, 2385
9264, 2385
18500, 2385
19671, 2385
27676, 2385
25118, 2385
2385, 12572
24090, 2386
2386, 21865
10662, 2387
2387, 24854
22540, 2388
23893, 2388
2388, 11173
23564, 2389
2389, 23340
21952, 2390
2390, 23582
15199, 2391
2391, 23896
23299, 2392
2392, 20647
24237, 2393
2393, 27794
27729, 2394
2394, 21065
23964, 2395
2395, 23481
10826, 2396
15994, 2396
2396, 26710
2396, 20534
23869, 2397
27752, 2397
17358, 2397
2397, 20441
25278, 2398
2398, 15789
24544, 2399
2399, 9407
13333, 2400
2400, 22540
17553, 2401
2401, 20217
18091, 2402
2402, 27586
21187, 2403
2403, 9740
2403, 12438
12244, 2404
2404, 26918
2404, 22887
9727, 2405
2405, 23891
12337, 2406
2406, 18257
25533, 2407
2407, 23432
12642, 2408
2408, 12386
14701, 2409
2409, 20783
2409, 10025
24068, 2410
2410, 24869
16500, 2411
2411, 13083
26912, 2412
27718, 2412
26020, 2412
14026, 2412
11898, 2412
20269, 2412
22252, 2412
12760, 2412
19364, 2412
17474, 2412
13327, 2412
13124, 2412
21597, 2412
10414, 2412
10197, 2412
18408, 2412
21606, 2412
15262, 2412
25452, 2412
14536, 2412
27315, 2412
14306, 2412
19119, 2412
22386, 2412
16251, 2412
11789, 2412
14761, 2412
20933, 2412
16978, 2412
2412, 10081
9890, 2413
20467, 2413
2413, 10280
22477, 2414
2414, 11721
13758, 2415
14889, 2415
2415, 17031
20253, 2416
2416, 18150
13963, 2417
9005, 2417
2417, 23158
13512, 2418
2418, 13758
25798, 2419
19812, 2419
18709, 2419
19967, 2419
12546, 2419
25673, 2419
11023, 2419
16293, 2419
8697, 2419
11388, 2419
24784, 2419
27415, 2419
19171, 2419
21731, 2419
20754, 2419
16304, 2419
18520, 2419
21273, 2419
21051, 2419
9558, 2419
14112, 2419
27441, 2419
26842, 2419
20592, 2419
17827, 2419
12907, 2419
9960, 2419
9628, 2419
10064, 2419
26054, 2419
18952, 2419
10872, 2419
10723, 2419
19717, 2419
27026, 2419
19853, 2419
17793, 2419
24358, 2419
15019, 2419
22929, 2419
11280, 2419
25484, 2419
8579, 2419
18396, 2419
2419, 17526
24347, 2420
14242, 2420
20086, 2420
15966, 2420
9229, 2420
2420, 23778
22557, 2421
2421, 16117
15573, 2422
2422, 9742
11885, 2423
2423, 24071
11120, 2424
11490, 2424
2424, 17342
14124, 2425
2425, 25323
9317, 2426
2426, 21069
17278, 2427
8885, 2427
24841, 2427
13905, 2427
10438, 2427
15395, 2427
2427, 24937
13137, 2428
2428, 16509
23970, 2429
2429, 19025
20889, 2430
2430, 17247
21165, 2431
2431, 26967
17123, 2432
19809, 2432
2432, 27036
23861, 2433
2433, 21796
10193, 2434
2434, 23977
24889, 2435
26065, 2435
10220, 2435
19010, 2435
8597, 2435
2435, 26122
20562, 2436
2436, 24205
2436, 14390
2436, 27590
10838, 2437
2437, 15153
19052, 2438
2438, 18203
20708, 2439
2439, 9718
2439, 16254
19891, 2440
20580, 2440
2440, 16025
11334, 2441
2441, 18144
20884, 2442
2442, 15454
16879, 2443
2443, 26809
20439, 2444
2444, 23079
12337, 2445
2445, 20199
24925, 2446
2446, 20764
2446, 11322
2446, 24278
19714, 2447
2447, 19287
16679, 2448
27227, 2448
2448, 14221
15620, 2449
2449, 20530
10404, 2450
14094, 2450
2450, 20695
9485, 2451
15870, 2451
18322, 2451
2451, 18139
15377, 2452
24281, 2452
23856, 2452
11357, 2452
19903, 2452
12017, 2452
17046, 2452
12795, 2452
26313, 2452
8856, 2452
9283, 2452
22788, 2452
11532, 2452
15018, 2452
13361, 2452
13784, 2452
25325, 2452
11754, 2452
18730, 2452
18923, 2452
24790, 2452
18029, 2452
16305, 2452
26896, 2452
16574, 2452
10795, 2452
22878, 2452
19294, 2452
20344, 2452
22879, 2452
10995, 2452
11651, 2452
20497, 2452
14339, 2452
15222, 2452
24372, 2452
25326, 2452
2452, 16717
14265, 2453
22543, 2453
17276, 2453
2453, 9345
26825, 2454
16296, 2454
14396, 2454
23857, 2454
9002, 2454
13240, 2454
26911, 2454
12429, 2454
2454, 13981
14585, 2455
2455, 9492
2455, 12611
8722, 2456
2456, 15661
11124, 2457
2457, 15403
17910, 2458
20048, 2458
13644, 2458
23744, 2458
20047, 2458
13926, 2458
18203, 2458
12490, 2458
24969, 2458
26883, 2458
25383, 2458
22222, 2458
24023, 2458
12318, 2458
17279, 2458
18919, 2458
13298, 2458
11290, 2458
22728, 2458
27044, 2458
16269, 2458
13667, 2458
18226, 2458
2458, 12337
2458, 19760
10758, 2459
20463, 2459
16686, 2459
23303, 2459
25101, 2459
8675, 2459
21491, 2459
23542, 2459
17132, 2459
25847, 2459
2459, 8836
2459, 15403
2459, 26532
20821, 2460
2460, 10792
9900, 2461
2461, 15075
11072, 2462
2462, 18225
11641, 2463
2463, 15197
11505, 2464
2464, 12571
19615, 2465
2465, 12215
26760, 2466
10032, 2466
2466, 10122
27062, 2467
14354, 2467
12632, 2467
2467, 14314
20884, 2468
2468, 11840
2468, 18932
11914, 2469
19323, 2469
24673, 2469
10347, 2469
22090, 2469
21499, 2469
2469, 24388
17335, 2470
2470, 19578
2470, 18364
2470, 24316
22477, 2471
2471, 25180
18855, 2472
2472, 26451
2472, 20289
18859, 2473
2473, 9855
21039, 2474
2474, 19480
2474, 8830
17006, 2475
2475, 18558
2475, 22135
2475, 18823
2475, 8781
17586, 2476
2476, 8599
9955, 2477
2477, 14192
20521, 2478
2478, 25206
24504, 2479
2479, 24894
15627, 2480
2480, 21678
17776, 2481
20701, 2481
2481, 25209
19641, 2482
2482, 14427
23888, 2483
2483, 13644
12285, 2484
2484, 22661
25278, 2485
2485, 8816
22149, 2486
19704, 2486
2486, 10752
9263, 2487
2487, 9250
19537, 2488
2488, 20335
2488, 11074
2488, 9553
2488, 11059
27284, 2489
2489, 14040
13368, 2490
2490, 17239
26791, 2491
2491, 15528
10871, 2492
2492, 13835
24432, 2493
2493, 17869
11998, 2494
2494, 26937
23728, 2495
2495, 11279
18884, 2496
2496, 15430
18234, 2497
2497, 16680
12027, 2498
27643, 2498
19951, 2498
26598, 2498
14687, 2498
19053, 2498
19865, 2498
16490, 2498
10230, 2498
27895, 2498
21938, 2498
19540, 2498
20638, 2498
19810, 2498
23772, 2498
27027, 2498
26998, 2498
11589, 2498
25634, 2498
16757, 2498
2498, 27278
14832, 2499
2499, 9852
14714, 2500
2500, 23971
10130, 2501
2501, 8815
11916, 2502
2502, 23076
23460, 2503
10138, 2503
16079, 2503
18345, 2503
23601, 2503
2503, 18078
24289, 2504
2504, 21539
2504, 24369
2504, 23898
27400, 2505
2505, 22661
25161, 2506
2506, 18128
22813, 2507
2507, 16066
11442, 2508
2508, 15181
19277, 2509
20843, 2509
2509, 10311
25340, 2510
2510, 23962
23743, 2511
2511, 20764
17365, 2512
2512, 19666
26638, 2513
2513, 20741
22769, 2514
2514, 13674
21090, 2515
2515, 8748
2515, 25177
11274, 2516
2516, 9595
2516, 20377
2516, 25503
14714, 2517
2517, 20941
19933, 2518
2518, 25361
9824, 2519
2519, 18066
19681, 2520
2520, 10001
22477, 2521
2521, 17480
9631, 2522
2522, 15624
25628, 2523
2523, 23837
20857, 2524
2524, 13472
14030, 2525
2525, 11917
10717, 2526
2526, 18024
25713, 2527
2527, 20654
12437, 2528
2528, 9775
25728, 2529
2529, 23092
15589, 2530
2530, 10304
2530, 18161
17710, 2531
2531, 16653
2531, 27244
13611, 2532
2532, 15403
23885, 2533
2533, 21368
23671, 2534
25839, 2534
22192, 2534
2534, 15574
13082, 2535
2535, 26037
13041, 2536
2536, 17283
26780, 2537
2537, 23713
2537, 19762
11883, 2538
2538, 25726
24800, 2539
2539, 12108
8675, 2540
2540, 15353
2540, 8976
2540, 10419
2540, 20592
2540, 10872
16677, 2541
2541, 21753
15845, 2542
2542, 13603
15061, 2543
2543, 14687
27186, 2544
2544, 26623
27330, 2545
2545, 23446
9670, 2546
2546, 12353
26183, 2547
19202, 2547
9917, 2547
23720, 2547
17669, 2547
8489, 2547
27060, 2547
16444, 2547
16471, 2547
2547, 15401
14052, 2548
2548, 26139
12879, 2549
2549, 22893
9491, 2550
2550, 18150
2550, 26998
15644, 2551
2551, 18213
13532, 2552
2552, 8895
17734, 2553
2553, 26727
17110, 2554
2554, 22162
21612, 2555
2555, 11956
15645, 2556
2556, 12562
2556, 23127
16493, 2557
2557, 20403
17587, 2558
2558, 19140
21196, 2559
13229, 2559
12448, 2559
9012, 2559
12938, 2559
25636, 2559
8860, 2559
22960, 2559
21521, 2559
12317, 2559
19526, 2559
25434, 2559
15892, 2559
13357, 2559
20794, 2559
14152, 2559
27637, 2559
9742, 2559
19841, 2559
23426, 2559
13770, 2559
13620, 2559
9370, 2559
21203, 2559
21779, 2559
22167, 2559
15768, 2559
10989, 2559
10674, 2559
25231, 2559
15333, 2559
26664, 2559
23388, 2559
14521, 2559
11317, 2559
21872, 2559
21126, 2559
9333, 2559
25886, 2559
10227, 2559
21850, 2559
22158, 2559
19306, 2559
25582, 2559
26301, 2559
26946, 2559
12231, 2559
22850, 2559
21968, 2559
12699, 2559
17696, 2559
14137, 2559
22038, 2559
20628, 2559
11608, 2559
11403, 2559
25643, 2559
11487, 2559
22126, 2559
23154, 2559
18840, 2559
18364, 2559
25376, 2559
10111, 2559
20255, 2559
17856, 2559
17543, 2559
27874, 2559
15640, 2559
26061, 2559
19471, 2559
14154, 2559
16546, 2559
18870, 2559
15480, 2559
24770, 2559
27733, 2559
20315, 2559
23823, 2559
17276, 2559
16498, 2559
15675, 2559
12208, 2559
20669, 2559
24266, 2559
20504, 2559
21984, 2559
21204, 2559
24775, 2559
27521, 2559
13472, 2559
9421, 2559
21012, 2559
23774, 2559
25396, 2559
19395, 2559
16837, 2559
20964, 2559
9067, 2559
21796, 2559
22685, 2559
15403, 2559
24627, 2559
20491, 2559
26165, 2559
21931, 2559
15812, 2559
24262, 2559
24869, 2559
26496, 2559
15353, 2559
18532, 2559
16362, 2559
25870, 2559
20957, 2559
26919, 2559
14650, 2559
14341, 2559
11244, 2559
9683, 2559
16479, 2559
21156, 2559
11677, 2559
11284, 2559
24316, 2559
15621, 2559
10480, 2559
20654, 2559
21305, 2559
16464, 2559
17836, 2559
23081, 2559
22588, 2559
10822, 2559
27191, 2559
24796, 2559
18690, 2559
25621, 2559
26570, 2559
10103, 2559
13194, 2559
15532, 2559
12424, 2559
20559, 2559
21293, 2559
17041, 2559
10766, 2559
26818, 2559
8557, 2559
14703, 2559
13073, 2559
21363, 2559
9205, 2559
26290, 2559
21918, 2559
18959, 2559
21581, 2559
17457, 2559
20428, 2559
27817, 2559
10353, 2559
13394, 2559
14903, 2559
9712, 2559
19983, 2559
27012, 2559
15949, 2559
27520, 2559
10303, 2559
13758, 2559
14712, 2559
25156, 2559
19290, 2559
22482, 2559
19325, 2559
16489, 2559
12966, 2559
26387, 2559
10682, 2559
10719, 2559
15705, 2559
23090, 2559
12186, 2559
24965, 2559
20666, 2559
22893, 2559
12824, 2559
23471, 2559
13835, 2559
26538, 2559
27017, 2559
17829, 2559
21290, 2559
14932, 2559
17626, 2559
16119, 2559
14044, 2559
12963, 2559
11705, 2559
15207, 2559
23076, 2559
21038, 2559
10043, 2559
10661, 2559
11030, 2559
26467, 2559
18219, 2559
16088, 2559
24274, 2559
24441, 2559
20525, 2559
22265, 2559
21971, 2559
15068, 2559
19620, 2559
27106, 2559
26341, 2559
21388, 2559
15528, 2559
14971, 2559
26340, 2559
20701, 2559
25282, 2559
25591, 2559
8783, 2559
13953, 2559
21693, 2559
10763, 2559
14022, 2559
26727, 2559
25230, 2559
16329, 2559
15240, 2559
19603, 2559
13083, 2559
15837, 2559
12867, 2559
23100, 2559
12694, 2559
19570, 2559
22168, 2559
13425, 2559
24083, 2559
18607, 2559
16625, 2559
27802, 2559
24635, 2559
19855, 2559
22632, 2559
23053, 2559
23092, 2559
16337, 2559
25866, 2559
19089, 2559
16726, 2559
12570, 2559
13603, 2559
23147, 2559
27064, 2559
18417, 2559
20885, 2559
19499, 2559
17236, 2559
17007, 2559
10713, 2559
19406, 2559
25053, 2559
20843, 2559
9812, 2559
18866, 2559
26948, 2559
16527, 2559
21589, 2559
16531, 2559
10425, 2559
11906, 2559
27398, 2559
22612, 2559
23336, 2559
12040, 2559
13834, 2559
9364, 2559
26208, 2559
19240, 2559
11167, 2559
27489, 2559
17290, 2559
26793, 2559
26176, 2559
21567, 2559
25264, 2559
16193, 2559
22673, 2559
19279, 2559
25020, 2559
20122, 2559
14608, 2559
15691, 2559
27247, 2559
24690, 2559
14391, 2559
20998, 2559
16037, 2559
16253, 2559
18652, 2559
20245, 2559
24771, 2559
25895, 2559
10001, 2559
11404, 2559
12163, 2559
13937, 2559
26024, 2559
11384, 2559
18969, 2559
19067, 2559
12281, 2559
16082, 2559
9822, 2559
14578, 2559
20414, 2559
25175, 2559
17535, 2559
16664, 2559
21689, 2559
23694, 2559
20901, 2559
14023, 2559
21855, 2559
9637, 2559
21925, 2559
23739, 2559
21637, 2559
12779, 2559
9112, 2559
12119, 2559
11992, 2559
12393, 2559
14430, 2559
15913, 2559
20805, 2559
14066, 2559
22294, 2559
25069, 2559
27189, 2559
22432, 2559
27719, 2559
9415, 2559
16154, 2559
14587, 2559
25752, 2559
23864, 2559
21667, 2559
20251, 2559
18502, 2559
11345, 2559
11589, 2559
21533, 2559
9833, 2559
22653, 2559
24460, 2559
26998, 2559
27439, 2559
20109, 2559
20750, 2559
10419, 2559
12544, 2559
26001, 2559
20741, 2559
15211, 2559
19195, 2559
18252, 2559
14820, 2559
13248, 2559
13226, 2559
25219, 2559
18242, 2559
21526, 2559
11240, 2559
27138, 2559
10321, 2559
13204, 2559
19902, 2559
10678, 2559
15221, 2559
2559, 15599
24421, 2560
2560, 19801
11161, 2561
2561, 24742
12228, 2562
21217, 2562
26204, 2562
26397, 2562
2562, 27053
20536, 2563
2563, 11588
23002, 2564
2564, 16690
15733, 2565
2565, 15143
15008, 2566
2566, 17823
26063, 2567
13999, 2567
2567, 9065
10609, 2568
26139, 2568
27682, 2568
10885, 2568
27622, 2568
23953, 2568
2568, 19563
2568, 12337
14813, 2569
2569, 15914
12337, 2570
2570, 22892
12337, 2571
2571, 9298
14784, 2572
2572, 12970
20866, 2573
2573, 14699
17681, 2574
9579, 2574
2574, 18590
12408, 2575
2575, 23158
25003, 2576
2576, 27953
24939, 2577
24964, 2577
18253, 2577
2577, 14225
9349, 2578
27247, 2578
19618, 2578
2578, 24557
14714, 2579
2579, 12280
15851, 2580
2580, 22931
13153, 2581
2581, 19322
20795, 2582
2582, 11559
2582, 27106
10325, 2583
11241, 2583
2583, 23393
26239, 2584
2584, 21667
16107, 2585
2585, 16552
2585, 26998
18067, 2586
13071, 2586
9287, 2586
11581, 2586
15762, 2586
25462, 2586
17388, 2586
17395, 2586
19828, 2586
8700, 2586
13322, 2586
15230, 2586
18619, 2586
27395, 2586
18109, 2586
25226, 2586
27059, 2586
22478, 2586
26573, 2586
19336, 2586
17300, 2586
16030, 2586
12440, 2586
20142, 2586
17332, 2586
26447, 2586
14572, 2586
20641, 2586
15337, 2586
12362, 2586
25009, 2586
24007, 2586
10068, 2586
14456, 2586
22120, 2586
13045, 2586
17555, 2586
19990, 2586
22644, 2586
23058, 2586
17686, 2586
22783, 2586
9122, 2586
15529, 2586
20228, 2586
14007, 2586
12361, 2586
19424, 2586
20364, 2586
27511, 2586
10386, 2586
20844, 2586
8939, 2586
9819, 2586
16643, 2586
12365, 2586
9162, 2586
20163, 2586
27811, 2586
24600, 2586
18047, 2586
22715, 2586
21886, 2586
21124, 2586
20113, 2586
13567, 2586
21978, 2586
21986, 2586
14168, 2586
19227, 2586
20140, 2586
19493, 2586
12169, 2586
16447, 2586
26933, 2586
24616, 2586
22064, 2586
26860, 2586
25194, 2586
20924, 2586
21538, 2586
27429, 2586
15584, 2586
19851, 2586
17731, 2586
9270, 2586
10515, 2586
13564, 2586
12491, 2586
14442, 2586
9428, 2586
11438, 2586
8879, 2586
25216, 2586
8681, 2586
17710, 2586
25447, 2586
18572, 2586
24454, 2586
2586, 27117
15869, 2587
2587, 15067
27790, 2588
2588, 24869
22022, 2589
13825, 2589
26905, 2589
26543, 2589
10202, 2589
26153, 2589
24214, 2589
26976, 2589
17744, 2589
10702, 2589
8680, 2589
23777, 2589
25972, 2589
12287, 2589
2589, 17884
16239, 2590
2590, 26214
27954, 2591
2591, 20409
26496, 2592
19195, 2592
2592, 11499
12337, 2593
2593, 24919
15807, 2594
2594, 19306
2594, 19871
18598, 2595
2595, 18120
21373, 2596
2596, 13094
23199, 2597
2597, 17823
24331, 2598
2598, 9235
9309, 2599
2599, 11066
15586, 2600
2600, 18642
26235, 2601
2601, 10227
9068, 2602
2602, 12231
16379, 2603
2603, 10873
8551, 2604
2604, 20452
15843, 2605
2605, 12205
15847, 2606
2606, 23723
24685, 2607
2607, 21779
2607, 21931
2607, 15621
2607, 21889
25311, 2608
2608, 16955
9838, 2609
2609, 13018
25529, 2610
18807, 2610
18821, 2610
17683, 2610
2610, 12118
11998, 2611
2611, 18844
26445, 2612
2612, 16535
21385, 2613
2613, 24737
2613, 10979
12337, 2614
2614, 25808
19235, 2615
2615, 25593
9463, 2616
2616, 22490
14880, 2617
2617, 20573
13019, 2618
22595, 2618
2618, 25087
13103, 2619
2619, 14995
25181, 2620
2620, 26852
8502, 2621
2621, 24626
18150, 2622
14390, 2622
2622, 17949
24268, 2623
2623, 17469
10869, 2624
2624, 16400
14214, 2625
12057, 2625
24873, 2625
12161, 2625
10283, 2625
9016, 2625
17963, 2625
2625, 24737
22713, 2626
2626, 11465
19796, 2627
2627, 23262
26400, 2628
2628, 24785
17415, 2629
2629, 25361
17673, 2630
2630, 8676
14077, 2631
2631, 23628
26997, 2632
2632, 17049
10954, 2633
2633, 23901
27616, 2634
2634, 17940
24391, 2635
2635, 18938
18150, 2636
2636, 14125
12455, 2637
2637, 27306
17501, 2638
2638, 21040
14714, 2639
2639, 20886
19736, 2640
2640, 13685
12725, 2641
17577, 2641
2641, 16423
21371, 2642
2642, 15892
14909, 2643
2643, 19620
9483, 2644
27532, 2644
2644, 9370
15670, 2645
2645, 14640
23929, 2646
2646, 18160
25814, 2647
2647, 20274
10029, 2648
2648, 19195
2648, 12847
11466, 2649
26645, 2649
2649, 14430
9799, 2650
2650, 9270
26495, 2651
2651, 22915
16563, 2652
2652, 10063
15768, 2653
23471, 2653
2653, 12834
20884, 2654
2654, 18513
16918, 2655
2655, 19540
2655, 17257
21584, 2656
2656, 22436
17109, 2657
2657, 19254
17475, 2658
2658, 16250
2658, 16171
19425, 2659
2659, 27574
13235, 2660
2660, 26817
21131, 2661
18464, 2661
22170, 2661
25763, 2661
17698, 2661
17279, 2661
13498, 2661
12707, 2661
24160, 2661
2661, 12337
18629, 2662
2662, 16852
16151, 2663
2663, 16498
25349, 2664
2664, 26835
23444, 2665
2665, 23127
26430, 2666
2666, 18137
14048, 2667
2667, 26761
25715, 2668
12044, 2668
2668, 15318
10685, 2669
2669, 26548
23706, 2670
2670, 18521
14073, 2671
8902, 2671
15296, 2671
16048, 2671
2671, 19967
10892, 2672
2672, 21638
24331, 2673
18729, 2673
2673, 27359
13163, 2674
2674, 27369
19745, 2675
2675, 24382
25042, 2676
2676, 17491
11435, 2677
2677, 20397
20884, 2678
2678, 18340
21423, 2679
2679, 24389
11753, 2680
2680, 21292
12337, 2681
2681, 9221
18994, 2682
2682, 20055
25904, 2683
2683, 20283
23929, 2684
2684, 23244
21138, 2685
18662, 2685
2685, 12272
23797, 2686
2686, 11609
16503, 2687
2687, 27406
12519, 2688
2688, 19075
12773, 2689
2689, 11950
2689, 18922
24091, 2690
17032, 2690
2690, 11763
26200, 2691
2691, 20932
17680, 2692
2692, 24362
11380, 2693
2693, 25502
15929, 2694
2694, 12904
16332, 2695
2695, 19997
2695, 22540
15774, 2696
12799, 2696
2696, 23472
27122, 2697
2697, 17442
26512, 2698
2698, 24669
2698, 23154
12800, 2699
9112, 2699
2699, 15795
10878, 2700
2700, 9999
2700, 18150
2700, 24081
2700, 16664
15123, 2701
27276, 2701
11178, 2701
2701, 24511
25710, 2702
11400, 2702
2702, 17039
8776, 2703
2703, 11188
24391, 2704
2704, 13904
27545, 2705
2705, 22850
2705, 9775
14662, 2706
2706, 17910
12337, 2707
2707, 9298
10016, 2708
2708, 24839
2708, 9978
12112, 2709
2709, 12858
24391, 2710
2710, 9026
18444, 2711
11185, 2711
2711, 12399
12337, 2712
2712, 16223
15279, 2713
2713, 21979
12193, 2714
2714, 16329
25717, 2715
2715, 16959
20319, 2716
11680, 2716
19976, 2716
2716, 13567
14065, 2717
2717, 14143
2717, 23792
21104, 2718
2718, 27872
16716, 2719
2719, 9526
25366, 2720
2720, 13507
2720, 12143
22140, 2721
25186, 2721
2721, 18520
20324, 2722
2722, 11191
23377, 2723
2723, 18150
23635, 2724
2724, 27138
19398, 2725
2725, 25704
24798, 2726
2726, 16329
25687, 2727
2727, 27505
10623, 2728
2728, 10112
19231, 2729
12564, 2729
2729, 12562
10932, 2730
2730, 11735
23871, 2731
15574, 2731
2731, 22656
24212, 2732
2732, 11125
14949, 2733
2733, 26054
16263, 2734
22673, 2734
2734, 14540
15278, 2735
17217, 2735
27481, 2735
13755, 2735
13238, 2735
15882, 2735
21036, 2735
27391, 2735
2735, 25156
2735, 24449
15397, 2736
2736, 26340
11998, 2737
2737, 21103
2737, 12634
9165, 2738
2738, 10303
11325, 2739
2739, 22553
12542, 2740
2740, 18024
27139, 2741
2741, 15590
14662, 2742
2742, 17910
20787, 2743
2743, 22969
2743, 12746
8540, 2744
2744, 20930
19683, 2745
2745, 22183
12022, 2746
2746, 12788
24515, 2747
2747, 15137
2747, 18150
2747, 22337
18267, 2748
23094, 2748
2748, 25900
24391, 2749
2749, 18941
15587, 2750
2750, 23246
2750, 19237
2750, 27802
12655, 2751
11430, 2751
13356, 2751
26023, 2751
19813, 2751
8808, 2751
10036, 2751
23654, 2751
9762, 2751
9219, 2751
27654, 2751
22420, 2751
16061, 2751
26026, 2751
26036, 2751
13691, 2751
21898, 2751
15408, 2751
2751, 11970
9370, 2752
19082, 2752
2752, 14495
23732, 2753
2753, 27044
11101, 2754
2754, 17020
2754, 26254
9723, 2755
2755, 24511
16461, 2756
2756, 12166
12100, 2757
2757, 19237
21385, 2758
2758, 13648
8488, 2759
2759, 25157
2759, 25231
27731, 2760
15017, 2760
2760, 12840
19225, 2761
2761, 15257
11465, 2762
17276, 2762
27106, 2762
2762, 14987
25659, 2763
2763, 22960
14307, 2764
23893, 2764
2764, 13965
22423, 2765
2765, 9538
11474, 2766
15990, 2766
2766, 23249
23875, 2767
2767, 14407
16052, 2768
2768, 19460
2768, 12428
2768, 21717
16189, 2769
2769, 20577
25019, 2770
2770, 15768
14357, 2771
2771, 11241
2771, 26962
26951, 2772
25278, 2772
2772, 18492
20884, 2773
2773, 12955
12171, 2774
2774, 15243
12337, 2775
2775, 21886
20464, 2776
2776, 24904
11792, 2777
15680, 2777
27105, 2777
15704, 2777
12222, 2777
23494, 2777
26078, 2777
21221, 2777
18134, 2777
14061, 2777
24903, 2777
26158, 2777
16352, 2777
25064, 2777
19797, 2777
12286, 2777
21847, 2777
16270, 2777
10203, 2777
12170, 2777
2777, 22004
2777, 14054
21165, 2778
2778, 23408
16534, 2779
2779, 21199
27824, 2780
2780, 21810
15226, 2781
2781, 19981
2781, 15445
2781, 15040
2781, 15948
2781, 24691
2781, 15291
2781, 12507
2781, 9302
2781, 22751
2781, 13858
2781, 16067
2781, 24222
2781, 10641
2781, 17531
2781, 19004
10762, 2782
2782, 18573
22819, 2783
2783, 18502
12112, 2784
2784, 12858
13210, 2785
2785, 27901
12337, 2786
2786, 10586
25959, 2787
2787, 15800
10680, 2788
2788, 24792
23664, 2789
2789, 21555
9889, 2790
2790, 14661
15359, 2791
2791, 20633
2791, 25476
27448, 2792
2792, 18997
25796, 2793
19321, 2793
23229, 2793
19619, 2793
2793, 25426
22340, 2794
18556, 2794
24512, 2794
12196, 2794
21455, 2794
2794, 10902
21148, 2795
2795, 26031
2795, 10910
11887, 2796
18467, 2796
2796, 27765
2796, 9412
2796, 15497
2796, 13730
2796, 23940
2796, 13310
2796, 23399
2796, 13811
2796, 27803
2796, 21739
9422, 2797
17375, 2797
12746, 2797
20268, 2797
19446, 2797
19752, 2797
16793, 2797
14304, 2797
17126, 2797
21478, 2797
10922, 2797
22175, 2797
9911, 2797
24247, 2797
19224, 2797
25526, 2797
27695, 2797
10059, 2797
13262, 2797
24182, 2797
24935, 2797
17527, 2797
22904, 2797
27057, 2797
21719, 2797
26741, 2797
8955, 2797
19662, 2797
19780, 2797
25537, 2797
9913, 2797
21265, 2797
17331, 2797
14456, 2797
26612, 2797
14364, 2797
20815, 2797
26943, 2797
11866, 2797
13108, 2797
17044, 2797
23476, 2797
10930, 2797
17940, 2797
26016, 2797
13837, 2797
9852, 2797
20365, 2797
10584, 2797
22177, 2797
22488, 2797
16013, 2797
19095, 2797
9801, 2797
16643, 2797
16261, 2797
12777, 2797
18038, 2797
19593, 2797
16695, 2797
27357, 2797
10551, 2797
12039, 2797
11180, 2797
15810, 2797
15980, 2797
22004, 2797
11495, 2797
17326, 2797
17471, 2797
16026, 2797
9438, 2797
20662, 2797
10789, 2797
15816, 2797
21583, 2797
10823, 2797
11880, 2797
17019, 2797
12729, 2797
13330, 2797
23443, 2797
13606, 2797
13525, 2797
9857, 2797
20107, 2797
13365, 2797
19584, 2797
19185, 2797
14233, 2797
23891, 2797
19655, 2797
13527, 2797
13791, 2797
25384, 2797
15939, 2797
18832, 2797
13558, 2797
17927, 2797
2797, 13122
21046, 2798
23903, 2798
2798, 10586
9062, 2799
2799, 14191
10637, 2800
2800, 22437
2800, 27733
2800, 9205
2800, 15852
12366, 2801
22220, 2801
10617, 2801
19105, 2801
14288, 2801
22453, 2801
22890, 2801
10490, 2801
12964, 2801
27349, 2801
11374, 2801
2801, 22199
2801, 10393
2801, 20763
15098, 2802
2802, 27810
13395, 2803
2803, 22287
9484, 2804
2804, 19708
10757, 2805
27851, 2805
14670, 2805
2805, 22153
22908, 2806
2806, 14153
25422, 2807
2807, 11864
9357, 2808
2808, 15965
26330, 2809
13443, 2809
11914, 2809
15200, 2809
24076, 2809
2809, 9198
12337, 2810
2810, 18788
10710, 2811
2811, 13716
12461, 2812
2812, 22247
9786, 2813
11162, 2813
2813, 24460
19215, 2814
23471, 2814
2814, 15754
14648, 2815
2815, 24819
20449, 2816
2816, 16140
16627, 2817
2817, 15024
20061, 2818
2818, 10093
27388, 2819
2819, 27378
12337, 2820
2820, 23893
24863, 2821
2821, 20409
13114, 2822
2822, 17260
14622, 2823
2823, 25759
25744, 2824
2824, 11876
14832, 2825
2825, 9536
12337, 2826
2826, 18643
14687, 2827
16527, 2827
2827, 12505
23052, 2828
2828, 22532
16720, 2829
2829, 23578
2829, 26609
2829, 13478
22475, 2830
2830, 15268
11177, 2831
2831, 26747
11973, 2832
2832, 16901
2832, 21009
24817, 2833
2833, 12821
21913, 2834
2834, 25323
15306, 2835
24928, 2835
24244, 2835
15923, 2835
9910, 2835
26704, 2835
23305, 2835
11947, 2835
14708, 2835
13497, 2835
22243, 2835
13092, 2835
17084, 2835
15413, 2835
20073, 2835
22147, 2835
23162, 2835
24458, 2835
20747, 2835
27231, 2835
2835, 10708
8726, 2836
2836, 9210
12337, 2837
2837, 9913
2837, 25447
2837, 19117
12833, 2838
2838, 15159
16153, 2839
21155, 2839
17790, 2839
27935, 2839
14346, 2839
11300, 2839
27464, 2839
24784, 2839
8517, 2839
25787, 2839
22539, 2839
24900, 2839
26843, 2839
21292, 2839
18307, 2839
25597, 2839
24934, 2839
15454, 2839
25154, 2839
26218, 2839
10687, 2839
18119, 2839
17040, 2839
16765, 2839
12852, 2839
13233, 2839
10914, 2839
12065, 2839
12215, 2839
27849, 2839
9734, 2839
22711, 2839
12767, 2839
24956, 2839
13864, 2839
17056, 2839
9770, 2839
17354, 2839
26319, 2839
24360, 2839
19083, 2839
20482, 2839
16040, 2839
16396, 2839
10553, 2839
8981, 2839
26038, 2839
10611, 2839
19687, 2839
16279, 2839
23582, 2839
24837, 2839
15580, 2839
14942, 2839
16951, 2839
22473, 2839
17164, 2839
15376, 2839
16066, 2839
24656, 2839
25361, 2839
14944, 2839
19285, 2839
20233, 2839
27321, 2839
22099, 2839
2839, 26604
22910, 2840
2840, 25934
21171, 2841
2841, 12153
16497, 2842
2842, 10599
8950, 2843
2843, 12782
19738, 2844
13790, 2844
27536, 2844
2844, 19622
23979, 2845
2845, 23079
11845, 2846
2846, 20047
12337, 2847
2847, 19755
22451, 2848
2848, 14280
18423, 2849
2849, 21884
18765, 2850
2850, 16934
2850, 14978
25802, 2851
2851, 20081
20723, 2852
9129, 2852
2852, 27559
2852, 27727
13574, 2853
2853, 20694
15767, 2854
2854, 16881
9084, 2855
2855, 11685
9223, 2856
2856, 15303
24391, 2857
2857, 14705
12748, 2858
2858, 14023
19281, 2859
2859, 13094
25521, 2860
9575, 2860
21304, 2860
22858, 2860
9403, 2860
2860, 9599
2860, 13576
12542, 2861
2861, 22794
26167, 2862
2862, 20320
13708, 2863
2863, 17260
20124, 2864
2864, 21521
2864, 23388
20150, 2865
2865, 26701
16635, 2866
2866, 18354
2866, 11370
25970, 2867
14189, 2867
2867, 13384
23102, 2868
2868, 8695
9795, 2869
2869, 15403
2869, 15869
17287, 2870
10574, 2870
2870, 17260
12811, 2871
2871, 26128
10038, 2872
8621, 2872
16596, 2872
20219, 2872
16180, 2872
11902, 2872
22997, 2872
2872, 10842
2872, 26243
11368, 2873
2873, 9395
23522, 2874
2874, 10280
11919, 2875
2875, 19855
16268, 2876
2876, 14348
23960, 2877
2877, 21918
10392, 2878
21668, 2878
15122, 2878
9835, 2878
9582, 2878
2878, 27826
12337, 2879
2879, 13275
13288, 2880
2880, 19143
23718, 2881
2881, 21317
2881, 15693
9286, 2882
2882, 15407
16381, 2883
12868, 2883
23209, 2883
2883, 18288
19156, 2884
2884, 13414
14974, 2885
2885, 16130
18906, 2886
2886, 9186
8451, 2887
24852, 2887
2887, 17754
13676, 2888
2888, 21297
19840, 2889
16193, 2889
2889, 24996
10623, 2890
2890, 21928
13627, 2891
2891, 19156
26845, 2892
2892, 19223
14057, 2893
2893, 23922
17893, 2894
20805, 2894
2894, 21055
16608, 2895
25062, 2895
2895, 22201
26789, 2896
2896, 16559
12134, 2897
2897, 18986
25564, 2898
2898, 11047
9375, 2899
2899, 24596
27568, 2900
2900, 19560
12179, 2901
2901, 10791
20443, 2902
2902, 27808
9158, 2903
2903, 11917
25061, 2904
2904, 25878
21416, 2905
2905, 25106
26043, 2906
2906, 14526
12337, 2907
2907, 17997
2907, 21394
24974, 2908
2908, 18150
2908, 16742
12337, 2909
2909, 15438
15254, 2910
2910, 13445
24391, 2911
2911, 10397
17240, 2912
2912, 11465
26564, 2913
2913, 18019
13420, 2914
10190, 2914
2914, 8728
9701, 2915
2915, 18546
26934, 2916
16632, 2916
26489, 2916
2916, 21012
8654, 2917
13649, 2917
2917, 13305
14826, 2918
2918, 16768
11209, 2919
2919, 24752
2919, 25176
8464, 2920
2920, 22160
11615, 2921
2921, 23578
2921, 14180
26625, 2922
2922, 20864
24504, 2923
2923, 23015
8826, 2924
2924, 16278
24693, 2925
2925, 16799
27243, 2926
10938, 2926
2926, 23800
24972, 2927
2927, 25726
15084, 2928
21404, 2928
2928, 10669
9588, 2929
2929, 11589
2929, 10713
9298, 2930
19842, 2930
9833, 2930
2930, 16413
17786, 2931
2931, 14903
17034, 2932
2932, 16738
2932, 17020
2932, 15566
14189, 2933
2933, 24443
26133, 2934
18261, 2934
12497, 2934
22797, 2934
19113, 2934
18113, 2934
23130, 2934
19293, 2934
22054, 2934
22230, 2934
11833, 2934
12292, 2934
21566, 2934
16605, 2934
20982, 2934
2934, 14985
10441, 2935
2935, 20356
26244, 2936
2936, 21297
12677, 2937
2937, 21872
2937, 8616
8918, 2938
25184, 2938
10525, 2938
2938, 18168
27182, 2939
2939, 18678
17301, 2940
2940, 26300
2940, 27918
8863, 2941
25942, 2941
12121, 2941
2941, 23947
24485, 2942
2942, 23262
23195, 2943
2943, 14059
22477, 2944
2944, 17179
13624, 2945
2945, 23843
27234, 2946
2946, 20530
17716, 2947
21494, 2947
2947, 20533
26102, 2948
2948, 16329
21010, 2949
2949, 21971
25131, 2950
2950, 22521
9226, 2951
2951, 21078
25158, 2952
2952, 11946
25906, 2953
20035, 2953
2953, 22880
13512, 2954
2954, 13758
10688, 2955
26865, 2955
2955, 19539
12858, 2956
19467, 2956
26037, 2956
2956, 19886
17728, 2957
2957, 12685
11302, 2958
2958, 14421
17570, 2959
2959, 26378
2959, 21121
16124, 2960
2960, 22271
18451, 2961
2961, 19322
18624, 2962
2962, 25771
15698, 2963
2963, 24384
27190, 2964
2964, 25712
18387, 2965
2965, 23009
23265, 2966
22642, 2966
2966, 14604
12337, 2967
2967, 11385
10955, 2968
2968, 10772
15740, 2969
2969, 13252
27795, 2970
25278, 2970
2970, 10469
24973, 2971
2971, 24823
20386, 2972
2972, 23819
24211, 2973
2973, 15869
2973, 19406
2973, 25778
9980, 2974
2974, 23262
13514, 2975
2975, 12779
21729, 2976
2976, 21515
12028, 2977
2977, 14421
14790, 2978
10946, 2978
11156, 2978
11485, 2978
2978, 23227
2978, 11431
24376, 2979
2979, 25119
12459, 2980
2980, 24201
9831, 2981
19863, 2981
2981, 11512
19496, 2982
2982, 9939
11635, 2983
2983, 19699
16316, 2984
2984, 20293
21210, 2985
2985, 26323
23967, 2986
22507, 2986
2986, 10520
26058, 2987
2987, 20530
18738, 2988
2988, 16624
22573, 2989
2989, 9775
2989, 27781
19572, 2990
2990, 17011
22799, 2991
2991, 8952
2991, 11222
18429, 2992
13502, 2992
13760, 2992
2992, 21953
10018, 2993
2993, 15403
2993, 11050
2993, 13779
13442, 2994
2994, 27514
13456, 2995
2995, 19239
12337, 2996
2996, 17589
15681, 2997
11552, 2997
12702, 2997
22888, 2997
21892, 2997
25283, 2997
18926, 2997
19253, 2997
19632, 2997
16601, 2997
15053, 2997
12909, 2997
24773, 2997
18358, 2997
22123, 2997
26782, 2997
11993, 2997
12949, 2997
19558, 2997
23889, 2997
20296, 2997
9480, 2997
9660, 2997
21749, 2997
8692, 2997
11722, 2997
13099, 2997
19517, 2997
10394, 2997
9561, 2997
25803, 2997
10192, 2997
22163, 2997
18899, 2997
16399, 2997
19702, 2997
21353, 2997
25236, 2997
17576, 2997
26232, 2997
18579, 2997
12701, 2997
24835, 2997
26346, 2997
20343, 2997
14269, 2997
18214, 2997
9252, 2997
9166, 2997
24918, 2997
8799, 2997
17672, 2997
27373, 2997
8702, 2997
15808, 2997
26141, 2997
12150, 2997
9525, 2997
11942, 2997
22083, 2997
25865, 2997
27602, 2997
16678, 2997
27782, 2997
18470, 2997
21269, 2997
8468, 2997
17739, 2997
10602, 2997
22566, 2997
23598, 2997
24763, 2997
18040, 2997
26362, 2997
18378, 2997
9398, 2997
19485, 2997
27107, 2997
26902, 2997
13897, 2997
13139, 2997
15405, 2997
21220, 2997
15542, 2997
8788, 2997
11150, 2997
26216, 2997
19363, 2997
26456, 2997
13597, 2997
15527, 2997
9251, 2997
20993, 2997
9788, 2997
21690, 2997
9826, 2997
15063, 2997
18438, 2997
16389, 2997
27410, 2997
21110, 2997
9929, 2997
20770, 2997
25408, 2997
26892, 2997
18535, 2997
26229, 2997
26533, 2997
21195, 2997
16033, 2997
19965, 2997
17458, 2997
19342, 2997
10817, 2997
22820, 2997
17334, 2997
25453, 2997
14386, 2997
27424, 2997
10590, 2997
11219, 2997
23976, 2997
8553, 2997
14906, 2997
11011, 2997
15889, 2997
21736, 2997
20690, 2997
9437, 2997
14541, 2997
25342, 2997
12626, 2997
27603, 2997
19159, 2997
13796, 2997
21120, 2997
26553, 2997
11550, 2997
22945, 2997
27394, 2997
2997, 10112
25278, 2998
2998, 24915
8503, 2999
2999, 22153
23761, 3000
3000, 17856
17635, 3001
3001, 27736
14714, 3002
3002, 19437
20555, 3003
3003, 17479
3003, 20127
26318, 3004
10968, 3004
3004, 9742
13636, 3005
3005, 15846
11311, 3006
11846, 3006
3006, 20067
13848, 3007
3007, 13498
23269, 3008
16871, 3008
23252, 3008
3008, 22027
27939, 3009
3009, 12598
15649, 3010
20573, 3010
14745, 3010
20860, 3010
21293, 3010
3010, 18737
12345, 3011
17178, 3011
9810, 3011
3011, 12337
21158, 3012
3012, 26137
15226, 3013
3013, 10300
3013, 18814
3013, 21516
3013, 22883
3013, 25343
3013, 14063
3013, 11784
3013, 19263
3013, 11242
3013, 21288
3013, 14498
3013, 21390
3013, 20179
3013, 19838
24245, 3014
3014, 24108
21675, 3015
3015, 14644
11084, 3016
3016, 17019
20544, 3017
3017, 26935
22700, 3018
3018, 26506
16469, 3019
27251, 3019
22952, 3019
22016, 3019
23325, 3019
3019, 14901
9206, 3020
3020, 23387
13157, 3021
3021, 16479
3021, 13398
9433, 3022
3022, 10687
14732, 3023
3023, 17331
12542, 3024
3024, 16911
10658, 3025
3025, 27634
13831, 3026
3026, 21291
20242, 3027
3027, 24737
11184, 3028
16763, 3028
19196, 3028
25371, 3028
21688, 3028
23529, 3028
17491, 3028
27882, 3028
17884, 3028
9921, 3028
15129, 3028
8985, 3028
26960, 3028
22275, 3028
24949, 3028
25552, 3028
19960, 3028
9038, 3028
15086, 3028
12498, 3028
21985, 3028
17888, 3028
25703, 3028
19259, 3028
12997, 3028
25361, 3028
15138, 3028
20647, 3028
20649, 3028
22970, 3028
10628, 3028
25499, 3028
25105, 3028
24591, 3028
14535, 3028
8484, 3028
19592, 3028
3028, 21194
25874, 3029
3029, 22999
23620, 3030
3030, 13349
12742, 3031
3031, 15939
8592, 3032
3032, 20109
10318, 3033
3033, 18104
26802, 3034
21473, 3034
19226, 3034
16606, 3034
14901, 3034
10172, 3034
23578, 3034
12109, 3034
16867, 3034
12950, 3034
14821, 3034
16668, 3034
17808, 3034
16473, 3034
8586, 3034
8678, 3034
8843, 3034
13085, 3034
9721, 3034
24073, 3034
20709, 3034
11361, 3034
9871, 3034
20609, 3034
9466, 3034
24834, 3034
23490, 3034
20370, 3034
26819, 3034
24908, 3034
12323, 3034
8677, 3034
13902, 3034
9768, 3034
10627, 3034
26465, 3034
10829, 3034
27948, 3034
25358, 3034
17645, 3034
23346, 3034
27488, 3034
27555, 3034
11118, 3034
12250, 3034
27140, 3034
21713, 3034
24445, 3034
8588, 3034
13096, 3034
20379, 3034
19444, 3034
13487, 3034
10815, 3034
21350, 3034
26005, 3034
26160, 3034
8945, 3034
13218, 3034
27884, 3034
19412, 3034
26684, 3034
24492, 3034
24888, 3034
17896, 3034
25372, 3034
24260, 3034
9744, 3034
27797, 3034
14551, 3034
23040, 3034
8821, 3034
11716, 3034
16133, 3034
25678, 3034
18078, 3034
27176, 3034
20265, 3034
15119, 3034
11434, 3034
12486, 3034
16214, 3034
15821, 3034
12992, 3034
14519, 3034
11812, 3034
27239, 3034
11212, 3034
12805, 3034
26848, 3034
16689, 3034
8605, 3034
16961, 3034
19407, 3034
21916, 3034
20613, 3034
27702, 3034
20524, 3034
21323, 3034
20186, 3034
18732, 3034
12566, 3034
12890, 3034
9245, 3034
14043, 3034
14530, 3034
22381, 3034
19670, 3034
9242, 3034
18297, 3034
17093, 3034
27054, 3034
19549, 3034
15204, 3034
27519, 3034
17633, 3034
21481, 3034
12282, 3034
10092, 3034
17623, 3034
18724, 3034
12835, 3034
10053, 3034
19308, 3034
26469, 3034
25255, 3034
9154, 3034
27354, 3034
14115, 3034
11691, 3034
17946, 3034
22741, 3034
19141, 3034
22289, 3034
21341, 3034
21257, 3034
17111, 3034
24349, 3034
25493, 3034
9665, 3034
13076, 3034
10205, 3034
8513, 3034
23251, 3034
21778, 3034
16024, 3034
9234, 3034
14953, 3034
12147, 3034
26130, 3034
22425, 3034
22551, 3034
24407, 3034
21962, 3034
24315, 3034
26980, 3034
24982, 3034
21222, 3034
17387, 3034
27303, 3034
20275, 3034
13716, 3034
9585, 3034
19264, 3034
18488, 3034
11817, 3034
19426, 3034
9758, 3034
10847, 3034
25919, 3034
15744, 3034
13742, 3034
14722, 3034
27236, 3034
19689, 3034
10607, 3034
13222, 3034
14316, 3034
13258, 3034
13548, 3034
12906, 3034
9299, 3034
13354, 3034
23874, 3034
11239, 3034
19767, 3034
27412, 3034
26582, 3034
27670, 3034
17925, 3034
13927, 3034
9568, 3034
27956, 3034
15041, 3034
26477, 3034
11545, 3034
12274, 3034
18421, 3034
3034, 19561
24960, 3035
3035, 13472
12602, 3036
3036, 27441
25456, 3037
3037, 10109
22246, 3038
3038, 22465
3038, 14143
14119, 3039
3039, 22586
12337, 3040
3040, 20569
27500, 3041
3041, 19005
3041, 9683
3041, 15951
23063, 3042
3042, 20549
3042, 21236
11237, 3043
3043, 13663
9045, 3044
3044, 20566
27574, 3045
12858, 3045
26037, 3045
3045, 21659
25642, 3046
3046, 25900
14613, 3047
3047, 22106
3047, 14879
21327, 3048
3048, 15876
18499, 3049
19620, 3049
3049, 15209
24114, 3050
3050, 16511
8844, 3051
14044, 3051
10304, 3051
3051, 10264
18249, 3052
3052, 10540
23732, 3053
3053, 12883
21247, 3054
3054, 25028
3054, 10001
22433, 3055
3055, 10051
14588, 3056
3056, 27328
11072, 3057
3057, 19646
12337, 3058
3058, 16643
27913, 3059
3059, 10950
22453, 3060
3060, 20763
3060, 27857
15003, 3061
15150, 3061
15967, 3061
11331, 3061
16866, 3061
12588, 3061
17697, 3061
19096, 3061
19268, 3061
27305, 3061
12861, 3061
3061, 18078
22199, 3062
19855, 3062
3062, 18204
21972, 3063
3063, 25931
17398, 3064
3064, 22994
13661, 3065
3065, 16363
3065, 16625
21385, 3066
3066, 27816
3066, 27622
27945, 3067
19962, 3067
23169, 3067
13093, 3067
11338, 3067
9058, 3067
18046, 3067
9859, 3067
18786, 3067
24686, 3067
22654, 3067
26722, 3067
21554, 3067
11529, 3067
10528, 3067
20846, 3067
3067, 8609
19914, 3068
3068, 16498
25278, 3069
3069, 21335
12337, 3070
3070, 16229
18797, 3071
3071, 13922
21558, 3072
3072, 19871
14717, 3073
3073, 13413
27200, 3074
3074, 14604
9533, 3075
16788, 3075
27328, 3075
20625, 3075
3075, 12913
26165, 3076
21524, 3076
3076, 25772
21872, 3077
14481, 3077
26059, 3077
17426, 3077
3077, 27925
9290, 3078
3078, 18288
9292, 3079
14628, 3079
24747, 3079
3079, 22528
11698, 3080
3080, 21051
23931, 3081
24447, 3081
21032, 3081
3081, 18459
9418, 3082
3082, 27079
16996, 3083
3083, 27895
3083, 26455
11231, 3084
3084, 16271
22990, 3085
3085, 27323
16541, 3086
3086, 25967
18403, 3087
11279, 3087
11944, 3087
17565, 3087
21560, 3087
3087, 18159
14789, 3088
3088, 15691
23347, 3089
3089, 10025
20483, 3090
3090, 21069
26202, 3091
3091, 10486
10108, 3092
3092, 27920
27245, 3093
3093, 24337
23309, 3094
3094, 22976
12056, 3095
3095, 15794
3095, 11486
3095, 25156
3095, 21689
3095, 14034
27229, 3096
13625, 3096
13707, 3096
19262, 3096
22639, 3096
20056, 3096
9702, 3096
3096, 11686
23172, 3097
3097, 11589
24500, 3098
3098, 16852
14522, 3099
3099, 13826
12542, 3100
3100, 19322
10471, 3101
3101, 20484
24103, 3102
3102, 18374
14414, 3103
10797, 3103
26089, 3103
24359, 3103
3103, 9370
18719, 3104
21928, 3104
3104, 26880
15989, 3105
3105, 18691
3105, 12956
3105, 25476
11017, 3106
3106, 15812
14075, 3107
12124, 3107
23642, 3107
3107, 12767
14352, 3108
3108, 16654
14553, 3109
3109, 15899
16238, 3110
3110, 24558
12542, 3111
3111, 16911
27825, 3112
3112, 13979
27469, 3113
3113, 22098
23938, 3114
3114, 22931
21942, 3115
23428, 3115
3115, 17438
19825, 3116
23458, 3116
3116, 27512
3116, 15140
11274, 3117
3117, 16783
3117, 17443
26445, 3118
3118, 12113
17821, 3119
3119, 25823
11798, 3120
3120, 13985
16218, 3121
3121, 17581
19341, 3122
3122, 20117
19590, 3123
13615, 3123
12599, 3123
3123, 10105
13516, 3124
3124, 10889
16207, 3125
3125, 27489
16494, 3126
3126, 18393
22665, 3127
3127, 10112
26625, 3128
3128, 26162
12337, 3129
3129, 17332
14832, 3130
3130, 11300
9068, 3131
3131, 12231
18266, 3132
3132, 10507
10700, 3133
3133, 18120
16246, 3134
3134, 8960
14714, 3135
3135, 16004
24850, 3136
3136, 11790
3136, 24517
20479, 3137
11939, 3137
3137, 21020
9784, 3138
17183, 3138
3138, 20834
14196, 3139
27297, 3139
3139, 17457
14189, 3140
25970, 3140
3140, 18516
24832, 3141
3141, 15980
24391, 3142
3142, 22793
21746, 3143
17047, 3143
3143, 17045
9505, 3144
3144, 20559
10719, 3145
3145, 25076
13451, 3146
3146, 23837
17952, 3147
18010, 3147
3147, 22756
14566, 3148
3148, 25361
13168, 3149
3149, 16873
18179, 3150
3150, 26379
13768, 3151
3151, 15024
15273, 3152
3152, 13024
3152, 17491
11516, 3153
3153, 23614
14545, 3154
3154, 19285
20779, 3155
10582, 3155
16312, 3155
12948, 3155
3155, 22270
15706, 3156
3156, 14307
3156, 24274
3156, 10385
22905, 3157
3157, 16602
9244, 3158
27943, 3158
12262, 3158
11518, 3158
3158, 13644
14270, 3159
3159, 16464
24941, 3160
19871, 3160
3160, 12613
22197, 3161
3161, 18986
14809, 3162
3162, 27677
14676, 3163
3163, 9754
15385, 3164
14874, 3164
12049, 3164
10504, 3164
9260, 3164
26488, 3164
11822, 3164
17517, 3164
26644, 3164
3164, 18078
25609, 3165
3165, 18919
3165, 10674
3165, 17543
3165, 24627
20196, 3166
3166, 23666
18007, 3167
3167, 8474
21233, 3168
3168, 25069
26651, 3169
3169, 10809
9322, 3170
3170, 21026
16116, 3171
3171, 10719
9724, 3172
3172, 22126
18531, 3173
3173, 23198
20960, 3174
3174, 24737
22199, 3175
15388, 3175
3175, 14538
14809, 3176
3176, 10895
9843, 3177
3177, 21631
10569, 3178
18335, 3178
9411, 3178
17036, 3178
21492, 3178
22982, 3178
3178, 10339
23597, 3179
27508, 3179
3179, 14179
9329, 3180
3180, 22685
10798, 3181
3181, 17175
27706, 3182
3182, 27313
19439, 3183
3183, 17389
3183, 22062
11279, 3184
20669, 3184
3184, 27835
18685, 3185
8765, 3185
3185, 18338
13765, 3186
3186, 22030
19882, 3187
3187, 14416
23732, 3188
3188, 18085
9273, 3189
3189, 9022
3189, 14302
3189, 13663
20063, 3190
3190, 26537
26910, 3191
3191, 20251
20006, 3192
3192, 9127
17785, 3193
3193, 18306
3193, 25027
23151, 3194
3194, 12240
14767, 3195
22586, 3195
26605, 3195
20090, 3195
23947, 3195
9285, 3195
16981, 3195
17704, 3195
22247, 3195
13480, 3195
17466, 3195
23887, 3195
26676, 3195
19480, 3195
14114, 3195
9457, 3195
14051, 3195
26546, 3195
22880, 3195
26014, 3195
21322, 3195
22737, 3195
21159, 3195
27931, 3195
17500, 3195
10747, 3195
16420, 3195
10786, 3195
24739, 3195
17712, 3195
19322, 3195
12413, 3195
13195, 3195
14418, 3195
19075, 3195
22153, 3195
22135, 3195
14651, 3195
12668, 3195
15794, 3195
24265, 3195
12904, 3195
10703, 3195
27887, 3195
18025, 3195
23190, 3195
18379, 3195
12788, 3195
16826, 3195
14526, 3195
24737, 3195
21059, 3195
23214, 3195
20012, 3195
27682, 3195
11541, 3195
24396, 3195
27901, 3195
8971, 3195
16400, 3195
12598, 3195
24669, 3195
15596, 3195
23822, 3195
12223, 3195
17045, 3195
20776, 3195
18339, 3195
9796, 3195
11586, 3195
16152, 3195
19376, 3195
17201, 3195
17283, 3195
27627, 3195
27684, 3195
21549, 3195
17279, 3195
20686, 3195
12508, 3195
16925, 3195
21848, 3195
27620, 3195
10885, 3195
25689, 3195
11897, 3195
16250, 3195
25378, 3195
17953, 3195
12607, 3195
10112, 3195
11925, 3195
13148, 3195
18170, 3195
19283, 3195
19511, 3195
14008, 3195
26548, 3195
22946, 3195
11930, 3195
26935, 3195
17743, 3195
13674, 3195
10708, 3195
12489, 3195
24314, 3195
9072, 3195
27881, 3195
16870, 3195
9655, 3195
18655, 3195
24021, 3195
20074, 3195
18946, 3195
16675, 3195
15916, 3195
15601, 3195
26453, 3195
9530, 3195
25699, 3195
18525, 3195
25323, 3195
13136, 3195
9908, 3195
9233, 3195
18212, 3195
8868, 3195
11767, 3195
8781, 3195
18009, 3195
17230, 3195
27347, 3195
14847, 3195
9157, 3195
3195, 16467
3195, 12337
13973, 3196
3196, 11589
12337, 3197
3197, 26172
12014, 3198
3198, 9765
27560, 3199
21689, 3199
3199, 22359
12542, 3200
3200, 16911
20511, 3201
3201, 18498
18451, 3202
3202, 19322
12007, 3203
3203, 17372
20603, 3204
3204, 15691
18365, 3205
3205, 9905
20884, 3206
3206, 24478
9958, 3207
3207, 15572
12191, 3208
3208, 17297
3208, 21069
25566, 3209
3209, 21706
14512, 3210
3210, 10639
16743, 3211
3211, 22367
24193, 3212
3212, 17419
26910, 3213
3213, 27037
25075, 3214
3214, 23406
19442, 3215
3215, 16358
11272, 3216
3216, 11699
19649, 3217
3217, 21955
3217, 18847
3217, 26189
3217, 13427
12337, 3218
3218, 18694
10854, 3219
3219, 11866
12899, 3220
3220, 14586
17724, 3221
12355, 3221
3221, 26605
15362, 3222
3222, 25230
21902, 3223
3223, 26070
15720, 3224
3224, 26393
15245, 3225
25938, 3225
3225, 24737
19913, 3226
3226, 23843
20550, 3227
3227, 25866
17573, 3228
23825, 3228
15246, 3228
3228, 10515
17327, 3229
27632, 3229
23422, 3229
3229, 25323
16970, 3230
3230, 18983
10610, 3231
3231, 26433
17736, 3232
3232, 8641
13163, 3233
3233, 12098
26345, 3234
3234, 24154
20018, 3235
22306, 3235
15537, 3235
18385, 3235
13202, 3235
3235, 21772
19894, 3236
3236, 22174
20781, 3237
3237, 14066
11491, 3238
23910, 3238
3238, 18539
8824, 3239
3239, 11701
18910, 3240
3240, 8566
11847, 3241
3241, 21581
22407, 3242
3242, 27476
25637, 3243
3243, 15171
3243, 18821
3243, 13756
17783, 3244
23242, 3244
3244, 13827
19623, 3245
3245, 15998
3245, 22378
3245, 25962
3245, 12343
3245, 16788
3245, 13248
3245, 18162
20884, 3246
3246, 25148
19303, 3247
26737, 3247
3247, 19868
24295, 3248
27829, 3248
22421, 3248
11667, 3248
3248, 27247
11616, 3249
3249, 23711
20297, 3250
24639, 3250
3250, 25699
13512, 3251
3251, 13758
14969, 3252
3252, 22227
24391, 3253
3253, 12261
19217, 3254
21519, 3254
3254, 9144
16560, 3255
3255, 19344
8791, 3256
3256, 24531
26927, 3257
15289, 3257
3257, 25170
12265, 3258
3258, 12570
26887, 3259
3259, 24083
8604, 3260
3260, 15465
25599, 3261
3261, 23234
3261, 11978
11900, 3262
3262, 19156
14173, 3263
14293, 3263
18978, 3263
11723, 3263
12978, 3263
23850, 3263
3263, 10708
24470, 3264
3264, 24496
12234, 3265
3265, 19075
8581, 3266
3266, 20428
3266, 11043
17992, 3267
3267, 23092
17525, 3268
3268, 21388
15427, 3269
11991, 3269
3269, 13055
13891, 3270
3270, 19329
14876, 3271
3271, 22728
16648, 3272
9882, 3272
20729, 3272
26389, 3272
3272, 23048
12337, 3273
3273, 22772
15833, 3274
18012, 3274
3274, 10675
14714, 3275
3275, 16099
24620, 3276
3276, 18986
12542, 3277
3277, 18986
22413, 3278
14260, 3278
3278, 16269
18745, 3279
3279, 10280
14755, 3280
3280, 12450
13721, 3281
3281, 21293
3281, 16490
3281, 12065
20346, 3282
3282, 25567
27779, 3283
9414, 3283
3283, 16051
9416, 3284
18236, 3284
8870, 3284
20472, 3284
23303, 3284
22132, 3284
19602, 3284
9639, 3284
8663, 3284
18688, 3284
14037, 3284
3284, 14489
27618, 3285
3285, 18567
21832, 3286
3286, 14775
8886, 3287
3287, 17823
27880, 3288
3288, 12788
27194, 3289
3289, 15866
22928, 3290
3290, 18150
24055, 3291
3291, 11465
8995, 3292
3292, 21121
10462, 3293
3293, 25655
9443, 3294
3294, 13480
10865, 3295
3295, 20745
11998, 3296
3296, 26937
25376, 3297
3297, 11508
25231, 3298
9712, 3298
25156, 3298
26455, 3298
25752, 3298
24498, 3298
27247, 3298
23014, 3298
9875, 3298
23136, 3298
27677, 3298
24197, 3298
16735, 3298
3298, 25885
24331, 3299
3299, 15469
24391, 3300
3300, 16871
23381, 3301
3301, 19977
3301, 20428
9897, 3302
3302, 16625
22826, 3303
3303, 11612
13082, 3304
3304, 26037
11655, 3305
3305, 13926
17024, 3306
3306, 22437
3306, 22661
23291, 3307
3307, 21475
16801, 3308
3308, 27628
15963, 3309
3309, 22795
3309, 9944
3309, 23370
17727, 3310
3310, 13875
15713, 3311
11731, 3311
3311, 19703
26647, 3312
3312, 26311
27949, 3313
3313, 18150
3313, 10715
23116, 3314
3314, 27020
20677, 3315
3315, 23275
25185, 3316
3316, 16814
12337, 3317
3317, 21978
9447, 3318
27007, 3318
3318, 12248
19774, 3319
15667, 3319
3319, 18840
19473, 3320
3320, 10280
12284, 3321
3321, 21581
19826, 3322
3322, 26879
25661, 3323
3323, 16306
19698, 3324
3324, 23163
17706, 3325
3325, 15970
27114, 3326
3326, 20681
10309, 3327
3327, 14448
13207, 3328
3328, 10280
20789, 3329
3329, 23824
3329, 10674
15954, 3330
3330, 12493
26226, 3331
3331, 13305
22213, 3332
3332, 9321
22240, 3333
3333, 11023
18497, 3334
3334, 22839
3334, 25329
20807, 3335
13467, 3335
3335, 20967
17190, 3336
3336, 17823
11206, 3337
3337, 25329
3337, 10304
12067, 3338
3338, 16848
9025, 3339
8479, 3339
10961, 3339
10138, 3339
19605, 3339
18345, 3339
16418, 3339
18481, 3339
20372, 3339
20602, 3339
19596, 3339
16231, 3339
12863, 3339
3339, 26990
12586, 3340
3340, 27627
3340, 24825
15968, 3341
3341, 25769
13783, 3342
3342, 11598
3342, 22430
24257, 3343
16145, 3343
3343, 8567
25749, 3344
3344, 11897
27755, 3345
3345, 12105
13873, 3346
3346, 20010
27099, 3347
3347, 11240
19427, 3348
3348, 23079
12800, 3349
14076, 3349
16797, 3349
17314, 3349
13428, 3349
3349, 13658
12947, 3350
3350, 13946
19871, 3351
26208, 3351
3351, 10787
13800, 3352
3352, 13247
25405, 3353
26134, 3353
12089, 3353
25278, 3353
3353, 9156
3353, 24336
3353, 24628
10128, 3354
3354, 10119
19915, 3355
3355, 11149
20811, 3356
3356, 9938
27515, 3357
3357, 19212
25807, 3358
3358, 24047
27381, 3359
3359, 24383
27664, 3360
3360, 21923
3360, 27560
19136, 3361
20001, 3361
21152, 3361
24664, 3361
12055, 3361
3361, 26971
12998, 3362
3362, 18700
17007, 3363
3363, 14444
13017, 3364
3364, 18821
11945, 3365
3365, 12158
13855, 3366
3366, 10712
16335, 3367
3367, 16890
18651, 3368
3368, 21368
15285, 3369
3369, 20533
12610, 3370
3370, 17997
21839, 3371
3371, 12673
23586, 3372
3372, 13716
3372, 22921
21214, 3373
3373, 8959
25357, 3374
3374, 24869
14714, 3375
3375, 19717
23732, 3376
3376, 8681
17194, 3377
3377, 27050
20812, 3378
3378, 18804
24264, 3379
3379, 23277
9054, 3380
3380, 26137
17910, 3381
24742, 3381
18986, 3381
15861, 3381
19491, 3381
24902, 3381
24737, 3381
25827, 3381
27150, 3381
24669, 3381
21701, 3381
11367, 3381
18936, 3381
19435, 3381
10112, 3381
18618, 3381
18359, 3381
24038, 3381
26935, 3381
11559, 3381
22649, 3381
22239, 3381
25699, 3381
3381, 25438
3381, 12337
20884, 3382
3382, 22784
15091, 3383
3383, 20969
3383, 16726
26857, 3384
3384, 23476
17929, 3385
3385, 22916
20884, 3386
3386, 14840
15317, 3387
3387, 11514
22748, 3388
3388, 16527
24391, 3389
3389, 12800
9213, 3390
3390, 14121
15432, 3391
3391, 15910
20878, 3392
3392, 19620
13062, 3393
3393, 18983
12360, 3394
3394, 27275
21875, 3395
3395, 19322
15302, 3396
3396, 14694
12337, 3397
3397, 20569
3397, 26119
15564, 3398
17157, 3398
12220, 3398
21246, 3398
3398, 16737
12542, 3399
3399, 18986
9936, 3400
3400, 27613
26849, 3401
26349, 3401
3401, 10284
24377, 3402
3402, 18589
25201, 3403
3403, 21564
17796, 3404
3404, 13480
12656, 3405
3405, 21226
19277, 3406
14960, 3406
3406, 12893
16433, 3407
3407, 15872
18391, 3408
22293, 3408
19001, 3408
21572, 3408
27526, 3408
25146, 3408
11738, 3408
21706, 3408
15728, 3408
25834, 3408
24306, 3408
14195, 3408
10845, 3408
19587, 3408
24198, 3408
16800, 3408
27914, 3408
9858, 3408
24188, 3408
16911, 3408
24522, 3408
22358, 3408
17422, 3408
24071, 3408
13079, 3408
15264, 3408
23820, 3408
27723, 3408
15924, 3408
17129, 3408
26836, 3408
13197, 3408
10002, 3408
12068, 3408
17759, 3408
18981, 3408
16559, 3408
27789, 3408
21411, 3408
23937, 3408
20200, 3408
14669, 3408
11612, 3408
13542, 3408
21296, 3408
22043, 3408
23516, 3408
18804, 3408
24733, 3408
24142, 3408
18761, 3408
24269, 3408
26401, 3408
9293, 3408
3408, 20700
19857, 3409
20571, 3409
15299, 3409
15674, 3409
14441, 3409
20798, 3409
18401, 3409
17922, 3409
9552, 3409
21960, 3409
8460, 3409
19651, 3409
3409, 18359
27063, 3410
17714, 3410
25528, 3410
19006, 3410
3410, 23710
26093, 3411
3411, 17239
15521, 3412
3412, 24305
11299, 3413
3413, 11030
19411, 3414
3414, 23061
3414, 10303
3414, 25021
3414, 25215
12925, 3415
3415, 18419
11244, 3416
24120, 3416
3416, 21172
21619, 3417
8989, 3417
23378, 3417
18412, 3417
12800, 3417
8565, 3417
27037, 3417
27759, 3417
12616, 3417
22199, 3417
17311, 3417
18485, 3417
22353, 3417
13731, 3417
16790, 3417
19244, 3417
11748, 3417
27197, 3417
13594, 3417
11113, 3417
27243, 3417
19697, 3417
9680, 3417
12395, 3417
13648, 3417
9961, 3417
9987, 3417
24761, 3417
24618, 3417
24564, 3417
18336, 3417
16446, 3417
26276, 3417
26899, 3417
25759, 3417
18304, 3417
16490, 3417
17086, 3417
26959, 3417
19889, 3417
19156, 3417
27166, 3417
10284, 3417
22374, 3417
10738, 3417
9883, 3417
20171, 3417
14180, 3417
24885, 3417
24523, 3417
10374, 3417
13671, 3417
10420, 3417
24441, 3417
10895, 3417
25771, 3417
22067, 3417
23862, 3417
12261, 3417
21840, 3417
19930, 3417
22636, 3417
27582, 3417
14744, 3417
26998, 3417
27818, 3417
11589, 3417
22804, 3417
19237, 3417
21477, 3417
14278, 3417
15363, 3417
17578, 3417
14931, 3417
12342, 3417
22436, 3417
16722, 3417
13953, 3417
14317, 3417
12850, 3417
19954, 3417
19782, 3417
14628, 3417
16254, 3417
27032, 3417
25507, 3417
9210, 3417
24085, 3417
17598, 3417
21526, 3417
16193, 3417
23837, 3417
17236, 3417
26793, 3417
22803, 3417
25634, 3417
9740, 3417
18563, 3417
21256, 3417
14971, 3417
18161, 3417
23330, 3417
24197, 3417
24539, 3417
23478, 3417
3417, 18398
14410, 3418
3418, 11384
22326, 3419
3419, 21121
3419, 22992
9597, 3420
3420, 27512
12396, 3421
3421, 16193
10352, 3422
3422, 25361
16175, 3423
26301, 3423
3423, 11679
14018, 3424
3424, 9944
25276, 3425
3425, 12407
25566, 3426
3426, 21513
9417, 3427
3427, 26467
10035, 3428
3428, 21162
12337, 3429
3429, 24889
27630, 3430
3430, 24046
15226, 3431
3431, 9606
3431, 27771
3431, 17693
3431, 13989
3431, 12359
3431, 16975
3431, 11126
3431, 26421
3431, 9346
3431, 12996
3431, 14863
3431, 10922
3431, 15230
3431, 19424
17289, 3432
3432, 25553
20672, 3433
3433, 9601
27136, 3434
3434, 11083
13753, 3435
3435, 21072
3435, 12081
24079, 3436
3436, 16910
3436, 21621
9609, 3437
15880, 3437
3437, 21249
24010, 3438
3438, 12038
19893, 3439
3439, 11729
15693, 3440
24941, 3440
27328, 3440
12790, 3440
3440, 22526
17489, 3441
3441, 15774
18034, 3442
3442, 16429
22827, 3443
21141, 3443
3443, 20155
11329, 3444
3444, 17934
15191, 3445
3445, 14735
12932, 3446
3446, 26340
15883, 3447
3447, 26818
12337, 3448
3448, 11581
25992, 3449
3449, 20669
22484, 3450
3450, 18919
21520, 3451
3451, 10359
23319, 3452
3452, 13716
3452, 14440
12300, 3453
3453, 22787
3453, 17491
3453, 13693
11535, 3454
15896, 3454
3454, 27249
23829, 3455
3455, 20345
21447, 3456
19158, 3456
11835, 3456
3456, 12584
13934, 3457
3457, 8859
13342, 3458
3458, 19443
9027, 3459
11048, 3459
3459, 23262
18080, 3460
3460, 23096
21165, 3461
3461, 17316
19625, 3462
3462, 9954
14177, 3463
17319, 3463
17431, 3463
3463, 24885
26483, 3464
3464, 10500
8659, 3465
3465, 16217
16123, 3466
3466, 11834
8743, 3467
3467, 10675
27119, 3468
15372, 3468
3468, 21065
12669, 3469
25949, 3469
3469, 24390
19553, 3470
3470, 25869
18458, 3471
3471, 24484
14832, 3472
3472, 19626
11862, 3473
12047, 3473
17773, 3473
13517, 3473
18192, 3473
3473, 16269
11855, 3474
3474, 23764
3474, 18960
12337, 3475
3475, 25808
13512, 3476
3476, 13758
17601, 3477
3477, 25383
3477, 23530
12337, 3478
3478, 12250
3478, 14532
12337, 3479
3479, 16673
22750, 3480
17952, 3480
16862, 3480
3480, 23624
24904, 3481
19977, 3481
22445, 3481
17826, 3481
9562, 3481
26098, 3481
17018, 3481
15243, 3481
11123, 3481
24380, 3481
17421, 3481
24795, 3481
16263, 3481
24469, 3481
11686, 3481
23774, 3481
14905, 3481
24761, 3481
8811, 3481
26800, 3481
20577, 3481
10897, 3481
15951, 3481
13684, 3481
26818, 3481
10070, 3481
20564, 3481
25893, 3481
11241, 3481
21252, 3481
27721, 3481
24429, 3481
16228, 3481
27017, 3481
26556, 3481
27560, 3481
17510, 3481
19025, 3481
27371, 3481
22681, 3481
26455, 3481
27247, 3481
23014, 3481
12782, 3481
8830, 3481
18070, 3481
22436, 3481
23591, 3481
16006, 3481
11240, 3481
26166, 3481
12012, 3481
3481, 27669
12426, 3482
3482, 13071
3482, 26962
16227, 3483
3483, 20885
3483, 20322
24065, 3484
3484, 11106
3484, 18341
25278, 3485
3485, 26024
10456, 3486
3486, 19351
21385, 3487
3487, 26303
24506, 3488
3488, 27086
24994, 3489
3489, 27665
12112, 3490
3490, 12858
12337, 3491
3491, 10601
3491, 10827
12112, 3492
3492, 12858
8809, 3493
3493, 16412
12072, 3494
3494, 11589
10104, 3495
3495, 25752
3495, 14820
12337, 3496
3496, 16724
23132, 3497
10497, 3497
26037, 3497
3497, 22131
26753, 3498
3498, 19922
16945, 3499
3499, 9565
15443, 3500
3500, 18212
13113, 3501
3501, 19780
11096, 3502
3502, 21737
21106, 3503
3503, 23369
14067, 3504
3504, 12377
22768, 3505
3505, 13919
26007, 3506
3506, 20947
11850, 3507
3507, 19734
12337, 3508
3508, 21394
12337, 3509
3509, 13964
3509, 25303
20879, 3510
3510, 23446
25717, 3511
3511, 24770
3511, 20666
3511, 18070
3511, 17487
24821, 3512
3512, 25247
13968, 3513
3513, 15983
22439, 3514
3514, 22958
14714, 3515
3515, 17721
12337, 3516
3516, 12443
14563, 3517
3517, 18599
10888, 3518
3518, 21990
25876, 3519
3519, 26971
14553, 3520
3520, 15899
13003, 3521
3521, 22199
24540, 3522
3522, 25492
12246, 3523
3523, 13262
12337, 3524
3524, 17997
17368, 3525
3525, 17265
15662, 3526
8715, 3526
16324, 3526
23510, 3526
20024, 3526
12107, 3526
26844, 3526
9394, 3526
9780, 3526
12078, 3526
17436, 3526
11871, 3526
22936, 3526
11012, 3526
17845, 3526
14805, 3526
9851, 3526
25398, 3526
19705, 3526
3526, 12310
10755, 3527
3527, 10468
3527, 16708
27725, 3528
3528, 20409
16550, 3529
3529, 12336
20719, 3530
3530, 17972
12337, 3531
3531, 21769
19085, 3532
3532, 18119
22702, 3533
22253, 3533
3533, 13486
12337, 3534
3534, 16223
23642, 3535
3535, 12317
11500, 3536
3536, 16693
10406, 3537
3537, 10661
3537, 14092
12667, 3538
3538, 15294
3538, 26344
10275, 3539
3539, 14226
24449, 3540
25288, 3540
3540, 22765
20884, 3541
3541, 23975
15598, 3542
3542, 21203
3542, 13660
3542, 24820
3542, 26948
3542, 14899
22071, 3543
3543, 10114
9877, 3544
3544, 19193
19464, 3545
3545, 13142
13324, 3546
3546, 13958
13537, 3547
3547, 22931
12337, 3548
3548, 11110
10513, 3549
3549, 27109
13383, 3550
3550, 14031
3550, 10586
19963, 3551
3551, 19782
18514, 3552
12815, 3552
3552, 16762
8769, 3553
3553, 16113
3553, 9750
27792, 3554
3554, 21305
12356, 3555
3555, 13488
23836, 3556
24998, 3556
3556, 24063
18100, 3557
11281, 3557
3557, 11925
3557, 24468
21940, 3558
16383, 3558
3558, 16030
21189, 3559
3559, 27934
27546, 3560
3560, 12026
22785, 3561
3561, 25867
23181, 3562
3562, 23513
18742, 3563
3563, 14147
12036, 3564
3564, 22543
3564, 11094
26664, 3565
26532, 3565
16253, 3565
3565, 8958
21600, 3566
3566, 25597
19562, 3567
3567, 16453
21607, 3568
19679, 3568
22229, 3568
3568, 24709
3568, 11469
14714, 3569
3569, 22930
11411, 3570
3570, 10779
13250, 3571
12940, 3571
25701, 3571
20312, 3571
22047, 3571
3571, 23832
17728, 3572
3572, 18508
27052, 3573
3573, 20083
12337, 3574
3574, 21394
24331, 3575
3575, 13237
3575, 13856
9994, 3576
14058, 3576
22585, 3576
12819, 3576
22752, 3576
16122, 3576
8767, 3576
26042, 3576
18914, 3576
11565, 3576
22268, 3576
8740, 3576
11779, 3576
11412, 3576
21603, 3576
23270, 3576
20224, 3576
15806, 3576
27443, 3576
20094, 3576
22422, 3576
3576, 14746
12621, 3577
3577, 17041
11519, 3578
3578, 15831
3578, 9098
11389, 3579
3579, 16496
12601, 3580
3580, 27439
9367, 3581
3581, 17353
8528, 3582
3582, 23666
3582, 19737
3582, 25396
11613, 3583
3583, 21848
3583, 14180
10533, 3584
3584, 13623
16798, 3585
18184, 3585
3585, 25960
22869, 3586
22008, 3586
14274, 3586
3586, 12549
11116, 3587
3587, 10626
3587, 18581
14193, 3588
19945, 3588
11365, 3588
3588, 23107
3588, 18655
3588, 17230
14714, 3589
3589, 25063
15140, 3590
22800, 3590
9190, 3590
14776, 3590
20360, 3590
24538, 3590
10426, 3590
26342, 3590
19876, 3590
24746, 3590
16439, 3590
13728, 3590
15481, 3590
16592, 3590
19352, 3590
13175, 3590
25345, 3590
8938, 3590
19978, 3590
10599, 3590
27141, 3590
13771, 3590
20468, 3590
17491, 3590
17386, 3590
10777, 3590
16448, 3590
16988, 3590
14428, 3590
9221, 3590
27715, 3590
10956, 3590
26223, 3590
16645, 3590
21066, 3590
17414, 3590
9478, 3590
17469, 3590
9513, 3590
14327, 3590
22300, 3590
18589, 3590
20834, 3590
15198, 3590
8735, 3590
10359, 3590
22860, 3590
9001, 3590
18258, 3590
19936, 3590
12785, 3590
12664, 3590
23054, 3590
23406, 3590
23370, 3590
23819, 3590
22076, 3590
20200, 3590
26004, 3590
14684, 3590
11612, 3590
18703, 3590
17483, 3590
13373, 3590
23408, 3590
22043, 3590
13772, 3590
27301, 3590
17753, 3590
11092, 3590
19934, 3590
23592, 3590
24320, 3590
19216, 3590
25361, 3590
11459, 3590
22668, 3590
11955, 3590
19032, 3590
12928, 3590
25671, 3590
21780, 3590
22430, 3590
22350, 3590
24335, 3590
18065, 3590
15642, 3590
26416, 3590
16284, 3590
15928, 3590
13490, 3590
3590, 17526
24889, 3591
9978, 3591
15774, 3591
3591, 15533
16070, 3592
3592, 15210
12052, 3593
3593, 8895
13154, 3594
3594, 14958
26196, 3595
3595, 9333
13163, 3596
3596, 12098
18729, 3597
3597, 17710
21652, 3598
3598, 17466
21771, 3599
3599, 24941
13446, 3600
3600, 13061
18412, 3601
17421, 3601
24849, 3601
3601, 23668
26101, 3602
3602, 15311
23134, 3603
3603, 25369
3603, 18150
3603, 18322
3603, 27106
22212, 3604
3604, 24125
12939, 3605
25584, 3605
3605, 19306
14062, 3606
3606, 24049
18871, 3607
3607, 10069
10619, 3608
3608, 17997
9073, 3609
3609, 22960
15132, 3610
8832, 3610
21383, 3610
9352, 3610
9481, 3610
3610, 24669
18528, 3611
3611, 27449
24397, 3612
27287, 3612
3612, 12281
25437, 3613
23974, 3613
3613, 25746
19487, 3614
3614, 8916
16797, 3615
10661, 3615
3615, 20876
16926, 3616
3616, 15774
20362, 3617
3617, 15949
9337, 3618
3618, 13681
20884, 3619
3619, 18667
14717, 3620
3620, 13413
14337, 3621
3621, 17279
8827, 3622
3622, 16933
14623, 3623
3623, 17829
12337, 3624
3624, 24729
25038, 3625
3625, 8999
3625, 16710
10508, 3626
9471, 3626
23842, 3626
3626, 21459
12337, 3627
3627, 13630
16953, 3628
3628, 22106
3628, 10432
16821, 3629
3629, 26470
3629, 14510
3629, 18771
11904, 3630
3630, 12128
12337, 3631
3631, 14872
3631, 26334
17652, 3632
21715, 3632
3632, 12318
12337, 3633
3633, 18717
25563, 3634
3634, 15985
27502, 3635
27621, 3635
3635, 18164
22221, 3636
3636, 19964
20735, 3637
3637, 19764
18636, 3638
3638, 9541
20749, 3639
3639, 14143
3639, 18886
12542, 3640
3640, 15376
15402, 3641
3641, 21023
12290, 3642
3642, 8545
18577, 3643
3643, 27860
17499, 3644
3644, 18182
13912, 3645
3645, 8491
20710, 3646
3646, 10372
21165, 3647
3647, 21446
16533, 3648
3648, 13603
15932, 3649
3649, 8868
12289, 3650
3650, 12354
14994, 3651
14082, 3651
13838, 3651
3651, 12979
12609, 3652
3652, 20140
3652, 27878
11307, 3653
3653, 16145
9862, 3654
3654, 19408
3654, 22825
14871, 3655
27002, 3655
9816, 3655
21397, 3655
9835, 3655
11032, 3655
11135, 3655
9920, 3655
20135, 3655
19786, 3655
3655, 11808
3655, 24173
3655, 17894
3655, 16262
3655, 9069
3655, 9766
3655, 10527
3655, 23694
3655, 11051
25936, 3656
3656, 13169
9603, 3657
3657, 18940
23731, 3658
16334, 3658
19890, 3658
3658, 24842
20242, 3659
3659, 24737
27052, 3660
3660, 20875
17425, 3661
26308, 3661
3661, 9370
12058, 3662
3662, 27819
3662, 16726
25983, 3663
3663, 15252
22733, 3664
27682, 3664
10141, 3664
12648, 3664
9282, 3664
13121, 3664
13826, 3664
3664, 13231
3664, 12337
14809, 3665
3665, 17248
14809, 3666
3666, 17248
12704, 3667
3667, 14245
23941, 3668
3668, 11940
24216, 3669
3669, 19095
12590, 3670
3670, 14621
12337, 3671
3671, 24784
13455, 3672
3672, 26915
18902, 3673
3673, 21131
26320, 3674
14117, 3674
3674, 13300
24978, 3675
3675, 11356
11676, 3676
3676, 17600
22871, 3677
10475, 3677
3677, 14709
16842, 3678
3678, 11714
12337, 3679
3679, 17405
25278, 3680
3680, 18664
8459, 3681
22848, 3681
12686, 3681
3681, 24737
9075, 3682
3682, 10454
25682, 3683
11321, 3683
14344, 3683
16055, 3683
15361, 3683
12981, 3683
3683, 27503
21476, 3684
3684, 10348
3684, 27142
3684, 21293
23963, 3685
3685, 20360
18143, 3686
3686, 25897
22357, 3687
3687, 19810
23924, 3688
20141, 3688
3688, 23232
16537, 3689
20101, 3689
3689, 12728
12780, 3690
3690, 20185
24575, 3691
20906, 3691
10349, 3691
16463, 3691
12960, 3691
10075, 3691
20582, 3691
13035, 3691
10329, 3691
16916, 3691
26900, 3691
3691, 13698
8469, 3692
3692, 8714
18775, 3693
3693, 17863
24830, 3694
3694, 26206
23259, 3695
18901, 3695
3695, 8522
12494, 3696
3696, 17605
11469, 3697
15046, 3697
12798, 3697
25711, 3697
19852, 3697
27250, 3697
18886, 3697
15180, 3697
24750, 3697
27174, 3697
14468, 3697
20608, 3697
19532, 3697
14815, 3697
27696, 3697
14629, 3697
25693, 3697
27904, 3697
18119, 3697
11539, 3697
11627, 3697
16130, 3697
13964, 3697
17858, 3697
16610, 3697
11021, 3697
21989, 3697
11452, 3697
15256, 3697
13340, 3697
25072, 3697
17210, 3697
10998, 3697
27053, 3697
14872, 3697
14283, 3697
24484, 3697
10131, 3697
22309, 3697
20919, 3697
24645, 3697
22779, 3697
11948, 3697
11857, 3697
14890, 3697
10225, 3697
11701, 3697
11215, 3697
18404, 3697
19373, 3697
10657, 3697
24172, 3697
26392, 3697
20992, 3697
19836, 3697
13275, 3697
25361, 3697
25303, 3697
13865, 3697
12377, 3697
8598, 3697
26334, 3697
23896, 3697
11957, 3697
14349, 3697
12335, 3697
21376, 3697
26528, 3697
12438, 3697
11484, 3697
17713, 3697
22518, 3697
16192, 3697
17145, 3697
21364, 3697
23537, 3697
8536, 3697
23624, 3697
18052, 3697
3697, 8614
26622, 3698
3698, 15367
21136, 3699
3699, 22333
8469, 3700
3700, 18219
16758, 3701
3701, 19322
11756, 3702
3702, 25379
10209, 3703
3703, 11589
8640, 3704
3704, 13387
13317, 3705
3705, 18323
27380, 3706
25513, 3706
22208, 3706
16523, 3706
24162, 3706
25891, 3706
9078, 3706
3706, 10030
18108, 3707
26850, 3707
22669, 3707
26866, 3707
19799, 3707
24495, 3707
14356, 3707
24251, 3707
3707, 22981
24391, 3708
3708, 24564
23485, 3709
3709, 8613
11236, 3710
3710, 19782
18327, 3711
3711, 17020
9444, 3712
3712, 21921
17310, 3713
3713, 21162
23421, 3714
20530, 3714
14596, 3714
15125, 3714
18306, 3714
27512, 3714
14687, 3714
14307, 3714
13055, 3714
12343, 3714
21069, 3714
10432, 3714
3714, 13388
23306, 3715
24375, 3715
8946, 3715
9262, 3715
17559, 3715
27686, 3715
3715, 20534
9691, 3716
3716, 17421
25011, 3717
3717, 25020
3717, 11738
21947, 3718
18781, 3718
8490, 3718
21307, 3718
14000, 3718
3718, 12483
14977, 3719
19137, 3719
3719, 11174
8949, 3720
12445, 3720
3720, 24386
12530, 3721
3721, 20334
3721, 8756
14131, 3722
9247, 3722
21386, 3722
11107, 3722
9668, 3722
16856, 3722
24324, 3722
15244, 3722
26184, 3722
26798, 3722
10951, 3722
9406, 3722
19969, 3722
22466, 3722
19386, 3722
19203, 3722
9625, 3722
26040, 3722
15174, 3722
10184, 3722
23921, 3722
26383, 3722
13562, 3722
17590, 3722
8493, 3722
25606, 3722
23463, 3722
3722, 18464
12787, 3723
25341, 3723
3723, 10185
17262, 3724
3724, 15210
17664, 3725
3725, 9770
20897, 3726
3726, 19344
18897, 3727
3727, 10280
3727, 19082
8548, 3728
3728, 14825
18153, 3729
3729, 26984
9232, 3730
3730, 8796
8458, 3731
3731, 9400
17883, 3732
3732, 25810
12337, 3733
3733, 9267
3733, 24807
9042, 3734
3734, 16193
23314, 3735
3735, 15379
18118, 3736
3736, 16797
3736, 22105
12337, 3737
3737, 24934
18223, 3738
3738, 15540
21497, 3739
3739, 27005
19012, 3740
3740, 16216
14553, 3741
3741, 27600
26622, 3742
3742, 13850
12774, 3743
3743, 13434
11424, 3744
3744, 10105
12337, 3745
3745, 24648
24391, 3746
3746, 27624
17728, 3747
3747, 15581
22834, 3748
3748, 25650
3748, 16171
3748, 20241
15683, 3749
3749, 15997
19481, 3750
3750, 27909
13147, 3751
3751, 9388
23815, 3752
12514, 3752
3752, 12335
26547, 3753
3753, 17551
9850, 3754
13091, 3754
3754, 16987
12337, 3755
3755, 27464
11659, 3756
3756, 21293
10163, 3757
3757, 18066
14482, 3758
26625, 3758
3758, 12422
22842, 3759
3759, 12098
14759, 3760
3760, 24498
12337, 3761
3761, 21501
23517, 3762
3762, 19489
11274, 3763
3763, 22736
3763, 20901
16633, 3764
3764, 23774
3764, 13034
19483, 3765
3765, 16253
21165, 3766
3766, 26836
25572, 3767
15095, 3767
3767, 26381
11666, 3768
3768, 17193
24523, 3769
13931, 3769
3769, 26107
12337, 3770
3770, 11610
23210, 3771
3771, 25215
27152, 3772
17167, 3772
12991, 3772
17496, 3772
10160, 3772
3772, 13936
21165, 3773
3773, 13265
11116, 3774
3774, 10045
3774, 13489
3774, 10562
27242, 3775
3775, 24669
10326, 3776
3776, 20573
27099, 3777
3777, 11240
26870, 3778
17939, 3778
3778, 26224
13580, 3779
3779, 19687
26873, 3780
3780, 17413
25284, 3781
27041, 3781
27358, 3781
15671, 3781
17985, 3781
18462, 3781
20973, 3781
14222, 3781
17750, 3781
9830, 3781
9728, 3781
12900, 3781
24524, 3781
26080, 3781
19246, 3781
11803, 3781
3781, 23647
3781, 22142
18796, 3782
3782, 21524
18729, 3783
3783, 13086
19331, 3784
11854, 3784
3784, 18921
25030, 3785
3785, 15870
24391, 3786
3786, 26508
14939, 3787
3787, 20805
11968, 3788
3788, 16078
18175, 3789
3789, 20662
24053, 3790
3790, 20964
9350, 3791
3791, 10649
14833, 3792
3792, 10179
25278, 3793
3793, 26236
15660, 3794
3794, 14773
17495, 3795
3795, 10542
3795, 26276
25350, 3796
3796, 22382
26113, 3797
22979, 3797
3797, 26605
12112, 3798
3798, 12858
27304, 3799
3799, 24987
15920, 3800
3800, 24594
3800, 18501
3800, 27742
3800, 12128
3800, 20512
16339, 3801
3801, 19449
20409, 3802
15097, 3802
3802, 27640
23456, 3803
3803, 17423
19241, 3804
3804, 13716
25386, 3805
3805, 27560
12908, 3806
3806, 14962
12578, 3807
18821, 3807
13094, 3807
3807, 24563
21165, 3808
3808, 13797
20925, 3809
3809, 23878
25049, 3810
3810, 14878
8810, 3811
3811, 20398
8575, 3812
3812, 15035
23250, 3813
25271, 3813
23640, 3813
17572, 3813
24086, 3813
3813, 19435
26610, 3814
3814, 25468
9737, 3815
3815, 27072
3815, 14582
3815, 26518
3815, 21685
3815, 25016
3815, 25817
3815, 22455
3815, 12563
3815, 17898
3815, 22411
3815, 20785
3815, 20529
3815, 12487
3815, 13781
3815, 20678
3815, 24569
16603, 3816
3816, 20240
3816, 11955
13269, 3817
3817, 19156
8825, 3818
3818, 12632
18416, 3819
3819, 18630
8825, 3820
3820, 12632
17851, 3821
3821, 21349
16290, 3822
3822, 13303
21911, 3823
3823, 15221
16441, 3824
3824, 25558
23352, 3825
3825, 21309
12337, 3826
3826, 24648
24988, 3827
3827, 13620
26719, 3828
3828, 8891
23732, 3829
3829, 9757
3829, 16119
16149, 3830
3830, 14970
16141, 3831
3831, 14637
21185, 3832
3832, 10021
9465, 3833
3833, 16889
18716, 3834
3834, 14226
23434, 3835
3835, 11066
14380, 3836
3836, 24021
14714, 3837
3837, 13350
12937, 3838
19153, 3838
3838, 23390
15712, 3839
14127, 3839
25365, 3839
20765, 3839
24486, 3839
16406, 3839
15517, 3839
3839, 22424
13554, 3840
3840, 18807
25285, 3841
3841, 10313
3841, 10220
23708, 3842
3842, 24006
21854, 3843
3843, 15346
23929, 3844
3844, 14087
17728, 3845
3845, 8472
26167, 3846
3846, 9646
17728, 3847
3847, 20084
26757, 3848
3848, 15949
17760, 3849
3849, 24313
21261, 3850
24955, 3850
27296, 3850
20323, 3850
18917, 3850
3850, 8669
10071, 3851
3851, 26914
3851, 10854
9700, 3852
3852, 8519
24089, 3853
3853, 24345
22734, 3854
11976, 3854
19013, 3854
13551, 3854
21841, 3854
26210, 3854
13607, 3854
21786, 3854
3854, 10937
15287, 3855
3855, 11930
24391, 3856
3856, 22793
3856, 15850
24272, 3857
3857, 26368
11951, 3858
18566, 3858
3858, 12598
17839, 3859
3859, 24274
3859, 27439
19707, 3860
3860, 8757
15339, 3861
3861, 17265
25207, 3862
3862, 16400
14876, 3863
3863, 15045
23814, 3864
3864, 25281
3864, 24277
3864, 21589
3864, 21957
10044, 3865
3865, 16302
17728, 3866
3866, 24856
12717, 3867
3867, 21322
15847, 3868
3868, 12397
12858, 3869
12582, 3869
3869, 26304
15300, 3870
3870, 9077
24255, 3871
3871, 17014
16080, 3872
19413, 3872
3872, 9794
20884, 3873
3873, 19988
20216, 3874
24505, 3874
23990, 3874
18400, 3874
3874, 10355
19779, 3875
20574, 3875
17809, 3875
17715, 3875
21614, 3875
20305, 3875
3875, 13975
17882, 3876
3876, 13826
26814, 3877
3877, 21797
25935, 3878
22460, 3878
3878, 13723
13152, 3879
3879, 27247
14918, 3880
3880, 24737
12337, 3881
3881, 20143
3881, 9221
14580, 3882
3882, 23953
27195, 3883
16773, 3883
12688, 3883
19586, 3883
3883, 10613
20274, 3884
10527, 3884
3884, 9681
9298, 3885
15775, 3885
8830, 3885
25496, 3885
3885, 12458
25734, 3886
3886, 11403
23628, 3887
15779, 3887
19371, 3887
11498, 3887
8622, 3887
9275, 3887
27218, 3887
10195, 3887
15142, 3887
18086, 3887
11497, 3887
20777, 3887
15592, 3887
18160, 3887
20490, 3887
19073, 3887
12367, 3887
15629, 3887
10849, 3887
10812, 3887
17227, 3887
21540, 3887
11840, 3887
26932, 3887
16004, 3887
18013, 3887
20027, 3887
23097, 3887
19755, 3887
11130, 3887
16814, 3887
13583, 3887
10665, 3887
12457, 3887
15543, 3887
21008, 3887
21153, 3887
8749, 3887
15945, 3887
11706, 3887
21488, 3887
20873, 3887
22784, 3887
24648, 3887
26781, 3887
16223, 3887
17103, 3887
15257, 3887
21530, 3887
13974, 3887
9820, 3887
19561, 3887
19128, 3887
22546, 3887
26827, 3887
21723, 3887
22376, 3887
18078, 3887
23521, 3887
13142, 3887
27392, 3887
25716, 3887
10586, 3887
14031, 3887
19817, 3887
16829, 3887
25973, 3887
25823, 3887
24480, 3887
12493, 3887
12451, 3887
8725, 3887
25845, 3887
26164, 3887
24203, 3887
11366, 3887
16111, 3887
19718, 3887
25503, 3887
20744, 3887
23205, 3887
17003, 3887
10483, 3887
9529, 3887
23126, 3887
16343, 3887
8480, 3887
12573, 3887
14060, 3887
13798, 3887
18453, 3887
11867, 3887
19112, 3887
16691, 3887
16564, 3887
19504, 3887
20941, 3887
21291, 3887
9954, 3887
10147, 3887
23244, 3887
16848, 3887
19030, 3887
22521, 3887
11407, 3887
26542, 3887
16768, 3887
27292, 3887
23366, 3887
13716, 3887
26464, 3887
18704, 3887
14962, 3887
18678, 3887
10652, 3887
24765, 3887
12324, 3887
16198, 3887
21109, 3887
19520, 3887
25753, 3887
12312, 3887
20298, 3887
13027, 3887
16799, 3887
23565, 3887
23868, 3887
24559, 3887
14719, 3887
21998, 3887
25244, 3887
19445, 3887
10152, 3887
16090, 3887
20452, 3887
26403, 3887
18788, 3887
15379, 3887
26074, 3887
20151, 3887
19421, 3887
19245, 3887
14660, 3887
13925, 3887
24499, 3887
15380, 3887
21705, 3887
25157, 3887
14149, 3887
9391, 3887
15798, 3887
8707, 3887
18101, 3887
9207, 3887
16225, 3887
14710, 3887
12479, 3887
26086, 3887
16656, 3887
9607, 3887
18599, 3887
24345, 3887
9855, 3887
27447, 3887
24583, 3887
16307, 3887
24077, 3887
15137, 3887
16157, 3887
27427, 3887
9532, 3887
15308, 3887
14816, 3887
20471, 3887
21199, 3887
13316, 3887
27451, 3887
14853, 3887
19693, 3887
18625, 3887
20308, 3887
26429, 3887
19284, 3887
10416, 3887
18340, 3887
21783, 3887
3887, 15062
12268, 3888
3888, 8760
17441, 3889
3889, 19488
12611, 3890
26957, 3890
3890, 15381
14430, 3891
3891, 26770
20773, 3892
3892, 19708
27852, 3893
3893, 25296
11030, 3894
10321, 3894
3894, 10276
25709, 3895
3895, 10043
12216, 3896
3896, 13608
9504, 3897
3897, 21179
26504, 3898
3898, 25588
14689, 3899
3899, 14443
27544, 3900
3900, 19721
19090, 3901
3901, 10054
25805, 3902
3902, 17145
23505, 3903
3903, 12544
3903, 11266
17461, 3904
23320, 3904
3904, 14132
17770, 3905
3905, 15768
9547, 3906
3906, 20969
3906, 18271
21030, 3907
3907, 26716
16342, 3908
16621, 3908
3908, 24552
12542, 3909
3909, 13195
12337, 3910
3910, 10428
16116, 3911
3911, 10719
24391, 3912
3912, 8844
10653, 3913
3913, 21293
22199, 3914
22906, 3914
14836, 3914
27438, 3914
17578, 3914
3914, 8544
10545, 3915
3915, 24849
9663, 3916
11292, 3916
11961, 3916
13536, 3916
26408, 3916
18454, 3916
18345, 3916
3916, 18829
10228, 3917
3917, 12901
16063, 3918
3918, 8751
24434, 3919
3919, 12859
18295, 3920
3920, 24171
11041, 3921
3921, 14112
16386, 3922
3922, 8896
12337, 3923
3923, 18639
20359, 3924
3924, 26300
8750, 3925
18461, 3925
16178, 3925
3925, 9734
25012, 3926
3926, 23565
20787, 3927
3927, 19430
11081, 3928
23692, 3928
26517, 3928
3928, 13070
14527, 3929
3929, 9718
14714, 3930
3930, 15129
20701, 3931
3931, 16958
14555, 3932
3932, 21741
26009, 3933
13754, 3933
3933, 21776
12965, 3934
3934, 18986
3934, 21888
3934, 23739
14832, 3935
3935, 16948
18660, 3936
3936, 17847
16116, 3937
3937, 10719
19552, 3938
9976, 3938
8659, 3938
16755, 3938
12510, 3938
21923, 3938
20128, 3938
22437, 3938
25434, 3938
24931, 3938
8556, 3938
12294, 3938
22443, 3938
25731, 3938
10679, 3938
25501, 3938
9742, 3938
8960, 3938
16901, 3938
11055, 3938
8723, 3938
13770, 3938
11710, 3938
13850, 3938
21779, 3938
19691, 3938
23589, 3938
15768, 3938
10926, 3938
9031, 3938
13392, 3938
24305, 3938
21387, 3938
17498, 3938
25458, 3938
10674, 3938
19215, 3938
17372, 3938
15114, 3938
25036, 3938
25231, 3938
12739, 3938
20882, 3938
24594, 3938
23297, 3938
27397, 3938
15333, 3938
26664, 3938
20384, 3938
10469, 3938
11317, 3938
15268, 3938
21872, 3938
9333, 3938
17252, 3938
25886, 3938
9349, 3938
15307, 3938
23049, 3938
12231, 3938
18710, 3938
20290, 3938
14137, 3938
23981, 3938
22038, 3938
18022, 3938
20628, 3938
11608, 3938
11403, 3938
25643, 3938
15687, 3938
15247, 3938
17826, 3938
12663, 3938
8836, 3938
25376, 3938
10111, 3938
17543, 3938
9156, 3938
15640, 3938
26061, 3938
26490, 3938
10355, 3938
8893, 3938
24232, 3938
18200, 3938
15243, 3938
26248, 3938
27733, 3938
17605, 3938
25111, 3938
12611, 3938
27826, 3938
18828, 3938
19430, 3938
25422, 3938
10654, 3938
11808, 3938
23369, 3938
18196, 3938
22662, 3938
13472, 3938
10361, 3938
24469, 3938
21012, 3938
11686, 3938
23774, 3938
23840, 3938
21796, 3938
22685, 3938
15403, 3938
22906, 3938
20799, 3938
26165, 3938
13296, 3938
8733, 3938
21931, 3938
17936, 3938
16552, 3938
18958, 3938
14925, 3938
9271, 3938
9353, 3938
11370, 3938
12015, 3938
18336, 3938
14341, 3938
10399, 3938
9978, 3938
21475, 3938
24371, 3938
24171, 3938
11196, 3938
10082, 3938
15621, 3938
16333, 3938
16014, 3938
22727, 3938
19731, 3938
20381, 3938
20193, 3938
26899, 3938
9389, 3938
23070, 3938
19300, 3938
20331, 3938
23375, 3938
18304, 3938
23563, 3938
10325, 3938
21336, 3938
22595, 3938
26818, 3938
8522, 3938
15774, 3938
24941, 3938
16434, 3938
21581, 3938
26716, 3938
17894, 3938
15942, 3938
12604, 3938
25542, 3938
20428, 3938
23901, 3938
21636, 3938
23713, 3938
10918, 3938
14903, 3938
19824, 3938
15839, 3938
16262, 3938
19571, 3938
22200, 3938
15168, 3938
10303, 3938
19808, 3938
15869, 3938
27819, 3938
18217, 3938
14712, 3938
18620, 3938
14696, 3938
26387, 3938
26428, 3938
12239, 3938
20681, 3938
20584, 3938
27569, 3938
27080, 3938
18529, 3938
15429, 3938
19456, 3938
22893, 3938
27017, 3938
17829, 3938
14180, 3938
14932, 3938
11043, 3938
16119, 3938
21368, 3938
14147, 3938
23076, 3938
10935, 3938
21038, 3938
15713, 3938
8855, 3938
10313, 3938
21753, 3938
13931, 3938
24274, 3938
24441, 3938
9014, 3938
21971, 3938
12087, 3938
16527, 3938
8732, 3938
17510, 3938
26340, 3938
22168, 3938
11917, 3938
23853, 3938
16145, 3938
19406, 3938
13444, 3938
27665, 3938
16361, 3938
9984, 3938
20414, 3938
13299, 3938
22331, 3938
18681, 3938
19574, 3938
20195, 3938
17007, 3938
12252, 3938
17290, 3938
20076, 3938
24357, 3938
20122, 3938
26186, 3938
25760, 3938
23694, 3938
11384, 3938
21125, 3938
17663, 3938
23100, 3938
25752, 3938
22673, 3938
14713, 3938
23661, 3938
11051, 3938
20843, 3938
19758, 3938
16329, 3938
26031, 3938
19880, 3938
23772, 3938
17662, 3938
24024, 3938
11243, 3938
19855, 3938
24621, 3938
25656, 3938
19530, 3938
27247, 3938
15388, 3938
25778, 3938
15270, 3938
24354, 3938
20100, 3938
8980, 3938
19620, 3938
27489, 3938
24006, 3938
11589, 3938
24690, 3938
22823, 3938
26962, 3938
9141, 3938
13061, 3938
12407, 3938
9565, 3938
9875, 3938
23028, 3938
25947, 3938
11719, 3938
20660, 3938
25412, 3938
21741, 3938
14931, 3938
9812, 3938
27137, 3938
15691, 3938
22614, 3938
24785, 3938
13953, 3938
12694, 3938
23032, 3938
13224, 3938
18606, 3938
19044, 3938
20859, 3938
11906, 3938
22872, 3938
23782, 3938
19815, 3938
14475, 3938
15221, 3938
11714, 3938
13075, 3938
9344, 3938
12240, 3938
21589, 3938
23079, 3938
19195, 3938
25053, 3938
17532, 3938
11681, 3938
21118, 3938
20272, 3938
23147, 3938
13226, 3938
14858, 3938
11296, 3938
11734, 3938
20516, 3938
8530, 3938
27439, 3938
13248, 3938
11879, 3938
19082, 3938
15162, 3938
21526, 3938
9186, 3938
17124, 3938
26971, 3938
21335, 3938
14978, 3938
15759, 3938
17239, 3938
16199, 3938
13576, 3938
11266, 3938
11240, 3938
13094, 3938
20750, 3938
16667, 3938
8714, 3938
13937, 3938
10678, 3938
9192, 3938
19823, 3938
17454, 3938
20948, 3938
13969, 3938
11564, 3938
20701, 3938
20534, 3938
16680, 3938
18115, 3938
26668, 3938
9740, 3938
12763, 3938
17521, 3938
20289, 3938
10114, 3938
27659, 3938
19992, 3938
25014, 3938
3938, 21958
12435, 3939
21896, 3939
3939, 20228
20028, 3940
3940, 14169
23854, 3941
3941, 13316
26601, 3942
3942, 22574
8520, 3943
3943, 26165
25665, 3944
3944, 20409
9182, 3945
3945, 25346
22753, 3946
3946, 21173
15005, 3947
3947, 25523
3947, 13444
12675, 3948
24037, 3948
16638, 3948
9021, 3948
25821, 3948
12088, 3948
26249, 3948
3948, 18564
25278, 3949
3949, 26207
13243, 3950
3950, 22315
10302, 3951
3951, 19520
3951, 19505
24036, 3952
19620, 3952
3952, 13566
26324, 3953
23809, 3953
3953, 14901
13559, 3954
3954, 20748
22159, 3955
3955, 22931
12201, 3956
3956, 10255
10729, 3957
3957, 18986
24127, 3958
3958, 11917
22622, 3959
3959, 14798
14155, 3960
3960, 15938
10356, 3961
3961, 20490
16547, 3962
3962, 13642
15734, 3963
3963, 19849
15847, 3964
3964, 12237
26121, 3965
3965, 20799
27214, 3966
18734, 3966
10279, 3966
23675, 3966
21366, 3966
3966, 18022
21259, 3967
3967, 17276
11641, 3968
3968, 15197
23386, 3969
3969, 11503
19792, 3970
17306, 3970
3970, 23239
10356, 3971
3971, 20490
17540, 3972
9874, 3972
3972, 19524
22037, 3973
3973, 23670
10278, 3974
3974, 21467
27692, 3975
12155, 3975
21871, 3975
3975, 16346
17329, 3976
3976, 12471
20003, 3977
3977, 27748
17413, 3978
23974, 3978
3978, 15757
23264, 3979
25315, 3979
3979, 10520
20369, 3980
3980, 23214
25966, 3981
10936, 3981
23413, 3981
27893, 3981
23833, 3981
3981, 17997
16756, 3982
3982, 14971
21270, 3983
3983, 13472
3983, 15949
3983, 14302
15902, 3984
3984, 12850
12337, 3985
3985, 23131
11245, 3986
3986, 25789
17029, 3987
3987, 17276
3987, 27813
8835, 3988
3988, 25582
3988, 14744
21900, 3989
3989, 22324
15805, 3990
3990, 11366
11998, 3991
3991, 21103
13749, 3992
3992, 13798
18974, 3993
3993, 8590
21165, 3994
3994, 10631
9831, 3995
14110, 3995
12213, 3995
27808, 3995
13450, 3995
20504, 3995
18150, 3995
16873, 3995
19053, 3995
21336, 3995
17903, 3995
11503, 3995
19156, 3995
20409, 3995
21442, 3995
20969, 3995
12858, 3995
9434, 3995
20638, 3995
23892, 3995
10001, 3995
25947, 3995
17893, 3995
22931, 3995
25496, 3995
19624, 3995
12143, 3995
15723, 3995
25905, 3995
26037, 3995
26214, 3995
3995, 13479
12337, 3996
3996, 24784
22685, 3997
13478, 3997
23591, 3997
3997, 14480
23789, 3998
3998, 22685
10536, 3999
3999, 26276
14824, 4000
4000, 18969
24473, 4001
4001, 19866
27661, 4002
4002, 15528
14550, 4003
4003, 11946
15713, 4004
10181, 4004
26037, 4004
4004, 23055
25589, 4005
26309, 4005
4005, 15723
23630, 4006
4006, 24316
4006, 22851
14580, 4007
4007, 23953
15283, 4008
4008, 20381
4008, 9426
15733, 4009
4009, 15143
19862, 4010
4010, 12927
9327, 4011
4011, 15762
21417, 4012
4012, 12213
24391, 4013
4013, 24771
25151, 4014
4014, 26687
20838, 4015
4015, 11944
12337, 4016
4016, 21769
4016, 10660
23924, 4017
4017, 13135
14482, 4018
4018, 12127
25002, 4019
4019, 16498
17918, 4020
4020, 26431
25758, 4021
4021, 12578
4021, 20681
20422, 4022
4022, 18986
11410, 4023
4023, 27365
4023, 16490
23626, 4024
4024, 14213
16910, 4025
13875, 4025
4025, 17841
18235, 4026
4026, 25254
11344, 4027
4027, 19620
25587, 4028
4028, 11917
24889, 4029
27449, 4029
8597, 4029
19570, 4029
4029, 11152
23929, 4030
4030, 21219
12337, 4031
4031, 16223
21954, 4032
4032, 15203
19322, 4033
21313, 4033
23953, 4033
8905, 4033
23415, 4033
4033, 12337
4033, 17254
15715, 4034
4034, 21872
4034, 14219
12542, 4035
4035, 18607
18337, 4036
4036, 23330
23971, 4037
10532, 4037
19126, 4037
23307, 4037
13976, 4037
14901, 4037
16769, 4037
17934, 4037
12752, 4037
21219, 4037
17383, 4037
15952, 4037
26368, 4037
18013, 4037
24149, 4037
17997, 4037
9591, 4037
26316, 4037
18078, 4037
22125, 4037
23843, 4037
27355, 4037
17293, 4037
20138, 4037
25112, 4037
17928, 4037
16878, 4037
10455, 4037
13453, 4037
24823, 4037
12386, 4037
9624, 4037
23998, 4037
18889, 4037
21744, 4037
11954, 4037
15862, 4037
26384, 4037
17402, 4037
12000, 4037
27642, 4037
15789, 4037
15390, 4037
12585, 4037
23205, 4037
15308, 4037
12416, 4037
8984, 4037
19490, 4037
11188, 4037
27648, 4037
9895, 4037
27216, 4037
9951, 4037
19488, 4037
16202, 4037
9295, 4037
24648, 4037
22682, 4037
25540, 4037
11922, 4037
20839, 4037
18419, 4037
20356, 4037
16223, 4037
9085, 4037
20610, 4037
15131, 4037
9412, 4037
27803, 4037
15497, 4037
13730, 4037
23940, 4037
20445, 4037
11144, 4037
14640, 4037
13016, 4037
16813, 4037
9155, 4037
24559, 4037
25979, 4037
17645, 4037
24412, 4037
14126, 4037
14329, 4037
24406, 4037
23244, 4037
14881, 4037
8554, 4037
9768, 4037
27352, 4037
19350, 4037
24409, 4037
26861, 4037
4037, 19073
4037, 20325
25156, 4038
26236, 4038
4038, 11964
8840, 4039
4039, 17823
13626, 4040
4040, 12208
12337, 4041
4041, 19854
25776, 4042
16644, 4042
4042, 11612
4042, 10650
19190, 4043
4043, 19061
4043, 22894
21940, 4044
4044, 10584
27749, 4045
4045, 26275
27436, 4046
4046, 19977
13643, 4047
4047, 23371
4047, 17054
4047, 25175
18493, 4048
4048, 17719
8609, 4049
23605, 4049
26037, 4049
4049, 20714
27163, 4050
19091, 4050
12352, 4050
9941, 4050
11448, 4050
4050, 19511
14244, 4051
4051, 10466
4051, 18150
11274, 4052
4052, 12434
23362, 4053
14769, 4053
4053, 24737
15352, 4054
4054, 9022
4054, 26899
16336, 4055
4055, 15142
19594, 4056
10138, 4056
26478, 4056
19139, 4056
14477, 4056
8674, 4056
14929, 4056
17215, 4056
13216, 4056
22173, 4056
13521, 4056
4056, 26990
15336, 4057
17033, 4057
20615, 4057
14186, 4057
23987, 4057
10891, 4057
16095, 4057
25126, 4057
4057, 10867
13209, 4058
4058, 26333
19215, 4059
26818, 4059
4059, 11905
23959, 4060
21791, 4060
12154, 4060
19987, 4060
4060, 13136
26552, 4061
4061, 12208
4061, 20957
4061, 27414
12337, 4062
4062, 27355
4062, 26901
11560, 4063
4063, 22144
11072, 4064
4064, 16248
16054, 4065
4065, 19977
22621, 4066
4066, 13450
17644, 4067
4067, 25689
23447, 4068
4068, 24786
17161, 4069
4069, 11487
4069, 25156
19871, 4070
14489, 4070
4070, 21161
9978, 4071
13687, 4071
4071, 22018
22061, 4072
17588, 4072
4072, 27682
25858, 4073
4073, 10221
17322, 4074
4074, 27648
22444, 4075
4075, 14060
11247, 4076
4076, 13480
12628, 4077
4077, 8883
25734, 4078
4078, 11403
17567, 4079
4079, 18821
21240, 4080
4080, 8898
4080, 8979
4080, 8689
13308, 4081
4081, 11589
21559, 4082
14778, 4082
10120, 4082
4082, 17457
27006, 4083
4083, 17210
13918, 4084
4084, 17007
4084, 9291
4084, 12525
21186, 4085
4085, 19902
27651, 4086
4086, 15388
21668, 4087
8675, 4087
24924, 4087
26805, 4087
17682, 4087
17015, 4087
13546, 4087
12619, 4087
13031, 4087
24056, 4087
4087, 13571
24727, 4088
4088, 10723
17728, 4089
4089, 10037
27804, 4090
4090, 26837
12262, 4091
15558, 4091
17299, 4091
23211, 4091
11889, 4091
4091, 13644
20332, 4092
17197, 4092
4092, 27133
15986, 4093
4093, 19468
20942, 4094
4094, 15874
22859, 4095
4095, 15861
11547, 4096
4096, 17181
15818, 4097
4097, 11062
12337, 4098
4098, 8600
22745, 4099
24547, 4099
10973, 4099
23919, 4099
13533, 4099
15725, 4099
23403, 4099
17556, 4099
20742, 4099
13978, 4099
4099, 18749
19215, 4100
4100, 12396
27564, 4101
4101, 20248
4101, 10082
27145, 4102
4102, 12245
12430, 4103
4103, 17560
22107, 4104
4104, 15993
22561, 4105
4105, 21296
16704, 4106
4106, 11066
11175, 4107
4107, 16400
26438, 4108
9214, 4108
15259, 4108
4108, 19322
14285, 4109
4109, 16837
18729, 4110
4110, 15326
10198, 4111
4111, 19620
15193, 4112
4112, 11241
4112, 26962
21165, 4113
4113, 11531
12975, 4114
16513, 4114
23550, 4114
25644, 4114
4114, 22666
4114, 23631
19473, 4115
4115, 10280
23029, 4116
4116, 10399
27850, 4117
4117, 17871
4117, 23999
4117, 21780
27227, 4118
4118, 20792
12337, 4119
4119, 19587
22568, 4120
4120, 20334
4120, 26818
4120, 9335
4120, 22992
15394, 4121
4121, 26059
23253, 4122
4122, 17236
20082, 4123
4123, 17239
27232, 4124
4124, 26727
23543, 4125
4125, 11309
24006, 4126
27857, 4126
4126, 26581
14940, 4127
4127, 24669
16238, 4128
4128, 27622
21489, 4129
4129, 10756
18828, 4130
27512, 4130
4130, 14984
12337, 4131
4131, 20223
12459, 4132
4132, 24201
14210, 4133
4133, 21190
17659, 4134
4134, 23910
14562, 4135
19193, 4135
18013, 4135
24730, 4135
17997, 4135
20514, 4135
22053, 4135
10586, 4135
27422, 4135
9241, 4135
16223, 4135
26442, 4135
22324, 4135
18078, 4135
27642, 4135
13645, 4135
4135, 10665
4135, 20325
11780, 4136
4136, 17080
25915, 4137
27487, 4137
14539, 4137
4137, 14652
14809, 4138
4138, 10766
17418, 4139
4139, 21135
25519, 4140
4140, 25433
12337, 4141
4141, 18603
22555, 4142
4142, 24768
11166, 4143
4143, 25712
4143, 13061
23929, 4144
4144, 21219
26520, 4145
4145, 11285
27219, 4146
4146, 23446
15416, 4147
4147, 15364
8569, 4148
4148, 8700
26428, 4149
26764, 4149
4149, 15964
9134, 4150
4150, 27372
4150, 15125
15152, 4151
4151, 20527
25281, 4152
21644, 4152
26949, 4152
16977, 4152
14901, 4152
19371, 4152
21467, 4152
18505, 4152
27313, 4152
23578, 4152
9124, 4152
18546, 4152
11309, 4152
11314, 4152
17403, 4152
17497, 4152
23717, 4152
13702, 4152
23449, 4152
27932, 4152
27201, 4152
24256, 4152
10500, 4152
16774, 4152
13292, 4152
27273, 4152
16183, 4152
22664, 4152
25784, 4152
14421, 4152
24977, 4152
11149, 4152
11385, 4152
23724, 4152
23085, 4152
17645, 4152
18492, 4152
11818, 4152
23332, 4152
15789, 4152
27140, 4152
8676, 4152
25206, 4152
21427, 4152
11933, 4152
24680, 4152
17219, 4152
12113, 4152
15821, 4152
10864, 4152
15399, 4152
19255, 4152
19666, 4152
27858, 4152
22741, 4152
20375, 4152
27765, 4152
24064, 4152
25139, 4152
17476, 4152
20281, 4152
9453, 4152
9131, 4152
12336, 4152
10223, 4152
23614, 4152
21983, 4152
25211, 4152
15962, 4152
22465, 4152
8635, 4152
17530, 4152
13344, 4152
17226, 4152
27936, 4152
26591, 4152
8589, 4152
13748, 4152
16257, 4152
20231, 4152
14980, 4152
13679, 4152
10009, 4152
25850, 4152
27922, 4152
16349, 4152
26172, 4152
9402, 4152
15546, 4152
23644, 4152
12403, 4152
11819, 4152
26451, 4152
13310, 4152
19588, 4152
24970, 4152
20154, 4152
16164, 4152
16321, 4152
26641, 4152
26785, 4152
14443, 4152
25148, 4152
23399, 4152
19392, 4152
15842, 4152
8542, 4152
15190, 4152
27459, 4152
8648, 4152
14777, 4152
24207, 4152
20913, 4152
21024, 4152
19460, 4152
11741, 4152
26022, 4152
24665, 4152
20226, 4152
20182, 4152
16881, 4152
17803, 4152
20307, 4152
25975, 4152
10221, 4152
20728, 4152
15401, 4152
12260, 4152
24755, 4152
25679, 4152
23300, 4152
13488, 4152
11352, 4152
20712, 4152
20299, 4152
19455, 4152
18495, 4152
15914, 4152
24070, 4152
15475, 4152
20875, 4152
14702, 4152
25686, 4152
25372, 4152
20168, 4152
9419, 4152
20177, 4152
9391, 4152
15474, 4152
25013, 4152
12428, 4152
12576, 4152
26207, 4152
25913, 4152
11324, 4152
27703, 4152
17999, 4152
26696, 4152
9636, 4152
9185, 4152
26908, 4152
18144, 4152
24936, 4152
21631, 4152
15523, 4152
26233, 4152
16768, 4152
25296, 4152
16985, 4152
10649, 4152
26303, 4152
12034, 4152
24388, 4152
21950, 4152
16582, 4152
21109, 4152
23832, 4152
24953, 4152
16219, 4152
21739, 4152
13811, 4152
15790, 4152
23711, 4152
27352, 4152
10239, 4152
14520, 4152
17975, 4152
10360, 4152
12334, 4152
15874, 4152
4152, 13477
27612, 4153
4153, 19446
15824, 4154
4154, 12576
9338, 4155
4155, 13480
15435, 4156
4156, 17503
16894, 4157
4157, 25518
18069, 4158
4158, 23426
11796, 4159
4159, 24290
10719, 4160
23079, 4160
4160, 14231
27082, 4161
19064, 4161
4161, 15810
8651, 4162
18173, 4162
4162, 23535
22671, 4163
4163, 15046
10932, 4164
4164, 8965
4164, 14376
25559, 4165
4165, 11370
9472, 4166
4166, 8554
21289, 4167
4167, 13305
12337, 4168
4168, 25145
21165, 4169
4169, 11531
23544, 4170
4170, 20450
12916, 4171
4171, 10423
4171, 26061
26167, 4172
4172, 19968
8583, 4173
4173, 10335
4173, 17442
24331, 4174
4174, 16074
15226, 4175
4175, 19258
4175, 13547
4175, 25402
4175, 21321
4175, 27539
4175, 23536
4175, 19173
4175, 21096
4175, 16401
4175, 9840
4175, 16067
4175, 25664
11041, 4176
4176, 9618
18654, 4177
4177, 25887
18783, 4178
4178, 22866
4178, 16028
27560, 4179
4179, 25773
10616, 4180
22224, 4180
26796, 4180
4180, 20689
16512, 4181
4181, 17203
26888, 4182
4182, 20754
27164, 4183
4183, 24022
25909, 4184
4184, 12786
16563, 4185
4185, 27620
13518, 4186
4186, 9742
16852, 4187
21546, 4187
13758, 4187
25329, 4187
4187, 24501
22065, 4188
19924, 4188
23206, 4188
24769, 4188
4188, 14328
19806, 4189
4189, 11623
14676, 4190
4190, 25396
13823, 4191
15614, 4191
4191, 19555
8816, 4192
4192, 13900
25200, 4193
4193, 8855
25570, 4194
4194, 20193
26691, 4195
4195, 26276
4195, 19934
14714, 4196
4196, 20728
18827, 4197
4197, 18904
8869, 4198
4198, 15640
24218, 4199
26878, 4199
19974, 4199
26137, 4199
16490, 4199
9204, 4199
22829, 4199
12156, 4199
19930, 4199
25695, 4199
13303, 4199
4199, 21782
13082, 4200
4200, 26037
11382, 4201
4201, 11074
4201, 18771
11851, 4202
4202, 27017
11158, 4203
4203, 9607
15232, 4204
4204, 17421
12337, 4205
4205, 27716
12436, 4206
4206, 17219
26916, 4207
4207, 21343
4207, 15170
9097, 4208
4208, 25160
20820, 4209
4209, 13674
17658, 4210
4210, 26176
19544, 4211
4211, 20274
13460, 4212
16729, 4212
13187, 4212
21294, 4212
18457, 4212
17592, 4212
8866, 4212
17450, 4212
13380, 4212
18717, 4212
22688, 4212
14392, 4212
24050, 4212
21135, 4212
8668, 4212
8792, 4212
9608, 4212
18136, 4212
9593, 4212
11612, 4212
12354, 4212
11856, 4212
25193, 4212
21501, 4212
22921, 4212
14862, 4212
27401, 4212
22402, 4212
21555, 4212
16890, 4212
23118, 4212
4212, 27018
13082, 4213
4213, 26037
12526, 4214
4214, 19673
26625, 4215
4215, 8585
4215, 24396
17308, 4216
4216, 24608
25214, 4217
4217, 16400
17655, 4218
4218, 18453
27534, 4219
4219, 23591
13543, 4220
4220, 27167
4220, 21403
4220, 20417
13807, 4221
4221, 19366
13511, 4222
4222, 15607
21585, 4223
4223, 22030
9919, 4224
4224, 18856
4224, 20948
19495, 4225
4225, 15486
4225, 15023
12502, 4226
4226, 10378
12892, 4227
4227, 11612
25318, 4228
4228, 8570
24009, 4229
4229, 22539
9446, 4230
13112, 4230
16370, 4230
24984, 4230
12195, 4230
20357, 4230
4230, 22880
15610, 4231
4231, 19008
22650, 4232
4232, 13094
11274, 4233
4233, 15436
18241, 4234
4234, 24653
12812, 4235
4235, 9344
11646, 4236
12931, 4236
4236, 21215
26111, 4237
4237, 19620
11251, 4238
4238, 12938
18797, 4239
4239, 13922
16172, 4240
4240, 10848
18553, 4241
4241, 10873
20904, 4242
4242, 17434
25908, 4243
4243, 14971
4243, 27331
27780, 4244
4244, 13282
12337, 4245
4245, 23071
8991, 4246
18844, 4246
9324, 4246
22830, 4246
25598, 4246
24147, 4246
20546, 4246
21454, 4246
13239, 4246
18000, 4246
20759, 4246
19034, 4246
15581, 4246
13169, 4246
18271, 4246
16868, 4246
11763, 4246
25502, 4246
11967, 4246
21088, 4246
14034, 4246
26918, 4246
15255, 4246
25785, 4246
18172, 4246
11727, 4246
15791, 4246
20387, 4246
11174, 4246
20958, 4246
24050, 4246
14728, 4246
14958, 4246
8664, 4246
27123, 4246
19788, 4246
25856, 4246
24556, 4246
19282, 4246
21216, 4246
9825, 4246
20981, 4246
16707, 4246
20134, 4246
13572, 4246
25247, 4246
20311, 4246
11699, 4246
14678, 4246
20011, 4246
23994, 4246
18638, 4246
24382, 4246
26862, 4246
18941, 4246
15462, 4246
14899, 4246
9427, 4246
22932, 4246
8753, 4246
14794, 4246
14942, 4246
11978, 4246
13034, 4246
9064, 4246
21953, 4246
10834, 4246
21804, 4246
11399, 4246
23197, 4246
18193, 4246
27864, 4246
24807, 4246
25303, 4246
17487, 4246
20084, 4246
26466, 4246
15181, 4246
27693, 4246
17447, 4246
10199, 4246
22256, 4246
12928, 4246
15032, 4246
11595, 4246
8498, 4246
13711, 4246
13779, 4246
15709, 4246
24681, 4246
27156, 4246
11197, 4246
16971, 4246
20883, 4246
17313, 4246
22887, 4246
15993, 4246
14607, 4246
20322, 4246
11597, 4246
22427, 4246
24816, 4246
20806, 4246
4246, 10259
21632, 4247
4247, 13620
9223, 4248
4248, 13213
4248, 23697
25088, 4249
4249, 13476
4249, 20213
17658, 4250
4250, 22540
4250, 23591
4250, 17532
4250, 17142
23929, 4251
4251, 10052
20624, 4252
4252, 25866
4252, 26341
13845, 4253
4253, 13731
13561, 4254
4254, 20911
17643, 4255
4255, 12956
26491, 4256
4256, 16490
4256, 23487
25200, 4257
4257, 8855
16545, 4258
4258, 24737
14917, 4259
24438, 4259
4259, 14129
19497, 4260
4260, 19410
12008, 4261
4261, 15163
9635, 4262
4262, 27429
21880, 4263
8830, 4263
27722, 4263
4263, 19420
15186, 4264
13806, 4264
4264, 18780
18480, 4265
4265, 21693
15148, 4266
4266, 9353
20404, 4267
4267, 12561
26680, 4268
4268, 10399
27199, 4269
4269, 21725
4269, 20859
4269, 14608
20900, 4270
4270, 15144
23742, 4271
17641, 4271
4271, 24662
4271, 27560
23949, 4272
4272, 26014
13408, 4273
4273, 17239
9958, 4274
4274, 12874
17242, 4275
4275, 23230
13266, 4276
4276, 19075
14206, 4277
4277, 22449
11306, 4278
10062, 4278
22119, 4278
4278, 26307
12019, 4279
14342, 4279
4279, 21971
24191, 4280
4280, 20414
18179, 4281
4281, 9434
23340, 4282
15077, 4282
13480, 4282
15997, 4282
16438, 4282
25008, 4282
16714, 4282
11291, 4282
11095, 4282
15794, 4282
13926, 4282
9946, 4282
24737, 4282
18983, 4282
27335, 4282
16400, 4282
24669, 4282
16925, 4282
10885, 4282
12133, 4282
13148, 4282
18288, 4282
12050, 4282
4282, 12337
4282, 20181
13293, 4283
4283, 10106
14027, 4284
4284, 19620
18573, 4285
18971, 4285
4285, 9571
12337, 4286
4286, 23893
24252, 4287
4287, 13750
13082, 4288
4288, 26037
12029, 4289
4289, 13931
17048, 4290
4290, 19122
16572, 4291
12632, 4291
4291, 15386
18479, 4292
10844, 4292
12587, 4292
4292, 13094
12651, 4293
4293, 27147
11165, 4294
21814, 4294
26578, 4294
13140, 4294
14247, 4294
16736, 4294
9052, 4294
19557, 4294
15135, 4294
19850, 4294
22310, 4294
11220, 4294
18750, 4294
13725, 4294
8925, 4294
15841, 4294
21351, 4294
4294, 17279
18665, 4295
4295, 10645
12375, 4296
13950, 4296
8876, 4296
4296, 13278
9560, 4297
4297, 17578
26015, 4298
21201, 4298
4298, 26481
22666, 4299
22479, 4299
4299, 10315
12337, 4300
4300, 15463
19823, 4301
23817, 4301
4301, 18286
23136, 4302
13094, 4302
4302, 21901
15226, 4303
4303, 19981
4303, 18126
4303, 15040
4303, 12291
4303, 19804
4303, 11014
4303, 11745
4303, 17698
4303, 10238
4303, 12967
4303, 19004
12337, 4304
4304, 19282
11607, 4305
4305, 23973
12902, 4306
4306, 13644
13785, 4307
4307, 14762
18912, 4308
4308, 19792
4308, 20315
18964, 4309
4309, 27095
14077, 4310
4310, 11752
16357, 4311
4311, 19368
12337, 4312
4312, 19587
16851, 4313
4313, 11612
12539, 4314
4314, 9018
9862, 4315
4315, 27522
24391, 4316
4316, 15308
27263, 4317
4317, 12281
17812, 4318
4318, 14223
24065, 4319
4319, 9808
27808, 4320
23020, 4320
24987, 4320
4320, 16655
8649, 4321
4321, 25424
23236, 4322
4322, 18417
15768, 4323
4323, 21924
9560, 4324
4324, 17578
12337, 4325
4325, 27936
16766, 4326
4326, 24756
25338, 4327
21281, 4327
19345, 4327
4327, 20200
13652, 4328
4328, 24669
27688, 4329
4329, 24849
15226, 4330
4330, 15948
4330, 20520
4330, 9901
4330, 26947
4330, 14883
4330, 18540
4330, 11920
23493, 4331
4331, 23876
4331, 20390
22195, 4332
26460, 4332
23312, 4332
21013, 4332
23196, 4332
26706, 4332
25961, 4332
4332, 18780
22600, 4333
4333, 11393
18185, 4334
20763, 4334
14630, 4334
25156, 4334
16721, 4334
27895, 4334
10523, 4334
24635, 4334
10093, 4334
25879, 4334
26378, 4334
17337, 4334
18669, 4334
23136, 4334
18574, 4334
4334, 10564
17923, 4335
4335, 14596
12656, 4336
4336, 8536
27031, 4337
27077, 4337
10655, 4337
16201, 4337
4337, 23717
21621, 4338
4338, 17196
25431, 4339
4339, 10112
14503, 4340
4340, 20093
4340, 22662
19182, 4341
4341, 22125
27102, 4342
4342, 13039
23051, 4343
4343, 16498
25527, 4344
4344, 13692
24668, 4345
4345, 11043
8628, 4346
4346, 11197
18143, 4347
4347, 25897
11998, 4348
4348, 9533
26804, 4349
4349, 19620
15081, 4350
4350, 10962
9228, 4351
11748, 4351
4351, 27892
24754, 4352
4352, 13748
21511, 4353
14496, 4353
4353, 12272
9305, 4354
4354, 15337
20174, 4355
4355, 10147
19522, 4356
4356, 25514
27752, 4357
4357, 15380
12270, 4358
11887, 4358
25162, 4358
4358, 8653
4358, 24677
4358, 12266
4358, 12452
4358, 22684
4358, 15520
4358, 24401
4358, 10207
4358, 14964
20274, 4359
12395, 4359
20199, 4359
4359, 14372
12337, 4360
4360, 19450
4360, 21684
26419, 4361
4361, 14392
11483, 4362
12825, 4362
23574, 4362
4362, 24343
16956, 4363
4363, 27901
12337, 4364
4364, 19490
24986, 4365
4365, 23332
19320, 4366
4366, 11727
24174, 4367
4367, 15552
24000, 4368
4368, 10009
4368, 25693
21365, 4369
4369, 9812
14828, 4370
4370, 13610
19719, 4371
4371, 13639
17660, 4372
4372, 16917
22731, 4373
4373, 17269
25030, 4374
4374, 15870
19692, 4375
27879, 4375
12470, 4375
4375, 22760
8644, 4376
11556, 4376
14493, 4376
24399, 4376
16083, 4376
4376, 21971
15847, 4377
4377, 16952
25324, 4378
4378, 10809
24638, 4379
23804, 4379
13223, 4379
8661, 4379
4379, 11846
24289, 4380
4380, 18150
18270, 4381
4381, 14862
25995, 4382
4382, 14619
21522, 4383
4383, 23890
18937, 4384
4384, 18733
4384, 18861
25506, 4385
13656, 4385
12162, 4385
17149, 4385
16525, 4385
4385, 15022
4385, 16077
4385, 20936
4385, 13184
4385, 9629
4385, 25248
4385, 15477
4385, 18098
4385, 27421
4385, 25610
4385, 8787
4385, 23880
4385, 27071
4385, 22597
4385, 16086
4385, 10124
4385, 9257
4385, 17763
4385, 10371
4385, 25403
4385, 11444
4385, 15175
4385, 18043
4385, 24348
4385, 25381
4385, 12640
4385, 14340
4385, 16555
4385, 25490
4385, 19706
4385, 24326
4385, 18283
4385, 16118
4385, 27572
4385, 17001
4385, 23991
4385, 12627
4385, 23846
4385, 23791
4385, 27116
4385, 13421
4385, 11194
4385, 8508
4385, 12321
4385, 12607
4385, 10265
4385, 25461
4385, 17172
4385, 14868
4385, 13281
4385, 27108
4385, 23112
4385, 17943
4385, 23372
4385, 27941
4385, 14574
4385, 26372
4385, 26453
4385, 25439
4385, 10089
4385, 23376
4385, 17694
4385, 26142
4385, 11036
4385, 24576
4385, 16887
10932, 4386
4386, 18472
20220, 4387
4387, 9003
27768, 4388
4388, 19620
15895, 4389
26530, 4389
8729, 4389
27573, 4389
4389, 25607
14707, 4390
4390, 12830
4390, 20817
14887, 4391
12876, 4391
16340, 4391
18440, 4391
9686, 4391
21274, 4391
25388, 4391
21695, 4391
25278, 4391
4391, 25784
25096, 4392
4392, 10401
11033, 4393
4393, 25142
16744, 4394
4394, 11222
9644, 4395
4395, 22612
27752, 4396
24852, 4396
15149, 4396
4396, 11819
26778, 4397
4397, 23360
12809, 4398
4398, 18998
4398, 10682
9656, 4399
4399, 25448
27020, 4400
20701, 4400
4400, 11265
10291, 4401
4401, 26664
13705, 4402
4402, 22884
24391, 4403
4403, 24434
26298, 4404
13746, 4404
4404, 21857
20884, 4405
4405, 19371
4405, 9969
18158, 4406
4406, 13603
12337, 4407
4407, 11296
14586, 4408
9526, 4408
15676, 4408
23631, 4408
25106, 4408
21454, 4408
14835, 4408
10768, 4408
23700, 4408
13011, 4408
10215, 4408
9957, 4408
25877, 4408
24242, 4408
23446, 4408
8600, 4408
27490, 4408
18041, 4408
10487, 4408
22183, 4408
18081, 4408
18793, 4408
8907, 4408
18847, 4408
19438, 4408
23071, 4408
10975, 4408
24892, 4408
13201, 4408
12397, 4408
17842, 4408
26746, 4408
10909, 4408
13693, 4408
24652, 4408
21446, 4408
27607, 4408
23872, 4408
26189, 4408
10131, 4408
21456, 4408
19457, 4408
9706, 4408
20434, 4408
12907, 4408
22749, 4408
21105, 4408
18674, 4408
11509, 4408
22574, 4408
14942, 4408
24343, 4408
21064, 4408
23240, 4408
15716, 4408
17440, 4408
13427, 4408
19927, 4408
21919, 4408
23590, 4408
26928, 4408
18938, 4408
20081, 4408
19640, 4408
25573, 4408
24943, 4408
13856, 4408
14249, 4408
10401, 4408
9462, 4408
9243, 4408
11829, 4408
4408, 10474
16679, 4409
4409, 21620
10711, 4410
4410, 11589
18150, 4411
14736, 4411
22976, 4411
22992, 4411
4411, 13984
20306, 4412
4412, 9765
25824, 4413
4413, 12186
18010, 4414
4414, 19624
20884, 4415
4415, 18952
20332, 4416
23893, 4416
21876, 4416
4416, 9381
20477, 4417
4417, 21293
13512, 4418
4418, 13758
19792, 4419
16263, 4419
25150, 4419
9978, 4419
15400, 4419
10725, 4419
16355, 4419
21971, 4419
26701, 4419
10809, 4419
11589, 4419
17822, 4419
13530, 4419
23477, 4419
21009, 4419
4419, 16530
11890, 4420
4420, 17263
24003, 4421
4421, 26038
24110, 4422
4422, 23076
4422, 21091
14714, 4423
4423, 26994
24033, 4424
4424, 16450
23266, 4425
4425, 16509
14809, 4426
4426, 16420
19313, 4427
4427, 22199
4427, 18336
4427, 15330
4427, 24498
4427, 14238
19600, 4428
20242, 4428
16232, 4428
26864, 4428
26348, 4428
17931, 4428
4428, 24737
14774, 4429
4429, 10632
4429, 27327
26771, 4430
20805, 4430
4430, 18925
22755, 4431
4431, 14233
19829, 4432
4432, 20530
11634, 4433
4433, 15863
20884, 4434
4434, 12585
24419, 4435
4435, 14836
10562, 4436
4436, 17339
4436, 15275
23402, 4437
4437, 16333
26052, 4438
4438, 12598
9469, 4439
4439, 26769
9896, 4440
4440, 24723
8897, 4441
4441, 14092
18377, 4442
4442, 21462
4442, 18499
17456, 4443
4443, 24441
17377, 4444
4444, 27438
26391, 4445
4445, 12801
15226, 4446
4446, 17766
4446, 13547
4446, 25855
4446, 17698
4446, 20938
4446, 10238
4446, 22203
16081, 4447
4447, 15768
20173, 4448
4448, 13079
26600, 4449
4449, 23465
16662, 4450
4450, 27858
13524, 4451
4451, 19897
26402, 4452
14725, 4452
10049, 4452
16611, 4452
17268, 4452
22005, 4452
16000, 4452
19637, 4452
4452, 12562
12337, 4453
4453, 9267
16802, 4454
4454, 19053
4454, 21442
19772, 4455
4455, 23974
4455, 22479
8637, 4456
22957, 4456
22993, 4456
4456, 8697
10743, 4457
4457, 13993
4457, 24278
15504, 4458
4458, 19556
14174, 4459
4459, 22644
4459, 18976
21505, 4460
4460, 9164
25409, 4461
4461, 24737
9715, 4462
4462, 26284
19964, 4463
23893, 4463
4463, 19516
25680, 4464
25996, 4464
4464, 17878
17020, 4465
4465, 14362
21198, 4466
4466, 17283
17448, 4467
4467, 15774
27787, 4468
4468, 18505
12337, 4469
4469, 18065
23082, 4470
4470, 17510
22621, 4471
4471, 20074
10596, 4472
4472, 18722
8996, 4473
4473, 21488
12337, 4474
4474, 13410
12449, 4475
4475, 25834
16301, 4476
27125, 4476
20587, 4476
24812, 4476
4476, 15694
4476, 10885
21486, 4477
4477, 17229
25363, 4478
4478, 11936
16571, 4479
4479, 12699
14612, 4480
15021, 4480
19027, 4480
22542, 4480
25278, 4480
4480, 26963
4480, 18022
23693, 4481
4481, 25806
9397, 4482
4482, 16192
14950, 4483
4483, 13716
4483, 16749
21875, 4484
4484, 19322
26713, 4485
4485, 9836
9534, 4486
21671, 4486
4486, 10215
16268, 4487
4487, 25681
25222, 4488
18036, 4488
4488, 20774
21399, 4489
4489, 10999
14560, 4490
9873, 4490
21668, 4490
23673, 4490
12157, 4490
22156, 4490
13448, 4490
21060, 4490
4490, 15471
11333, 4491
4491, 9391
15553, 4492
4492, 26541
20184, 4493
4493, 19675
25498, 4494
4494, 25907
11116, 4495
4495, 25039
4495, 21192
4495, 26289
11096, 4496
4496, 16985
14718, 4497
14378, 4497
4497, 16143
21668, 4498
12732, 4498
8475, 4498
10994, 4498
16348, 4498
20095, 4498
21613, 4498
12619, 4498
22286, 4498
17222, 4498
10908, 4498
18058, 4498
25393, 4498
4498, 15403
4498, 14932
16785, 4499
4499, 15565
25530, 4500
14973, 4500
15492, 4500
9979, 4500
10600, 4500
21759, 4500
4500, 21637
4500, 23053
15568, 4501
4501, 20201
20995, 4502
4502, 13937
25102, 4503
4503, 13175
11279, 4504
27106, 4504
4504, 20740
14024, 4505
4505, 15125
21890, 4506
4506, 13094
21729, 4507
4507, 22801
12337, 4508
4508, 24889
19848, 4509
21833, 4509
10273, 4509
14359, 4509
23200, 4509
4509, 16303
18729, 4510
4510, 18060
21302, 4511
4511, 24737
19611, 4512
4512, 14628
24575, 4513
4513, 15453
23651, 4514
4514, 11781
21787, 4515
4515, 24441
10750, 4516
4516, 18304
4516, 10313
26221, 4517
4517, 8584
22487, 4518
4518, 13121
12337, 4519
4519, 9295
4519, 25303
20117, 4520
10280, 4520
25768, 4520
26709, 4520
10788, 4520
24669, 4520
22441, 4520
23641, 4520
24160, 4520
8559, 4520
12098, 4520
25699, 4520
25323, 4520
4520, 8998
4520, 12337
11370, 4521
4521, 22226
23749, 4522
4522, 15949
17068, 4523
4523, 14450
15300, 4524
4524, 9077
20944, 4525
4525, 8518
4525, 10926
4525, 11841
8919, 4526
25443, 4526
4526, 10455
12814, 4527
4527, 25077
26629, 4528
21748, 4528
20675, 4528
4528, 9908
17346, 4529
17004, 4529
4529, 15198
10164, 4530
4530, 22227
8822, 4531
4531, 24914
14771, 4532
4532, 25361
24221, 4533
4533, 11969
23290, 4534
4534, 20281
4534, 9718
9068, 4535
4535, 12231
11645, 4536
4536, 11277
16277, 4537
4537, 9831
11919, 4538
4538, 19855
16899, 4539
4539, 23591
14482, 4540
4540, 27486
20915, 4541
14094, 4541
4541, 20695
13457, 4542
4542, 9326
14742, 4543
26532, 4543
4543, 19657
25005, 4544
4544, 20601
16906, 4545
4545, 9307
4545, 19640
24391, 4546
4546, 13904
19265, 4547
4547, 24795
4547, 18529
4547, 13571
12281, 4548
22553, 4548
4548, 27094
21419, 4549
4549, 27674
25278, 4550
4550, 15574
11625, 4551
4551, 27942
21588, 4552
13719, 4552
4552, 27352
25278, 4553
4553, 19355
9104, 4554
4554, 10434
10344, 4555
4555, 18308
19094, 4556
21894, 4556
15155, 4556
4556, 27866
15355, 4557
12423, 4557
15499, 4557
22802, 4557
21358, 4557
4557, 26532
4557, 20122
26956, 4558
4558, 11241
21160, 4559
4559, 10789
23945, 4560
4560, 20637
12151, 4561
22019, 4561
11102, 4561
4561, 24226
14876, 4562
4562, 15482
11270, 4563
4563, 13716
4563, 15713
12914, 4564
4564, 25968
19783, 4565
4565, 24036
19065, 4566
4566, 16080
4566, 23519
9915, 4567
20513, 4567
15714, 4567
10024, 4567
13751, 4567
24159, 4567
12071, 4567
21422, 4567
17462, 4567
18311, 4567
27801, 4567
21498, 4567
23129, 4567
14321, 4567
10143, 4567
16964, 4567
16818, 4567
17484, 4567
27543, 4567
10429, 4567
12276, 4567
16845, 4567
25279, 4567
22288, 4567
17384, 4567
18326, 4567
21905, 4567
26968, 4567
16091, 4567
19292, 4567
25188, 4567
10990, 4567
19765, 4567
20058, 4567
12462, 4567
16377, 4567
25697, 4567
15745, 4567
8694, 4567
20963, 4567
19324, 4567
19248, 4567
15591, 4567
19188, 4567
26151, 4567
16029, 4567
10096, 4567
19723, 4567
20881, 4567
23128, 4567
4567, 21299
20884, 4568
4568, 20712
19502, 4569
4569, 21170
18748, 4570
4570, 26457
4570, 19223
27364, 4571
4571, 21699
25672, 4572
4572, 21630
23929, 4573
4573, 21500
21424, 4574
4574, 27703
19680, 4575
4575, 13740
22891, 4576
4576, 17147
18389, 4577
4577, 16732
21818, 4578
4578, 25238
4578, 10624
16798, 4579
18184, 4579
4579, 25793
12888, 4580
4580, 20831
22748, 4581
4581, 16527
20145, 4582
4582, 21216
17791, 4583
12060, 4583
4583, 13352
18373, 4584
4584, 22205
17856, 4585
16888, 4585
4585, 19938
13775, 4586
4586, 22595
24989, 4587
4587, 10651
21165, 4588
4588, 16645
8903, 4589
4589, 18677
25135, 4590
4590, 21723
27223, 4591
4591, 22479
14730, 4592
4592, 8830
4592, 22553
23191, 4593
4593, 22985
4593, 9085
24493, 4594
4594, 13967
27804, 4595
4595, 22376
11938, 4596
4596, 17189
19844, 4597
4597, 17953
4597, 16613
20049, 4598
18746, 4598
22535, 4598
25779, 4598
23939, 4598
24229, 4598
17514, 4598
14724, 4598
20153, 4598
18575, 4598
18640, 4598
24603, 4598
23982, 4598
14025, 4598
11122, 4598
8848, 4598
12518, 4598
17859, 4598
15310, 4598
16292, 4598
25740, 4598
13793, 4598
10774, 4598
22075, 4598
25765, 4598
15783, 4598
20746, 4598
9184, 4598
16828, 4598
27173, 4598
20436, 4598
8487, 4598
10312, 4598
19512, 4598
24951, 4598
13595, 4598
25152, 4598
21605, 4598
18934, 4598
9844, 4598
13915, 4598
26471, 4598
13609, 4598
10773, 4598
24942, 4598
24703, 4598
10214, 4598
10191, 4598
19830, 4598
26749, 4598
19713, 4598
26157, 4598
21792, 4598
23599, 4598
9604, 4598
11816, 4598
12135, 4598
24341, 4598
20190, 4598
15557, 4598
22178, 4598
20836, 4598
23088, 4598
9090, 4598
23995, 4598
13433, 4598
16347, 4598
9091, 4598
23835, 4598
20987, 4598
9893, 4598
19545, 4598
11456, 4598
12629, 4598
23935, 4598
23024, 4598
18367, 4598
15406, 4598
26693, 4598
9217, 4598
17640, 4598
14365, 4598
8537, 4598
20636, 4598
19461, 4598
14404, 4598
14107, 4598
13465, 4598
11263, 4598
15483, 4598
15919, 4598
23469, 4598
9450, 4598
19527, 4598
18194, 4598
16282, 4598
15958, 4598
21493, 4598
17364, 4598
23884, 4598
18853, 4598
27480, 4598
18518, 4598
20585, 4598
20068, 4598
8774, 4598
24766, 4598
20462, 4598
18315, 4598
20374, 4598
11981, 4598
15697, 4598
21101, 4598
10391, 4598
16408, 4598
24654, 4598
15588, 4598
9853, 4598
19845, 4598
16891, 4598
24156, 4598
14658, 4598
10305, 4598
9459, 4598
27075, 4598
25946, 4598
9899, 4598
26474, 4598
18995, 4598
24052, 4598
12633, 4598
22693, 4598
13458, 4598
11171, 4598
17709, 4598
15525, 4598
12844, 4598
13841, 4598
25842, 4598
24922, 4598
27793, 4598
10340, 4598
21318, 4598
14403, 4598
23137, 4598
23669, 4598
27387, 4598
19856, 4598
22494, 4598
10640, 4598
16614, 4598
26168, 4598
24131, 4598
4598, 17126
4598, 8955
4598, 14007
4598, 9162
4598, 22207
4598, 14174
25141, 4599
4599, 8635
18887, 4600
4600, 18876
22509, 4601
18279, 4601
4601, 9374
8601, 4602
4602, 20525
24391, 4603
4603, 12800
14412, 4604
4604, 20701
24331, 4605
4605, 16314
27289, 4606
4606, 19325
10244, 4607
25278, 4607
4607, 19149
26846, 4608
4608, 12808
10457, 4609
4609, 13083
19923, 4610
4610, 20333
17256, 4611
9151, 4611
4611, 23448
20866, 4612
4612, 25516
10411, 4613
11929, 4613
4613, 22319
21108, 4614
4614, 11876
4614, 21549
23911, 4615
19846, 4615
15206, 4615
14636, 4615
19126, 4615
19916, 4615
22406, 4615
15981, 4615
14901, 4615
8653, 4615
24701, 4615
15237, 4615
24088, 4615
13294, 4615
26201, 4615
25306, 4615
21094, 4615
26390, 4615
8952, 4615
15371, 4615
24677, 4615
13685, 4615
18033, 4615
13252, 4615
21356, 4615
11029, 4615
21219, 4615
26729, 4615
20552, 4615
14109, 4615
14788, 4615
21936, 4615
13133, 4615
22237, 4615
16183, 4615
19756, 4615
11037, 4615
8491, 4615
9768, 4615
15974, 4615
24094, 4615
25275, 4615
10501, 4615
16320, 4615
17645, 4615
23783, 4615
15789, 4615
11360, 4615
21003, 4615
16223, 4615
22690, 4615
27649, 4615
12478, 4615
21095, 4615
9675, 4615
11443, 4615
15513, 4615
10398, 4615
24015, 4615
10389, 4615
21997, 4615
18097, 4615
24559, 4615
14483, 4615
10339, 4615
23416, 4615
14953, 4615
9764, 4615
12266, 4615
9135, 4615
19642, 4615
17453, 4615
26292, 4615
19979, 4615
27869, 4615
13111, 4615
25304, 4615
27855, 4615
24001, 4615
19821, 4615
23902, 4615
25195, 4615
8948, 4615
11940, 4615
21401, 4615
12005, 4615
19559, 4615
27325, 4615
16753, 4615
15750, 4615
16345, 4615
8778, 4615
21883, 4615
25854, 4615
22810, 4615
19361, 4615
12452, 4615
17870, 4615
24409, 4615
16391, 4615
12054, 4615
26185, 4615
15746, 4615
20618, 4615
14438, 4615
21570, 4615
12288, 4615
26650, 4615
8901, 4615
18609, 4615
22684, 4615
18078, 4615
23424, 4615
17112, 4615
15301, 4615
20498, 4615
18504, 4615
14981, 4615
17997, 4615
26986, 4615
14882, 4615
14254, 4615
20540, 4615
22041, 4615
27910, 4615
23843, 4615
14083, 4615
24104, 4615
11426, 4615
23105, 4615
17661, 4615
16182, 4615
25168, 4615
20087, 4615
21534, 4615
20842, 4615
15509, 4615
24808, 4615
21904, 4615
10407, 4615
12605, 4615
15153, 4615
17186, 4615
24401, 4615
18792, 4615
21134, 4615
20978, 4615
19751, 4615
20088, 4615
22072, 4615
11308, 4615
27352, 4615
14866, 4615
23969, 4615
26521, 4615
10207, 4615
18419, 4615
25327, 4615
14964, 4615
10253, 4615
19166, 4615
21601, 4615
21109, 4615
13282, 4615
12227, 4615
14513, 4615
9948, 4615
11953, 4615
22655, 4615
18218, 4615
19489, 4615
16857, 4615
10586, 4615
21369, 4615
17769, 4615
13735, 4615
18890, 4615
4615, 20325
23396, 4616
4616, 9421
24852, 4617
4617, 25725
13831, 4618
4618, 22712
18082, 4619
4619, 20553
9958, 4620
14482, 4620
4620, 21092
12741, 4621
4621, 14744
15226, 4622
4622, 10608
4622, 26972
4622, 18747
4622, 12999
4622, 16012
10818, 4623
4623, 25226
15666, 4624
4624, 18690
10643, 4625
4625, 22036
16583, 4626
4626, 9191
4626, 25952
4626, 18271
22931, 4627
4627, 19784
8496, 4628
4628, 21454
9658, 4629
13631, 4629
14006, 4629
4629, 17414
13289, 4630
4630, 27057
25396, 4631
20019, 4631
9291, 4631
25414, 4631
4631, 21993
26199, 4632
11907, 4632
4632, 22651
25278, 4633
4633, 9615
10686, 4634
4634, 23150
15420, 4635
4635, 19447
17927, 4636
4636, 14911
4636, 8526
21847, 4637
21354, 4637
18524, 4637
26104, 4637
8476, 4637
4637, 14780
22016, 4638
4638, 14901
17537, 4639
4639, 24360
8873, 4640
4640, 14656
12331, 4641
4641, 27216
27823, 4642
25798, 4642
8881, 4642
9618, 4642
24784, 4642
9456, 4642
10950, 4642
25887, 4642
20155, 4642
19080, 4642
22164, 4642
25145, 4642
26333, 4642
14440, 4642
11514, 4642
22493, 4642
18384, 4642
18257, 4642
22794, 4642
20127, 4642
14683, 4642
20665, 4642
19519, 4642
25464, 4642
18274, 4642
26879, 4642
26379, 4642
18778, 4642
15294, 4642
25482, 4642
17269, 4642
23239, 4642
15692, 4642
10880, 4642
10131, 4642
19254, 4642
25896, 4642
16117, 4642
26623, 4642
20774, 4642
27845, 4642
10385, 4642
13410, 4642
9983, 4642
14448, 4642
14709, 4642
14170, 4642
19377, 4642
24985, 4642
17356, 4642
18332, 4642
15569, 4642
13265, 4642
26344, 4642
22006, 4642
24608, 4642
8706, 4642
22391, 4642
26942, 4642
24734, 4642
24467, 4642
19220, 4642
27310, 4642
4642, 12618
26222, 4643
13599, 4643
4643, 26097
4643, 11585
4643, 13675
4643, 22081
4643, 8549
4643, 18972
4643, 24782
18928, 4644
4644, 19247
15100, 4645
4645, 25479
22235, 4646
4646, 21293
25841, 4647
23859, 4647
12466, 4647
15274, 4647
4647, 16522
19000, 4648
4648, 19215
4648, 22199
4648, 14484
16922, 4649
4649, 23085
8953, 4650
14415, 4650
4650, 17483
9903, 4651
4651, 18450
18658, 4652
4652, 19382
16543, 4653
4653, 20843
9359, 4654
4654, 15330
13345, 4655
4655, 9523
19827, 4656
4656, 24434
26756, 4657
4657, 12928
13385, 4658
4658, 10786
16492, 4659
4659, 20759
14809, 4660
4660, 17248
21885, 4661
4661, 8742
17131, 4662
4662, 26751
12542, 4663
4663, 16198
9503, 4664
4664, 21998
17006, 4665
4665, 15120
4665, 10780
4665, 9230
4665, 17995
4665, 17595
27112, 4666
4666, 25686
26711, 4667
4667, 20435
9223, 4668
4668, 21357
21610, 4669
4669, 12413
4669, 10068
4669, 25156
4669, 25591
9630, 4670
18191, 4670
12698, 4670
4670, 23330
23555, 4671
11053, 4671
4671, 25781
20506, 4672
4672, 21364
14849, 4673
4673, 24449
23552, 4674
4674, 15949
21054, 4675
4675, 19037
20884, 4676
4676, 22784
11849, 4677
17304, 4677
18150, 4677
15869, 4677
4677, 14591
20048, 4678
26863, 4678
8730, 4678
12309, 4678
18390, 4678
17279, 4678
12197, 4678
10052, 4678
4678, 12337
4678, 19261
25990, 4679
4679, 16999
11769, 4680
4680, 12963
21728, 4681
4681, 24312
8662, 4682
4682, 15998
12542, 4683
4683, 22909
11710, 4684
19620, 4684
4684, 16331
9451, 4685
4685, 21336
12337, 4686
4686, 15375
19754, 4687
4687, 10632
4687, 27327
18712, 4688
4688, 26340
19074, 4689
4689, 23820
19896, 4690
4690, 9497
22477, 4691
4691, 11631
27348, 4692
13747, 4692
25278, 4692
4692, 20806
25917, 4693
4693, 27174
25056, 4694
4694, 26949
27927, 4695
4695, 16064
24065, 4696
4696, 16074
16711, 4697
4697, 20831
26266, 4698
4698, 14628
15603, 4699
4699, 27247
26381, 4700
19735, 4700
9928, 4700
27604, 4700
18999, 4700
14516, 4700
8895, 4700
14226, 4700
15157, 4700
11628, 4700
13710, 4700
21023, 4700
19981, 4700
15737, 4700
26605, 4700
27207, 4700
9803, 4700
15445, 4700
12548, 4700
27339, 4700
23947, 4700
17948, 4700
18410, 4700
18126, 4700
18132, 4700
22703, 4700
26723, 4700
16078, 4700
16652, 4700
14279, 4700
25433, 4700
18558, 4700
24192, 4700
25402, 4700
20276, 4700
25617, 4700
11195, 4700
18024, 4700
27610, 4700
10280, 4700
10331, 4700
16407, 4700
19849, 4700
17885, 4700
23502, 4700
19986, 4700
16511, 4700
14582, 4700
26877, 4700
13418, 4700
13277, 4700
19140, 4700
26920, 4700
10588, 4700
24711, 4700
15052, 4700
17092, 4700
27865, 4700
8657, 4700
20485, 4700
19204, 4700
22641, 4700
19434, 4700
21502, 4700
18986, 4700
19322, 4700
21685, 4700
8584, 4700
22597, 4700
15303, 4700
10174, 4700
18988, 4700
24201, 4700
17700, 4700
20947, 4700
25730, 4700
21321, 4700
11790, 4700
11377, 4700
12390, 4700
19476, 4700
22969, 4700
9257, 4700
27559, 4700
22883, 4700
17763, 4700
12935, 4700
19804, 4700
9674, 4700
25343, 4700
10706, 4700
20139, 4700
14661, 4700
15694, 4700
9395, 4700
18642, 4700
13827, 4700
26985, 4700
24348, 4700
22319, 4700
10565, 4700
11181, 4700
23261, 4700
25373, 4700
16449, 4700
27771, 4700
19794, 4700
10898, 4700
25381, 4700
14505, 4700
16255, 4700
25504, 4700
16783, 4700
17480, 4700
18983, 4700
21343, 4700
24959, 4700
18630, 4700
22491, 4700
26847, 4700
22115, 4700
12944, 4700
27369, 4700
16067, 4700
16697, 4700
20682, 4700
26803, 4700
22954, 4700
10022, 4700
8742, 4700
19148, 4700
21390, 4700
12848, 4700
25664, 4700
25354, 4700
10999, 4700
12788, 4700
25320, 4700
11126, 4700
27769, 4700
12562, 4700
10105, 4700
9380, 4700
18083, 4700
23846, 4700
27941, 4700
13281, 4700
12640, 4700
16118, 4700
10089, 4700
11036, 4700
11194, 4700
23791, 4700
16555, 4700
14868, 4700
23991, 4700
27572, 4700
8508, 4700
10265, 4700
18720, 4700
14864, 4700
22217, 4700
26947, 4700
16171, 4700
25426, 4700
12993, 4700
16874, 4700
23660, 4700
26311, 4700
24119, 4700
21357, 4700
18339, 4700
12802, 4700
26205, 4700
26792, 4700
19898, 4700
14526, 4700
9765, 4700
14447, 4700
8900, 4700
14457, 4700
11920, 4700
12120, 4700
18627, 4700
18511, 4700
20854, 4700
15311, 4700
27168, 4700
25963, 4700
14665, 4700
22930, 4700
9102, 4700
11068, 4700
17080, 4700
26773, 4700
13619, 4700
22411, 4700
24569, 4700
20529, 4700
12764, 4700
27620, 4700
14546, 4700
17529, 4700
23879, 4700
26576, 4700
22995, 4700
11125, 4700
12598, 4700
10097, 4700
19838, 4700
24669, 4700
20236, 4700
13486, 4700
13318, 4700
21680, 4700
16672, 4700
16887, 4700
25980, 4700
16595, 4700
17039, 4700
20205, 4700
14631, 4700
21932, 4700
25486, 4700
27249, 4700
16710, 4700
24737, 4700
13820, 4700
20977, 4700
18992, 4700
14873, 4700
12507, 4700
16591, 4700
11987, 4700
8728, 4700
24753, 4700
13946, 4700
18581, 4700
8794, 4700
9796, 4700
25699, 4700
24999, 4700
26938, 4700
17081, 4700
23666, 4700
24204, 4700
12434, 4700
13674, 4700
24490, 4700
8483, 4700
10381, 4700
16928, 4700
18888, 4700
18472, 4700
26150, 4700
26646, 4700
14979, 4700
24531, 4700
8868, 4700
20598, 4700
27327, 4700
17693, 4700
17503, 4700
9147, 4700
10238, 4700
21299, 4700
16002, 4700
15188, 4700
10112, 4700
14863, 4700
23484, 4700
13237, 4700
21297, 4700
15304, 4700
14281, 4700
20423, 4700
23855, 4700
17115, 4700
9881, 4700
13936, 4700
19327, 4700
11836, 4700
10842, 4700
9908, 4700
18874, 4700
27275, 4700
25615, 4700
26288, 4700
9174, 4700
10979, 4700
11415, 4700
23681, 4700
26810, 4700
14132, 4700
11776, 4700
13519, 4700
13614, 4700
21809, 4700
17393, 4700
17283, 4700
18155, 4700
19709, 4700
25931, 4700
10222, 4700
12676, 4700
21608, 4700
11168, 4700
18226, 4700
24814, 4700
19724, 4700
9099, 4700
23623, 4700
21552, 4700
13958, 4700
9065, 4700
18446, 4700
24927, 4700
12682, 4700
17045, 4700
14294, 4700
25777, 4700
19663, 4700
10923, 4700
20711, 4700
23069, 4700
27514, 4700
27866, 4700
25445, 4700
18018, 4700
24329, 4700
8930, 4700
10632, 4700
4700, 12337
4700, 24641
24802, 4701
4701, 19053
19081, 4702
4702, 13925
9569, 4703
4703, 19322
11069, 4704
9079, 4704
20722, 4704
19238, 4704
4704, 17930
19565, 4705
4705, 8535
18767, 4706
4706, 18791
12542, 4707
4707, 27620
24827, 4708
4708, 16157
11611, 4709
4709, 19418
9458, 4710
4710, 18459
12337, 4711
4711, 26463
14876, 4712
4712, 10595
15929, 4713
4713, 12904
22049, 4714
10025, 4714
11821, 4714
26818, 4714
22429, 4714
19699, 4714
27574, 4714
20694, 4714
13496, 4714
14744, 4714
26962, 4714
12240, 4714
21889, 4714
4714, 17634
16137, 4715
4715, 9614
20329, 4716
11005, 4716
4716, 27696
22867, 4717
4717, 23041
14553, 4718
4718, 13622
14366, 4719
4719, 10105
26119, 4720
12128, 4720
4720, 23609
9007, 4721
4721, 10022
9137, 4722
4722, 19652
21458, 4723
4723, 17838
4723, 26001
13744, 4724
4724, 18619
15582, 4725
18473, 4725
10966, 4725
11791, 4725
14577, 4725
19453, 4725
4725, 10842
4725, 17113
27456, 4726
4726, 10001
19847, 4727
4727, 14561
15130, 4728
27624, 4728
4728, 18207
12337, 4729
4729, 20199
15485, 4730
4730, 12294
11116, 4731
4731, 16109
11944, 4732
11896, 4732
25861, 4732
16466, 4732
4732, 18265
23187, 4733
4733, 25896
12337, 4734
4734, 24182
4734, 13515
10452, 4735
4735, 20465
13833, 4736
4736, 20981
26499, 4737
4737, 26190
4737, 24869
13770, 4738
12616, 4738
4738, 23005
14809, 4739
4739, 10895
8731, 4740
4740, 17442
24074, 4741
17236, 4741
4741, 27509
18729, 4742
14482, 4742
4742, 17564
27773, 4743
15411, 4743
13794, 4743
16570, 4743
22686, 4743
26090, 4743
11449, 4743
25441, 4743
9489, 4743
14772, 4743
18512, 4743
17806, 4743
4743, 14015
17006, 4744
4744, 16675
4744, 17595
11250, 4745
4745, 17856
12082, 4746
4746, 11363
17988, 4747
4747, 17726
18777, 4748
26237, 4748
4748, 22410
15949, 4749
13758, 4749
4749, 21899
11040, 4750
4750, 9159
26414, 4751
4751, 21880
23575, 4752
4752, 20682
13286, 4753
4753, 22076
26088, 4754
4754, 27428
23430, 4755
4755, 15141
4755, 26841
4755, 27345
4755, 18830
20530, 4756
27197, 4756
10062, 4756
9748, 4756
13428, 4756
4756, 24178
13052, 4757
4757, 18534
26450, 4758
4758, 16552
23405, 4759
4759, 27789
26327, 4760
26682, 4760
10967, 4760
18028, 4760
4760, 16279
17429, 4761
22780, 4761
4761, 10918
9958, 4762
4762, 9047
21169, 4763
4763, 23465
23812, 4764
4764, 9586
22205, 4765
26378, 4765
4765, 13279
17109, 4766
4766, 9456
18676, 4767
4767, 26546
21143, 4768
4768, 11067
21860, 4769
4769, 27947
13082, 4770
4770, 26037
11116, 4771
4771, 23190
4771, 21747
12338, 4772
4772, 15842
27726, 4773
4773, 25689
21165, 4774
4774, 17288
15891, 4775
8496, 4775
12810, 4775
4775, 21454
10252, 4776
4776, 23420
16630, 4777
4777, 12156
14380, 4778
4778, 24021
25093, 4779
4779, 14932
11128, 4780
4780, 25323
16015, 4781
23809, 4781
22016, 4781
4781, 14901
27197, 4782
4782, 23830
9813, 4783
4783, 19409
8562, 4784
4784, 24531
26338, 4785
4785, 19781
27877, 4786
26138, 4786
24468, 4786
4786, 14609
4786, 12337
18729, 4787
4787, 16058
9600, 4788
12417, 4788
4788, 25593
23740, 4789
4789, 18511
4789, 23774
16980, 4790
17065, 4790
4790, 26065
14128, 4791
4791, 13226
11788, 4792
4792, 26938
20879, 4793
4793, 23446
24309, 4794
26988, 4794
4794, 23535
12889, 4795
4795, 9781
19054, 4796
4796, 23561
17784, 4797
4797, 16360
10099, 4798
4798, 11125
27841, 4799
4799, 12907
10623, 4800
4800, 10112
16935, 4801
4801, 20641
12843, 4802
4802, 12335
27413, 4803
4803, 19156
20176, 4804
8548, 4804
4804, 23212
11989, 4805
18380, 4805
4805, 15723
26375, 4806
4806, 10803
12337, 4807
4807, 9122
15815, 4808
4808, 18320
20548, 4809
4809, 23760
14159, 4810
4810, 15054
18907, 4811
4811, 11829
19466, 4812
4812, 11326
14714, 4813
4813, 16004
19154, 4814
4814, 26150
20816, 4815
4815, 27723
10356, 4816
4816, 20490
17952, 4817
24476, 4817
4817, 11965
15835, 4818
4818, 19575
17232, 4819
4819, 14978
21414, 4820
4820, 19322
13929, 4821
16859, 4821
4821, 25588
22577, 4822
4822, 15337
9310, 4823
4823, 25331
27585, 4824
4824, 16661
4824, 13620
4824, 20633
4824, 14044
19792, 4825
9833, 4825
4825, 16825
11451, 4826
4826, 13444
15777, 4827
4827, 27537
16101, 4828
4828, 14296
9884, 4829
4829, 8522
4829, 16698
11844, 4830
22199, 4830
27512, 4830
20674, 4830
4830, 18333
21616, 4831
4831, 13983
8711, 4832
4832, 27508
19946, 4833
27656, 4833
19650, 4833
11689, 4833
12721, 4833
18770, 4833
26898, 4833
17412, 4833
10380, 4833
27588, 4833
13874, 4833
27361, 4833
9442, 4833
20622, 4833
14927, 4833
15679, 4833
23101, 4833
4833, 20801
12337, 4834
4834, 23205
11041, 4835
4835, 9548
12337, 4836
4836, 14629
15847, 4837
4837, 20541
13988, 4838
16725, 4838
4838, 18631
10882, 4839
4839, 10239
25030, 4840
4840, 15870
15754, 4841
4841, 22518
14809, 4842
4842, 27677
16969, 4843
4843, 9918
12337, 4844
4844, 25808
13664, 4845
4845, 19312
10949, 4846
4846, 19215
25566, 4847
4847, 12444
25638, 4848
13846, 4848
4848, 9228
10623, 4849
4849, 24737
8716, 4850
4850, 8565
13183, 4851
4851, 24355
25622, 4852
16072, 4852
15973, 4852
9170, 4852
10697, 4852
21755, 4852
27799, 4852
25732, 4852
15079, 4852
17799, 4852
16008, 4852
17849, 4852
11340, 4852
15739, 4852
14848, 4852
18507, 4852
12296, 4852
25417, 4852
17349, 4852
10971, 4852
15498, 4852
16427, 4852
15696, 4852
4852, 9765
12337, 4853
4853, 14777
25566, 4854
4854, 15161
9461, 4855
16462, 4855
4855, 24170
13990, 4856
4856, 12153
25875, 4857
4857, 14526
24338, 4858
4858, 26457
4858, 9623
4858, 19082
4858, 16610
9477, 4859
4859, 12643
20288, 4860
4860, 13201
21789, 4861
4861, 16613
4861, 18457
10555, 4862
4862, 18821
12337, 4863
4863, 24838
9355, 4864
4864, 22282
4864, 23471
11115, 4865
4865, 12956
23653, 4866
4866, 23837
13859, 4867
4867, 12730
4867, 8841
12130, 4868
4868, 27259
22809, 4869
4869, 25997
15549, 4870
12745, 4870
24794, 4870
4870, 14379
15707, 4871
4871, 10043
14647, 4872
15272, 4872
4872, 10573
17544, 4873
4873, 17565
12231, 4874
18450, 4874
4874, 25857
14717, 4875
4875, 13413
15365, 4876
4876, 18918
18510, 4877
4877, 26276
21177, 4878
4878, 9328
14514, 4879
4879, 24328
17267, 4880
4880, 20633
23224, 4881
4881, 12156
14358, 4882
4882, 18384
21070, 4883
4883, 27398
20661, 4884
4884, 20694
9277, 4885
4885, 19215
25397, 4886
4886, 12838
4886, 24469
4886, 9944
10620, 4887
4887, 18045
14955, 4888
4888, 13663
8658, 4889
25800, 4889
4889, 13890
25038, 4890
4890, 24240
12188, 4891
4891, 9854
20969, 4892
16229, 4892
9541, 4892
4892, 16060
25224, 4893
4893, 11419
17651, 4894
4894, 20669
22660, 4895
4895, 15156
21379, 4896
22629, 4896
4896, 10424
16954, 4897
4897, 14578
26173, 4898
14633, 4898
8967, 4898
23636, 4898
22026, 4898
4898, 22445
21165, 4899
4899, 17316
25278, 4900
4900, 27922
12775, 4901
4901, 17893
26143, 4902
4902, 20206
20884, 4903
4903, 20177
16482, 4904
4904, 27849
18188, 4905
23571, 4905
4905, 24491
12007, 4906
4906, 17372
25548, 4907
9008, 4907
4907, 16040
9864, 4908
16147, 4908
4908, 15474
4908, 25013
15760, 4909
4909, 20633
4909, 10001
4909, 22300
18641, 4910
4910, 24016
9430, 4911
4911, 22003
11696, 4912
4912, 11992
9688, 4913
19628, 4913
16366, 4913
18484, 4913
17437, 4913
26537, 4913
15899, 4913
9356, 4913
8627, 4913
18749, 4913
25245, 4913
27600, 4913
9601, 4913
14064, 4913
27174, 4913
13879, 4913
27856, 4913
18565, 4913
9937, 4913
22857, 4913
9256, 4913
20568, 4913
15609, 4913
14461, 4913
11363, 4913
10779, 4913
18677, 4913
13919, 4913
12854, 4913
21403, 4913
9516, 4913
26243, 4913
16452, 4913
11062, 4913
20417, 4913
20507, 4913
26901, 4913
19422, 4913
11215, 4913
10810, 4913
13468, 4913
13306, 4913
22313, 4913
13264, 4913
14855, 4913
25303, 4913
12013, 4913
23897, 4913
23080, 4913
14280, 4913
26616, 4913
24035, 4913
27149, 4913
16719, 4913
11246, 4913
18861, 4913
11928, 4913
21797, 4913
23487, 4913
14637, 4913
23504, 4913
19382, 4913
8514, 4913
12658, 4913
10944, 4913
24894, 4913
14961, 4913
26506, 4913
4913, 17526
12606, 4914
4914, 19237
11406, 4915
4915, 22365
12370, 4916
4916, 10453
20879, 4917
4917, 23446
26614, 4918
4918, 26218
19562, 4919
4919, 26863
11465, 4920
16852, 4920
4920, 23765
12583, 4921
4921, 23108
24018, 4922
4922, 13508
10939, 4923
4923, 11493
14284, 4924
4924, 24669
13761, 4925
4925, 26219
14832, 4926
4926, 20168
18775, 4927
4927, 17613
21784, 4928
4928, 21429
11756, 4929
4929, 17997
13390, 4930
4930, 9391
9331, 4931
4931, 11013
11465, 4932
26818, 4932
8597, 4932
4932, 9968
17707, 4933
4933, 19156
21385, 4934
9958, 4934
16238, 4934
4934, 8585
23158, 4935
20805, 4935
4935, 27883
10969, 4936
18757, 4936
4936, 23663
13844, 4937
4937, 24688
14543, 4938
4938, 19354
17728, 4939
4939, 23736
26196, 4940
4940, 9333
16045, 4941
4941, 20246
16036, 4942
4942, 27490
27134, 4943
13001, 4943
11959, 4943
16880, 4943
12404, 4943
26558, 4943
13662, 4943
16666, 4943
13680, 4943
20075, 4943
4943, 18027
26625, 4944
4944, 24396
4944, 13075
14482, 4945
4945, 19910
21531, 4946
4946, 23100
10522, 4947
4947, 16797
18682, 4948
4948, 10043
26897, 4949
4949, 21211
10127, 4950
4950, 26665
21568, 4951
4951, 12598
19542, 4952
4952, 22175
11729, 4953
11589, 4953
4953, 23790
20125, 4954
4954, 15999
13082, 4955
4955, 26037
24525, 4956
4956, 27817
26454, 4957
4957, 24297
18074, 4958
4958, 15596
4958, 10062
4958, 20859
4958, 14475
17783, 4959
4959, 13827
12463, 4960
13712, 4960
4960, 14979
17612, 4961
4961, 16988
22600, 4962
4962, 9632
15522, 4963
4963, 23637
24487, 4964
4964, 10699
26365, 4965
4965, 26664
12337, 4966
4966, 24815
17523, 4967
4967, 12133
4967, 21037
26124, 4968
17781, 4968
4968, 16883
15886, 4969
4969, 19394
14273, 4970
4970, 13672
24391, 4971
4971, 27624
21984, 4972
4972, 27433
20207, 4973
4973, 11291
18093, 4974
4974, 27489
19550, 4975
4975, 13716
18094, 4976
20631, 4976
26519, 4976
27947, 4976
24219, 4976
17701, 4976
23245, 4976
12247, 4976
10514, 4976
24737, 4976
4976, 12337
4976, 25782
10148, 4977
4977, 22532
13706, 4978
4978, 23953
25273, 4979
4979, 21923
18561, 4980
4980, 11944
23695, 4981
4981, 26714
26777, 4982
4982, 24689
15713, 4983
12858, 4983
14532, 4983
4983, 13251
24626, 4984
4984, 8864
18834, 4985
4985, 21184
10040, 4986
4986, 16479
15179, 4987
4987, 16490
22133, 4988
4988, 19457
20439, 4989
4989, 23079
12337, 4990
4990, 23872
12628, 4991
4991, 26022
23018, 4992
4992, 20308
15675, 4993
9623, 4993
4993, 8671
14445, 4994
20767, 4994
4994, 23638
24465, 4995
4995, 20274
21165, 4996
4996, 18684
15092, 4997
17135, 4997
27362, 4997
21602, 4997
24115, 4997
14453, 4997
19249, 4997
13069, 4997
16351, 4997
9815, 4997
22937, 4997
25767, 4997
20950, 4997
17022, 4997
16311, 4997
13810, 4997
19518, 4997
14922, 4997
23632, 4997
14517, 4997
4997, 18370
27854, 4998
4998, 27711
12559, 4999
4999, 11507
26167, 5000
5000, 25704
18220, 5001
16076, 5001
5001, 23947
5001, 14330
24899, 5002
5002, 17018
8507, 5003
5003, 22382
11409, 5004
5004, 23221
15010, 5005
5005, 20235
16239, 5006
5006, 26214
26584, 5007
16103, 5007
5007, 11472
12337, 5008
5008, 24784
26170, 5009
5009, 16466
26167, 5010
5010, 24198
18802, 5011
23665, 5011
14643, 5011
22915, 5011
24537, 5011
11301, 5011
25238, 5011
13146, 5011
25178, 5011
15663, 5011
13018, 5011
15506, 5011
9127, 5011
24225, 5011
26784, 5011
18426, 5011
16099, 5011
17008, 5011
27086, 5011
11094, 5011
24138, 5011
12877, 5011
10624, 5011
25274, 5011
23165, 5011
11975, 5011
10660, 5011
8682, 5011
9938, 5011
27552, 5011
27109, 5011
13904, 5011
24819, 5011
9106, 5011
26675, 5011
25361, 5011
19778, 5011
17208, 5011
24426, 5011
23365, 5011
23326, 5011
12955, 5011
15850, 5011
20110, 5011
12353, 5011
24532, 5011
24913, 5011
17969, 5011
12023, 5011
5011, 8824
20884, 5012
5012, 19371
10838, 5013
5013, 23424
11240, 5014
5014, 10648
23849, 5015
5015, 26387
13985, 5016
24120, 5016
14532, 5016
5016, 9543
18679, 5017
5017, 15073
14482, 5018
5018, 9532
9417, 5019
5019, 26467
15906, 5020
5020, 18465
12337, 5021
5021, 23205
13638, 5022
5022, 26932
12337, 5023
5023, 13728
12468, 5024
5024, 25537
10850, 5025
5025, 23644
27750, 5026
5026, 18019
19200, 5027
5027, 18086
11295, 5028
13348, 5028
5028, 27916
11298, 5029
5029, 12416
15847, 5030
5030, 25798
17804, 5031
5031, 20065
12683, 5032
5032, 9303
13809, 5033
5033, 19210
10767, 5034
5034, 11841
20651, 5035
5035, 17148
12114, 5036
5036, 9831
17482, 5037
5037, 22184
14920, 5038
22691, 5038
5038, 20882
24852, 5039
27752, 5039
23507, 5039
10317, 5039
5039, 20156
16238, 5040
5040, 19390
27571, 5041
20586, 5041
17507, 5041
18169, 5041
26108, 5041
19712, 5041
26422, 5041
10731, 5041
11192, 5041
18260, 5041
10580, 5041
14079, 5041
24745, 5041
21862, 5041
26662, 5041
16694, 5041
15547, 5041
9059, 5041
9684, 5041
17090, 5041
15212, 5041
27066, 5041
18455, 5041
14042, 5041
22687, 5041
27338, 5041
12465, 5041
18343, 5041
23177, 5041
13449, 5041
21310, 5041
23073, 5041
8506, 5041
16515, 5041
23482, 5041
19614, 5041
16440, 5041
24695, 5041
21405, 5041
9829, 5041
26449, 5041
16167, 5041
10696, 5041
15215, 5041
10605, 5041
21286, 5041
13234, 5041
11418, 5041
9476, 5041
15904, 5041
25889, 5041
23691, 5041
9195, 5041
11571, 5041
26360, 5041
10537, 5041
22267, 5041
13854, 5041
26306, 5041
27911, 5041
12689, 5041
16200, 5041
26071, 5041
20273, 5041
17463, 5041
24087, 5041
23124, 5041
12313, 5041
23954, 5041
23313, 5041
16974, 5041
16169, 5041
16165, 5041
17951, 5041
8693, 5041
11661, 5041
17064, 5041
22385, 5041
27065, 5041
17261, 5041
27177, 5041
22506, 5041
10718, 5041
22739, 5041
19659, 5041
10498, 5041
15102, 5041
22204, 5041
13038, 5041
27581, 5041
14877, 5041
15510, 5041
13819, 5041
22348, 5041
23769, 5041
17542, 5041
10860, 5041
19378, 5041
14485, 5041
18278, 5041
15493, 5041
8602, 5041
20822, 5041
14160, 5041
19907, 5041
23357, 5041
11927, 5041
18810, 5041
18031, 5041
13892, 5041
18329, 5041
9183, 5041
15926, 5041
10644, 5041
14575, 5041
19802, 5041
24404, 5041
8875, 5041
15205, 5041
12766, 5041
9713, 5041
19501, 5041
21861, 5041
13632, 5041
18872, 5041
13042, 5041
18718, 5041
22486, 5041
25229, 5041
12146, 5041
23540, 5041
20218, 5041
27902, 5041
16895, 5041
10003, 5041
26045, 5041
21686, 5041
14731, 5041
22640, 5041
19314, 5041
27493, 5041
13682, 5041
13161, 5041
8463, 5041
8804, 5041
24417, 5041
24385, 5041
24793, 5041
12705, 5041
22110, 5041
27598, 5041
16834, 5041
11268, 5041
19172, 5041
15626, 5041
26225, 5041
11335, 5041
8558, 5041
21824, 5041
20809, 5041
17481, 5041
23247, 5041
9189, 5041
13130, 5041
19349, 5041
8582, 5041
8761, 5041
25444, 5041
14047, 5041
23479, 5041
21089, 5041
21451, 5041
8768, 5041
14345, 5041
20239, 5041
13323, 5041
19521, 5041
26388, 5041
13871, 5041
10298, 5041
21626, 5041
16696, 5041
21891, 5041
16256, 5041
18285, 5041
11746, 5041
19049, 5041
21071, 5041
11810, 5041
13389, 5041
21757, 5041
21826, 5041
23501, 5041
10446, 5041
23918, 5041
8690, 5041
11926, 5041
24308, 5041
12828, 5041
23883, 5041
27762, 5041
26154, 5041
11234, 5041
14187, 5041
10986, 5041
13690, 5041
12139, 5041
27184, 5041
25427, 5041
14641, 5041
18392, 5041
25546, 5041
25052, 5041
21272, 5041
22961, 5041
15467, 5041
17552, 5041
22283, 5041
11260, 5041
21664, 5041
18944, 5041
5041, 22311
13758, 5042
13799, 5042
5042, 16860
24549, 5043
5043, 20803
5043, 21069
5043, 12143
8659, 5044
21956, 5044
5044, 13280
10952, 5045
25041, 5045
21571, 5045
19793, 5045
22321, 5045
5045, 27508
13689, 5046
5046, 26822
9645, 5047
14934, 5047
11986, 5047
20868, 5047
19658, 5047
9347, 5047
23795, 5047
5047, 21299
18637, 5048
5048, 23189
13393, 5049
26029, 5049
25149, 5049
5049, 23589
26526, 5050
5050, 17421
12337, 5051
5051, 21394
13063, 5052
19831, 5052
9977, 5052
9542, 5052
26406, 5052
14156, 5052
17406, 5052
5052, 18078
14128, 5053
5053, 13226
12337, 5054
5054, 22972
24114, 5055
5055, 18339
23012, 5056
21041, 5056
16135, 5056
15684, 5056
5056, 10510
20884, 5057
5057, 26525
26876, 5058
21140, 5058
5058, 19865
21385, 5059
5059, 12813
17434, 5060
26681, 5060
5060, 18824
21651, 5061
5061, 21313
17976, 5062
5062, 13298
21441, 5063
5063, 26004
14123, 5064
8756, 5064
5064, 23337
17728, 5065
5065, 15414
19108, 5066
5066, 23760
14016, 5067
5067, 25603
21319, 5068
5068, 24875
20872, 5069
5069, 20222
21654, 5070
5070, 15612
17249, 5071
5071, 19795
19573, 5072
5072, 16451
5072, 19499
5072, 22479
12337, 5073
5073, 23516
20730, 5074
5074, 12537
22160, 5075
19215, 5075
16871, 5075
26070, 5075
20333, 5075
5075, 22011
22210, 5076
5076, 26569
5076, 22263
5076, 18131
5076, 11471
5076, 9881
16561, 5077
5077, 24851
21949, 5078
21859, 5078
5078, 26594
27193, 5079
5079, 19131
15220, 5080
5080, 23822
22336, 5081
5081, 13826
13921, 5082
5082, 10683
27831, 5083
5083, 8636
27206, 5084
5084, 19322
20144, 5085
5085, 26771
5085, 18070
5085, 25895
5085, 24820
24332, 5086
5086, 14015
16147, 5087
5087, 20106
5087, 14845
5087, 11922
12030, 5088
15173, 5088
5088, 22880
15366, 5089
5089, 19326
26523, 5090
15825, 5090
13913, 5090
5090, 17457
15847, 5091
5091, 21774
24491, 5092
19156, 5092
19620, 5092
5092, 9605
10060, 5093
12485, 5093
5093, 10788
25278, 5094
5094, 18026
23557, 5095
22955, 5095
5095, 13073
14809, 5096
5096, 17248
14615, 5097
5097, 15675
27851, 5098
5098, 22153
20439, 5099
5099, 23079
11450, 5100
5100, 12413
15855, 5101
5101, 18038
24947, 5102
26028, 5102
5102, 12562
18637, 5103
5103, 10301
8633, 5104
5104, 14106
22767, 5105
5105, 20198
26094, 5106
9144, 5106
23778, 5106
18639, 5106
16920, 5106
17100, 5106
21454, 5106
17316, 5106
25331, 5106
21717, 5106
20293, 5106
21990, 5106
20976, 5106
19646, 5106
23446, 5106
26329, 5106
9615, 5106
20695, 5106
17491, 5106
12765, 5106
13723, 5106
10063, 5106
16609, 5106
17580, 5106
20685, 5106
25863, 5106
11562, 5106
21316, 5106
10715, 5106
19370, 5106
23131, 5106
22315, 5106
25254, 5106
23409, 5106
26525, 5106
25497, 5106
18225, 5106
17163, 5106
21091, 5106
8921, 5106
20572, 5106
24975, 5106
25882, 5106
10547, 5106
11441, 5106
20566, 5106
22972, 5106
24140, 5106
16003, 5106
17972, 5106
14743, 5106
10803, 5106
11205, 5106
27894, 5106
20421, 5106
15348, 5106
17721, 5106
15127, 5106
21058, 5106
17288, 5106
22088, 5106
22457, 5106
17341, 5106
19079, 5106
21482, 5106
24047, 5106
24571, 5106
18968, 5106
10115, 5106
12348, 5106
27716, 5106
26967, 5106
27004, 5106
18849, 5106
27153, 5106
8689, 5106
14537, 5106
10631, 5106
16209, 5106
9509, 5106
24352, 5106
21704, 5106
22031, 5106
26707, 5106
18705, 5106
21774, 5106
10656, 5106
23573, 5106
13797, 5106
8706, 5106
15093, 5106
22978, 5106
27953, 5106
15752, 5106
20541, 5106
8915, 5106
23534, 5106
14656, 5106
12495, 5106
26073, 5106
25522, 5106
18498, 5106
11198, 5106
14531, 5106
15260, 5106
23198, 5106
22701, 5106
27681, 5106
16915, 5106
24069, 5106
12842, 5106
15646, 5106
15185, 5106
27093, 5106
11223, 5106
13135, 5106
10819, 5106
22234, 5106
5106, 13666
14394, 5107
5107, 15255
11142, 5108
5108, 14562
9196, 5109
19452, 5109
5109, 19228
5109, 21298
5109, 13677
5109, 14113
5109, 12682
18835, 5110
5110, 10224
14184, 5111
5111, 19352
26529, 5112
5112, 19144
12232, 5113
5113, 25361
22707, 5114
5114, 20154
22461, 5115
5115, 13614
12177, 5116
5116, 15471
5116, 26919
16543, 5117
5117, 20843
16849, 5118
5118, 18412
10094, 5119
5119, 20440
18909, 5120
5120, 16197
24391, 5121
5121, 10397
18120, 5122
24083, 5122
5122, 23622
20884, 5123
5123, 14531
22885, 5124
5124, 16971
17840, 5125
5125, 13663
19791, 5126
5126, 24523
26498, 5127
5127, 17005
24424, 5128
5128, 22189
27436, 5129
5129, 14180
23543, 5130
5130, 13248
27052, 5131
5131, 20875
9732, 5132
26423, 5132
15749, 5132
5132, 19290
12697, 5133
5133, 10043
25951, 5134
5134, 8830
24422, 5135
9987, 5135
5135, 8688
26736, 5136
27767, 5136
5136, 17045
24431, 5137
5137, 13985
14714, 5138
5138, 14101
27148, 5139
24851, 5139
5139, 8758
12106, 5140
5140, 20932
15722, 5141
5141, 16889
26003, 5142
21130, 5142
5142, 24849
26936, 5143
5143, 12203
12720, 5144
5144, 16245
5144, 20473
9020, 5145
5145, 18038
15146, 5146
5146, 15764
5146, 26340
19634, 5147
5147, 17283
5147, 13428
21965, 5148
5148, 24165
27876, 5149
5149, 24045
18729, 5150
5150, 20210
25941, 5151
5151, 26577
20851, 5152
5152, 22694
19683, 5153
5153, 22067
24727, 5154
5154, 13979
17026, 5155
23955, 5155
12762, 5155
14579, 5155
5155, 18655
5155, 9475
19222, 5156
5156, 24774
12337, 5157
5157, 8589
9724, 5158
5158, 22126
25391, 5159
5159, 8935
25844, 5160
5160, 17857
18215, 5161
5161, 21176
10123, 5162
21542, 5162
24806, 5162
5162, 12346
5162, 16171
19533, 5163
5163, 18702
18151, 5164
15743, 5164
5164, 18208
27425, 5165
5165, 24499
21740, 5166
5166, 25739
19157, 5167
18578, 5167
5167, 14516
5167, 18693
5167, 18427
15334, 5168
5168, 17753
14224, 5169
5169, 9924
21165, 5170
5170, 10426
20165, 5171
5171, 23416
27544, 5172
5172, 11297
20325, 5173
5173, 17722
5173, 24820
25989, 5174
5174, 23020
22963, 5175
11064, 5175
5175, 11123
22401, 5176
5176, 10542
19052, 5177
5177, 18203
19050, 5178
26377, 5178
20791, 5178
26983, 5178
5178, 9655
5178, 26073
12337, 5179
5179, 23934
8926, 5180
5180, 21763
5180, 22478
22530, 5181
5181, 24796
16849, 5182
5182, 18412
25594, 5183
5183, 8456
5183, 25704
5183, 14614
12337, 5184
5184, 10956
10964, 5185
25058, 5185
5185, 23907
17630, 5186
5186, 18998
5186, 8492
14826, 5187
5187, 16768
27058, 5188
5188, 22030
12542, 5189
5189, 27620
8469, 5190
5190, 9012
11274, 5191
5191, 9380
22020, 5192
5192, 22449
10102, 5193
5193, 8519
24544, 5194
5194, 17645
9902, 5195
5195, 16629
8520, 5196
5196, 26165
27612, 5197
5197, 19446
27611, 5198
5198, 25053
19218, 5199
9267, 5199
18350, 5199
21057, 5199
5199, 23171
27612, 5200
22343, 5200
5200, 19446
11865, 5201
5201, 20715
14189, 5202
5202, 22801
8552, 5203
5203, 21872
5203, 25667
8629, 5204
12674, 5204
26299, 5204
5204, 8515
19018, 5205
5205, 18433
23908, 5206
5206, 22030
13359, 5207
10824, 5207
5207, 18006
26925, 5208
5208, 27693
11934, 5209
5209, 9800
23045, 5210
12529, 5210
5210, 20766
13050, 5211
12123, 5211
5211, 12584
8466, 5212
5212, 23100
10570, 5213
5213, 14198
20178, 5214
5214, 27819
12647, 5215
5215, 11465
5215, 22479
26830, 5216
5216, 12481
22920, 5217
5217, 10793
24331, 5218
5218, 27584
14714, 5219
5219, 24684
12337, 5220
5220, 17759
12572, 5221
8815, 5221
12858, 5221
5221, 25081
16898, 5222
5222, 19151
5222, 21621
5222, 20289
22080, 5223
5223, 11462
15991, 5224
25133, 5224
5224, 20504
11931, 5225
10088, 5225
5225, 16448
12337, 5226
5226, 25464
22009, 5227
26688, 5227
24366, 5227
5227, 16284
21698, 5228
5228, 12483
13098, 5229
5229, 24775
26167, 5230
5230, 25671
12337, 5231
5231, 21769
24392, 5232
5232, 17479
23443, 5233
5233, 9057
5233, 19484
17915, 5234
9060, 5234
23395, 5234
26617, 5234
20655, 5234
8684, 5234
9082, 5234
21996, 5234
12006, 5234
25735, 5234
5234, 18078
25038, 5235
5235, 11614
27127, 5236
5236, 23443
21541, 5237
5237, 19030
15664, 5238
23928, 5238
14368, 5238
17000, 5238
24236, 5238
8539, 5238
17989, 5238
24459, 5238
26708, 5238
5238, 24702
18942, 5239
5239, 8519
16731, 5240
5240, 14995
21129, 5241
5241, 18983
12073, 5242
5242, 25244
18042, 5243
5243, 25699
9496, 5244
5244, 19459
8469, 5245
5245, 18219
9806, 5246
5246, 14508
5246, 15023
10449, 5247
15871, 5247
5247, 20263
21099, 5248
5248, 23389
21175, 5249
5249, 27947
27544, 5250
5250, 14050
25705, 5251
5251, 26180
12915, 5252
5252, 13702
27804, 5253
5253, 15629
20884, 5254
5254, 22565
13132, 5255
5255, 17888
14189, 5256
5256, 21948
11919, 5257
5257, 19855
17632, 5258
5258, 20468
10563, 5259
5259, 27607
12579, 5260
16755, 5260
12979, 5260
22449, 5260
20449, 5260
19737, 5260
9742, 5260
13620, 5260
25921, 5260
20474, 5260
18178, 5260
20274, 5260
16910, 5260
21872, 5260
20581, 5260
20569, 5260
22338, 5260
11588, 5260
9083, 5260
16016, 5260
11748, 5260
15858, 5260
9420, 5260
17018, 5260
14166, 5260
11123, 5260
9432, 5260
27806, 5260
16005, 5260
14605, 5260
22662, 5260
23774, 5260
11074, 5260
20760, 5260
9775, 5260
14466, 5260
9103, 5260
10399, 5260
10792, 5260
20193, 5260
26899, 5260
21955, 5260
19822, 5260
19410, 5260
24796, 5260
18304, 5260
16186, 5260
12715, 5260
12956, 5260
19053, 5260
19905, 5260
8522, 5260
15076, 5260
20244, 5260
16490, 5260
17353, 5260
21581, 5260
20589, 5260
22378, 5260
22829, 5260
16889, 5260
15949, 5260
16278, 5260
13758, 5260
15872, 5260
25156, 5260
23067, 5260
23579, 5260
10719, 5260
14319, 5260
8492, 5260
19122, 5260
24081, 5260
26352, 5260
14180, 5260
18813, 5260
9000, 5260
22540, 5260
9623, 5260
27742, 5260
23076, 5260
26467, 5260
20969, 5260
18219, 5260
16355, 5260
20170, 5260
23096, 5260
18664, 5260
12858, 5260
18550, 5260
11731, 5260
18499, 5260
11917, 5260
17535, 5260
13444, 5260
9434, 5260
9209, 5260
13585, 5260
26801, 5260
16388, 5260
20730, 5260
17342, 5260
12156, 5260
26455, 5260
14972, 5260
22068, 5260
26070, 5260
25967, 5260
19982, 5260
19930, 5260
8545, 5260
27247, 5260
16341, 5260
21072, 5260
19008, 5260
16299, 5260
15870, 5260
22823, 5260
27508, 5260
9875, 5260
20911, 5260
11846, 5260
23910, 5260
11719, 5260
10266, 5260
9812, 5260
22931, 5260
22436, 5260
8596, 5260
26128, 5260
13953, 5260
17260, 5260
19010, 5260
24626, 5260
26769, 5260
14628, 5260
8816, 5260
23591, 5260
15738, 5260
13868, 5260
20272, 5260
13244, 5260
26378, 5260
19811, 5260
27439, 5260
24085, 5260
9186, 5260
26971, 5260
25290, 5260
17239, 5260
27652, 5260
10321, 5260
20259, 5260
21484, 5260
9740, 5260
20750, 5260
20289, 5260
16199, 5260
23477, 5260
17546, 5260
11266, 5260
24461, 5260
14971, 5260
12631, 5260
26214, 5260
10030, 5260
5260, 27669
25239, 5261
5261, 8879
5261, 17516
25495, 5262
5262, 15768
5262, 22106
5262, 20332
15226, 5263
5263, 17766
5263, 25086
5263, 10841
5263, 18617
5263, 16806
5263, 11367
5263, 15116
5263, 18864
5263, 10917
5263, 17515
5263, 13400
19562, 5264
5264, 24314
12836, 5265
5265, 12956
16260, 5266
5266, 13961
5266, 17244
25314, 5267
5267, 8708
27390, 5268
5268, 11065
17286, 5269
5269, 24619
8521, 5270
5270, 15794
12494, 5271
5271, 17605
12743, 5272
5272, 21689
17459, 5273
5273, 10321
24916, 5274
5274, 11672
5274, 10799
24436, 5275
25748, 5275
5275, 16364
24465, 5276
5276, 20274
23732, 5277
5277, 14810
13839, 5278
5278, 13227
18331, 5279
5279, 22172
5279, 18499
24059, 5280
5280, 17527
14429, 5281
5281, 17450
23659, 5282
5282, 9801
23170, 5283
5283, 27064
19257, 5284
5284, 16243
5284, 16868
22067, 5285
9053, 5285
5285, 27479
12781, 5286
22604, 5286
5286, 22116
19133, 5287
5287, 26233
24235, 5288
5288, 24116
19151, 5289
22199, 5289
10486, 5289
27253, 5289
13758, 5289
27870, 5289
25413, 5289
21069, 5289
9279, 5289
11589, 5289
15859, 5289
19953, 5289
5289, 14534
17413, 5290
27624, 5290
21957, 5290
5290, 24805
11630, 5291
5291, 14298
11692, 5292
5292, 24945
26993, 5293
5293, 22673
26946, 5294
23158, 5294
5294, 27697
19114, 5295
5295, 22511
10129, 5296
5296, 10675
12229, 5297
8587, 5297
5297, 23216
14094, 5298
23650, 5298
19474, 5298
5298, 20695
22949, 5299
5299, 15597
20015, 5300
5300, 26818
20832, 5301
5301, 13444
23292, 5302
5302, 20036
20884, 5303
5303, 17675
12542, 5304
5304, 25937
13520, 5305
5305, 12956
9333, 5306
13758, 5306
14130, 5306
5306, 20270
21165, 5307
5307, 9001
20884, 5308
5308, 19916
24607, 5309
5309, 15713
5309, 26942
23729, 5310
5310, 13693
21548, 5311
5311, 11562
17718, 5312
5312, 21326
21237, 5313
5313, 27642
9900, 5314
5314, 23864
26884, 5315
5315, 13507
5315, 12370
10433, 5316
5316, 15642
15108, 5317
5317, 11570
20988, 5318
5318, 18290
20225, 5319
17245, 5319
9792, 5319
21710, 5319
19318, 5319
13158, 5319
15721, 5319
13492, 5319
10634, 5319
9227, 5319
5319, 9202
5319, 12854
11587, 5320
5320, 12098
23798, 5321
5321, 23503
27074, 5322
5322, 11818
5322, 20638
16092, 5323
5323, 11196
24597, 5324
5324, 21409
12337, 5325
5325, 10482
18246, 5326
5326, 22199
5326, 17984
12337, 5327
5327, 11314
10722, 5328
27730, 5328
23454, 5328
5328, 25950
21062, 5329
14695, 5329
15328, 5329
8839, 5329
5329, 27516
22677, 5330
5330, 10067
17174, 5331
5331, 10698
24331, 5332
5332, 23084
5332, 20268
19955, 5333
19740, 5333
16931, 5333
5333, 24511
10101, 5334
5334, 10876
18729, 5335
5335, 16855
9408, 5336
5336, 23541
15461, 5337
5337, 20137
13335, 5338
5338, 27243
21417, 5339
5339, 12213
19071, 5340
5340, 26793
22259, 5341
5341, 26441
18312, 5342
11164, 5342
5342, 11612
27299, 5343
23760, 5343
27682, 5343
10112, 5343
24737, 5343
22866, 5343
25142, 5343
11111, 5343
22733, 5343
23107, 5343
16319, 5343
9771, 5343
27516, 5343
10141, 5343
21297, 5343
23262, 5343
23204, 5343
20596, 5343
19684, 5343
10885, 5343
22880, 5343
16843, 5343
5343, 12337
5343, 23441
14088, 5344
5344, 10492
9737, 5345
5345, 27072
5345, 14582
5345, 26518
5345, 21685
5345, 25016
5345, 25817
5345, 22674
5345, 22455
5345, 12563
5345, 22411
5345, 20785
5345, 20529
5345, 13781
5345, 20678
5345, 24569
21633, 5346
5346, 22067
23488, 5347
5347, 20698
13824, 5348
5348, 23577
14183, 5349
21668, 5349
27807, 5349
16836, 5349
26169, 5349
20277, 5349
18555, 5349
25627, 5349
10534, 5349
11809, 5349
5349, 9944
10941, 5350
5350, 22931
21743, 5351
25278, 5351
5351, 15789
14268, 5352
5352, 21915
21799, 5353
5353, 25484
19021, 5354
5354, 14319
27187, 5355
10057, 5355
14383, 5355
23735, 5355
5355, 13528
13002, 5356
5356, 12409
24886, 5357
11675, 5357
5357, 12169
9900, 5358
5358, 11167
11567, 5359
8531, 5359
18049, 5359
16264, 5359
27523, 5359
22754, 5359
5359, 14776
18010, 5360
17952, 5360
5360, 16119
27240, 5361
5361, 22850
13726, 5362
15103, 5362
24751, 5362
16215, 5362
20237, 5362
5362, 11969
5362, 12798
10217, 5363
5363, 23597
14697, 5364
5364, 24765
20884, 5365
5365, 17852
14277, 5366
11924, 5366
5366, 11618
25333, 5367
5367, 13149
18061, 5368
5368, 10112
15502, 5369
5369, 23666
24235, 5370
5370, 22429
27247, 5371
26544, 5371
20847, 5371
5371, 21412
10113, 5372
26455, 5372
26962, 5372
5372, 27591
8618, 5373
5373, 22733
12337, 5374
5374, 27649
23794, 5375
5375, 19735
15717, 5376
5376, 9833
10957, 5377
10136, 5377
5377, 20983
12337, 5378
5378, 24648
27468, 5379
5379, 25954
23572, 5380
5380, 12309
5380, 9325
5380, 10069
24697, 5381
5381, 10105
9861, 5382
5382, 20409
11945, 5383
5383, 13290
5383, 22498
21019, 5384
5384, 13507
5384, 19529
5384, 20109
14588, 5385
5385, 27328
12337, 5386
5386, 17376
20850, 5387
5387, 9370
15199, 5388
5388, 10002
22964, 5389
5389, 15949
13358, 5390
8789, 5390
13430, 5390
25764, 5390
20949, 5390
22468, 5390
10875, 5390
27271, 5390
21738, 5390
13852, 5390
13236, 5390
20939, 5390
19028, 5390
20180, 5390
24057, 5390
12665, 5390
16265, 5390
5390, 11876
25074, 5391
5391, 22452
11639, 5392
5392, 27451
20062, 5393
5393, 25850
5393, 14879
5393, 23590
19977, 5394
12616, 5394
24369, 5394
20573, 5394
19129, 5394
20409, 5394
19575, 5394
24851, 5394
10748, 5394
10030, 5394
5394, 25987
11119, 5395
5395, 14338
23075, 5396
5396, 25420
25243, 5397
5397, 24453
24164, 5398
5398, 26962
5398, 15738
5398, 17313
18963, 5399
8771, 5399
20971, 5399
10704, 5399
15196, 5399
23384, 5399
18600, 5399
22605, 5399
12875, 5399
5399, 9765
25278, 5400
5400, 25845
21628, 5401
5401, 24879
5401, 10673
19393, 5402
5402, 8480
20969, 5403
5403, 11387
25994, 5404
5404, 16020
22374, 5405
27241, 5405
11043, 5405
5405, 19608
22672, 5406
5406, 18809
14726, 5407
5407, 10107
5407, 11264
25278, 5408
5408, 15962
27711, 5409
9523, 5409
20409, 5409
26609, 5409
27897, 5409
5409, 27046
21253, 5410
5410, 23038
5410, 20445
5410, 11144
8807, 5411
5411, 26329
18016, 5412
5412, 17049
10442, 5413
5413, 20831
9652, 5414
5414, 13614
10427, 5415
5415, 20805
17348, 5416
5416, 25931
5416, 26899
5416, 10001
8626, 5417
5417, 20364
19152, 5418
5418, 16788
24455, 5419
5419, 27131
25278, 5420
5420, 27885
9610, 5421
5421, 8976
5421, 14489
5421, 14425
12845, 5422
5422, 24737
24072, 5423
5423, 9831
5423, 15943
9087, 5424
5424, 21988
19147, 5425
5425, 22331
25278, 5426
5426, 25754
15383, 5427
5427, 10030
5427, 18771
5427, 17266
12337, 5428
5428, 10857
22960, 5429
19696, 5429
15210, 5429
24702, 5429
11241, 5429
15943, 5429
17435, 5429
15599, 5429
11277, 5429
19237, 5429
15612, 5429
27038, 5429
15938, 5429
26037, 5429
11199, 5429
19344, 5429
5429, 22606
22598, 5430
17057, 5430
24582, 5430
5430, 13149
26280, 5431
26659, 5431
21245, 5431
19839, 5431
17211, 5431
17396, 5431
5431, 11876
5431, 15685
8580, 5432
5432, 9951
21745, 5433
5433, 14628
22362, 5434
5434, 24453
21165, 5435
5435, 11394
24391, 5436
5436, 18938
19215, 5437
11241, 5437
5437, 21593
26341, 5438
13094, 5438
5438, 15556
27544, 5439
5439, 25888
22477, 5440
5440, 27763
27068, 5441
5441, 16449
26560, 5442
5442, 14564
11116, 5443
5443, 10626
21165, 5444
5444, 22031
11506, 5445
5445, 21388
17761, 5446
5446, 19010
20149, 5447
5447, 16706
26958, 5448
5448, 24025
21596, 5449
5449, 22490
12337, 5450
5450, 22637
12337, 5451
5451, 20491
12337, 5452
5452, 14532
16273, 5453
18362, 5453
20990, 5453
9692, 5453
17907, 5453
17787, 5453
5453, 24776
17154, 5454
5454, 15794
5454, 18090
5454, 22079
5454, 23910
22477, 5455
5455, 15121
21279, 5456
5456, 11094
15847, 5457
5457, 21919
27051, 5458
5458, 11426
24233, 5459
5459, 27489
24241, 5460
5460, 10736
12337, 5461
5461, 18138
5461, 8510
13064, 5462
5462, 22737
11072, 5463
5463, 17535
22721, 5464
5464, 22931
27524, 5465
5465, 21427
5465, 17491
20439, 5466
5466, 23079
16908, 5467
5467, 8730
21034, 5468
5468, 24788
14334, 5469
5469, 24669
8608, 5470
5470, 19983
12897, 5471
5471, 26281
10689, 5472
5472, 25319
22977, 5473
23712, 5473
18039, 5473
20158, 5473
13812, 5473
19599, 5473
15355, 5473
14502, 5473
10050, 5473
5473, 15403
18621, 5474
5474, 19370
13980, 5475
5475, 24913
14482, 5476
5476, 12761
18038, 5477
5477, 15594
5477, 14168
9298, 5478
17421, 5478
24441, 5478
5478, 22404
21649, 5479
5479, 20803
15983, 5480
15881, 5480
5480, 22226
22987, 5481
5481, 24950
12750, 5482
25719, 5482
8456, 5482
25592, 5482
25704, 5482
10366, 5482
14614, 5482
23942, 5482
22023, 5482
21550, 5482
11439, 5482
25588, 5482
14912, 5482
16911, 5482
8699, 5482
13201, 5482
16517, 5482
20706, 5482
17486, 5482
8841, 5482
11531, 5482
22892, 5482
13979, 5482
18073, 5482
13156, 5482
13881, 5482
23009, 5482
25518, 5482
11215, 5482
11394, 5482
10723, 5482
12444, 5482
26503, 5482
21513, 5482
23168, 5482
19746, 5482
10235, 5482
22712, 5482
15421, 5482
11059, 5482
18449, 5482
12335, 5482
18938, 5482
20192, 5482
18213, 5482
15170, 5482
10945, 5482
21678, 5482
15490, 5482
5482, 17526
19311, 5483
5483, 10112
10927, 5484
11464, 5484
9956, 5484
25971, 5484
15792, 5484
9880, 5484
17122, 5484
26245, 5484
12524, 5484
22988, 5484
12619, 5484
5484, 27196
5484, 17791
5484, 14578
15031, 5485
5485, 24652
15226, 5486
5486, 25617
5486, 23528
5486, 27610
5486, 11016
5486, 26048
5486, 23687
5486, 21059
5486, 22956
5486, 10916
5486, 25508
5486, 8606
5486, 26440
5486, 19148
5486, 23660
5486, 9438
19299, 5487
5487, 11438
15171, 5488
19346, 5488
25119, 5488
27328, 5488
23330, 5488
21394, 5488
5488, 17170
19737, 5489
27742, 5489
5489, 8741
24844, 5490
5490, 22711
14138, 5491
21592, 5491
15088, 5491
16348, 5491
22625, 5491
14796, 5491
5491, 16537
5491, 14137
5491, 18217
25970, 5492
5492, 13840
12085, 5493
5493, 15529
16984, 5494
5494, 24737
24391, 5495
5495, 11216
26410, 5496
5496, 15475
11274, 5497
5497, 22783
21165, 5498
5498, 14428
9511, 5499
5499, 24902
5499, 24050
12542, 5500
5500, 21073
18420, 5501
5501, 15002
12982, 5502
19055, 5502
9892, 5502
18383, 5502
20726, 5502
9454, 5502
17687, 5502
12339, 5502
17452, 5502
5502, 10112
19160, 5503
5503, 14149
22273, 5504
5504, 14602
26262, 5505
5505, 17103
16600, 5506
24825, 5506
5506, 27011
25339, 5507
5507, 20405
22266, 5508
5508, 19290
5508, 14537
24668, 5509
5509, 26428
5509, 20730
5509, 23974
8849, 5510
5510, 23947
12044, 5511
25849, 5511
5511, 24120
24513, 5512
5512, 16832
23802, 5513
5513, 17178
19585, 5514
5514, 18988
11116, 5515
5515, 10402
11337, 5516
5516, 24990
22199, 5517
13922, 5517
10397, 5517
8670, 5517
25662, 5517
27147, 5517
5517, 10877
9288, 5518
5518, 16216
5518, 8548
5518, 24449
15066, 5519
15229, 5519
23532, 5519
16671, 5519
27504, 5519
9030, 5519
25227, 5519
18116, 5519
11183, 5519
10159, 5519
8912, 5519
20189, 5519
27597, 5519
27638, 5519
25809, 5519
9694, 5519
19800, 5519
27541, 5519
25576, 5519
22738, 5519
15844, 5519
26953, 5519
19431, 5519
5519, 9287
5519, 17416
5519, 22120
5519, 10006
5519, 15770
5519, 22796
14208, 5520
11342, 5520
8509, 5520
27157, 5520
5520, 17957
11912, 5521
5521, 12527
16393, 5522
5522, 22396
26196, 5523
5523, 9333
20503, 5524
5524, 10478
13714, 5525
5525, 27620
26732, 5526
5526, 9818
23929, 5527
5527, 14476
8496, 5528
5528, 9208
23156, 5529
5529, 23721
11327, 5530
5530, 25361
9679, 5531
5531, 15859
22117, 5532
5532, 16400
16612, 5533
5533, 10112
21509, 5534
11287, 5534
5534, 18203
22477, 5535
5535, 25503
12183, 5536
5536, 19277
27048, 5537
5537, 24426
25534, 5538
5538, 11095
21218, 5539
5539, 22199
5539, 25156
18980, 5540
5540, 27492
17900, 5541
16050, 5541
5541, 22391
17817, 5542
5542, 24737
20884, 5543
5543, 19126
23155, 5544
14446, 5544
5544, 27427
27863, 5545
5545, 22973
22111, 5546
15458, 5546
5546, 20847
26673, 5547
5547, 27512
5547, 12881
8874, 5548
19118, 5548
12219, 5548
5548, 27758
12337, 5549
5549, 23893
14989, 5550
5550, 17115
25099, 5551
5551, 26946
24434, 5552
5552, 10368
25278, 5553
5553, 23366
24262, 5554
5554, 23714
27929, 5555
5555, 16650
15104, 5556
8603, 5556
26774, 5556
20330, 5556
5556, 24737
23560, 5557
5557, 14815
24682, 5558
5558, 9819
5558, 25643
18659, 5559
5559, 15171
15184, 5560
5560, 21688
21361, 5561
15368, 5561
5561, 19724
9220, 5562
5562, 23563
12572, 5563
24336, 5563
5563, 13786
21643, 5564
27181, 5564
26077, 5564
15343, 5564
24613, 5564
26671, 5564
5564, 21772
20951, 5565
5565, 15388
27330, 5566
5566, 23446
14832, 5567
5567, 13047
17737, 5568
5568, 25753
19176, 5569
5569, 21731
21807, 5570
5570, 20194
20458, 5571
5571, 16096
14714, 5572
5572, 22261
12853, 5573
17519, 5573
26613, 5573
5573, 21374
24777, 5574
5574, 19178
5574, 16490
11977, 5575
5575, 22378
5575, 24690
16224, 5576
5576, 13108
20884, 5577
5577, 20151
20934, 5578
5578, 22860
24622, 5579
5579, 8940
5579, 16714
5579, 16912
5579, 26420
5579, 22522
5579, 25022
5579, 26355
5579, 26883
5579, 20266
5579, 17107
5579, 25577
5579, 23870
5579, 18525
15639, 5580
5580, 22375
23854, 5581
5581, 27447
26032, 5582
24450, 5582
5582, 17466
10838, 5583
5583, 16937
24744, 5584
5584, 13835
5584, 19122
5584, 15516
5584, 24690
16210, 5585
17920, 5585
11624, 5585
11757, 5585
12387, 5585
20738, 5585
5585, 12027
5585, 21764
14360, 5586
5586, 10783
18637, 5587
5587, 23189
23602, 5588
5588, 11710
5588, 25215
25090, 5589
5589, 11612
20339, 5590
5590, 25410
14832, 5591
5591, 23327
17695, 5592
5592, 23450
15984, 5593
5593, 18499
13177, 5594
5594, 20911
18776, 5595
5595, 16269
16663, 5596
5596, 12164
16220, 5597
5597, 19620
15217, 5598
5598, 22043
13738, 5599
5599, 11261
5599, 11858
16502, 5600
13650, 5600
5600, 12605
20583, 5601
5601, 14137
21418, 5602
5602, 23514
23192, 5603
18412, 5603
20573, 5603
15471, 5603
22199, 5603
27761, 5603
16790, 5603
9022, 5603
11748, 5603
15243, 5603
26248, 5603
17421, 5603
22661, 5603
15403, 5603
26496, 5603
18306, 5603
19524, 5603
10478, 5603
26532, 5603
9653, 5603
13573, 5603
10384, 5603
10661, 5603
13931, 5603
10895, 5603
12858, 5603
18499, 5603
24498, 5603
21392, 5603
17578, 5603
15197, 5603
27802, 5603
24449, 5603
22479, 5603
5603, 24736
12337, 5604
5604, 16965
10281, 5605
5605, 11452
12337, 5606
5606, 11301
15602, 5607
16746, 5607
26476, 5607
10364, 5607
5607, 10734
13809, 5608
5608, 19210
23746, 5609
22634, 5609
11877, 5609
14118, 5609
18309, 5609
5609, 17626
5609, 26161
20884, 5610
5610, 18397
19174, 5611
5611, 17879
27034, 5612
5612, 24737
25278, 5613
5613, 19149
16062, 5614
16838, 5614
5614, 11999
15251, 5615
5615, 24217
20096, 5616
5616, 10719
5616, 26998
5616, 21876
13834, 5617
5617, 27285
24932, 5618
5618, 13988
25450, 5619
5619, 8970
19093, 5620
5620, 9529
15347, 5621
5621, 22699
12337, 5622
5622, 12926
24168, 5623
5623, 18363
25268, 5624
20853, 5624
5624, 15421
15238, 5625
5625, 15911
24542, 5626
5626, 20589
22136, 5627
5627, 27904
20680, 5628
5628, 12776
21742, 5629
5629, 24987
17921, 5630
5630, 14335
24391, 5631
5631, 27624
5631, 16871
26748, 5632
5632, 18828
5632, 9978
18316, 5633
23235, 5633
5633, 24383
13321, 5634
27698, 5634
5634, 22294
15887, 5635
5635, 18307
16147, 5636
5636, 22392
5636, 15884
5636, 22609
5636, 16280
5636, 8927
21565, 5637
5637, 21016
26891, 5638
5638, 12324
16259, 5639
5639, 13959
14407, 5640
17045, 5640
13614, 5640
23262, 5640
16990, 5640
19873, 5640
5640, 12337
5640, 18206
26823, 5641
5641, 16843
10742, 5642
5642, 18211
9231, 5643
5643, 11734
13004, 5644
10043, 5644
5644, 8825
22015, 5645
15713, 5645
5645, 12093
5645, 19768
27952, 5646
20579, 5646
19733, 5646
11718, 5646
19940, 5646
12783, 5646
24130, 5646
11678, 5646
11169, 5646
5646, 16489
15688, 5647
5647, 18828
19322, 5648
23934, 5648
11089, 5648
18580, 5648
12598, 5648
5648, 18715
5648, 12337
12337, 5649
5649, 17637
19598, 5650
5650, 25383
24911, 5651
5651, 24172
25897, 5652
20484, 5652
5652, 23042
27258, 5653
5653, 10086
26391, 5654
5654, 8517
10843, 5655
5655, 25643
5655, 20284
25734, 5656
5656, 11403
21635, 5657
5657, 20485
5657, 16400
5657, 25650
10769, 5658
5658, 25361
8688, 5659
5659, 23772
22477, 5660
5660, 16539
18594, 5661
17899, 5661
5661, 21162
8968, 5662
5662, 24571
17728, 5663
5663, 26062
25175, 5664
21388, 5664
5664, 14419
21385, 5665
5665, 11136
16073, 5666
5666, 15949
27247, 5667
5667, 13777
8520, 5668
5668, 26165
27606, 5669
5669, 27321
25297, 5670
5670, 8522
26391, 5671
5671, 24522
23732, 5672
5672, 10112
19860, 5673
5673, 13655
25089, 5674
26974, 5674
5674, 21012
24391, 5675
5675, 22793
24391, 5676
5676, 11731
19233, 5677
5677, 21763
17549, 5678
5678, 27934
9110, 5679
5679, 15221
20639, 5680
5680, 9204
11039, 5681
5681, 25621
5681, 10345
13789, 5682
5682, 25679
13023, 5683
5683, 14692
21074, 5684
21866, 5684
17968, 5684
19252, 5684
17010, 5684
24099, 5684
22724, 5684
15472, 5684
22339, 5684
24683, 5684
15218, 5684
23186, 5684
20645, 5684
24659, 5684
25624, 5684
14672, 5684
5684, 19467
22261, 5685
18921, 5685
16300, 5685
18530, 5685
8510, 5685
21556, 5685
17336, 5685
10463, 5685
18508, 5685
14568, 5685
12043, 5685
23556, 5685
24046, 5685
24311, 5685
25551, 5685
26747, 5685
11612, 5685
16303, 5685
21595, 5685
14773, 5685
20302, 5685
20509, 5685
10650, 5685
12555, 5685
27043, 5685
22999, 5685
21409, 5685
8472, 5685
16730, 5685
5685, 10541
15240, 5686
5686, 19462
22659, 5687
5687, 16269
8564, 5688
5688, 25213
5688, 21057
15323, 5689
5689, 18876
23133, 5690
5690, 25119
24155, 5691
25757, 5691
23730, 5691
13817, 5691
13499, 5691
20999, 5691
15747, 5691
22292, 5691
27056, 5691
22400, 5691
24298, 5691
23848, 5691
25128, 5691
21381, 5691
12961, 5691
25164, 5691
13337, 5691
23988, 5691
24797, 5691
25872, 5691
5691, 18276
18672, 5692
5692, 9117
26944, 5693
9723, 5693
5693, 24511
24304, 5694
5694, 12578
5694, 13367
20533, 5695
12272, 5695
23947, 5695
12571, 5695
12483, 5695
21812, 5695
11541, 5695
18534, 5695
20118, 5695
10112, 5695
25650, 5695
24906, 5695
13470, 5695
20198, 5695
23870, 5695
5695, 12541
5695, 12337
13125, 5696
5696, 20274
19085, 5697
5697, 10237
10900, 5698
5698, 14696
23611, 5699
8909, 5699
5699, 17127
22346, 5700
5700, 17829
21562, 5701
5701, 11566
18554, 5702
5702, 18977
16865, 5703
25819, 5703
5703, 14667
18876, 5704
11589, 5704
11266, 5704
5704, 22450
22918, 5705
18987, 5705
19451, 5705
11732, 5705
5705, 24737
14367, 5706
27403, 5706
10085, 5706
5706, 25411
22524, 5707
19711, 5707
24004, 5707
9747, 5707
25536, 5707
8573, 5707
27069, 5707
26551, 5707
23690, 5707
17875, 5707
19042, 5707
20996, 5707
25257, 5707
16128, 5707
22726, 5707
17609, 5707
25894, 5707
13787, 5707
5707, 18459
25459, 5708
5708, 9876
5708, 12208
5708, 24277
22152, 5709
18610, 5709
5709, 21878
27235, 5710
5710, 24775
20673, 5711
5711, 15837
18797, 5712
5712, 13922
10900, 5713
5713, 14696
25718, 5714
5714, 13276
16639, 5715
5715, 19104
13220, 5716
5716, 19156
19379, 5717
5717, 27733
15281, 5718
5718, 18339
12337, 5719
5719, 16223
19125, 5720
5720, 17822
9760, 5721
5721, 25581
5721, 26241
16588, 5722
5722, 27667
22743, 5723
5723, 23738
12337, 5724
5724, 17633
10346, 5725
23383, 5725
11429, 5725
21773, 5725
27016, 5725
22501, 5725
16688, 5725
5725, 21704
22590, 5726
5726, 24910
24231, 5727
23189, 5727
5727, 16195
13741, 5728
5728, 19758
11072, 5729
5729, 11082
24674, 5730
5730, 24662
25212, 5731
5731, 20964
10435, 5732
5732, 19075
18774, 5733
5733, 26011
5733, 11427
24715, 5734
5734, 19764
9109, 5735
5735, 22668
27084, 5736
5736, 18501
5736, 15388
26082, 5737
21410, 5737
5737, 10720
26156, 5738
5738, 10280
13173, 5739
5739, 20258
5739, 25632
23354, 5740
5740, 19620
15059, 5741
5741, 17692
11998, 5742
5742, 12634
13843, 5743
5743, 10200
18586, 5744
5744, 12340
19100, 5745
24180, 5745
16199, 5745
5745, 19076
12337, 5746
5746, 22704
18797, 5747
5747, 13922
24631, 5748
5748, 10303
23618, 5749
5749, 20668
11894, 5750
5750, 25434
16701, 5751
26540, 5751
5751, 24709
20560, 5752
5752, 24669
27851, 5753
22371, 5753
12332, 5753
5753, 22153
11963, 5754
5754, 14114
19535, 5755
5755, 14687
18245, 5756
5756, 10091
17545, 5757
5757, 8749
16313, 5758
16930, 5758
11873, 5758
5758, 11341
24331, 5759
5759, 11092
9619, 5760
5760, 21621
11611, 5761
5761, 19418
23280, 5762
5762, 21623
11996, 5763
5763, 16833
23113, 5764
5764, 24339
15937, 5765
5765, 22199
5765, 11608
25278, 5766
5766, 22689
20227, 5767
5767, 16230
17621, 5768
21114, 5768
5768, 19204
12182, 5769
5769, 10439
20257, 5770
5770, 18768
21165, 5771
5771, 18705
9846, 5772
5772, 9369
24981, 5773
5773, 22125
9722, 5774
5774, 8764
11392, 5775
10000, 5775
5775, 23272
21165, 5776
5776, 24358
14207, 5777
5777, 15640
5777, 23694
18030, 5778
11488, 5778
5778, 18403
20099, 5779
5779, 16080
8457, 5780
5780, 27247
11274, 5781
5781, 22014
5781, 12739
25957, 5782
5782, 19871
23267, 5783
5783, 22960
16982, 5784
5784, 20167
23293, 5785
5785, 9579
5785, 22893
5785, 19930
5785, 26962
17421, 5786
14391, 5786
5786, 22709
11893, 5787
5787, 24224
14734, 5788
5788, 10465
24965, 5789
26037, 5789
5789, 25926
25729, 5790
9761, 5790
5790, 16249
9506, 5791
5791, 9192
22447, 5792
5792, 9279
23404, 5793
5793, 19778
15140, 5794
26326, 5794
21703, 5794
24410, 5794
22534, 5794
18254, 5794
22174, 5794
12710, 5794
16795, 5794
25878, 5794
17361, 5794
26060, 5794
11707, 5794
13722, 5794
14153, 5794
11000, 5794
10876, 5794
21346, 5794
20222, 5794
26051, 5794
16833, 5794
17675, 5794
12801, 5794
25960, 5794
24756, 5794
16883, 5794
10827, 5794
25095, 5794
17101, 5794
27619, 5794
23831, 5794
12927, 5794
20403, 5794
13228, 5794
14401, 5794
25025, 5794
19043, 5794
14095, 5794
23973, 5794
11612, 5794
21349, 5794
17439, 5794
18954, 5794
25675, 5794
14942, 5794
11393, 5794
27025, 5794
17978, 5794
21974, 5794
11186, 5794
8757, 5794
12634, 5794
22250, 5794
25793, 5794
18128, 5794
27417, 5794
17955, 5794
21878, 5794
18938, 5794
23345, 5794
23013, 5794
27609, 5794
26937, 5794
16009, 5794
11071, 5794
24838, 5794
18603, 5794
5794, 17526
12337, 5795
5795, 11130
5795, 15019
17728, 5796
5796, 17016
23011, 5797
5797, 27901
8505, 5798
5798, 19571
11140, 5799
5799, 13466
21154, 5800
23471, 5800
5800, 20396
24331, 5801
5801, 13150
27437, 5802
5802, 22222
27294, 5803
5803, 12424
16108, 5804
5804, 9434
5804, 25496
25332, 5805
21518, 5805
5805, 14712
20968, 5806
5806, 13444
5806, 12850
8501, 5807
5807, 12782
8874, 5808
5808, 27758
8546, 5809
27019, 5809
5809, 26335
23873, 5810
11730, 5810
26091, 5810
9725, 5810
21777, 5810
5810, 13614
5810, 13667
16723, 5811
5811, 12403
20679, 5812
5812, 27100
18082, 5813
5813, 9911
21157, 5814
5814, 16807
14843, 5815
5815, 19990
16681, 5816
5816, 19391
22446, 5817
5817, 14712
27868, 5818
25496, 5818
5818, 16506
20338, 5819
5819, 25361
9039, 5820
5820, 23127
5820, 13244
11621, 5821
5821, 19439
15624, 5822
25712, 5822
9370, 5822
15210, 5822
11748, 5822
18137, 5822
22418, 5822
22367, 5822
17578, 5822
11318, 5822
24449, 5822
13094, 5822
17405, 5822
27857, 5822
16093, 5822
5822, 8795
14716, 5823
5823, 27170
17738, 5824
12731, 5824
5824, 10360
16839, 5825
5825, 21426
9900, 5826
5826, 23864
12406, 5827
5827, 12935
12337, 5828
5828, 19817
23741, 5829
15143, 5829
5829, 26619
22735, 5830
5830, 19151
15729, 5831
5831, 13352
20326, 5832
5832, 24449
21734, 5833
5833, 10832
15835, 5834
5834, 19575
23254, 5835
5835, 13767
19380, 5836
5836, 25219
18979, 5837
5837, 21128
5837, 25248
5837, 21452
5837, 22683
5837, 11179
5837, 17885
5837, 13172
5837, 25902
5837, 14188
5837, 11377
5837, 17763
5837, 24348
5837, 23462
5837, 10980
5837, 18741
5837, 11147
5837, 12187
5837, 23382
5837, 16118
5837, 17511
5837, 19777
5837, 12627
5837, 12831
5837, 23846
5837, 24023
5837, 8508
5837, 13037
5837, 24124
5837, 10458
5837, 12593
5837, 17172
5837, 13281
5837, 14253
5837, 24676
5837, 27376
5837, 15468
5837, 12568
5837, 27941
5837, 9405
5837, 18250
5837, 26453
5837, 21463
5837, 10615
5837, 10499
5837, 16887
26663, 5838
5838, 16145
11935, 5839
5839, 22394
5839, 12357
5839, 22281
25107, 5840
5840, 12488
8709, 5841
16994, 5841
24078, 5841
16348, 5841
21853, 5841
24189, 5841
20579, 5841
13593, 5841
5841, 21984
5841, 18690
27535, 5842
5842, 24571
21490, 5843
13422, 5843
5843, 10930
26733, 5844
24503, 5844
5844, 17704
25657, 5845
5845, 25462
22748, 5846
5846, 16527
9425, 5847
5847, 20694
5847, 19928
17628, 5848
24012, 5848
25451, 5848
22626, 5848
14726, 5848
12895, 5848
19446, 5848
21420, 5848
12770, 5848
15864, 5848
16378, 5848
21851, 5848
23689, 5848
18784, 5848
27008, 5848
11875, 5848
24475, 5848
27757, 5848
20684, 5848
21287, 5848
27115, 5848
24270, 5848
15160, 5848
13727, 5848
21144, 5848
12230, 5848
26361, 5848
8655, 5848
12691, 5848
27167, 5848
12374, 5848
16646, 5848
13669, 5848
16623, 5848
26626, 5848
27477, 5848
21338, 5848
14900, 5848
18711, 5848
21331, 5848
12450, 5848
11463, 5848
16204, 5848
21166, 5848
11801, 5848
12131, 5848
23584, 5848
27454, 5848
20456, 5848
21836, 5848
27843, 5848
16261, 5848
20183, 5848
11204, 5848
18803, 5848
14803, 5848
9123, 5848
24322, 5848
19932, 5848
16142, 5848
26120, 5848
16972, 5848
23223, 5848
16861, 5848
10796, 5848
21583, 5848
9236, 5848
21384, 5848
16314, 5848
12456, 5848
14098, 5848
27747, 5848
24865, 5848
21815, 5848
22145, 5848
16042, 5848
17079, 5848
20295, 5848
18883, 5848
9879, 5848
21663, 5848
19584, 5848
19185, 5848
13501, 5848
14423, 5848
27890, 5848
10698, 5848
23674, 5848
9544, 5848
19892, 5848
15145, 5848
23984, 5848
25613, 5848
26989, 5848
12609, 5848
20279, 5848
13375, 5848
19310, 5848
19020, 5848
10477, 5848
5848, 12865
23279, 5849
5849, 13946
25593, 5850
26220, 5850
16373, 5850
27604, 5850
9839, 5850
18146, 5850
19009, 5850
16121, 5850
17568, 5850
18189, 5850
24414, 5850
25192, 5850
27072, 5850
9594, 5850
18092, 5850
27230, 5850
19981, 5850
13127, 5850
16242, 5850
11751, 5850
25337, 5850
11343, 5850
20739, 5850
21545, 5850
19258, 5850
10493, 5850
27906, 5850
19837, 5850
23091, 5850
15445, 5850
12548, 5850
23947, 5850
26314, 5850
13049, 5850
17766, 5850
12145, 5850
9362, 5850
18126, 5850
13986, 5850
18132, 5850
22703, 5850
24995, 5850
22556, 5850
20167, 5850
8867, 5850
10608, 5850
16078, 5850
16652, 5850
13412, 5850
25433, 5850
23535, 5850
8954, 5850
8773, 5850
18293, 5850
22683, 5850
25402, 5850
22973, 5850
14114, 5850
27463, 5850
8685, 5850
18024, 5850
27421, 5850
23084, 5850
17390, 5850
25086, 5850
12108, 5850
23523, 5850
10280, 5850
25610, 5850
19037, 5850
15120, 5850
16622, 5850
12291, 5850
27302, 5850
16511, 5850
10517, 5850
14582, 5850
11657, 5850
21503, 5850
23682, 5850
13757, 5850
24405, 5850
15106, 5850
19140, 5850
23276, 5850
17092, 5850
10747, 5850
12097, 5850
15611, 5850
16096, 5850
14387, 5850
11148, 5850
18814, 5850
24179, 5850
24032, 5850
15393, 5850
20425, 5850
20715, 5850
9201, 5850
10664, 5850
21502, 5850
18986, 5850
19322, 5850
17902, 5850
13047, 5850
12862, 5850
13911, 5850
25768, 5850
19419, 5850
22165, 5850
19401, 5850
24042, 5850
24937, 5850
14325, 5850
10800, 5850
10174, 5850
17298, 5850
15948, 5850
21382, 5850
24201, 5850
22989, 5850
21823, 5850
18569, 5850
25929, 5850
14793, 5850
22153, 5850
9272, 5850
11377, 5850
22674, 5850
21692, 5850
21516, 5850
18174, 5850
27539, 5850
24474, 5850
23838, 5850
12874, 5850
15907, 5850
24220, 5850
8751, 5850
18898, 5850
27559, 5850
13377, 5850
10626, 5850
23138, 5850
23615, 5850
19757, 5850
16682, 5850
19804, 5850
15080, 5850
23268, 5850
21149, 5850
8473, 5850
20139, 5850
10343, 5850
11087, 5850
18043, 5850
21229, 5850
27061, 5850
24348, 5850
21660, 5850
22319, 5850
26048, 5850
20373, 5850
13803, 5850
24847, 5850
10980, 5850
26567, 5850
27754, 5850
20954, 5850
8898, 5850
13095, 5850
13439, 5850
23261, 5850
18741, 5850
10841, 5850
12657, 5850
21966, 5850
25373, 5850
20077, 5850
27771, 5850
25173, 5850
24379, 5850
21067, 5850
11455, 5850
22717, 5850
12152, 5850
22950, 5850
13077, 5850
27626, 5850
24691, 5850
17494, 5850
24959, 5850
10632, 5850
14439, 5850
13190, 5850
23855, 5850
9901, 5850
22608, 5850
11014, 5850
26418, 5850
22069, 5850
18203, 5850
22773, 5850
12788, 5850
14979, 5850
21523, 5850
20505, 5850
14417, 5850
27049, 5850
20400, 5850
11876, 5850
11070, 5850
26847, 5850
22511, 5850
11008, 5850
24402, 5850
12187, 5850
13402, 5850
16826, 5850
9632, 5850
12860, 5850
20042, 5850
23382, 5850
17051, 5850
24737, 5850
27758, 5850
26432, 5850
10375, 5850
19173, 5850
26516, 5850
23420, 5850
22002, 5850
22084, 5850
10981, 5850
20032, 5850
22956, 5850
13910, 5850
22214, 5850
27575, 5850
26869, 5850
15054, 5850
19832, 5850
21617, 5850
8798, 5850
15311, 5850
19250, 5850
21076, 5850
20493, 5850
11524, 5850
24106, 5850
12120, 5850
22435, 5850
19187, 5850
14294, 5850
13989, 5850
24291, 5850
9572, 5850
23666, 5850
16400, 5850
17511, 5850
16808, 5850
10859, 5850
19291, 5850
9765, 5850
15925, 5850
25136, 5850
18515, 5850
16989, 5850
12589, 5850
10675, 5850
20938, 5850
11125, 5850
18239, 5850
11136, 5850
24669, 5850
13792, 5850
18032, 5850
8720, 5850
20459, 5850
25653, 5850
27871, 5850
12891, 5850
12359, 5850
15410, 5850
22853, 5850
9796, 5850
9102, 5850
18617, 5850
27647, 5850
11492, 5850
12627, 5850
15469, 5850
21162, 5850
21543, 5850
14311, 5850
12249, 5850
16806, 5850
10310, 5850
19256, 5850
18893, 5850
12482, 5850
20590, 5850
20137, 5850
22563, 5850
25742, 5850
20423, 5850
9009, 5850
12500, 5850
19168, 5850
9328, 5850
19041, 5850
11126, 5850
23468, 5850
27867, 5850
23846, 5850
24859, 5850
21551, 5850
16401, 5850
12166, 5850
23791, 5850
21001, 5850
25294, 5850
14029, 5850
27210, 5850
8970, 5850
14157, 5850
26433, 5850
19059, 5850
20070, 5850
27699, 5850
12670, 5850
14645, 5850
22751, 5850
25153, 5850
21288, 5850
26955, 5850
21227, 5850
12318, 5850
10249, 5850
22930, 5850
25631, 5850
24250, 5850
21299, 5850
14498, 5850
22411, 5850
21343, 5850
23278, 5850
27620, 5850
16657, 5850
13737, 5850
16697, 5850
19435, 5850
11897, 5850
25931, 5850
10494, 5850
17824, 5850
18905, 5850
20856, 5850
10458, 5850
18459, 5850
11378, 5850
13944, 5850
27327, 5850
20668, 5850
18622, 5850
10112, 5850
13519, 5850
12247, 5850
20478, 5850
25374, 5850
15788, 5850
22188, 5850
24185, 5850
27143, 5850
22903, 5850
17303, 5850
10370, 5850
20734, 5850
26252, 5850
26421, 5850
16059, 5850
23737, 5850
11776, 5850
8818, 5850
24966, 5850
16171, 5850
13614, 5850
20442, 5850
15126, 5850
20111, 5850
27376, 5850
12903, 5850
13958, 5850
16875, 5850
13778, 5850
25652, 5850
18543, 5850
25353, 5850
9409, 5850
22523, 5850
19899, 5850
19289, 5850
20453, 5850
11740, 5850
9909, 5850
12996, 5850
27562, 5850
18864, 5850
17150, 5850
9840, 5850
24533, 5850
19101, 5850
10917, 5850
22984, 5850
18769, 5850
13935, 5850
25054, 5850
9545, 5850
26150, 5850
17960, 5850
13291, 5850
11282, 5850
16872, 5850
8555, 5850
18747, 5850
18210, 5850
26394, 5850
19895, 5850
10506, 5850
24824, 5850
21390, 5850
18233, 5850
18324, 5850
15159, 5850
19663, 5850
20179, 5850
26231, 5850
13858, 5850
17941, 5850
25026, 5850
15541, 5850
13997, 5850
21093, 5850
23228, 5850
14012, 5850
19730, 5850
18540, 5850
25486, 5850
12101, 5850
21732, 5850
27941, 5850
9493, 5850
14863, 5850
9065, 5850
13404, 5850
9197, 5850
11815, 5850
17802, 5850
27023, 5850
9323, 5850
27090, 5850
12654, 5850
13781, 5850
23411, 5850
8742, 5850
16067, 5850
17465, 5850
9791, 5850
27769, 5850
18018, 5850
23287, 5850
23335, 5850
12999, 5850
23083, 5850
18250, 5850
21935, 5850
26505, 5850
14611, 5850
9869, 5850
8474, 5850
14657, 5850
27198, 5850
15321, 5850
14132, 5850
20702, 5850
20678, 5850
13126, 5850
23281, 5850
27622, 5850
19838, 5850
15912, 5850
21040, 5850
9530, 5850
15455, 5850
27470, 5850
24731, 5850
25699, 5850
27126, 5850
17410, 5850
14276, 5850
21893, 5850
13136, 5850
8712, 5850
21798, 5850
8703, 5850
15503, 5850
17039, 5850
11920, 5850
9730, 5850
26970, 5850
22678, 5850
10867, 5850
27408, 5850
24569, 5850
14933, 5850
24854, 5850
10039, 5850
10587, 5850
17128, 5850
13581, 5850
25664, 5850
14158, 5850
26335, 5850
13267, 5850
21772, 5850
24877, 5850
27951, 5850
9099, 5850
10499, 5850
23625, 5850
9673, 5850
16887, 5850
26497, 5850
9475, 5850
5850, 26257
5850, 12337
26057, 5851
5851, 21159
17373, 5852
5852, 15794
5852, 18023
12044, 5853
5853, 24120
12542, 5854
5854, 27620
25091, 5855
5855, 26136
23732, 5856
18541, 5856
5856, 23478
19814, 5857
5857, 14684
8495, 5858
5858, 26070
13010, 5859
5859, 17020
17340, 5860
5860, 22164
10533, 5861
5861, 16592
22564, 5862
5862, 13094
18707, 5863
5863, 26341
27821, 5864
5864, 18580
17394, 5865
5865, 27213
17895, 5866
5866, 8879
18597, 5867
5867, 21362
15136, 5868
5868, 27131
18519, 5869
5869, 18955
19582, 5870
5870, 24847
21165, 5871
5871, 18684
12542, 5872
5872, 20226
12011, 5873
16750, 5873
20136, 5873
11743, 5873
26909, 5873
5873, 8728
16767, 5874
17689, 5874
18879, 5874
23773, 5874
12871, 5874
5874, 19540
10802, 5875
5875, 9112
22118, 5876
5876, 19284
24391, 5877
5877, 23676
5877, 8548
24161, 5878
25658, 5878
5878, 9868
8469, 5879
5879, 22119
15511, 5880
5880, 17876
19019, 5881
5881, 23947
26979, 5882
5882, 24083
23639, 5883
20014, 5883
20984, 5883
11511, 5883
25352, 5883
8675, 5883
10692, 5883
19039, 5883
14966, 5883
21430, 5883
15875, 5883
11793, 5883
16046, 5883
24561, 5883
8724, 5883
14261, 5883
11224, 5883
15838, 5883
5883, 24232
5883, 16014
5883, 11051
5883, 25656
26776, 5884
5884, 13620
15577, 5885
11396, 5885
15038, 5885
27691, 5885
5885, 14712
8616, 5886
5886, 24334
15387, 5887
5887, 14879
22855, 5888
5888, 23837
26374, 5889
15576, 5889
25356, 5889
5889, 16569
5889, 14961
23908, 5890
5890, 17996
24391, 5891
5891, 18941
9724, 5892
5892, 22126
22032, 5893
5893, 18449
17523, 5894
5894, 15641
5894, 21431
27589, 5895
5895, 11439
23286, 5896
5896, 15928
10042, 5897
5897, 11748
11347, 5898
5898, 20685
20295, 5899
5899, 19851
5899, 26975
14178, 5900
5900, 19156
19290, 5901
11050, 5901
5901, 14538
16752, 5902
5902, 18242
5902, 23100
5902, 21155
20597, 5903
5903, 18573
5903, 20482
19155, 5904
5904, 14601
11756, 5905
5905, 24012
17285, 5906
5906, 21290
26211, 5907
19589, 5907
5907, 14090
16803, 5908
5908, 22614
15539, 5909
5909, 17683
10405, 5910
21242, 5910
5910, 26611
22944, 5911
5911, 19080
24319, 5912
5912, 16452
9452, 5913
5913, 17421
19695, 5914
5914, 12031
13082, 5915
5915, 26037
11034, 5916
5916, 22595
5916, 26769
5916, 19823
17104, 5917
5917, 22199
22008, 5918
16789, 5918
5918, 23828
14507, 5919
5919, 23406
16854, 5920
5920, 11918
16850, 5921
5921, 11074
5921, 11176
5921, 14422
23117, 5922
5922, 26273
14832, 5923
14482, 5923
5923, 25083
11655, 5924
5924, 13926
5924, 26013
25712, 5925
15403, 5925
27560, 5925
19575, 5925
16869, 5925
11504, 5925
23478, 5925
5925, 27431
13992, 5926
5926, 9878
25851, 5927
5927, 15221
14714, 5928
5928, 19609
14809, 5929
5929, 22793
13570, 5930
5930, 22365
19179, 5931
5931, 18983
24662, 5932
15388, 5932
5932, 14019
27183, 5933
5933, 18219
23929, 5934
5934, 14476
5934, 23244
9496, 5935
5935, 19459
11962, 5936
12140, 5936
27243, 5936
24232, 5936
22482, 5936
26801, 5936
14653, 5936
11714, 5936
9740, 5936
17546, 5936
5936, 22040
15098, 5937
22198, 5937
18743, 5937
14749, 5937
16422, 5937
14135, 5937
5937, 22442
25747, 5938
19070, 5938
5938, 26301
5938, 27885
16436, 5939
22276, 5939
15224, 5939
5939, 15789
5939, 24336
5939, 23165
22108, 5940
5940, 16491
25109, 5941
10868, 5941
27024, 5941
12046, 5941
17677, 5941
5941, 15832
14553, 5942
5942, 15899
10267, 5943
5943, 10445
9267, 5944
25119, 5944
17239, 5944
23275, 5944
5944, 23606
16904, 5945
5945, 11710
5945, 19099
8628, 5946
5946, 23624
24152, 5947
5947, 17910
19473, 5948
5948, 10280
17109, 5949
25280, 5949
5949, 10909
17728, 5950
5950, 11707
14891, 5951
5951, 25115
25156, 5952
19855, 5952
14578, 5952
5952, 11200
11114, 5953
27508, 5953
20701, 5953
5953, 20078
17073, 5954
5954, 26341
23594, 5955
23677, 5955
5955, 26335
9888, 5956
5956, 23407
26115, 5957
27238, 5957
5957, 16826
12625, 5958
21263, 5958
5958, 19435
20697, 5959
5959, 21925
19506, 5960
24511, 5960
19215, 5960
16051, 5960
14736, 5960
5960, 18706
24391, 5961
5961, 10747
20884, 5962
5962, 26510
25278, 5963
5963, 15039
12642, 5964
5964, 22682
18292, 5965
5965, 24953
14714, 5966
5966, 8516
20787, 5967
5967, 19986
5967, 9589
5967, 18111
9171, 5968
5968, 11664
15847, 5969
5969, 11421
17380, 5970
5970, 20625
16478, 5971
5971, 19898
14506, 5972
5972, 27423
14770, 5973
19644, 5973
5973, 21305
9267, 5974
17342, 5974
19418, 5974
5974, 17755
15847, 5975
5975, 23871
9769, 5976
5976, 8898
5976, 8574
5976, 11184
21535, 5977
5977, 12186
21208, 5978
18908, 5978
10157, 5978
5978, 26267
15717, 5979
5979, 9833
19989, 5980
9834, 5980
5980, 13722
12542, 5981
5981, 16911
24905, 5982
5982, 18426
10869, 5983
5983, 16400
13703, 5984
5984, 10661
5984, 25288
21230, 5985
14523, 5985
25108, 5985
13947, 5985
15253, 5985
16699, 5985
17520, 5985
17723, 5985
27888, 5985
11093, 5985
16291, 5985
20064, 5985
26263, 5985
12103, 5985
16275, 5985
21303, 5985
9617, 5985
19636, 5985
5985, 10328
12337, 5986
5986, 25303
23167, 5987
5987, 11748
24391, 5988
5988, 18971
9862, 5989
5989, 23474
20339, 5990
5990, 25410
16241, 5991
5991, 13866
20117, 5992
17910, 5992
12641, 5992
13644, 5992
27323, 5992
16100, 5992
15295, 5992
27389, 5992
15970, 5992
13290, 5992
18986, 5992
8710, 5992
12483, 5992
22627, 5992
11351, 5992
18203, 5992
24737, 5992
23432, 5992
27901, 5992
24669, 5992
25383, 5992
17283, 5992
13498, 5992
10885, 5992
10112, 5992
14376, 5992
25900, 5992
8555, 5992
16453, 5992
22728, 5992
18525, 5992
25323, 5992
17595, 5992
18224, 5992
5992, 19569
5992, 12337
18406, 5993
5993, 26496
11420, 5994
5994, 12233
22008, 5995
5995, 11957
15199, 5996
5996, 23915
9598, 5997
27704, 5997
5997, 14903
13888, 5998
5998, 9074
5998, 8465
14289, 5999
5999, 22872
14470, 6000
6000, 24785
25038, 6001
6001, 27434
12337, 6002
6002, 27526
12337, 6003
6003, 9637
21117, 6004
6004, 8652
15894, 6005
6005, 18773
24754, 6006
6006, 19255
21116, 6007
6007, 8760
21681, 6008
6008, 23356
27497, 6009
6009, 23147
21553, 6010
6010, 13276
21751, 6011
6011, 10449
23929, 6012
6012, 17383
22633, 6013
6013, 24669
9069, 6014
6014, 24593
8717, 6015
6015, 8557
24277, 6016
20701, 6016
6016, 11225
11750, 6017
6017, 11842
17228, 6018
6018, 21583
12337, 6019
6019, 20649
8497, 6020
20835, 6020
6020, 22582
19567, 6021
6021, 20244
6021, 17007
13221, 6022
6022, 27828
25305, 6023
6023, 21971
23508, 6024
6024, 25458
6024, 15640
6024, 13299
20884, 6025
6025, 9768
6025, 18340
19023, 6026
14010, 6026
13813, 6026
6026, 16011
14219, 6027
26508, 6027
6027, 12515
27506, 6028
19432, 6028
8934, 6028
6028, 15480
10031, 6029
14069, 6029
27188, 6029
15840, 6029
15617, 6029
6029, 20048
23684, 6030
6030, 24064
9862, 6031
6031, 11590
12364, 6032
6032, 8670
14141, 6033
6033, 23068
21165, 6034
6034, 17341
14571, 6035
6035, 14618
13933, 6036
6036, 8867
13545, 6037
6037, 27273
23538, 6038
6038, 17270
21365, 6039
6039, 9812
26247, 6040
6040, 24804
20929, 6041
6041, 21502
20604, 6042
11440, 6042
14176, 6042
25278, 6042
6042, 24336
17566, 6043
6043, 18675
21928, 6044
6044, 16395
19106, 6045
11999, 6045
24521, 6045
6045, 14842
16043, 6046
6046, 12069
26903, 6047
6047, 23391
6047, 10965
11279, 6048
8760, 6048
14015, 6048
10918, 6048
8669, 6048
20213, 6048
6048, 8795
17844, 6049
6049, 18845
15733, 6050
6050, 15143
12398, 6051
6051, 12957
9724, 6052
6052, 22126
24884, 6053
6053, 24247
10322, 6054
6054, 14521
11546, 6055
6055, 20777
6055, 26074
22297, 6056
6056, 23248
12968, 6057
6057, 23942
12474, 6058
6058, 16661
12112, 6059
6059, 12858
25318, 6060
6060, 25043
14220, 6061
6061, 8522
18636, 6062
6062, 9541
14133, 6063
6063, 13642
21868, 6064
6064, 26538
13732, 6065
6065, 16219
17198, 6066
6066, 18219
13025, 6067
18916, 6067
6067, 25378
14693, 6068
6068, 15128
6068, 19812
21165, 6069
6069, 16609
10294, 6070
9756, 6070
16830, 6070
24030, 6070
13956, 6070
6070, 25551
24976, 6071
6071, 17510
27617, 6072
6072, 18107
13009, 6073
6073, 11906
11274, 6074
6074, 24028
17867, 6075
6075, 26727
18729, 6076
6076, 12278
8830, 6077
6077, 26881
16558, 6078
6078, 20744
10900, 6079
6079, 14696
13540, 6080
16973, 6080
6080, 27540
13916, 6081
16348, 6081
14013, 6081
14313, 6081
23699, 6081
24323, 6081
13031, 6081
17259, 6081
23785, 6081
6081, 9628
12337, 6082
6082, 13728
22312, 6083
6083, 27682
8496, 6084
6084, 14232
17795, 6085
22335, 6085
26047, 6085
10090, 6085
22923, 6085
26112, 6085
19966, 6085
15194, 6085
6085, 15127
15799, 6086
6086, 19699
6086, 13835
6086, 14942
11778, 6087
6087, 24007
14799, 6088
6088, 18199
26807, 6089
24719, 6089
20793, 6089
6089, 25426
22029, 6090
6090, 19552
11163, 6091
6091, 13663
6091, 25905
10503, 6092
6092, 17776
6092, 12536
19375, 6093
6093, 10280
6093, 16725
27033, 6094
6094, 14290
26625, 6095
6095, 16710
26105, 6096
6096, 11589
22864, 6097
6097, 20608
23256, 6098
6098, 21950
23427, 6099
21909, 6099
16562, 6099
19594, 6099
18896, 6099
11528, 6099
15982, 6099
9276, 6099
23339, 6099
12727, 6099
8890, 6099
13391, 6099
18826, 6099
26617, 6099
16056, 6099
23852, 6099
15177, 6099
6099, 18078
10204, 6100
6100, 14271
9215, 6101
6101, 25912
22959, 6102
6102, 20378
6102, 21464
12757, 6103
6103, 21595
26561, 6104
27594, 6104
15134, 6104
20607, 6104
6104, 24562
15258, 6105
25205, 6105
10491, 6105
11826, 6105
24609, 6105
20761, 6105
23776, 6105
15115, 6105
6105, 25308
9249, 6106
6106, 26996
16846, 6107
6107, 24590
26398, 6108
6108, 18125
18839, 6109
6109, 23623
15043, 6110
6110, 17206
24822, 6111
26574, 6111
6111, 16392
12112, 6112
6112, 12858
21639, 6113
6113, 15002
14729, 6114
13774, 6114
6114, 25768
11189, 6115
13479, 6115
22208, 6115
16523, 6115
22868, 6115
6115, 17442
25278, 6116
6116, 24336
6116, 8816
21439, 6117
6117, 23260
9560, 6118
6118, 17578
8871, 6119
6119, 14736
18744, 6120
6120, 22035
10196, 6121
6121, 21831
18873, 6122
6122, 20484
24331, 6123
6123, 16155
23000, 6124
6124, 9820
26118, 6125
6125, 17904
27436, 6126
6126, 14925
18683, 6127
6127, 22309
21425, 6128
6128, 27819
25078, 6129
6129, 18304
21557, 6130
6130, 11908
24061, 6131
14590, 6131
6131, 17146
13166, 6132
6132, 15532
12330, 6133
6133, 17276
6133, 18150
17505, 6134
6134, 15400
6134, 19930
18124, 6135
26894, 6135
17397, 6135
22581, 6135
25585, 6135
19991, 6135
26806, 6135
11458, 6135
21716, 6135
21750, 6135
19162, 6135
23392, 6135
16286, 6135
21254, 6135
9383, 6135
22154, 6135
10390, 6135
6135, 10708
18091, 6136
6136, 11948
9640, 6137
6137, 15624
6137, 19100
24440, 6138
6138, 15360
13706, 6139
6139, 23953
17728, 6140
6140, 16300
12337, 6141
6141, 18638
11560, 6142
6142, 18123
22504, 6143
6143, 25981
11468, 6144
6144, 18436
16900, 6145
6145, 22903
21165, 6146
6146, 17359
12542, 6147
6147, 11351
22280, 6148
6148, 13603
9319, 6149
6149, 25520
15724, 6150
6150, 26716
21923, 6151
24422, 6151
24120, 6151
6151, 9749
24670, 6152
6152, 22893
16902, 6153
10557, 6153
12325, 6153
6153, 25008
6153, 27113
6153, 25730
6153, 27312
6153, 9296
6153, 26193
6153, 20430
6153, 19041
6153, 25692
6153, 24356
8829, 6154
6154, 24977
9274, 6155
6155, 19322
6155, 8974
14809, 6156
6156, 27677
12684, 6157
6157, 23166
27001, 6158
6158, 24265
25978, 6159
6159, 22688
21026, 6160
23816, 6160
18006, 6160
17369, 6160
21454, 6160
11733, 6160
25704, 6160
24132, 6160
23446, 6160
24049, 6160
8638, 6160
23736, 6160
25969, 6160
25502, 6160
15571, 6160
18243, 6160
17798, 6160
12253, 6160
14983, 6160
22884, 6160
19985, 6160
11176, 6160
26323, 6160
24050, 6160
14422, 6160
13445, 6160
10037, 6160
21216, 6160
18229, 6160
13630, 6160
27727, 6160
13515, 6160
26856, 6160
10716, 6160
9119, 6160
22935, 6160
10857, 6160
17359, 6160
13120, 6160
23530, 6160
16577, 6160
9793, 6160
15166, 6160
21050, 6160
18684, 6160
13767, 6160
27331, 6160
10307, 6160
24772, 6160
16499, 6160
21684, 6160
17547, 6160
20132, 6160
20756, 6160
26473, 6160
24729, 6160
26813, 6160
10760, 6160
24990, 6160
6160, 17526
15164, 6161
6161, 25434
23748, 6162
6162, 24737
15096, 6163
17325, 6163
17144, 6163
6163, 23330
15169, 6164
6164, 9311
26175, 6165
6165, 25856
20066, 6166
6166, 13953
26765, 6167
6167, 25497
13596, 6168
6168, 27260
11160, 6169
6169, 24306
27804, 6170
6170, 24917
24415, 6171
9514, 6171
27462, 6171
24826, 6171
26182, 6171
6171, 16171
12551, 6172
6172, 18233
11346, 6173
6173, 18931
23193, 6174
21844, 6174
6174, 16790
12651, 6175
6175, 27147
20884, 6176
6176, 18340
24546, 6177
6177, 17361
9997, 6178
6178, 13504
21308, 6179
6179, 22153
18775, 6180
6180, 24163
22318, 6181
6181, 23957
15293, 6182
12427, 6182
6182, 10222
25645, 6183
6183, 9774
24957, 6184
6184, 9793
9520, 6185
6185, 24710
24926, 6186
6186, 11318
20494, 6187
6187, 25095
9496, 6188
6188, 19459
13848, 6189
6189, 13498
16104, 6190
21917, 6190
15890, 6190
20014, 6190
6190, 27196
6190, 10480
6190, 14932
6190, 23053
20891, 6191
6191, 11290
12337, 6192
6192, 15284
19973, 6193
6193, 25777
12273, 6194
18112, 6194
11153, 6194
12126, 6194
23348, 6194
9449, 6194
8500, 6194
13612, 6194
15042, 6194
15280, 6194
15314, 6194
13040, 6194
24466, 6194
16431, 6194
21031, 6194
6194, 16310
16617, 6195
6195, 13016
14001, 6196
6196, 22865
14323, 6197
6197, 17208
13743, 6198
6198, 15763
11655, 6199
6199, 26013
13949, 6200
6200, 11741
11580, 6201
6201, 10115
22621, 6202
6202, 17555
11187, 6203
6203, 10062
6203, 21097
18230, 6204
6204, 8830
18099, 6205
6205, 10542
14201, 6206
25073, 6206
17091, 6206
27744, 6206
6206, 19788
21082, 6207
6207, 12378
13839, 6208
6208, 13227
15699, 6209
6209, 20484
18882, 6210
6210, 19685
23567, 6211
22603, 6211
6211, 8923
10408, 6212
6212, 14066
23562, 6213
6213, 14942
25586, 6214
21672, 6214
24514, 6214
6214, 19083
25300, 6215
6215, 26781
17711, 6216
6216, 23031
10798, 6217
6217, 14390
6217, 18802
25626, 6218
6218, 20137
21165, 6219
6219, 19002
10309, 6220
6220, 17486
16817, 6221
15143, 6221
6221, 22317
8718, 6222
6222, 12562
20884, 6223
6223, 8643
13376, 6224
6224, 15881
14787, 6225
6225, 9114
6225, 18304
27751, 6226
6226, 17580
12870, 6227
6227, 8760
21271, 6228
6228, 20860
15978, 6229
6229, 22482
9265, 6230
6230, 14497
16115, 6231
6231, 17936
6231, 10082
26315, 6232
6232, 12479
18585, 6233
6233, 18137
19035, 6234
6234, 11143
10473, 6235
6235, 11748
19016, 6236
6236, 8594
18854, 6237
19266, 6237
6237, 24194
23255, 6238
6238, 9790
23353, 6239
21843, 6239
25494, 6239
9990, 6239
24728, 6239
22370, 6239
9086, 6239
6239, 14108
24679, 6240
6240, 9377
18953, 6241
6241, 14526
11569, 6242
6242, 21609
24899, 6243
6243, 17018
25515, 6244
6244, 10809
20152, 6245
15548, 6245
6245, 27864
6245, 27156
19102, 6246
6246, 25901
18973, 6247
6247, 16078
12337, 6248
6248, 18114
6248, 9295
6248, 14650
11895, 6249
19661, 6249
6249, 20969
20108, 6250
6250, 9453
14714, 6251
6251, 16372
16203, 6252
6252, 11074
16058, 6253
10432, 6253
6253, 9100
22395, 6254
6254, 26719
6254, 22003
6254, 16963
12306, 6255
6255, 14742
10118, 6256
6256, 15240
6256, 17793
17350, 6257
6257, 10760
8639, 6258
6258, 9796
27379, 6259
6259, 26031
15464, 6260
6260, 16361
9807, 6261
18056, 6261
13315, 6261
6261, 9399
16771, 6262
6262, 11896
22671, 6263
6263, 8881
15431, 6264
6264, 27620
12822, 6265
6265, 14327
21707, 6266
6266, 21162
13963, 6267
6267, 23158
18614, 6268
6268, 17712
21250, 6269
6269, 18618
10272, 6270
6270, 24600
24331, 6271
6271, 20937
19169, 6272
6272, 27080
21127, 6273
6273, 22685
12381, 6274
6274, 23272
9095, 6275
6275, 19195
26391, 6276
6276, 26856
27318, 6277
6277, 21533
23580, 6278
6278, 24538
15595, 6279
6279, 11195
6279, 19220
26945, 6280
6280, 24669
26188, 6281
6281, 24795
6281, 15162
23685, 6282
23642, 6282
6282, 27043
21165, 6283
6283, 25007
16669, 6284
6284, 26801
15354, 6285
6285, 18279
23858, 6286
6286, 10181
13863, 6287
23308, 6287
6287, 14675
25629, 6288
6288, 11749
24122, 6289
6289, 17512
18269, 6290
18219, 6290
6290, 9805
15037, 6291
6291, 15790
6291, 11215
13302, 6292
6292, 20122
17747, 6293
6293, 24965
12543, 6294
6294, 8710
18797, 6295
6295, 13922
8857, 6296
6296, 17283
17307, 6297
11010, 6297
6297, 11969
20884, 6298
6298, 14385
26191, 6299
6299, 10111
11006, 6300
6300, 14681
6300, 27609
11830, 6301
6301, 17713
20884, 6302
6302, 27026
11630, 6303
6303, 14298
14990, 6304
6304, 20669
10928, 6305
6305, 18162
10138, 6306
8674, 6306
19879, 6306
8957, 6306
19630, 6306
14756, 6306
21975, 6306
12962, 6306
6306, 18078
20385, 6307
6307, 9984
13043, 6308
6308, 11897
6308, 12837
6308, 16254
17775, 6309
6309, 13397
10901, 6310
6310, 20134
12265, 6311
6311, 12570
20884, 6312
6312, 22784
16298, 6313
6313, 13437
6313, 16726
19135, 6314
6314, 27352
10288, 6315
11755, 6315
24929, 6315
13513, 6315
8834, 6315
16917, 6315
16289, 6315
10996, 6315
16615, 6315
25647, 6315
15225, 6315
27155, 6315
23288, 6315
18915, 6315
14165, 6315
19036, 6315
10350, 6315
18475, 6315
18228, 6315
20890, 6315
24637, 6315
17527, 6315
21514, 6315
27455, 6315
26075, 6315
9942, 6315
26513, 6315
9336, 6315
14935, 6315
15117, 6315
22941, 6315
17171, 6315
26277, 6315
17531, 6315
20007, 6315
8655, 6315
21421, 6315
12374, 6315
22354, 6315
18037, 6315
13155, 6315
23302, 6315
26639, 6315
17189, 6315
26632, 6315
14041, 6315
25930, 6315
12926, 6315
18425, 6315
10444, 6315
26458, 6315
15329, 6315
18975, 6315
14374, 6315
15910, 6315
19918, 6315
12778, 6315
25670, 6315
20869, 6315
10581, 6315
10531, 6315
14956, 6315
20769, 6315
27822, 6315
16456, 6315
26120, 6315
24351, 6315
9010, 6315
15275, 6315
19536, 6315
27635, 6315
17225, 6315
20234, 6315
15364, 6315
20600, 6315
26933, 6315
27928, 6315
17591, 6315
27747, 6315
10248, 6315
18506, 6315
27429, 6315
16042, 6315
20874, 6315
10575, 6315
16884, 6315
20166, 6315
26890, 6315
12385, 6315
14203, 6315
21628, 6315
13893, 6315
14727, 6315
18841, 6315
24748, 6315
19310, 6315
15412, 6315
23374, 6315
6315, 27531
9237, 6316
6316, 11284
19633, 6317
6317, 18336
6317, 23591
12958, 6318
6318, 14943
23328, 6319
6319, 14310
17238, 6320
6320, 9775
9143, 6321
6321, 18190
22278, 6322
14766, 6322
20294, 6322
26100, 6322
13461, 6322
21882, 6322
6322, 10280
19716, 6323
18787, 6323
6323, 10186
9048, 6324
6324, 9632
8851, 6325
6325, 8695
17926, 6326
6326, 20399
22345, 6327
6327, 19603
25578, 6328
20487, 6328
17323, 6328
8917, 6328
22782, 6328
6328, 20596
6328, 10293
15248, 6329
6329, 20860
6329, 13460
16488, 6330
6330, 11820
15050, 6331
6331, 25407
6331, 19841
26149, 6332
6332, 21072
16685, 6333
6333, 22839
6333, 19897
25640, 6334
6334, 18986
14965, 6335
6335, 16600
26559, 6336
6336, 10573
11728, 6337
6337, 20976
16728, 6338
6338, 16532
9024, 6339
6339, 14659
10273, 6340
6340, 24943
19085, 6341
6341, 18119
27076, 6342
26597, 6342
17536, 6342
21191, 6342
6342, 12715
6342, 9069
24331, 6343
6343, 14505
17728, 6344
6344, 13307
21165, 6345
6345, 13797
11214, 6346
6346, 13468
13068, 6347
6347, 22558
24667, 6348
6348, 16552
6348, 14475
6348, 17454
27283, 6349
6349, 16078
12337, 6350
6350, 17997
6350, 12341
20112, 6351
6351, 12295
6351, 26818
6351, 26727
13058, 6352
6352, 14678
12376, 6353
6353, 19227
10524, 6354
6354, 25704
13960, 6355
6355, 22733
24779, 6356
6356, 17045
9332, 6357
6357, 17490
14902, 6358
6358, 27017
23619, 6359
6359, 16613
9365, 6360
6360, 22495
17970, 6361
6361, 16725
18795, 6362
15355, 6362
21668, 6362
10208, 6362
6362, 16537
10790, 6363
6363, 14524
12378, 6364
14735, 6364
23782, 6364
6364, 9695
12557, 6365
6365, 8699
22474, 6366
23464, 6366
20475, 6366
25440, 6366
25708, 6366
17166, 6366
16576, 6366
25278, 6366
6366, 13453
9455, 6367
6367, 14117
8986, 6368
6368, 13528
10578, 6369
6369, 24081
15689, 6370
11578, 6370
16237, 6370
6370, 8867
22499, 6371
6371, 26335
25574, 6372
6372, 18052
8812, 6373
6373, 27565
17350, 6374
6374, 11597
20206, 6375
15694, 6375
12026, 6375
9502, 6375
26468, 6375
6375, 12337
6375, 22248
11435, 6376
6376, 20397
9423, 6377
6377, 21094
25566, 6378
6378, 10251
19562, 6379
6379, 17290
22525, 6380
6380, 8622
10719, 6381
11266, 6381
6381, 19547
24400, 6382
6382, 25111
26148, 6383
6383, 16735
24391, 6384
6384, 13920
18817, 6385
6385, 15632
10281, 6386
6386, 26392
9958, 6387
6387, 16710
16470, 6388
6388, 21811
26790, 6389
6389, 18019
23834, 6390
10566, 6390
6390, 22843
21712, 6391
6391, 11589
6391, 16730
24391, 6392
6392, 27624
15226, 6393
6393, 16407
6393, 20938
6393, 19436
6393, 14665
6393, 12944
6393, 25486
6393, 19715
6393, 16447
12025, 6394
12473, 6394
15732, 6394
12086, 6394
10061, 6394
6394, 24387
6394, 19395
9862, 6395
6395, 10155
20884, 6396
6396, 9626
16604, 6397
6397, 11284
6397, 26024
26720, 6398
6398, 21437
21694, 6399
6399, 23142
10550, 6400
6400, 11459
20884, 6401
6401, 12585
23703, 6402
6402, 9763
12719, 6403
6403, 27310
14292, 6404
6404, 26616
15847, 6405
6405, 25187
25380, 6406
24307, 6406
6406, 20969
9741, 6407
6407, 12928
12542, 6408
6408, 21579
10383, 6409
6409, 16897
17848, 6410
6410, 20005
6410, 19422
14573, 6411
15562, 6411
6411, 10386
17273, 6412
6412, 26012
23854, 6413
6413, 21783
17192, 6414
6414, 24941
23451, 6415
6415, 18971
26910, 6416
6416, 13954
12259, 6417
6417, 14520
16674, 6418
6418, 18865
12337, 6419
6419, 10845
16094, 6420
6420, 21872
6420, 15388
14876, 6421
6421, 22728
14832, 6422
6422, 26250
19970, 6423
6423, 26033
12337, 6424
6424, 13881
10336, 6425
6425, 10141
12167, 6426
6426, 25706
10646, 6427
6427, 13837
9375, 6428
6428, 10062
6428, 23591
27720, 6429
6429, 18123
24611, 6430
6430, 22632
25423, 6431
6431, 16452
17318, 6432
6432, 11876
19146, 6433
6433, 26843
13203, 6434
6434, 17293
14588, 6435
6435, 27328
20129, 6436
26571, 6436
11060, 6436
6436, 21618
13362, 6437
6437, 10152
27267, 6438
6438, 14816
25712, 6439
24849, 6439
6439, 21665
25566, 6440
6440, 19205
18176, 6441
9196, 6441
6441, 16364
6441, 9673
24759, 6442
6442, 10222
9896, 6443
6443, 20375
18611, 6444
16820, 6444
14162, 6444
17980, 6444
27144, 6444
17333, 6444
6444, 17629
24344, 6445
6445, 14438
11090, 6446
6446, 19032
12973, 6447
6447, 24796
24199, 6448
6448, 15481
12337, 6449
6449, 14980
20202, 6450
6450, 14687
22013, 6451
11172, 6451
6451, 18686
25478, 6452
25027, 6452
15216, 6452
25698, 6452
9118, 6452
24774, 6452
16372, 6452
20983, 6452
18758, 6452
23807, 6452
11507, 6452
9918, 6452
14238, 6452
19429, 6452
27590, 6452
22699, 6452
9940, 6452
27736, 6452
11908, 6452
21073, 6452
9399, 6452
22351, 6452
9714, 6452
24907, 6452
20768, 6452
25215, 6452
12310, 6452
23581, 6452
13588, 6452
20083, 6452
27634, 6452
15766, 6452
9238, 6452
13904, 6452
10903, 6452
26961, 6452
9969, 6452
14028, 6452
25361, 6452
16556, 6452
27776, 6452
19778, 6452
26978, 6452
26510, 6452
24786, 6452
18997, 6452
14096, 6452
22201, 6452
18829, 6452
24705, 6452
23519, 6452
17451, 6452
20465, 6452
6452, 17526
14752, 6453
6453, 15634
24391, 6454
6454, 11216
26595, 6455
15773, 6455
19469, 6455
23379, 6455
23461, 6455
13309, 6455
26658, 6455
17173, 6455
22417, 6455
26203, 6455
22254, 6455
21973, 6455
10357, 6455
19048, 6455
9952, 6455
25401, 6455
27507, 6455
25147, 6455
6455, 17279
6455, 20419
17728, 6456
6456, 27322
26794, 6457
6457, 13083
13424, 6458
6458, 16479
10740, 6459
18927, 6459
18881, 6459
6459, 20945
15231, 6460
12400, 6460
19867, 6460
15044, 6460
14930, 6460
17159, 6460
6460, 11836
6460, 10885
6460, 21772
12882, 6461
22329, 6461
6461, 10105
8853, 6462
6462, 22265
6462, 26473
14768, 6463
17096, 6463
6463, 19435
13831, 6464
6464, 15057
22193, 6465
6465, 25123
21837, 6466
6466, 20854
19908, 6467
6467, 18656
14823, 6468
6468, 20142
16827, 6469
6469, 23840
23948, 6470
6470, 22490
21385, 6471
6471, 18993
6471, 13648
26058, 6472
6472, 25383
27219, 6473
6473, 18484
27714, 6474
6474, 13879
26376, 6475
6475, 20244
12594, 6476
6476, 22167
6476, 26161
24128, 6477
6477, 17163
6477, 12842
14252, 6478
6478, 26811
13883, 6479
6479, 12252
10813, 6480
6480, 19072
6480, 17591
25477, 6481
6481, 19974
23078, 6482
6482, 14329
12112, 6483
6483, 12858
19046, 6484
6484, 13264
10911, 6485
6485, 17362
6485, 10988
17021, 6486
8872, 6486
24096, 6486
16348, 6486
13966, 6486
19807, 6486
13271, 6486
6486, 15247
18634, 6487
6487, 12855
6487, 13020
11379, 6488
6488, 15768
21537, 6489
6489, 20090
20260, 6490
6490, 12598
10158, 6491
6491, 16684
9286, 6492
6492, 16359
21767, 6493
6493, 12956
6493, 21581
24363, 6494
6494, 27030
15450, 6495
6495, 26939
18595, 6496
6496, 27711
20884, 6497
6497, 19642
24157, 6498
6498, 22931
8990, 6499
6499, 27901
17158, 6500
6500, 23853
14489, 6501
23663, 6501
6501, 14463
23707, 6502
6502, 24936
22886, 6503
6503, 14308
22748, 6504
6504, 16527
24370, 6505
6505, 19224
6505, 9462
15226, 6506
6506, 12548
6506, 25617
6506, 11016
6506, 10841
6506, 19327
6506, 14447
6506, 18170
6506, 21390
6506, 15541
6506, 9730
11919, 6507
6507, 19855
22221, 6508
6508, 19964
10012, 6509
6509, 11903
22211, 6510
19236, 6510
13129, 6510
9006, 6510
6510, 16522
20595, 6511
6511, 21293
26482, 6512
6512, 14798
6512, 24816
12933, 6513
6513, 27189
25883, 6514
6514, 11589
9175, 6515
6515, 9420
24803, 6516
22312, 6516
6516, 27682
16761, 6517
6517, 15528
16216, 6518
11100, 6518
6518, 21806
22454, 6519
6519, 11714
24141, 6520
6520, 25568
9029, 6521
6521, 14889
25641, 6522
6522, 20163
23881, 6523
6523, 27492
6523, 23336
17315, 6524
23030, 6524
27265, 6524
15233, 6524
6524, 11111
17118, 6525
6525, 26341
17597, 6526
18798, 6526
6526, 10098
22898, 6527
6527, 26943
10636, 6528
6528, 25540
17666, 6529
6529, 19066
15992, 6530
6530, 26818
11397, 6531
6531, 18620
15528, 6532
19998, 6532
6532, 21529
24566, 6533
6533, 17803
21468, 6534
6534, 23098
9580, 6535
6535, 14341
6535, 12867
9633, 6536
10243, 6536
6536, 15853
27268, 6537
26496, 6537
10792, 6537
19156, 6537
14180, 6537
15713, 6537
26455, 6537
25967, 6537
22872, 6537
18702, 6537
22790, 6537
21877, 6537
6537, 25831
17076, 6538
6538, 14568
16416, 6539
6539, 23081
25278, 6540
6540, 9932
25181, 6541
6541, 11867
25892, 6542
6542, 15400
6542, 25893
23958, 6543
6543, 20919
8739, 6544
6544, 22182
17708, 6545
6545, 24292
9133, 6546
6546, 25422
23491, 6547
6547, 16420
14116, 6548
6548, 8481
13961, 6549
24709, 6549
19156, 6549
6549, 20209
24148, 6550
6550, 22493
15847, 6551
6551, 26724
27226, 6552
13714, 6552
6552, 27620
9885, 6553
11515, 6553
15074, 6553
23704, 6553
26743, 6553
26155, 6553
6553, 19960
27440, 6554
20563, 6554
15338, 6554
6554, 15243
10351, 6555
6555, 26793
21616, 6556
6556, 13983
12337, 6557
6557, 8597
25278, 6558
6558, 21335
12642, 6559
6559, 20736
19399, 6560
6560, 10112
27333, 6561
6561, 24160
16287, 6562
6562, 18486
27257, 6563
13805, 6563
6563, 10586
24301, 6564
16206, 6564
13878, 6564
6564, 14171
27778, 6565
13998, 6565
15357, 6565
21969, 6565
6565, 27715
24545, 6566
6566, 11589
17933, 6567
6567, 24669
23041, 6568
26899, 6568
6568, 18353
16575, 6569
20671, 6569
6569, 25551
20242, 6570
6570, 10112
16651, 6571
6571, 18382
14976, 6572
6572, 20600
21385, 6573
6573, 9124
12337, 6574
6574, 13201
13618, 6575
24425, 6575
16465, 6575
6575, 10141
24727, 6576
6576, 11844
12192, 6577
6577, 25711
8904, 6578
6578, 13228
16281, 6579
6579, 25098
6579, 27270
22223, 6580
6580, 21317
6580, 11241
25278, 6581
6581, 14481
27481, 6582
6582, 11821
6582, 14435
23397, 6583
11558, 6583
22667, 6583
23114, 6583
15657, 6583
20621, 6583
9745, 6583
6583, 10174
19232, 6584
6584, 12971
20351, 6585
6585, 11154
10034, 6586
6586, 14830
11269, 6587
8846, 6587
6587, 23219
9690, 6588
6588, 9328
25269, 6589
6589, 14798
25852, 6590
6590, 12799
21939, 6591
6591, 26340
6591, 23801
21874, 6592
25050, 6592
11899, 6592
24494, 6592
22733, 6592
13192, 6592
27378, 6592
15578, 6592
6592, 13801
6592, 12337
25185, 6593
6593, 16814
16651, 6594
6594, 18382
11116, 6595
6595, 17602
6595, 10626
15118, 6596
6596, 16369
6596, 27106
11049, 6597
6597, 9370
21856, 6598
6598, 19570
13374, 6599
6599, 20365
6599, 11967
8942, 6600
6600, 15621
14809, 6601
6601, 24669
11655, 6602
6602, 16981
6602, 21406
10395, 6603
6603, 23127
6603, 12370
21417, 6604
6604, 12213
19372, 6605
18035, 6605
21508, 6605
26373, 6605
27092, 6605
6605, 12241
17594, 6606
6606, 24184
21822, 6607
6607, 15985
24391, 6608
6608, 12223
27458, 6609
6609, 22006
21640, 6610
6610, 25009
9649, 6611
6611, 17058
8647, 6612
6612, 21243
6612, 14390
12542, 6613
6613, 10353
12503, 6614
6614, 24983
25566, 6615
6615, 20233
21729, 6616
6616, 20782
20342, 6617
6617, 9391
25967, 6618
6618, 10816
13696, 6619
6619, 25376
24421, 6620
6620, 12614
26625, 6621
6621, 13910
12337, 6622
6622, 17388
18945, 6623
27689, 6623
11581, 6623
19360, 6623
26615, 6623
26835, 6623
10813, 6623
19722, 6623
24720, 6623
10219, 6623
26171, 6623
22203, 6623
14216, 6623
18228, 6623
10764, 6623
27097, 6623
27343, 6623
20162, 6623
23548, 6623
19439, 6623
10659, 6623
19061, 6623
22771, 6623
14286, 6623
12517, 6623
21421, 6623
11264, 6623
23429, 6623
11892, 6623
17560, 6623
10095, 6623
18187, 6623
21897, 6623
26000, 6623
16949, 6623
26457, 6623
20391, 6623
21604, 6623
13673, 6623
20461, 6623
18164, 6623
14235, 6623
13054, 6623
9641, 6623
19819, 6623
10015, 6623
9537, 6623
22077, 6623
13046, 6623
16665, 6623
26621, 6623
10072, 6623
23063, 6623
23298, 6623
19523, 6623
13698, 6623
20802, 6623
16142, 6623
22980, 6623
23223, 6623
11762, 6623
18084, 6623
18166, 6623
8823, 6623
22014, 6623
24579, 6623
22245, 6623
21583, 6623
25794, 6623
23318, 6623
22172, 6623
20021, 6623
16950, 6623
22051, 6623
24145, 6623
26933, 6623
25250, 6623
9361, 6623
23022, 6623
19004, 6623
21805, 6623
25999, 6623
14993, 6623
10081, 6623
9586, 6623
9867, 6623
18877, 6623
13504, 6623
19267, 6623
11670, 6623
24209, 6623
15145, 6623
19402, 6623
14174, 6623
14822, 6623
19803, 6623
26906, 6623
19310, 6623
6623, 13178
21624, 6624
6624, 16774
20884, 6625
6625, 9768
22360, 6626
6626, 16199
19275, 6627
16252, 6627
17847, 6627
6627, 18240
9945, 6628
6628, 19322
21818, 6629
6629, 26675
12814, 6630
6630, 13976
23610, 6631
6631, 19277
27683, 6632
6632, 14364
10179, 6633
11896, 6633
14687, 6633
6633, 25977
12615, 6634
6634, 27307
22046, 6635
6635, 10056
27582, 6636
20303, 6636
18161, 6636
6636, 24829
9125, 6637
6637, 24532
26357, 6638
6638, 27569
6638, 14628
25835, 6639
6639, 14430
15320, 6640
6640, 15646
23050, 6641
6641, 10105
23841, 6642
6642, 20203
12827, 6643
6643, 21368
24391, 6644
6644, 18938
15780, 6645
6645, 24851
22934, 6646
6646, 24320
10254, 6647
6647, 12977
24026, 6648
6648, 9803
9584, 6649
6649, 26251
14499, 6650
6650, 19668
13311, 6651
22971, 6651
6651, 23994
24289, 6652
6652, 12663
23378, 6653
11962, 6653
17498, 6653
11748, 6653
9573, 6653
24238, 6653
23407, 6653
25556, 6653
14687, 6653
9393, 6653
24898, 6653
22829, 6653
22482, 6653
9653, 6653
25727, 6653
27560, 6653
10661, 6653
21971, 6653
17007, 6653
18727, 6653
11373, 6653
10379, 6653
13061, 6653
14278, 6653
24626, 6653
24496, 6653
6653, 27838
13889, 6654
6654, 14908
20751, 6655
6655, 26700
25278, 6656
6656, 15789
20884, 6657
6657, 25050
16021, 6658
6658, 19143
15197, 6659
6659, 22171
12137, 6660
6660, 11748
11617, 6661
6661, 25720
6661, 19930
10610, 6662
6662, 26433
24899, 6663
6663, 17018
26886, 6664
6664, 15949
24054, 6665
6665, 22673
22619, 6666
6666, 17124
25738, 6667
6667, 23174
20439, 6668
6668, 23079
27917, 6669
6669, 10033
14458, 6670
6670, 18924
9866, 6671
6671, 19873
22477, 6672
6672, 16710
6672, 24901
17805, 6673
6673, 17212
21461, 6674
6674, 18350
23046, 6675
6675, 11761
12337, 6676
6676, 21769
14818, 6677
6677, 11933
23771, 6678
21344, 6678
18723, 6678
27898, 6678
27135, 6678
9832, 6678
6678, 12572
21547, 6679
17758, 6679
13895, 6679
16946, 6679
12382, 6679
6679, 12483
12337, 6680
6680, 16349
23875, 6681
6681, 21874
19194, 6682
6682, 20019
18501, 6683
18643, 6683
17578, 6683
6683, 12074
13200, 6684
6684, 16925
11717, 6685
18050, 6685
6685, 23947
12337, 6686
6686, 22857
12545, 6687
6687, 13094
25140, 6688
6688, 17510
13754, 6689
6689, 19377
15847, 6690
6690, 17535
27411, 6691
6691, 19992
16598, 6692
6692, 15624
6692, 20654
26910, 6693
6693, 18713
20208, 6694
6694, 20188
15972, 6695
6695, 11199
23970, 6696
6696, 19025
27483, 6697
6697, 11035
26586, 6698
6698, 20243
16649, 6699
6699, 22490
13529, 6700
6700, 22153
11032, 6701
24625, 6701
16348, 6701
9315, 6701
6701, 19578
6701, 10682
13483, 6702
17749, 6702
17493, 6702
22109, 6702
21977, 6702
24048, 6702
11057, 6702
6702, 18652
12337, 6703
6703, 14532
23062, 6704
18950, 6704
10077, 6704
6704, 15998
12642, 6705
6705, 16202
18205, 6706
6706, 12969
6706, 27560
9927, 6707
6707, 12764
9089, 6708
18296, 6708
23527, 6708
6708, 12050
18053, 6709
6709, 11454
25890, 6710
25965, 6710
20788, 6710
14309, 6710
13700, 6710
22882, 6710
19798, 6710
6710, 10520
26096, 6711
12311, 6711
6711, 21655
22780, 6712
6712, 10918
22596, 6713
6713, 11363
26549, 6714
6714, 17696
13364, 6715
26950, 6715
12550, 6715
9304, 6715
6715, 20321
14197, 6716
6716, 10069
13347, 6717
27473, 6717
26742, 6717
24177, 6717
12305, 6717
6717, 15490
9898, 6718
6718, 23120
12337, 6719
6719, 13373
24151, 6720
6720, 12785
27846, 6721
22876, 6721
6721, 21644
13539, 6722
6722, 12769
9999, 6723
14246, 6723
6723, 8727
19211, 6724
6724, 9742
15950, 6725
6725, 19058
19475, 6726
6726, 26542
10495, 6727
6727, 20964
12337, 6728
6728, 24784
12337, 6729
6729, 15214
16338, 6730
6730, 24316
6730, 19053
24923, 6731
6731, 24430
16007, 6732
6732, 20381
14137, 6733
25759, 6733
6733, 23558
25130, 6734
6734, 17239
22778, 6735
6735, 14743
12337, 6736
6736, 10764
13745, 6737
6737, 16546
11109, 6738
6738, 24927
9373, 6739
6739, 19930
26076, 6740
6740, 14881
22758, 6741
6741, 10112
25512, 6742
6742, 25156
6742, 25193
24111, 6743
6743, 10945
26758, 6744
6744, 9513
20640, 6745
23813, 6745
27178, 6745
16687, 6745
14924, 6745
21594, 6745
13167, 6745
17185, 6745
19654, 6745
6745, 27120
26103, 6746
6746, 26059
10327, 6747
19082, 6747
6747, 26370
13128, 6748
6748, 20054
24299, 6749
6749, 26982
22343, 6750
27612, 6750
6750, 19446
25871, 6751
6751, 12816
8994, 6752
12620, 6752
11425, 6752
21435, 6752
6752, 16476
12337, 6753
6753, 10586
12337, 6754
6754, 24733
25278, 6755
6755, 15789
15423, 6756
6756, 9238
18532, 6757
22333, 6757
6757, 18538
19088, 6758
8892, 6758
23380, 6758
8665, 6758
6758, 21154
27444, 6759
6759, 16161
9172, 6760
6760, 9254
25174, 6761
26500, 6761
6761, 18895
10970, 6762
6762, 22532
6762, 10792
6762, 20706
20197, 6763
11755, 6763
15322, 6763
16069, 6763
19568, 6763
21951, 6763
25462, 6763
17589, 6763
25646, 6763
10194, 6763
14885, 6763
17043, 6763
9041, 6763
14287, 6763
21309, 6763
13591, 6763
22383, 6763
27528, 6763
12010, 6763
23577, 6763
19439, 6763
13434, 6763
15526, 6763
13087, 6763
26889, 6763
20937, 6763
13270, 6763
13669, 6763
25560, 6763
27764, 6763
24520, 6763
22424, 6763
24732, 6763
14221, 6763
13287, 6763
20378, 6763
22060, 6763
9974, 6763
16174, 6763
15027, 6763
26163, 6763
21650, 6763
15748, 6763
25595, 6763
18299, 6763
26642, 6763
16013, 6763
15332, 6763
15456, 6763
26458, 6763
18517, 6763
21375, 6763
13022, 6763
21943, 6763
16909, 6763
18347, 6763
18803, 6763
22715, 6763
22675, 6763
19805, 6763
15988, 6763
14148, 6763
18863, 6763
17017, 6763
15565, 6763
15531, 6763
23394, 6763
19343, 6763
18694, 6763
18811, 6763
15908, 6763
14655, 6763
19579, 6763
12488, 6763
16042, 6763
22911, 6763
24202, 6763
20295, 6763
20862, 6763
15570, 6763
19142, 6763
13104, 6763
26002, 6763
15014, 6763
16302, 6763
25466, 6763
16779, 6763
19267, 6763
15753, 6763
18428, 6763
18003, 6763
23821, 6763
10691, 6763
13970, 6763
18841, 6763
19178, 6763
24930, 6763
15903, 6763
23926, 6763
15016, 6763
6763, 12772
26874, 6764
6764, 25175
23932, 6765
6765, 15329
23078, 6766
6766, 24075
21165, 6767
6767, 9516
12112, 6768
6768, 12858
26106, 6769
24333, 6769
6769, 27064
18179, 6770
6770, 9983
12102, 6771
6771, 16683
19353, 6772
6772, 23252
12738, 6773
12533, 6773
23225, 6773
6773, 12936
17625, 6774
6774, 16546
22529, 6775
6775, 16164
6775, 20859
23811, 6776
10027, 6776
6776, 22512
10313, 6777
6777, 10744
21165, 6778
6778, 18193
14381, 6779
6779, 26442
21625, 6780
6780, 27682
13002, 6781
6781, 11589
27219, 6782
6782, 9960
9900, 6783
6783, 14249
21393, 6784
6784, 26719
21151, 6785
6785, 22653
16238, 6786
6786, 26620
6786, 24490
20606, 6787
6787, 14601
6787, 21938
21694, 6788
6788, 20232
15717, 6789
6789, 9833
22647, 6790
11146, 6790
6790, 21050
8691, 6791
6791, 25361
12807, 6792
6792, 15566
18647, 6793
6793, 13094
21711, 6794
15719, 6794
14671, 6794
20420, 6794
6794, 15210
21730, 6795
6795, 25262
12337, 6796
6796, 23069
6796, 27700
22087, 6797
6797, 24771
24575, 6798
6798, 24965
6798, 14942
17717, 6799
6799, 21865
6799, 14991
6799, 13995
6799, 26195
17728, 6800
6800, 23056
20860, 6801
10103, 6801
26295, 6801
6801, 17772
18448, 6802
6802, 8732
27309, 6803
24423, 6803
20455, 6803
26752, 6803
16472, 6803
14312, 6803
15650, 6803
22056, 6803
22260, 6803
23359, 6803
10367, 6803
18601, 6803
16010, 6803
23585, 6803
13059, 6803
19340, 6803
21360, 6803
6803, 23489
19552, 6804
20801, 6804
6804, 25305
11402, 6805
6805, 27080
14437, 6806
6806, 25446
16815, 6807
13082, 6807
6807, 26037
22387, 6808
6808, 8915
26178, 6809
6809, 22168
15491, 6810
6810, 12373
13493, 6811
26699, 6811
6811, 26496
20415, 6812
6812, 8670
20439, 6813
6813, 23079
8496, 6814
6814, 19532
20242, 6815
6815, 24737
25525, 6816
16027, 6816
6816, 13936
24118, 6817
6817, 17434
6817, 22476
21165, 6818
6818, 18705
22831, 6819
6819, 22586
9554, 6820
19872, 6820
6820, 26248
6820, 26211
6820, 9740
23696, 6821
6821, 17490
26858, 6822
6822, 27823
14936, 6823
6823, 9944
12211, 6824
16409, 6824
6824, 20514
25278, 6825
6825, 27885
26283, 6826
13557, 6826
9111, 6826
6826, 8555
18089, 6827
27830, 6827
6827, 25323
12734, 6828
6828, 14331
23732, 6829
6829, 14137
23929, 6830
6830, 21500
25278, 6831
6831, 27885
6831, 19149
9753, 6832
6832, 20564
14494, 6833
6833, 22436
8760, 6834
27438, 6834
22003, 6834
9128, 6834
6834, 27549
23860, 6835
6835, 15505
13082, 6836
6836, 26037
13835, 6837
6837, 14424
12858, 6838
14744, 6838
10809, 6838
19620, 6838
22553, 6838
14532, 6838
6838, 15856
25868, 6839
6839, 22048
23877, 6840
6840, 19620
12337, 6841
6841, 14838
13082, 6842
6842, 26037
20986, 6843
6843, 19510
6843, 18565
15847, 6844
6844, 8991
14975, 6845
6845, 22673
16486, 6846
6846, 15125
6846, 14971
6846, 25215
10933, 6847
6847, 10046
11764, 6848
6848, 19552
26509, 6849
12351, 6849
6849, 16745
23780, 6850
6850, 21299
26271, 6851
6851, 12796
18075, 6852
22822, 6852
25619, 6852
20743, 6852
19507, 6852
6852, 18078
12337, 6853
6853, 14668
25203, 6854
6854, 16597
12703, 6855
6855, 11588
12953, 6856
6856, 23272
8949, 6857
6857, 9132
22085, 6858
6858, 23089
6858, 20805
6858, 25719
24931, 6859
16792, 6859
6859, 22269
27615, 6860
6860, 11157
6860, 12023
15494, 6861
6861, 24941
6861, 14143
6861, 16572
23895, 6862
6862, 20011
6862, 20883
21694, 6863
6863, 23142
9460, 6864
12368, 6864
14837, 6864
6864, 11061
22477, 6865
6865, 8939
14714, 6866
6866, 16640
15316, 6867
6867, 21526
24511, 6868
20176, 6868
9267, 6868
24336, 6868
6868, 22086
12337, 6869
6869, 22470
15901, 6870
6870, 19491
6870, 20969
9036, 6871
6871, 20079
19732, 6872
6872, 22490
11587, 6873
6873, 12098
18836, 6874
27471, 6874
6874, 22632
22120, 6875
6875, 17950
6875, 12365
18145, 6876
6876, 20530
14896, 6877
6877, 11279
13253, 6878
6878, 26534
12337, 6879
6879, 10497
12337, 6880
6880, 24583
9742, 6881
18336, 6881
12782, 6881
6881, 9524
13908, 6882
6882, 23665
12337, 6883
6883, 17314
25734, 6884
6884, 11403
14809, 6885
6885, 10895
12141, 6886
6886, 14346
18183, 6887
8956, 6887
6887, 11987
11482, 6888
6888, 24441
10907, 6889
6889, 14216
27121, 6890
6890, 11821
11832, 6891
6891, 10885
22139, 6892
6892, 10306
23358, 6893
6893, 18719
17945, 6894
6894, 13340
13512, 6895
6895, 13758
17779, 6896
6896, 12966
6896, 25175
17243, 6897
6897, 19952
21365, 6898
6898, 9812
9223, 6899
6899, 17513
25743, 6900
6900, 26712
25463, 6901
6901, 16684
6901, 18336
21756, 6902
6902, 25759
18851, 6903
6903, 22627
23732, 6904
6904, 13224
24097, 6905
6905, 24044
6905, 15687
6905, 20760
6905, 19699
6905, 12128
23930, 6906
6906, 14794
12768, 6907
6907, 20193
22323, 6908
6908, 15439
24139, 6909
6909, 17100
12337, 6910
6910, 25808
27662, 6911
6911, 26446
11941, 6912
6912, 20507
12337, 6913
6913, 23537
24657, 6914
6914, 26962
9107, 6915
6915, 9419
12556, 6916
11207, 6916
17639, 6916
17670, 6916
21697, 6916
24809, 6916
6916, 18986
16138, 6917
6917, 9765
15110, 6918
16544, 6918
11522, 6918
6918, 10112
20071, 6919
17522, 6919
25812, 6919
6919, 22652
20929, 6920
6920, 21502
25048, 6921
6921, 14456
13320, 6922
6922, 22372
13836, 6923
23344, 6923
6923, 19207
16907, 6924
6924, 20048
12472, 6925
6925, 13252
17832, 6926
13459, 6926
8523, 6926
25505, 6926
25129, 6926
22912, 6926
26644, 6926
6926, 22148
11673, 6927
6927, 27073
24434, 6928
6928, 26270
12337, 6929
6929, 15952
16323, 6930
25096, 6930
6930, 10547
11170, 6931
6931, 14921
20519, 6932
6932, 21109
14076, 6933
25808, 6933
12730, 6933
26700, 6933
19418, 6933
6933, 12051
25524, 6934
6934, 18150
6934, 16726
11966, 6935
6935, 9174
6935, 15768
8624, 6936
6936, 13620
6936, 14180
6936, 13444
6936, 24410
10460, 6937
6937, 26208
13754, 6938
12003, 6938
6938, 9118
21111, 6939
6939, 24737
15330, 6940
6940, 13475
10861, 6941
6941, 26583
6941, 16811
23732, 6942
6942, 22196
6942, 24521
20884, 6943
6943, 14888
14128, 6944
6944, 22049
19280, 6945
6945, 21533
19645, 6946
6946, 17435
26904, 6947
14172, 6947
6947, 22415
26672, 6948
6948, 8756
25970, 6949
6949, 23925
25010, 6950
6950, 11491
6950, 8492
6950, 24820
15713, 6951
10304, 6951
12883, 6951
6951, 15434
24112, 6952
6952, 9761
22694, 6953
16252, 6953
14903, 6953
19156, 6953
22479, 6953
26037, 6953
6953, 26317
27840, 6954
14595, 6954
6954, 17975
16116, 6955
6955, 10719
21107, 6956
6956, 22168
14876, 6957
6957, 15045
17952, 6958
23732, 6958
6958, 16119
19638, 6959
6959, 21139
26145, 6960
6960, 24029
16041, 6961
6961, 17280
22106, 6962
15388, 6962
6962, 16368
22416, 6963
23208, 6963
6963, 17878
21835, 6964
6964, 10334
18868, 6965
6965, 24262
20758, 6966
6966, 14712
26815, 6967
6967, 17304
20039, 6968
6968, 11589
24331, 6969
6969, 17710
10512, 6970
6970, 11748
15567, 6971
6971, 15794
6971, 22479
15686, 6972
22114, 6972
6972, 24552
11001, 6973
6973, 14461
10232, 6974
16642, 6974
6974, 8648
19904, 6975
6975, 9167
11116, 6976
6976, 20350
6976, 9634
15651, 6977
6977, 10235
14085, 6978
26399, 6978
6978, 25421
6978, 19792
12337, 6979
6979, 8597
22464, 6980
6980, 16591
17619, 6981
21182, 6981
6981, 17928
12663, 6982
26716, 6982
27560, 6982
6982, 16390
12708, 6983
6983, 24496
23787, 6984
18374, 6984
23350, 6984
26144, 6984
17599, 6984
12099, 6984
12258, 6984
15864, 6984
11151, 6984
13729, 6984
20961, 6984
24247, 6984
9168, 6984
26171, 6984
13215, 6984
12591, 6984
13256, 6984
9577, 6984
27810, 6984
9774, 6984
26405, 6984
11227, 6984
26261, 6984
11672, 6984
21709, 6984
12308, 6984
12749, 6984
18675, 6984
18634, 6984
22366, 6984
20120, 6984
23726, 6984
20410, 6984
16518, 6984
15849, 6984
13232, 6984
26941, 6984
26639, 6984
25846, 6984
26000, 6984
18494, 6984
9358, 6984
16968, 6984
25066, 6984
26457, 6984
9817, 6984
22652, 6984
12159, 6984
25531, 6984
18491, 6984
11108, 6984
14831, 6984
22968, 6984
8961, 6984
15250, 6984
10852, 6984
22302, 6984
8704, 6984
21347, 6984
18474, 6984
25467, 6984
21215, 6984
10647, 6984
11137, 6984
9123, 6984
14706, 6984
16863, 6984
20133, 6984
16028, 6984
14948, 6984
11762, 6984
14518, 6984
13531, 6984
15531, 6984
12279, 6984
12315, 6984
19493, 6984
17433, 6984
13577, 6984
9519, 6984
26809, 6984
19617, 6984
25864, 6984
8862, 6984
13982, 6984
24887, 6984
19142, 6984
26940, 6984
19190, 6984
25674, 6984
12271, 6984
24952, 6984
26050, 6984
16524, 6984
11080, 6984
12255, 6984
19056, 6984
16822, 6984
26989, 6984
14464, 6984
6984, 13766
11800, 6985
6985, 26061
24663, 6986
6986, 20030
6986, 26276
24152, 6987
6987, 17910
21468, 6988
6988, 25071
25228, 6989
6989, 23087
6989, 20509
13185, 6990
6990, 23465
6990, 17510
20000, 6991
6991, 16080
14432, 6992
6992, 17040
27938, 6993
14120, 6993
25278, 6993
6993, 18022
17810, 6994
6994, 26481
10028, 6995
6995, 19143
22480, 6996
6996, 24420
24852, 6997
9755, 6997
6997, 10173
16505, 6998
6998, 10706
20830, 6999
25808, 6999
8830, 6999
13440, 6999
6999, 20918
9724, 7000
7000, 22126
16196, 7001
7001, 16565
7001, 18150
17060, 7002
7002, 18302
7002, 25752
7002, 19815
11998, 7003
7003, 16824
10325, 7004
10544, 7004
7004, 19477
12007, 7005
7005, 17372
27288, 7006
7006, 25264
20159, 7007
7007, 19438
18209, 7008
7008, 23744
13082, 7009
7009, 26037
21729, 7010
7010, 22953
16227, 7011
7011, 11076
21599, 7012
7012, 25886
19680, 7013
7013, 26094
14737, 7014
7014, 21831
24391, 7015
7015, 12800
20790, 7016
26167, 7016
7016, 8453
26593, 7017
7017, 20244
7017, 9293
25122, 7018
7018, 12852
24043, 7019
9370, 7019
15471, 7019
20530, 7019
22532, 7019
16451, 7019
27196, 7019
26276, 7019
23142, 7019
19053, 7019
20244, 7019
16889, 7019
19156, 7019
15985, 7019
21069, 7019
13061, 7019
17479, 7019
12241, 7019
24083, 7019
14971, 7019
7019, 10363
25278, 7020
7020, 11484
13246, 7021
7021, 22457
22285, 7022
7022, 27247
21211, 7023
13248, 7023
7023, 23912
21856, 7024
7024, 8783
17644, 7025
7025, 25689
16238, 7026
9958, 7026
7026, 12729
11542, 7027
7027, 26773
12392, 7028
7028, 10988
20104, 7029
7029, 25771
15741, 7030
7030, 11030
21197, 7031
16626, 7031
7031, 12765
24230, 7032
7032, 26447
16501, 7033
24857, 7033
11650, 7033
17160, 7033
16514, 7033
17095, 7033
11510, 7033
17460, 7033
7033, 16003
22255, 7034
20051, 7034
7034, 14083
19763, 7035
20026, 7035
11909, 7035
7035, 13614
21468, 7036
7036, 17226
23781, 7037
7037, 21538
10260, 7038
7038, 19506
7038, 23168
11782, 7039
7039, 21703
9080, 7040
7040, 23581
16205, 7041
7041, 26570
7041, 27508
13991, 7042
7042, 14093
7042, 22509
25110, 7043
7043, 13206
25390, 7044
7044, 19010
22861, 7045
7045, 19322
7045, 15605
19315, 7046
7046, 21809
21641, 7047
7047, 9712
24758, 7048
7048, 10588
12337, 7049
7049, 20610
9560, 7050
7050, 17578
23588, 7051
7051, 20259
22808, 7052
7052, 23240
20925, 7053
7053, 25625
21728, 7054
7054, 8532
15022, 7055
10300, 7055
25593, 7055
19741, 7055
18999, 7055
14516, 7055
9925, 7055
14226, 7055
12826, 7055
17147, 7055
24227, 7055
19539, 7055
22586, 7055
27230, 7055
16077, 7055
27763, 7055
20533, 7055
10338, 7055
27207, 7055
22141, 7055
19837, 7055
14601, 7055
26569, 7055
15202, 7055
14036, 7055
15632, 7055
24870, 7055
13184, 7055
9629, 7055
13547, 7055
21788, 7055
26779, 7055
13816, 7055
9581, 7055
20167, 7055
8867, 7055
16781, 7055
16652, 7055
10873, 7055
13480, 7055
23535, 7055
25248, 7055
15477, 7055
9757, 7055
10334, 7055
18098, 7055
20350, 7055
20588, 7055
25617, 7055
23448, 7055
23528, 7055
18024, 7055
9781, 7055
27421, 7055
19447, 7055
11066, 7055
18325, 7055
14779, 7055
10280, 7055
25610, 7055
18021, 7055
25569, 7055
23230, 7055
12929, 7055
13633, 7055
17757, 7055
23880, 7055
26973, 7055
26297, 7055
27584, 7055
21188, 7055
13757, 7055
15106, 7055
19140, 7055
17092, 7055
10747, 7055
14524, 7055
27071, 7055
26698, 7055
20715, 7055
21502, 7055
15446, 7055
18986, 7055
9235, 7055
11609, 7055
19322, 7055
13047, 7055
14946, 7055
16308, 7055
21623, 7055
11211, 7055
22092, 7055
25016, 7055
19901, 7055
16245, 7055
10174, 7055
10216, 7055
18087, 7055
16086, 7055
19075, 7055
11286, 7055
22036, 7055
10124, 7055
16367, 7055
25730, 7055
19210, 7055
22153, 7055
20542, 7055
12194, 7055
12346, 7055
24474, 7055
13975, 7055
8751, 7055
14878, 7055
14328, 7055
10626, 7055
15794, 7055
25745, 7055
8763, 7055
10805, 7055
16325, 7055
25057, 7055
10371, 7055
21145, 7055
11444, 7055
10033, 7055
20139, 7055
19143, 7055
9395, 7055
15025, 7055
15175, 7055
13815, 7055
12483, 7055
18043, 7055
18715, 7055
27029, 7055
12957, 7055
24847, 7055
23536, 7055
13268, 7055
27839, 7055
13439, 7055
23261, 7055
24640, 7055
11665, 7055
11350, 7055
9326, 7055
16449, 7055
26710, 7055
27460, 7055
8785, 7055
9479, 7055
11147, 7055
27237, 7055
13568, 7055
17492, 7055
11561, 7055
10632, 7055
22304, 7055
20646, 7055
24954, 7055
19750, 7055
16578, 7055
14340, 7055
15195, 7055
18203, 7055
25786, 7055
18026, 7055
24353, 7055
14979, 7055
24282, 7055
25504, 7055
13109, 7055
9296, 7055
11876, 7055
11330, 7055
13366, 7055
22263, 7055
12563, 7055
17153, 7055
9003, 7055
15291, 7055
14447, 7055
24737, 7055
27758, 7055
16064, 7055
22956, 7055
25490, 7055
10855, 7055
15631, 7055
21617, 7055
17188, 7055
16522, 7055
27682, 7055
19706, 7055
19423, 7055
17679, 7055
16159, 7055
11086, 7055
25479, 7055
27461, 7055
9280, 7055
10770, 7055
27030, 7055
12562, 7055
18823, 7055
27901, 7055
11415, 7055
15065, 7055
19387, 7055
18019, 7055
16364, 7055
25907, 7055
16400, 7055
17511, 7055
13029, 7055
12598, 7055
13403, 7055
22643, 7055
12589, 7055
10675, 7055
16580, 7055
20938, 7055
19230, 7055
27794, 7055
24669, 7055
25976, 7055
12764, 7055
16661, 7055
27812, 7055
9743, 7055
15960, 7055
19653, 7055
17045, 7055
11827, 7055
21765, 7055
20072, 7055
20776, 7055
25943, 7055
20010, 7055
22218, 7055
16975, 7055
10848, 7055
18154, 7055
11252, 7055
9015, 7055
25475, 7055
12627, 7055
21162, 7055
21543, 7055
16806, 7055
21202, 7055
12724, 7055
10402, 7055
15087, 7055
20137, 7055
17957, 7055
27434, 7055
18655, 7055
9475, 7055
14158, 7055
10885, 7055
18131, 7055
11471, 7055
8900, 7055
9576, 7055
18066, 7055
27620, 7055
16269, 7055
18740, 7055
25968, 7055
15267, 7055
24194, 7055
25153, 7055
27428, 7055
14619, 7055
9512, 7055
12568, 7055
17694, 7055
23372, 7055
13421, 7055
26142, 7055
27108, 7055
14574, 7055
25461, 7055
17172, 7055
17943, 7055
25439, 7055
12321, 7055
23376, 7055
27116, 7055
24576, 7055
8728, 7055
11960, 7055
20856, 7055
25615, 7055
26274, 7055
25509, 7055
17107, 7055
27905, 7055
14544, 7055
25323, 7055
17719, 7055
11838, 7055
22059, 7055
25187, 7055
16948, 7055
24170, 7055
16491, 7055
22965, 7055
26353, 7055
20696, 7055
11965, 7055
23965, 7055
14604, 7055
21848, 7055
15116, 7055
14393, 7055
13983, 7055
26724, 7055
9763, 7055
27934, 7055
16171, 7055
13353, 7055
14310, 7055
23127, 7055
19443, 7055
27249, 7055
11969, 7055
14883, 7055
17080, 7055
17005, 7055
18864, 7055
24646, 7055
24517, 7055
20678, 7055
27111, 7055
22567, 7055
10112, 7055
24384, 7055
12122, 7055
13826, 7055
13569, 7055
8474, 7055
26735, 7055
18511, 7055
16940, 7055
19715, 7055
10105, 7055
13674, 7055
14533, 7055
16976, 7055
15998, 7055
20249, 7055
9474, 7055
27866, 7055
24040, 7055
25652, 7055
22097, 7055
18212, 7055
14632, 7055
25811, 7055
17209, 7055
8508, 7055
10089, 7055
23500, 7055
8632, 7055
23791, 7055
15340, 7055
13936, 7055
9065, 7055
24901, 7055
12127, 7055
15541, 7055
20780, 7055
8561, 7055
10378, 7055
10520, 7055
16243, 7055
27769, 7055
27344, 7055
21772, 7055
12733, 7055
24866, 7055
18305, 7055
25931, 7055
25123, 7055
13452, 7055
16067, 7055
18616, 7055
8519, 7055
27359, 7055
15419, 7055
12453, 7055
25940, 7055
15857, 7055
15012, 7055
24743, 7055
18564, 7055
25362, 7055
13967, 7055
14379, 7055
23202, 7055
19868, 7055
18276, 7055
12577, 7055
24044, 7055
14897, 7055
13614, 7055
19749, 7055
23135, 7055
12098, 7055
19058, 7055
15776, 7055
13426, 7055
26252, 7055
21831, 7055
17283, 7055
12101, 7055
23110, 7055
26066, 7055
19274, 7055
20932, 7055
21020, 7055
11735, 7055
26250, 7055
18288, 7055
11168, 7055
20668, 7055
21438, 7055
26536, 7055
18852, 7055
27120, 7055
23227, 7055
21720, 7055
19390, 7055
19604, 7055
26150, 7055
9673, 7055
15439, 7055
19396, 7055
13399, 7055
11739, 7055
11631, 7055
8868, 7055
8615, 7055
14113, 7055
19228, 7055
13677, 7055
16496, 7055
16697, 7055
16476, 7055
18747, 7055
8916, 7055
9881, 7055
21343, 7055
26834, 7055
13958, 7055
18459, 7055
15669, 7055
25981, 7055
7055, 18471
7055, 12337
10448, 7056
7056, 19410
24421, 7057
7057, 10153
22360, 7058
7058, 17200
24391, 7059
7059, 13651
16650, 7060
15161, 7060
23778, 7060
10754, 7060
8854, 7060
19980, 7060
11421, 7060
20499, 7060
14038, 7060
14850, 7060
20320, 7060
14257, 7060
23277, 7060
10251, 7060
24784, 7060
23446, 7060
14232, 7060
25424, 7060
13371, 7060
21915, 7060
9759, 7060
27916, 7060
15129, 7060
9564, 7060
21776, 7060
11781, 7060
23237, 7060
14322, 7060
14234, 7060
26493, 7060
25781, 7060
21988, 7060
26744, 7060
24684, 7060
18567, 7060
22899, 7060
19024, 7060
15811, 7060
15507, 7060
15585, 7060
20886, 7060
9497, 7060
8748, 7060
25177, 7060
10726, 7060
26437, 7060
16952, 7060
23727, 7060
18208, 7060
27320, 7060
10443, 7060
27050, 7060
22495, 7060
10131, 7060
14308, 7060
16236, 7060
23655, 7060
24764, 7060
10233, 7060
22185, 7060
20284, 7060
25155, 7060
18320, 7060
25215, 7060
24580, 7060
25801, 7060
23725, 7060
22144, 7060
23221, 7060
9847, 7060
11570, 7060
26822, 7060
23174, 7060
19205, 7060
15252, 7060
16654, 7060
19717, 7060
16702, 7060
8929, 7060
25361, 7060
20962, 7060
24735, 7060
12880, 7060
18399, 7060
14385, 7060
17134, 7060
20203, 7060
23015, 7060
26275, 7060
27813, 7060
12158, 7060
23326, 7060
17684, 7060
9622, 7060
23866, 7060
27675, 7060
10306, 7060
18011, 7060
11970, 7060
26241, 7060
15318, 7060
10535, 7060
8465, 7060
11958, 7060
21389, 7060
7060, 17526
17213, 7061
7061, 21762
24395, 7062
7062, 26833
23553, 7063
7063, 9422
15369, 7064
7064, 27355
19555, 7065
24628, 7065
7065, 22763
26287, 7066
7066, 10103
25873, 7067
27314, 7067
15286, 7067
23296, 7067
16548, 7067
23039, 7067
11513, 7067
8838, 7067
17281, 7067
15396, 7067
12301, 7067
10189, 7067
13764, 7067
26110, 7067
7067, 25475
21315, 7068
7068, 13061
19727, 7069
7069, 12598
24391, 7070
7070, 26508
20884, 7071
7071, 24537
23798, 7072
7072, 20753
12337, 7073
7073, 15952
7073, 17426
7073, 9256
8908, 7074
7074, 9391
16576, 7075
13549, 7075
13510, 7075
7075, 21312
27673, 7076
7076, 27340
18443, 7077
7077, 13083
17860, 7078
7078, 24147
25639, 7079
7079, 17138
16618, 7080
15178, 7080
7080, 26059
27624, 7081
8669, 7081
15221, 7081
7081, 21648
20376, 7082
7082, 13151
18714, 7083
7083, 11186
9947, 7084
7084, 10268
7084, 20212
7084, 14785
11044, 7085
7085, 11995
14714, 7086
7086, 19245
16563, 7087
7087, 18986
13297, 7088
7088, 17645
24331, 7089
7089, 24737
17078, 7090
7090, 15648
11457, 7091
24991, 7091
11837, 7091
7091, 24737
24331, 7092
7092, 22567
25838, 7093
20191, 7093
13123, 7093
9468, 7093
11132, 7093
26636, 7093
20037, 7093
7093, 17252
11274, 7094
7094, 24353
24446, 7095
7095, 18828
13640, 7096
7096, 22158
24914, 7097
26208, 7097
7097, 22155
25204, 7098
7098, 14234
19662, 7099
7099, 19078
7099, 19655
19688, 7100
26971, 7100
7100, 22762
14576, 7101
7101, 20686
24882, 7102
7102, 22308
7102, 19286
8976, 7103
25068, 7103
7103, 21413
24881, 7104
7104, 14696
15949, 7105
27781, 7105
23837, 7105
20185, 7105
7105, 13880
22130, 7106
7106, 14720
23865, 7107
7107, 24136
26685, 7108
8467, 7108
15561, 7108
20784, 7108
10721, 7108
7108, 23947
9602, 7109
23600, 7109
12740, 7109
7109, 16209
15909, 7110
7110, 10785
22443, 7111
8844, 7111
15837, 7111
7111, 24725
21086, 7112
10589, 7112
7112, 15945
11075, 7113
15139, 7113
27336, 7113
8772, 7113
7113, 19290
17523, 7114
7114, 14122
7114, 15470
7114, 12238
12084, 7115
14570, 7115
7115, 22880
24287, 7116
25668, 7116
7116, 11371
27666, 7117
7117, 16361
9907, 7118
7118, 11879
11072, 7119
7119, 27877
7119, 25798
11572, 7120
7120, 25211
7120, 19215
7120, 27508
21846, 7121
7121, 16910
7121, 9987
7121, 9740
18522, 7122
7122, 15943
17199, 7123
7123, 14979
21817, 7124
7124, 26709
23400, 7125
7125, 24531
8747, 7126
7126, 20808
12650, 7127
7127, 24849
20884, 7128
7128, 11911
25436, 7129
21103, 7129
7129, 12758
26588, 7130
27548, 7130
25415, 7130
7130, 12335
18679, 7131
7131, 15073
10167, 7132
7132, 14064
27003, 7133
7133, 27321
25683, 7134
7134, 11856
15151, 7135
7135, 16625
16563, 7136
7136, 10848
14714, 7137
7137, 8706
16498, 7138
11216, 7138
11589, 7138
7138, 16619
16382, 7139
7139, 21540
24471, 7140
13053, 7140
7140, 24969
27827, 7141
18076, 7141
7141, 23615
7141, 12076
7141, 8971
7141, 11228
19093, 7142
7142, 15798
14832, 7143
7143, 24558
22299, 7144
7144, 26276
7144, 21072
15834, 7145
7145, 15976
22328, 7146
7146, 19322
18346, 7147
20554, 7147
20399, 7147
19737, 7147
19277, 7147
12027, 7147
16211, 7147
16790, 7147
15247, 7147
9083, 7147
9432, 7147
23823, 7147
9710, 7147
18828, 7147
24422, 7147
22662, 7147
11686, 7147
9775, 7147
26211, 7147
18336, 7147
9599, 7147
17248, 7147
16446, 7147
21305, 7147
8837, 7147
14481, 7147
14836, 7147
19410, 7147
19346, 7147
22722, 7147
21581, 7147
13055, 7147
19428, 7147
16414, 7147
21252, 7147
19271, 7147
10284, 7147
23898, 7147
16228, 7147
9883, 7147
27560, 7147
18219, 7147
21971, 7147
12858, 7147
10737, 7147
9261, 7147
22257, 7147
12839, 7147
19810, 7147
22806, 7147
24621, 7147
27247, 7147
23220, 7147
18070, 7147
11719, 7147
24011, 7147
13659, 7147
17578, 7147
15389, 7147
17791, 7147
24085, 7147
26793, 7147
11990, 7147
20301, 7147
23477, 7147
17546, 7147
17815, 7147
18161, 7147
27384, 7147
14430, 7147
23478, 7147
7147, 16294
12337, 7148
7148, 16304
10539, 7149
7149, 18940
14589, 7150
14923, 7150
7150, 12637
17691, 7151
7151, 19275
7151, 10425
22505, 7152
25156, 7152
7152, 15628
24411, 7153
7153, 16938
25309, 7154
7154, 21514
15809, 7155
7155, 26455
26058, 7156
7156, 11925
21165, 7157
7157, 25673
20848, 7158
7158, 22350
20884, 7159
7159, 9847
20884, 7160
7160, 9056
22063, 7161
7161, 19743
14677, 7162
7162, 14903
14295, 7163
7163, 17045
14236, 7164
7164, 16995
10171, 7165
7165, 9530
12337, 7166
7166, 9608
23103, 7167
7167, 17546
22775, 7168
7168, 15949
26721, 7169
11980, 7169
7169, 26223
12337, 7170
7170, 17997
25070, 7171
7171, 9742
15297, 7172
7172, 10666
22579, 7173
7173, 19151
16126, 7174
7174, 18258
24666, 7175
7175, 9570
13940, 7176
7176, 16216
7176, 19346
7176, 12083
9862, 7177
7177, 22668
19213, 7178
7178, 22038
12337, 7179
7179, 23534
10533, 7180
7180, 16592
14986, 7181
7181, 13015
9179, 7182
7182, 25921
21612, 7183
7183, 23750
13260, 7184
15969, 7184
17886, 7184
7184, 21346
8871, 7185
7185, 14736
12337, 7186
7186, 20958
12125, 7187
7187, 27684
25231, 7188
22490, 7188
7188, 13351
26670, 7189
7189, 19066
7189, 10432
24852, 7190
7190, 19221
19541, 7191
7191, 13024
23576, 7192
7192, 14601
7192, 11441
9146, 7193
7193, 23897
20046, 7194
7194, 16051
18633, 7195
7195, 13399
7195, 25496
12980, 7196
7196, 21109
9616, 7197
7197, 10661
7197, 15859
8675, 7198
7198, 9761
22330, 7199
7199, 23390
16435, 7200
24510, 7200
7200, 21768
24644, 7201
7201, 27247
25299, 7202
7202, 24750
19908, 7203
7203, 16319
23457, 7204
7204, 15125
7204, 16145
13082, 7205
7205, 23546
16986, 7206
21472, 7206
22122, 7206
8910, 7206
16144, 7206
27601, 7206
25442, 7206
14405, 7206
24612, 7206
26893, 7206
15451, 7206
14646, 7206
23905, 7206
20130, 7206
11637, 7206
19875, 7206
17861, 7206
15947, 7206
19931, 7206
21471, 7206
17295, 7206
15604, 7206
7206, 21484
26666, 7207
7207, 13614
16998, 7208
7208, 22035
21061, 7209
7209, 11475
10277, 7210
10177, 7210
7210, 10112
16240, 7211
21443, 7211
18782, 7211
25335, 7211
17579, 7211
13118, 7211
18602, 7211
7211, 27559
22670, 7212
7212, 9765
25278, 7213
7213, 26301
25167, 7214
7214, 27450
11417, 7215
7215, 9298
21293, 7216
12525, 7216
7216, 18088
26750, 7217
7217, 17903
27752, 7218
16568, 7218
24852, 7218
7218, 9445
13741, 7219
7219, 19758
20964, 7220
14712, 7220
7220, 9100
15165, 7221
7221, 25361
10977, 7222
7222, 19156
13804, 7223
7223, 14464
10250, 7224
7224, 11530
26674, 7225
24092, 7225
7225, 21058
19610, 7226
7226, 10483
12520, 7227
7227, 10112
17548, 7228
7228, 23080
23566, 7229
7229, 11279
14326, 7230
7230, 16093
18629, 7231
7231, 16852
20844, 7232
7232, 13191
7232, 17958
8997, 7233
7233, 15268
14553, 7234
7234, 10064
26167, 7235
7235, 16009
20790, 7236
26167, 7236
7236, 8753
25092, 7237
7237, 21069
22600, 7238
7238, 11000
15088, 7239
16425, 7239
25596, 7239
25000, 7239
20575, 7239
22679, 7239
7239, 19406
23401, 7240
7240, 13770
24435, 7241
7241, 20927
15921, 7242
14102, 7242
23784, 7242
7242, 12668
10807, 7243
7243, 23276
12337, 7244
7244, 19498
25318, 7245
7245, 21572
22355, 7246
7246, 26340
13987, 7247
7247, 27149
14857, 7248
20733, 7248
18394, 7248
7248, 22520
11470, 7249
27370, 7249
17508, 7249
22922, 7249
18689, 7249
21345, 7249
7249, 15295
20285, 7250
7250, 27866
7250, 10989
11825, 7251
7251, 19156
24497, 7252
7252, 25323
17099, 7253
24573, 7253
7253, 27784
21380, 7254
7254, 22153
24482, 7255
7255, 10821
27791, 7256
7256, 24449
17156, 7257
12990, 7257
16398, 7257
22613, 7257
7257, 12718
21224, 7258
7258, 18828
12363, 7259
7259, 27197
7259, 16228
18795, 7260
10074, 7260
15265, 7260
9992, 7260
17449, 7260
20979, 7260
16348, 7260
26587, 7260
7260, 13931
7260, 20660
20318, 7261
7261, 22319
7261, 18983
18022, 7262
9267, 7262
7262, 18216
20887, 7263
15619, 7263
7263, 15243
13709, 7264
7264, 25690
10282, 7265
7265, 22115
14832, 7266
7266, 13353
24592, 7267
7267, 9173
11648, 7268
7268, 21119
14482, 7269
7269, 10216
19347, 7270
7270, 13480
12337, 7271
7271, 13322
15616, 7272
7272, 13148
27154, 7273
7273, 14938
7273, 17543
21758, 7274
7274, 21027
15733, 7275
7275, 15143
23593, 7276
7276, 22586
24391, 7277
7277, 11731
24391, 7278
7278, 16871
17728, 7279
7279, 11857
10165, 7280
7280, 9937
9187, 7281
7281, 13151
15781, 7282
7282, 21788
7282, 19106
7282, 22199
18775, 7283
7283, 12752
14077, 7284
7284, 10840
26177, 7285
11620, 7285
20486, 7285
7285, 24847
7285, 9145
10450, 7286
17020, 7286
23163, 7286
24869, 7286
20334, 7286
13954, 7286
10793, 7286
7286, 10529
20884, 7287
7287, 18571
14189, 7288
7288, 18477
11852, 7289
7289, 23100
18687, 7290
7290, 10111
25017, 7291
7291, 11181
15226, 7292
7292, 11359
7292, 21382
7292, 27771
7292, 19291
7292, 23867
7292, 18747
7292, 19663
25561, 7293
25069, 7293
7293, 22181
9862, 7294
7294, 14683
24391, 7295
7295, 25561
12337, 7296
7296, 17997
18403, 7297
19151, 7297
11403, 7297
20927, 7297
18150, 7297
15943, 7297
24555, 7297
7297, 25465
27280, 7298
9678, 7298
7298, 20409
14136, 7299
7299, 24441
12337, 7300
7300, 9384
15873, 7301
7301, 9340
7301, 26962
7301, 23739
12337, 7302
7302, 17314
12033, 7303
7303, 21293
25425, 7304
7304, 16589
26677, 7305
7305, 12108
7305, 24453
7305, 21378
7305, 14971
26495, 7306
7306, 9243
10618, 7307
7307, 20559
19053, 7308
27247, 7308
7308, 10589
23909, 7309
7309, 27247
23183, 7310
7310, 26557
16080, 7311
12075, 7311
7311, 19304
16819, 7312
19744, 7312
7312, 25458
18831, 7313
7313, 24036
15847, 7314
7314, 12043
20884, 7315
7315, 8568
16162, 7316
7316, 10870
18501, 7317
12128, 7317
7317, 10315
14163, 7318
7318, 19509
19369, 7319
7319, 9415
24783, 7320
7320, 19868
25278, 7321
7321, 18445
12218, 7322
7322, 24520
23035, 7323
7323, 22720
21165, 7324
7324, 13572
25213, 7325
19089, 7325
7325, 18805
8496, 7326
7326, 21454
15524, 7327
7327, 15728
25804, 7328
7328, 15601
13602, 7329
22408, 7329
7329, 22319
14482, 7330
7330, 12797
21586, 7331
26025, 7331
9785, 7331
8966, 7331
10592, 7331
23222, 7331
23473, 7331
17277, 7331
11828, 7331
12303, 7331
19301, 7331
13556, 7331
17305, 7331
27101, 7331
12190, 7331
7331, 17999
8651, 7332
7332, 23535
10247, 7333
18982, 7333
14105, 7333
7333, 18027
14876, 7334
7334, 22728
16995, 7335
12858, 7335
7335, 11476
11403, 7336
7336, 19583
12858, 7337
13083, 7337
19344, 7337
7337, 11600
16238, 7338
7338, 14634
21895, 7339
7339, 10834
20903, 7340
7340, 11066
8924, 7341
7341, 16039
7341, 25730
7341, 11377
7341, 20542
7341, 16928
7341, 10381
7341, 18613
7341, 17511
7341, 9015
7341, 12724
7341, 12568
7341, 14765
7341, 18888
7341, 12453
7341, 25940
7341, 8483
7341, 24743
7341, 15857
7341, 15012
7341, 12802
10296, 7342
7342, 16693
26565, 7343
7343, 9623
7343, 26962
23282, 7344
7344, 19506
23593, 7345
7345, 22586
25483, 7346
7346, 9796
20347, 7347
7347, 15768
13263, 7348
7348, 13083
15733, 7349
7349, 15143
21045, 7350
7350, 18986
22151, 7351
20004, 7351
7351, 22338
20787, 7352
7352, 25503
14599, 7353
7353, 27560
7353, 19082
23123, 7354
7354, 16308
7354, 21436
20470, 7355
7355, 14792
11881, 7356
7356, 9419
9011, 7357
21941, 7357
7357, 12658
15313, 7358
7358, 20913
21818, 7359
7359, 18391
23968, 7360
13432, 7360
14473, 7360
19115, 7360
27028, 7360
16402, 7360
20447, 7360
19770, 7360
24624, 7360
24757, 7360
26404, 7360
14625, 7360
26633, 7360
7360, 8742
7360, 13771
10530, 7361
7361, 24771
17504, 7362
7362, 8542
16490, 7363
7363, 19462
15953, 7364
7364, 16949
7364, 9537
9371, 7365
7365, 17279
26797, 7366
7366, 24849
26391, 7367
7367, 14669
21165, 7368
7368, 22978
12337, 7369
7369, 19950
12943, 7370
7370, 15399
25252, 7371
7371, 9591
16239, 7372
7372, 26214
10518, 7373
7373, 16216
9809, 7374
7374, 23398
7374, 26839
21754, 7375
21072, 7375
25632, 7375
7375, 14202
8920, 7376
7376, 24434
10833, 7377
7377, 16772
22776, 7378
7378, 16861
17434, 7379
9370, 7379
14690, 7379
9022, 7379
24588, 7379
27243, 7379
24422, 7379
21012, 7379
21769, 7379
26712, 7379
22182, 7379
25156, 7379
15985, 7379
10043, 7379
12481, 7379
8933, 7379
14092, 7379
19930, 7379
26998, 7379
12081, 7379
11589, 7379
27508, 7379
24390, 7379
26769, 7379
14628, 7379
21121, 7379
7379, 19433
25278, 7380
7380, 27885
22045, 7381
7381, 20438
25143, 7382
22215, 7382
7382, 17605
21165, 7383
7383, 15752
13894, 7384
21342, 7384
7384, 15585
21994, 7385
7385, 23605
20884, 7386
7386, 27335
9709, 7387
7387, 17476
11433, 7388
7388, 19948
14482, 7389
14832, 7389
7389, 18915
13938, 7390
7390, 11681
8962, 7391
24325, 7391
7391, 24554
8525, 7392
7392, 23591
9717, 7393
7393, 26496
12337, 7394
7394, 19853
27800, 7395
25933, 7395
20736, 7395
12383, 7395
12837, 7395
16676, 7395
19371, 7395
10484, 7395
18323, 7395
19414, 7395
18354, 7395
20093, 7395
12869, 7395
17863, 7395
26734, 7395
16330, 7395
10639, 7395
15144, 7395
18111, 7395
10465, 7395
8803, 7395
16183, 7395
11747, 7395
23248, 7395
18405, 7395
22601, 7395
12391, 7395
23119, 7395
16814, 7395
11419, 7395
16475, 7395
11971, 7395
21181, 7395
17645, 7395
22761, 7395
12754, 7395
18604, 7395
12250, 7395
9467, 7395
16110, 7395
23433, 7395
22784, 7395
12776, 7395
18865, 7395
19405, 7395
11154, 7395
13462, 7395
18862, 7395
14398, 7395
16360, 7395
10004, 7395
22646, 7395
23710, 7395
11065, 7395
22332, 7395
14819, 7395
18071, 7395
10604, 7395
26310, 7395
15540, 7395
18700, 7395
27748, 7395
8937, 7395
16359, 7395
14209, 7395
27737, 7395
10739, 7395
23595, 7395
24285, 7395
8478, 7395
21591, 7395
17954, 7395
22517, 7395
21139, 7395
15463, 7395
20238, 7395
9677, 7395
19305, 7395
24921, 7395
14952, 7395
26635, 7395
14908, 7395
12164, 7395
12630, 7395
12796, 7395
10595, 7395
8568, 7395
20265, 7395
14227, 7395
13752, 7395
21180, 7395
20705, 7395
8974, 7395
21967, 7395
17419, 7395
12389, 7395
18628, 7395
15607, 7395
25822, 7395
12236, 7395
12737, 7395
27628, 7395
20054, 7395
20775, 7395
12320, 7395
14846, 7395
23219, 7395
18027, 7395
10122, 7395
9802, 7395
9638, 7395
27650, 7395
15813, 7395
22926, 7395
12443, 7395
14011, 7395
18754, 7395
18397, 7395
25558, 7395
15407, 7395
25920, 7395
19141, 7395
18167, 7395
26667, 7395
13100, 7395
13208, 7395
22287, 7395
26812, 7395
10831, 7395
25411, 7395
20354, 7395
12700, 7395
25063, 7395
17982, 7395
18340, 7395
12409, 7395
24205, 7395
23843, 7395
12806, 7395
12174, 7395
26557, 7395
27518, 7395
23144, 7395
11254, 7395
24689, 7395
22637, 7395
23470, 7395
27426, 7395
19816, 7395
19929, 7395
8494, 7395
25503, 7395
25754, 7395
27067, 7395
27262, 7395
13086, 7395
16938, 7395
24710, 7395
21801, 7395
15853, 7395
25581, 7395
15082, 7395
8534, 7395
18808, 7395
14962, 7395
22301, 7395
24014, 7395
16602, 7395
24165, 7395
25860, 7395
18957, 7395
15438, 7395
10434, 7395
8516, 7395
13692, 7395
16191, 7395
16421, 7395
27306, 7395
14053, 7395
16271, 7395
9752, 7395
24776, 7395
26787, 7395
25359, 7395
17049, 7395
8959, 7395
21370, 7395
21834, 7395
27853, 7395
27537, 7395
17852, 7395
25666, 7395
11563, 7395
8883, 7395
20601, 7395
7395, 19504
20557, 7396
7396, 27352
19725, 7397
12094, 7397
7397, 17966
27215, 7398
7398, 25827
16150, 7399
7399, 17565
7399, 17479
17509, 7400
7400, 26332
21781, 7401
25124, 7401
27290, 7401
20896, 7401
10972, 7401
7401, 27191
7401, 9712
15111, 7402
10538, 7402
7402, 11739
21248, 7403
7403, 25138
25277, 7404
7404, 14567
11850, 7405
7405, 13233
19753, 7406
7406, 22954
15226, 7407
7407, 26048
7407, 25320
7407, 14498
7407, 8818
7407, 13778
7407, 12996
7407, 25486
7407, 23660
7407, 16874
7407, 11880
24419, 7408
7408, 14836
13831, 7409
7409, 16307
7409, 18332
25134, 7410
7410, 18252
7410, 27137
7410, 25522
21653, 7411
7411, 26378
12596, 7412
7412, 27682
25278, 7413
7413, 8816
20433, 7414
7414, 19290
24235, 7415
7415, 24116
12337, 7416
7416, 16869
21047, 7417
7417, 25745
25460, 7418
10991, 7418
25278, 7418
7418, 21004
12337, 7419
7419, 27732
10893, 7420
7420, 19151
22219, 7421
7421, 22166
25818, 7422
7422, 19510
7422, 23775
11521, 7423
7423, 17279
11555, 7424
7424, 21581
22672, 7425
7425, 17645
7425, 27853
7425, 21834
17993, 7426
16809, 7426
14753, 7426
7426, 11910
17728, 7427
7427, 25598
11274, 7428
7428, 15261
22180, 7429
7429, 20504
24509, 7430
21432, 7430
7430, 17979
8578, 7431
7431, 18336
7431, 27798
16528, 7432
7432, 12616
7432, 17788
7432, 9261
7432, 27802
7432, 18161
14194, 7433
19385, 7433
7433, 20969
17302, 7434
7434, 25361
15755, 7435
7435, 11831
24373, 7436
7436, 12375
12642, 7437
7437, 19693
13030, 7438
7438, 14526
18198, 7439
14256, 7439
7439, 8867
17053, 7440
7440, 16657
12212, 7441
7441, 11849
9862, 7442
7442, 21038
27833, 7443
7443, 24456
21448, 7444
7444, 21582
18044, 7445
7445, 11168
14758, 7446
7446, 27197
7446, 14605
7446, 18150
13628, 7447
27269, 7447
24946, 7447
20893, 7447
18833, 7447
7447, 25573
17506, 7448
7448, 17044
22746, 7449
7449, 9103
15761, 7450
7450, 15759
20573, 7451
22199, 7451
19897, 7451
18150, 7451
26878, 7451
19195, 7451
7451, 20687
9872, 7452
7452, 12312
23046, 7453
7453, 25316
22560, 7454
7454, 18150
7454, 15949
14466, 7455
25752, 7455
7455, 24552
23176, 7456
10421, 7456
7456, 14557
11736, 7457
7457, 9655
14500, 7458
7458, 21828
14714, 7459
7459, 24001
15036, 7460
7460, 14442
21385, 7461
24331, 7461
7461, 11601
7461, 8900
7461, 25449
21111, 7462
7462, 10112
15030, 7463
25867, 7463
9267, 7463
7463, 20489
17906, 7464
7464, 10270
7464, 18858
13145, 7465
7465, 26962
27474, 7466
18557, 7466
7466, 26429
11821, 7467
19855, 7467
7467, 9931
27498, 7468
7468, 25025
21445, 7469
22010, 7469
7469, 10885
12337, 7470
7470, 15693
12858, 7471
14211, 7471
7471, 10116
14583, 7472
7472, 10141
26992, 7473
7473, 21563
18961, 7474
7474, 21971
17417, 7475
7475, 23426
8928, 7476
7476, 15168
12184, 7477
12267, 7477
7477, 20750
10354, 7478
7478, 10885
12322, 7479
7479, 20147
16127, 7480
7480, 23551
24661, 7481
7481, 15640
7481, 15068
26717, 7482
7482, 17435
7482, 14022
11273, 7483
7483, 16702
17664, 7484
7484, 13336
9343, 7485
7485, 23937
12337, 7486
7486, 19536
17180, 7487
7487, 12357
7487, 17276
7487, 23892
25104, 7488
15726, 7488
7488, 18459
7488, 17457
14809, 7489
7489, 10766
18181, 7490
7490, 18703
25752, 7491
7491, 14808
12032, 7492
7492, 27150
17877, 7493
7493, 19143
10958, 7494
7494, 17503
16893, 7495
7495, 14143
7495, 26466
18219, 7496
21211, 7496
7496, 11982
26494, 7497
24208, 7497
7497, 17624
19957, 7498
7498, 18892
15344, 7499
7499, 17421
23818, 7500
7500, 19344
14482, 7501
7501, 8794
17575, 7502
7502, 20573
25726, 7503
13472, 7503
7503, 11630
27052, 7504
7504, 20875
13898, 7505
7505, 18375
11317, 7506
27438, 7506
7506, 15769
14894, 7507
7507, 20298
23604, 7508
7508, 14038
26657, 7509
7509, 15738
12178, 7510
14892, 7510
7510, 26779
16775, 7511
7511, 17473
19243, 7512
7512, 21216
25566, 7513
7513, 18172
23046, 7514
7514, 17746
18248, 7515
7515, 21002
7515, 12156
7515, 8866
17105, 7516
7516, 19053
16459, 7517
7517, 25028
7517, 10732
7517, 24278
27058, 7518
7518, 9467
26897, 7519
7519, 21211
24519, 7520
22844, 7520
7520, 15998
26412, 7521
19121, 7521
7521, 24250
11274, 7522
7522, 16710
26339, 7523
27092, 7523
15860, 7523
26775, 7523
10467, 7523
21802, 7523
25137, 7523
27950, 7523
17478, 7523
7523, 20128
7523, 20474
7523, 10935
8666, 7524
7524, 27719
14072, 7525
7525, 17089
25554, 7526
22777, 7526
12110, 7526
7526, 13121
12542, 7527
7527, 27620
25474, 7528
15292, 7528
7528, 10885
7528, 8650
19678, 7529
22685, 7529
7529, 15488
13917, 7530
7530, 22935
14928, 7531
9498, 7531
7531, 27885
17835, 7532
7532, 27241
18772, 7533
7533, 26599
17321, 7534
7534, 24669
8858, 7535
7535, 26310
14870, 7536
7536, 25976
21165, 7537
7537, 8664
25876, 7538
7538, 26971
27277, 7539
7539, 27392
23020, 7540
15703, 7540
7540, 12567
12180, 7541
7541, 27489
27930, 7542
7542, 27222
25472, 7543
7543, 12711
22845, 7544
7544, 12281
19441, 7545
7545, 20814
26923, 7546
7546, 24181
23997, 7547
7547, 25712
7547, 20164
7547, 14971
26745, 7548
7548, 21719
18729, 7549
7549, 16700
7549, 17974
17589, 7550
7550, 19942
7550, 9211
20381, 7551
17831, 7551
7551, 26083
19905, 7552
7552, 16166
21385, 7553
7553, 13802
27430, 7554
7554, 22960
27396, 7555
7555, 27017
11072, 7556
7556, 23871
12521, 7557
7557, 12611
9751, 7558
7558, 12240
26572, 7559
7559, 12018
25031, 7560
7560, 18755
19834, 7561
7561, 16171
12951, 7562
7562, 12581
14832, 7563
7563, 9581
24660, 7564
7564, 13974
24027, 7565
14094, 7565
7565, 12511
26660, 7566
7566, 27769
18523, 7567
26294, 7567
10924, 7567
7567, 21512
10837, 7568
7568, 18999
7568, 12641
7568, 15077
7568, 18092
7568, 25337
7568, 13816
7568, 20167
7568, 15623
7568, 24895
7568, 15611
7568, 19434
7568, 21823
7568, 18898
7568, 23524
7568, 20139
7568, 23261
7568, 20077
7568, 27887
7568, 21067
7568, 23855
7568, 21873
7568, 17051
7568, 19832
7568, 14294
7568, 12589
7568, 27647
7568, 20423
7568, 23468
7568, 19059
7568, 25153
7568, 23110
7568, 17608
7568, 16697
7568, 11289
7568, 13519
7568, 11776
7568, 15126
7568, 13174
7568, 18210
7568, 12489
7568, 12197
7568, 26066
7568, 12101
7568, 11089
7568, 10039
7568, 22940
7568, 8737
24276, 7569
8988, 7569
16350, 7569
10132, 7569
7569, 19720
9375, 7570
7570, 25561
21761, 7571
7571, 18013
19063, 7572
7572, 26433
23913, 7573
7573, 25097
7573, 13089
7573, 9508
7573, 14431
7573, 17924
7573, 17880
12580, 7574
7574, 9204
22841, 7575
7575, 27375
27009, 7576
16562, 7576
10621, 7576
19120, 7576
8674, 7576
24883, 7576
21981, 7576
14156, 7576
27766, 7576
22531, 7576
17370, 7576
12425, 7576
24427, 7576
11395, 7576
25065, 7576
11375, 7576
27709, 7576
7576, 9659
23512, 7577
12263, 7577
9149, 7577
15682, 7577
25267, 7577
15935, 7577
21225, 7577
17042, 7577
15893, 7577
9828, 7577
27533, 7577
9870, 7577
23753, 7577
11523, 7577
24708, 7577
21870, 7577
17756, 7577
7577, 10675
23923, 7578
7578, 27551
7578, 24771
7578, 13428
8861, 7579
9194, 7579
18766, 7579
10919, 7579
7579, 20962
27437, 7580
7580, 22222
15325, 7581
7581, 27449
23453, 7582
7582, 17234
15213, 7583
7583, 22823
17965, 7584
16272, 7584
25925, 7584
8782, 7584
9842, 7584
25418, 7584
24137, 7584
19371, 7584
15101, 7584
27203, 7584
23578, 7584
14635, 7584
21314, 7584
26715, 7584
12048, 7584
13474, 7584
18117, 7584
23258, 7584
17735, 7584
14402, 7584
20709, 7584
11549, 7584
17136, 7584
25623, 7584
11383, 7584
25310, 7584
14459, 7584
18063, 7584
12080, 7584
16705, 7584
15961, 7584
12079, 7584
18244, 7584
20121, 7584
9023, 7584
24283, 7584
25191, 7584
23437, 7584
12976, 7584
9768, 7584
16814, 7584
12574, 7584
18623, 7584
13274, 7584
13578, 7584
19900, 7584
17645, 7584
9716, 7584
11139, 7584
14791, 7584
26755, 7584
12307, 7584
22631, 7584
17554, 7584
8512, 7584
15613, 7584
22434, 7584
26631, 7584
13909, 7584
12221, 7584
26653, 7584
19911, 7584
10289, 7584
9255, 7584
26661, 7584
14941, 7584
15659, 7584
23549, 7584
27937, 7584
12492, 7584
11663, 7584
22747, 7584
12199, 7584
25755, 7584
21007, 7584
21206, 7584
24897, 7584
17916, 7584
19769, 7584
16636, 7584
22617, 7584
10983, 7584
9154, 7584
22836, 7584
21976, 7584
23323, 7584
24574, 7584
26563, 7584
22716, 7584
14239, 7584
18303, 7584
19971, 7584
10828, 7584
20626, 7584
16044, 7584
15033, 7584
8568, 7584
11688, 7584
9555, 7584
27785, 7584
25001, 7584
12622, 7584
20033, 7584
11819, 7584
13582, 7584
23440, 7584
26730, 7584
8754, 7584
9559, 7584
23808, 7584
15665, 7584
24704, 7584
18794, 7584
15959, 7584
13021, 7584
15736, 7584
21006, 7584
21721, 7584
20337, 7584
10358, 7584
26131, 7584
14011, 7584
15271, 7584
13463, 7584
23143, 7584
26872, 7584
17997, 7584
18264, 7584
22974, 7584
18411, 7584
8820, 7584
10415, 7584
19513, 7584
24526, 7584
23843, 7584
27563, 7584
17550, 7584
18736, 7584
23043, 7584
20038, 7584
24223, 7584
22854, 7584
14100, 7584
16208, 7584
13065, 7584
14757, 7584
26125, 7584
23004, 7584
9696, 7584
27014, 7584
24105, 7584
19785, 7584
17061, 7584
23173, 7584
24845, 7584
8672, 7584
8913, 7584
23322, 7584
25676, 7584
20177, 7584
9860, 7584
17593, 7584
27836, 7584
14982, 7584
10396, 7584
16983, 7584
27753, 7584
8538, 7584
18930, 7584
20952, 7584
22148, 7584
26592, 7584
11248, 7584
12412, 7584
22508, 7584
9782, 7584
13862, 7584
27445, 7584
27837, 7584
11943, 7584
11031, 7584
7584, 15390
17168, 7585
7585, 9875
23732, 7586
7586, 13224
22748, 7587
7587, 16527
24254, 7588
24868, 7588
25082, 7588
27875, 7588
12994, 7588
7588, 15506
12298, 7589
7589, 17236
24391, 7590
7590, 16871
18967, 7591
7591, 25053
22571, 7592
18962, 7592
11226, 7592
16796, 7592
14548, 7592
7592, 12000
11461, 7593
7593, 16152
7593, 23204
7593, 18428
23201, 7594
7594, 25650
14091, 7595
7595, 20287
12934, 7596
7596, 24429
17350, 7597
7597, 22402
26910, 7598
7598, 8659
9724, 7599
7599, 22126
22710, 7600
24449, 7600
7600, 20797
15615, 7601
7601, 26208
15009, 7602
7602, 9188
21277, 7603
19057, 7603
7603, 20964
9284, 7604
7604, 13109
7604, 15776
12112, 7605
7605, 12858
11303, 7606
7606, 20454
19046, 7607
7607, 22895
14691, 7608
7608, 22418
7608, 22800
22602, 7609
7609, 24954
19540, 7610
20473, 7610
7610, 11744
13901, 7611
7611, 25729
20013, 7612
7612, 24906
9650, 7613
7613, 21872
27474, 7614
7614, 16421
21702, 7615
7615, 12533
16131, 7616
23164, 7616
17942, 7616
13033, 7616
21922, 7616
25286, 7616
10771, 7616
17782, 7616
15758, 7616
13473, 7616
17072, 7616
14229, 7616
7616, 25543
12832, 7617
7617, 12133
24781, 7618
7618, 24006
15199, 7619
7619, 15264
18255, 7620
7620, 11244
7620, 10768
15690, 7621
22241, 7621
12952, 7621
7621, 15480
17728, 7622
7622, 10463
22889, 7623
7623, 20707
26461, 7624
7624, 23158
17952, 7625
7625, 16119
22070, 7626
7626, 16990
21293, 7627
7627, 23472
27538, 7628
7628, 25351
15711, 7629
7629, 24352
15011, 7630
7630, 13644
13293, 7631
7631, 19941
11823, 7632
24706, 7632
27944, 7632
22913, 7632
22497, 7632
16573, 7632
7632, 12824
13512, 7633
7633, 13758
13814, 7634
7634, 16253
11262, 7635
7635, 8498
25018, 7636
7636, 22102
23006, 7637
7637, 9474
17644, 7638
7638, 25689
27146, 7639
7639, 12616
17702, 7640
7640, 21235
14919, 7641
7641, 24737
17071, 7642
16146, 7642
24548, 7642
18005, 7642
26531, 7642
7642, 19761
8486, 7643
7643, 12508
9312, 7644
7644, 26862
11737, 7645
7645, 13606
23749, 7646
7646, 14942
24331, 7647
7647, 12327
25566, 7648
7648, 22256
15848, 7649
7649, 11180
25917, 7650
7650, 27174
8795, 7651
7651, 11199
26555, 7652
7652, 18583
21957, 7653
26037, 7653
7653, 10479
9071, 7654
7654, 22319
12447, 7655
7655, 22817
24101, 7656
7656, 25156
16646, 7657
7657, 20721
7657, 13673
14048, 7658
7658, 11603
15733, 7659
7659, 15143
19069, 7660
7660, 17421
12337, 7661
7661, 18657
15210, 7662
14879, 7662
8830, 7662
7662, 17622
12716, 7663
21150, 7663
15518, 7663
7663, 18674
12112, 7664
7664, 12858
19333, 7665
7665, 20653
15392, 7666
7666, 24474
10154, 7667
7667, 19346
7667, 25156
7667, 15609
9024, 7668
7668, 16321
13507, 7669
16216, 7669
11962, 7669
22199, 7669
19223, 7669
22661, 7669
16613, 7669
20860, 7669
18150, 7669
18960, 7669
19053, 7669
22378, 7669
11431, 7669
22851, 7669
14143, 7669
10732, 7669
24849, 7669
27492, 7669
26508, 7669
22105, 7669
27508, 7669
26962, 7669
17479, 7669
22931, 7669
10093, 7669
23591, 7669
7669, 13431
11878, 7670
7670, 22532
7670, 22374
23243, 7671
7671, 26069
7671, 19089
13088, 7672
7672, 12384
27330, 7673
7673, 26746
13131, 7674
7674, 21132
7674, 12611
7674, 18661
23036, 7675
7675, 21121
20884, 7676
7676, 21064
21787, 7677
7677, 23373
7677, 19300
7677, 25270
9043, 7678
7678, 14279
16798, 7679
18184, 7679
7679, 17369
16924, 7680
7680, 27834
14204, 7681
7681, 22931
14628, 7682
13094, 7682
7682, 10890
12337, 7683
7683, 23893
16754, 7684
7684, 20182
27204, 7685
20098, 7685
7685, 10940
19111, 7686
7686, 15185
8670, 7687
7687, 25964
24126, 7688
8982, 7688
7688, 19290
14528, 7689
18141, 7689
20532, 7689
18875, 7689
7689, 11767
7689, 11917
24518, 7690
7690, 20830
12337, 7691
7691, 26403
25278, 7692
7692, 15789
7692, 19811
23806, 7693
7693, 21995
21165, 7694
7694, 25007
21165, 7695
7695, 17288
15765, 7696
7696, 12012
21466, 7697
7697, 25323
25181, 7698
7698, 26486
15006, 7699
7699, 8595
14390, 7700
7700, 9289
16563, 7701
7701, 21024
22846, 7702
7702, 18968
27629, 7703
7703, 22546
7703, 26827
25278, 7704
7704, 26301
16139, 7705
7705, 24277
12469, 7706
7706, 14084
13896, 7707
7707, 16366
24453, 7708
19067, 7708
7708, 26652
18231, 7709
16344, 7709
19820, 7709
16318, 7709
17872, 7709
22925, 7709
7709, 22134
25550, 7710
7710, 14628
12542, 7711
7711, 18986
24836, 7712
7712, 8534
21399, 7713
7713, 24737
13141, 7714
7714, 13620
26084, 7715
7715, 21293
18366, 7716
15946, 7716
7716, 24737
14663, 7717
24595, 7717
27442, 7717
17767, 7717
7717, 20543
18821, 7718
23862, 7718
7718, 12986
26181, 7719
7719, 8669
26545, 7720
7720, 24680
20884, 7721
7721, 20713
20066, 7722
7722, 13953
10583, 7723
7723, 21779
26532, 7724
7724, 14680
15457, 7725
7725, 18212
12337, 7726
7726, 26503
23986, 7727
7727, 21293
17467, 7728
15941, 7728
26129, 7728
17272, 7728
7728, 16297
18501, 7729
19701, 7729
8574, 7729
7729, 14554
14217, 7730
7730, 10894
26728, 7731
23903, 7731
12866, 7731
21510, 7731
24187, 7731
23361, 7731
7731, 17997
10007, 7732
7732, 20669
16480, 7733
7733, 16090
20884, 7734
7734, 12457
7734, 10131
27052, 7735
7735, 20875
10925, 7736
7736, 21720
11272, 7737
7737, 19628
22344, 7738
7738, 15239
9094, 7739
7739, 15649
18789, 7740
8806, 7740
9436, 7740
7740, 9370
11605, 7741
7741, 21550
23886, 7742
7742, 25051
13144, 7743
23656, 7743
7743, 9180
23716, 7744
21574, 7744
23311, 7744
24228, 7744
7744, 10444
16552, 7745
24570, 7745
7745, 11874
18432, 7746
11660, 7746
7746, 16732
12337, 7747
7747, 12700
16742, 7748
21876, 7748
7748, 8777
27517, 7749
7749, 26785
10166, 7750
7750, 19032
26435, 7751
25120, 7751
27452, 7751
7751, 10293
11576, 7752
7752, 14305
22042, 7753
7753, 8760
7753, 17309
22477, 7754
7754, 15960
13105, 7755
7755, 13268
8786, 7756
7756, 14205
7756, 27856
24271, 7757
7757, 10821
25395, 7758
7758, 13569
22532, 7759
26496, 7759
18499, 7759
7759, 13945
12244, 7760
7760, 11407
26625, 7761
7761, 18825
23499, 7762
7762, 18161
16627, 7763
7763, 8557
15847, 7764
7764, 19588
16238, 7765
7765, 20377
15618, 7766
7766, 25045
20274, 7767
18939, 7767
26001, 7767
7767, 11606
12337, 7768
7768, 16026
24331, 7769
7769, 21893
16268, 7770
7770, 18509
11913, 7771
7771, 18288
7771, 17491
19935, 7772
7772, 9736
12513, 7773
7773, 19277
7773, 22015
7773, 24645
20510, 7774
7774, 21876
25717, 7775
7775, 19240
7775, 12163
7775, 22932
16216, 7776
9370, 7776
20573, 7776
17856, 7776
18998, 7776
16412, 7776
26818, 7776
9335, 7776
17879, 7776
10895, 7776
18070, 7776
16726, 7776
22479, 7776
22992, 7776
7776, 8687
23920, 7777
12793, 7777
24912, 7777
7777, 25615
20681, 7778
15943, 7778
7778, 20819
12672, 7779
7779, 24409
24589, 7780
7780, 20507
20429, 7781
7781, 13470
20389, 7782
7782, 16667
24331, 7783
7783, 24555
19085, 7784
7784, 26269
7784, 22942
15391, 7785
11626, 7785
7785, 19429
22623, 7786
18007, 7786
7786, 14418
7786, 23484
18800, 7787
7787, 12555
10948, 7788
7788, 13472
8452, 7789
7789, 9420
12410, 7790
7790, 18761
14565, 7791
7791, 25361
17814, 7792
7792, 24242
24391, 7793
7793, 11216
17819, 7794
7794, 24108
27311, 7795
7795, 26326
17973, 7796
7796, 18998
22001, 7797
7797, 19001
25185, 7798
7798, 16814
11994, 7799
13134, 7799
9120, 7799
24019, 7799
17366, 7799
17114, 7799
24651, 7799
19022, 7799
23847, 7799
14320, 7799
25612, 7799
23257, 7799
12484, 7799
26926, 7799
12442, 7799
20157, 7799
7799, 26779
15013, 7800
7800, 17007
8469, 7801
7801, 13357
13996, 7802
7802, 27901
26448, 7803
7803, 27392
20884, 7804
7804, 11911
14241, 7805
7805, 27769
19660, 7806
7806, 25822
21238, 7807
7807, 9099
15554, 7808
7808, 11748
9958, 7809
7809, 16710
7809, 14606
14714, 7810
7810, 26444
14189, 7811
12722, 7811
7811, 26772
20147, 7812
18501, 7812
17984, 7812
7812, 9181
12337, 7813
7813, 17530
23732, 7814
7814, 16011
14228, 7815
7815, 12133
20925, 7816
7816, 26816
12506, 7817
7817, 13229
20879, 7818
7818, 23446
23031, 7819
23591, 7819
7819, 22620
27804, 7820
7820, 22610
12542, 7821
7821, 20992
11323, 7822
7822, 26868
13932, 7823
7823, 13716
25344, 7824
7824, 22517
19017, 7825
7825, 9190
24785, 7826
7826, 9488
12337, 7827
7827, 27455
21174, 7828
7828, 19985
11063, 7829
13048, 7829
17187, 7829
26808, 7829
18361, 7829
15701, 7829
20956, 7829
26041, 7829
7829, 18078
16791, 7830
7830, 16299
18487, 7831
7831, 21482
25312, 7832
7832, 27681
22184, 7833
18403, 7833
8760, 7833
24950, 7833
20480, 7833
17442, 7833
7833, 19029
9672, 7834
7834, 27814
26703, 7835
15931, 7835
7835, 17138
7835, 22153
26767, 7836
7836, 11243
19458, 7837
7837, 27123
14143, 7838
12966, 7838
9077, 7838
7838, 25700
23093, 7839
7839, 9106
8850, 7840
11158, 7840
7840, 22296
18772, 7841
7841, 13694
23936, 7842
7842, 20969
12112, 7843
7843, 12858
13217, 7844
7844, 21754
7844, 24277
19045, 7845
7845, 9624
18434, 7846
7846, 9370
27710, 7847
7847, 16844
24318, 7848
7848, 13480
15733, 7849
7849, 15143
11919, 7850
7850, 19855
14903, 7851
20409, 7851
24120, 7851
7851, 26409
26640, 7852
7852, 17101
15847, 7853
7853, 23237
13535, 7854
7854, 22906
8831, 7855
7855, 10420
7855, 26369
14450, 7856
17766, 7856
24813, 7856
19449, 7856
15040, 7856
19322, 7856
21362, 7856
23953, 7856
22115, 7856
23934, 7856
12598, 7856
17283, 7856
18290, 7856
24250, 7856
15154, 7856
13121, 7856
20543, 7856
19435, 7856
23086, 7856
7856, 12337
7856, 25387
24791, 7857
8828, 7857
15484, 7857
26795, 7857
7857, 17164
16747, 7858
9334, 7858
23367, 7858
22295, 7858
7858, 21549
25545, 7859
7859, 18550
7859, 12156
14542, 7860
7860, 17842
20699, 7861
7861, 20245
23509, 7862
20402, 7862
7862, 9370
14807, 7863
7863, 13674
22672, 7864
7864, 20265
7864, 16421
7864, 26437
24391, 7865
7865, 14745
15804, 7866
7866, 10675
11602, 7867
7867, 25905
17970, 7868
7868, 21456
13005, 7869
7869, 9944
25278, 7870
7870, 15574
21694, 7871
7871, 25454
11608, 7872
7872, 17221
20443, 7873
7873, 27808
16018, 7874
7874, 12582
17774, 7875
7875, 12750
23511, 7876
7876, 13583
23452, 7877
14375, 7877
21396, 7877
15374, 7877
8560, 7877
17742, 7877
22572, 7877
21724, 7877
7877, 21556
15877, 7878
7878, 23623
22513, 7879
19085, 7879
7879, 18119
15987, 7880
8783, 7880
7880, 16794
26439, 7881
7881, 16738
13044, 7882
7882, 16367
13512, 7883
7883, 13758
14884, 7884
7884, 13055
17445, 7885
7885, 9623
13179, 7886
7886, 21581
14189, 7887
7887, 21775
22552, 7888
7888, 16490
25419, 7889
7889, 17324
25144, 7890
7890, 19307
19404, 7891
7891, 27637
7891, 22182
22409, 7892
7892, 25652
9322, 7893
22824, 7893
17246, 7893
7893, 12710
14714, 7894
7894, 19717
13295, 7895
7895, 19816
24508, 7896
22033, 7896
19528, 7896
18592, 7896
26617, 7896
7896, 18078
13763, 7897
7897, 24813
13456, 7898
7898, 12367
23951, 7899
7899, 16920
13056, 7900
7900, 26352
7900, 25014
25278, 7901
7901, 17381
12304, 7902
7902, 14066
12642, 7903
7903, 17186
12337, 7904
7904, 25933
7904, 9638
26234, 7905
7905, 9285
16490, 7906
27017, 7906
7906, 26087
17728, 7907
7907, 8938
12337, 7908
7908, 9622
10078, 7909
7909, 19198
19667, 7910
7910, 26479
21035, 7911
25328, 7911
15105, 7911
12681, 7911
7911, 22512
24391, 7912
7912, 18938
21761, 7913
7913, 18013
20676, 7914
7914, 18162
17616, 7915
7915, 15737
19192, 7916
7916, 22676
14343, 7917
7917, 21316
13538, 7918
14462, 7918
7918, 12891
21856, 7919
7919, 13834
27680, 7920
7920, 12119
25006, 7921
7921, 16929
12371, 7922
7922, 16826
15447, 7923
7923, 19696
16403, 7924
7924, 12027
19416, 7925
27832, 7925
17615, 7925
20103, 7925
10642, 7925
7925, 24692
7925, 15154
15733, 7926
7926, 15143
23089, 7927
23136, 7927
7927, 23643
8454, 7928
7928, 11306
25837, 7929
20852, 7929
10126, 7929
21821, 7929
23927, 7929
27202, 7929
7929, 18548
22766, 7930
7930, 10187
7930, 19998
14128, 7931
7931, 22790
15226, 7932
7932, 19258
7932, 23678
7932, 25402
7932, 25343
7932, 21059
7932, 19749
7932, 14863
7932, 27347
7932, 14847
7932, 19424
10117, 7933
7933, 14681
7933, 19216
20884, 7934
7934, 13503
23709, 7935
7935, 27839
23979, 7936
7936, 23079
11593, 7937
7937, 13684
7937, 8682
18152, 7938
7938, 14687
19613, 7939
7939, 18399
27556, 7940
7940, 17466
13082, 7941
7941, 26037
14371, 7942
7942, 14354
9726, 7943
21539, 7943
18573, 7943
22811, 7943
17543, 7943
21459, 7943
22793, 7943
7943, 24940
10020, 7944
12421, 7944
7944, 16795
27558, 7945
7945, 8830
22146, 7946
7946, 20048
15047, 7947
7947, 15934
7947, 16329
7947, 22023
27661, 7948
7948, 15528
22199, 7949
26962, 7949
7949, 20444
21666, 7950
7950, 19781
23722, 7951
7951, 22904
16387, 7952
7952, 22960
11824, 7953
7953, 11612
25289, 7954
7954, 21984
7954, 21992
15847, 7955
7955, 10914
18468, 7956
7956, 10280
27880, 7957
7957, 12788
13078, 7958
7958, 22930
24210, 7959
7959, 26211
26411, 7960
7960, 14237
14937, 7961
7961, 25931
7961, 21293
12337, 7962
7962, 24935
7962, 16499
10178, 7963
7963, 12510
7963, 11928
23983, 7964
7964, 17283
18799, 7965
7965, 19116
18121, 7966
7966, 26764
18716, 7967
7967, 14226
19296, 7968
7968, 12560
9382, 7969
7969, 22414
9267, 7970
27508, 7970
8830, 7970
23837, 7970
20361, 7970
7970, 10992
17023, 7971
7971, 12500
12337, 7972
7972, 14953
8527, 7973
7973, 8725
25970, 7974
7974, 11813
13617, 7975
7975, 14901
11193, 7976
7976, 24200
18570, 7977
7977, 10321
23996, 7978
7978, 27776
12337, 7979
7979, 19319
25510, 7980
14804, 7980
7980, 26946
21468, 7981
7981, 21504
25404, 7982
7982, 20449
10261, 7983
7983, 20471
15560, 7984
7984, 25178
14809, 7985
7985, 17248
20573, 7986
20694, 7986
7986, 8983
15071, 7987
7987, 13711
23798, 7988
7988, 23363
22477, 7989
7989, 18154
21469, 7990
7990, 26493
26196, 7991
7991, 9333
18137, 7992
17878, 7992
24820, 7992
7992, 18911
24709, 7993
16454, 7993
7993, 16274
7993, 25910
23157, 7994
7994, 9752
13604, 7995
7995, 19980
19643, 7996
7996, 27405
9574, 7997
7997, 12334
24300, 7998
7998, 22373
15700, 7999
7999, 18150
18903, 8000
8000, 14835
20884, 8001
8001, 22088
21634, 8002
8002, 15869
18103, 8003
18156, 8003
9986, 8003
8003, 24737
17745, 8004
8004, 9688
17430, 8005
8005, 26208
8822, 8006
8006, 24914
15940, 8007
8007, 22351
12337, 8008
8008, 20756
20278, 8009
8009, 27211
25038, 8010
8010, 19038
16936, 8011
8011, 22649
12337, 8012
8012, 22741
8012, 15640
8012, 11296
23732, 8013
8013, 24849
25029, 8014
8014, 22948
11919, 8015
8015, 19855
16283, 8016
8016, 21293
24183, 8017
15658, 8017
8017, 9281
9429, 8018
8018, 21705
10732, 8019
8019, 26602
11275, 8020
8020, 16005
13082, 8021
8021, 26037
12337, 8022
8022, 16315
12396, 8023
8023, 16193
26622, 8024
8024, 21284
21694, 8025
8025, 22790
16437, 8026
8026, 10399
19897, 8027
9812, 8027
8027, 13552
10959, 8028
8028, 25699
20861, 8029
25429, 8029
8029, 26957
9742, 8030
8030, 15441
24662, 8031
19066, 8031
8031, 10459
9578, 8032
17582, 8032
21084, 8032
25649, 8032
10153, 8032
9372, 8032
24675, 8032
13242, 8032
10110, 8032
27211, 8032
20388, 8032
18001, 8032
17911, 8032
27352, 8032
15606, 8032
17997, 8032
10586, 8032
17344, 8032
19191, 8032
19881, 8032
23734, 8032
13887, 8032
13171, 8032
10785, 8032
27678, 8032
26427, 8032
17502, 8032
22459, 8032
22759, 8032
27098, 8032
11568, 8032
8884, 8032
24861, 8032
14964, 8032
12696, 8032
25491, 8032
12132, 8032
27409, 8032
26086, 8032
14080, 8032
14164, 8032
15156, 8032
23966, 8032
24848, 8032
9241, 8032
18096, 8032
10881, 8032
11843, 8032
17905, 8032
21367, 8032
13090, 8032
26665, 8032
25927, 8032
23205, 8032
12280, 8032
18447, 8032
16840, 8032
24853, 8032
21662, 8032
23646, 8032
19801, 8032
27529, 8032
20044, 8032
8696, 8032
21178, 8032
18548, 8032
25648, 8032
16132, 8032
19207, 8032
25183, 8032
18138, 8032
20880, 8032
14491, 8032
15444, 8032
14200, 8032
17830, 8032
21241, 8032
12614, 8032
26854, 8032
8032, 23783
8032, 20325
19302, 8033
11376, 8033
8033, 17067
23865, 8034
8034, 9593
19007, 8035
8035, 27374
26352, 8036
17442, 8036
8036, 18280
18460, 8037
8037, 13590
15448, 8038
8038, 24571
12337, 8039
8039, 16643
11641, 8040
8040, 15197
21385, 8041
8041, 23887
16778, 8042
25278, 8042
8042, 27885
15847, 8043
8043, 24138
18692, 8044
8044, 9321
21165, 8045
8045, 21974
9835, 8046
25828, 8046
21683, 8046
27805, 8046
22112, 8046
11276, 8046
9998, 8046
17864, 8046
8046, 10822
16322, 8047
8047, 9228
8047, 24453
8047, 25412
8047, 9478
13696, 8048
8048, 25376
20031, 8049
8049, 26496
17812, 8050
8050, 12753
14199, 8051
25583, 8051
13209, 8051
16786, 8051
26739, 8051
25737, 8051
24615, 8051
10341, 8051
8051, 20122
19270, 8052
21676, 8052
13715, 8052
8052, 23782
22456, 8053
8053, 18269
12922, 8054
8054, 27352
27592, 8055
8055, 17969
19674, 8056
8056, 9272
25944, 8057
8057, 25656
8057, 13969
8057, 15418
16542, 8058
8058, 9147
24131, 8059
8059, 15424
8059, 12116
8059, 26741
8059, 19662
8059, 12362
8059, 20815
8059, 17686
8059, 20844
8059, 13330
8059, 9857
17820, 8060
8060, 14143
8060, 12763
21015, 8061
8061, 27389
16371, 8062
8062, 8478
25237, 8063
8063, 14903
15915, 8064
8064, 12383
12823, 8065
8065, 21048
8065, 10436
21300, 8066
8066, 8730
14250, 8067
8067, 17342
24041, 8068
20648, 8068
8068, 15791
16432, 8069
8069, 18229
12269, 8070
12044, 8070
8070, 26528
18433, 8071
18023, 8071
16749, 8071
17206, 8071
24181, 8071
19408, 8071
22756, 8071
24507, 8071
23514, 8071
12881, 8071
19734, 8071
25704, 8071
11590, 8071
24784, 8071
19870, 8071
19198, 8071
14245, 8071
17427, 8071
27700, 8071
14792, 8071
10155, 8071
20695, 8071
21027, 8071
16811, 8071
13571, 8071
14167, 8071
9379, 8071
9218, 8071
25543, 8071
23474, 8071
17994, 8071
9281, 8071
13339, 8071
15863, 8071
11094, 8071
10756, 8071
25308, 8071
26599, 8071
10683, 8071
14921, 8071
22916, 8071
22825, 8071
17868, 8071
18900, 8071
26256, 8071
25869, 8071
25155, 8071
26267, 8071
25215, 8071
19622, 8071
23489, 8071
10540, 8071
20291, 8071
16724, 8071
19409, 8071
15605, 8071
26817, 8071
14121, 8071
25361, 8071
23799, 8071
25303, 8071
27796, 8071
16589, 8071
13622, 8071
21696, 8071
9646, 8071
13981, 8071
12335, 8071
21764, 8071
13170, 8071
21857, 8071
14644, 8071
15850, 8071
14838, 8071
17614, 8071
15266, 8071
16706, 8071
26994, 8071
25813, 8071
9088, 8071
27586, 8071
22895, 8071
8071, 17526
18673, 8072
8072, 16037
12337, 8073
8073, 14710
16481, 8074
8074, 26778
20300, 8075
12896, 8075
8075, 20628
17168, 8076
8076, 9875
26655, 8077
8077, 18849
13842, 8078
8078, 14152
19417, 8079
8079, 20757
20407, 8080
8080, 9141
10729, 8081
8081, 18986
23754, 8082
8082, 16572
8082, 13937
26829, 8083
8083, 10062
14763, 8084
26838, 8084
10597, 8084
8084, 8707
22584, 8085
8085, 10777
24391, 8086
8086, 11731
16504, 8087
8087, 19494
20679, 8088
8088, 27100
21290, 8089
8089, 14584
23603, 8090
8090, 25582
8090, 20559
8090, 12660
8090, 13491
12130, 8091
8091, 14636
12337, 8092
8092, 27542
11413, 8093
8093, 16591
12337, 8094
8094, 23893
18708, 8095
8095, 17342
12175, 8096
8096, 21699
11244, 8097
26037, 8097
8097, 23768
13840, 8098
24839, 8098
20005, 8098
11356, 8098
19234, 8098
19126, 8098
19652, 8098
26837, 8098
20156, 8098
22442, 8098
16805, 8098
21828, 8098
10752, 8098
16410, 8098
23161, 8098
25625, 8098
23038, 8098
23738, 8098
27919, 8098
24125, 8098
18686, 8098
13672, 8098
9886, 8098
25741, 8098
22583, 8098
10067, 8098
17202, 8098
24585, 8098
13206, 8098
21078, 8098
25448, 8098
14893, 8098
16929, 8098
16814, 8098
26486, 8098
18648, 8098
16937, 8098
16683, 8098
22985, 8098
12250, 8098
10056, 8098
21004, 8098
15563, 8098
15789, 8098
18733, 8098
24386, 8098
26291, 8098
12379, 8098
24917, 8098
15866, 8098
24253, 8098
22196, 8098
17600, 8098
20248, 8098
22741, 8098
23723, 8098
26224, 8098
21775, 8098
9878, 8098
16693, 8098
17367, 8098
24383, 8098
9176, 8098
16934, 8098
21669, 8098
20748, 8098
14427, 8098
26811, 8098
23518, 8098
10806, 8098
22953, 8098
14282, 8098
16429, 8098
18363, 8098
23363, 8098
23216, 8098
12821, 8098
19997, 8098
24590, 8098
9203, 8098
19437, 8098
16624, 8098
26751, 8098
11015, 8098
25826, 8098
12173, 8098
20265, 8098
13247, 8098
15449, 8098
27365, 8098
20930, 8098
20106, 8098
8896, 8098
27355, 8098
26583, 8098
13384, 8098
10666, 8098
9202, 8098
12248, 8098
26852, 8098
23828, 8098
11903, 8098
17811, 8098
23068, 8098
23863, 8098
14668, 8098
14845, 8098
27036, 8098
19472, 8098
21737, 8098
18125, 8098
18104, 8098
10424, 8098
13890, 8098
20810, 8098
22676, 8098
27172, 8098
16477, 8098
26832, 8098
12569, 8098
27613, 8098
11371, 8098
8590, 8098
17205, 8098
14205, 8098
10821, 8098
25316, 8098
20766, 8098
19560, 8098
12009, 8098
19950, 8098
18562, 8098
22817, 8098
13350, 8098
8535, 8098
9778, 8098
27784, 8098
22610, 8098
26332, 8098
10622, 8098
9385, 8098
13592, 8098
21979, 8098
17229, 8098
10736, 8098
13716, 8098
10268, 8098
20212, 8098
17541, 8098
10699, 8098
22134, 8098
16053, 8098
17699, 8098
21374, 8098
10733, 8098
27942, 8098
20232, 8098
9492, 8098
8566, 8098
15790, 8098
24958, 8098
23025, 8098
26444, 8098
19515, 8098
24875, 8098
20707, 8098
24082, 8098
15520, 8098
25810, 8098
16421, 8098
15876, 8098
21207, 8098
12225, 8098
20020, 8098
22900, 8098
10937, 8098
24163, 8098
15999, 8098
16569, 8098
21132, 8098
20258, 8098
22365, 8098
24022, 8098
22148, 8098
11472, 8098
9400, 8098
24562, 8098
18931, 8098
12638, 8098
24443, 8098
8098, 9949
27710, 8099
8099, 16844
11436, 8100
8100, 16886
12337, 8101
8101, 14654
8101, 15971
15847, 8102
8102, 24050
27544, 8103
8103, 23556
19883, 8104
8104, 11906
14482, 8105
8105, 9457
8105, 18446
27644, 8106
8106, 19943
24321, 8107
8107, 21262
15535, 8108
8108, 27093
12542, 8109
8109, 24669
12603, 8110
8110, 12173
19629, 8111
9689, 8111
11806, 8111
8111, 12346
20327, 8112
8112, 19574
10839, 8113
8113, 16805
14809, 8114
8114, 19664
14832, 8115
8115, 9157
21168, 8116
8116, 14513
12337, 8117
8117, 27355
26286, 8118
8118, 23100
25457, 8119
8119, 20573
20551, 8120
8120, 17201
14335, 8121
17510, 8121
19768, 8121
8121, 10929
13002, 8122
8122, 10880
20131, 8123
8123, 16396
22249, 8124
8124, 15140
11134, 8125
25053, 8125
8125, 8449
18985, 8126
8126, 17491
23732, 8127
8127, 18939
12542, 8128
8128, 24669
12337, 8129
8129, 23058
15693, 8130
11133, 8130
8130, 22938
26010, 8131
12044, 8131
22121, 8131
14817, 8131
17207, 8131
11695, 8131
10156, 8131
19700, 8131
8131, 9564
22336, 8132
8132, 13826
22591, 8133
8133, 9402
20884, 8134
8134, 19371
8134, 22929
27741, 8135
8135, 23076
19792, 8136
8136, 19601
13328, 8137
8137, 26818
11116, 8138
8138, 24239
8675, 8139
8139, 13447
8139, 19053
11859, 8140
8140, 19554
8140, 11496
8140, 14174
23236, 8141
8141, 18417
16222, 8142
14406, 8142
8142, 18780
11760, 8143
8143, 24985
17075, 8144
8144, 9388
11758, 8145
8145, 20730
23438, 8146
8146, 20151
17119, 8147
8147, 19618
12337, 8148
8148, 20199
12337, 8149
8149, 10754
22742, 8150
8150, 13507
8150, 14735
26683, 8151
8151, 19047
20451, 8152
8152, 25190
12898, 8153
8153, 15779
24169, 8154
8154, 10195
10293, 8155
9307, 8155
27080, 8155
8155, 24843
17251, 8156
8156, 15580
12856, 8157
8157, 18625
25566, 8158
8158, 17447
26354, 8159
8159, 11498
10709, 8160
8160, 13603
21165, 8161
8161, 10631
14775, 8162
11465, 8162
22271, 8162
14836, 8162
12533, 8162
26990, 8162
27064, 8162
20199, 8162
21394, 8162
8162, 13331
12062, 8163
8163, 10684
19531, 8164
8164, 16439
24107, 8165
8165, 8764
8165, 23336
8165, 16951
16116, 8166
8166, 10719
20796, 8167
8167, 25504
10746, 8168
18490, 8168
8887, 8168
13406, 8168
25302, 8168
23634, 8168
16526, 8168
12209, 8168
25601, 8168
18165, 8168
12264, 8168
13369, 8168
12329, 8168
19278, 8168
23104, 8168
11085, 8168
26209, 8168
26694, 8168
19766, 8168
9972, 8168
20899, 8168
12165, 8168
19431, 8168
24131, 8168
8168, 27059
8168, 20959
8168, 17326
8168, 20107
8168, 13527
27342, 8169
11283, 8169
8169, 12788
20066, 8170
8170, 13953
27457, 8171
8171, 18306
8171, 16726
18413, 8172
8172, 20192
19878, 8173
8173, 11215
11354, 8174
8174, 14028
25278, 8175
8175, 26024
19383, 8176
8176, 19415
13684, 8177
8177, 14263
24080, 8178
8178, 23667
20242, 8179
15695, 8179
8179, 24737
25080, 8180
8180, 14435
18759, 8181
8181, 12598
21682, 8182
8182, 23518
10798, 8183
8183, 24083
26821, 8184
8184, 17421
9431, 8185
8185, 27935
17728, 8186
8186, 15534
27478, 8187
8187, 16309
25566, 8188
8188, 22322
22341, 8189
8189, 10366
9490, 8190
8190, 14449
8469, 8191
8191, 18219
10921, 8192
16432, 8192
8192, 15449
26628, 8193
8193, 18691
10309, 8194
8194, 14944
20340, 8195
8195, 26585
27219, 8196
8196, 23446
26625, 8197
8197, 16121
24062, 8198
8198, 24329
9368, 8199
24307, 8199
8199, 20969
17705, 8200
19163, 8200
8200, 27769
21165, 8201
8201, 15093
24394, 8202
8202, 19956
10262, 8203
8203, 11906
24721, 8204
19620, 8204
8204, 18696
26840, 8205
8205, 18107
22870, 8206
8206, 27575
12125, 8207
8207, 27684
10784, 8208
8208, 20449
15782, 8209
8209, 20314
8688, 8210
8210, 23772
15698, 8211
8211, 16093
8673, 8212
8212, 20142
15898, 8213
8213, 11208
15784, 8214
8214, 15032
23064, 8215
8215, 26347
20894, 8216
8216, 24755
24403, 8217
8217, 20564
23111, 8218
8218, 16787
18232, 8219
8219, 27192
12112, 8220
8220, 12858
11998, 8221
8221, 21103
12337, 8222
8222, 25787
8222, 8981
15932, 8223
8223, 8868
18989, 8224
8224, 15998
11203, 8225
8225, 10399
9550, 8226
8226, 23136
14299, 8227
8227, 15647
20657, 8228
8228, 20291
20267, 8229
8229, 25931
19040, 8230
8230, 10280
10895, 8231
8231, 13401
9777, 8232
8232, 27521
17667, 8233
22791, 8233
8233, 12604
27219, 8234
8234, 23446
12662, 8235
8235, 10223
11320, 8236
12148, 8236
12467, 8236
24893, 8236
8236, 8474
9827, 8237
14469, 8237
8237, 23745
8237, 16652
8237, 9674
11072, 8238
8238, 19780
22587, 8239
8239, 26913
9560, 8240
8240, 17578
18095, 8241
8241, 8755
8241, 16726
22648, 8242
8242, 20701
21165, 8243
8243, 8735
11480, 8244
8244, 24761
11774, 8245
8245, 20768
11391, 8246
8246, 13620
14624, 8247
8247, 18664
22106, 8248
27489, 8248
21394, 8248
8248, 11447
16776, 8249
14837, 8249
8249, 17765
13762, 8250
8250, 26017
8250, 19852
12117, 8251
8251, 15936
25198, 8252
8252, 14398
8252, 27426
8252, 10903
12542, 8253
8253, 15998
12619, 8254
16348, 8254
21668, 8254
24606, 8254
18318, 8254
9873, 8254
17887, 8254
19627, 8254
8254, 20315
8254, 14307
8254, 21567
14832, 8255
9958, 8255
8255, 14700
11116, 8256
8256, 22966
8256, 23202
20889, 8257
8257, 17247
18605, 8258
8258, 17403
14879, 8259
24144, 8259
8259, 11319
24391, 8260
8260, 13904
17353, 8261
13367, 8261
25053, 8261
13094, 8261
8261, 19944
20884, 8262
8262, 9768
17291, 8263
8263, 9353
21165, 8264
8264, 17341
11655, 8265
8265, 19229
18437, 8266
8266, 18821
25103, 8267
8267, 26341
13438, 8268
8268, 20354
18953, 8269
8269, 14526
12337, 8270
8270, 26086
8270, 13415
26539, 8271
8271, 24669
16734, 8272
8272, 11589
25046, 8273
9596, 8273
8273, 11595
9487, 8274
8274, 17260
22512, 8275
22931, 8275
8275, 16939
25225, 8276
8276, 16536
21694, 8277
8277, 15979
26063, 8278
15183, 8278
8278, 9065
14255, 8279
8279, 21376
18549, 8280
8280, 22607
20619, 8281
8281, 23127
25034, 8282
8282, 10112
26826, 8283
8283, 14890
17523, 8284
8284, 25287
8284, 26027
8284, 11489
8284, 14122
8284, 18790
11973, 8285
8285, 25656
20446, 8286
8286, 11066
27000, 8287
8287, 14272
8287, 23108
18729, 8288
26625, 8288
8288, 13353
27729, 8289
8289, 9485
12917, 8290
8290, 27106
11983, 8291
8291, 13770
8291, 24371
8291, 15811
16116, 8292
8292, 10719
23066, 8293
8293, 23502
19514, 8294
8294, 19305
26952, 8295
8295, 9155
20412, 8296
26605, 8296
25433, 8296
13480, 8296
17466, 8296
26714, 8296
19075, 8296
22948, 8296
16684, 8296
22455, 8296
12904, 8296
16156, 8296
24558, 8296
26350, 8296
24737, 8296
9589, 8296
15735, 8296
26883, 8296
23623, 8296
21162, 8296
22222, 8296
13227, 8296
26013, 8296
27620, 8296
25931, 8296
10734, 8296
10112, 8296
22903, 8296
17247, 8296
19212, 8296
12168, 8296
10867, 8296
17595, 8296
14449, 8296
24864, 8296
20217, 8296
11603, 8296
8296, 23497
8296, 12337
21863, 8297
9261, 8297
8297, 26867
9862, 8298
8298, 14257
27330, 8299
8299, 23446
22877, 8300
8300, 21080
13482, 8301
8301, 20449
14951, 8302
25355, 8302
8302, 20302
14409, 8303
8303, 20100
20866, 8304
8304, 23300
24058, 8305
8656, 8305
8305, 24737
9222, 8306
26325, 8306
23217, 8306
15355, 8306
11647, 8306
27366, 8306
16487, 8306
8306, 15403
10623, 8307
8307, 21928
22320, 8308
8308, 16088
12070, 8309
27064, 8309
8309, 22485
21658, 8310
8310, 18983
8310, 9185
10144, 8311
8311, 20860
8311, 23100
24489, 8312
8312, 24869
10382, 8313
8313, 21796
8313, 11503
25125, 8314
8314, 14095
12829, 8315
8315, 19143
22361, 8316
16585, 8316
23480, 8316
11494, 8316
17665, 8316
21944, 8316
27701, 8316
13553, 8316
11422, 8316
17676, 8316
17569, 8316
10568, 8316
14266, 8316
19098, 8316
8316, 10842
19577, 8317
20922, 8317
13736, 8317
17485, 8317
19647, 8317
15593, 8317
10509, 8317
8317, 18189
10165, 8318
8318, 9379
12405, 8319
8319, 25788
20309, 8320
8320, 27769
20663, 8321
8321, 9258
24391, 8322
8322, 24422
17407, 8323
23805, 8323
8323, 13486
10100, 8324
8324, 22673
8324, 22823
16563, 8325
8325, 10280
10636, 8326
8326, 17227
9370, 8327
17856, 8327
19223, 8327
18150, 8327
22490, 8327
16228, 8327
17342, 8327
12156, 8327
13083, 8327
24851, 8327
14111, 8327
26793, 8327
16093, 8327
8327, 8795
13442, 8328
8328, 15787
24623, 8329
8329, 9292
15955, 8330
8330, 19792
17837, 8331
8331, 19718
21733, 8332
8332, 20421
10271, 8333
8333, 27508
14642, 8334
8334, 17205
17850, 8335
8335, 8933
11038, 8336
14723, 8336
9761, 8336
14798, 8336
8336, 18653
18137, 8337
16527, 8337
8337, 22696
23662, 8338
8338, 18009
9687, 8339
8339, 15951
9685, 8340
8340, 24406
12337, 8341
8341, 26641
23010, 8342
8342, 10996
12792, 8343
8343, 18106
8343, 25069
8343, 15166
19959, 8344
8344, 18870
8344, 11589
20023, 8345
8345, 12509
8345, 22378
8345, 9434
8345, 19927
18666, 8346
8346, 15987
10695, 8347
8347, 27170
26871, 8348
8348, 24669
21495, 8349
8349, 24737
24787, 8350
8350, 19215
26759, 8351
8351, 26137
14142, 8352
8352, 17748
14925, 8353
16354, 8353
23478, 8353
8353, 23033
21578, 8354
8593, 8354
12044, 8354
22902, 8354
14739, 8354
8354, 17134
18716, 8355
8355, 14226
22390, 8356
8356, 18663
25278, 8357
8357, 17056
25278, 8358
8358, 15546
8358, 11539
9133, 8359
8359, 25422
24381, 8360
8360, 21294
12531, 8361
8361, 13143
26897, 8362
8362, 21211
12337, 8363
8363, 13994
9377, 8364
26340, 8364
8364, 18762
18496, 8365
8365, 11748
9436, 8366
8366, 9370
20691, 8367
8367, 10852
8941, 8368
8368, 15790
15243, 8369
19824, 8369
8369, 21645
17780, 8370
8370, 13923
17732, 8371
8371, 13657
20892, 8372
8372, 12260
23496, 8373
8373, 10960
21209, 8374
8374, 20715
18127, 8375
8375, 22611
21622, 8376
8376, 17007
14876, 8377
8377, 20032
24331, 8378
8378, 17948
15335, 8379
8379, 19075
27070, 8380
8380, 11869
21903, 8381
8381, 11317
8381, 11266
23752, 8382
11405, 8382
24578, 8382
16784, 8382
22838, 8382
8382, 14578
14547, 8383
8383, 23297
17574, 8384
8384, 18332
21576, 8385
25360, 8385
27360, 8385
19397, 8385
11923, 8385
15865, 8385
19877, 8385
16353, 8385
14839, 8385
8385, 27552
14189, 8386
8386, 9953
14482, 8387
8387, 9556
12337, 8388
8388, 22358
21113, 8389
15263, 8389
8389, 15210
18130, 8390
8390, 18109
14809, 8391
8391, 25943
25970, 8392
14189, 8392
8392, 25815
14876, 8393
8393, 15045
11064, 8394
8394, 11123
21239, 8395
8395, 24788
11693, 8396
8396, 14230
24293, 8397
8397, 10043
12800, 8398
22673, 8398
8398, 24962
13383, 8399
8399, 10611
15653, 8400
8400, 27080
17012, 8401
8401, 25882
12337, 8402
8402, 23409
24235, 8403
8403, 24116
24452, 8404
8404, 26401
19885, 8405
8405, 15794
21165, 8406
8406, 14428
20395, 8407
8407, 11246
15356, 8408
8408, 19410
27712, 8409
8409, 26917
25880, 8410
8410, 12648
27900, 8411
8411, 19708
25242, 8412
8412, 23326
8511, 8413
8413, 13230
21165, 8414
8414, 9825
21999, 8415
20328, 8415
12554, 8415
8415, 10586
16458, 8416
8416, 27742
15500, 8417
8417, 17413
13494, 8418
8418, 27286
16797, 8419
22829, 8419
8545, 8419
8419, 12528
16097, 8420
8420, 19905
12542, 8421
8421, 15180
24867, 8422
8422, 12707
27227, 8423
8423, 10288
21428, 8424
8424, 13305
20632, 8425
8425, 22967
12337, 8426
8426, 9267
17621, 8427
8427, 19204
16194, 8428
8428, 26818
12337, 8429
8429, 26086
8429, 26511
8429, 18751
18237, 8430
8430, 18137
15622, 8431
8431, 20885
18452, 8432
8432, 27560
23593, 8433
8433, 22586
22285, 8434
8434, 27247
11423, 8435
8435, 16498
8435, 25879
8435, 14971
15867, 8436
8436, 15869
8436, 24274
12337, 8437
8437, 20092
22380, 8438
8880, 8438
17087, 8438
8438, 25702
8438, 25345
12337, 8439
8439, 13635
17602, 8440
25163, 8440
26611, 8440
23680, 8440
13007, 8440
26779, 8440
13334, 8440
15623, 8440
10280, 8440
25258, 8440
15106, 8440
18986, 8440
17473, 8440
22153, 8440
10045, 8440
10780, 8440
24317, 8440
25373, 8440
26710, 8440
13832, 8440
25782, 8440
16921, 8440
11876, 8440
17258, 8440
22511, 8440
13402, 8440
9632, 8440
14526, 8440
24737, 8440
12598, 8440
24669, 8440
26773, 8440
17563, 8440
19038, 8440
21162, 8440
13971, 8440
10091, 8440
14645, 8440
21343, 8440
23531, 8440
17399, 8440
27620, 8440
24430, 8440
10943, 8440
13489, 8440
8529, 8440
24108, 8440
19229, 8440
22774, 8440
16269, 8440
21747, 8440
13826, 8440
16740, 8440
13869, 8440
11884, 8440
27596, 8440
16346, 8440
16109, 8440
8440, 27346
8440, 12337
24017, 8441
8441, 27485
15929, 8442
8442, 12904
17720, 8443
13699, 8443
14783, 8443
8443, 27521
18348, 8444
24284, 8444
11501, 8444
22541, 8444
24413, 8444
14861, 8444
12726, 8444
8679, 8444
22510, 8444
16034, 8444
15897, 8444
19947, 8444
8444, 11705
19337, 8445
25736, 8445
8445, 23947
20837, 8446
8446, 13094
