26576, 1
20377, 1
1, 22072
22089, 2
27577, 2
2, 13399
26387, 3
3, 25562
11031, 4
18486, 4
4, 13674
4, 21151
4, 21175
21476, 5
15638, 5
5, 26626
28897, 6
6, 18628
12803, 7
7, 18875
22198, 8
8, 24527
23779, 9
9, 16132
13814, 10
10, 21870
29911, 11
11, 22645
24216, 12
12, 15288
24977, 13
13, 12467
15135, 14
14, 19871
19080, 15
15, 13717
25959, 16
16, 15059
16, 27385
16, 21779
16, 9449
16, 16939
16, 29011
16, 19146
16, 11687
16, 15687
16, 22506
16, 19299
16, 21851
16, 27191
16, 24763
27562, 17
17, 16251
11467, 18
18, 13669
18934, 19
19, 28022
19, 27696
29602, 20
20, 25600
12963, 21
9826, 21
10913, 21
18817, 21
27613, 21
20394, 21
14303, 21
22789, 21
14723, 21
21, 25198
25466, 22
16312, 22
29694, 22
28290, 22
17226, 22
15626, 22
24324, 22
29204, 22
22, 26874
22, 9606
25704, 23
23, 14537
23, 26522
9252, 24
24, 21656
17298, 25
25, 25910
27178, 26
26, 23577
15577, 27
27, 9637
13520, 28
30111, 28
28, 12171
21670, 29
13859, 29
29, 25380
29, 17479
29, 14972
13808, 30
30, 28150
23406, 31
31, 12686
29000, 32
32, 12908
11528, 33
33, 14457
21029, 34
24172, 34
24529, 34
23625, 34
24775, 34
23095, 34
22767, 34
34, 22690
25577, 35
29375, 35
15626, 35
26694, 35
21427, 35
28515, 35
15304, 35
35, 24837
35, 30082
35, 17673
16845, 36
36, 16180
17669, 37
37, 25380
14224, 38
38, 10646
38, 21394
38, 20599
38, 10115
23960, 39
25137, 39
27574, 39
21301, 39
19735, 39
39, 9922
13383, 40
40, 28559
23120, 41
41, 28273
18952, 42
22823, 42
9363, 42
42, 29320
19569, 43
43, 20558
10083, 44
44, 19638
12167, 45
15090, 45
45, 12911
13536, 46
46, 26419
20549, 47
47, 11956
47, 28248
28456, 48
48, 24335
24896, 49
23550, 49
16000, 49
22236, 49
13344, 49
14574, 49
49, 23552
49, 21152
15467, 50
9963, 50
17208, 50
10899, 50
50, 30121
30210, 51
14617, 51
9409, 51
51, 9503
28421, 52
52, 22999
22671, 53
53, 10353
15414, 54
54, 21012
24216, 55
55, 15909
28309, 56
56, 26625
56, 9397
26105, 57
57, 10598
57, 10250
57, 19936
16260, 58
58, 26124
58, 20165
58, 16974
15768, 59
59, 29126
15743, 60
60, 20616
60, 27697
17897, 61
61, 21020
27919, 62
62, 28613
23069, 63
63, 29240
29818, 64
64, 22425
26098, 65
65, 19820
9722, 66
66, 10623
22936, 67
27790, 67
67, 14927
24872, 68
68, 17974
16460, 69
69, 13554
9684, 70
70, 20508
24102, 71
71, 10595
16093, 72
21245, 72
11675, 72
18623, 72
20255, 72
28907, 72
12108, 72
27862, 72
26391, 72
10697, 72
22415, 72
20031, 72
20741, 72
20851, 72
10920, 72
28003, 72
72, 20925
14737, 73
14005, 73
73, 29391
73, 28184
26145, 74
74, 10813
29740, 75
75, 10851
30151, 76
76, 25079
15800, 77
77, 19465
10897, 78
78, 29159
21316, 79
79, 29774
9386, 80
80, 26576
14413, 81
81, 18603
29579, 82
82, 27304
15364, 83
28461, 83
83, 24892
22670, 84
84, 28577
29487, 85
14107, 85
14451, 85
26297, 85
85, 27990
85, 22146
16572, 86
86, 14038
86, 10474
9422, 87
87, 22906
22918, 88
25801, 88
24029, 88
88, 25151
19128, 89
89, 14556
29943, 90
90, 23411
17821, 91
22519, 91
9637, 91
26494, 91
91, 20519
22119, 92
92, 24394
9794, 93
93, 22785
15258, 94
20765, 94
10193, 94
18262, 94
23440, 94
14650, 94
18955, 94
28495, 94
24920, 94
23149, 94
23118, 94
25252, 94
94, 16912
94, 29943
16938, 95
95, 16349
17850, 96
96, 12853
29436, 97
15898, 97
24310, 97
29182, 97
97, 25198
97, 22079
13708, 98
98, 15761
29602, 99
99, 18090
20316, 100
15044, 100
27830, 100
26019, 100
22531, 100
16142, 100
17428, 100
27009, 100
100, 13785
10456, 101
101, 28450
12849, 102
102, 22070
13565, 103
9862, 103
13912, 103
13421, 103
20978, 103
103, 19401
13866, 104
17414, 104
104, 11561
11395, 105
16440, 105
19447, 105
16154, 105
105, 13399
18026, 106
14666, 106
106, 9715
23898, 107
107, 25351
15528, 108
108, 17617
24403, 109
17570, 109
17432, 109
19232, 109
12748, 109
26364, 109
109, 20758
22433, 110
110, 20199
110, 29827
29943, 111
111, 23444
14883, 112
112, 11795
112, 21992
112, 15338
112, 17624
112, 9450
21507, 113
24484, 113
10043, 113
27183, 113
113, 20297
15627, 114
19603, 114
114, 28232
25540, 115
115, 17482
115, 26727
115, 29398
16511, 116
116, 24115
116, 28147
116, 28279
116, 13361
18249, 117
117, 16792
28089, 118
118, 21811
26596, 119
23595, 119
119, 21815
23156, 120
11283, 120
13673, 120
28036, 120
11333, 120
18267, 120
16413, 120
22326, 120
14467, 120
30135, 120
18162, 120
28351, 120
28213, 120
10199, 120
21167, 120
21140, 120
13675, 120
18897, 120
22461, 120
29771, 120
14709, 120
17071, 120
11150, 120
28744, 120
24832, 120
29254, 120
30044, 120
12624, 120
17273, 120
15629, 120
28308, 120
15733, 120
30117, 120
11220, 120
17662, 120
14874, 120
17468, 120
17536, 120
28454, 120
26176, 120
28219, 120
11128, 120
24504, 120
19362, 120
21937, 120
27592, 120
18134, 120
15980, 120
24639, 120
19822, 120
22835, 120
27400, 120
28638, 120
23401, 120
15726, 120
11400, 120
23971, 120
22404, 120
30132, 120
28528, 120
24109, 120
20337, 120
22527, 120
21504, 120
19534, 120
10672, 120
29485, 120
12451, 120
29420, 120
20016, 120
19892, 120
18329, 120
28755, 120
18930, 120
14191, 120
21566, 120
20118, 120
28612, 120
10174, 120
26774, 120
10775, 120
120, 10939
120, 22112
29061, 121
121, 17233
121, 26022
121, 24306
20114, 122
122, 20787
19674, 123
16088, 123
123, 10480
13114, 124
124, 15625
124, 13003
14235, 125
125, 17440
28440, 126
126, 16235
126, 27862
126, 15561
126, 10360
126, 22785
27984, 127
127, 30120
127, 20279
22035, 128
128, 12357
16219, 129
19378, 129
26150, 129
18753, 129
29164, 129
13688, 129
14112, 129
11952, 129
24305, 129
25916, 129
14879, 129
11581, 129
16427, 129
18516, 129
17299, 129
12665, 129
18695, 129
26760, 129
28913, 129
28670, 129
29091, 129
22281, 129
129, 25234
20634, 130
130, 23344
130, 11210
130, 17872
16565, 131
131, 16945
10457, 132
132, 28431
22564, 133
133, 9459
26488, 134
134, 27340
22665, 135
135, 17959
16821, 136
25462, 136
22143, 136
136, 16799
13399, 137
21530, 137
12553, 137
25001, 137
23440, 137
25919, 137
14927, 137
17505, 137
28205, 137
11279, 137
10993, 137
20136, 137
27796, 137
10143, 137
22740, 137
15185, 137
12961, 137
25252, 137
17793, 137
30142, 137
25644, 137
29580, 137
137, 29943
137, 13557
20009, 138
138, 18868
27662, 139
29588, 139
139, 25362
139, 29526
17951, 140
140, 16090
140, 26121
18236, 141
141, 17171
23349, 142
142, 11399
25891, 143
143, 23745
19582, 144
18578, 144
26467, 144
144, 17292
144, 25842
26850, 145
145, 12220
27753, 146
146, 21461
11772, 147
26691, 147
147, 24964
147, 11024
147, 10062
147, 24461
29943, 148
148, 15051
13172, 149
149, 9225
26229, 150
150, 18955
17911, 151
151, 19395
151, 24666
151, 17761
151, 13946
29346, 152
152, 19201
15516, 153
153, 10324
153, 10977
153, 16213
153, 23775
24351, 154
154, 21204
12977, 155
155, 12601
18085, 156
156, 23789
15577, 157
157, 17231
27253, 158
158, 18519
11707, 159
159, 21748
9696, 160
160, 11308
28278, 161
161, 26728
27584, 162
162, 18574
17840, 163
163, 9961
15319, 164
30101, 164
26973, 164
20005, 164
17115, 164
164, 27709
24185, 165
165, 21857
23461, 166
166, 20163
25322, 167
167, 21767
27861, 168
20288, 168
168, 15017
23945, 169
169, 11762
27357, 170
170, 12175
29602, 171
171, 28362
171, 11888
24436, 172
172, 26233
24895, 173
173, 17455
27360, 174
174, 18404
174, 19327
23239, 175
175, 28652
23080, 176
11026, 176
10429, 176
12072, 176
11029, 176
176, 19173
26445, 177
177, 20508
15577, 178
178, 17506
22100, 179
179, 9988
28930, 180
180, 21370
180, 11074
180, 14313
180, 10352
180, 17450
180, 28062
180, 12061
180, 13774
180, 23759
180, 9951
180, 10283
180, 18218
180, 20588
180, 20408
180, 24509
180, 22683
180, 19051
180, 21257
180, 17502
180, 26111
180, 16790
180, 29653
180, 20980
180, 10521
180, 27503
180, 22294
18934, 181
181, 22096
15830, 182
182, 15983
182, 19812
29953, 183
183, 15875
22437, 184
184, 9731
16573, 185
14813, 185
185, 21035
17951, 186
186, 17424
19722, 187
187, 26654
13334, 188
188, 26118
188, 11423
12134, 189
189, 19484
16017, 190
190, 22041
19645, 191
11618, 191
27727, 191
19781, 191
25809, 191
14129, 191
16502, 191
11227, 191
25598, 191
13239, 191
27186, 191
24304, 191
24184, 191
19468, 191
23171, 191
14953, 191
28401, 191
26770, 191
17749, 191
18370, 191
29710, 191
24440, 191
11814, 191
12006, 191
14194, 191
26880, 191
12593, 191
13312, 191
23982, 191
18078, 191
24949, 191
15503, 191
191, 13995
13217, 192
192, 23727
28317, 193
193, 18523
23418, 194
194, 24234
24436, 195
195, 19291
21731, 196
22774, 196
9206, 196
23977, 196
14832, 196
15941, 196
13080, 196
10172, 196
14087, 196
13064, 196
16080, 196
23402, 196
10414, 196
26396, 196
13315, 196
15212, 196
10461, 196
10175, 196
26432, 196
29395, 196
16591, 196
14811, 196
25855, 196
13887, 196
16137, 196
28823, 196
29610, 196
18451, 196
11802, 196
24881, 196
23812, 196
25271, 196
17782, 196
17360, 196
12224, 196
21166, 196
23112, 196
25648, 196
12252, 196
11436, 196
25665, 196
22225, 196
27951, 196
24663, 196
12905, 196
16636, 196
19429, 196
26206, 196
30068, 196
16748, 196
22545, 196
11182, 196
16358, 196
24780, 196
21060, 196
29789, 196
29054, 196
23009, 196
27362, 196
22593, 196
18341, 196
19466, 196
196, 16715
12577, 197
197, 25758
26659, 198
198, 29016
28982, 199
199, 23486
12248, 200
10641, 200
200, 25700
29943, 201
201, 13794
17317, 202
202, 15355
9611, 203
203, 25721
203, 25394
18901, 204
204, 9391
21072, 205
205, 21105
22244, 206
206, 10418
206, 24890
30113, 207
24676, 207
29891, 207
207, 10933
29943, 208
208, 18369
28860, 209
28533, 209
209, 14793
14180, 210
14175, 210
11421, 210
18335, 210
23445, 210
16250, 210
210, 14342
27575, 211
211, 12110
28796, 212
212, 25042
13722, 213
213, 20376
21148, 214
214, 11855
26263, 215
215, 17589
25058, 216
25117, 216
21508, 216
216, 18885
27707, 217
217, 26953
217, 22331
28981, 218
218, 12959
11092, 219
219, 23438
28619, 220
15697, 220
17008, 220
18946, 220
13359, 220
18855, 220
14724, 220
25904, 220
12426, 220
10862, 220
28520, 220
22615, 220
15200, 220
13871, 220
10588, 220
25203, 220
220, 24888
25683, 221
221, 14032
15261, 222
222, 29179
21516, 223
223, 11556
23877, 224
224, 16190
23607, 225
15964, 225
24243, 225
25424, 225
21007, 225
22785, 225
23570, 225
26675, 225
29555, 225
24660, 225
28965, 225
29058, 225
13657, 225
28841, 225
18795, 225
24972, 225
12336, 225
13432, 225
21110, 225
25281, 225
28109, 225
12959, 225
11440, 225
15132, 225
18370, 225
12671, 225
21241, 225
21396, 225
20935, 225
10468, 225
21404, 225
24587, 225
18663, 225
225, 15871
16791, 226
226, 21349
18991, 227
227, 27854
19461, 228
228, 19047
18455, 229
229, 22589
28800, 230
230, 23619
15187, 231
231, 18308
22564, 232
232, 26769
12078, 233
233, 25381
18298, 234
234, 21681
15577, 235
235, 12995
24614, 236
236, 24942
236, 23383
27115, 237
237, 28933
23472, 238
238, 11586
22308, 239
239, 9963
14389, 240
240, 20352
17873, 241
241, 12677
15282, 242
242, 9674
21762, 243
243, 23582
12776, 244
244, 29952
244, 13161
24646, 245
245, 18936
29943, 246
246, 26418
246, 25247
13816, 247
247, 23440
29132, 248
18489, 248
248, 26251
18577, 249
249, 17448
12287, 250
250, 12941
10035, 251
251, 26927
9634, 252
252, 25252
29355, 253
29502, 253
10419, 253
23656, 253
17428, 253
253, 15349
253, 28752
10157, 254
254, 17237
14097, 255
255, 18279
14861, 256
256, 9243
10518, 257
257, 15550
9269, 258
14259, 258
21126, 258
22391, 258
258, 10587
25139, 259
259, 28646
15050, 260
260, 13669
20209, 261
261, 10450
261, 9664
29447, 262
262, 19244
23898, 263
263, 26511
18421, 264
264, 10001
264, 24395
24561, 265
265, 25888
24994, 266
266, 23799
19627, 267
267, 27152
15091, 268
268, 14294
11851, 269
11393, 269
16700, 269
12657, 269
25794, 269
25450, 269
9354, 269
23593, 269
18286, 269
19056, 269
16321, 269
269, 13995
12705, 270
270, 9550
17385, 271
271, 24328
12035, 272
272, 15507
272, 24006
272, 28355
28132, 273
273, 21862
28455, 274
29863, 274
274, 28798
18057, 275
275, 11238
25785, 276
13242, 276
27879, 276
23127, 276
26668, 276
18326, 276
14842, 276
27736, 276
18346, 276
26358, 276
25999, 276
22863, 276
11064, 276
276, 21947
25252, 277
277, 16993
277, 29943
24326, 278
278, 23953
278, 13451
278, 26053
23956, 279
18445, 279
279, 10353
27134, 280
280, 28121
16539, 281
15214, 281
281, 13025
23898, 282
282, 16891
25060, 283
13742, 283
283, 30095
12347, 284
13479, 284
284, 25910
9236, 285
285, 10928
11310, 286
286, 13034
286, 11469
286, 24741
10416, 287
287, 14256
24163, 288
288, 12253
26872, 289
289, 11466
11504, 290
20271, 290
26805, 290
21223, 290
16152, 290
21598, 290
25977, 290
15130, 290
9148, 290
22518, 290
290, 15584
30180, 291
28305, 291
291, 9469
291, 11218
15767, 292
292, 20023
11498, 293
293, 13955
14550, 294
294, 11296
14777, 295
295, 26392
295, 17041
14821, 296
296, 13252
296, 12534
26632, 297
13399, 297
10231, 297
26186, 297
11789, 297
9416, 297
16038, 297
27880, 297
10417, 297
22859, 297
12017, 297
14487, 297
27704, 297
11135, 297
21299, 297
14268, 297
11813, 297
25444, 297
25951, 297
25576, 297
28608, 297
22488, 297
19427, 297
29299, 297
13025, 297
19281, 297
20046, 297
15558, 297
14519, 297
21777, 297
28027, 297
10089, 297
30172, 297
23274, 297
10182, 297
19262, 297
20096, 297
11229, 297
11483, 297
27383, 297
16493, 297
28496, 297
17481, 297
28986, 297
26568, 297
23821, 297
27875, 297
26594, 297
10353, 297
22479, 297
22768, 297
25849, 297
27202, 297
19696, 297
9453, 297
23885, 297
19739, 297
11790, 297
297, 24096
297, 29943
29943, 298
298, 24016
23782, 299
15266, 299
299, 18234
22741, 300
16045, 300
300, 26082
23472, 301
301, 13193
11780, 302
302, 28008
17579, 303
303, 19005
28603, 304
304, 20136
28663, 305
305, 23052
26387, 306
306, 23032
11486, 307
307, 22741
23349, 308
308, 19844
23760, 309
18556, 309
309, 10148
10432, 310
310, 18720
310, 16159
26205, 311
19082, 311
311, 23582
23926, 312
312, 20204
26049, 313
313, 19830
24436, 314
314, 21585
24878, 315
20235, 315
15564, 315
315, 27921
22987, 316
316, 11229
13982, 317
317, 10680
317, 23850
12980, 318
318, 19790
25385, 319
319, 26216
319, 15698
319, 20851
15577, 320
320, 23595
14791, 321
321, 11049
14142, 322
322, 20083
27144, 323
323, 26940
20610, 324
324, 12955
17382, 325
325, 14384
26555, 326
326, 17012
19709, 327
327, 15290
327, 27659
9666, 328
328, 14496
24598, 329
27121, 329
26475, 329
14570, 329
19471, 329
24065, 329
9609, 329
29130, 329
22652, 329
11710, 329
329, 15104
329, 13204
13816, 330
330, 23440
12988, 331
331, 14927
18904, 332
332, 11458
332, 26577
26702, 333
26779, 333
333, 16282
25483, 334
334, 27835
27808, 335
335, 11547
17823, 336
336, 13399
14821, 337
337, 20818
16202, 338
11510, 338
24927, 338
338, 27446
16078, 339
339, 10329
27176, 340
340, 10252
19813, 341
341, 18492
26060, 342
13519, 342
27586, 342
18817, 342
25663, 342
25976, 342
28017, 342
20738, 342
24030, 342
20996, 342
342, 18804
342, 28363
13778, 343
343, 19637
14859, 344
344, 13004
344, 29914
344, 21204
27808, 345
345, 11547
9404, 346
346, 25042
28709, 347
30218, 347
347, 24911
10748, 348
348, 29594
20379, 349
349, 13753
22759, 350
350, 14497
10460, 351
351, 26238
28236, 352
352, 22741
17161, 353
353, 12191
25348, 354
354, 28329
25298, 355
355, 25428
21918, 356
356, 25837
25544, 357
15543, 357
24252, 357
9492, 357
23252, 357
20048, 357
14399, 357
357, 9408
28106, 358
358, 23887
20932, 359
359, 18308
13596, 360
16973, 360
26996, 360
15122, 360
360, 11815
12400, 361
361, 10329
29830, 362
362, 15642
362, 28043
18642, 363
27812, 363
26525, 363
363, 15185
20377, 364
19063, 364
27581, 364
364, 14314
20256, 365
15439, 365
11091, 365
30207, 365
17997, 365
10441, 365
14459, 365
365, 24695
9564, 366
366, 20076
366, 9160
366, 17167
13721, 367
367, 17793
12360, 368
15400, 368
368, 23943
20860, 369
369, 9591
11504, 370
370, 20624
18701, 371
371, 15104
371, 28907
371, 26029
11228, 372
372, 24515
19747, 373
373, 25676
24216, 374
374, 12622
14219, 375
375, 22043
30201, 376
376, 18955
29316, 377
377, 25303
377, 28404
10070, 378
10683, 378
18348, 378
27589, 378
10343, 378
24502, 378
29043, 378
378, 16557
29956, 379
379, 25405
14072, 380
22300, 380
380, 14919
18531, 381
381, 23127
15372, 382
382, 14342
9406, 383
383, 18214
22188, 384
384, 30000
13816, 385
385, 21953
18327, 386
386, 12666
14195, 387
387, 19869
387, 17565
28597, 388
388, 16483
11523, 389
389, 11320
389, 17652
27160, 390
13506, 390
390, 28150
14015, 391
28014, 391
26718, 391
25607, 391
21472, 391
18254, 391
16601, 391
26599, 391
25186, 391
27764, 391
391, 19655
391, 23722
29576, 392
392, 23219
29865, 393
393, 18718
17896, 394
394, 15530
15528, 395
395, 25923
17585, 396
396, 15672
13200, 397
397, 20615
30146, 398
398, 13220
23805, 399
399, 17702
13379, 400
24269, 400
400, 15355
23739, 401
401, 11317
18524, 402
402, 18618
24208, 403
26971, 403
14199, 403
20124, 403
16214, 403
403, 16400
403, 14117
403, 21853
20754, 404
404, 9986
23994, 405
405, 28526
23239, 406
406, 17639
17996, 407
407, 30053
18056, 408
29013, 408
408, 16447
23920, 409
409, 11933
24766, 410
410, 17051
17766, 411
411, 19965
411, 28806
411, 25552
411, 11206
411, 18076
14439, 412
412, 25772
16264, 413
413, 26523
13816, 414
414, 29893
13336, 415
415, 21536
29052, 416
416, 25602
28466, 417
417, 22663
15807, 418
418, 22205
19637, 419
12036, 419
14518, 419
419, 20705
22283, 420
420, 15625
420, 26923
23904, 421
421, 13327
22808, 422
422, 9832
17060, 423
423, 19853
423, 9701
18211, 424
424, 12274
424, 13732
10824, 425
425, 27353
21362, 426
426, 26802
426, 16234
426, 26272
9821, 427
427, 25214
21825, 428
428, 25526
9556, 429
26054, 429
429, 25888
19247, 430
22016, 430
22055, 430
430, 10623
29201, 431
10478, 431
23271, 431
18650, 431
17616, 431
22846, 431
17345, 431
13532, 431
18251, 431
28876, 431
20757, 431
16486, 431
20994, 431
19317, 431
28705, 431
20411, 431
26147, 431
11565, 431
20359, 431
9279, 431
27816, 431
431, 19557
27335, 432
432, 20136
432, 12502
432, 14308
15577, 433
433, 20681
27479, 434
434, 14981
11539, 435
435, 28303
22232, 436
436, 15567
29847, 437
437, 15795
9185, 438
438, 25117
23472, 439
439, 27727
15378, 440
440, 16487
24060, 441
441, 23653
441, 22377
441, 11977
19340, 442
442, 11141
17757, 443
443, 23750
15577, 444
444, 15990
11768, 445
445, 16893
445, 27271
445, 10737
26430, 446
446, 17974
21999, 447
447, 23765
28055, 448
448, 16243
11363, 449
449, 14512
10504, 450
450, 14223
12855, 451
451, 14448
29185, 452
24656, 452
452, 27276
452, 29582
15033, 453
453, 10177
29870, 454
16440, 454
20982, 454
454, 13399
12523, 455
455, 23968
20904, 456
456, 28732
11286, 457
21920, 457
22648, 457
25004, 457
28469, 457
457, 22681
19138, 458
458, 29111
17200, 459
459, 22129
20604, 460
460, 17569
18101, 461
461, 16646
20870, 462
462, 18987
10102, 463
463, 12274
463, 20235
463, 29906
20502, 464
464, 11684
13563, 465
465, 19877
20417, 466
466, 27057
27853, 467
467, 30007
10593, 468
468, 12857
27983, 469
469, 18356
10067, 470
470, 18668
23898, 471
471, 16891
23772, 472
472, 22407
12062, 473
473, 29294
29943, 474
474, 17478
25653, 475
475, 29671
18414, 476
476, 13801
29943, 477
477, 18370
12932, 478
13165, 478
19793, 478
9850, 478
10673, 478
478, 14503
28809, 479
479, 23097
10289, 480
480, 13231
23365, 481
481, 19064
17151, 482
482, 24415
482, 27524
29943, 483
483, 12079
10432, 484
484, 19103
18175, 485
485, 15870
20992, 486
18811, 486
20251, 486
486, 12994
13072, 487
487, 16698
487, 25252
24551, 488
488, 25256
14812, 489
489, 28867
14533, 490
490, 24442
490, 20622
22808, 491
491, 21603
491, 19167
491, 10031
14676, 492
28071, 492
11815, 492
23052, 492
492, 14442
21882, 493
493, 26047
21673, 494
494, 9434
16283, 495
495, 21065
495, 12198
17930, 496
496, 9981
30199, 497
497, 18910
497, 22693
9549, 498
24921, 498
22965, 498
24952, 498
18842, 498
19849, 498
13468, 498
498, 20088
12029, 499
25531, 499
14995, 499
20166, 499
13560, 499
22142, 499
14511, 499
16241, 499
9571, 499
11522, 499
16643, 499
21294, 499
27152, 499
19465, 499
16258, 499
11855, 499
25782, 499
19052, 499
20656, 499
29192, 499
18712, 499
25888, 499
22337, 499
19307, 499
26407, 499
25666, 499
15305, 499
28142, 499
29007, 499
26391, 499
21744, 499
10796, 499
15761, 499
21212, 499
28238, 499
10380, 499
20463, 499
25940, 499
12673, 499
29596, 499
16045, 499
15241, 499
27836, 499
29081, 499
10927, 499
17490, 499
25752, 499
10687, 499
21860, 499
14518, 499
17524, 499
11590, 499
16251, 499
22681, 499
20393, 499
23868, 499
9569, 499
9310, 499
28660, 499
18523, 499
29064, 499
15638, 499
24974, 499
14342, 499
20895, 499
26130, 499
21656, 499
24092, 499
18807, 499
14980, 499
15840, 499
19327, 499
13477, 499
17435, 499
12284, 499
11059, 499
19192, 499
14540, 499
15400, 499
14701, 499
27659, 499
14666, 499
22823, 499
27015, 499
25069, 499
17944, 499
499, 26449
29943, 500
500, 21073
25701, 501
20377, 501
501, 22763
18978, 502
502, 21435
10529, 503
503, 12808
15612, 504
11443, 504
18995, 504
18164, 504
27566, 504
28634, 504
10524, 504
504, 12108
504, 23525
29557, 505
505, 9421
18772, 506
506, 13004
19332, 507
22070, 507
23755, 507
11774, 507
507, 26761
22500, 508
508, 18473
29411, 509
509, 27156
28895, 510
18743, 510
510, 10227
9568, 511
511, 12281
511, 19209
10367, 512
9883, 512
23110, 512
512, 24611
27981, 513
513, 18879
12807, 514
514, 18593
20607, 515
24878, 515
25486, 515
515, 12469
21886, 516
516, 16682
15681, 517
517, 26556
23090, 518
518, 21604
10355, 519
519, 18523
519, 19830
30133, 520
520, 13866
21850, 521
521, 29192
29541, 522
17792, 522
522, 26647
522, 22697
522, 20842
13816, 523
523, 23440
9963, 524
24694, 524
26701, 524
11510, 524
11243, 524
24974, 524
524, 25154
22848, 525
525, 28228
21999, 526
526, 23765
22197, 527
527, 21365
527, 26303
527, 15842
527, 16354
527, 28637
24882, 528
12402, 528
21769, 528
27868, 528
528, 26617
23912, 529
529, 19816
18927, 530
530, 28621
30143, 531
531, 11183
12280, 532
532, 21136
17037, 533
533, 26146
12175, 534
20633, 534
17531, 534
534, 15021
15837, 535
535, 14059
18422, 536
22986, 536
9225, 536
536, 17953
29686, 537
537, 11559
12997, 538
18522, 538
538, 23532
27548, 539
539, 23438
16737, 540
540, 14608
11188, 541
22154, 541
541, 11793
22122, 542
542, 13900
542, 15900
26291, 543
543, 18955
9650, 544
544, 10296
17794, 545
20862, 545
14648, 545
545, 11125
29943, 546
546, 26418
20123, 547
547, 25515
20007, 548
12908, 548
548, 26157
29899, 549
549, 22459
16440, 550
550, 13399
28628, 551
551, 11270
17213, 552
552, 23052
19663, 553
553, 12454
17719, 554
554, 13304
27482, 555
14424, 555
15593, 555
555, 22743
18643, 556
13626, 556
14472, 556
14722, 556
25943, 556
12247, 556
16787, 556
14295, 556
22643, 556
23923, 556
21984, 556
26688, 556
27596, 556
28368, 556
26861, 556
14367, 556
26189, 556
13284, 556
29206, 556
556, 24328
23165, 557
557, 9569
13101, 558
558, 26289
22438, 559
12944, 559
559, 16651
559, 26864
559, 29289
559, 29734
19845, 560
560, 23403
560, 12714
22952, 561
561, 12154
561, 12941
29602, 562
562, 22045
21834, 563
563, 23486
16511, 564
564, 16971
564, 15199
564, 12812
564, 10270
564, 25417
564, 24198
564, 9632
11412, 565
21773, 565
565, 23475
565, 13428
565, 26643
565, 19838
25958, 566
566, 26041
566, 29775
23581, 567
26240, 567
567, 17039
25080, 568
568, 11172
15577, 569
569, 15990
19003, 570
570, 25619
570, 11375
570, 22238
17500, 571
571, 27002
26755, 572
25595, 572
25020, 572
16040, 572
12009, 572
572, 21581
572, 24409
572, 14247
572, 15662
15121, 573
573, 18928
15625, 574
13050, 574
27659, 574
574, 17541
23120, 575
575, 28273
17672, 576
576, 18638
22802, 577
577, 13915
26184, 578
578, 17974
17769, 579
28933, 579
11394, 579
579, 19478
20614, 580
580, 25029
13289, 581
581, 10237
581, 11032
581, 24070
581, 15773
581, 14782
25549, 582
582, 9313
19482, 583
583, 23781
21279, 584
584, 25191
19779, 585
14510, 585
19306, 585
22388, 585
585, 27954
13512, 586
28040, 586
586, 20735
14056, 587
587, 16779
26387, 588
588, 15305
588, 17552
26844, 589
589, 20862
27599, 590
590, 20743
22372, 591
591, 24687
17073, 592
592, 13111
27229, 593
593, 25941
19276, 594
594, 14402
17795, 595
595, 16510
23966, 596
596, 22546
596, 23554
17861, 597
597, 21289
16388, 598
22982, 598
10329, 598
25605, 598
21133, 598
16778, 598
20466, 598
17893, 598
22741, 598
20477, 598
9550, 598
15837, 598
13204, 598
18580, 598
9573, 598
24720, 598
19419, 598
13296, 598
598, 29311
9346, 599
599, 21508
29943, 600
600, 26418
17214, 601
14540, 601
9733, 601
601, 25501
22970, 602
602, 11543
21258, 603
603, 16659
11368, 604
604, 14089
29943, 605
605, 13564
12736, 606
606, 21133
606, 22043
606, 19738
22080, 607
607, 22256
23078, 608
608, 10347
19908, 609
609, 17130
18049, 610
610, 19608
16882, 611
25674, 611
611, 27648
18514, 612
612, 11908
612, 26112
25622, 613
9959, 613
613, 15191
613, 15211
613, 9189
19271, 614
614, 13275
11104, 615
21071, 615
615, 17476
9196, 616
616, 12216
10714, 617
617, 21133
26011, 618
618, 29134
618, 27849
28073, 619
619, 14706
22047, 620
620, 10100
19141, 621
11431, 621
9209, 621
22610, 621
12687, 621
19077, 621
13258, 621
22003, 621
29167, 621
28890, 621
25166, 621
621, 13446
16050, 622
622, 15381
19464, 623
623, 18060
623, 21348
18707, 624
624, 27430
624, 19274
26382, 625
625, 20251
625, 9225
13902, 626
15251, 626
19407, 626
22587, 626
27903, 626
29367, 626
21067, 626
10208, 626
12759, 626
19108, 626
17530, 626
27008, 626
15457, 626
24173, 626
17663, 626
626, 24328
18042, 627
18653, 627
10924, 627
627, 12185
627, 20514
627, 29299
29587, 628
628, 19954
23661, 629
629, 27922
11264, 630
23979, 630
630, 16184
22803, 631
631, 14364
29886, 632
632, 23438
12320, 633
633, 13585
10738, 634
634, 11917
26544, 635
635, 26851
9889, 636
636, 16923
23898, 637
637, 25599
12972, 638
23110, 638
25623, 638
638, 10817
9977, 639
639, 20819
20790, 640
28397, 640
640, 21841
15883, 641
641, 18472
16714, 642
642, 16446
24168, 643
643, 11681
10432, 644
644, 22740
28769, 645
13867, 645
645, 12751
645, 26777
28508, 646
15142, 646
646, 21643
17844, 647
647, 13068
11954, 648
648, 10894
26704, 649
19210, 649
26037, 649
19716, 649
24324, 649
16894, 649
20195, 649
19539, 649
28146, 649
15207, 649
18921, 649
24550, 649
649, 19311
649, 27862
649, 28488
19723, 650
650, 28189
19237, 651
20310, 651
24837, 651
22690, 651
13004, 651
27428, 651
17632, 651
16437, 651
23443, 651
12586, 651
12860, 651
12464, 651
16235, 651
18655, 651
23175, 651
24756, 651
19243, 651
21867, 651
21147, 651
22142, 651
23452, 651
17234, 651
20163, 651
29191, 651
17422, 651
13293, 651
14269, 651
12276, 651
28382, 651
12360, 651
29120, 651
15234, 651
18473, 651
26370, 651
28300, 651
9163, 651
9963, 651
10247, 651
25198, 651
29016, 651
15116, 651
29366, 651
14537, 651
19465, 651
24942, 651
27890, 651
23663, 651
10816, 651
23227, 651
24990, 651
19704, 651
29744, 651
25312, 651
19052, 651
12956, 651
22776, 651
10894, 651
21791, 651
24695, 651
21079, 651
26537, 651
18669, 651
22258, 651
20806, 651
16771, 651
23219, 651
17458, 651
24820, 651
27621, 651
19164, 651
16504, 651
10036, 651
13980, 651
20513, 651
11706, 651
15099, 651
26208, 651
10104, 651
21133, 651
15353, 651
22585, 651
16893, 651
12071, 651
22644, 651
15863, 651
10126, 651
25046, 651
19072, 651
12531, 651
11880, 651
17364, 651
25562, 651
25136, 651
25176, 651
20380, 651
18619, 651
19484, 651
17457, 651
14633, 651
17913, 651
9931, 651
10587, 651
10370, 651
18631, 651
22725, 651
12056, 651
27907, 651
22129, 651
22353, 651
23745, 651
18360, 651
26652, 651
13959, 651
26392, 651
20605, 651
12541, 651
28238, 651
19816, 651
14031, 651
17491, 651
28413, 651
11510, 651
23919, 651
21646, 651
10631, 651
24457, 651
23582, 651
16347, 651
14684, 651
22321, 651
14687, 651
30080, 651
27743, 651
26766, 651
16243, 651
21197, 651
19324, 651
20489, 651
28397, 651
21676, 651
13223, 651
24465, 651
12912, 651
29932, 651
25042, 651
27699, 651
11188, 651
16251, 651
25953, 651
27490, 651
15991, 651
14373, 651
28577, 651
9883, 651
14089, 651
25925, 651
29915, 651
12761, 651
15674, 651
20981, 651
23383, 651
23438, 651
11552, 651
23380, 651
20368, 651
18308, 651
10552, 651
27363, 651
23750, 651
11636, 651
23811, 651
28792, 651
28253, 651
20862, 651
9397, 651
14423, 651
13642, 651
28884, 651
11176, 651
21602, 651
9911, 651
24927, 651
19869, 651
12908, 651
10598, 651
22345, 651
14113, 651
28042, 651
28363, 651
22213, 651
25623, 651
21743, 651
17235, 651
12550, 651
24876, 651
11547, 651
17949, 651
25553, 651
24332, 651
23965, 651
20759, 651
13477, 651
13191, 651
20794, 651
28352, 651
12284, 651
19830, 651
11765, 651
20442, 651
22143, 651
11584, 651
26418, 651
25395, 651
21764, 651
21917, 651
26053, 651
15584, 651
18660, 651
22078, 651
19068, 651
19089, 651
18844, 651
14384, 651
21798, 651
11096, 651
14865, 651
18992, 651
20270, 651
14778, 651
11187, 651
27198, 651
29637, 651
23052, 651
9363, 651
22902, 651
22866, 651
14355, 651
26769, 651
651, 19096
28526, 652
19346, 652
15625, 652
652, 16140
27739, 653
9376, 653
653, 29370
19245, 654
654, 18172
26651, 655
655, 10829
28259, 656
11329, 656
656, 26815
14198, 657
657, 11263
25568, 658
658, 14223
21909, 659
659, 21077
20974, 660
660, 22982
22622, 661
16650, 661
18880, 661
19495, 661
15706, 661
661, 9992
661, 24387
661, 15635
661, 16770
661, 14348
23717, 662
662, 27234
662, 24581
23239, 663
663, 16038
22433, 664
664, 11053
664, 15136
664, 13747
9226, 665
11799, 665
665, 17138
29813, 666
666, 12014
9876, 667
667, 10911
667, 27434
21418, 668
29967, 668
24213, 668
13697, 668
668, 11393
26065, 669
669, 16771
17719, 670
670, 26953
26025, 671
16659, 671
27038, 671
671, 26514
16091, 672
672, 16434
672, 23999
25081, 673
673, 24440
30220, 674
17374, 674
674, 20827
29943, 675
675, 11381
675, 25009
13653, 676
676, 15638
20590, 677
677, 11619
18440, 678
27417, 678
678, 18952
11746, 679
679, 14903
29635, 680
680, 10079
27178, 681
681, 16946
23030, 682
682, 20336
13093, 683
11487, 683
14196, 683
683, 14117
683, 15002
24187, 684
684, 22466
29785, 685
685, 13893
19830, 686
686, 21471
22976, 687
15484, 687
687, 29728
16104, 688
688, 11309
28413, 689
13507, 689
689, 13206
14867, 690
690, 9816
15526, 691
691, 27316
28013, 692
692, 24724
20967, 693
25457, 693
20707, 693
693, 27366
14716, 694
694, 28307
24277, 695
24249, 695
24725, 695
28617, 695
695, 25149
9893, 696
696, 25947
28955, 697
697, 15412
24630, 698
698, 25033
28230, 699
699, 14487
23558, 700
700, 13866
21620, 701
701, 27907
18991, 702
702, 27854
17951, 703
703, 20895
703, 17011
23829, 704
704, 10630
16193, 705
705, 19541
20275, 706
706, 22964
29969, 707
707, 10171
29634, 708
708, 10113
17613, 709
709, 10100
29460, 710
10333, 710
710, 29102
22394, 711
711, 16611
23334, 712
712, 30013
14821, 713
713, 19487
22924, 714
714, 28931
18780, 715
16251, 715
715, 15924
10310, 716
716, 16243
18378, 717
717, 13416
15959, 718
718, 26301
718, 18270
718, 10791
718, 30088
718, 13142
718, 20132
718, 28444
17084, 719
719, 16509
719, 10985
13427, 720
720, 22867
13615, 721
721, 10700
22533, 722
22885, 722
14860, 722
20700, 722
28724, 722
22928, 722
10961, 722
23154, 722
722, 26186
12358, 723
723, 22258
27808, 724
724, 11547
24216, 725
725, 27353
29943, 726
726, 13452
23955, 727
727, 17303
727, 26144
15617, 728
728, 15102
728, 27907
28439, 729
14540, 729
729, 24706
29753, 730
20045, 730
16595, 730
12725, 730
19809, 730
10978, 730
14376, 730
25332, 730
24489, 730
11319, 730
16909, 730
11944, 730
11822, 730
730, 13399
9964, 731
731, 18853
27737, 732
732, 12896
29850, 733
733, 20235
20866, 734
734, 13327
27808, 735
735, 11547
13268, 736
13220, 736
18413, 736
736, 25072
21107, 737
737, 19751
15899, 738
738, 22430
738, 15625
738, 24005
18564, 739
739, 20392
22500, 740
740, 18473
10257, 741
741, 20393
741, 28003
13692, 742
742, 16919
26078, 743
743, 9839
23898, 744
744, 21539
25628, 745
17205, 745
26416, 745
26402, 745
26534, 745
745, 29742
20420, 746
746, 11297
746, 20136
15549, 747
747, 16717
29223, 748
748, 19654
17101, 749
749, 21010
22141, 750
750, 19414
15516, 751
751, 29444
751, 28474
25307, 752
752, 14537
752, 14178
29223, 753
753, 23514
24880, 754
19661, 754
754, 23720
23898, 755
755, 29756
16887, 756
756, 22353
11467, 757
757, 28109
15453, 758
758, 28739
758, 27312
11671, 759
759, 20331
25631, 760
760, 16428
760, 28770
13086, 761
761, 20626
18344, 762
762, 25252
18734, 763
763, 22258
26161, 764
764, 12488
23756, 765
27467, 765
765, 27806
765, 22816
22500, 766
766, 18473
29943, 767
767, 18322
26526, 768
12381, 768
11577, 768
12749, 768
768, 15362
20398, 769
769, 28599
13680, 770
12293, 770
24027, 770
770, 30137
770, 17874
22189, 771
771, 11790
17654, 772
772, 12442
19510, 773
773, 26557
29162, 774
774, 20297
15039, 775
775, 22594
26231, 776
776, 17466
776, 18167
17200, 777
777, 22129
26908, 778
778, 25925
15901, 779
779, 15402
27807, 780
780, 9588
13271, 781
781, 21593
781, 21573
781, 24430
28117, 782
782, 28140
24203, 783
783, 17618
15699, 784
20386, 784
784, 12576
26088, 785
25889, 785
785, 25262
785, 15365
785, 19282
785, 14227
11364, 786
786, 16178
23500, 787
787, 14328
20078, 788
23338, 788
788, 19724
17795, 789
789, 16510
28186, 790
30056, 790
790, 11760
790, 25692
14821, 791
10825, 791
791, 20813
9567, 792
792, 10835
22690, 793
22485, 793
793, 19941
10110, 794
794, 23438
16663, 795
795, 25003
13101, 796
796, 18627
28687, 797
797, 22819
29323, 798
19957, 798
798, 14473
798, 29688
798, 28194
25445, 799
799, 29080
799, 27234
28177, 800
800, 23219
800, 22840
11767, 801
26734, 801
801, 10312
22400, 802
802, 20489
20035, 803
803, 16704
29943, 804
804, 21430
30021, 805
19953, 805
805, 22679
13560, 806
22090, 806
806, 9308
25036, 807
17495, 807
19870, 807
12351, 807
16897, 807
16094, 807
20490, 807
28291, 807
16534, 807
22004, 807
18314, 807
28145, 807
15323, 807
28684, 807
11073, 807
27789, 807
27900, 807
23061, 807
24712, 807
14106, 807
27228, 807
25355, 807
20484, 807
14914, 807
12472, 807
25083, 807
21962, 807
16569, 807
20086, 807
22879, 807
20944, 807
29903, 807
14203, 807
17384, 807
16164, 807
28088, 807
14182, 807
12243, 807
28763, 807
26775, 807
22375, 807
23692, 807
16387, 807
9779, 807
26826, 807
25218, 807
20767, 807
26528, 807
16355, 807
807, 13369
25359, 808
29807, 808
808, 10745
808, 28935
808, 24190
24837, 809
23233, 809
29126, 809
18058, 809
14995, 809
21582, 809
25161, 809
23650, 809
22982, 809
28508, 809
16583, 809
18167, 809
29366, 809
23227, 809
29527, 809
29179, 809
20656, 809
26537, 809
25608, 809
16174, 809
18526, 809
28657, 809
14676, 809
25117, 809
10628, 809
11950, 809
12055, 809
17913, 809
11321, 809
23167, 809
16243, 809
26389, 809
25042, 809
24084, 809
14979, 809
12136, 809
28674, 809
22687, 809
25925, 809
26336, 809
16667, 809
20862, 809
9397, 809
10147, 809
14582, 809
10899, 809
30069, 809
11547, 809
12110, 809
11842, 809
11423, 809
12613, 809
26053, 809
13296, 809
16968, 809
22459, 809
14238, 809
9363, 809
809, 25498
22688, 810
11081, 810
810, 12753
810, 25012
18484, 811
811, 18783
811, 23703
811, 9293
811, 19222
24745, 812
812, 29309
812, 19726
812, 24429
20943, 813
24673, 813
29581, 813
813, 16582
813, 9333
15349, 814
17052, 814
24442, 814
814, 18699
29431, 815
13529, 815
815, 19367
24171, 816
816, 22940
11661, 817
817, 27587
15177, 818
16192, 818
9907, 818
22696, 818
818, 14989
10288, 819
819, 20139
15794, 820
820, 16622
820, 15057
29879, 821
821, 13504
821, 13297
23137, 822
19677, 822
822, 9774
29338, 823
823, 25636
27310, 824
17534, 824
824, 23179
15243, 825
825, 13294
20375, 826
826, 14753
10126, 827
26028, 827
827, 24297
10491, 828
828, 20749
828, 29007
13538, 829
829, 20999
17876, 830
830, 28422
27857, 831
20146, 831
28150, 831
15128, 831
20725, 831
25046, 831
13471, 831
23843, 831
25487, 831
10661, 831
23670, 831
17146, 831
23438, 831
13161, 831
19201, 831
11547, 831
15648, 831
12442, 831
831, 17309
26493, 832
29075, 832
832, 28598
14643, 833
26981, 833
833, 28124
833, 15295
21022, 834
834, 14086
25346, 835
835, 14927
15751, 836
836, 27428
15489, 837
10142, 837
837, 14759
16324, 838
838, 13214
13816, 839
839, 29893
15506, 840
840, 27580
840, 13840
840, 10832
9220, 841
841, 21989
12000, 842
842, 19361
842, 25816
17066, 843
843, 13304
17965, 844
12906, 844
21133, 844
23676, 844
28329, 844
29644, 844
14233, 844
9726, 844
23052, 844
844, 18806
29078, 845
845, 14981
19786, 846
846, 15801
26670, 847
19551, 847
9630, 847
847, 29754
847, 29118
17260, 848
848, 29744
848, 26392
848, 14901
848, 14390
20287, 849
849, 10499
12517, 850
850, 11135
19218, 851
11761, 851
851, 16236
851, 19915
851, 26674
14631, 852
852, 11622
852, 22327
23898, 853
853, 30190
10620, 854
854, 13505
24968, 855
855, 11238
855, 13787
18577, 856
856, 17448
23251, 857
857, 16023
14412, 858
858, 22135
27408, 859
859, 28508
859, 21526
12221, 860
860, 10147
17766, 861
861, 19852
27779, 862
22943, 862
22764, 862
23687, 862
862, 9726
20544, 863
863, 12912
18840, 864
864, 14091
15213, 865
865, 13601
29223, 866
866, 23514
12728, 867
867, 21725
24273, 868
16633, 868
868, 25362
19430, 869
869, 29422
23624, 870
870, 11198
870, 25834
25387, 871
16716, 871
29927, 871
871, 11959
13350, 872
872, 24681
872, 25448
29943, 873
873, 12586
873, 22766
20949, 874
16910, 874
874, 10745
13024, 875
875, 9197
13639, 876
876, 20565
20594, 877
25178, 877
877, 12981
25404, 878
878, 10845
878, 11429
27214, 879
879, 23480
25652, 880
880, 18104
14158, 881
881, 26261
881, 20696
25200, 882
882, 16042
26035, 883
883, 21099
20160, 884
884, 23094
16867, 885
885, 27265
13116, 886
886, 21115
14385, 887
21055, 887
13449, 887
11339, 887
27837, 887
16018, 887
887, 15379
887, 27034
887, 27193
887, 16067
13904, 888
17916, 888
888, 21612
29943, 889
889, 16655
19919, 890
890, 18493
21283, 891
14124, 891
891, 28884
11929, 892
892, 10795
24320, 893
893, 24457
14821, 894
894, 15480
15851, 895
29629, 895
895, 10718
28898, 896
22279, 896
896, 14519
19440, 897
897, 13866
26629, 898
898, 9117
15215, 899
899, 12283
19900, 900
900, 23380
900, 14994
23430, 901
901, 12821
29908, 902
18229, 902
902, 28534
15856, 903
903, 22637
21242, 904
17758, 904
904, 18478
19302, 905
13603, 905
14060, 905
15735, 905
9605, 905
15026, 905
19720, 905
12319, 905
13873, 905
15844, 905
905, 13399
14404, 906
906, 22546
906, 29649
30047, 907
907, 16330
29696, 908
908, 16556
23183, 909
909, 28841
909, 19989
19594, 910
910, 19328
17018, 911
911, 22526
911, 27508
27522, 912
29812, 912
22774, 912
15415, 912
25506, 912
27280, 912
19617, 912
24144, 912
29986, 912
20682, 912
24453, 912
19474, 912
11744, 912
11589, 912
19827, 912
19746, 912
21613, 912
25665, 912
912, 10235
912, 20201
18209, 913
913, 22920
18155, 914
11584, 914
914, 12239
10460, 915
915, 19790
21423, 916
916, 23393
14636, 917
917, 27198
917, 19401
25886, 918
918, 19749
918, 25895
23397, 919
919, 21914
13157, 920
24878, 920
21508, 920
920, 19131
17191, 921
921, 22584
921, 24786
11495, 922
922, 11238
922, 14861
23905, 923
923, 23637
10859, 924
924, 29452
12187, 925
925, 16470
16511, 926
926, 18716
21650, 927
927, 11064
21194, 928
928, 21403
25323, 929
929, 17964
15577, 930
930, 23595
18698, 931
931, 18812
931, 15446
931, 21579
931, 21976
23930, 932
15077, 932
23013, 932
932, 20716
21088, 933
933, 27169
23295, 934
934, 11002
20044, 935
935, 28839
11171, 936
936, 29744
13042, 937
27633, 937
937, 21075
17290, 938
938, 19659
19459, 939
939, 16385
939, 19056
26316, 940
940, 18400
24215, 941
27063, 941
22925, 941
20952, 941
941, 25655
14939, 942
942, 12360
10492, 943
943, 15642
21979, 944
944, 28506
11262, 945
945, 28522
29913, 946
946, 13471
9955, 947
947, 14255
16618, 948
948, 24132
11318, 949
27889, 949
16585, 949
18475, 949
26030, 949
949, 20358
22912, 950
950, 20830
18652, 951
951, 15566
10432, 952
952, 14265
19144, 953
953, 23219
19122, 954
954, 21133
14360, 955
955, 17328
26841, 956
956, 11456
11219, 957
957, 27406
12512, 958
958, 20753
958, 19303
10209, 959
959, 13792
26860, 960
960, 16552
24364, 961
961, 11529
23571, 962
23676, 962
28641, 962
15418, 962
16300, 962
962, 26321
13356, 963
19803, 963
23914, 963
21547, 963
29970, 963
9340, 963
29598, 963
18052, 963
26899, 963
963, 26329
22211, 964
964, 14537
10825, 965
965, 28416
965, 9734
13471, 966
12027, 966
966, 14547
18577, 967
967, 28325
15943, 968
968, 19054
968, 13854
18754, 969
969, 13151
9108, 970
970, 27383
13348, 971
971, 15597
14746, 972
30104, 972
19154, 972
30149, 972
11397, 972
972, 23596
21576, 973
973, 9164
15472, 974
974, 24255
23239, 975
975, 10543
26690, 976
976, 20136
22752, 977
977, 26346
25959, 978
978, 16711
978, 19256
978, 12829
978, 9364
978, 26278
978, 25419
978, 26829
978, 15976
978, 26658
28082, 979
979, 12274
979, 16365
979, 16729
17769, 980
30164, 980
20251, 980
980, 27327
22145, 981
981, 10296
29943, 982
982, 18370
19844, 983
20235, 983
983, 28907
23305, 984
10778, 984
984, 14645
23472, 985
985, 27727
24276, 986
986, 25630
18786, 987
14205, 987
28795, 987
9181, 987
21981, 987
987, 19119
12138, 988
11847, 988
988, 23415
18062, 989
989, 20143
989, 16661
989, 21697
989, 13820
9763, 990
990, 15185
10234, 991
991, 21558
23029, 992
11306, 992
11677, 992
992, 17474
29622, 993
20832, 993
993, 15355
993, 24222
16837, 994
994, 23101
11191, 995
20725, 995
995, 27423
21931, 996
996, 29914
14685, 997
997, 28217
27478, 998
998, 11880
15244, 999
12556, 999
999, 28054
17173, 1000
22057, 1000
26172, 1000
24240, 1000
27165, 1000
11105, 1000
22374, 1000
19084, 1000
13346, 1000
11441, 1000
1000, 14770
22520, 1001
1001, 12819
16249, 1002
1002, 13100
13037, 1003
1003, 15565
25476, 1004
1004, 26306
26653, 1005
1005, 20273
29038, 1006
1006, 29695
28459, 1007
1007, 10902
21761, 1008
1008, 21875
9115, 1009
1009, 11555
1009, 23981
11261, 1010
1010, 24876
13816, 1011
1011, 23440
17753, 1012
1012, 22785
18948, 1013
1013, 13755
18900, 1014
1014, 23052
21882, 1015
1015, 11616
1015, 27571
24518, 1016
1016, 11883
16373, 1017
1017, 16082
16390, 1018
1018, 23219
19528, 1019
1019, 24571
1019, 27238
9825, 1020
1020, 16502
18243, 1021
9570, 1021
1021, 10475
26473, 1022
1022, 27051
29052, 1023
1023, 13486
1023, 9572
1023, 27213
21551, 1024
1024, 17062
9703, 1025
1025, 21608
1025, 17676
15577, 1026
1026, 18688
22790, 1027
21336, 1027
1027, 12477
16511, 1028
1028, 23096
1028, 25614
29302, 1029
25325, 1029
13632, 1029
1029, 16331
1029, 27061
27808, 1030
1030, 11547
9472, 1031
1031, 13041
1031, 20136
20032, 1032
23528, 1032
9447, 1032
1032, 23565
1032, 12126
1032, 25362
1032, 18721
1032, 12228
1032, 24629
1032, 21203
18075, 1033
1033, 17414
16144, 1034
15022, 1034
1034, 11386
27030, 1035
1035, 13100
10321, 1036
28733, 1036
1036, 22690
10857, 1037
13492, 1037
1037, 22258
20583, 1038
1038, 20422
24687, 1039
10299, 1039
23727, 1039
1039, 11248
14563, 1040
1040, 21809
10460, 1041
1041, 16842
22343, 1042
1042, 21133
20934, 1043
1043, 22012
27950, 1044
1044, 13954
10790, 1045
1045, 15518
26309, 1046
1046, 13041
1046, 20384
1046, 22513
15766, 1047
12695, 1047
1047, 13025
13101, 1048
1048, 12550
20556, 1049
1049, 19121
21410, 1050
1050, 26887
13571, 1051
10052, 1051
1051, 26741
1051, 11922
1051, 14244
1051, 23390
28563, 1052
24757, 1052
25375, 1052
30182, 1052
19781, 1052
28458, 1052
11477, 1052
29262, 1052
16237, 1052
23658, 1052
28859, 1052
12191, 1052
19929, 1052
16267, 1052
22588, 1052
25636, 1052
29574, 1052
10545, 1052
28668, 1052
25436, 1052
23753, 1052
25845, 1052
9539, 1052
19546, 1052
17617, 1052
26403, 1052
10887, 1052
1052, 13995
22774, 1053
1053, 27646
1053, 24758
10520, 1054
1054, 12673
1054, 16671
14110, 1055
1055, 14928
21431, 1056
1056, 27152
27499, 1057
1057, 13337
15971, 1058
1058, 23642
12317, 1059
11639, 1059
1059, 22262
22369, 1060
1060, 26407
29943, 1061
1061, 18795
15187, 1062
1062, 18308
10664, 1063
1063, 15185
24123, 1064
1064, 24587
22787, 1065
12025, 1065
9712, 1065
24964, 1065
12907, 1065
21057, 1065
11024, 1065
26419, 1065
27727, 1065
26281, 1065
26726, 1065
17405, 1065
16594, 1065
28436, 1065
18573, 1065
15895, 1065
15237, 1065
11438, 1065
20742, 1065
17144, 1065
14857, 1065
17350, 1065
15730, 1065
13044, 1065
10996, 1065
25190, 1065
11477, 1065
29942, 1065
9823, 1065
18915, 1065
27614, 1065
26655, 1065
29262, 1065
13446, 1065
23702, 1065
26895, 1065
23521, 1065
10062, 1065
22296, 1065
27238, 1065
29387, 1065
26242, 1065
9331, 1065
22574, 1065
15546, 1065
26441, 1065
19143, 1065
16446, 1065
22780, 1065
24556, 1065
17247, 1065
13493, 1065
29017, 1065
10545, 1065
18370, 1065
18286, 1065
9844, 1065
28189, 1065
15811, 1065
24440, 1065
20966, 1065
12565, 1065
29718, 1065
11910, 1065
23514, 1065
20758, 1065
10984, 1065
19984, 1065
28692, 1065
17331, 1065
23541, 1065
14728, 1065
16449, 1065
15928, 1065
16479, 1065
18202, 1065
14049, 1065
1065, 18799
19694, 1066
1066, 12276
1066, 23750
21904, 1067
1067, 16304
23594, 1068
20250, 1068
10184, 1068
1068, 18591
26431, 1069
1069, 27734
16274, 1070
1070, 21476
20792, 1071
1071, 28759
16754, 1072
1072, 29005
13522, 1073
1073, 22975
18350, 1074
29619, 1074
9302, 1074
29292, 1074
18222, 1074
1074, 29501
22433, 1075
1075, 18499
25502, 1076
1076, 21746
28745, 1077
1077, 14026
30032, 1078
1078, 26894
1078, 19853
29943, 1079
1079, 18833
18731, 1080
1080, 18569
21831, 1081
18197, 1081
1081, 10329
27299, 1082
1082, 11813
11591, 1083
1083, 12673
19911, 1084
13128, 1084
16352, 1084
27121, 1084
21770, 1084
29318, 1084
26226, 1084
29922, 1084
18741, 1084
21246, 1084
14435, 1084
27685, 1084
1084, 24837
1084, 20851
1084, 10127
26058, 1085
30021, 1085
26115, 1085
1085, 21332
21383, 1086
1086, 20251
13391, 1087
1087, 23893
28185, 1088
1088, 19327
24002, 1089
1089, 17130
17757, 1090
1090, 20975
1090, 10631
1090, 19869
21628, 1091
1091, 30053
1091, 23057
11052, 1092
9998, 1092
1092, 11813
26109, 1093
13123, 1093
29145, 1093
18951, 1093
15626, 1093
23098, 1093
18724, 1093
1093, 19324
15722, 1094
27547, 1094
1094, 24052
1094, 29593
19088, 1095
27351, 1095
1095, 12930
1095, 11989
1095, 29390
1095, 10982
1095, 14640
1095, 26797
12128, 1096
1096, 18152
1096, 21860
16511, 1097
1097, 12609
1097, 12322
29275, 1098
1098, 10448
1098, 24705
1098, 27718
11592, 1099
1099, 14415
1099, 11102
15169, 1100
1100, 17524
19188, 1101
1101, 26766
15315, 1102
1102, 9589
9683, 1103
1103, 14487
29701, 1104
1104, 16334
17289, 1105
11745, 1105
1105, 13693
13582, 1106
1106, 18619
11387, 1107
1107, 18884
28603, 1108
18242, 1108
1108, 20136
13816, 1109
1109, 23440
19628, 1110
27628, 1110
10787, 1110
16717, 1110
11483, 1110
25252, 1110
26923, 1110
1110, 21078
1110, 29943
19455, 1111
1111, 26927
15577, 1112
1112, 15990
20772, 1113
1113, 28233
25866, 1114
16769, 1114
19927, 1114
1114, 25362
1114, 17358
11133, 1115
1115, 24929
1115, 26512
1115, 27201
29869, 1116
1116, 22205
17298, 1117
1117, 25910
29072, 1118
1118, 14848
12627, 1119
13471, 1119
1119, 14436
28348, 1120
12718, 1120
1120, 15385
29755, 1121
29348, 1121
19595, 1121
15679, 1121
26027, 1121
19570, 1121
1121, 13399
15577, 1122
1122, 26197
20804, 1123
16756, 1123
22798, 1123
28098, 1123
14509, 1123
24662, 1123
26002, 1123
27672, 1123
18071, 1123
23385, 1123
13362, 1123
28086, 1123
1123, 14715
15311, 1124
28425, 1124
13308, 1124
1124, 28877
1124, 19268
13832, 1125
1125, 19402
14159, 1126
1126, 17601
26915, 1127
21436, 1127
1127, 21853
1127, 20343
1127, 9222
1127, 18165
24511, 1128
1128, 29606
29672, 1129
1129, 29007
1129, 19678
1129, 13548
11505, 1130
1130, 20212
16856, 1131
29113, 1131
13124, 1131
21127, 1131
14850, 1131
29248, 1131
20232, 1131
9255, 1131
1131, 23224
27470, 1132
1132, 28228
15159, 1133
1133, 17524
1133, 25486
1133, 22584
13431, 1134
29922, 1134
30216, 1134
13797, 1134
18342, 1134
27893, 1134
20195, 1134
28777, 1134
1134, 11058
17947, 1135
18954, 1135
26390, 1135
19537, 1135
14388, 1135
1135, 22900
14934, 1136
23491, 1136
21820, 1136
23733, 1136
10815, 1136
19657, 1136
21923, 1136
21542, 1136
20305, 1136
12504, 1136
1136, 13312
23714, 1137
1137, 29868
22275, 1138
1138, 9474
9842, 1139
1139, 25046
15695, 1140
11453, 1140
1140, 19977
23320, 1141
1141, 20601
18577, 1142
1142, 25252
28451, 1143
1143, 20288
19213, 1144
1144, 24837
1144, 29637
16772, 1145
9547, 1145
1145, 17843
11876, 1146
1146, 14504
12049, 1147
1147, 28426
1147, 15468
9314, 1148
1148, 11132
28442, 1149
1149, 20892
27758, 1150
9700, 1150
1150, 27794
1150, 28234
1150, 27147
1150, 18500
22877, 1151
1151, 26703
12372, 1152
1152, 18308
14296, 1153
1153, 13399
18782, 1154
1154, 24960
1154, 26043
28832, 1155
1155, 29629
11186, 1156
1156, 11011
11145, 1157
1157, 22837
9677, 1158
1158, 21135
19902, 1159
1159, 12673
15246, 1160
13768, 1160
1160, 21467
10638, 1161
1161, 12531
22569, 1162
1162, 26849
10081, 1163
1163, 25910
15577, 1164
1164, 19264
13816, 1165
1165, 21953
29602, 1166
1166, 19399
27152, 1167
13900, 1167
23052, 1167
1167, 24922
27091, 1168
1168, 11660
27978, 1169
1169, 25086
24748, 1170
1170, 27686
21494, 1171
27878, 1171
28530, 1171
19850, 1171
1171, 20083
28226, 1172
1172, 28228
15577, 1173
1173, 9223
10935, 1174
15660, 1174
1174, 21921
13622, 1175
1175, 17813
21263, 1176
21133, 1176
9902, 1176
11320, 1176
17462, 1176
14031, 1176
23400, 1176
15376, 1176
21697, 1176
1176, 16727
28097, 1177
9205, 1177
1177, 12826
25358, 1178
21835, 1178
9598, 1178
18413, 1178
26053, 1178
1178, 16918
10310, 1179
1179, 16243
15826, 1180
1180, 28859
14715, 1181
13928, 1181
21623, 1181
24499, 1181
22239, 1181
11845, 1181
20231, 1181
15228, 1181
19342, 1181
14851, 1181
14770, 1181
20162, 1181
25610, 1181
22881, 1181
26141, 1181
12835, 1181
26288, 1181
9646, 1181
22775, 1181
27520, 1181
25751, 1181
11011, 1181
19193, 1181
15073, 1181
27571, 1181
15029, 1181
9238, 1181
11551, 1181
29159, 1181
29127, 1181
9192, 1181
9548, 1181
24568, 1181
17416, 1181
25191, 1181
21883, 1181
18576, 1181
24558, 1181
21675, 1181
29961, 1181
26337, 1181
20558, 1181
11555, 1181
18367, 1181
21941, 1181
21983, 1181
21647, 1181
15291, 1181
13091, 1181
9859, 1181
24793, 1181
15337, 1181
27701, 1181
29530, 1181
16869, 1181
9589, 1181
15327, 1181
23011, 1181
25724, 1181
22761, 1181
23838, 1181
18370, 1181
18286, 1181
13416, 1181
23485, 1181
19889, 1181
15498, 1181
27936, 1181
17460, 1181
11734, 1181
18237, 1181
28616, 1181
18118, 1181
12482, 1181
26682, 1181
12601, 1181
23577, 1181
24813, 1181
28871, 1181
10159, 1181
23226, 1181
29792, 1181
20557, 1181
10128, 1181
17277, 1181
23981, 1181
12973, 1181
1181, 26719
15511, 1182
15294, 1182
29955, 1182
1182, 23149
21455, 1183
1183, 27965
20873, 1184
1184, 26025
29943, 1185
1185, 24708
25336, 1186
27702, 1186
23035, 1186
1186, 13399
29707, 1187
1187, 18744
10807, 1188
1188, 27570
24787, 1189
27035, 1189
22973, 1189
28295, 1189
14313, 1189
16851, 1189
19965, 1189
28925, 1189
22686, 1189
29536, 1189
23888, 1189
10352, 1189
28164, 1189
22839, 1189
29717, 1189
13755, 1189
15482, 1189
10192, 1189
13160, 1189
25493, 1189
28228, 1189
28062, 1189
14223, 1189
12435, 1189
19952, 1189
19538, 1189
20945, 1189
28095, 1189
19935, 1189
29671, 1189
28843, 1189
10283, 1189
14431, 1189
23559, 1189
12553, 1189
25252, 1189
10873, 1189
13795, 1189
26505, 1189
19300, 1189
10353, 1189
9370, 1189
16510, 1189
10634, 1189
9481, 1189
25085, 1189
15601, 1189
16760, 1189
11012, 1189
17301, 1189
16811, 1189
29542, 1189
20136, 1189
17038, 1189
14070, 1189
21047, 1189
22270, 1189
11246, 1189
18218, 1189
10521, 1189
19051, 1189
21257, 1189
22683, 1189
27503, 1189
26752, 1189
26111, 1189
23918, 1189
27205, 1189
19852, 1189
14930, 1189
16273, 1189
11885, 1189
17055, 1189
29310, 1189
26744, 1189
14351, 1189
14131, 1189
24823, 1189
29821, 1189
15925, 1189
14932, 1189
13872, 1189
1189, 12965
1189, 29943
24767, 1190
1190, 9963
12356, 1191
18419, 1191
24470, 1191
22272, 1191
1191, 28843
1191, 28525
1191, 12120
18498, 1192
1192, 15489
1192, 23882
17178, 1193
1193, 12583
28558, 1194
1194, 21102
17754, 1195
1195, 14981
22308, 1196
1196, 9963
20210, 1197
1197, 30089
23931, 1198
1198, 23108
1198, 19830
15577, 1199
1199, 23595
29345, 1200
1200, 13511
17107, 1201
1201, 27497
9335, 1202
1202, 13256
27633, 1203
11013, 1203
1203, 19546
15000, 1204
1204, 13327
26562, 1205
29690, 1205
1205, 25772
13022, 1206
1206, 22127
15444, 1207
1207, 18278
28240, 1208
1208, 29203
9445, 1209
1209, 26419
11103, 1210
18300, 1210
29060, 1210
13498, 1210
21325, 1210
1210, 24294
1210, 27560
11788, 1211
1211, 27733
15329, 1212
30022, 1212
1212, 25814
1212, 17049
15274, 1213
1213, 29778
12341, 1214
1214, 25532
16714, 1215
1215, 25598
11249, 1216
1216, 24074
22661, 1217
12527, 1217
26165, 1217
28718, 1217
19685, 1217
1217, 10927
1217, 14131
1217, 15675
20863, 1218
1218, 14684
15242, 1219
1219, 9612
12834, 1220
1220, 21003
23509, 1221
1221, 15185
20654, 1222
1222, 23102
20137, 1223
1223, 9781
22052, 1224
11136, 1224
1224, 25644
17059, 1225
23062, 1225
23483, 1225
19763, 1225
29077, 1225
13476, 1225
14736, 1225
15161, 1225
17137, 1225
27440, 1225
21982, 1225
1225, 17234
1225, 14373
13101, 1226
1226, 21381
23638, 1227
1227, 25661
14626, 1228
1228, 13100
22910, 1229
1229, 9225
30140, 1230
27104, 1230
19896, 1230
1230, 11600
13816, 1231
1231, 23440
10968, 1232
1232, 28672
17401, 1233
15570, 1233
1233, 27730
11112, 1234
1234, 16300
26202, 1235
1235, 13959
21035, 1236
1236, 15007
15108, 1237
1237, 26289
29242, 1238
1238, 25701
1238, 25394
12784, 1239
1239, 28923
1239, 23125
1239, 26200
1239, 16462
1239, 12374
20246, 1240
15285, 1240
1240, 29760
12115, 1241
1241, 27954
29943, 1242
1242, 12579
24537, 1243
1243, 23965
25815, 1244
1244, 14804
17189, 1245
1245, 17899
28399, 1246
1246, 11238
29943, 1247
1247, 11509
1247, 9553
17313, 1248
1248, 11808
20960, 1249
1249, 25136
1249, 29245
1249, 21465
12372, 1250
1250, 18308
18577, 1251
1251, 19325
21070, 1252
1252, 11834
1252, 14057
16983, 1253
1253, 13566
12717, 1254
1254, 26389
1254, 18479
1254, 25225
1254, 28881
29034, 1255
16639, 1255
21942, 1255
25005, 1255
1255, 11599
27656, 1256
1256, 9981
25295, 1257
1257, 11737
19465, 1258
29108, 1258
20790, 1258
18183, 1258
9938, 1258
15381, 1258
17944, 1258
1258, 18908
22454, 1259
19052, 1259
29179, 1259
16376, 1259
16405, 1259
20507, 1259
25515, 1259
21476, 1259
28695, 1259
20143, 1259
20489, 1259
27699, 1259
18523, 1259
12281, 1259
12203, 1259
1259, 19681
27545, 1260
1260, 15185
16761, 1261
1261, 21704
10666, 1262
1262, 22075
12792, 1263
1263, 26814
1263, 16943
21213, 1264
1264, 16174
1264, 29331
25641, 1265
1265, 18526
1265, 21844
1265, 25069
21589, 1266
1266, 20187
1266, 22415
1266, 25258
15577, 1267
1267, 11848
22257, 1268
1268, 17207
28415, 1269
28051, 1269
21864, 1269
1269, 16049
15766, 1270
29769, 1270
1270, 13025
24436, 1271
1271, 13426
26600, 1272
1272, 20759
24825, 1273
1273, 15318
22998, 1274
1274, 20759
20512, 1275
1275, 12814
27358, 1276
1276, 29842
17199, 1277
1277, 9792
26571, 1278
1278, 15841
17393, 1279
1279, 26741
9423, 1280
1280, 19352
15904, 1281
1281, 27332
29943, 1282
1282, 11726
28869, 1283
20734, 1283
13238, 1283
1283, 27488
1283, 28843
16511, 1284
1284, 11578
1284, 18117
1284, 18824
1284, 15696
23898, 1285
1285, 18891
22899, 1286
1286, 21327
9190, 1287
1287, 28615
11268, 1288
1288, 23108
18196, 1289
1289, 26451
29014, 1290
1290, 15827
11119, 1291
9721, 1291
1291, 9135
21468, 1292
1292, 20642
27075, 1293
27822, 1293
19310, 1293
14751, 1293
19705, 1293
24076, 1293
28651, 1293
26631, 1293
1293, 26523
21238, 1294
1294, 16062
29943, 1295
1295, 18370
15577, 1296
1296, 20447
22509, 1297
1297, 29932
1297, 19869
27797, 1298
20687, 1298
9675, 1298
1298, 22681
25924, 1299
1299, 9883
1299, 13242
13535, 1300
1300, 17841
9835, 1301
1301, 9297
1301, 13039
29943, 1302
1302, 9843
12506, 1303
29149, 1303
1303, 25888
9508, 1304
1304, 25789
10051, 1305
1305, 20352
22642, 1306
1306, 18903
17285, 1307
1307, 21475
24536, 1308
1308, 22103
13866, 1309
13068, 1309
1309, 9579
17302, 1310
1310, 22416
24781, 1311
1311, 12202
29116, 1312
1312, 27521
14229, 1313
1313, 9981
29845, 1314
1314, 15498
23099, 1315
1315, 18736
22991, 1316
1316, 23052
18577, 1317
1317, 21575
29943, 1318
1318, 19890
27178, 1319
1319, 30020
14664, 1320
1320, 12545
20770, 1321
1321, 9754
20583, 1322
1322, 13777
12400, 1323
1323, 10329
29943, 1324
1324, 28680
14856, 1325
1325, 13028
23784, 1326
1326, 19481
1326, 21308
1326, 9301
1326, 16333
24871, 1327
1327, 24575
22039, 1328
25672, 1328
11725, 1328
1328, 27627
1328, 21535
1328, 15449
23357, 1329
1329, 13447
22066, 1330
1330, 26504
25030, 1331
1331, 25128
19555, 1332
1332, 23875
14774, 1333
9789, 1333
1333, 23141
1333, 26816
1333, 28075
12786, 1334
1334, 13502
13945, 1335
1335, 29644
29751, 1336
1336, 25437
26459, 1337
17882, 1337
1337, 14989
15786, 1338
10368, 1338
14067, 1338
1338, 30046
9638, 1339
1339, 20660
10354, 1340
1340, 20000
12201, 1341
1341, 17482
11308, 1342
26896, 1342
12216, 1342
26479, 1342
15219, 1342
25462, 1342
15099, 1342
11880, 1342
25136, 1342
13471, 1342
17913, 1342
20230, 1342
22516, 1342
23843, 1342
19991, 1342
21076, 1342
14687, 1342
24274, 1342
11634, 1342
25470, 1342
22874, 1342
21312, 1342
25708, 1342
16807, 1342
28510, 1342
11200, 1342
1342, 11591
15411, 1343
1343, 28401
18506, 1344
13931, 1344
1344, 25059
15516, 1345
1345, 14995
25320, 1346
1346, 24595
18974, 1347
1347, 22127
12041, 1348
25357, 1348
27676, 1348
1348, 17405
18934, 1349
1349, 20915
12982, 1350
1350, 22590
25631, 1351
1351, 21392
12312, 1352
1352, 21810
13619, 1353
1353, 18644
24992, 1354
1354, 13500
20238, 1355
1355, 14680
10399, 1356
1356, 29767
18227, 1357
14917, 1357
1357, 11572
13051, 1358
1358, 28720
16530, 1359
1359, 15731
10609, 1360
22584, 1360
1360, 23456
16555, 1361
1361, 23127
1361, 9261
21262, 1362
1362, 22807
1362, 20323
14232, 1363
1363, 11813
12415, 1364
10564, 1364
30145, 1364
10553, 1364
28138, 1364
23937, 1364
1364, 24035
1364, 9733
18079, 1365
1365, 14502
29336, 1366
1366, 29978
27751, 1367
1367, 19774
29943, 1368
1368, 24124
22178, 1369
1369, 21883
17951, 1370
1370, 10415
27605, 1371
1371, 21994
15893, 1372
1372, 10182
23328, 1373
1373, 21152
27918, 1374
17182, 1374
1374, 27356
24624, 1375
1375, 18811
29943, 1376
1376, 14226
14792, 1377
1377, 26419
19524, 1378
1378, 22118
24935, 1379
10278, 1379
17759, 1379
12169, 1379
22774, 1379
18549, 1379
13440, 1379
12346, 1379
29373, 1379
19353, 1379
25547, 1379
20015, 1379
9175, 1379
24615, 1379
21236, 1379
24553, 1379
18685, 1379
1379, 28843
17357, 1380
1380, 9286
17337, 1381
1381, 12349
1381, 29828
29943, 1382
1382, 10236
29049, 1383
1383, 15821
28041, 1384
1384, 26766
13524, 1385
1385, 10835
16511, 1386
1386, 24058
12832, 1387
22254, 1387
23290, 1387
1387, 15669
26073, 1388
23245, 1388
1388, 28843
20799, 1389
1389, 24515
1389, 10319
18878, 1390
1390, 20389
18560, 1391
1391, 10828
18303, 1392
14009, 1392
1392, 18655
22826, 1393
14961, 1393
21593, 1393
22957, 1393
13583, 1393
18308, 1393
12488, 1393
24786, 1393
23052, 1393
1393, 19743
25690, 1394
1394, 23313
23065, 1395
1395, 23790
17689, 1396
1396, 19526
17329, 1397
21860, 1397
1397, 16603
14586, 1398
17089, 1398
1398, 24976
29943, 1399
1399, 17364
9830, 1400
1400, 28843
1400, 27721
27815, 1401
1401, 28446
23197, 1402
1402, 16937
1402, 12662
19833, 1403
13546, 1403
1403, 22324
12282, 1404
1404, 15985
20367, 1405
18198, 1405
1405, 26422
16195, 1406
1406, 16334
11172, 1407
25940, 1407
1407, 21739
24837, 1408
13739, 1408
23747, 1408
1408, 18180
24599, 1409
1409, 27725
11245, 1410
1410, 21454
10705, 1411
28500, 1411
1411, 28925
18680, 1412
1412, 22677
25185, 1413
1413, 29422
1413, 11573
21025, 1414
1414, 14955
16645, 1415
1415, 16109
17636, 1416
1416, 18480
10329, 1417
22822, 1417
1417, 27123
10272, 1418
11079, 1418
22147, 1418
1418, 14540
15476, 1419
1419, 16073
9865, 1420
29620, 1420
10827, 1420
20059, 1420
12403, 1420
15580, 1420
12522, 1420
12168, 1420
14612, 1420
15765, 1420
29476, 1420
19179, 1420
28086, 1420
14900, 1420
22268, 1420
11122, 1420
11157, 1420
1420, 25302
21787, 1421
1421, 26728
14812, 1422
1422, 23958
16048, 1423
1423, 23427
11121, 1424
1424, 12539
22707, 1425
1425, 14540
27808, 1426
1426, 11547
29481, 1427
9627, 1427
1427, 22470
1427, 10860
10207, 1428
1428, 9738
24871, 1429
1429, 16535
15577, 1430
1430, 26197
30093, 1431
1431, 18619
15974, 1432
1432, 29744
26667, 1433
1433, 26766
25141, 1434
1434, 27897
18540, 1435
1435, 19094
28985, 1436
1436, 10201
13041, 1437
1437, 25130
1437, 10869
13541, 1438
1438, 10902
16149, 1439
1439, 10586
27982, 1440
1440, 12880
1440, 21076
1440, 19107
1440, 16101
24535, 1441
1441, 15328
23494, 1442
1442, 19841
23472, 1443
1443, 24757
23349, 1444
1444, 16241
24740, 1445
1445, 22941
22777, 1446
23854, 1446
18436, 1446
29496, 1446
18651, 1446
20168, 1446
1446, 27705
1446, 11345
17439, 1447
1447, 15355
16420, 1448
1448, 9169
11516, 1449
17303, 1449
1449, 29176
9937, 1450
1450, 20369
18207, 1451
1451, 23919
11472, 1452
1452, 20709
18934, 1453
1453, 20505
20478, 1454
1454, 18955
29923, 1455
27791, 1455
1455, 9614
18464, 1456
1456, 29475
1456, 23052
1456, 15198
17766, 1457
1457, 22398
1457, 11012
1457, 17301
1457, 16760
13957, 1458
1458, 21867
11071, 1459
1459, 19169
1459, 10908
1459, 25651
1459, 22022
1459, 29987
19920, 1460
1460, 17490
1460, 20205
14396, 1461
20349, 1461
1461, 25151
11930, 1462
1462, 12375
30016, 1463
13966, 1463
1463, 19601
15963, 1464
1464, 23443
13101, 1465
1465, 27770
27623, 1466
1466, 18460
1466, 20198
13930, 1467
1467, 14178
13929, 1468
1468, 14525
16654, 1469
1469, 18110
13765, 1470
1470, 23673
13001, 1471
1471, 17513
29381, 1472
1472, 16088
1472, 25069
16172, 1473
1473, 18404
27288, 1474
1474, 9817
1474, 12076
15544, 1475
1475, 20136
14086, 1476
26016, 1476
1476, 9784
24858, 1477
1477, 25058
29924, 1478
11818, 1478
14761, 1478
24795, 1478
29723, 1478
1478, 27375
20909, 1479
1479, 11314
1479, 13515
1479, 27316
29956, 1480
1480, 25861
23518, 1481
1481, 22064
26291, 1482
1482, 18955
21470, 1483
1483, 28686
22737, 1484
1484, 24022
1484, 26366
1484, 18678
1484, 11452
1484, 14098
28059, 1485
1485, 20442
21752, 1486
1486, 12274
13604, 1487
1487, 15837
15462, 1488
1488, 28971
18816, 1489
1489, 27155
15373, 1490
1490, 14861
12660, 1491
1491, 14687
18934, 1492
1492, 23088
17243, 1493
10186, 1493
25196, 1493
17604, 1493
12177, 1493
23693, 1493
1493, 26741
23723, 1494
1494, 11448
23848, 1495
9098, 1495
1495, 26470
1495, 15944
9585, 1496
1496, 13496
29171, 1497
1497, 11522
12612, 1498
1498, 13244
26867, 1499
1499, 30142
13210, 1500
1500, 13146
14534, 1501
1501, 17404
1501, 25470
30206, 1502
1502, 19437
30147, 1503
20404, 1503
18972, 1503
1503, 23148
24216, 1504
1504, 20806
11605, 1505
1505, 25058
1505, 27890
20441, 1506
1506, 15066
20209, 1507
1507, 14518
26660, 1508
1508, 26417
26723, 1509
1509, 11096
14821, 1510
1510, 27220
27940, 1511
1511, 16861
24187, 1512
1512, 23530
29575, 1513
1513, 18326
21477, 1514
1514, 17234
1514, 25953
1514, 29649
18985, 1515
1515, 17090
19321, 1516
1516, 21402
17371, 1517
1517, 27996
18085, 1518
1518, 27944
20845, 1519
1519, 9918
1519, 27535
23892, 1520
1520, 12638
16511, 1521
1521, 27658
1521, 24115
1521, 9867
26431, 1522
1522, 10996
1522, 25190
11676, 1523
1523, 21798
10825, 1524
1524, 10422
9303, 1525
1525, 23836
15366, 1526
1526, 13583
24417, 1527
1527, 23006
22053, 1528
1528, 17974
29623, 1529
1529, 9155
20077, 1530
1530, 23093
14616, 1531
1531, 18640
17951, 1532
1532, 18847
30074, 1533
1533, 26583
17201, 1534
15573, 1534
10981, 1534
29047, 1534
27839, 1534
15046, 1534
1534, 18625
29493, 1535
17951, 1535
1535, 22077
12357, 1536
1536, 11591
1536, 11515
23287, 1537
1537, 16234
21250, 1538
1538, 19089
15050, 1539
1539, 13669
12370, 1540
20988, 1540
1540, 23918
16836, 1541
1541, 27205
18809, 1542
1542, 10929
30177, 1543
1543, 19072
1543, 17529
1543, 10737
19543, 1544
23774, 1544
18929, 1544
17660, 1544
1544, 20136
29943, 1545
1545, 14197
21182, 1546
1546, 25821
22871, 1547
22522, 1547
1547, 14252
1547, 9732
1547, 24373
1547, 21391
10825, 1548
14821, 1548
1548, 16021
1548, 11771
1548, 13699
29943, 1549
1549, 16828
21280, 1550
19243, 1550
27906, 1550
12167, 1550
21294, 1550
23313, 1550
12896, 1550
10299, 1550
11321, 1550
20473, 1550
21115, 1550
25042, 1550
21536, 1550
22640, 1550
15584, 1550
26556, 1550
1550, 14991
25865, 1551
1551, 24917
15908, 1552
1552, 24809
16511, 1553
1553, 10668
1553, 20720
1553, 25615
1553, 16494
25289, 1554
29744, 1554
1554, 19621
11297, 1555
1555, 23691
24116, 1556
1556, 15185
24526, 1557
1557, 13568
24031, 1558
24705, 1558
14770, 1558
14032, 1558
23800, 1558
29274, 1558
22144, 1558
12223, 1558
17416, 1558
13029, 1558
12536, 1558
27370, 1558
15083, 1558
11586, 1558
16946, 1558
14368, 1558
24857, 1558
18213, 1558
29938, 1558
21789, 1558
13416, 1558
17039, 1558
20652, 1558
13397, 1558
11456, 1558
17620, 1558
14090, 1558
13564, 1558
11834, 1558
13371, 1558
1558, 11969
14732, 1559
27381, 1559
24459, 1559
15626, 1559
19000, 1559
26063, 1559
15848, 1559
23909, 1559
1559, 27490
1559, 14802
12432, 1560
1560, 9371
15988, 1561
1561, 16746
22558, 1562
22288, 1562
24216, 1562
1562, 22817
26460, 1563
1563, 24467
23247, 1564
1564, 22957
20277, 1565
1565, 19377
12817, 1566
1566, 26827
15242, 1567
1567, 20507
18087, 1568
22352, 1568
9755, 1568
16118, 1568
28341, 1568
12810, 1568
27711, 1568
20955, 1568
21200, 1568
23276, 1568
16221, 1568
15716, 1568
16932, 1568
17102, 1568
12353, 1568
21011, 1568
11359, 1568
22689, 1568
30058, 1568
27979, 1568
13155, 1568
13046, 1568
23644, 1568
20763, 1568
11165, 1568
12413, 1568
10334, 1568
10932, 1568
17050, 1568
17740, 1568
18285, 1568
18895, 1568
27347, 1568
25189, 1568
13786, 1568
25477, 1568
26693, 1568
29647, 1568
12816, 1568
23613, 1568
10216, 1568
22204, 1568
16488, 1568
13578, 1568
22706, 1568
28909, 1568
14101, 1568
17184, 1568
9241, 1568
9311, 1568
22717, 1568
9145, 1568
14120, 1568
22356, 1568
14285, 1568
17508, 1568
9478, 1568
10735, 1568
26554, 1568
10603, 1568
1568, 10939
1568, 22112
25453, 1569
20752, 1569
1569, 26480
16831, 1570
1570, 11102
29943, 1571
1571, 19675
24458, 1572
1572, 14687
1572, 10147
9720, 1573
1573, 21812
12176, 1574
1574, 23102
1574, 15519
13816, 1575
1575, 21953
14416, 1576
1576, 23438
10318, 1577
20050, 1577
1577, 19085
26295, 1578
1578, 14306
13716, 1579
1579, 22562
28032, 1580
27774, 1580
1580, 18911
1580, 12107
1580, 12709
1580, 23424
1580, 13330
1580, 26207
1580, 26051
23523, 1581
1581, 20862
25035, 1582
17297, 1582
1582, 16904
30062, 1583
18437, 1583
1583, 20000
16012, 1584
1584, 30064
18991, 1585
1585, 27854
24436, 1586
1586, 13821
29943, 1587
1587, 26870
11871, 1588
1588, 25260
24593, 1589
1589, 14194
25179, 1590
1590, 21382
29122, 1591
1591, 27679
25148, 1592
1592, 18124
24497, 1593
1593, 11649
10914, 1594
1594, 21420
15589, 1595
24062, 1595
1595, 15355
16979, 1596
26276, 1596
12767, 1596
11678, 1596
23802, 1596
10464, 1596
1596, 20001
17164, 1597
1597, 18952
26399, 1598
1598, 27754
10108, 1599
1599, 20240
12400, 1600
1600, 10329
19563, 1601
1601, 25752
14671, 1602
1602, 12880
13513, 1603
1603, 12600
10792, 1604
10407, 1604
24456, 1604
1604, 21833
1604, 29391
23239, 1605
1605, 22453
23349, 1606
1606, 24929
21625, 1607
29089, 1607
1607, 9726
14821, 1608
1608, 25034
29984, 1609
18673, 1609
1609, 12941
22785, 1610
26419, 1610
9197, 1610
24757, 1610
26425, 1610
21843, 1610
28362, 1610
25864, 1610
11251, 1610
10737, 1610
20728, 1610
15922, 1610
11477, 1610
18640, 1610
23386, 1610
21487, 1610
10392, 1610
19790, 1610
13962, 1610
25851, 1610
13643, 1610
12054, 1610
24565, 1610
11256, 1610
13658, 1610
14287, 1610
22162, 1610
25834, 1610
17625, 1610
17436, 1610
13358, 1610
19226, 1610
23588, 1610
18370, 1610
30097, 1610
12622, 1610
13669, 1610
11525, 1610
15076, 1610
26654, 1610
10640, 1610
12724, 1610
27732, 1610
18726, 1610
10444, 1610
1610, 13995
28390, 1611
1611, 20399
12531, 1612
27895, 1612
23224, 1612
27353, 1612
12375, 1612
1612, 28007
27815, 1613
1613, 30021
16289, 1614
1614, 12674
1614, 28594
13402, 1615
1615, 25721
1615, 26093
13956, 1616
1616, 20382
23336, 1617
1617, 12118
22092, 1618
1618, 14573
23066, 1619
1619, 14269
20463, 1620
27108, 1620
13583, 1620
13507, 1620
1620, 12094
19699, 1621
1621, 26491
14567, 1622
1622, 26343
28631, 1623
1623, 27485
1623, 26075
17932, 1624
1624, 21196
15820, 1625
1625, 11845
27087, 1626
1626, 17913
11467, 1627
1627, 20987
30039, 1628
1628, 24911
15577, 1629
1629, 20313
20972, 1630
1630, 22690
26006, 1631
20128, 1631
1631, 21206
24616, 1632
13081, 1632
26306, 1632
25996, 1632
9452, 1632
21432, 1632
20865, 1632
22680, 1632
28732, 1632
21394, 1632
15987, 1632
29251, 1632
11986, 1632
25500, 1632
10960, 1632
17952, 1632
25840, 1632
9699, 1632
13547, 1632
27149, 1632
10781, 1632
28411, 1632
20479, 1632
27287, 1632
18191, 1632
19462, 1632
12140, 1632
21235, 1632
15803, 1632
19074, 1632
19635, 1632
14587, 1632
26117, 1632
28000, 1632
10053, 1632
19559, 1632
13549, 1632
26179, 1632
20894, 1632
17888, 1632
27106, 1632
21525, 1632
23303, 1632
14661, 1632
12249, 1632
18493, 1632
20599, 1632
27014, 1632
26388, 1632
29371, 1632
25804, 1632
12864, 1632
18216, 1632
30205, 1632
10989, 1632
10980, 1632
28936, 1632
19710, 1632
26958, 1632
9128, 1632
16509, 1632
20815, 1632
18875, 1632
16238, 1632
12258, 1632
26137, 1632
14246, 1632
25873, 1632
22663, 1632
14050, 1632
19527, 1632
28994, 1632
21822, 1632
19702, 1632
11027, 1632
30166, 1632
16966, 1632
13156, 1632
12524, 1632
21365, 1632
26994, 1632
18542, 1632
11141, 1632
26375, 1632
15812, 1632
9796, 1632
10548, 1632
26451, 1632
28274, 1632
14580, 1632
23256, 1632
26171, 1632
20282, 1632
26782, 1632
17864, 1632
28924, 1632
29641, 1632
11427, 1632
21519, 1632
23206, 1632
26411, 1632
26831, 1632
16942, 1632
11389, 1632
18781, 1632
9214, 1632
23144, 1632
29957, 1632
21754, 1632
21590, 1632
9274, 1632
21836, 1632
15124, 1632
27245, 1632
23388, 1632
17024, 1632
30107, 1632
20885, 1632
15335, 1632
20572, 1632
18099, 1632
28430, 1632
21558, 1632
16466, 1632
14747, 1632
29912, 1632
11038, 1632
18389, 1632
13411, 1632
26379, 1632
13798, 1632
10560, 1632
16515, 1632
24603, 1632
18246, 1632
17698, 1632
12744, 1632
17232, 1632
14450, 1632
25101, 1632
17242, 1632
29207, 1632
21300, 1632
16491, 1632
26303, 1632
10528, 1632
27042, 1632
15842, 1632
18762, 1632
13074, 1632
24545, 1632
19714, 1632
15855, 1632
23025, 1632
14575, 1632
26146, 1632
25778, 1632
25338, 1632
21345, 1632
18139, 1632
13703, 1632
14068, 1632
13007, 1632
23240, 1632
14872, 1632
28773, 1632
28262, 1632
18190, 1632
12380, 1632
10985, 1632
12731, 1632
29712, 1632
10725, 1632
17321, 1632
23569, 1632
29352, 1632
16797, 1632
23477, 1632
10115, 1632
17283, 1632
21039, 1632
11180, 1632
25510, 1632
9607, 1632
13994, 1632
9507, 1632
13877, 1632
17626, 1632
9211, 1632
17995, 1632
28523, 1632
21319, 1632
24164, 1632
27135, 1632
14876, 1632
29837, 1632
25199, 1632
17802, 1632
26549, 1632
21320, 1632
20198, 1632
22269, 1632
29585, 1632
9795, 1632
24934, 1632
16103, 1632
11517, 1632
19596, 1632
11940, 1632
26531, 1632
16085, 1632
29190, 1632
23894, 1632
16354, 1632
28407, 1632
22123, 1632
26001, 1632
21669, 1632
26678, 1632
29379, 1632
29414, 1632
15352, 1632
21026, 1632
16063, 1632
17007, 1632
29589, 1632
27966, 1632
28174, 1632
29697, 1632
22473, 1632
23810, 1632
28637, 1632
22935, 1632
29594, 1632
18504, 1632
25798, 1632
26918, 1632
15140, 1632
21131, 1632
15715, 1632
10541, 1632
19568, 1632
17666, 1632
22340, 1632
24581, 1632
15704, 1632
17918, 1632
28751, 1632
10177, 1632
12277, 1632
29151, 1632
27924, 1632
10903, 1632
19433, 1632
27521, 1632
23934, 1632
28293, 1632
21382, 1632
17611, 1632
10652, 1632
16888, 1632
23743, 1632
17471, 1632
11109, 1632
14197, 1632
20392, 1632
26014, 1632
21746, 1632
19328, 1632
21181, 1632
16121, 1632
19918, 1632
20523, 1632
20522, 1632
15538, 1632
15389, 1632
21311, 1632
22629, 1632
30012, 1632
16025, 1632
20504, 1632
12344, 1632
22180, 1632
29901, 1632
22405, 1632
29747, 1632
27625, 1632
15537, 1632
17929, 1632
22496, 1632
12369, 1632
28105, 1632
18104, 1632
19374, 1632
27208, 1632
12015, 1632
11807, 1632
19248, 1632
16545, 1632
28595, 1632
1632, 24448
25689, 1633
1633, 23735
22808, 1634
1634, 23162
12768, 1635
1635, 28835
1635, 25832
26110, 1636
17114, 1636
1636, 17885
1636, 11923
1636, 11130
1636, 14132
1636, 24819
1636, 13152
24670, 1637
1637, 15496
14047, 1638
1638, 19152
17043, 1639
1639, 19152
1639, 23109
29943, 1640
1640, 21837
14251, 1641
28519, 1641
26839, 1641
1641, 11480
1641, 17333
1641, 12526
1641, 28703
1641, 16417
1641, 10231
1641, 22418
1641, 13140
1641, 15582
22807, 1642
25283, 1642
10724, 1642
1642, 26579
19435, 1643
1643, 23304
25240, 1644
1644, 20436
9480, 1645
1645, 17470
24411, 1646
1646, 16594
11531, 1647
12607, 1647
1647, 22616
1647, 20527
1647, 14731
1647, 20971
1647, 16047
1647, 20954
1647, 13384
1647, 21243
1647, 9430
1647, 15382
1647, 22333
1647, 20335
1647, 16037
1647, 29661
1647, 21485
1647, 11536
1647, 25157
1647, 9191
1647, 20625
1647, 25239
1647, 19411
1647, 25551
1647, 18468
1647, 19259
1647, 19014
1647, 14922
1647, 29202
1647, 21150
1647, 24746
1647, 15936
1647, 14425
1647, 9278
1647, 10604
1647, 10689
1647, 16665
29376, 1648
1648, 15290
1648, 21860
26683, 1649
1649, 13285
27161, 1650
1650, 11790
10658, 1651
1651, 26624
23898, 1652
1652, 29756
17967, 1653
26334, 1653
17573, 1653
1653, 14932
1653, 10483
1653, 23359
14536, 1654
1654, 15116
1654, 13507
17398, 1655
1655, 10675
25537, 1656
1656, 27963
27780, 1657
1657, 22208
16582, 1658
16542, 1658
19225, 1658
22262, 1658
15596, 1658
22947, 1658
25736, 1658
10396, 1658
10113, 1658
20416, 1658
29760, 1658
18034, 1658
15084, 1658
22549, 1658
22839, 1658
13881, 1658
10685, 1658
22900, 1658
27888, 1658
15317, 1658
12916, 1658
21381, 1658
21953, 1658
28571, 1658
23317, 1658
25576, 1658
21454, 1658
27557, 1658
16566, 1658
29671, 1658
19717, 1658
13025, 1658
11217, 1658
12762, 1658
12598, 1658
16073, 1658
25362, 1658
26386, 1658
29568, 1658
29202, 1658
18355, 1658
25546, 1658
15355, 1658
27809, 1658
24509, 1658
27606, 1658
25104, 1658
22335, 1658
11619, 1658
20136, 1658
14577, 1658
23149, 1658
27648, 1658
21701, 1658
14117, 1658
26272, 1658
25978, 1658
19979, 1658
18178, 1658
19847, 1658
26959, 1658
25316, 1658
10353, 1658
25252, 1658
23440, 1658
17130, 1658
10902, 1658
20782, 1658
29893, 1658
14912, 1658
9614, 1658
19940, 1658
27205, 1658
1658, 29943
1658, 14854
16511, 1659
1659, 27695
1659, 30102
1659, 25459
1659, 13480
23582, 1660
23438, 1660
15638, 1660
1660, 10138
20098, 1661
15003, 1661
1661, 21052
23595, 1662
25238, 1662
1662, 10046
22910, 1663
1663, 19554
21335, 1664
1664, 15185
20209, 1665
17484, 1665
1665, 15102
28383, 1666
1666, 19940
1666, 19799
1666, 28737
23205, 1667
1667, 24164
21032, 1668
20264, 1668
25935, 1668
1668, 24264
28155, 1669
23426, 1669
26748, 1669
22508, 1669
21351, 1669
27530, 1669
1669, 27490
27273, 1670
1670, 13216
28361, 1671
11494, 1671
1671, 20267
1671, 28944
1671, 22116
1671, 24210
1671, 20387
18462, 1672
1672, 12740
10624, 1673
17831, 1673
1673, 28079
27637, 1674
1674, 20163
23827, 1675
1675, 18194
23005, 1676
1676, 29458
11975, 1677
1677, 10936
22314, 1678
1678, 19979
26502, 1679
1679, 18478
20528, 1680
1680, 17986
25313, 1681
1681, 21936
28796, 1682
1682, 24461
22838, 1683
1683, 24723
19254, 1684
1684, 29932
17741, 1685
1685, 23932
23855, 1686
1686, 23766
17882, 1687
1687, 10443
20013, 1688
1688, 27618
10432, 1689
1689, 9992
14208, 1690
1690, 25281
15473, 1691
1691, 11243
10125, 1692
1692, 10417
13560, 1693
17687, 1693
22298, 1693
27221, 1693
1693, 23176
9582, 1694
1694, 13025
18408, 1695
1695, 27786
25787, 1696
1696, 20571
18670, 1697
1697, 18811
9991, 1698
1698, 16986
29725, 1699
1699, 15011
18497, 1700
1700, 16449
18646, 1701
1701, 23574
1701, 9501
27681, 1702
1702, 14918
22911, 1703
1703, 26336
1703, 22920
22136, 1704
1704, 28095
20225, 1705
1705, 22807
17951, 1706
1706, 10440
17376, 1707
1707, 13039
1707, 21854
1707, 14798
26471, 1708
25079, 1708
18574, 1708
12600, 1708
23451, 1708
10621, 1708
11628, 1708
27139, 1708
11862, 1708
13242, 1708
19541, 1708
14849, 1708
12259, 1708
21810, 1708
19359, 1708
21328, 1708
20382, 1708
27219, 1708
18657, 1708
25857, 1708
28845, 1708
16701, 1708
14496, 1708
26177, 1708
29156, 1708
21632, 1708
22131, 1708
17274, 1708
11826, 1708
14260, 1708
15263, 1708
12012, 1708
26888, 1708
15350, 1708
18326, 1708
19371, 1708
28090, 1708
21386, 1708
26964, 1708
14804, 1708
11381, 1708
14099, 1708
25636, 1708
17352, 1708
28250, 1708
28063, 1708
9804, 1708
12139, 1708
14766, 1708
24464, 1708
11726, 1708
25491, 1708
15114, 1708
20615, 1708
19796, 1708
30217, 1708
26403, 1708
24078, 1708
11743, 1708
23652, 1708
25009, 1708
21833, 1708
13564, 1708
1708, 27272
14267, 1709
1709, 16403
26934, 1710
1710, 14644
11056, 1711
1711, 27752
18098, 1712
1712, 20933
1712, 26532
1712, 26043
27915, 1713
1713, 15563
17883, 1714
1714, 11590
19598, 1715
28330, 1715
1715, 17476
16423, 1716
28180, 1716
22281, 1716
19378, 1716
25458, 1716
11952, 1716
20627, 1716
16239, 1716
14879, 1716
23787, 1716
9976, 1716
28249, 1716
14516, 1716
13363, 1716
11476, 1716
19903, 1716
22134, 1716
16953, 1716
23649, 1716
27540, 1716
16393, 1716
22139, 1716
22011, 1716
29217, 1716
24475, 1716
16537, 1716
1716, 12090
15939, 1717
1717, 23953
18577, 1718
1718, 15235
28825, 1719
1719, 23952
14821, 1720
1720, 24689
1720, 21806
19910, 1721
1721, 23127
29943, 1722
1722, 25138
23807, 1723
1723, 28037
9822, 1724
18911, 1724
1724, 20630
28829, 1725
1725, 27142
28322, 1726
1726, 9393
25729, 1727
25775, 1727
1727, 18415
25002, 1728
1728, 18657
26618, 1729
1729, 12896
26154, 1730
1730, 17979
14521, 1731
20542, 1731
1731, 25175
1731, 28476
1731, 15872
1731, 20836
29943, 1732
1732, 19161
9615, 1733
1733, 23068
13014, 1734
1734, 15228
21713, 1735
1735, 10872
24216, 1736
1736, 25828
17904, 1737
22756, 1737
25516, 1737
15008, 1737
20647, 1737
21103, 1737
1737, 20452
1737, 23000
1737, 9834
26638, 1738
1738, 23022
26878, 1739
18770, 1739
25022, 1739
1739, 28721
1739, 25454
13101, 1740
1740, 12197
25959, 1741
1741, 11070
1741, 22093
1741, 24174
1741, 22930
27772, 1742
1742, 21778
20864, 1743
1743, 15290
1743, 27264
14663, 1744
1744, 29545
25946, 1745
1745, 21079
1745, 19419
25949, 1746
24390, 1746
1746, 9363
11108, 1747
1747, 18014
24039, 1748
1748, 29538
9378, 1749
1749, 16970
21002, 1750
1750, 16003
28441, 1751
1751, 12673
28108, 1752
1752, 27383
22069, 1753
1753, 23768
27874, 1754
1754, 15350
29943, 1755
1755, 18370
14449, 1756
1756, 15277
20901, 1757
1757, 16515
29194, 1758
1758, 20214
22350, 1759
1759, 23980
1759, 18665
12872, 1760
10844, 1760
1760, 12941
24759, 1761
1761, 20007
17716, 1762
1762, 23718
1762, 21309
15524, 1763
1763, 19781
22500, 1764
1764, 18473
16880, 1765
1765, 22575
1765, 10743
25790, 1766
23372, 1766
28776, 1766
19634, 1766
19301, 1766
12490, 1766
17485, 1766
15806, 1766
10729, 1766
16616, 1766
15505, 1766
9203, 1766
19488, 1766
21215, 1766
23395, 1766
26069, 1766
12559, 1766
18385, 1766
20641, 1766
29524, 1766
9438, 1766
10431, 1766
23106, 1766
18960, 1766
24145, 1766
24025, 1766
12241, 1766
22010, 1766
9923, 1766
21685, 1766
21641, 1766
17628, 1766
15615, 1766
23017, 1766
14907, 1766
26164, 1766
16840, 1766
9557, 1766
15278, 1766
13351, 1766
16982, 1766
18144, 1766
27328, 1766
19142, 1766
23394, 1766
28069, 1766
13623, 1766
19611, 1766
14675, 1766
22158, 1766
11854, 1766
11404, 1766
17507, 1766
20917, 1766
21694, 1766
17072, 1766
21343, 1766
24495, 1766
11067, 1766
25082, 1766
17593, 1766
14784, 1766
22274, 1766
10907, 1766
26753, 1766
11898, 1766
24752, 1766
11143, 1766
29823, 1766
21439, 1766
18801, 1766
27871, 1766
20805, 1766
25193, 1766
16307, 1766
11604, 1766
25682, 1766
1766, 20733
29265, 1767
28805, 1767
1767, 14704
18577, 1768
1768, 24990
29602, 1769
1769, 21124
22601, 1770
1770, 25058
10329, 1771
20422, 1771
16243, 1771
13756, 1771
1771, 28168
14830, 1772
1772, 20619
11505, 1773
1773, 17435
23435, 1774
1774, 27743
23099, 1775
1775, 18736
27652, 1776
1776, 12860
9791, 1777
1777, 25571
25342, 1778
1778, 22032
17484, 1779
1779, 18183
15314, 1780
22152, 1780
1780, 19991
28625, 1781
22785, 1781
15268, 1781
12153, 1781
28371, 1781
23449, 1781
10737, 1781
28828, 1781
24666, 1781
27962, 1781
17761, 1781
21465, 1781
12422, 1781
13946, 1781
11933, 1781
24004, 1781
13032, 1781
23609, 1781
22940, 1781
19738, 1781
1781, 9597
28740, 1782
1782, 25717
27133, 1783
22988, 1783
1783, 20746
1783, 28803
27468, 1784
1784, 13869
20525, 1785
11332, 1785
30138, 1785
1785, 24868
18376, 1786
1786, 13378
19875, 1787
1787, 13435
13015, 1788
1788, 18973
27054, 1789
1789, 12575
11505, 1790
1790, 25037
20664, 1791
1791, 26007
15577, 1792
1792, 22303
1792, 17254
13422, 1793
1793, 10560
11324, 1794
1794, 14913
24577, 1795
1795, 22060
1795, 19960
10526, 1796
27803, 1796
14326, 1796
24988, 1796
1796, 18178
30154, 1797
1797, 28843
14926, 1798
1798, 28640
17844, 1799
1799, 13068
28171, 1800
1800, 15353
24580, 1801
1801, 17779
29748, 1802
1802, 27226
1802, 19830
15062, 1803
1803, 14464
24434, 1804
1804, 16968
23083, 1805
1805, 21530
29943, 1806
1806, 15193
13374, 1807
1807, 19816
1807, 27041
23898, 1808
1808, 15006
10421, 1809
1809, 11813
14962, 1810
17522, 1810
1810, 27704
1810, 25362
1810, 21406
24948, 1811
1811, 26871
1811, 11006
28392, 1812
1812, 11064
12520, 1813
26728, 1813
20446, 1813
1813, 12873
30162, 1814
20797, 1814
29479, 1814
12986, 1814
14868, 1814
17963, 1814
29811, 1814
10274, 1814
22981, 1814
12164, 1814
12414, 1814
26136, 1814
26709, 1814
20953, 1814
21405, 1814
24885, 1814
1814, 23521
10413, 1815
1815, 11813
17315, 1816
1816, 17477
15787, 1817
1817, 10939
1817, 22112
20664, 1818
1818, 26007
24245, 1819
1819, 20557
13192, 1820
20155, 1820
1820, 19222
22699, 1821
29191, 1821
26625, 1821
9524, 1821
11855, 1821
25260, 1821
11908, 1821
22012, 1821
16715, 1821
18607, 1821
26343, 1821
29062, 1821
25602, 1821
21721, 1821
17821, 1821
27072, 1821
17300, 1821
13275, 1821
24238, 1821
23809, 1821
10613, 1821
14255, 1821
29552, 1821
15837, 1821
17975, 1821
21248, 1821
15504, 1821
14789, 1821
25737, 1821
13732, 1821
22303, 1821
28439, 1821
28660, 1821
13378, 1821
22678, 1821
20011, 1821
19421, 1821
14767, 1821
11413, 1821
12375, 1821
1821, 10592
29943, 1822
1822, 12056
29493, 1823
1823, 12951
18102, 1824
1824, 14556
18268, 1825
1825, 10282
18819, 1826
1826, 17009
21598, 1827
17877, 1827
21358, 1827
21353, 1827
29110, 1827
10290, 1827
12003, 1827
19343, 1827
19716, 1827
28910, 1827
25583, 1827
19318, 1827
17622, 1827
24324, 1827
1827, 9938
1827, 24420
14337, 1828
15781, 1828
29438, 1828
22481, 1828
15854, 1828
19591, 1828
9996, 1828
18438, 1828
11343, 1828
12629, 1828
1828, 27152
1828, 28814
15290, 1829
1829, 28193
30077, 1830
1830, 24664
24833, 1831
1831, 25773
1831, 28165
11460, 1832
1832, 27383
22413, 1833
1833, 27047
1833, 19930
1833, 11830
1833, 29821
27647, 1834
1834, 30176
20655, 1835
1835, 17821
1835, 15432
1835, 23576
23568, 1836
22782, 1836
17742, 1836
16708, 1836
1836, 9550
1836, 13844
10393, 1837
23884, 1837
1837, 10277
18577, 1838
1838, 15772
14846, 1839
1839, 25724
17451, 1840
17903, 1840
24620, 1840
24350, 1840
10087, 1840
17517, 1840
18771, 1840
1840, 23127
20182, 1841
1841, 27743
1841, 24332
1841, 19468
18324, 1842
1842, 10256
1842, 26949
1842, 15829
1842, 14391
1842, 27459
1842, 13267
1842, 29383
1842, 27412
15204, 1843
1843, 13327
18220, 1844
1844, 14518
18963, 1845
1845, 9482
22713, 1846
1846, 14487
10432, 1847
1847, 23678
18754, 1848
1848, 13151
19385, 1849
1849, 23148
23822, 1850
1850, 9524
29424, 1851
1851, 19284
22484, 1852
1852, 20148
12395, 1853
1853, 27591
1853, 12901
28853, 1854
1854, 14623
26436, 1855
1855, 9971
15129, 1856
1856, 13583
29018, 1857
1857, 18308
14401, 1858
1858, 24571
1858, 25587
1858, 24796
15510, 1859
1859, 26596
1859, 15648
26872, 1860
1860, 10126
1860, 15809
1860, 9625
29297, 1861
1861, 14581
16356, 1862
1862, 26746
23343, 1863
10836, 1863
1863, 11688
19428, 1864
30087, 1864
1864, 18063
12680, 1865
1865, 28433
16071, 1866
1866, 12880
30191, 1867
10669, 1867
1867, 22381
22536, 1868
1868, 21488
1868, 15817
19360, 1869
1869, 22123
11841, 1870
1870, 14927
15874, 1871
1871, 13601
18473, 1872
22430, 1872
1872, 23665
17408, 1873
1873, 20732
22690, 1874
17673, 1874
1874, 18616
13414, 1875
1875, 19243
1875, 21751
1875, 23052
29943, 1876
1876, 19675
1876, 23786
19997, 1877
1877, 13319
25435, 1878
26273, 1878
1878, 16610
16112, 1879
1879, 15851
27339, 1880
1880, 28582
1880, 28447
1880, 23442
1880, 29326
1880, 11340
1880, 15113
25205, 1881
1881, 27202
16322, 1882
1882, 15377
10210, 1883
1883, 16776
17378, 1884
1884, 19645
13478, 1885
1885, 20851
10710, 1886
1886, 14815
12400, 1887
1887, 10329
13789, 1888
1888, 14537
1888, 30021
1888, 17503
27993, 1889
1889, 29408
30169, 1890
10090, 1890
17678, 1890
12286, 1890
23925, 1890
18356, 1890
12119, 1890
27624, 1890
22329, 1890
22251, 1890
15547, 1890
20472, 1890
20073, 1890
23869, 1890
9818, 1890
11587, 1890
17732, 1890
28525, 1890
9398, 1890
27430, 1890
20961, 1890
24290, 1890
16044, 1890
29711, 1890
19718, 1890
19801, 1890
29906, 1890
27721, 1890
25645, 1890
17779, 1890
15581, 1890
28365, 1890
23887, 1890
23859, 1890
21601, 1890
17075, 1890
26635, 1890
26067, 1890
13976, 1890
25223, 1890
9971, 1890
23463, 1890
10016, 1890
17895, 1890
16003, 1890
12900, 1890
20369, 1890
19731, 1890
11559, 1890
20732, 1890
15865, 1890
26911, 1890
29472, 1890
10795, 1890
17218, 1890
15597, 1890
10947, 1890
29884, 1890
14702, 1890
10282, 1890
16330, 1890
28753, 1890
19887, 1890
26022, 1890
26647, 1890
26822, 1890
18961, 1890
19481, 1890
30060, 1890
27507, 1890
14572, 1890
22235, 1890
21667, 1890
11270, 1890
16418, 1890
27640, 1890
14682, 1890
26747, 1890
16180, 1890
26532, 1890
14525, 1890
19446, 1890
14482, 1890
14798, 1890
17112, 1890
21077, 1890
9534, 1890
10259, 1890
13718, 1890
21249, 1890
17664, 1890
28886, 1890
25061, 1890
20571, 1890
23793, 1890
23134, 1890
12760, 1890
22331, 1890
11234, 1890
15192, 1890
30159, 1890
19783, 1890
27661, 1890
12250, 1890
22697, 1890
23657, 1890
9418, 1890
21824, 1890
27580, 1890
11036, 1890
13518, 1890
28905, 1890
21096, 1890
23927, 1890
18036, 1890
16327, 1890
19283, 1890
9267, 1890
11183, 1890
9778, 1890
16789, 1890
13115, 1890
20919, 1890
16580, 1890
15721, 1890
16745, 1890
10692, 1890
11418, 1890
21846, 1890
22867, 1890
25938, 1890
28899, 1890
27828, 1890
9324, 1890
17198, 1890
11948, 1890
26322, 1890
28422, 1890
9388, 1890
24478, 1890
13719, 1890
23574, 1890
27497, 1890
23844, 1890
22061, 1890
10044, 1890
12652, 1890
23309, 1890
29702, 1890
17971, 1890
19368, 1890
9371, 1890
11607, 1890
19017, 1890
24267, 1890
24381, 1890
14484, 1890
21785, 1890
20984, 1890
28306, 1890
16734, 1890
19659, 1890
22332, 1890
21634, 1890
24415, 1890
23340, 1890
12901, 1890
14609, 1890
23246, 1890
21617, 1890
19800, 1890
19943, 1890
17022, 1890
25468, 1890
27524, 1890
15174, 1890
23576, 1890
13840, 1890
27998, 1890
28420, 1890
24960, 1890
26052, 1890
9496, 1890
25321, 1890
29385, 1890
24513, 1890
21185, 1890
26043, 1890
21348, 1890
20186, 1890
19086, 1890
13652, 1890
29403, 1890
28202, 1890
28934, 1890
20722, 1890
17119, 1890
30028, 1890
26742, 1890
11524, 1890
19274, 1890
27138, 1890
16587, 1890
11177, 1890
19757, 1890
16343, 1890
16123, 1890
19725, 1890
14213, 1890
28943, 1890
19695, 1890
19148, 1890
28140, 1890
29604, 1890
15539, 1890
11060, 1890
27498, 1890
29539, 1890
28336, 1890
23448, 1890
19204, 1890
27582, 1890
13464, 1890
29203, 1890
24684, 1890
15370, 1890
16495, 1890
9594, 1890
23637, 1890
19392, 1890
13474, 1890
23549, 1890
12405, 1890
28978, 1890
14398, 1890
17755, 1890
29478, 1890
23191, 1890
24851, 1890
22677, 1890
18488, 1890
29498, 1890
17914, 1890
20406, 1890
26669, 1890
16860, 1890
20450, 1890
16915, 1890
22609, 1890
15154, 1890
22371, 1890
18688, 1890
19282, 1890
26333, 1890
19293, 1890
28669, 1890
29840, 1890
20942, 1890
10508, 1890
10905, 1890
20842, 1890
27863, 1890
27126, 1890
16302, 1890
9501, 1890
20587, 1890
28239, 1890
12926, 1890
9313, 1890
21430, 1890
29773, 1890
25433, 1890
9277, 1890
18208, 1890
15306, 1890
14095, 1890
20263, 1890
14474, 1890
23071, 1890
17552, 1890
20653, 1890
24619, 1890
12581, 1890
27579, 1890
12486, 1890
29458, 1890
29364, 1890
15847, 1890
12083, 1890
10832, 1890
12981, 1890
11448, 1890
10838, 1890
23932, 1890
14614, 1890
12120, 1890
18661, 1890
15413, 1890
16547, 1890
1890, 13620
14847, 1891
1891, 11870
14371, 1892
1892, 25394
1892, 22546
17671, 1893
1893, 14238
1893, 24839
15273, 1894
1894, 21567
23302, 1895
1895, 17045
17086, 1896
10853, 1896
1896, 14558
17040, 1897
28273, 1897
1897, 10064
26409, 1898
1898, 21841
28173, 1899
1899, 18704
20374, 1900
1900, 26419
12433, 1901
1901, 11927
26477, 1902
1902, 10104
1902, 15536
1902, 11742
1902, 18041
16513, 1903
1903, 14618
1903, 29600
14305, 1904
23950, 1904
22538, 1904
1904, 20083
20711, 1905
1905, 20049
22425, 1906
23148, 1906
27770, 1906
9223, 1906
26127, 1906
20759, 1906
1906, 13184
25180, 1907
1907, 14152
19748, 1908
10726, 1908
9349, 1908
15501, 1908
1908, 25626
14395, 1909
11970, 1909
12014, 1909
9284, 1909
22142, 1909
25381, 1909
23650, 1909
10001, 1909
14377, 1909
16241, 1909
23032, 1909
29501, 1909
19384, 1909
19052, 1909
15028, 1909
23219, 1909
18987, 1909
10299, 1909
20313, 1909
25831, 1909
13491, 1909
13471, 1909
12880, 1909
12056, 1909
27907, 1909
25177, 1909
21049, 1909
17491, 1909
14255, 1909
27836, 1909
20465, 1909
14793, 1909
27743, 1909
11742, 1909
26446, 1909
20393, 1909
12819, 1909
18186, 1909
18719, 1909
20268, 1909
10453, 1909
13378, 1909
12550, 1909
10235, 1909
11547, 1909
14958, 1909
15698, 1909
29268, 1909
20358, 1909
17529, 1909
26053, 1909
18439, 1909
22902, 1909
16470, 1909
26769, 1909
1909, 12789
13822, 1910
1910, 16073
15858, 1911
10530, 1911
20632, 1911
20996, 1911
20330, 1911
18937, 1911
10627, 1911
29922, 1911
13806, 1911
11374, 1911
24812, 1911
1911, 17029
1911, 17673
1911, 23595
23301, 1912
20008, 1912
1912, 9726
24037, 1913
25451, 1913
1913, 11673
10361, 1914
24286, 1914
1914, 13507
28060, 1915
10493, 1915
1915, 12794
22808, 1916
1916, 21440
27518, 1917
1917, 18167
24631, 1918
9754, 1918
12030, 1918
1918, 23289
29943, 1919
1919, 24444
14444, 1920
1920, 23410
29943, 1921
1921, 29942
17106, 1922
1922, 17491
1922, 21966
24138, 1923
20030, 1923
15525, 1923
1923, 15710
14934, 1924
16884, 1924
10095, 1924
18745, 1924
20699, 1924
29106, 1924
1924, 18520
10891, 1925
1925, 12398
20351, 1926
1926, 18392
25043, 1927
1927, 19231
10268, 1928
1928, 26800
10318, 1929
18308, 1929
1929, 10226
18414, 1930
1930, 29877
10463, 1931
1931, 9693
29599, 1932
1932, 29365
26126, 1933
17919, 1933
10938, 1933
1933, 26790
14598, 1934
1934, 13505
24929, 1935
26053, 1935
1935, 10979
20026, 1936
1936, 15354
28926, 1937
1937, 12051
16275, 1938
1938, 26701
17727, 1939
1939, 22869
17139, 1940
12692, 1940
1940, 12376
1940, 18570
16693, 1941
1941, 10233
29493, 1942
1942, 24749
23988, 1943
26125, 1943
1943, 28657
17266, 1944
1944, 17095
21350, 1945
1945, 13065
1945, 25487
1945, 23760
1945, 12454
13399, 1946
26927, 1946
13025, 1946
27954, 1946
10353, 1946
21372, 1946
10223, 1946
1946, 11465
1946, 29943
15577, 1947
1947, 25147
24774, 1948
1948, 24619
26648, 1949
1949, 14463
11168, 1950
1950, 12859
20857, 1951
1951, 13318
22050, 1952
1952, 28845
1952, 14260
25818, 1953
1953, 29432
29798, 1954
1954, 18719
22114, 1955
1955, 20136
22302, 1956
13728, 1956
1956, 24787
1956, 30185
15089, 1957
1957, 29952
9454, 1958
1958, 23157
13816, 1959
1959, 29893
25710, 1960
1960, 17908
9633, 1961
1961, 19032
11871, 1962
1962, 25260
18589, 1963
1963, 27216
1963, 22584
10806, 1964
1964, 27844
27928, 1965
1965, 26419
10317, 1966
28627, 1966
13531, 1966
18003, 1966
21402, 1966
13579, 1966
12927, 1966
14313, 1966
14130, 1966
27283, 1966
19740, 1966
12008, 1966
22380, 1966
12043, 1966
10828, 1966
24461, 1966
21953, 1966
11813, 1966
13100, 1966
13817, 1966
18218, 1966
25362, 1966
18881, 1966
13327, 1966
21711, 1966
16611, 1966
10794, 1966
20965, 1966
25511, 1966
15296, 1966
28928, 1966
15724, 1966
18920, 1966
23440, 1966
19300, 1966
9614, 1966
21723, 1966
28446, 1966
29893, 1966
1966, 29943
1966, 26210
10114, 1967
1967, 11287
15577, 1968
1968, 24836
29571, 1969
1969, 22751
16511, 1970
1970, 21586
1970, 16198
1970, 13122
1970, 16577
23941, 1971
22396, 1971
1971, 17634
10865, 1972
1972, 14311
25602, 1973
1973, 21397
12464, 1974
17694, 1974
1974, 16209
26291, 1975
1975, 18955
15768, 1976
1976, 29126
10625, 1977
1977, 27049
22708, 1978
1978, 15642
24721, 1979
1979, 10284
29533, 1980
1980, 10359
15380, 1981
1981, 19427
28995, 1982
1982, 24442
22182, 1983
1983, 28118
14885, 1984
1984, 15131
23454, 1985
1985, 16542
25260, 1986
16821, 1986
1986, 22739
21400, 1987
11267, 1987
28352, 1987
1987, 9629
12341, 1988
1988, 25532
15577, 1989
1989, 24836
24507, 1990
1990, 15991
21458, 1991
1991, 20483
12011, 1992
1992, 16778
19819, 1993
1993, 10632
17756, 1994
27778, 1994
1994, 30015
1994, 12161
1994, 10200
1994, 20485
1994, 13861
1994, 11075
1994, 15009
1994, 22852
1994, 17602
1994, 25124
1994, 19281
1994, 12964
1994, 29503
1994, 16087
1994, 22768
1994, 15639
22081, 1995
1995, 22034
27959, 1996
1996, 27817
10238, 1997
1997, 9418
27748, 1998
1998, 12464
28345, 1999
23853, 1999
14975, 1999
1999, 12119
1999, 20450
17068, 2000
2000, 11692
14121, 2001
9316, 2001
14966, 2001
2001, 17405
16168, 2002
2002, 28227
16913, 2003
2003, 16949
2003, 17824
15768, 2004
2004, 29126
9696, 2005
2005, 11308
17392, 2006
2006, 28839
20772, 2007
2007, 28233
22603, 2008
2008, 25252
21481, 2009
26832, 2009
2009, 18460
22358, 2010
2010, 21623
17943, 2011
2011, 21220
13797, 2012
27028, 2012
18751, 2012
11048, 2012
21557, 2012
22789, 2012
12023, 2012
17683, 2012
30092, 2012
26912, 2012
2012, 20187
21189, 2013
2013, 27138
21269, 2014
24626, 2014
28492, 2014
29174, 2014
16606, 2014
26104, 2014
11716, 2014
20354, 2014
29994, 2014
9939, 2014
24216, 2014
2014, 23623
25007, 2015
2015, 17562
13749, 2016
2016, 23809
14480, 2017
2017, 17475
16511, 2018
2018, 20412
2018, 20993
9483, 2019
24867, 2019
2019, 25260
29770, 2020
2020, 28660
22635, 2021
28182, 2021
2021, 20491
2021, 20407
17925, 2022
2022, 23652
23103, 2023
15112, 2023
11709, 2023
2023, 29469
27984, 2024
2024, 17463
24999, 2025
2025, 14511
23898, 2026
2026, 16891
30188, 2027
2027, 16518
17773, 2028
2028, 19283
20855, 2029
2029, 21631
24436, 2030
2030, 26233
11798, 2031
22934, 2031
2031, 20083
14331, 2032
2032, 29262
28758, 2033
2033, 10020
28329, 2034
16875, 2034
24786, 2034
2034, 21865
21494, 2035
29012, 2035
2035, 20083
16521, 2036
2036, 18844
28339, 2037
17229, 2037
29095, 2037
12764, 2037
15469, 2037
2037, 22143
10690, 2038
2038, 15730
15747, 2039
27455, 2039
17179, 2039
24790, 2039
22471, 2039
21045, 2039
22750, 2039
24355, 2039
22049, 2039
24827, 2039
9919, 2039
20055, 2039
23929, 2039
2039, 29216
12097, 2040
2040, 19876
29988, 2041
2041, 19102
11931, 2042
2042, 20673
20181, 2043
19015, 2043
15552, 2043
11087, 2043
27225, 2043
2043, 12188
2043, 29030
2043, 23830
11557, 2044
2044, 10149
13708, 2045
2045, 15761
17054, 2046
2046, 22217
11107, 2047
2047, 27099
29795, 2048
2048, 14144
20950, 2049
2049, 18807
24386, 2050
2050, 26439
18545, 2051
2051, 20235
26854, 2052
19961, 2052
23608, 2052
2052, 18798
23496, 2053
2053, 29413
28490, 2054
2054, 16156
23273, 2055
2055, 12281
29004, 2056
2056, 29165
23967, 2057
2057, 13880
18780, 2058
29538, 2058
25058, 2058
18625, 2058
14537, 2058
11880, 2058
12459, 2058
23109, 2058
28273, 2058
23750, 2058
21536, 2058
2058, 29947
22810, 2059
2059, 28660
20151, 2060
2060, 26596
2060, 18299
2060, 26389
2060, 17303
27957, 2061
2061, 19484
28353, 2062
2062, 19830
28838, 2063
2063, 11502
16442, 2064
2064, 18297
10460, 2065
2065, 22507
25456, 2066
2066, 18460
2066, 14682
2066, 17198
2066, 19695
24015, 2067
2067, 29744
16366, 2068
2068, 27836
22172, 2069
2069, 16117
28096, 2070
2070, 15700
12572, 2071
2071, 23859
11035, 2072
11968, 2072
2072, 14200
17776, 2073
26663, 2073
2073, 25362
10263, 2074
2074, 17960
23377, 2075
2075, 15185
11055, 2076
2076, 27316
2076, 11384
13253, 2077
28603, 2077
13251, 2077
2077, 20136
20975, 2078
21860, 2078
2078, 10487
19450, 2079
2079, 13097
16299, 2080
28736, 2080
10974, 2080
19236, 2080
2080, 26768
29191, 2081
27890, 2081
2081, 11624
13589, 2082
16532, 2082
2082, 12043
9936, 2083
2083, 9539
23598, 2084
2084, 21723
26547, 2085
24013, 2085
2085, 27674
19689, 2086
2086, 18955
24732, 2087
14075, 2087
2087, 21497
2087, 23906
2087, 23605
19294, 2088
2088, 28352
21503, 2089
2089, 22064
22476, 2090
2090, 27205
25774, 2091
2091, 23227
22878, 2092
2092, 28302
2092, 11752
12440, 2093
21876, 2093
20839, 2093
9560, 2093
24711, 2093
2093, 10124
11297, 2094
2094, 14730
26310, 2095
15752, 2095
25067, 2095
29471, 2095
22046, 2095
26951, 2095
2095, 26127
2095, 24815
29943, 2096
2096, 9458
15104, 2097
23233, 2097
16437, 2097
16041, 2097
23443, 2097
19092, 2097
14152, 2097
18655, 2097
11308, 2097
16967, 2097
21289, 2097
22070, 2097
26730, 2097
15013, 2097
12167, 2097
18473, 2097
27398, 2097
11072, 2097
10894, 2097
21079, 2097
22012, 2097
28752, 2097
28561, 2097
17526, 2097
23219, 2097
20798, 2097
22382, 2097
15099, 2097
9265, 2097
10299, 2097
13955, 2097
21476, 2097
17685, 2097
20229, 2097
20436, 2097
24124, 2097
26596, 2097
29995, 2097
23316, 2097
25983, 2097
27156, 2097
13471, 2097
17913, 2097
12880, 2097
12056, 2097
19913, 2097
20248, 2097
23817, 2097
11321, 2097
26392, 2097
23776, 2097
17171, 2097
27344, 2097
22741, 2097
10422, 2097
23767, 2097
21604, 2097
9550, 2097
28397, 2097
24465, 2097
25042, 2097
10657, 2097
22681, 2097
25317, 2097
25758, 2097
21201, 2097
9569, 2097
13852, 2097
11297, 2097
10122, 2097
25470, 2097
14861, 2097
20741, 2097
10453, 2097
27786, 2097
15499, 2097
20862, 2097
9397, 2097
28884, 2097
16682, 2097
17303, 2097
10147, 2097
24020, 2097
24731, 2097
22645, 2097
29835, 2097
21841, 2097
20358, 2097
11842, 2097
27317, 2097
21434, 2097
15648, 2097
28352, 2097
19830, 2097
17824, 2097
26732, 2097
15584, 2097
12642, 2097
16968, 2097
20159, 2097
19064, 2097
17640, 2097
28510, 2097
19853, 2097
17944, 2097
2097, 26855
13590, 2098
26294, 2098
2098, 16701
21376, 2099
2099, 16141
2099, 22030
13573, 2100
24623, 2100
20147, 2100
2100, 28551
9528, 2101
2101, 23619
10178, 2102
2102, 10805
2102, 22666
17320, 2103
2103, 17807
12212, 2104
2104, 24558
2104, 11807
26354, 2105
25566, 2105
10194, 2105
27850, 2105
16844, 2105
17065, 2105
2105, 18955
9520, 2106
2106, 18416
10488, 2107
2107, 22741
9746, 2108
19152, 2108
20759, 2108
2108, 15768
18022, 2109
2109, 11247
14275, 2110
2110, 21263
22845, 2111
18494, 2111
2111, 10002
23487, 2112
2112, 15717
16641, 2113
2113, 17138
24488, 2114
14446, 2114
2114, 16604
2114, 25362
22942, 2115
9266, 2115
12883, 2115
25559, 2115
11663, 2115
2115, 17640
19895, 2116
2116, 21079
2116, 9363
2116, 17075
30163, 2117
2117, 28024
2117, 29570
9470, 2118
2118, 19249
20101, 2119
2119, 26494
25270, 2120
2120, 29278
2120, 13235
13489, 2121
16373, 2121
16325, 2121
22774, 2121
2121, 18265
18269, 2122
2122, 19783
27399, 2123
2123, 12682
24199, 2124
2124, 12761
10288, 2125
2125, 27738
22142, 2126
9524, 2126
29772, 2126
15927, 2126
25602, 2126
14230, 2126
21832, 2126
14549, 2126
9883, 2126
27316, 2126
12375, 2126
2126, 9812
16527, 2127
2127, 16405
2127, 21476
13816, 2128
2128, 23440
29463, 2129
2129, 25362
11593, 2130
2130, 23539
14821, 2131
10432, 2131
2131, 28203
2131, 29653
29397, 2132
2132, 23031
21967, 2133
2133, 17944
29943, 2134
2134, 13564
12818, 2135
2135, 21604
24778, 2136
2136, 27057
22797, 2137
2137, 20049
14796, 2138
2138, 18952
13667, 2139
2139, 21864
21615, 2140
11320, 2140
2140, 29439
11666, 2141
2141, 30195
17766, 2142
2142, 20765
2142, 12762
2142, 18920
21360, 2143
2143, 11275
18321, 2144
2144, 15638
2144, 18565
19070, 2145
29150, 2145
2145, 25484
27757, 2146
2146, 18952
28197, 2147
18887, 2147
17103, 2147
2147, 12971
16920, 2148
2148, 12326
29516, 2149
26574, 2149
2149, 22938
16735, 2150
2150, 21846
15600, 2151
23801, 2151
2151, 19656
25888, 2152
2152, 10447
28264, 2153
2153, 23593
14809, 2154
2154, 14549
27003, 2155
2155, 12194
23354, 2156
13425, 2156
2156, 23508
2156, 25252
29900, 2157
2157, 25277
23616, 2158
19904, 2158
15670, 2158
27649, 2158
10470, 2158
16684, 2158
2158, 29957
2158, 20504
28618, 2159
2159, 12013
27159, 2160
2160, 23515
17200, 2161
2161, 22129
12895, 2162
2162, 15355
20690, 2163
2163, 10693
2163, 26392
2163, 18337
2163, 20489
23263, 2164
2164, 26611
15085, 2165
21331, 2165
2165, 29555
2165, 29790
2165, 20154
2165, 11164
29339, 2166
2166, 22902
19632, 2167
2167, 12203
27152, 2168
26766, 2168
2168, 20867
20321, 2169
2169, 14486
17271, 2170
2170, 27857
2170, 21526
2170, 17982
30202, 2171
26372, 2171
10635, 2171
12715, 2171
28604, 2171
2171, 13881
25731, 2172
16093, 2172
17009, 2172
24950, 2172
20693, 2172
21387, 2172
22450, 2172
13135, 2172
20265, 2172
10667, 2172
24250, 2172
14976, 2172
25358, 2172
11308, 2172
13560, 2172
22142, 2172
10569, 2172
9131, 2172
9516, 2172
16544, 2172
23371, 2172
9997, 2172
9785, 2172
29421, 2172
11928, 2172
24325, 2172
18623, 2172
15145, 2172
20888, 2172
27152, 2172
16026, 2172
19094, 2172
15923, 2172
18014, 2172
11855, 2172
25782, 2172
27340, 2172
29843, 2172
23338, 2172
13924, 2172
22958, 2172
15489, 2172
15267, 2172
24674, 2172
9754, 2172
19311, 2172
26007, 2172
17256, 2172
28647, 2172
23219, 2172
22382, 2172
26373, 2172
11021, 2172
28574, 2172
24014, 2172
15801, 2172
19152, 2172
21476, 2172
14136, 2172
12362, 2172
20229, 2172
29188, 2172
19307, 2172
14659, 2172
18152, 2172
26991, 2172
19389, 2172
13593, 2172
18059, 2172
12531, 2172
13118, 2172
13991, 2172
26874, 2172
15004, 2172
26391, 2172
20380, 2172
23604, 2172
9801, 2172
23996, 2172
28068, 2172
28814, 2172
19370, 2172
20790, 2172
13904, 2172
13275, 2172
29076, 2172
28794, 2172
25942, 2172
28126, 2172
24865, 2172
25177, 2172
11303, 2172
23488, 2172
12637, 2172
28238, 2172
15356, 2172
15688, 2172
15711, 2172
20251, 2172
29940, 2172
29240, 2172
14434, 2172
9941, 2172
25965, 2172
21775, 2172
17892, 2172
26766, 2172
27371, 2172
9133, 2172
28397, 2172
21676, 2172
12368, 2172
26389, 2172
22546, 2172
10249, 2172
25042, 2172
20216, 2172
27699, 2172
14549, 2172
28630, 2172
21010, 2172
20393, 2172
19273, 2172
21608, 2172
19670, 2172
18637, 2172
14206, 2172
10344, 2172
26197, 2172
12770, 2172
29032, 2172
27226, 2172
11297, 2172
28439, 2172
26433, 2172
19901, 2172
28660, 2172
18308, 2172
23697, 2172
14262, 2172
17673, 2172
19366, 2172
10607, 2172
27869, 2172
22154, 2172
11925, 2172
29372, 2172
23108, 2172
16438, 2172
24974, 2172
21523, 2172
25026, 2172
25225, 2172
29629, 2172
9606, 2172
21656, 2172
27987, 2172
12630, 2172
28135, 2172
11827, 2172
13900, 2172
29695, 2172
23041, 2172
17856, 2172
25623, 2172
19851, 2172
15809, 2172
21388, 2172
29881, 2172
13061, 2172
15861, 2172
13208, 2172
16822, 2172
11547, 2172
10525, 2172
26580, 2172
9381, 2172
14340, 2172
16570, 2172
29835, 2172
22584, 2172
14379, 2172
21841, 2172
18973, 2172
27265, 2172
23113, 2172
11665, 2172
19830, 2172
16248, 2172
27313, 2172
18413, 2172
17824, 2172
26418, 2172
17676, 2172
23595, 2172
19068, 2172
25659, 2172
21798, 2172
30187, 2172
26556, 2172
24839, 2172
25954, 2172
27763, 2172
9900, 2172
12496, 2172
19853, 2172
27754, 2172
2172, 26984
22872, 2173
24180, 2173
2173, 25362
2173, 15579
23898, 2174
2174, 23266
22735, 2175
2175, 10510
17253, 2176
2176, 15084
12300, 2177
2177, 16437
10608, 2178
2178, 13656
22468, 2179
22894, 2179
2179, 16076
27018, 2180
2180, 22741
26313, 2181
2181, 29527
2181, 17208
29943, 2182
2182, 20907
28865, 2183
2183, 24603
2183, 15704
23247, 2184
2184, 22957
27814, 2185
2185, 14519
18430, 2186
2186, 26590
10005, 2187
2187, 10392
16714, 2188
2188, 16576
18316, 2189
2189, 27570
2189, 22795
25398, 2190
22570, 2190
14103, 2190
20202, 2190
9798, 2190
2190, 27639
21890, 2191
2191, 17486
29098, 2192
2192, 28810
2192, 24329
10047, 2193
2193, 13969
17193, 2194
2194, 24186
14400, 2195
2195, 23130
10936, 2196
26874, 2196
2196, 21344
11747, 2197
2197, 10330
24168, 2198
2198, 27035
2198, 14833
2198, 9481
2198, 25085
2198, 25187
16619, 2199
2199, 15748
23898, 2200
2200, 13594
19465, 2201
26802, 2201
22902, 2201
2201, 9784
14814, 2202
2202, 16347
2202, 18133
24997, 2203
20298, 2203
16838, 2203
2203, 17915
2203, 25118
2203, 26222
17594, 2204
2204, 27371
12466, 2205
2205, 24454
16778, 2206
28551, 2206
18635, 2206
2206, 19610
10287, 2207
2207, 26977
23046, 2208
25513, 2208
18510, 2208
10654, 2208
13979, 2208
2208, 28849
29538, 2209
24442, 2209
28023, 2209
11864, 2209
2209, 27242
28385, 2210
28851, 2210
2210, 21663
27783, 2211
24802, 2211
21664, 2211
2211, 29144
19020, 2212
2212, 14299
17263, 2213
2213, 10097
15242, 2214
2214, 13669
26846, 2215
2215, 26342
23291, 2216
2216, 25752
29943, 2217
2217, 13471
13065, 2218
17404, 2218
16243, 2218
13180, 2218
2218, 15739
19805, 2219
2219, 19637
30147, 2220
2220, 23148
14658, 2221
13469, 2221
27321, 2221
2221, 19690
13922, 2222
2222, 28895
10509, 2223
2223, 26403
16549, 2224
2224, 13709
2224, 29539
16068, 2225
24803, 2225
16820, 2225
2225, 25362
2225, 15355
27512, 2226
2226, 12775
16484, 2227
2227, 22337
14393, 2228
2228, 14666
25974, 2229
2229, 18143
10912, 2230
2230, 26379
18252, 2231
2231, 18727
2231, 20938
21128, 2232
2232, 13327
27052, 2233
2233, 30112
2233, 27689
19614, 2234
24301, 2234
15989, 2234
28028, 2234
18145, 2234
29434, 2234
29505, 2234
15677, 2234
2234, 21386
18066, 2235
2235, 10875
28183, 2236
27085, 2236
29839, 2236
2236, 28907
14950, 2237
29211, 2237
2237, 23416
2237, 23131
2237, 12892
2237, 21893
2237, 20315
2237, 16814
2237, 24605
2237, 14629
2237, 23529
2237, 12606
2237, 20785
2237, 10231
2237, 15351
2237, 27880
2237, 12059
19767, 2238
2238, 22142
2238, 25831
2238, 23750
15965, 2239
29410, 2239
2239, 27340
10769, 2240
2240, 12486
18568, 2241
2241, 26669
2241, 12926
29493, 2242
2242, 26819
2242, 14998
14541, 2243
20095, 2243
22799, 2243
24392, 2243
9296, 2243
26235, 2243
12709, 2243
29754, 2243
14286, 2243
12682, 2243
16975, 2243
27460, 2243
16340, 2243
16500, 2243
11936, 2243
14114, 2243
21671, 2243
14273, 2243
28175, 2243
14726, 2243
16788, 2243
9407, 2243
13585, 2243
18677, 2243
18538, 2243
30040, 2243
29778, 2243
16885, 2243
25160, 2243
18783, 2243
15193, 2243
20179, 2243
11844, 2243
26792, 2243
15942, 2243
29790, 2243
11922, 2243
9661, 2243
29693, 2243
16075, 2243
22469, 2243
13301, 2243
15534, 2243
19518, 2243
19151, 2243
10681, 2243
11545, 2243
25947, 2243
23683, 2243
17647, 2243
22751, 2243
9360, 2243
29308, 2243
23837, 2243
15166, 2243
15916, 2243
20743, 2243
9413, 2243
27561, 2243
23492, 2243
13599, 2243
19966, 2243
12529, 2243
30167, 2243
20343, 2243
19688, 2243
17181, 2243
23703, 2243
16163, 2243
22980, 2243
20357, 2243
16651, 2243
14244, 2243
17237, 2243
20737, 2243
9160, 2243
23968, 2243
23424, 2243
21462, 2243
16906, 2243
15910, 2243
23141, 2243
15407, 2243
13330, 2243
26816, 2243
15672, 2243
28549, 2243
21276, 2243
14357, 2243
26207, 2243
25131, 2243
23429, 2243
27603, 2243
27356, 2243
10332, 2243
18006, 2243
16739, 2243
13555, 2243
19288, 2243
19989, 2243
19007, 2243
26904, 2243
17483, 2243
9698, 2243
20819, 2243
12645, 2243
23390, 2243
10483, 2243
25773, 2243
18200, 2243
14573, 2243
13815, 2243
22524, 2243
15755, 2243
26736, 2243
12502, 2243
17545, 2243
23359, 2243
19195, 2243
29562, 2243
16516, 2243
23983, 2243
20883, 2243
13644, 2243
22555, 2243
26864, 2243
9788, 2243
21875, 2243
26447, 2243
29750, 2243
26853, 2243
12694, 2243
13909, 2243
20262, 2243
22007, 2243
20407, 2243
14085, 2243
24798, 2243
14579, 2243
9130, 2243
25819, 2243
28384, 2243
17167, 2243
18877, 2243
12846, 2243
15240, 2243
9293, 2243
24414, 2243
28810, 2243
19554, 2243
14945, 2243
18999, 2243
14328, 2243
18629, 2243
29638, 2243
12839, 2243
26856, 2243
26962, 2243
21728, 2243
19515, 2243
13969, 2243
11449, 2243
18851, 2243
15889, 2243
16282, 2243
12439, 2243
13829, 2243
23493, 2243
10813, 2243
29595, 2243
19909, 2243
23893, 2243
29118, 2243
12256, 2243
28075, 2243
26051, 2243
29289, 2243
9136, 2243
15496, 2243
10513, 2243
14308, 2243
20154, 2243
16762, 2243
20175, 2243
9222, 2243
29954, 2243
25680, 2243
28208, 2243
20139, 2243
19295, 2243
9212, 2243
15123, 2243
28803, 2243
24554, 2243
14848, 2243
22304, 2243
24005, 2243
12251, 2243
20602, 2243
29482, 2243
11643, 2243
27268, 2243
15481, 2243
28697, 2243
15578, 2243
19778, 2243
24329, 2243
16205, 2243
29878, 2243
24552, 2243
25497, 2243
29904, 2243
20660, 2243
17292, 2243
12769, 2243
9282, 2243
9103, 2243
25899, 2243
21802, 2243
17163, 2243
20930, 2243
19222, 2243
21718, 2243
22034, 2243
19279, 2243
11372, 2243
10217, 2243
11645, 2243
29841, 2243
25156, 2243
18894, 2243
26828, 2243
22962, 2243
26453, 2243
11638, 2243
21517, 2243
10255, 2243
25033, 2243
20340, 2243
15303, 2243
18945, 2243
11760, 2243
27491, 2243
11323, 2243
21998, 2243
12677, 2243
23348, 2243
13354, 2243
18165, 2243
29734, 2243
18822, 2243
10751, 2243
11063, 2243
20025, 2243
26727, 2243
9111, 2243
28165, 2243
27059, 2243
9843, 2243
10266, 2243
9476, 2243
21811, 2243
13576, 2243
9935, 2243
17083, 2243
12033, 2243
22855, 2243
20835, 2243
13324, 2243
12450, 2243
11164, 2243
23419, 2243
13690, 2243
24959, 2243
27738, 2243
16747, 2243
22720, 2243
29935, 2243
29398, 2243
16318, 2243
24113, 2243
25692, 2243
24776, 2243
19235, 2243
25128, 2243
25842, 2243
11140, 2243
23026, 2243
17474, 2243
9118, 2243
21461, 2243
11724, 2243
28854, 2243
15565, 2243
24132, 2243
23330, 2243
17814, 2243
22589, 2243
13525, 2243
26224, 2243
2243, 10642
23533, 2244
2244, 20582
2244, 20823
19512, 2245
2245, 21244
24589, 2246
2246, 22218
11720, 2247
2247, 13739
19950, 2248
16535, 2248
16284, 2248
20684, 2248
24051, 2248
14929, 2248
11049, 2248
27366, 2248
26785, 2248
13504, 2248
24372, 2248
14653, 2248
14189, 2248
26380, 2248
13938, 2248
28672, 2248
23958, 2248
27244, 2248
17449, 2248
24395, 2248
9544, 2248
25754, 2248
18370, 2248
17095, 2248
24575, 2248
16779, 2248
13297, 2248
18812, 2248
18668, 2248
26917, 2248
21449, 2248
16857, 2248
15446, 2248
2248, 13995
15298, 2249
2249, 17234
2249, 19170
11911, 2250
2250, 23747
2250, 15647
10819, 2251
28235, 2251
27509, 2251
2251, 12215
23862, 2252
2252, 12173
28927, 2253
2253, 11276
2253, 21066
12804, 2254
2254, 9129
20664, 2255
2255, 26007
21624, 2256
2256, 25280
2256, 27909
19787, 2257
2257, 20574
27079, 2258
2258, 15330
11326, 2259
2259, 20975
23387, 2260
2260, 15682
23099, 2261
2261, 18736
21134, 2262
2262, 23281
25884, 2263
15665, 2263
17141, 2263
17619, 2263
2263, 9137
10821, 2264
2264, 27809
21699, 2265
2265, 13654
24515, 2266
22795, 2266
2266, 14358
24831, 2267
2267, 19674
9956, 2268
2268, 10394
27118, 2269
24298, 2269
27568, 2269
23374, 2269
12135, 2269
14589, 2269
29779, 2269
17994, 2269
24572, 2269
20110, 2269
22160, 2269
17220, 2269
20771, 2269
18907, 2269
13655, 2269
25099, 2269
2269, 26680
18140, 2270
2270, 14676
2270, 11743
18244, 2271
20578, 2271
18620, 2271
28550, 2271
23241, 2271
13254, 2271
2271, 22993
10469, 2272
2272, 26333
22820, 2273
2273, 17130
18396, 2274
2274, 22926
25993, 2275
2275, 22839
21560, 2276
2276, 16715
20424, 2277
29874, 2277
17287, 2277
11869, 2277
2277, 16289
2277, 16798
2277, 27722
2277, 23845
2277, 15092
2277, 21893
2277, 17838
2277, 20149
2277, 11805
2277, 10732
2277, 28703
2277, 10262
2277, 28419
2277, 29271
2277, 10231
16247, 2278
2278, 9548
22794, 2279
16759, 2279
28215, 2279
2279, 11853
13816, 2280
2280, 23440
28099, 2281
2281, 14230
2281, 19064
2281, 20483
20351, 2282
2282, 21137
23898, 2283
2283, 10621
14530, 2284
2284, 19702
26533, 2285
2285, 14377
2285, 19052
17465, 2286
14744, 2286
2286, 23214
2286, 11776
2286, 21203
25885, 2287
2287, 16512
23472, 2288
2288, 14187
22426, 2289
2289, 20759
11153, 2290
2290, 9323
25091, 2291
2291, 27570
2291, 29858
30057, 2292
2292, 19463
2292, 25806
2292, 19853
29131, 2293
2293, 22516
29735, 2294
2294, 28324
29943, 2295
2295, 13471
2295, 25656
13056, 2296
2296, 14981
18988, 2297
2297, 19225
21192, 2298
2298, 24227
16177, 2299
2299, 14644
13764, 2300
2300, 24636
14397, 2301
26807, 2301
21753, 2301
11062, 2301
24633, 2301
30171, 2301
2301, 24461
21143, 2302
2302, 29761
23040, 2303
2303, 10015
24235, 2304
2304, 16643
19319, 2305
2305, 9336
16899, 2306
2306, 27024
25769, 2307
2307, 14354
2307, 20501
16226, 2308
2308, 22215
13510, 2309
2309, 10693
2309, 18871
27070, 2310
2310, 14238
27048, 2311
2311, 28364
23353, 2312
2312, 18122
26399, 2313
2313, 14980
15859, 2314
2314, 21234
12458, 2315
27913, 2315
24216, 2315
2315, 13420
29943, 2316
2316, 24835
29854, 2317
14092, 2317
2317, 12071
2317, 10131
29229, 2318
2318, 16041
2318, 12216
2318, 15099
2318, 21751
2318, 24200
20066, 2319
2319, 17769
17150, 2320
17874, 2320
27234, 2320
2320, 19729
9854, 2321
2321, 27625
9499, 2322
22070, 2322
20740, 2322
9785, 2322
29421, 2322
11675, 2322
18623, 2322
14211, 2322
20187, 2322
29192, 2322
16364, 2322
18122, 2322
12316, 2322
12283, 2322
13844, 2322
17858, 2322
16372, 2322
20851, 2322
14540, 2322
29531, 2322
24839, 2322
19853, 2322
2322, 10617
19322, 2323
2323, 28773
12875, 2324
20173, 2324
28588, 2324
2324, 18947
23417, 2325
2325, 29580
16511, 2326
2326, 26496
2326, 15199
16511, 2327
2327, 16051
25263, 2328
2328, 28660
23335, 2329
2329, 29728
29943, 2330
2330, 9259
14693, 2331
2331, 10911
13107, 2332
2332, 23997
27808, 2333
2333, 11547
26893, 2334
15956, 2334
2334, 10918
2334, 27424
2334, 24105
10766, 2335
2335, 17214
2335, 21400
2335, 15809
9380, 2336
2336, 18843
14982, 2337
2337, 10223
25677, 2338
2338, 27146
2338, 27210
2338, 17475
2338, 10074
2338, 28582
2338, 27668
2338, 29221
2338, 29029
2338, 10629
2338, 15382
2338, 26738
2338, 16295
2338, 27252
2338, 20360
2338, 25829
2338, 10385
2338, 10213
2338, 16471
2338, 18922
2338, 14445
2338, 14176
2338, 12501
2338, 23123
2338, 20328
2338, 28159
2338, 22502
2338, 24651
2338, 28719
2338, 27858
2338, 19540
2338, 23503
2338, 19549
2338, 20552
2338, 24508
2338, 9577
2338, 18225
2338, 28112
2338, 29031
2338, 29230
2338, 14637
2338, 15367
2338, 20762
2338, 9341
2338, 25563
2338, 14597
26859, 2339
2339, 29062
2339, 21860
10292, 2340
2340, 15648
2340, 26247
15979, 2341
2341, 19929
21333, 2342
17746, 2342
10772, 2342
25616, 2342
17521, 2342
2342, 14540
19118, 2343
2343, 29427
14346, 2344
2344, 28725
2344, 14590
2344, 17532
2344, 21637
2344, 12163
2344, 23352
2344, 12592
2344, 24260
2344, 20550
2344, 27930
2344, 12196
2344, 10818
2344, 26187
2344, 15920
2344, 28535
2344, 28780
2344, 26916
18747, 2345
2345, 11615
17891, 2346
21352, 2346
20586, 2346
26339, 2346
22328, 2346
15309, 2346
2346, 29064
26739, 2347
2347, 9363
24342, 2348
2348, 28329
27066, 2349
18852, 2349
2349, 16350
29943, 2350
2350, 13044
22721, 2351
2351, 26419
11174, 2352
12389, 2352
26421, 2352
10637, 2352
9420, 2352
25206, 2352
17348, 2352
22853, 2352
12596, 2352
23871, 2352
14611, 2352
13750, 2352
23749, 2352
27804, 2352
21217, 2352
11231, 2352
13417, 2352
11045, 2352
10559, 2352
16805, 2352
2352, 26678
2352, 10903
14855, 2353
2353, 18016
17105, 2354
2354, 13958
23898, 2355
2355, 20043
16046, 2356
2356, 17162
21755, 2357
2357, 19830
22102, 2358
13927, 2358
2358, 26380
24082, 2359
2359, 11372
10145, 2360
2360, 18418
18776, 2361
2361, 26930
22233, 2362
10495, 2362
26175, 2362
2362, 21454
2362, 27576
2362, 16001
28775, 2363
2363, 23582
21412, 2364
2364, 28682
19476, 2365
2365, 14838
16687, 2366
2366, 12781
2366, 10000
28083, 2367
10899, 2367
2367, 27419
23153, 2368
2368, 23885
29008, 2369
2369, 18955
14583, 2370
2370, 9440
24924, 2371
2371, 19307
22808, 2372
2372, 20364
10825, 2373
2373, 27139
19460, 2374
11391, 2374
2374, 27490
22500, 2375
2375, 18473
10551, 2376
2376, 25289
9887, 2377
2377, 18952
11001, 2378
2378, 15865
28891, 2379
2379, 25524
22771, 2380
2380, 18058
26499, 2381
26163, 2381
2381, 25478
16936, 2382
2382, 9598
22731, 2383
2383, 16165
9253, 2384
2384, 20535
14684, 2385
2385, 14613
24919, 2386
2386, 17974
22841, 2387
26928, 2387
22546, 2387
9981, 2387
2387, 26541
9981, 2388
12496, 2388
2388, 18189
29175, 2389
2389, 25962
15142, 2390
11238, 2390
2390, 12393
20567, 2391
2391, 28925
28123, 2392
2392, 12012
15053, 2393
2393, 29403
2393, 15154
18205, 2394
9446, 2394
2394, 14058
20454, 2395
2395, 18002
2395, 24515
14477, 2396
2396, 18005
9962, 2397
12106, 2397
26013, 2397
28962, 2397
2397, 20676
2397, 23258
2397, 13855
2397, 19046
2397, 27645
2397, 29316
2397, 28414
2397, 24352
2397, 9546
2397, 27426
2397, 25409
2397, 10531
2397, 9968
2397, 22362
2397, 25455
2397, 13233
2397, 29605
2397, 17032
12903, 2398
2398, 9499
18215, 2399
25496, 2399
15563, 2399
10380, 2399
24227, 2399
10147, 2399
2399, 14438
9096, 2400
22826, 2400
2400, 10802
29706, 2401
2401, 10681
2401, 28384
2401, 19295
12934, 2402
2402, 28498
29611, 2403
17629, 2403
2403, 15331
20651, 2404
23504, 2404
2404, 27532
10025, 2405
25732, 2405
2405, 25362
2405, 23267
20495, 2406
2406, 19036
25334, 2407
2407, 22839
16007, 2408
2408, 24851
10406, 2409
18107, 2409
23807, 2409
9791, 2409
2409, 25367
10239, 2410
2410, 12352
12146, 2411
2411, 12760
28791, 2412
27261, 2412
28356, 2412
2412, 16700
16511, 2413
2413, 18716
2413, 30102
30219, 2414
2414, 12284
23898, 2415
2415, 13032
14372, 2416
20252, 2416
27892, 2416
22510, 2416
24983, 2416
12921, 2416
2416, 20827
2416, 21957
2416, 24893
2416, 18330
23899, 2417
2417, 22741
15189, 2418
2418, 26391
2418, 17893
2418, 22741
14824, 2419
2419, 23052
20566, 2420
2420, 18413
18357, 2421
2421, 13327
24131, 2422
2422, 23658
25236, 2423
2423, 16310
23297, 2424
2424, 30169
15577, 2425
2425, 21312
12125, 2426
2426, 28244
13101, 2427
2427, 27064
16440, 2428
19145, 2428
2428, 13399
13266, 2429
2429, 20366
17226, 2430
2430, 10697
2430, 22741
2430, 20031
26630, 2431
2431, 21940
23083, 2432
2432, 26783
16511, 2433
2433, 9456
24462, 2434
2434, 29027
11317, 2435
16576, 2435
27510, 2435
25400, 2435
25368, 2435
25669, 2435
26419, 2435
24546, 2435
19660, 2435
25337, 2435
9782, 2435
17405, 2435
13683, 2435
22882, 2435
22857, 2435
21062, 2435
27306, 2435
13594, 2435
25388, 2435
14623, 2435
10244, 2435
19854, 2435
29971, 2435
11509, 2435
9217, 2435
13754, 2435
9224, 2435
12722, 2435
14944, 2435
11795, 2435
16335, 2435
17064, 2435
17166, 2435
23758, 2435
26814, 2435
27698, 2435
19808, 2435
20861, 2435
17841, 2435
28598, 2435
20284, 2435
17187, 2435
9539, 2435
26403, 2435
24209, 2435
9553, 2435
19325, 2435
15875, 2435
20204, 2435
13564, 2435
23266, 2435
2435, 18861
15528, 2436
2436, 21062
20137, 2437
2437, 9781
20751, 2438
2438, 17957
28601, 2439
2439, 11076
23957, 2440
24469, 2440
23234, 2440
26943, 2440
10103, 2440
26173, 2440
27425, 2440
18174, 2440
12096, 2440
2440, 19986
2440, 27490
28621, 2441
17944, 2441
2441, 27811
28349, 2442
2442, 28650
27232, 2443
2443, 29974
11736, 2444
24474, 2444
2444, 18308
22266, 2445
2445, 15090
15574, 2446
29497, 2446
2446, 23316
2446, 11251
2446, 23317
22231, 2447
2447, 13670
13438, 2448
2448, 16292
16511, 2449
2449, 17016
2449, 28573
2449, 16444
29448, 2450
2450, 18046
25103, 2451
2451, 24262
25062, 2452
2452, 12013
2452, 24959
13602, 2453
2453, 23206
24024, 2454
2454, 23164
11299, 2455
2455, 14676
28288, 2456
2456, 14384
2456, 9455
29670, 2457
11506, 2457
10017, 2457
2457, 17140
2457, 17644
10577, 2458
2458, 19020
9889, 2459
2459, 16923
9295, 2460
13960, 2460
2460, 12002
15531, 2461
12800, 2461
10215, 2461
12264, 2461
21993, 2461
25525, 2461
27877, 2461
24421, 2461
13059, 2461
19612, 2461
11084, 2461
27397, 2461
21546, 2461
14507, 2461
23762, 2461
24567, 2461
14603, 2461
14071, 2461
2461, 14108
17594, 2462
2462, 27371
20880, 2463
2463, 24527
24300, 2464
2464, 28861
14139, 2465
10506, 2465
27553, 2465
2465, 13399
18577, 2466
2466, 24990
28664, 2467
22000, 2467
13679, 2467
2467, 12071
13689, 2468
2468, 17125
16317, 2469
2469, 12627
23233, 2470
26289, 2470
29744, 2470
14415, 2470
14031, 2470
18021, 2470
27234, 2470
2470, 14297
24436, 2471
2471, 14502
11504, 2472
2472, 17458
2472, 19346
2472, 23697
28073, 2473
2473, 22563
14210, 2474
2474, 10741
30209, 2475
2475, 25489
2475, 12286
2475, 10117
2475, 24427
29291, 2476
2476, 20656
26279, 2477
2477, 26374
23472, 2478
2478, 10538
23239, 2479
2479, 20723
2479, 20021
14686, 2480
2480, 11413
20206, 2481
20517, 2481
2481, 13507
9352, 2482
2482, 15917
2482, 17788
23083, 2483
2483, 16660
14676, 2484
15384, 2484
14342, 2484
2484, 20809
11648, 2485
2485, 15052
29147, 2486
2486, 18212
2486, 29369
2486, 22121
2486, 25024
2486, 12670
2486, 13972
16099, 2487
2487, 11510
11242, 2488
25129, 2488
2488, 10353
21659, 2489
2489, 14953
14863, 2490
2490, 9694
20939, 2491
2491, 24372
9194, 2492
2492, 26646
16715, 2493
17491, 2493
2493, 28257
25545, 2494
2494, 26979
10867, 2495
21374, 2495
18496, 2495
20247, 2495
17635, 2495
29896, 2495
12693, 2495
12193, 2495
14163, 2495
11403, 2495
15661, 2495
22870, 2495
26347, 2495
11777, 2495
11711, 2495
21337, 2495
25624, 2495
23196, 2495
2495, 22574
26806, 2496
2496, 16288
17174, 2497
2497, 29792
22351, 2498
12415, 2498
26387, 2498
14040, 2498
2498, 14089
30144, 2499
2499, 16548
14437, 2500
2500, 28003
29943, 2501
2501, 28874
16657, 2502
28772, 2502
2502, 16806
24189, 2503
9109, 2503
2503, 18569
9827, 2504
2504, 17597
29649, 2505
2505, 22959
12453, 2506
19383, 2506
23694, 2506
11957, 2506
2506, 9128
2506, 12524
13591, 2507
11195, 2507
26440, 2507
2507, 16906
12342, 2508
12830, 2508
15676, 2508
18428, 2508
2508, 22927
24264, 2509
18041, 2509
2509, 16391
13845, 2510
2510, 11050
29264, 2511
2511, 13314
16088, 2512
23619, 2512
29656, 2512
2512, 17434
17222, 2513
2513, 17793
23099, 2514
2514, 18736
18443, 2515
2515, 14927
25657, 2516
2516, 28565
2516, 24505
16995, 2517
2517, 21841
20820, 2518
2518, 16699
20142, 2519
2519, 24738
11735, 2520
2520, 19348
29943, 2521
2521, 18370
24054, 2522
2522, 28397
18843, 2523
25752, 2523
2523, 27469
23247, 2524
2524, 22957
20640, 2525
14948, 2525
22909, 2525
2525, 27460
2525, 26736
2525, 9212
2525, 28583
17927, 2526
2526, 23810
17719, 2527
2527, 13304
28457, 2528
2528, 15539
19396, 2529
25125, 2529
2529, 9949
10030, 2530
25997, 2530
13791, 2530
28438, 2530
26920, 2530
24270, 2530
19643, 2530
22411, 2530
9328, 2530
23194, 2530
10744, 2530
29239, 2530
27109, 2530
12468, 2530
16815, 2530
14475, 2530
14909, 2530
2530, 22935
28176, 2531
2531, 20235
2531, 27369
25411, 2532
11702, 2532
2532, 11832
25934, 2533
2533, 19389
22791, 2534
2534, 27286
10329, 2535
23410, 2535
17524, 2535
2535, 11631
14812, 2536
2536, 14368
14430, 2537
24441, 2537
17533, 2537
2537, 29550
26426, 2538
2538, 21476
26694, 2539
25354, 2539
18817, 2539
12335, 2539
16232, 2539
11504, 2539
20793, 2539
22161, 2539
14435, 2539
24324, 2539
18074, 2539
10797, 2539
17836, 2539
30157, 2539
27199, 2539
13128, 2539
21878, 2539
27294, 2539
22088, 2539
10870, 2539
20898, 2539
26821, 2539
24423, 2539
28584, 2539
14420, 2539
21091, 2539
26704, 2539
16315, 2539
29321, 2539
19037, 2539
29819, 2539
20058, 2539
11382, 2539
12437, 2539
23890, 2539
13702, 2539
22486, 2539
21375, 2539
17272, 2539
18044, 2539
2539, 15698
17257, 2540
2540, 23021
2540, 28253
9123, 2541
2541, 22154
14940, 2542
2542, 19755
25920, 2543
2543, 25972
2543, 23633
19358, 2544
29007, 2544
22490, 2544
2544, 11617
23148, 2545
23747, 2545
28233, 2545
9569, 2545
2545, 27097
11484, 2546
12766, 2546
13139, 2546
2546, 16228
19652, 2547
2547, 17974
28060, 2548
11848, 2548
24151, 2548
19503, 2548
23582, 2548
28233, 2548
2548, 12064
9809, 2549
2549, 16607
24602, 2550
2550, 13120
17812, 2551
2551, 29064
24479, 2552
2552, 17331
20951, 2553
13541, 2553
23511, 2553
10430, 2553
26325, 2553
2553, 10902
29943, 2554
2554, 12056
24318, 2555
2555, 28092
24690, 2556
2556, 21549
25455, 2557
2557, 23184
2557, 13862
28988, 2558
2558, 9398
29062, 2559
16165, 2559
2559, 9872
11685, 2560
2560, 14794
2560, 27038
25812, 2561
2561, 14342
9860, 2562
2562, 10939
2562, 22112
27031, 2563
14321, 2563
2563, 25269
22443, 2564
2564, 10380
16683, 2565
14283, 2565
20824, 2565
22921, 2565
2565, 24461
16561, 2566
27465, 2566
27611, 2566
2566, 10159
15701, 2567
2567, 23309
9526, 2568
2568, 9351
14642, 2569
2569, 13242
16596, 2570
2570, 20235
9831, 2571
26602, 2571
2571, 12503
23099, 2572
2572, 18736
20344, 2573
2573, 29305
13694, 2574
2574, 22950
10863, 2575
2575, 13477
17780, 2576
23001, 2576
2576, 10353
29943, 2577
2577, 13471
28464, 2578
2578, 18216
23954, 2579
2579, 10609
18577, 2580
2580, 28092
22774, 2581
26290, 2581
2581, 28660
2581, 23199
26627, 2582
2582, 23136
16111, 2583
2583, 25136
2583, 19219
2583, 9248
27771, 2584
2584, 26743
25691, 2585
2585, 17052
2585, 11946
2585, 27573
19556, 2586
19571, 2586
2586, 22528
18306, 2587
2587, 27970
10861, 2588
2588, 23911
17029, 2589
25251, 2589
26156, 2589
20489, 2589
22584, 2589
2589, 12292
24901, 2590
2590, 11238
2590, 20216
13866, 2591
13507, 2591
2591, 25981
29602, 2592
22808, 2592
2592, 17349
26529, 2593
2593, 14645
22013, 2594
2594, 25659
17646, 2595
25588, 2595
28085, 2595
2595, 28741
16935, 2596
2596, 21263
29708, 2597
2597, 27317
13008, 2598
2598, 13754
13087, 2599
14443, 2599
2599, 24809
21622, 2600
2600, 13579
2600, 14952
2600, 15967
24679, 2601
2601, 14594
14821, 2602
2602, 18266
29196, 2603
19230, 2603
23126, 2603
2603, 25362
2603, 25715
2603, 20130
2603, 22084
2603, 10771
2603, 28787
16271, 2604
2604, 23052
29762, 2605
2605, 22428
9108, 2606
2606, 27383
23150, 2607
2607, 29191
11361, 2608
2608, 15076
28752, 2609
24758, 2609
20324, 2609
2609, 16153
22156, 2610
14216, 2610
26513, 2610
13810, 2610
21587, 2610
15788, 2610
13696, 2610
23726, 2610
19558, 2610
13545, 2610
27331, 2610
23808, 2610
10383, 2610
10018, 2610
2610, 12511
27994, 2611
2611, 15468
2611, 9804
22749, 2612
2612, 14967
16126, 2613
2613, 9785
2613, 26208
21383, 2614
2614, 20251
10494, 2615
2615, 28060
15791, 2616
11266, 2616
2616, 20248
20242, 2617
2617, 22584
2617, 18835
2617, 9387
17554, 2618
23457, 2618
11263, 2618
26495, 2618
11578, 2618
10395, 2618
18513, 2618
10675, 2618
17516, 2618
28121, 2618
16289, 2618
17333, 2618
20554, 2618
21633, 2618
26374, 2618
14755, 2618
27055, 2618
17138, 2618
19441, 2618
11053, 2618
23180, 2618
21105, 2618
10665, 2618
20456, 2618
26570, 2618
16211, 2618
14366, 2618
23278, 2618
20817, 2618
25982, 2618
22169, 2618
13369, 2618
9552, 2618
21704, 2618
10879, 2618
21934, 2618
21893, 2618
11562, 2618
18917, 2618
9399, 2618
23315, 2618
25056, 2618
18716, 2618
15442, 2618
15252, 2618
15937, 2618
25750, 2618
23913, 2618
12885, 2618
14463, 2618
28703, 2618
16132, 2618
16698, 2618
23522, 2618
27653, 2618
19161, 2618
18407, 2618
30089, 2618
19968, 2618
28951, 2618
16709, 2618
18773, 2618
9731, 2618
21951, 2618
16962, 2618
18829, 2618
21073, 2618
28008, 2618
10602, 2618
9604, 2618
11019, 2618
28852, 2618
27976, 2618
11497, 2618
16415, 2618
27032, 2618
13272, 2618
18415, 2618
11935, 2618
13122, 2618
11549, 2618
28564, 2618
30000, 2618
28419, 2618
21863, 2618
9099, 2618
11365, 2618
24835, 2618
22566, 2618
29517, 2618
13572, 2618
9600, 2618
27140, 2618
9172, 2618
30158, 2618
12942, 2618
22730, 2618
25248, 2618
24136, 2618
14670, 2618
2618, 26296
21707, 2619
2619, 19165
20718, 2620
2620, 13864
2620, 16045
29943, 2621
2621, 9746
13891, 2622
2622, 12167
12323, 2623
15396, 2623
2623, 16548
28532, 2624
2624, 17778
23377, 2625
2625, 15185
23155, 2626
2626, 11238
23931, 2627
2627, 19243
12790, 2628
2628, 16243
22359, 2629
2629, 21873
13640, 2630
20717, 2630
2630, 14905
2630, 21273
2630, 14137
2630, 28980
15125, 2631
2631, 9544
19754, 2632
2632, 20083
12195, 2633
2633, 27184
21698, 2634
2634, 19854
9892, 2635
2635, 22425
2635, 22142
2635, 26479
13605, 2636
2636, 19599
15313, 2637
2637, 11172
29223, 2638
2638, 18286
24130, 2639
2639, 19069
28354, 2640
2640, 26386
18990, 2641
2641, 19796
16212, 2642
2642, 19243
2642, 28104
22231, 2643
2643, 24930
13181, 2644
2644, 28794
18473, 2645
19465, 2645
11271, 2645
21133, 2645
19307, 2645
29849, 2645
2645, 20006
11473, 2646
2646, 20084
29805, 2647
2647, 20656
17709, 2648
2648, 17998
14578, 2649
19992, 2649
26722, 2649
2649, 14554
17719, 2650
2650, 30035
18495, 2651
2651, 14927
20200, 2652
26931, 2652
2652, 10965
9132, 2653
2653, 10068
13698, 2654
2654, 23849
17520, 2655
9674, 2655
25042, 2655
2655, 25399
24299, 2656
2656, 16873
24491, 2657
2657, 26288
9489, 2658
29400, 2658
2658, 12435
23265, 2659
13562, 2659
2659, 15355
2659, 17488
2659, 21399
2659, 20875
29493, 2660
2660, 15106
19513, 2661
2661, 18069
11733, 2662
2662, 12529
26046, 2663
2663, 19152
26914, 2664
2664, 22205
15553, 2665
16525, 2665
21390, 2665
13805, 2665
2665, 20564
19945, 2666
2666, 19031
10005, 2667
2667, 16267
16022, 2668
2668, 11388
2668, 27096
17311, 2669
2669, 27687
30100, 2670
2670, 17924
11390, 2671
13705, 2671
2671, 17974
29664, 2672
2672, 21349
29378, 2673
16218, 2673
2673, 24848
9113, 2674
2674, 10096
19456, 2675
2675, 15775
26803, 2676
2676, 9824
2676, 19231
29384, 2677
2677, 22258
16296, 2678
2678, 29538
2678, 27879
2678, 13395
13394, 2679
14767, 2679
2679, 9858
15577, 2680
2680, 23233
24054, 2681
2681, 28397
18051, 2682
2682, 19932
13333, 2683
2683, 16824
17018, 2684
2684, 22727
14427, 2685
28698, 2685
2685, 29399
28918, 2686
23420, 2686
22376, 2686
2686, 10250
2686, 15957
24120, 2687
2687, 22537
14982, 2688
2688, 10223
12013, 2689
19901, 2689
9363, 2689
2689, 13255
9641, 2690
2690, 11064
26969, 2691
2691, 27483
23672, 2692
2692, 19817
20189, 2693
2693, 26506
14673, 2694
2694, 17582
16921, 2695
2695, 27502
9974, 2696
2696, 17092
13465, 2697
2697, 14223
25729, 2698
2698, 18415
10936, 2699
22425, 2699
2699, 10774
22433, 2700
2700, 22505
18011, 2701
2701, 26053
17326, 2702
2702, 20257
29095, 2703
2703, 24836
14679, 2704
2704, 14487
10575, 2705
2705, 13407
12104, 2706
24528, 2706
17926, 2706
14740, 2706
30067, 2706
18914, 2706
30098, 2706
24217, 2706
2706, 15383
22836, 2707
2707, 15186
29943, 2708
2708, 18370
23688, 2709
2709, 11172
2709, 13724
2709, 24442
13101, 2710
2710, 28572
11903, 2711
2711, 29565
19514, 2712
2712, 18950
25543, 2713
2713, 30103
29943, 2714
2714, 16655
25340, 2715
2715, 19354
15760, 2716
2716, 28934
25811, 2717
2717, 26763
9378, 2718
2718, 16970
22192, 2719
2719, 18058
13101, 2720
2720, 29096
24159, 2721
2721, 26024
22807, 2722
13866, 2722
2722, 17990
28508, 2723
2723, 29020
23472, 2724
2724, 24757
25869, 2725
2725, 21147
19385, 2726
2726, 23148
19393, 2727
2727, 29179
21272, 2728
25646, 2728
29401, 2728
2728, 25362
2728, 14949
2728, 15358
20566, 2729
2729, 18413
11139, 2730
2730, 18237
15577, 2731
2731, 28765
11446, 2732
2732, 21915
14444, 2733
2733, 23410
11426, 2734
2734, 17303
27217, 2735
20816, 2735
25725, 2735
20979, 2735
20144, 2735
11475, 2735
22901, 2735
17902, 2735
11705, 2735
14006, 2735
12570, 2735
20326, 2735
21489, 2735
30096, 2735
13387, 2735
29732, 2735
11941, 2735
19761, 2735
15101, 2735
15428, 2735
21491, 2735
15785, 2735
12929, 2735
19814, 2735
13682, 2735
16436, 2735
21855, 2735
18487, 2735
10906, 2735
11863, 2735
19490, 2735
25850, 2735
24549, 2735
19376, 2735
23235, 2735
29057, 2735
20459, 2735
2735, 10939
2735, 22112
16480, 2736
2736, 24073
14619, 2737
2737, 14865
25414, 2738
2738, 9877
26588, 2739
2739, 21476
16031, 2740
2740, 10093
26465, 2741
2741, 10984
21732, 2742
2742, 28191
18018, 2743
2743, 22566
24836, 2744
10547, 2744
2744, 22346
29943, 2745
2745, 13794
16240, 2746
2746, 23004
14812, 2747
2747, 27736
23434, 2748
17490, 2748
15625, 2748
29565, 2748
10250, 2748
11623, 2748
2748, 11603
21417, 2749
18425, 2749
12787, 2749
29922, 2749
23957, 2749
28836, 2749
11519, 2749
27920, 2749
15911, 2749
2749, 28695
2749, 14767
29334, 2750
2750, 27704
2750, 13156
2750, 17666
15577, 2751
2751, 13429
25876, 2752
2752, 12419
2752, 9436
23598, 2753
2753, 21723
14537, 2754
27989, 2754
18308, 2754
19140, 2754
27317, 2754
2754, 14991
10944, 2755
2755, 11370
2755, 23021
11499, 2756
2756, 15493
15750, 2757
2757, 22297
2757, 27682
18700, 2758
2758, 26827
13198, 2759
16867, 2759
2759, 27265
27046, 2760
2760, 11072
24715, 2761
27413, 2761
25699, 2761
26206, 2761
2761, 17684
2761, 10794
22483, 2762
10820, 2762
2762, 25362
2762, 27081
2762, 10261
2762, 22295
15577, 2763
2763, 25147
14748, 2764
15618, 2764
2764, 28646
10245, 2765
2765, 11783
13816, 2766
2766, 23440
16138, 2767
2767, 19907
24592, 2768
12032, 2768
2768, 19984
20638, 2769
2769, 23776
21079, 2770
15625, 2770
2770, 13503
28553, 2771
2771, 21863
15768, 2772
2772, 29126
11912, 2773
2773, 24404
2773, 23317
29447, 2774
2774, 12410
12987, 2775
2775, 28503
23472, 2776
2776, 14118
28473, 2777
2777, 28090
11151, 2778
2778, 15109
2778, 25733
12400, 2779
2779, 10329
20872, 2780
2780, 29859
23075, 2781
2781, 9524
29433, 2782
2782, 25562
27716, 2783
2783, 25058
2783, 18986
2783, 26391
2783, 17462
2783, 23459
14835, 2784
20260, 2784
14692, 2784
12416, 2784
16336, 2784
2784, 10645
13807, 2785
2785, 17361
20686, 2786
2786, 18952
26820, 2787
25843, 2787
18449, 2787
2787, 22944
22178, 2788
2788, 9735
10777, 2789
2789, 15610
2789, 10953
27007, 2790
2790, 21097
24700, 2791
15972, 2791
2791, 15663
2791, 15499
22393, 2792
12400, 2792
2792, 10329
28635, 2793
2793, 24020
23510, 2794
2794, 22517
29977, 2795
2795, 22779
22091, 2796
2796, 25500
12494, 2797
29095, 2797
13062, 2797
2797, 15317
14276, 2798
2798, 13686
29943, 2799
2799, 20963
24187, 2800
2800, 29363
13701, 2801
2801, 13928
14690, 2802
19058, 2802
22200, 2802
23695, 2802
20670, 2802
29757, 2802
2802, 9656
17270, 2803
2803, 22332
28966, 2804
2804, 27581
26077, 2805
2805, 18152
2805, 12136
23537, 2806
2806, 19453
14977, 2807
2807, 27437
9727, 2808
11926, 2808
2808, 16418
25711, 2809
2809, 15262
17772, 2810
2810, 12459
20457, 2811
20391, 2811
22201, 2811
23181, 2811
20854, 2811
17430, 2811
12650, 2811
10682, 2811
25495, 2811
16389, 2811
23542, 2811
20747, 2811
11175, 2811
23572, 2811
20547, 2811
2811, 20553
26230, 2812
2812, 25901
29646, 2813
2813, 13327
13004, 2814
19327, 2814
2814, 28134
23366, 2815
2815, 16364
25013, 2816
2816, 10168
10384, 2817
2817, 11444
13241, 2818
2818, 25289
22176, 2819
2819, 26053
15577, 2820
2820, 9845
10825, 2821
29493, 2821
2821, 9697
22880, 2822
2822, 17979
25885, 2823
2823, 16512
12620, 2824
2824, 14133
22441, 2825
2825, 28498
12091, 2826
2826, 29565
2826, 23629
2826, 29773
14624, 2827
24852, 2827
30155, 2827
2827, 9435
19562, 2828
21872, 2828
13219, 2828
10895, 2828
11828, 2828
10973, 2828
2828, 17566
20197, 2829
2829, 9911
9104, 2830
2830, 24785
2830, 20796
11954, 2831
2831, 10894
9514, 2832
2832, 17130
17791, 2833
2833, 16500
15973, 2834
2834, 10811
10022, 2835
18195, 2835
2835, 21340
2835, 15643
2835, 16752
2835, 11078
2835, 23058
2835, 14785
28998, 2836
23679, 2836
2836, 30165
2836, 12430
2836, 16740
11199, 2837
16013, 2837
16642, 2837
29129, 2837
2837, 17175
2837, 12018
2837, 14829
24599, 2838
2838, 27725
26728, 2839
2839, 22898
27178, 2840
2840, 16946
17015, 2841
2841, 18955
16904, 2842
26746, 2842
29565, 2842
2842, 11430
16960, 2843
2843, 18308
9846, 2844
2844, 27520
15625, 2845
14794, 2845
2845, 22086
15577, 2846
2846, 28674
16241, 2847
15353, 2847
17404, 2847
12283, 2847
20477, 2847
11238, 2847
21197, 2847
10147, 2847
19830, 2847
26606, 2847
2847, 21112
12781, 2848
11172, 2848
27340, 2848
14464, 2848
19712, 2848
18952, 2848
20388, 2848
23505, 2848
14178, 2848
2848, 15850
12815, 2849
2849, 27888
11939, 2850
20433, 2850
15541, 2850
17909, 2850
2850, 15645
20833, 2851
2851, 9122
20585, 2852
2852, 20850
23819, 2853
2853, 25782
2853, 21476
22265, 2854
28067, 2854
24635, 2854
15133, 2854
2854, 17974
13851, 2855
25252, 2855
10106, 2855
10828, 2855
15355, 2855
22637, 2855
18718, 2855
16861, 2855
2855, 25565
2855, 29943
21157, 2856
25229, 2856
25996, 2856
27256, 2856
14901, 2856
24963, 2856
17470, 2856
29330, 2856
21275, 2856
23507, 2856
9944, 2856
24309, 2856
20726, 2856
21960, 2856
20575, 2856
14252, 2856
25074, 2856
29794, 2856
16508, 2856
18133, 2856
10061, 2856
11662, 2856
17853, 2856
10411, 2856
20278, 2856
21340, 2856
24765, 2856
20267, 2856
22658, 2856
23369, 2856
28923, 2856
10237, 2856
13940, 2856
27372, 2856
22470, 2856
22469, 2856
9765, 2856
16588, 2856
22179, 2856
17328, 2856
9415, 2856
29137, 2856
22562, 2856
12930, 2856
13630, 2856
12226, 2856
17562, 2856
28318, 2856
20079, 2856
24122, 2856
21845, 2856
13487, 2856
15222, 2856
19381, 2856
23207, 2856
11686, 2856
13800, 2856
13196, 2856
15643, 2856
10198, 2856
11437, 2856
16697, 2856
16902, 2856
19292, 2856
13717, 2856
27718, 2856
21488, 2856
12463, 2856
27163, 2856
23460, 2856
24648, 2856
20649, 2856
25077, 2856
21101, 2856
9732, 2856
13110, 2856
24322, 2856
22253, 2856
12101, 2856
24931, 2856
23645, 2856
19355, 2856
19030, 2856
20325, 2856
16817, 2856
9455, 2856
13674, 2856
26470, 2856
9332, 2856
16847, 2856
13433, 2856
11032, 2856
11202, 2856
23480, 2856
12398, 2856
13846, 2856
20589, 2856
19270, 2856
22757, 2856
26584, 2856
29700, 2856
13279, 2856
21661, 2856
25448, 2856
16752, 2856
17606, 2856
12333, 2856
19040, 2856
26472, 2856
18307, 2856
11909, 2856
27424, 2856
14797, 2856
24846, 2856
11322, 2856
20591, 2856
28207, 2856
24744, 2856
27456, 2856
15817, 2856
26085, 2856
28599, 2856
26234, 2856
26512, 2856
16901, 2856
23125, 2856
19042, 2856
23959, 2856
9588, 2856
24070, 2856
28944, 2856
16277, 2856
15773, 2856
27195, 2856
17565, 2856
20445, 2856
27782, 2856
25984, 2856
24399, 2856
28819, 2856
9599, 2856
27683, 2856
23467, 2856
27952, 2856
11989, 2856
26933, 2856
30043, 2856
27201, 2856
28472, 2856
18763, 2856
29949, 2856
12603, 2856
13103, 2856
17294, 2856
24373, 2856
18280, 2856
27682, 2856
11078, 2856
21327, 2856
10846, 2856
13753, 2856
28565, 2856
14831, 2856
16963, 2856
29390, 2856
21513, 2856
26195, 2856
12576, 2856
11704, 2856
10999, 2856
17523, 2856
23682, 2856
28374, 2856
17445, 2856
10782, 2856
13526, 2856
24105, 2856
26200, 2856
17140, 2856
14878, 2856
28331, 2856
26776, 2856
24505, 2856
21784, 2856
13240, 2856
27902, 2856
24627, 2856
22075, 2856
21205, 2856
14058, 2856
24394, 2856
22222, 2856
12148, 2856
14782, 2856
20487, 2856
28648, 2856
28778, 2856
29466, 2856
10860, 2856
25382, 2856
10515, 2856
11625, 2856
26093, 2856
28681, 2856
10015, 2856
11005, 2856
23008, 2856
22116, 2856
10254, 2856
28122, 2856
16310, 2856
12920, 2856
28434, 2856
9657, 2856
16408, 2856
16395, 2856
17725, 2856
25793, 2856
12077, 2856
26466, 2856
18890, 2856
24657, 2856
16981, 2856
15160, 2856
24210, 2856
14419, 2856
22907, 2856
28690, 2856
16190, 2856
21391, 2856
28935, 2856
14465, 2856
14407, 2856
15330, 2856
19222, 2856
10079, 2856
16828, 2856
15497, 2856
10982, 2856
13285, 2856
24973, 2856
23058, 2856
26884, 2856
21750, 2856
22041, 2856
17644, 2856
26435, 2856
14785, 2856
9414, 2856
16200, 2856
25112, 2856
16462, 2856
21838, 2856
13850, 2856
20387, 2856
12374, 2856
24361, 2856
10581, 2856
9708, 2856
21559, 2856
30125, 2856
21414, 2856
17339, 2856
13858, 2856
13760, 2856
11447, 2856
29394, 2856
22672, 2856
24190, 2856
9116, 2856
15944, 2856
11193, 2856
17935, 2856
14390, 2856
14640, 2856
11518, 2856
26797, 2856
11384, 2856
27731, 2856
23381, 2856
20331, 2856
20881, 2856
11451, 2856
10265, 2856
18219, 2856
21151, 2856
27600, 2856
21939, 2856
26149, 2856
11464, 2856
9948, 2856
11990, 2856
18567, 2856
14657, 2856
18297, 2856
18031, 2856
27303, 2856
21175, 2856
23752, 2856
19789, 2856
2856, 30136
14168, 2857
2857, 20775
30129, 2858
2858, 12276
27852, 2859
2859, 21152
11459, 2860
18282, 2860
2860, 12092
17553, 2861
2861, 13496
21233, 2862
2862, 21997
13614, 2863
9590, 2863
2863, 26551
22957, 2864
20501, 2864
18952, 2864
11883, 2864
9363, 2864
2864, 27381
22446, 2865
22581, 2865
2865, 13265
21814, 2866
2866, 11908
2866, 29915
2866, 17673
2866, 19177
19798, 2867
2867, 17526
2867, 17404
28972, 2868
19331, 2868
2868, 24756
29490, 2869
2869, 18460
12400, 2870
2870, 10329
26724, 2871
2871, 19384
27162, 2872
2872, 25836
2872, 21945
2872, 10557
26152, 2873
2873, 11642
29943, 2874
2874, 20456
11261, 2875
2875, 24876
16041, 2876
18952, 2876
2876, 27171
28603, 2877
2877, 20136
20312, 2878
2878, 21169
10942, 2879
16233, 2879
2879, 25031
16369, 2880
2880, 17387
15995, 2881
2881, 20463
18889, 2882
2882, 13576
22994, 2883
2883, 12973
9285, 2884
19604, 2884
10626, 2884
29327, 2884
27452, 2884
2884, 10634
16853, 2885
14029, 2885
2885, 23209
27342, 2886
2886, 27651
22690, 2887
16093, 2887
13004, 2887
29146, 2887
11868, 2887
17692, 2887
14995, 2887
11644, 2887
17433, 2887
17234, 2887
27332, 2887
29952, 2887
28508, 2887
11198, 2887
20148, 2887
27854, 2887
18167, 2887
27842, 2887
21514, 2887
19384, 2887
28907, 2887
20390, 2887
17316, 2887
10693, 2887
20749, 2887
29192, 2887
10329, 2887
19986, 2887
23219, 2887
25888, 2887
19005, 2887
16949, 2887
14695, 2887
21263, 2887
10747, 2887
21035, 2887
22814, 2887
21476, 2887
26703, 2887
16244, 2887
16434, 2887
21538, 2887
11370, 2887
25666, 2887
13304, 2887
15927, 2887
20089, 2887
26391, 2887
16332, 2887
19484, 2887
17767, 2887
25496, 2887
13275, 2887
11314, 2887
24734, 2887
13068, 2887
23718, 2887
15663, 2887
15671, 2887
21102, 2887
19526, 2887
10697, 2887
11510, 2887
9289, 2887
22741, 2887
10645, 2887
20681, 2887
14255, 2887
21748, 2887
17956, 2887
20477, 2887
19090, 2887
11238, 2887
21541, 2887
22205, 2887
27371, 2887
29480, 2887
15851, 2887
13515, 2887
18183, 2887
26389, 2887
27336, 2887
14549, 2887
12382, 2887
25880, 2887
27490, 2887
22681, 2887
28577, 2887
26881, 2887
9569, 2887
15674, 2887
19107, 2887
23697, 2887
9469, 2887
13055, 2887
22154, 2887
29649, 2887
15983, 2887
21563, 2887
17303, 2887
24723, 2887
21220, 2887
15561, 2887
27150, 2887
29695, 2887
10450, 2887
21309, 2887
9298, 2887
22647, 2887
19547, 2887
25428, 2887
18284, 2887
11763, 2887
12281, 2887
15861, 2887
21751, 2887
13039, 2887
11815, 2887
18565, 2887
27167, 2887
27686, 2887
21841, 2887
17128, 2887
10409, 2887
14767, 2887
14540, 2887
11235, 2887
11413, 2887
27107, 2887
26443, 2887
27659, 2887
22459, 2887
22334, 2887
25659, 2887
24839, 2887
17051, 2887
9590, 2887
14954, 2887
12496, 2887
12227, 2887
25147, 2887
14178, 2887
17944, 2887
2887, 18938
29943, 2888
2888, 26593
16089, 2889
2889, 9614
23099, 2890
2890, 18736
15577, 2891
2891, 26197
19225, 2892
21482, 2892
23596, 2892
28229, 2892
27502, 2892
15682, 2892
29365, 2892
17979, 2892
13256, 2892
13399, 2892
23067, 2892
16557, 2892
10231, 2892
17639, 2892
14248, 2892
23088, 2892
11529, 2892
18460, 2892
10499, 2892
15351, 2892
18471, 2892
26219, 2892
25897, 2892
24636, 2892
20049, 2892
19250, 2892
19309, 2892
28931, 2892
10396, 2892
28826, 2892
28474, 2892
18718, 2892
17259, 2892
12967, 2892
15862, 2892
21866, 2892
11240, 2892
15611, 2892
14585, 2892
11853, 2892
26371, 2892
14349, 2892
10623, 2892
10316, 2892
14913, 2892
22839, 2892
25817, 2892
25221, 2892
24868, 2892
28187, 2892
26741, 2892
26233, 2892
22920, 2892
13755, 2892
19498, 2892
11771, 2892
9781, 2892
24085, 2892
18331, 2892
22900, 2892
29897, 2892
16201, 2892
19452, 2892
26997, 2892
10993, 2892
17162, 2892
9333, 2892
28228, 2892
14223, 2892
24234, 2892
19097, 2892
22227, 2892
16334, 2892
22625, 2892
11287, 2892
13252, 2892
13505, 2892
24747, 2892
12435, 2892
15616, 2892
24461, 2892
16940, 2892
15644, 2892
24162, 2892
12220, 2892
17684, 2892
13197, 2892
23317, 2892
27472, 2892
16090, 2892
13100, 2892
22488, 2892
16331, 2892
19427, 2892
29299, 2892
16912, 2892
11260, 2892
26366, 2892
13025, 2892
18234, 2892
14431, 2892
9988, 2892
20601, 2892
12326, 2892
16429, 2892
25644, 2892
24879, 2892
12126, 2892
22168, 2892
18678, 2892
27535, 2892
23442, 2892
14519, 2892
21204, 2892
23228, 2892
16073, 2892
19258, 2892
23105, 2892
14922, 2892
14306, 2892
28719, 2892
12910, 2892
18759, 2892
26121, 2892
10872, 2892
14998, 2892
27486, 2892
17482, 2892
17899, 2892
25546, 2892
29241, 2892
20364, 2892
27809, 2892
29135, 2892
12578, 2892
25985, 2892
22683, 2892
17493, 2892
17974, 2892
29749, 2892
14932, 2892
13159, 2892
20933, 2892
10794, 2892
27679, 2892
20136, 2892
26024, 2892
28284, 2892
17394, 2892
11289, 2892
29503, 2892
14912, 2892
27990, 2892
10975, 2892
23987, 2892
23781, 2892
20918, 2892
12826, 2892
24393, 2892
9614, 2892
24664, 2892
14927, 2892
20746, 2892
24892, 2892
17999, 2892
18634, 2892
21873, 2892
18955, 2892
16062, 2892
16736, 2892
24482, 2892
11673, 2892
23642, 2892
14100, 2892
15310, 2892
23072, 2892
21174, 2892
17424, 2892
23022, 2892
10353, 2892
21006, 2892
16058, 2892
21047, 2892
22837, 2892
18790, 2892
12989, 2892
12131, 2892
28148, 2892
24595, 2892
11259, 2892
15113, 2892
13496, 2892
16510, 2892
23821, 2892
11288, 2892
25430, 2892
14645, 2892
22453, 2892
13424, 2892
19857, 2892
22964, 2892
28448, 2892
21545, 2892
27205, 2892
26876, 2892
27508, 2892
22854, 2892
13034, 2892
27383, 2892
30004, 2892
25252, 2892
17887, 2892
2892, 29943
2892, 29246
27894, 2893
2893, 23386
27443, 2894
20397, 2894
28937, 2894
2894, 16060
27322, 2895
19117, 2895
17775, 2895
29506, 2895
13617, 2895
23668, 2895
26419, 2895
12016, 2895
25950, 2895
30110, 2895
9653, 2895
9845, 2895
28153, 2895
11918, 2895
22685, 2895
14441, 2895
16677, 2895
28870, 2895
23093, 2895
28878, 2895
26083, 2895
13657, 2895
10241, 2895
29224, 2895
26983, 2895
24523, 2895
20435, 2895
27170, 2895
13291, 2895
18723, 2895
26441, 2895
23610, 2895
24038, 2895
10230, 2895
28947, 2895
18286, 2895
27103, 2895
26044, 2895
10105, 2895
27723, 2895
27626, 2895
22252, 2895
26508, 2895
29730, 2895
11783, 2895
17608, 2895
19984, 2895
27348, 2895
18168, 2895
17569, 2895
12971, 2895
16329, 2895
27719, 2895
26403, 2895
22617, 2895
15459, 2895
18317, 2895
10313, 2895
2895, 25634
20830, 2896
9824, 2896
27854, 2896
21476, 2896
9459, 2896
11512, 2896
17821, 2896
20002, 2896
12666, 2896
12673, 2896
24515, 2896
15837, 2896
9883, 2896
28660, 2896
15861, 2896
19830, 2896
27955, 2896
21827, 2896
27316, 2896
2896, 21880
19066, 2897
2897, 26265
26132, 2898
27393, 2898
20710, 2898
15626, 2898
14501, 2898
29010, 2898
19737, 2898
30108, 2898
19716, 2898
23346, 2898
2898, 15671
24090, 2899
19730, 2899
2899, 14600
30026, 2900
2900, 24523
29235, 2901
2901, 12464
2901, 12036
24374, 2902
13828, 2902
2902, 22862
2902, 11855
2902, 23109
28329, 2903
11556, 2903
22043, 2903
2903, 28997
9448, 2904
2904, 21401
19263, 2905
2905, 25608
25324, 2906
2906, 17150
2906, 20815
27808, 2907
2907, 11547
15027, 2908
2908, 26403
18577, 2909
2909, 16736
14010, 2910
2910, 12013
2910, 24040
25057, 2911
2911, 26250
29267, 2912
2912, 25510
20583, 2913
2913, 15157
15768, 2914
2914, 29126
28649, 2915
2915, 14543
9495, 2916
2916, 9545
28979, 2917
2917, 22485
17165, 2918
2918, 22964
20293, 2919
2919, 16762
22808, 2920
2920, 19258
20740, 2921
26935, 2921
2921, 10271
29943, 2922
2922, 17516
27279, 2923
12899, 2923
2923, 27486
17018, 2924
2924, 24965
2924, 19857
10707, 2925
2925, 13378
24168, 2926
2926, 18166
2926, 19262
2926, 22335
2926, 11259
12121, 2927
2927, 22382
2927, 29477
16383, 2928
2928, 11188
15401, 2929
2929, 10353
22280, 2930
2930, 27895
19689, 2931
2931, 18955
11568, 2932
2932, 12277
21997, 2933
14026, 2933
2933, 13691
15797, 2934
14341, 2934
2934, 23682
2934, 13760
29943, 2935
2935, 13637
16907, 2936
2936, 24737
2936, 27628
28915, 2937
26419, 2937
29852, 2937
15034, 2937
26851, 2937
29521, 2937
16129, 2937
11649, 2937
16719, 2937
29996, 2937
13235, 2937
23432, 2937
21957, 2937
27395, 2937
16829, 2937
19326, 2937
14506, 2937
11375, 2937
17813, 2937
29465, 2937
14294, 2937
21367, 2937
21573, 2937
14644, 2937
23786, 2937
9497, 2937
18609, 2937
28699, 2937
14967, 2937
18024, 2937
12820, 2937
23565, 2937
14974, 2937
18502, 2937
2937, 18735
25213, 2938
2938, 11665
22690, 2939
21152, 2939
26735, 2939
2939, 22985
14128, 2940
2940, 19101
26961, 2941
2941, 28656
12659, 2942
2942, 27234
2942, 13877
2942, 25199
13816, 2943
2943, 23440
26076, 2944
2944, 28905
2944, 13719
29943, 2945
2945, 24597
10012, 2946
2946, 22540
18577, 2947
2947, 30004
14875, 2948
2948, 10694
2948, 14377
2948, 21476
2948, 22043
2948, 14886
24599, 2949
2949, 27725
16600, 2950
10029, 2950
2950, 18757
2950, 15174
26798, 2951
20701, 2951
2951, 24412
24773, 2952
2952, 21905
27293, 2953
2953, 22142
2953, 28238
2953, 9310
24847, 2954
2954, 17673
19532, 2955
2955, 26611
25162, 2956
2956, 9332
2956, 24361
22315, 2957
2957, 23728
2957, 18961
2957, 23657
2957, 30028
2957, 19725
24279, 2958
2958, 20270
13604, 2959
2959, 15837
29943, 2960
2960, 11551
29943, 2961
2961, 29368
21190, 2962
11993, 2962
17615, 2962
23414, 2962
29922, 2962
2962, 16235
2962, 16893
2962, 10360
9905, 2963
2963, 19052
30102, 2964
2964, 15783
2964, 16419
27773, 2965
2965, 24793
26724, 2966
2966, 19384
29095, 2967
2967, 27442
26190, 2968
25578, 2968
28224, 2968
12869, 2968
28265, 2968
21505, 2968
25364, 2968
27027, 2968
18467, 2968
28319, 2968
17249, 2968
21892, 2968
15391, 2968
13195, 2968
24026, 2968
17590, 2968
20853, 2968
27196, 2968
26926, 2968
20533, 2968
29051, 2968
19905, 2968
15740, 2968
16855, 2968
15448, 2968
29423, 2968
11341, 2968
9745, 2968
28160, 2968
23520, 2968
12489, 2968
17033, 2968
10386, 2968
29651, 2968
25267, 2968
25664, 2968
26456, 2968
17204, 2968
16605, 2968
16160, 2968
14888, 2968
14743, 2968
23886, 2968
17674, 2968
15224, 2968
11419, 2968
25712, 2968
16862, 2968
19972, 2968
22221, 2968
25986, 2968
19261, 2968
13662, 2968
9353, 2968
12521, 2968
21264, 2968
19305, 2968
12644, 2968
29209, 2968
25744, 2968
14943, 2968
19975, 2968
19553, 2968
25373, 2968
12824, 2968
24566, 2968
11958, 2968
14884, 2968
20795, 2968
16841, 2968
25803, 2968
13677, 2968
14588, 2968
26070, 2968
20190, 2968
22700, 2968
12631, 2968
2968, 19281
2968, 28427
16818, 2969
2969, 22964
25800, 2970
18952, 2970
11102, 2970
2970, 9396
20056, 2971
2971, 22380
29255, 2972
2972, 27363
2972, 16457
2972, 12355
16353, 2973
2973, 29062
2973, 25202
20888, 2974
2974, 28984
29708, 2975
2975, 24051
25096, 2976
24071, 2976
17154, 2976
12260, 2976
18073, 2976
26319, 2976
13710, 2976
18309, 2976
11985, 2976
19016, 2976
20432, 2976
26967, 2976
15342, 2976
28052, 2976
2976, 15814
29333, 2977
10678, 2977
2977, 10956
14988, 2978
12229, 2978
21089, 2978
10670, 2978
25747, 2978
15010, 2978
22515, 2978
2978, 19674
2978, 14549
2978, 20741
2978, 20358
26559, 2979
2979, 16661
15516, 2980
2980, 10396
2980, 16819
2980, 25985
21644, 2981
28216, 2981
2981, 11766
23478, 2982
2982, 12880
11290, 2983
2983, 10329
13410, 2984
2984, 11009
19587, 2985
2985, 28561
23120, 2986
2986, 28273
29744, 2987
22541, 2987
22546, 2987
20488, 2987
21380, 2987
2987, 10721
20311, 2988
27098, 2988
2988, 18168
27194, 2989
2989, 21349
2989, 26652
2989, 17491
2989, 22549
15419, 2990
2990, 28668
11786, 2991
2991, 22614
13471, 2992
29240, 2992
2992, 21907
18577, 2993
2993, 21575
15127, 2994
2994, 28128
26601, 2995
2995, 26928
19753, 2996
12384, 2996
2996, 10523
19397, 2997
2997, 16020
15512, 2998
2998, 22353
15577, 2999
2999, 15990
17217, 3000
3000, 11172
23938, 3001
3001, 27699
30024, 3002
3002, 21434
3002, 19064
20631, 3003
3003, 26492
19682, 3004
3004, 29609
12011, 3005
3005, 25819
9153, 3006
3006, 19882
14036, 3007
13544, 3007
27622, 3007
3007, 27153
3007, 16689
24862, 3008
3008, 23809
9383, 3009
21871, 3009
21956, 3009
17706, 3009
24729, 3009
3009, 27686
3009, 28229
3009, 25362
24477, 3010
3010, 20051
23879, 3011
3011, 25967
3011, 21284
3011, 12823
3011, 26330
24333, 3012
17062, 3012
16993, 3012
28658, 3012
15985, 3012
21306, 3012
22993, 3012
3012, 29943
25188, 3013
3013, 22812
3013, 17112
12641, 3014
3014, 15663
3014, 9155
14969, 3015
3015, 14186
24860, 3016
3016, 29064
3016, 20270
3016, 12966
22433, 3017
3017, 14532
3017, 23307
20524, 3018
3018, 12848
29943, 3019
3019, 18818
12618, 3020
22769, 3020
9158, 3020
13083, 3020
17293, 3020
21108, 3020
25913, 3020
3020, 9408
17109, 3021
3021, 23869
29943, 3022
3022, 15571
11181, 3023
21357, 3023
3023, 16244
3023, 13853
10388, 3024
12410, 3024
23210, 3024
25484, 3024
28680, 3024
18214, 3024
9999, 3024
24597, 3024
12579, 3024
25065, 3024
27634, 3024
10168, 3024
28849, 3024
11214, 3024
25070, 3024
21861, 3024
23093, 3024
29756, 3024
17416, 3024
29928, 3024
20818, 3024
13569, 3024
11351, 3024
18499, 3024
20043, 3024
23127, 3024
16776, 3024
13568, 3024
25990, 3024
29363, 3024
15814, 3024
11884, 3024
12051, 3024
26239, 3024
21837, 3024
14781, 3024
14608, 3024
30048, 3024
22597, 3024
23882, 3024
26985, 3024
25407, 3024
15900, 3024
18370, 3024
19453, 3024
18128, 3024
9323, 3024
9169, 3024
13785, 3024
27856, 3024
19244, 3024
29368, 3024
24601, 3024
30120, 3024
18361, 3024
18317, 3024
3024, 21266
12343, 3025
3025, 24868
22117, 3026
17361, 3026
3026, 9729
14433, 3027
20791, 3027
3027, 17661
3027, 17117
22624, 3028
3028, 24092
12969, 3029
3029, 11278
27270, 3030
3030, 23109
26556, 3031
3031, 19203
20254, 3032
3032, 14540
27320, 3033
3033, 14406
3033, 20570
14528, 3034
3034, 11321
3034, 16347
25313, 3035
3035, 21936
13101, 3036
3036, 25751
24844, 3037
3037, 25983
21061, 3038
3038, 21676
3038, 11517
25826, 3039
3039, 27514
23016, 3040
23873, 3040
29673, 3040
3040, 22839
29943, 3041
3041, 21310
15824, 3042
13631, 3042
3042, 21973
3042, 20471
3042, 23270
3042, 13228
3042, 15915
3042, 12481
16019, 3043
3043, 28616
14492, 3044
3044, 27640
26898, 3045
9569, 3045
3045, 21315
29943, 3046
3046, 10236
26043, 3047
3047, 22948
3047, 17755
13448, 3048
3048, 27557
22287, 3049
3049, 29938
30130, 3050
11366, 3050
27379, 3050
12085, 3050
3050, 14323
16916, 3051
3051, 26537
3051, 16968
18977, 3052
3052, 27989
3052, 24442
18598, 3053
3053, 29016
3053, 16747
15577, 3054
3054, 23962
22565, 3055
3055, 10681
16574, 3056
3056, 18389
3056, 16085
20226, 3057
3057, 27186
19866, 3058
3058, 26902
25121, 3059
3059, 9569
16511, 3060
3060, 18159
11504, 3061
3061, 12594
9486, 3062
3062, 23274
17951, 3063
3063, 15994
3063, 19399
28985, 3064
3064, 15291
25319, 3065
3065, 13500
14374, 3066
3066, 14086
15048, 3067
3067, 20693
16125, 3068
3068, 25252
14460, 3069
19257, 3069
10527, 3069
3069, 29465
10712, 3070
3070, 21146
18163, 3071
3071, 28331
27916, 3072
3072, 23014
26621, 3073
3073, 22425
3073, 29952
3073, 24442
3073, 13039
15464, 3074
3074, 13554
22464, 3075
3075, 15563
17599, 3076
3076, 9614
13303, 3077
3077, 26556
15516, 3078
3078, 10679
3078, 25883
13054, 3079
3079, 25602
3079, 15711
25824, 3080
16098, 3080
14803, 3080
22949, 3080
3080, 24392
29943, 3081
3081, 14080
12199, 3082
27212, 3082
3082, 12126
3082, 9944
17356, 3083
3083, 28508
21598, 3084
3084, 24878
3084, 10724
3084, 20595
29943, 3085
3085, 15418
29121, 3086
29724, 3086
16685, 3086
28850, 3086
20346, 3086
23057, 3086
24822, 3086
28771, 3086
23162, 3086
10967, 3086
26946, 3086
12161, 3086
29617, 3086
26090, 3086
15059, 3086
16289, 3086
27740, 3086
28589, 3086
28591, 3086
18176, 3086
29288, 3086
13950, 3086
10435, 3086
22967, 3086
17747, 3086
16032, 3086
10554, 3086
13078, 3086
9306, 3086
21016, 3086
24321, 3086
16211, 3086
21779, 3086
23986, 3086
26947, 3086
9462, 3086
25523, 3086
13637, 3086
21540, 3086
29583, 3086
27017, 3086
28547, 3086
11291, 3086
19112, 3086
12582, 3086
19098, 3086
9685, 3086
9819, 3086
27239, 3086
16814, 3086
19449, 3086
29613, 3086
21385, 3086
20995, 3086
13149, 3086
21114, 3086
17865, 3086
12340, 3086
20781, 3086
25574, 3086
11244, 3086
27388, 3086
25422, 3086
18618, 3086
27426, 3086
25135, 3086
14768, 3086
28666, 3086
16194, 3086
25409, 3086
9913, 3086
19129, 3086
15198, 3086
10633, 3086
16792, 3086
28163, 3086
28516, 3086
17467, 3086
27043, 3086
13761, 3086
20474, 3086
28188, 3086
28324, 3086
22362, 3086
15518, 3086
11713, 3086
26096, 3086
28874, 3086
16620, 3086
15394, 3086
16407, 3086
17948, 3086
10544, 3086
28908, 3086
22969, 3086
23393, 3086
14193, 3086
22869, 3086
18177, 3086
3086, 24424
19948, 3087
3087, 22978
22807, 3088
23884, 3088
3088, 18737
23761, 3089
3089, 28151
3089, 27683
3089, 11005
27925, 3090
3090, 11813
20500, 3091
3091, 18955
20304, 3092
3092, 23951
21323, 3093
11069, 3093
3093, 28625
27808, 3094
3094, 11547
27992, 3095
3095, 13537
13731, 3096
3096, 9284
13101, 3097
3097, 19279
12233, 3098
24142, 3098
3098, 25439
12237, 3099
3099, 19830
17325, 3100
3100, 29371
17951, 3101
29493, 3101
3101, 27472
3101, 24207
13771, 3102
3102, 15326
13101, 3103
3103, 14418
18325, 3104
3104, 20794
16567, 3105
21899, 3105
29095, 3105
17036, 3105
25654, 3105
3105, 25330
24600, 3106
3106, 27448
13816, 3107
3107, 21953
26056, 3108
18543, 3108
3108, 25229
25909, 3109
3109, 29179
17034, 3110
3110, 11254
22572, 3111
3111, 27102
18089, 3112
3112, 11477
12866, 3113
3113, 26990
3113, 25645
9817, 3114
28003, 3114
3114, 11873
18713, 3115
3115, 20161
3115, 28660
3115, 24494
9706, 3116
3116, 16388
24225, 3117
3117, 17132
23898, 3118
3118, 21402
16511, 3119
3119, 11759
3119, 16962
26614, 3120
3120, 24031
3120, 11686
24299, 3121
3121, 16873
26527, 3122
3122, 16658
22892, 3123
3123, 21994
19351, 3124
3124, 23032
3124, 10930
21933, 3125
3125, 12167
15032, 3126
3126, 18186
26608, 3127
3127, 9111
29943, 3128
3128, 14379
12585, 3129
3129, 22366
14993, 3130
21120, 3130
11008, 3130
3130, 18669
3130, 25362
17954, 3131
27633, 3131
3131, 24021
24693, 3132
3132, 13953
3132, 21841
20308, 3133
3133, 30142
29179, 3134
26197, 3134
3134, 21239
21087, 3135
3135, 11493
17682, 3136
3136, 22712
21680, 3137
21555, 3137
3137, 11794
10893, 3138
3138, 27867
15620, 3139
3139, 20054
18115, 3140
3140, 25042
27785, 3141
18429, 3141
27444, 3141
20338, 3141
14146, 3141
17708, 3141
3141, 14004
21468, 3142
3142, 20642
11669, 3143
3143, 14651
3143, 29531
27759, 3144
3144, 24055
26666, 3145
3145, 23059
14576, 3146
3146, 19839
13317, 3147
3147, 11303
21081, 3148
3148, 28045
24638, 3149
3149, 29744
3149, 26373
22136, 3150
3150, 24244
20812, 3151
3151, 11477
18018, 3152
3152, 22566
9322, 3153
13378, 3153
23595, 3153
3153, 21304
27365, 3154
23621, 3154
3154, 25917
16926, 3155
3155, 19816
3155, 18805
13396, 3156
3156, 19327
3156, 25395
22705, 3157
3157, 14215
20585, 3158
3158, 20850
11706, 3159
28135, 3159
3159, 18521
15577, 3160
3160, 10552
16119, 3161
3161, 19781
17610, 3162
16430, 3162
3162, 9698
3162, 16205
11579, 3163
3163, 25019
14161, 3164
3164, 25019
10042, 3165
3165, 18773
26728, 3166
14342, 3166
20076, 3166
3166, 15738
15870, 3167
27031, 3167
12673, 3167
23582, 3167
28273, 3167
3167, 23186
26092, 3168
3168, 15232
23099, 3169
3169, 18736
30023, 3170
3170, 19953
27025, 3171
3171, 17490
26771, 3172
3172, 20268
18256, 3173
3173, 29536
18622, 3174
3174, 25396
22995, 3175
3175, 14255
10242, 3176
10655, 3176
21929, 3176
21256, 3176
12296, 3176
10562, 3176
3176, 26071
16950, 3177
3177, 10187
24641, 3178
3178, 15124
15242, 3179
15050, 3179
3179, 20507
16922, 3180
3180, 20341
23472, 3181
3181, 23171
29566, 3182
3182, 17518
10446, 3183
3183, 26375
16764, 3184
3184, 29841
13469, 3185
14658, 3185
3185, 17091
15845, 3186
23188, 3186
16688, 3186
15966, 3186
3186, 13327
22719, 3187
3187, 15354
27997, 3188
3188, 28557
13187, 3189
27119, 3189
3189, 18955
11216, 3190
3190, 28759
11825, 3191
3191, 14091
9696, 3192
3192, 11308
11294, 3193
3193, 10975
27972, 3194
3194, 15711
3194, 27634
29943, 3195
3195, 20138
13816, 3196
3196, 23440
19294, 3197
3197, 28352
25390, 3198
3198, 13293
3198, 19231
3198, 12897
16511, 3199
3199, 21395
3199, 18831
3199, 22109
27578, 3200
11127, 3200
28206, 3200
20330, 3200
19113, 3200
13000, 3200
13926, 3200
29679, 3200
29351, 3200
3200, 19882
12038, 3201
3201, 19656
20613, 3202
3202, 20049
3202, 16493
3202, 11418
3202, 29840
12585, 3203
3203, 22366
26312, 3204
10451, 3204
15045, 3204
15914, 3204
12898, 3204
14105, 3204
10320, 3204
3204, 13327
29692, 3205
3205, 9591
25987, 3206
3206, 21729
12311, 3207
3207, 13920
10458, 3208
3208, 9504
15528, 3209
3209, 9898
24293, 3210
3210, 17524
3210, 24682
21493, 3211
16440, 3211
16154, 3211
3211, 13399
27885, 3212
9998, 3212
3212, 11813
18295, 3213
3213, 15267
19600, 3214
3214, 25940
17224, 3215
3215, 13283
13057, 3216
9536, 3216
3216, 10135
3216, 28761
3216, 10466
3216, 27302
3216, 23002
10577, 3217
3217, 19020
19043, 3218
3218, 17259
25530, 3219
3219, 22841
27956, 3220
3220, 11477
28011, 3221
3221, 25042
13317, 3222
3222, 11303
10995, 3223
14822, 3223
3223, 27987
19804, 3224
3224, 9988
21187, 3225
3225, 27648
13866, 3226
10657, 3226
3226, 20715
25609, 3227
17543, 3227
25442, 3227
12093, 3227
25632, 3227
11856, 3227
3227, 23821
21678, 3228
3228, 9512
23827, 3229
3229, 25944
27971, 3230
3230, 22681
3230, 28294
18736, 3231
3231, 11591
3231, 10574
9636, 3232
3232, 27409
26023, 3233
3233, 16248
29943, 3234
3234, 27703
15970, 3235
3235, 18544
29728, 3236
23151, 3236
20759, 3236
3236, 17026
17936, 3237
12663, 3237
14281, 3237
9254, 3237
3237, 26741
3237, 15100
3237, 28026
29943, 3238
3238, 23670
3238, 28779
13101, 3239
3239, 10367
3239, 24920
3239, 16984
9851, 3240
3240, 15851
11021, 3241
15709, 3241
3241, 25642
10566, 3242
14602, 3242
3242, 13399
13861, 3243
3243, 23360
3243, 19134
17355, 3244
3244, 23142
23254, 3245
3245, 18794
9704, 3246
3246, 15642
14134, 3247
3247, 22219
3247, 27776
10097, 3248
23811, 3248
3248, 15333
14300, 3249
11987, 3249
24937, 3249
3249, 13599
10102, 3250
3250, 27031
3250, 16066
18950, 3251
27593, 3251
3251, 27263
9973, 3252
3252, 20377
23956, 3253
3253, 10353
22925, 3254
27462, 3254
27855, 3254
25734, 3254
28846, 3254
3254, 22875
13430, 3255
3255, 21514
3255, 28907
3255, 19428
17766, 3256
3256, 20765
3256, 12762
3256, 18920
3256, 26744
12948, 3257
3257, 29240
3257, 18264
23104, 3258
3258, 25316
29059, 3259
3259, 22120
3259, 14167
21782, 3260
18850, 3260
3260, 16073
16099, 3261
3261, 11510
28848, 3262
3262, 28621
12843, 3263
3263, 29552
24097, 3264
3264, 22882
9912, 3265
3265, 13025
14821, 3266
3266, 14995
25539, 3267
3267, 18407
22657, 3268
13237, 3268
3268, 29681
3268, 25439
3268, 16269
16874, 3269
3269, 29744
3269, 21380
29519, 3270
3270, 13483
3270, 9590
3270, 12496
3270, 28003
3270, 12945
3270, 30079
19473, 3271
3271, 12497
13752, 3272
3272, 24647
15963, 3273
3273, 23443
29261, 3274
16674, 3274
22036, 3274
16584, 3274
3274, 17684
23367, 3275
25089, 3275
3275, 16575
11757, 3276
3276, 19347
24003, 3277
3277, 14770
3277, 28778
24837, 3278
22690, 3278
23233, 3278
29126, 3278
27428, 3278
29538, 3278
22425, 3278
23443, 3278
12627, 3278
19243, 3278
25381, 3278
17234, 3278
19637, 3278
26238, 3278
19036, 3278
12360, 3278
29120, 3278
18811, 3278
16581, 3278
11684, 3278
9963, 3278
11356, 3278
14537, 3278
26479, 3278
11058, 3278
16721, 3278
14881, 3278
18893, 3278
22258, 3278
12425, 3278
29905, 3278
23590, 3278
14676, 3278
25136, 3278
27989, 3278
11321, 3278
26546, 3278
24157, 3278
22507, 3278
17491, 3278
12995, 3278
20251, 3278
25093, 3278
26800, 3278
17490, 3278
21604, 3278
16743, 3278
26766, 3278
23396, 3278
26389, 3278
29932, 3278
18952, 3278
13394, 3278
16361, 3278
23151, 3278
9726, 3278
23750, 3278
13794, 3278
9225, 3278
28253, 3278
14026, 3278
21966, 3278
24927, 3278
19869, 3278
21743, 3278
10250, 3278
14958, 3278
9981, 3278
20759, 3278
27897, 3278
15564, 3278
26418, 3278
16385, 3278
23595, 3278
29422, 3278
22043, 3278
16718, 3278
28498, 3278
26353, 3278
23836, 3278
22127, 3278
11187, 3278
23052, 3278
9363, 3278
3278, 10676
25289, 3279
16228, 3279
11201, 3279
13900, 3279
3279, 20874
13899, 3280
3280, 14384
15098, 3281
3281, 20513
29873, 3282
3282, 18551
28745, 3283
3283, 14026
10837, 3284
3284, 25282
25350, 3285
3285, 29668
28001, 3286
3286, 13327
25685, 3287
3287, 24978
15963, 3288
3288, 23443
28570, 3289
3289, 21582
3289, 28238
3289, 18326
13302, 3290
3290, 17416
3290, 25576
28065, 3291
3291, 10122
16410, 3292
24140, 3292
3292, 15887
3292, 29559
3292, 29544
3292, 24675
21443, 3293
3293, 16241
27378, 3294
3294, 20362
3294, 22329
3294, 27507
3294, 13518
3294, 20722
3294, 11524
3294, 15413
3294, 16547
28790, 3295
3295, 18026
3295, 11907
3295, 29849
29525, 3296
3296, 29992
21042, 3297
3297, 18807
26552, 3298
3298, 18569
17770, 3299
10034, 3299
10591, 3299
12510, 3299
3299, 17423
3299, 19914
19794, 3300
3300, 18743
28141, 3301
14242, 3301
3301, 29703
24405, 3302
3302, 17794
27046, 3303
3303, 29415
10561, 3304
17680, 3304
3304, 26447
3304, 26453
3304, 23348
28222, 3305
3305, 24720
20401, 3306
3306, 18402
11362, 3307
16242, 3307
3307, 17405
10303, 3308
3308, 29760
22774, 3309
10987, 3309
3309, 11529
25911, 3310
3310, 20742
27046, 3311
3311, 24151
15982, 3312
3312, 15099
26091, 3313
3313, 27890
18224, 3314
3314, 22323
26609, 3315
3315, 24020
22284, 3316
3316, 17146
3316, 13790
23696, 3317
13665, 3317
3317, 21841
20174, 3318
3318, 13549
3318, 17283
22425, 3319
15353, 3319
3319, 11920
24804, 3320
24515, 3320
3320, 24182
29943, 3321
3321, 26481
22414, 3322
3322, 18759
21967, 3323
3323, 17944
17939, 3324
3324, 18202
17719, 3325
3325, 22298
21132, 3326
9797, 3326
17212, 3326
12552, 3326
9989, 3326
25781, 3326
19365, 3326
18206, 3326
28357, 3326
17811, 3326
25872, 3326
15602, 3326
28938, 3326
12655, 3326
20521, 3326
27121, 3326
23617, 3326
10228, 3326
18817, 3326
20632, 3326
3326, 21541
25959, 3327
3327, 29300
3327, 11712
3327, 25419
3327, 21700
3327, 24460
12958, 3328
3328, 22859
22412, 3329
3329, 25950
13604, 3330
3330, 15837
13937, 3331
27241, 3331
26650, 3331
20629, 3331
3331, 21157
20693, 3332
11547, 3332
3332, 23865
21278, 3333
15983, 3333
3333, 11717
14027, 3334
29095, 3334
17047, 3334
26424, 3334
20427, 3334
10717, 3334
26756, 3334
12441, 3334
3334, 11352
15885, 3335
14601, 3335
3335, 19004
13378, 3336
24016, 3336
3336, 11945
11813, 3337
18588, 3337
20447, 3337
25978, 3337
22768, 3337
18955, 3337
3337, 26102
3337, 29943
23391, 3338
26252, 3338
20996, 3338
23583, 3338
15624, 3338
24339, 3338
28689, 3338
21223, 3338
29361, 3338
25613, 3338
20914, 3338
3338, 10318
13489, 3339
16373, 3339
3339, 11529
18925, 3340
3340, 25321
14076, 3341
3341, 28332
23898, 3342
3342, 27809
21568, 3343
3343, 20083
22699, 3344
23219, 3344
15713, 3344
22546, 3344
18690, 3344
3344, 17286
25878, 3345
23757, 3345
3345, 14708
16511, 3346
3346, 24007
15341, 3347
3347, 26894
3347, 26391
25492, 3348
3348, 20368
24216, 3349
3349, 24940
17387, 3350
9584, 3350
25579, 3350
9131, 3350
26956, 3350
12984, 3350
29016, 3350
27152, 3350
13638, 3350
18919, 3350
23338, 3350
23313, 3350
15801, 3350
22627, 3350
26300, 3350
28814, 3350
25011, 3350
21797, 3350
25509, 3350
30035, 3350
17171, 3350
18905, 3350
11637, 3350
22546, 3350
20501, 3350
16251, 3350
21173, 3350
13900, 3350
26047, 3350
20288, 3350
28003, 3350
3350, 23257
27339, 3351
3351, 14672
3351, 20945
3351, 27093
3351, 23503
3351, 15216
3351, 11028
3351, 15113
25315, 3352
3352, 9931
22817, 3353
16970, 3353
3353, 23860
28830, 3354
15019, 3354
26248, 3354
24296, 3354
12588, 3354
3354, 15236
3354, 19281
16749, 3355
27724, 3355
25197, 3355
24247, 3355
21531, 3355
3355, 13892
3355, 27223
13908, 3356
3356, 19326
24496, 3357
3357, 20759
17719, 3358
3358, 22839
24877, 3359
3359, 20794
28620, 3360
3360, 27140
3360, 17069
20405, 3361
17332, 3361
17230, 3361
9500, 3361
30051, 3361
12396, 3361
9669, 3361
22130, 3361
11017, 3361
29654, 3361
26813, 3361
23857, 3361
28394, 3361
9412, 3361
25728, 3361
21334, 3361
13033, 3361
16368, 3361
21019, 3361
26796, 3361
15954, 3361
28754, 3361
13919, 3361
22009, 3361
25687, 3361
25443, 3361
18248, 3361
27037, 3361
25429, 3361
9312, 3361
23635, 3361
24486, 3361
27246, 3361
28107, 3361
22212, 3361
11099, 3361
27029, 3361
19990, 3361
30091, 3361
17046, 3361
14476, 3361
30071, 3361
3361, 10096
23233, 3362
14565, 3362
9297, 3362
3362, 11179
22433, 3363
3363, 27382
16628, 3364
21129, 3364
23145, 3364
17305, 3364
10921, 3364
13113, 3364
20192, 3364
18013, 3364
18231, 3364
23738, 3364
28086, 3364
22062, 3364
23160, 3364
15200, 3364
10992, 3364
18684, 3364
11221, 3364
17131, 3364
12334, 3364
3364, 22028
24436, 3365
3365, 19300
28080, 3366
20061, 3366
3366, 20403
25058, 3367
19784, 3367
17303, 3367
11187, 3367
3367, 19777
16143, 3368
3368, 12397
26885, 3369
3369, 14541
17820, 3370
3370, 17501
24539, 3371
3371, 15604
11194, 3372
3372, 14857
26837, 3373
3373, 20893
14118, 3374
21084, 3374
17245, 3374
13792, 3374
9713, 3374
10965, 3374
14680, 3374
28575, 3374
21041, 3374
23508, 3374
17111, 3374
14126, 3374
22926, 3374
22873, 3374
26590, 3374
28370, 3374
10737, 3374
24285, 3374
17416, 3374
10811, 3374
10161, 3374
15276, 3374
23924, 3374
11610, 3374
17425, 3374
17778, 3374
16141, 3374
24057, 3374
17962, 3374
12491, 3374
26930, 3374
21111, 3374
28010, 3374
19770, 3374
14886, 3374
27250, 3374
20679, 3374
25700, 3374
19956, 3374
18369, 3374
17710, 3374
18663, 3374
3374, 14615
11732, 3375
3375, 25752
3375, 24078
10808, 3376
3376, 23189
15286, 3377
3377, 21676
3377, 17039
28726, 3378
3378, 24606
29344, 3379
3379, 20577
21932, 3380
3380, 17702
3380, 23460
3380, 22222
3380, 28681
16280, 3381
3381, 15878
18626, 3382
3382, 26557
3382, 10153
21303, 3383
3383, 19674
14250, 3384
3384, 17793
20807, 3385
3385, 16821
16231, 3386
9294, 3386
17764, 3386
19550, 3386
25650, 3386
3386, 23901
29943, 3387
3387, 19704
9239, 3388
3388, 10113
29943, 3389
3389, 13471
3389, 29718
21574, 3390
3390, 20235
17890, 3391
3391, 9997
10032, 3392
3392, 28074
13999, 3393
3393, 17235
3393, 11187
27433, 3394
22118, 3394
29331, 3394
3394, 15522
24033, 3395
3395, 25671
3395, 9571
9737, 3396
3396, 25069
13560, 3397
3397, 24979
14468, 3398
20611, 3398
3398, 15355
12337, 3399
16287, 3399
3399, 23347
10922, 3400
3400, 27394
11731, 3401
3401, 29939
25490, 3402
3402, 26766
16015, 3403
24066, 3403
18563, 3403
3403, 13521
10647, 3404
3404, 16169
15516, 3405
23239, 3405
3405, 28167
9485, 3406
3406, 11664
12509, 3407
27777, 3407
3407, 22073
18409, 3408
3408, 10100
24098, 3409
19517, 3409
3409, 23457
16125, 3410
3410, 25252
27570, 3411
18706, 3411
3411, 27946
15633, 3412
3412, 14762
15461, 3413
3413, 21235
15816, 3414
3414, 12701
25249, 3415
3415, 28413
26378, 3416
3416, 23338
3416, 28699
3416, 15644
27631, 3417
3417, 18152
3417, 21197
3417, 22324
17100, 3418
3418, 20633
20739, 3419
23462, 3419
3419, 11279
20890, 3420
3420, 29609
29493, 3421
3421, 26446
3421, 29066
14723, 3422
19858, 3422
9702, 3422
21598, 3422
25425, 3422
21223, 3422
22432, 3422
24324, 3422
3422, 9542
3422, 23697
17646, 3423
10576, 3423
3423, 28741
29943, 3424
3424, 12582
22978, 3425
13242, 3425
9693, 3425
26357, 3425
16499, 3425
24936, 3425
23653, 3425
22377, 3425
14166, 3425
18837, 3425
3425, 13995
26862, 3426
3426, 20463
15345, 3427
22104, 3427
3427, 25077
3427, 20487
3427, 11193
24447, 3428
3428, 16251
18482, 3429
3429, 20790
29708, 3430
3430, 12619
22957, 3431
20477, 3431
3431, 19265
25469, 3432
3432, 20957
13681, 3433
3433, 21721
3433, 25806
3433, 14767
30200, 3434
3434, 25888
29943, 3435
3435, 28370
20213, 3436
19752, 3436
29168, 3436
30139, 3436
22604, 3436
3436, 24461
18507, 3437
14263, 3437
3437, 24821
24929, 3438
21949, 3438
19231, 3438
3438, 11546
16053, 3439
3439, 11853
10825, 3440
3440, 17104
10855, 3441
3441, 11971
29943, 3442
3442, 26418
9914, 3443
28204, 3443
11652, 3443
23015, 3443
23557, 3443
3443, 13693
3443, 25362
3443, 13328
3443, 24541
3443, 26318
23472, 3444
3444, 27727
15931, 3445
3445, 24156
17696, 3446
3446, 10918
13101, 3447
3447, 26289
12479, 3448
3448, 15376
20914, 3449
29023, 3449
3449, 10747
3449, 11815
23961, 3450
3450, 11208
29943, 3451
3451, 28610
10496, 3452
3452, 11614
14174, 3453
3453, 20470
3453, 25905
3453, 19823
19252, 3454
3454, 19465
24945, 3455
19996, 3455
15465, 3455
24201, 3455
10589, 3455
12696, 3455
13947, 3455
3455, 12518
3455, 28623
3455, 14462
3455, 26039
3455, 24548
16263, 3456
3456, 26080
3456, 15630
16255, 3457
23490, 3457
23744, 3457
9270, 3457
3457, 24941
12499, 3458
3458, 22611
25822, 3459
3459, 13560
20996, 3460
29922, 3460
21816, 3460
14008, 3460
23407, 3460
19002, 3460
29250, 3460
20195, 3460
14718, 3460
21695, 3460
23218, 3460
3460, 28071
3460, 11815
29678, 3461
3461, 17136
29943, 3462
3462, 18370
24344, 3463
3463, 14876
24241, 3464
12218, 3464
3464, 28316
3464, 23329
3464, 23222
15489, 3465
23108, 3465
3465, 18373
13030, 3466
3466, 25919
14387, 3467
3467, 14549
10432, 3468
3468, 24059
28286, 3469
26507, 3469
21724, 3469
15025, 3469
10765, 3469
27057, 3469
17581, 3469
25088, 3469
26090, 3469
14030, 3469
10833, 3469
21936, 3469
20485, 3469
24907, 3469
29278, 3469
21003, 3469
27818, 3469
18909, 3469
23131, 3469
18025, 3469
21433, 3469
10763, 3469
23285, 3469
20539, 3469
11338, 3469
21069, 3469
23298, 3469
22261, 3469
22989, 3469
22655, 3469
29316, 3469
29583, 3469
23850, 3469
17730, 3469
20180, 3469
21893, 3469
25209, 3469
9909, 3469
28152, 3469
15886, 3469
9449, 3469
26624, 3469
13224, 3469
23789, 3469
13146, 3469
10196, 3469
27236, 3469
27359, 3469
17310, 3469
24345, 3469
24500, 3469
15253, 3469
14051, 3469
24605, 3469
12114, 3469
25693, 3469
24308, 3469
21747, 3469
12270, 3469
28900, 3469
19883, 3469
13736, 3469
19352, 3469
21906, 3469
22667, 3469
16939, 3469
13283, 3469
18431, 3469
27819, 3469
21046, 3469
23053, 3469
18632, 3469
14421, 3469
15086, 3469
16362, 3469
12002, 3469
14048, 3469
28991, 3469
11304, 3469
22566, 3469
13983, 3469
21948, 3469
25227, 3469
13729, 3469
14559, 3469
27076, 3469
24890, 3469
28311, 3469
12537, 3469
19675, 3469
25086, 3469
21952, 3469
13006, 3469
23991, 3469
28012, 3469
3469, 10400
22554, 3470
3470, 25244
15108, 3471
3471, 20989
18344, 3472
3472, 25252
9272, 3473
3473, 15961
11550, 3474
3474, 11535
14772, 3475
18594, 3475
3475, 26141
26834, 3476
3476, 21096
3476, 23844
18814, 3477
3477, 16415
13558, 3478
3478, 14778
9482, 3479
10113, 3479
29705, 3479
11819, 3479
21204, 3479
9184, 3479
26212, 3479
3479, 29943
3479, 21777
17400, 3480
3480, 9296
28888, 3481
9305, 3481
13592, 3481
20727, 3481
14481, 3481
3481, 26028
15577, 3482
3482, 11970
17868, 3483
3483, 19557
3483, 26668
17420, 3484
3484, 29155
20986, 3485
3485, 27579
22726, 3486
3486, 14441
9787, 3487
3487, 20477
14841, 3488
3488, 19950
14652, 3489
3489, 21645
13971, 3490
3490, 28679
20372, 3491
3491, 15663
3491, 9592
16246, 3492
13088, 3492
15777, 3492
11347, 3492
9151, 3492
3492, 9476
29578, 3493
3493, 28023
29943, 3494
3494, 16564
13039, 3495
21841, 3495
3495, 19724
17382, 3496
3496, 18103
3496, 9870
29515, 3497
20773, 3497
29591, 3497
3497, 22681
28378, 3498
3498, 28003
21168, 3499
3499, 16093
18621, 3500
16428, 3500
27146, 3500
21716, 3500
17223, 3500
18902, 3500
19345, 3500
13399, 3500
19256, 3500
9321, 3500
9457, 3500
27210, 3500
20083, 3500
22973, 3500
16021, 3500
20893, 3500
12206, 3500
10243, 3500
19250, 3500
9992, 3500
11923, 3500
18212, 3500
28582, 3500
24538, 3500
27944, 3500
22656, 3500
27668, 3500
27519, 3500
30033, 3500
25040, 3500
18718, 3500
29860, 3500
9430, 3500
28696, 3500
26708, 3500
22506, 3500
18671, 3500
28539, 3500
17389, 3500
23482, 3500
16630, 3500
14869, 3500
20665, 3500
11422, 3500
27125, 3500
11161, 3500
17602, 3500
15009, 3500
23842, 3500
9234, 3500
11790, 3500
12856, 3500
26506, 3500
27071, 3500
12505, 3500
10365, 3500
20746, 3500
25644, 3500
15635, 3500
27191, 3500
26990, 3500
14627, 3500
14927, 3500
12290, 3500
29299, 3500
15515, 3500
20136, 3500
27205, 3500
25123, 3500
9250, 3500
10101, 3500
25362, 3500
12534, 3500
19497, 3500
28496, 3500
12573, 3500
23878, 3500
20999, 3500
15310, 3500
27535, 3500
15645, 3500
17968, 3500
20508, 3500
27511, 3500
27383, 3500
16266, 3500
26523, 3500
29432, 3500
20514, 3500
25546, 3500
13505, 3500
24892, 3500
28502, 3500
20362, 3500
23497, 3500
17482, 3500
10918, 3500
13972, 3500
29369, 3500
16090, 3500
24651, 3500
14597, 3500
20762, 3500
14637, 3500
19540, 3500
14176, 3500
15367, 3500
18225, 3500
13933, 3500
24348, 3500
13713, 3500
28148, 3500
24976, 3500
19487, 3500
12126, 3500
29609, 3500
15527, 3500
22363, 3500
10745, 3500
21905, 3500
22639, 3500
12720, 3500
21024, 3500
17905, 3500
10646, 3500
24522, 3500
13385, 3500
15355, 3500
25187, 3500
21663, 3500
15185, 3500
22964, 3500
25252, 3500
20483, 3500
20113, 3500
26480, 3500
21679, 3500
15043, 3500
30054, 3500
23132, 3500
27565, 3500
20965, 3500
20131, 3500
24080, 3500
19579, 3500
19249, 3500
16074, 3500
16824, 3500
11536, 3500
11070, 3500
27636, 3500
29736, 3500
18043, 3500
15658, 3500
29661, 3500
9278, 3500
11054, 3500
19411, 3500
26335, 3500
15292, 3500
14223, 3500
18055, 3500
29846, 3500
15744, 3500
13494, 3500
21014, 3500
26032, 3500
15475, 3500
21441, 3500
18123, 3500
23963, 3500
10353, 3500
15388, 3500
27403, 3500
24509, 3500
13177, 3500
24704, 3500
24628, 3500
27333, 3500
26619, 3500
27458, 3500
28113, 3500
17985, 3500
14306, 3500
23690, 3500
16510, 3500
18582, 3500
14735, 3500
14132, 3500
15933, 3500
14641, 3500
10100, 3500
13327, 3500
20658, 3500
17702, 3500
19209, 3500
23105, 3500
17104, 3500
10330, 3500
21420, 3500
28444, 3500
30088, 3500
26185, 3500
12865, 3500
23765, 3500
27337, 3500
23018, 3500
16313, 3500
11813, 3500
17148, 3500
11445, 3500
18398, 3500
22370, 3500
22333, 3500
9855, 3500
26366, 3500
22226, 3500
11608, 3500
17961, 3500
26102, 3500
15194, 3500
29294, 3500
12762, 3500
24763, 3500
29152, 3500
25526, 3500
19281, 3500
14519, 3500
19959, 3500
15724, 3500
30142, 3500
17456, 3500
29876, 3500
10595, 3500
15920, 3500
26916, 3500
10818, 3500
3500, 29943
3500, 17576
22659, 3501
19065, 3501
3501, 28228
11591, 3502
3502, 11321
10311, 3503
3503, 13246
19215, 3504
17695, 3504
3504, 25919
21095, 3505
3505, 14842
14845, 3506
3506, 18693
17461, 3507
18981, 3507
3507, 24868
12485, 3508
3508, 22620
18970, 3509
19684, 3509
3509, 17344
3509, 24971
22430, 3510
20177, 3510
3510, 13943
11467, 3511
3511, 13669
22738, 3512
3512, 11321
17519, 3513
3513, 21985
3513, 27011
26198, 3514
3514, 27973
29943, 3515
3515, 21396
10211, 3516
3516, 16200
13101, 3517
3517, 10013
16097, 3518
3518, 28150
23447, 3519
11806, 3519
20103, 3519
14339, 3519
3519, 23091
21619, 3520
3520, 10737
19516, 3521
3521, 23725
12940, 3522
3522, 24954
24773, 3523
3523, 21905
28590, 3524
3524, 27886
25881, 3525
3525, 27372
3525, 11451
29943, 3526
3526, 21404
27515, 3527
3527, 13552
17988, 3528
3528, 13804
10925, 3529
11541, 3529
3529, 28428
15653, 3530
3530, 9265
26291, 3531
3531, 18955
20251, 3532
23108, 3532
13117, 3532
3532, 17286
19605, 3533
19420, 3533
3533, 27404
3533, 30083
26005, 3534
20669, 3534
3534, 18952
23880, 3535
3535, 10147
25094, 3536
23064, 3536
3536, 26293
15948, 3537
3537, 15625
21001, 3538
3538, 9363
23619, 3539
29858, 3539
3539, 19703
20841, 3540
19807, 3540
3540, 13442
15902, 3541
3541, 20078
22654, 3542
3542, 28831
14012, 3543
3543, 25740
13370, 3544
3544, 25252
21793, 3545
3545, 19417
14733, 3546
3546, 14585
29968, 3547
3547, 16300
29943, 3548
3548, 18370
14620, 3549
9230, 3549
15804, 3549
3549, 25362
3549, 22301
3549, 15727
11676, 3550
3550, 21798
15256, 3551
3551, 29553
18843, 3552
20270, 3552
3552, 27120
30050, 3553
3553, 18794
3553, 14236
27870, 3554
25182, 3554
3554, 14554
3554, 29308
3554, 17483
23239, 3555
3555, 10395
3555, 26094
3555, 15572
23239, 3556
3556, 25705
13917, 3557
3557, 29912
3557, 23743
20559, 3558
3558, 15255
22564, 3559
3559, 26219
26510, 3560
9273, 3560
3560, 17974
26034, 3561
3561, 17515
3561, 21676
3561, 13952
9945, 3562
3562, 13593
3562, 18155
3562, 12856
23973, 3563
3563, 28125
23935, 3564
3564, 18422
14540, 3565
15392, 3565
3565, 19478
12189, 3566
3566, 22382
3566, 21536
3566, 14766
15468, 3567
22043, 3567
3567, 15115
12039, 3568
3568, 14851
3568, 12744
3568, 19714
19410, 3569
3569, 11950
3569, 22353
3569, 10508
15836, 3570
3570, 24714
23469, 3571
3571, 23734
11809, 3572
26696, 3572
3572, 14584
23368, 3573
30115, 3573
27211, 3573
3573, 17711
28765, 3574
29183, 3574
10325, 3574
22541, 3574
16304, 3574
3574, 10221
19103, 3575
23109, 3575
25966, 3575
3575, 24510
23239, 3576
3576, 27168
27808, 3577
3577, 11547
12974, 3578
3578, 14614
16467, 3579
3579, 24744
13725, 3580
3580, 14932
12210, 3581
3581, 16251
13628, 3582
3582, 13327
21928, 3583
3583, 23208
22101, 3584
3584, 24798
12791, 3585
3585, 10353
15577, 3586
3586, 23590
19290, 3587
3587, 13998
21967, 3588
3588, 17944
28347, 3589
3589, 11038
3589, 16103
22774, 3590
3590, 17976
24168, 3591
3591, 27035
3591, 15636
3591, 22504
3591, 26366
3591, 9481
3591, 14605
3591, 22746
3591, 20661
15864, 3592
3592, 15489
3592, 17698
26938, 3593
3593, 14248
13307, 3594
3594, 28566
22850, 3595
3595, 23227
3595, 22890
30148, 3596
19272, 3596
3596, 26904
19013, 3597
27660, 3597
3597, 17482
13816, 3598
3598, 23440
9603, 3599
3599, 14676
9264, 3600
3600, 23109
17030, 3601
3601, 21860
3601, 13050
21152, 3602
24724, 3602
3602, 29676
28408, 3603
3603, 10936
20409, 3604
3604, 21177
18686, 3605
3605, 25132
9756, 3606
3606, 20563
11184, 3607
14983, 3607
3607, 15884
3607, 16384
24828, 3608
29095, 3608
3608, 22143
14143, 3609
3609, 27865
23917, 3610
29210, 3610
16162, 3610
22220, 3610
27684, 3610
3610, 16582
29943, 3611
3611, 25686
22240, 3612
11905, 3612
3612, 26340
3612, 13126
24582, 3613
3613, 15253
3613, 15436
3613, 15515
16465, 3614
3614, 11437
12708, 3615
3615, 28660
28268, 3616
3616, 23760
27476, 3617
3617, 30152
17108, 3618
30184, 3618
13766, 3618
12461, 3618
3618, 21518
13463, 3619
3619, 30033
25401, 3620
3620, 17407
3620, 15170
3620, 27386
3620, 14817
3620, 24982
15371, 3621
23839, 3621
29944, 3621
20569, 3621
13096, 3621
28195, 3621
27572, 3621
27898, 3621
21943, 3621
27531, 3621
24106, 3621
22033, 3621
25791, 3621
20464, 3621
15343, 3621
10931, 3621
20662, 3621
11376, 3621
15165, 3621
23198, 3621
10424, 3621
13033, 3621
13587, 3621
18147, 3621
26781, 3621
10904, 3621
26500, 3621
16291, 3621
29941, 3621
9143, 3621
23618, 3621
19205, 3621
22212, 3621
9678, 3621
11797, 3621
19185, 3621
22887, 3621
13158, 3621
24357, 3621
12325, 3621
18512, 3621
15120, 3621
15466, 3621
3621, 15625
3621, 23683
26413, 3622
3622, 13900
30030, 3623
29919, 3623
3623, 14130
3623, 23544
10191, 3624
3624, 18774
13654, 3625
16497, 3625
20546, 3625
13676, 3625
15689, 3625
12604, 3625
10675, 3625
11480, 3625
25427, 3625
14236, 3625
19414, 3625
16289, 3625
21586, 3625
17938, 3625
15961, 3625
21936, 3625
22045, 3625
17138, 3625
13773, 3625
24800, 3625
18561, 3625
26151, 3625
23845, 3625
16971, 3625
21779, 3625
10934, 3625
13757, 3625
16051, 3625
25095, 3625
16459, 3625
15092, 3625
13444, 3625
27017, 3625
21893, 3625
13488, 3625
29322, 3625
21989, 3625
16670, 3625
29877, 3625
23789, 3625
13041, 3625
23136, 3625
19173, 3625
10814, 3625
28281, 3625
28703, 3625
10262, 3625
18710, 3625
20582, 3625
14392, 3625
23307, 3625
29974, 3625
17012, 3625
25521, 3625
14491, 3625
16198, 3625
14629, 3625
17016, 3625
24487, 3625
11759, 3625
12569, 3625
29800, 3625
19520, 3625
22526, 3625
28404, 3625
23734, 3625
18005, 3625
21889, 3625
20826, 3625
16005, 3625
29767, 3625
9441, 3625
27092, 3625
30037, 3625
29513, 3625
29271, 3625
16229, 3625
14630, 3625
13003, 3625
22566, 3625
13337, 3625
14094, 3625
23163, 3625
13875, 3625
28842, 3625
21435, 3625
24473, 3625
15217, 3625
13885, 3625
25132, 3625
23798, 3625
12304, 3625
19278, 3625
9504, 3625
25508, 3625
24202, 3625
22869, 3625
9434, 3625
3625, 12833
19566, 3626
3626, 29629
23620, 3627
3627, 14151
10066, 3628
3628, 14979
23729, 3629
3629, 11512
21230, 3630
3630, 23433
19521, 3631
3631, 18569
10825, 3632
3632, 25243
26847, 3633
3633, 26130
21180, 3634
3634, 19955
12614, 3635
3635, 16304
3635, 27952
13461, 3636
3636, 27247
17677, 3637
13616, 3637
3637, 14585
19647, 3638
20621, 3638
14461, 3638
17240, 3638
25696, 3638
10154, 3638
3638, 21278
21155, 3639
3639, 9260
10139, 3640
20461, 3640
12507, 3640
10240, 3640
25558, 3640
25241, 3640
13335, 3640
11203, 3640
28320, 3640
21808, 3640
18091, 3640
13176, 3640
20194, 3640
13454, 3640
23580, 3640
3640, 16994
3640, 11918
3640, 29730
18368, 3641
3641, 10699
3641, 14842
24276, 3642
3642, 21758
28157, 3643
3643, 16813
16936, 3644
3644, 23727
18319, 3645
3645, 16401
13101, 3646
3646, 16705
28486, 3647
3647, 21342
18233, 3648
18413, 3648
3648, 9464
23342, 3649
13542, 3649
3649, 13583
29649, 3650
19542, 3650
17402, 3650
15571, 3650
3650, 25420
22704, 3651
10291, 3651
3651, 13630
3651, 24322
3651, 27456
9339, 3652
24216, 3652
3652, 21563
13438, 3653
3653, 15073
23600, 3654
3654, 22900
14568, 3655
3655, 17024
13988, 3656
3656, 16251
16151, 3657
3657, 10299
24402, 3658
3658, 11790
29510, 3659
3659, 25362
21823, 3660
3660, 19578
20112, 3661
3661, 28187
28169, 3662
3662, 25644
21996, 3663
3663, 26566
3663, 24274
26724, 3664
3664, 19384
12658, 3665
3665, 18983
3665, 14726
3665, 19688
3665, 22524
21961, 3666
3666, 19424
17361, 3667
23110, 3667
3667, 26749
13923, 3668
3668, 26766
29943, 3669
3669, 17367
16247, 3670
3670, 21983
11348, 3671
15640, 3671
12444, 3671
10517, 3671
28501, 3671
10612, 3671
25839, 3671
23852, 3671
11697, 3671
18817, 3671
15260, 3671
14569, 3671
3671, 15104
3671, 17673
17419, 3672
3672, 20740
15768, 3673
3673, 29126
16127, 3674
3674, 29932
13963, 3675
3675, 19225
11521, 3676
25018, 3676
27905, 3676
24192, 3676
15664, 3676
25479, 3676
14370, 3676
21842, 3676
28057, 3676
14790, 3676
16944, 3676
22445, 3676
3676, 13220
26225, 3677
3677, 23108
3677, 29998
24659, 3678
3678, 20020
9824, 3679
16721, 3679
3679, 30119
25254, 3680
3680, 28382
16511, 3681
3681, 11578
3681, 16971
3681, 21951
3681, 11935
3681, 29513
3681, 9479
16079, 3682
25956, 3682
3682, 12220
19985, 3683
3683, 21669
3683, 28174
10776, 3684
3684, 28974
3684, 27552
27810, 3685
3685, 13041
3685, 10814
3685, 23028
16006, 3686
3686, 26881
29602, 3687
3687, 20360
3687, 27712
22206, 3688
3688, 26523
29158, 3689
3689, 15470
22433, 3690
3690, 19348
3690, 11252
17126, 3691
3691, 23034
23239, 3692
3692, 19309
11492, 3693
3693, 19792
18072, 3694
3694, 11950
3694, 15290
17409, 3695
26405, 3695
3695, 27528
18354, 3696
27489, 3696
3696, 29609
27325, 3697
3697, 20538
25575, 3698
13788, 3698
12313, 3698
28025, 3698
23269, 3698
21629, 3698
16835, 3698
17751, 3698
3698, 17893
3698, 28071
3698, 25800
3698, 23400
24433, 3699
3699, 28300
21450, 3700
3700, 9289
21595, 3701
3701, 12615
25959, 3702
3702, 10435
3702, 17467
3702, 9975
3702, 28808
3702, 21424
3702, 24559
12388, 3703
3703, 21632
15608, 3704
21274, 3704
3704, 27367
11544, 3705
3705, 11896
9833, 3706
3706, 23763
22830, 3707
3707, 24667
21142, 3708
30010, 3708
15488, 3708
10606, 3708
22551, 3708
21532, 3708
15592, 3708
3708, 22690
3708, 17962
24863, 3709
17153, 3709
3709, 15185
12400, 3710
3710, 10329
27550, 3711
3711, 26557
3711, 22213
3711, 23897
28872, 3712
3712, 16277
3712, 26776
3712, 9708
24261, 3713
3713, 13327
13182, 3714
3714, 15489
27114, 3715
25528, 3715
3715, 27607
3715, 25097
3715, 19073
27046, 3716
3716, 9103
25979, 3717
3717, 19152
12244, 3718
3718, 12604
27808, 3719
3719, 11547
23236, 3720
3720, 10737
14733, 3721
3721, 14519
10537, 3722
3722, 17703
12763, 3723
3723, 10645
28654, 3724
3724, 14384
28397, 3725
3725, 13968
29934, 3726
3726, 10305
10825, 3727
3727, 10230
3727, 9992
28592, 3728
3728, 10522
19181, 3729
3729, 27205
27665, 3730
18457, 3730
16989, 3730
3730, 10353
10747, 3731
15642, 3731
3731, 10890
13290, 3732
3732, 11351
14691, 3733
3733, 20835
3733, 13525
22564, 3734
3734, 25177
29911, 3735
3735, 22645
16881, 3736
3736, 28563
25301, 3737
29639, 3737
3737, 13327
28576, 3738
3738, 13560
25569, 3739
3739, 27907
27950, 3740
3740, 13954
28242, 3741
3741, 23228
29943, 3742
3742, 12056
12713, 3743
3743, 29417
15290, 3744
19667, 3744
3744, 10910
16338, 3745
3745, 18417
17951, 3746
3746, 25104
18791, 3747
3747, 16243
25690, 3748
3748, 9584
15340, 3749
20858, 3749
21253, 3749
23253, 3749
28489, 3749
26464, 3749
21429, 3749
22243, 3749
12515, 3749
18768, 3749
16115, 3749
30006, 3749
26972, 3749
3749, 22787
15577, 3750
3750, 18882
23268, 3751
3751, 25730
21463, 3752
26103, 3752
26119, 3752
11653, 3752
19470, 3752
13704, 3752
24216, 3752
3752, 11623
22847, 3753
3753, 12848
23898, 3754
3754, 17733
29943, 3755
3755, 12488
25627, 3756
3756, 15734
20319, 3757
3757, 27786
22774, 3758
12004, 3758
19946, 3758
29959, 3758
12508, 3758
13973, 3758
3758, 10235
27082, 3759
3759, 14540
23898, 3760
3760, 9712
12116, 3761
3761, 9497
27841, 3762
3762, 25731
20566, 3763
3763, 18413
20976, 3764
3764, 27782
25075, 3765
3765, 19757
29126, 3766
29728, 3766
3766, 22140
25888, 3767
20790, 3767
3767, 9511
17844, 3768
3768, 13068
10205, 3769
3769, 24440
29943, 3770
3770, 15263
26628, 3771
24723, 3771
20564, 3771
3771, 26639
28603, 3772
18872, 3772
3772, 20136
25893, 3773
3773, 22496
20561, 3774
3774, 12360
20886, 3775
3775, 15116
29943, 3776
3776, 16712
3776, 24418
21760, 3777
3777, 23175
3777, 25238
12214, 3778
3778, 19381
3778, 23467
3778, 12077
30118, 3779
3779, 19548
14591, 3780
3780, 26479
9522, 3781
29178, 3781
20897, 3781
29086, 3781
24560, 3781
24251, 3781
23568, 3781
17789, 3781
15189, 3781
20996, 3781
14823, 3781
29922, 3781
3781, 21514
3781, 29108
3781, 28023
3781, 15698
12386, 3782
3782, 15594
17491, 3783
10093, 3783
3783, 23038
29943, 3784
3784, 10578
16522, 3785
25242, 3785
3785, 18857
19765, 3786
3786, 17632
12697, 3787
3787, 21724
13201, 3788
3788, 12880
3788, 12770
13134, 3789
3789, 26721
19867, 3790
3790, 21593
3790, 25136
3790, 9363
3790, 13395
3790, 13793
11647, 3791
3791, 22337
15163, 3792
3792, 22258
14296, 3793
3793, 13399
17946, 3794
3794, 14320
9221, 3795
3795, 10347
29704, 3796
3796, 16782
27908, 3797
3797, 9604
29026, 3798
3798, 9390
18775, 3799
3799, 18176
3799, 27856
27203, 3800
3800, 28092
11098, 3801
3801, 14487
25472, 3802
21509, 3802
3802, 10411
3802, 29466
3802, 10254
3802, 11464
10010, 3803
14764, 3803
3803, 10106
11595, 3804
3804, 23128
14311, 3805
28971, 3805
11964, 3805
28376, 3805
23544, 3805
21809, 3805
20042, 3805
26293, 3805
27223, 3805
10264, 3805
26270, 3805
22040, 3805
12753, 3805
27338, 3805
13215, 3805
25917, 3805
28289, 3805
12968, 3805
29305, 3805
10319, 3805
22174, 3805
28184, 3805
16519, 3805
11748, 3805
23470, 3805
19960, 3805
19054, 3805
25041, 3805
27249, 3805
17638, 3805
29042, 3805
27887, 3805
15775, 3805
27607, 3805
17429, 3805
28245, 3805
14949, 3805
25473, 3805
28761, 3805
19799, 3805
14164, 3805
24524, 3805
13656, 3805
26362, 3805
17723, 3805
23746, 3805
11439, 3805
10071, 3805
12953, 3805
16286, 3805
28737, 3805
18764, 3805
14004, 3805
20334, 3805
27963, 3805
27551, 3805
28476, 3805
17915, 3805
21094, 3805
24547, 3805
26901, 3805
15884, 3805
28716, 3805
27485, 3805
17699, 3805
23586, 3805
26536, 3805
15111, 3805
17509, 3805
12188, 3805
26698, 3805
30112, 3805
10466, 3805
12171, 3805
28033, 3805
16384, 3805
14222, 3805
14209, 3805
26765, 3805
15905, 3805
12215, 3805
25012, 3805
11027, 3805
28166, 3805
29030, 3805
23455, 3805
22299, 3805
19060, 3805
27576, 3805
19239, 3805
10955, 3805
17998, 3805
27166, 3805
23059, 3805
13199, 3805
12539, 3805
10376, 3805
27406, 3805
9891, 3805
15523, 3805
29214, 3805
22521, 3805
24498, 3805
21012, 3805
22030, 3805
13328, 3805
18291, 3805
15420, 3805
9105, 3805
14432, 3805
10933, 3805
29102, 3805
18702, 3805
27689, 3805
10930, 3805
29766, 3805
26340, 3805
25118, 3805
15579, 3805
29117, 3805
16001, 3805
26700, 3805
17455, 3805
9957, 3805
27145, 3805
25836, 3805
22146, 3805
15872, 3805
23267, 3805
26244, 3805
28158, 3805
19458, 3805
16722, 3805
15725, 3805
14712, 3805
24046, 3805
22793, 3805
16147, 3805
22754, 3805
9435, 3805
27302, 3805
18141, 3805
21178, 3805
10479, 3805
19189, 3805
18682, 3805
9885, 3805
22875, 3805
24743, 3805
23164, 3805
20836, 3805
15545, 3805
28232, 3805
17411, 3805
13854, 3805
22126, 3805
30152, 3805
24259, 3805
15100, 3805
13847, 3805
27705, 3805
15312, 3805
29777, 3805
28757, 3805
18947, 3805
25625, 3805
26725, 3805
23006, 3805
21945, 3805
15405, 3805
24089, 3805
16406, 3805
28302, 3805
25097, 3805
16179, 3805
19936, 3805
12814, 3805
16483, 3805
25716, 3805
13958, 3805
25066, 3805
18125, 3805
26040, 3805
9671, 3805
20709, 3805
23306, 3805
22529, 3805
9667, 3805
18472, 3805
28026, 3805
24224, 3805
29791, 3805
20518, 3805
9527, 3805
15002, 3805
10124, 3805
12419, 3805
13896, 3805
28377, 3805
11872, 3805
21479, 3805
14200, 3805
24541, 3805
15088, 3805
20991, 3805
11345, 3805
10183, 3805
26075, 3805
29015, 3805
18416, 3805
9744, 3805
19999, 3805
11110, 3805
12007, 3805
27185, 3805
29449, 3805
12623, 3805
10056, 3805
9922, 3805
9559, 3805
29643, 3805
13111, 3805
23502, 3805
9436, 3805
27943, 3805
13017, 3805
11258, 3805
16704, 3805
28534, 3805
23433, 3805
28877, 3805
20731, 3805
25678, 3805
21958, 3805
21292, 3805
20395, 3805
26909, 3805
19120, 3805
24255, 3805
27177, 3805
28393, 3805
21406, 3805
10805, 3805
11377, 3805
13793, 3805
17379, 3805
20823, 3805
21478, 3805
15669, 3805
18976, 3805
14237, 3805
24219, 3805
12727, 3805
11752, 3805
22666, 3805
16409, 3805
11093, 3805
29600, 3805
13126, 3805
9651, 3805
21206, 3805
15717, 3805
26925, 3805
10871, 3805
22856, 3805
19437, 3805
15358, 3805
29669, 3805
22247, 3805
16265, 3805
23002, 3805
23830, 3805
29687, 3805
22422, 3805
25107, 3805
26318, 3805
19268, 3805
19105, 3805
27941, 3805
19980, 3805
17423, 3805
21031, 3805
27532, 3805
10391, 3805
19914, 3805
26222, 3805
9271, 3805
21537, 3805
19443, 3805
19073, 3805
19871, 3805
15977, 3805
24815, 3805
29829, 3805
20735, 3805
21169, 3805
21221, 3805
28367, 3805
10557, 3805
17358, 3805
3805, 9940
11954, 3806
3806, 10894
28682, 3807
15909, 3807
3807, 22292
27663, 3808
3808, 23806
21335, 3809
3809, 15185
24951, 3810
3810, 23525
3810, 15561
3810, 15698
3810, 19602
29126, 3811
16041, 3811
22258, 3811
26894, 3811
13471, 3811
11321, 3811
25431, 3811
13959, 3811
24457, 3811
21748, 3811
13852, 3811
28253, 3811
17688, 3811
28054, 3811
15678, 3811
28363, 3811
11547, 3811
22153, 3811
20167, 3811
3811, 16002
28199, 3812
3812, 12613
29223, 3813
3813, 10545
16726, 3814
3814, 26994
13663, 3815
3815, 15489
20566, 3816
3816, 18413
13138, 3817
3817, 23559
17765, 3818
3818, 18955
15801, 3819
22546, 3819
3819, 24912
20567, 3820
3820, 28925
11190, 3821
3821, 16163
15242, 3822
3822, 21267
22085, 3823
14228, 3823
16259, 3823
3823, 28716
3823, 15111
13816, 3824
3824, 23440
19050, 3825
3825, 22311
26993, 3826
3826, 10828
13101, 3827
3827, 26289
10684, 3828
3828, 28223
3828, 23677
3828, 18617
14140, 3829
3829, 19718
3829, 12900
3829, 9496
23938, 3830
3830, 27699
21017, 3831
3831, 9416
22436, 3832
3832, 11321
10825, 3833
3833, 21415
27643, 3834
29382, 3834
16033, 3834
10141, 3834
3834, 22757
10733, 3835
17986, 3835
26871, 3835
18757, 3835
21208, 3835
12462, 3835
22223, 3835
16117, 3835
22462, 3835
9898, 3835
14990, 3835
26026, 3835
10929, 3835
16562, 3835
30042, 3835
18278, 3835
17705, 3835
10716, 3835
29768, 3835
18744, 3835
13426, 3835
24938, 3835
17879, 3835
23623, 3835
13306, 3835
25863, 3835
16106, 3835
11740, 3835
22535, 3835
17984, 3835
15877, 3835
10096, 3835
29808, 3835
27434, 3835
25923, 3835
21978, 3835
20299, 3835
23127, 3835
19750, 3835
22886, 3835
18384, 3835
11002, 3835
17527, 3835
21575, 3835
21944, 3835
25219, 3835
27155, 3835
22249, 3835
19369, 3835
10426, 3835
25599, 3835
24418, 3835
21355, 3835
15731, 3835
28129, 3835
27304, 3835
19863, 3835
19211, 3835
11009, 3835
10233, 3835
12691, 3835
19592, 3835
26261, 3835
9770, 3835
11966, 3835
30126, 3835
21645, 3835
9612, 3835
28263, 3835
11315, 3835
22210, 3835
25636, 3835
16571, 3835
29298, 3835
22203, 3835
27734, 3835
27694, 3835
17583, 3835
17841, 3835
17851, 3835
11734, 3835
17239, 3835
24667, 3835
23358, 3835
20957, 3835
17045, 3835
16842, 3835
12914, 3835
11006, 3835
21137, 3835
19820, 3835
11785, 3835
13213, 3835
22748, 3835
26403, 3835
18045, 3835
13450, 3835
13564, 3835
17643, 3835
3835, 14775
9187, 3836
25461, 3836
14599, 3836
25090, 3836
12266, 3836
29283, 3836
15934, 3836
11738, 3836
22718, 3836
14378, 3836
14061, 3836
22008, 3836
18010, 3836
20185, 3836
14116, 3836
29405, 3836
24811, 3836
17595, 3836
20650, 3836
19589, 3836
27308, 3836
12877, 3836
28514, 3836
26672, 3836
19564, 3836
13842, 3836
23700, 3836
25353, 3836
10639, 3836
16210, 3836
28039, 3836
28301, 3836
22360, 3836
10337, 3836
15770, 3836
27209, 3836
10773, 3836
14332, 3836
10880, 3836
18363, 3836
21500, 3836
25989, 3836
22195, 3836
21448, 3836
24573, 3836
18674, 3836
17743, 3836
19489, 3836
23192, 3836
9367, 3836
14681, 3836
16030, 3836
20928, 3836
13467, 3836
13839, 3836
24110, 3836
18362, 3836
20228, 3836
9966, 3836
9762, 3836
28993, 3836
22711, 3836
19160, 3836
9983, 3836
22325, 3836
12298, 3836
17099, 3836
26061, 3836
21630, 3836
30081, 3836
9769, 3836
10362, 3836
12679, 3836
17546, 3836
9807, 3836
10220, 3836
21896, 3836
17799, 3836
15588, 3836
18832, 3836
18779, 3836
16253, 3836
24061, 3836
23622, 3836
29259, 3836
23556, 3836
10427, 3836
29389, 3836
11083, 3836
10698, 3836
28513, 3836
17621, 3836
17738, 3836
28941, 3836
14836, 3836
10799, 3836
24289, 3836
16803, 3836
10300, 3836
17744, 3836
27826, 3836
22005, 3836
27542, 3836
17920, 3836
12022, 3836
29218, 3836
19153, 3836
29319, 3836
9574, 3836
17623, 3836
17127, 3836
28231, 3836
26784, 3836
23361, 3836
15322, 3836
28662, 3836
13154, 3836
15269, 3836
12305, 3836
27881, 3836
12058, 3836
27461, 3836
29281, 3836
17921, 3836
20970, 3836
25352, 3836
24360, 3836
11858, 3836
11874, 3836
14711, 3836
26988, 3836
25519, 3836
16451, 3836
13119, 3836
15778, 3836
13168, 3836
16450, 3836
11166, 3836
18427, 3836
16503, 3836
15828, 3836
9601, 3836
17560, 3836
28996, 3836
16498, 3836
25045, 3836
28903, 3836
12798, 3836
14488, 3836
11924, 3836
15491, 3836
14288, 3836
18465, 3836
28863, 3836
12710, 3836
23803, 3836
25968, 3836
10224, 3836
29902, 3836
26429, 3836
9884, 3836
19958, 3836
11137, 3836
22480, 3836
15061, 3836
17760, 3836
11696, 3836
16056, 3836
23823, 3836
10293, 3836
27151, 3836
11831, 3836
28537, 3836
28412, 3836
12123, 3836
21858, 3836
19216, 3836
18602, 3836
26360, 3836
27500, 3836
18247, 3836
24367, 3836
13758, 3836
22676, 3836
14625, 3836
24884, 3836
25522, 3836
26565, 3836
11131, 3836
12757, 3836
26174, 3836
3836, 27636
20698, 3837
3837, 23927
3837, 28899
3837, 10905
3837, 27863
3837, 19544
3837, 12083
17548, 3838
3838, 12493
16511, 3839
3839, 10668
3839, 26982
3839, 26427
3839, 13572
3839, 26733
28340, 3840
14839, 3840
3840, 17793
24697, 3841
3841, 10318
3841, 15927
3841, 17673
3841, 28488
10983, 3842
3842, 24792
12295, 3843
3843, 27142
19252, 3844
3844, 19465
23343, 3845
25877, 3845
3845, 11688
16185, 3846
3846, 27906
3846, 22776
3846, 22584
13101, 3847
3847, 29585
23820, 3848
10686, 3848
3848, 11766
15455, 3849
3849, 18120
25902, 3850
3850, 25337
19400, 3851
25589, 3851
24956, 3851
11425, 3851
3851, 16063
3851, 16888
18943, 3852
3852, 28289
25058, 3853
25789, 3853
14169, 3853
21400, 3853
13866, 3853
23582, 3853
25752, 3853
11927, 3853
9883, 3853
18308, 3853
24521, 3853
20565, 3853
18736, 3853
12886, 3853
3853, 20121
20847, 3854
3854, 24202
3854, 9751
20329, 3855
3855, 9257
11804, 3856
26937, 3856
29021, 3856
3856, 22418
20494, 3857
3857, 21177
21927, 3858
3858, 22584
3858, 11940
25660, 3859
3859, 19740
30062, 3860
3860, 20000
20224, 3861
10155, 3861
28003, 3861
3861, 9777
29680, 3862
3862, 18183
16795, 3863
3863, 20136
23698, 3864
19507, 3864
3864, 22469
3864, 23207
3864, 27163
3864, 28648
3864, 30125
3864, 27600
3864, 14657
27558, 3865
3865, 13921
17719, 3866
3866, 27987
9208, 3867
3867, 12030
24177, 3868
3868, 14540
13101, 3869
3869, 29517
10713, 3870
3870, 19164
18934, 3871
3871, 14995
16768, 3872
14201, 3872
22489, 3872
9425, 3872
16382, 3872
25673, 3872
29046, 3872
3872, 9299
16877, 3873
3873, 19330
20604, 3874
3874, 20501
9680, 3875
18129, 3875
3875, 24166
20931, 3876
22183, 3876
15642, 3876
3876, 26520
9750, 3877
3877, 22839
14896, 3878
27200, 3878
3878, 29878
23083, 3879
3879, 25797
17280, 3880
21209, 3880
23964, 3880
3880, 20136
9263, 3881
3881, 22060
13816, 3882
3882, 23440
13101, 3883
3883, 24768
18577, 3884
3884, 14519
24493, 3885
3885, 19650
27284, 3886
3886, 10353
29050, 3887
3887, 26539
21967, 3888
3888, 17944
28950, 3889
3889, 22305
27953, 3890
3890, 10393
3890, 24442
15892, 3891
3891, 20451
29943, 3892
3892, 10176
18001, 3893
3893, 16409
28768, 3894
3894, 17974
22809, 3895
3895, 19377
24599, 3896
3896, 27725
10874, 3897
28015, 3897
19583, 3897
14147, 3897
28633, 3897
26172, 3897
26974, 3897
10473, 3897
3897, 9238
3897, 17460
15554, 3898
3898, 16548
24511, 3899
3899, 28326
19158, 3900
3900, 13527
23742, 3901
3901, 19887
10397, 3902
3902, 15028
27706, 3903
3903, 25811
15825, 3904
3904, 24004
21191, 3905
3905, 9150
18597, 3906
3906, 29071
25690, 3907
3907, 9584
29192, 3908
20273, 3908
3908, 12137
21786, 3909
3909, 17318
3909, 27067
25991, 3910
3910, 20725
28653, 3911
3911, 29523
21702, 3912
3912, 20270
20163, 3913
22415, 3913
9591, 3913
3913, 16072
20133, 3914
3914, 19316
3914, 24122
23472, 3915
3915, 13657
22500, 3916
3916, 18473
27285, 3917
3917, 19557
23239, 3918
3918, 16929
25116, 3919
3919, 23052
16614, 3920
3920, 25605
12265, 3921
3921, 23650
3921, 29366
3921, 15745
28247, 3922
3922, 25629
15050, 3923
3923, 20507
23203, 3924
3924, 10899
3924, 21553
18760, 3925
3925, 26208
24837, 3926
23552, 3926
27862, 3926
17404, 3926
23086, 3926
24053, 3926
3926, 27762
12498, 3927
3927, 13600
26975, 3928
3928, 19243
3928, 22644
3928, 20473
3928, 26353
29943, 3929
3929, 11628
29943, 3930
3930, 27569
28821, 3931
17928, 3931
3931, 20806
3931, 21278
18463, 3932
3932, 17425
28756, 3933
3933, 18566
25594, 3934
3934, 29148
20413, 3935
3935, 10939
21422, 3936
3936, 11658
17614, 3937
3937, 18208
25679, 3938
27989, 3938
3938, 20509
22959, 3939
3939, 20380
13145, 3940
3940, 28063
25749, 3941
3941, 25394
24446, 3942
3942, 16120
25042, 3943
9569, 3943
3943, 27999
20856, 3944
3944, 11200
3944, 21824
3944, 17119
13005, 3945
29801, 3945
22827, 3945
17492, 3945
21969, 3945
25992, 3945
3945, 28931
18577, 3946
3946, 12099
18315, 3947
15375, 3947
3947, 27340
22048, 3948
3948, 19443
26548, 3949
3949, 26728
25369, 3950
3950, 28352
22808, 3951
3951, 24194
3951, 25310
13804, 3952
26118, 3952
23595, 3952
3952, 13837
26097, 3953
3953, 21944
10134, 3954
24975, 3954
29586, 3954
20609, 3954
12978, 3954
25718, 3954
30086, 3954
11891, 3954
17783, 3954
27124, 3954
17122, 3954
20100, 3954
13567, 3954
13641, 3954
11606, 3954
18151, 3954
10605, 3954
3954, 29506
10546, 3955
3955, 25888
23288, 3956
3956, 15056
20029, 3957
3957, 10623
14316, 3958
23669, 3958
3958, 12166
11241, 3959
11491, 3959
12225, 3959
3959, 25362
29527, 3960
21748, 3960
3960, 26586
16582, 3961
28917, 3961
19401, 3961
15383, 3961
13399, 3961
12558, 3961
11529, 3961
20083, 3961
10396, 3961
26743, 3961
19469, 3961
29760, 3961
13881, 3961
25856, 3961
26741, 3961
16604, 3961
15749, 3961
12619, 3961
18351, 3961
11813, 3961
20362, 3961
23806, 3961
23413, 3961
23896, 3961
10644, 3961
28325, 3961
28843, 3961
13025, 3961
9988, 3961
16196, 3961
18166, 3961
14554, 3961
18841, 3961
20296, 3961
25362, 3961
15131, 3961
21420, 3961
21994, 3961
16611, 3961
20136, 3961
28332, 3961
27442, 3961
19354, 3961
18178, 3961
12349, 3961
15601, 3961
23440, 3961
14815, 3961
16510, 3961
13824, 3961
13496, 3961
18480, 3961
25252, 3961
18955, 3961
3961, 29943
3961, 20691
16753, 3962
3962, 14587
3962, 12731
3962, 17918
3962, 29747
9134, 3963
3963, 9569
14109, 3964
3964, 21676
13092, 3965
3965, 27197
18435, 3966
3966, 13994
29419, 3967
11829, 3967
3967, 21074
11560, 3968
3968, 21094
15963, 3969
3969, 23443
13316, 3970
3970, 20255
3970, 25233
13473, 3971
3971, 17826
21666, 3972
19825, 3972
3972, 14287
3972, 21840
3972, 16587
18100, 3973
3973, 23300
14417, 3974
16900, 3974
3974, 23132
3974, 27565
12783, 3975
17399, 3975
10500, 3975
3975, 12126
3975, 20726
3975, 16817
3975, 23959
9674, 3976
14666, 3976
3976, 26214
23472, 3977
3977, 26922
29943, 3978
3978, 22957
11812, 3979
3979, 13815
16725, 3980
3980, 17632
3980, 29001
3980, 10950
25344, 3981
3981, 19953
3981, 20239
18256, 3982
3982, 29536
28752, 3983
25713, 3983
24457, 3983
3983, 13574
12497, 3984
9571, 3984
3984, 14898
13935, 3985
3985, 15104
15230, 3986
13270, 3986
3986, 13327
20215, 3987
3987, 17828
23472, 3988
3988, 27727
26280, 3989
3989, 14031
3989, 15638
21224, 3990
3990, 13378
25706, 3991
3991, 27017
23575, 3992
3992, 19250
19412, 3993
3993, 17808
26354, 3994
3994, 18955
24137, 3995
3995, 20370
3995, 19800
18082, 3996
24216, 3996
3996, 21508
26404, 3997
3997, 18955
27044, 3998
16785, 3998
15075, 3998
21082, 3998
3998, 12126
13816, 3999
3999, 23440
25347, 4000
4000, 24372
21520, 4001
4001, 25659
29602, 4002
4002, 22641
4002, 27767
23643, 4003
4003, 13643
9471, 4004
15403, 4004
4004, 11766
28258, 4005
4005, 24152
4005, 21841
22027, 4006
4006, 14712
9740, 4007
4007, 21751
29943, 4008
4008, 27348
26490, 4009
27174, 4009
21211, 4009
4009, 22839
22564, 4010
4010, 23595
14375, 4011
4011, 13914
20303, 4012
4012, 28692
23472, 4013
4013, 15503
11152, 4014
4014, 10307
17701, 4015
4015, 13191
13478, 4016
12723, 4016
17683, 4016
18292, 4016
29318, 4016
18105, 4016
12525, 4016
27436, 4016
4016, 15861
17276, 4017
4017, 22585
13556, 4018
21270, 4018
20667, 4018
4018, 30217
16542, 4019
22616, 4019
20527, 4019
26301, 4019
19225, 4019
23596, 4019
16672, 4019
24328, 4019
15427, 4019
12159, 4019
16528, 4019
25246, 4019
27364, 4019
13399, 4019
9164, 4019
21638, 4019
22619, 4019
18460, 4019
15351, 4019
27210, 4019
16047, 4019
14986, 4019
21232, 4019
21607, 4019
12253, 4019
17448, 4019
20049, 4019
28741, 4019
28582, 4019
29444, 4019
20954, 4019
29029, 4019
15056, 4019
28925, 4019
12967, 4019
29536, 4019
14585, 4019
17389, 4019
28244, 4019
24294, 4019
10623, 4019
13779, 4019
18971, 4019
20335, 4019
24634, 4019
22839, 4019
14487, 4019
29148, 4019
11050, 4019
17901, 4019
10679, 4019
30011, 4019
26953, 4019
19049, 4019
21273, 4019
24954, 4019
23157, 4019
28342, 4019
14223, 4019
26764, 4019
20199, 4019
24234, 4019
22727, 4019
16334, 4019
15355, 4019
14519, 4019
16493, 4019
14069, 4019
19876, 4019
27383, 4019
24911, 4019
10745, 4019
24763, 4019
14282, 4019
24461, 4019
23049, 4019
20136, 4019
10956, 4019
19976, 4019
14119, 4019
11229, 4019
28843, 4019
26658, 4019
13699, 4019
24080, 4019
14207, 4019
18750, 4019
13048, 4019
21464, 4019
16556, 4019
29369, 4019
15724, 4019
12126, 4019
27648, 4019
9614, 4019
20362, 4019
17038, 4019
25883, 4019
18391, 4019
13294, 4019
26523, 4019
21914, 4019
25829, 4019
25214, 4019
9545, 4019
17650, 4019
11252, 4019
19348, 4019
17862, 4019
17600, 4019
13327, 4019
11813, 4019
10086, 4019
21853, 4019
27060, 4019
10041, 4019
10535, 4019
16977, 4019
21994, 4019
15185, 4019
30134, 4019
26414, 4019
16813, 4019
23281, 4019
25362, 4019
20480, 4019
21968, 4019
25601, 4019
22409, 4019
9874, 4019
20000, 4019
20508, 4019
29609, 4019
29294, 4019
13747, 4019
14348, 4019
21485, 4019
19259, 4019
10542, 4019
14091, 4019
16706, 4019
21204, 4019
12435, 4019
13100, 4019
28839, 4019
15936, 4019
20625, 4019
11536, 4019
25157, 4019
19411, 4019
9191, 4019
13231, 4019
28266, 4019
15925, 4019
13967, 4019
16073, 4019
14927, 4019
20205, 4019
13025, 4019
22854, 4019
27767, 4019
29257, 4019
17835, 4019
16947, 4019
14098, 4019
23736, 4019
12417, 4019
9135, 4019
24260, 4019
21457, 4019
25244, 4019
22684, 4019
26818, 4019
16824, 4019
27016, 4019
24749, 4019
25772, 4019
29851, 4019
4019, 29943
4019, 21818
13243, 4020
4020, 19894
18840, 4021
4021, 14091
17951, 4022
4022, 11751
29943, 4023
4023, 13471
18840, 4024
4024, 14091
29943, 4025
4025, 12722
18304, 4026
4026, 10770
13978, 4027
4027, 14954
29943, 4028
4028, 9210
17656, 4029
4029, 28824
4029, 24513
23239, 4030
4030, 15764
10037, 4031
10140, 4031
4031, 13980
29249, 4032
14678, 4032
22774, 4032
4032, 12029
4032, 16715
23354, 4033
4033, 25252
18838, 4034
4034, 15983
4034, 19421
4034, 15034
9380, 4035
4035, 18843
16383, 4036
4036, 11188
13501, 4037
4037, 25864
17693, 4038
4038, 25362
12651, 4039
13989, 4039
4039, 14927
20209, 4040
4040, 14537
15953, 4041
4041, 10628
22431, 4042
4042, 14927
16511, 4043
4043, 21774
15516, 4044
4044, 20131
12364, 4045
4045, 21013
25903, 4046
4046, 14549
10659, 4047
4047, 18634
20219, 4048
4048, 20981
4048, 10602
25410, 4049
16681, 4049
4049, 28642
19530, 4050
4050, 11258
30085, 4051
4051, 18171
4051, 21220
20912, 4052
4052, 26523
23472, 4053
4053, 12565
14428, 4054
4054, 28920
16456, 4055
4055, 15916
20545, 4056
4056, 14464
23376, 4057
4057, 21646
20259, 4058
4058, 23438
18828, 4059
4059, 28792
21240, 4060
21086, 4060
24216, 4060
4060, 13420
29943, 4061
4061, 20684
17561, 4062
4062, 24308
15935, 4063
19064, 4063
4063, 19116
17941, 4064
4064, 24481
4064, 14352
12418, 4065
21765, 4065
10737, 4065
15659, 4065
29088, 4065
11610, 4065
15567, 4065
27843, 4065
18370, 4065
4065, 12837
17018, 4066
4066, 26795
19320, 4067
4067, 21701
4067, 11027
20910, 4068
4068, 26249
17766, 4069
4069, 27047
4069, 24747
4069, 19427
14651, 4070
9591, 4070
4070, 12103
28094, 4071
4071, 14927
26180, 4072
13355, 4072
9529, 4072
20899, 4072
29440, 4072
16081, 4072
22596, 4072
18381, 4072
24987, 4072
18962, 4072
28211, 4072
30116, 4072
4072, 26368
24396, 4073
4073, 22519
4073, 23750
9342, 4074
4074, 28878
13399, 4075
28579, 4075
22528, 4075
23149, 4075
16824, 4075
29354, 4075
4075, 29943
12599, 4076
17816, 4076
4076, 20465
9373, 4077
4077, 17944
29885, 4078
4078, 23434
4078, 15625
24216, 4079
4079, 29120
25452, 4080
27896, 4080
21692, 4080
4080, 22656
16964, 4081
13070, 4081
20218, 4081
16884, 4081
18127, 4081
9513, 4081
4081, 23224
23410, 4082
12770, 4082
4082, 13714
24432, 4083
4083, 16954
17781, 4084
4084, 27152
14053, 4085
4085, 15663
4085, 20358
9262, 4086
4086, 10598
15577, 4087
4087, 28510
27377, 4088
24649, 4088
11209, 4088
4088, 20788
4088, 24089
4088, 29015
18755, 4089
26060, 4089
10503, 4089
26178, 4089
14435, 4089
28712, 4089
14745, 4089
20438, 4089
4089, 11925
26724, 4090
4090, 19384
9280, 4091
28922, 4091
4091, 13130
4091, 17093
20956, 4092
26891, 4092
4092, 21602
21748, 4093
23750, 4093
17944, 4093
4093, 17442
14097, 4094
4094, 18279
11428, 4095
4095, 13769
4095, 28739
4095, 24111
4095, 10737
12809, 4096
4096, 10899
4096, 20136
24837, 4097
16093, 4097
29126, 4097
22425, 4097
14995, 4097
9875, 4097
24250, 4097
25358, 4097
20389, 4097
22142, 4097
30208, 4097
25087, 4097
27481, 4097
21499, 4097
16241, 4097
25423, 4097
29016, 4097
29003, 4097
21247, 4097
14537, 4097
20255, 4097
11855, 4097
25260, 4097
26216, 4097
26628, 4097
13423, 4097
22984, 4097
18712, 4097
20023, 4097
23313, 4097
9754, 4097
26007, 4097
23219, 4097
29948, 4097
28895, 4097
20446, 4097
24947, 4097
17369, 4097
9674, 4097
17665, 4097
17121, 4097
28781, 4097
29197, 4097
30019, 4097
28297, 4097
13955, 4097
21476, 4097
26343, 4097
16893, 4097
22523, 4097
18152, 4097
26596, 4097
24818, 4097
12939, 4097
13460, 4097
12175, 4097
9165, 4097
24610, 4097
15563, 4097
12465, 4097
17558, 4097
18950, 4097
15218, 4097
17171, 4097
14667, 4097
19409, 4097
23919, 4097
12673, 4097
15711, 4097
20251, 4097
27172, 4097
14291, 4097
28526, 4097
25921, 4097
21748, 4097
26084, 4097
18404, 4097
22205, 4097
20097, 4097
16243, 4097
12068, 4097
11742, 4097
21676, 4097
12368, 4097
29227, 4097
11267, 4097
27699, 4097
14549, 4097
9345, 4097
11757, 4097
10599, 4097
17431, 4097
16958, 4097
14754, 4097
15376, 4097
25635, 4097
9883, 4097
14089, 4097
9569, 4097
18448, 4097
18509, 4097
16278, 4097
26433, 4097
16512, 4097
18523, 4097
12073, 4097
22118, 4097
22154, 4097
25225, 4097
17731, 4097
27230, 4097
20862, 4097
16682, 4097
27987, 4097
19240, 4097
17874, 4097
17318, 4097
20076, 4097
24707, 4097
18027, 4097
14340, 4097
13039, 4097
22584, 4097
21841, 4097
18973, 4097
20358, 4097
27265, 4097
27650, 4097
10409, 4097
29815, 4097
18413, 4097
17824, 4097
17676, 4097
29516, 4097
27316, 4097
16130, 4097
11167, 4097
12375, 4097
16625, 4097
27234, 4097
4097, 13132
24107, 4098
4098, 13886
19618, 4099
4099, 21780
16243, 4100
26611, 4100
4100, 14904
29731, 4101
10943, 4101
4101, 10217
16793, 4102
4102, 9614
25470, 4103
4103, 10507
29470, 4104
4104, 13496
9186, 4105
4105, 12126
15563, 4106
9225, 4106
4106, 12484
26728, 4107
22913, 4107
15868, 4107
4107, 19872
29708, 4108
4108, 13962
24216, 4109
4109, 10247
21730, 4110
4110, 19017
4110, 19293
27296, 4111
14807, 4111
25318, 4111
28501, 4111
23681, 4111
15945, 4111
24042, 4111
10619, 4111
17683, 4111
17735, 4111
19000, 4111
4111, 25058
4111, 19662
4111, 22620
24939, 4112
4112, 12608
24801, 4113
4113, 16710
13137, 4114
4114, 22681
19269, 4115
20530, 4115
4115, 17241
17324, 4116
4116, 19342
23940, 4117
4117, 12043
12871, 4118
4118, 17029
28433, 4119
28217, 4119
10296, 4119
4119, 13418
24582, 4120
4120, 28717
4120, 20183
23472, 4121
4121, 18576
28812, 4122
4122, 15802
11668, 4123
20302, 4123
22318, 4123
9442, 4123
21492, 4123
23785, 4123
9361, 4123
4123, 12558
4123, 26072
21901, 4124
4124, 15081
11327, 4125
14827, 4125
27961, 4125
14946, 4125
14544, 4125
11236, 4125
17372, 4125
4125, 27101
23863, 4126
4126, 13159
4126, 18749
24036, 4127
4127, 10193
23148, 4128
12616, 4128
16100, 4128
15625, 4128
4128, 16346
13816, 4129
4129, 15197
17658, 4130
24216, 4130
4130, 27353
13977, 4131
4131, 29331
14296, 4132
4132, 13399
29943, 4133
4133, 12259
24108, 4134
4134, 25316
18382, 4135
4135, 18955
27019, 4136
4136, 22205
11507, 4137
4137, 12497
23815, 4138
29603, 4138
4138, 24552
18018, 4139
4139, 22566
10318, 4140
19496, 4140
4140, 24665
11080, 4141
21059, 4141
15476, 4141
20453, 4141
4141, 16073
20769, 4142
4142, 18807
29169, 4143
4143, 22876
12111, 4144
10896, 4144
26241, 4144
24072, 4144
18886, 4144
26970, 4144
30049, 4144
4144, 11893
20840, 4145
4145, 15749
13906, 4146
4146, 9250
18813, 4147
4147, 30166
4147, 27208
15516, 4148
4148, 26598
26808, 4149
15683, 4149
4149, 10633
11849, 4150
13610, 4150
4150, 16542
4150, 29935
30005, 4151
4151, 21322
13392, 4152
4152, 15564
24436, 4153
4153, 16106
14920, 4154
4154, 25825
9621, 4155
4155, 24136
25844, 4156
4156, 24191
10958, 4157
18405, 4157
30128, 4157
4157, 16718
20664, 4158
4158, 26007
15532, 4159
4159, 15217
14957, 4160
4160, 11880
4160, 18644
4160, 11998
16559, 4161
11594, 4161
11904, 4161
22742, 4161
4161, 18672
4161, 15780
18210, 4162
4162, 19063
29048, 4163
4163, 27743
16139, 4164
25630, 4164
30034, 4164
22819, 4164
16060, 4164
11890, 4164
17209, 4164
29939, 4164
19330, 4164
15138, 4164
10538, 4164
9917, 4164
27213, 4164
15114, 4164
16631, 4164
29796, 4164
12808, 4164
10312, 4164
22219, 4164
4164, 19962
24571, 4165
14556, 4165
4165, 20109
22494, 4166
4166, 26033
9357, 4167
27525, 4167
26484, 4167
23773, 4167
21480, 4167
30066, 4167
11215, 4167
11159, 4167
13165, 4167
4167, 28129
4167, 28266
10297, 4168
25606, 4168
4168, 23012
11207, 4169
24873, 4169
16489, 4169
4169, 20959
4169, 13129
22653, 4170
4170, 22459
20712, 4171
4171, 14882
14799, 4172
24652, 4172
4172, 15166
4172, 21728
4172, 12919
4172, 18894
4172, 12033
17387, 4173
17642, 4173
26628, 4173
10280, 4173
9799, 4173
19147, 4173
13804, 4173
27610, 4173
14684, 4173
22546, 4173
28772, 4173
29567, 4173
26433, 4173
10607, 4173
11965, 4173
16994, 4173
12648, 4173
19127, 4173
21388, 4173
27991, 4173
4173, 20846
18577, 4174
4174, 12813
18596, 4175
4175, 16695
22736, 4176
4176, 25608
4176, 21133
20663, 4177
28287, 4177
4177, 15654
20428, 4178
4178, 27017
11635, 4179
4179, 25470
22939, 4180
4180, 18286
27435, 4181
4181, 24348
13816, 4182
4182, 23440
15903, 4183
4183, 30060
17913, 4184
12465, 4184
21860, 4184
26197, 4184
10722, 4184
4184, 28007
20145, 4185
21881, 4185
12610, 4185
11937, 4185
21219, 4185
17691, 4185
13964, 4185
27923, 4185
10285, 4185
19708, 4185
20062, 4185
18377, 4185
10656, 4185
22472, 4185
20548, 4185
21176, 4185
26592, 4185
11230, 4185
14408, 4185
29980, 4185
26604, 4185
12302, 4185
12487, 4185
26794, 4185
11442, 4185
15771, 4185
25288, 4185
24382, 4185
11758, 4185
13106, 4185
24532, 4185
29069, 4185
28675, 4185
13178, 4185
13942, 4185
20012, 4185
23984, 4185
15759, 4185
15458, 4185
14892, 4185
26833, 4185
20598, 4185
14520, 4185
27164, 4185
12141, 4185
4185, 19857
28491, 4186
15175, 4186
4186, 21275
4186, 13800
29093, 4187
4187, 25978
26418, 4188
21798, 4188
4188, 29895
9623, 4189
22514, 4189
24228, 4189
28977, 4189
28343, 4189
25384, 4189
11886, 4189
19028, 4189
4189, 9726
29052, 4190
4190, 29064
29943, 4191
4191, 14958
15641, 4192
13932, 4192
19234, 4192
13857, 4192
18966, 4192
4192, 15581
17584, 4193
4193, 25671
10620, 4194
4194, 13505
25505, 4195
4195, 29148
29943, 4196
4196, 26050
9602, 4197
4197, 15088
28296, 4198
23864, 4198
4198, 10402
29065, 4199
4199, 14178
24970, 4200
4200, 9674
4200, 26596
23835, 4201
10471, 4201
15587, 4201
18675, 4201
28030, 4201
12554, 4201
4201, 16694
28426, 4202
15625, 4202
4202, 28255
9965, 4203
4203, 16731
16108, 4204
4204, 13739
25671, 4205
21212, 4205
4205, 12962
13470, 4206
4206, 9981
15460, 4207
17464, 4207
27516, 4207
12291, 4207
15297, 4207
21891, 4207
29236, 4207
22384, 4207
10616, 4207
4207, 18520
4207, 25375
22912, 4208
4208, 20830
29943, 4209
4209, 16433
25145, 4210
17169, 4210
4210, 15527
9422, 4211
27493, 4211
4211, 23660
21113, 4212
15723, 4212
14261, 4212
25488, 4212
25230, 4212
4212, 9984
15167, 4213
4213, 23586
21654, 4214
4214, 18280
4214, 21205
23313, 4215
12886, 4215
22127, 4215
4215, 19561
18067, 4216
4216, 10661
27131, 4217
4217, 24442
12854, 4218
4218, 24565
21682, 4219
4219, 28690
16433, 4220
27099, 4220
18952, 4220
23513, 4220
28788, 4220
11547, 4220
4220, 10327
27959, 4221
4221, 12967
16421, 4222
4222, 27743
4222, 11836
14212, 4223
4223, 21173
4223, 13798
4223, 27966
18649, 4224
10195, 4224
18112, 4224
18160, 4224
22157, 4224
21926, 4224
12842, 4224
4224, 15160
22783, 4225
4225, 26281
4225, 16594
27291, 4226
12758, 4226
25756, 4226
4226, 18125
4226, 16265
21987, 4227
4227, 15578
15998, 4228
4228, 27173
11769, 4229
4229, 9498
14296, 4230
4230, 13399
28655, 4231
4231, 18619
10119, 4232
4232, 24219
20689, 4233
4233, 22142
4233, 20089
27715, 4234
4234, 27389
4234, 18623
15280, 4235
4235, 13445
10102, 4236
4236, 28403
4236, 17402
28241, 4237
4237, 21743
17264, 4238
28358, 4238
4238, 20353
4238, 16351
29943, 4239
4239, 22826
12755, 4240
4240, 22741
20092, 4241
23362, 4241
4241, 25362
17375, 4242
13482, 4242
4242, 24648
4242, 21101
4242, 11202
4242, 19270
4242, 13103
4242, 10999
4242, 24627
4242, 22907
4242, 21414
4242, 29394
26450, 4243
4243, 13593
4243, 9883
4243, 24672
14310, 4244
4244, 25602
4244, 22902
4244, 12593
10865, 4245
4245, 25980
9183, 4246
4246, 19987
16099, 4247
4247, 11510
25365, 4248
4248, 21632
29943, 4249
4249, 27129
19287, 4250
4250, 20885
4250, 23025
17564, 4251
4251, 20985
4251, 14011
4251, 27278
19842, 4252
4252, 25475
16474, 4253
4253, 18291
25250, 4254
4254, 27795
4254, 14537
16151, 4255
4255, 10299
26079, 4256
4256, 29274
4256, 25252
27289, 4257
4257, 28228
27066, 4258
4258, 15258
12156, 4259
4259, 9345
19880, 4260
28889, 4260
23312, 4260
19207, 4260
4260, 18595
20402, 4261
4261, 24332
16452, 4262
26416, 4262
11023, 4262
14992, 4262
16728, 4262
25379, 4262
4262, 22690
16027, 4263
4263, 15734
22342, 4264
4264, 22070
4264, 11187
15843, 4265
9760, 4265
13390, 4265
4265, 23333
23318, 4266
4266, 10328
9805, 4267
4267, 19007
22113, 4268
4268, 13732
4268, 19773
4268, 23664
25284, 4269
4269, 10453
4269, 13306
4269, 23089
4269, 9515
29095, 4270
15637, 4270
4270, 24695
17690, 4271
19531, 4271
4271, 20935
15013, 4272
18418, 4272
4272, 13053
14296, 4273
4273, 13399
25908, 4274
4274, 14519
17160, 4275
4275, 26537
18345, 4276
4276, 25610
9108, 4277
4277, 27383
16099, 4278
4278, 11510
12747, 4279
24211, 4279
4279, 18829
15183, 4280
4280, 27614
15878, 4281
16970, 4281
4281, 26644
20080, 4282
4282, 25280
4282, 25482
11835, 4283
4283, 24972
18382, 4284
4284, 18955
15577, 4285
4285, 15128
21652, 4286
4286, 26925
29943, 4287
4287, 21917
17371, 4288
17420, 4288
18934, 4288
4288, 12961
18004, 4289
4289, 23736
18518, 4290
4290, 17433
21473, 4291
4291, 12673
4291, 23167
4291, 13242
20295, 4292
4292, 25925
26711, 4293
20449, 4293
4293, 12424
23404, 4294
14365, 4294
20274, 4294
21596, 4294
4294, 15087
10825, 4295
4295, 18331
27339, 4296
4296, 29714
4296, 20918
21452, 4297
4297, 22617
17719, 4298
4298, 30035
15940, 4299
4299, 25006
16511, 4300
4300, 14491
4300, 30073
4300, 9099
4300, 13049
13802, 4301
4301, 21667
18032, 4302
24625, 4302
28046, 4302
13865, 4302
18559, 4302
4302, 29357
19698, 4303
4303, 15384
14177, 4304
4304, 24907
4304, 20172
12371, 4305
4305, 21864
24889, 4306
4306, 25536
15060, 4307
4307, 20083
4307, 25362
4307, 9534
26561, 4308
4308, 13004
4308, 10809
4308, 19830
4308, 12724
29105, 4309
4309, 14223
23764, 4310
27526, 4310
24275, 4310
26101, 4310
21922, 4310
19308, 4310
4310, 25362
16511, 4311
4311, 12569
4311, 28852
4311, 12668
13712, 4312
13035, 4312
4312, 27704
22690, 4313
12586, 4313
16477, 4313
13021, 4313
15801, 4313
28498, 4313
4313, 28485
12367, 4314
4314, 11229
26089, 4315
4315, 10885
25561, 4316
4316, 24440
25612, 4317
4317, 19172
10481, 4318
4318, 17009
24490, 4319
4319, 14130
16373, 4320
4320, 21201
24442, 4321
14540, 4321
4321, 13951
16812, 4322
4322, 28152
23083, 4323
4323, 27653
13724, 4324
15642, 4324
20595, 4324
4324, 29123
17306, 4325
4325, 29192
4325, 18183
9493, 4326
4326, 12036
4326, 9883
4326, 17777
25485, 4327
4327, 12330
15768, 4328
4328, 29126
16908, 4329
17863, 4329
4329, 23555
24276, 4330
4330, 27843
23553, 4331
4331, 17209
11402, 4332
4332, 15346
15069, 4333
4333, 14877
4333, 16234
26243, 4334
4334, 23049
4334, 10919
4334, 13257
4334, 17447
18236, 4335
4335, 17171
26734, 4336
4336, 12597
17335, 4337
4337, 29950
23709, 4338
4338, 9736
4338, 24932
17267, 4339
4339, 15645
21446, 4340
4340, 20334
15577, 4341
4341, 9223
18800, 4342
4342, 10338
10432, 4343
4343, 14595
4343, 17104
9866, 4344
19669, 4344
4344, 29431
28462, 4345
4345, 23811
21611, 4346
4346, 13453
12084, 4347
14677, 4347
17395, 4347
22402, 4347
23626, 4347
19196, 4347
24362, 4347
14951, 4347
9432, 4347
4347, 29079
4347, 13063
4347, 25760
4347, 15310
21801, 4348
4348, 13345
13218, 4349
4349, 28989
21804, 4350
4350, 24836
20345, 4351
4351, 13055
14542, 4352
4352, 17625
26610, 4353
4353, 28374
4353, 14465
22972, 4354
4354, 22983
29406, 4355
4355, 13240
19387, 4356
4356, 14676
4356, 24786
4356, 14178
4356, 29814
13013, 4357
4357, 26322
12308, 4358
4358, 28196
17009, 4359
11172, 4359
4359, 9555
11820, 4360
4360, 16327
4360, 13115
14978, 4361
4361, 16778
15853, 4362
4362, 10392
22808, 4363
4363, 27062
4363, 10727
22939, 4364
4364, 19226
17766, 4365
4365, 21911
4365, 12578
23598, 4366
4366, 21723
12625, 4367
4367, 18000
11850, 4368
4368, 21245
19104, 4369
4369, 9593
11754, 4370
4370, 28379
16511, 4371
4371, 21684
4371, 28556
4371, 15252
16582, 4372
18003, 4372
15433, 4372
27047, 4372
18902, 4372
13399, 4372
24787, 4372
28679, 4372
10467, 4372
20083, 4372
20049, 4372
12775, 4372
16552, 4372
28925, 4372
12967, 4372
21243, 4372
25837, 4372
29760, 4372
9949, 4372
24467, 4372
18601, 4372
16850, 4372
9775, 4372
28104, 4372
16604, 4372
17207, 4372
14223, 4372
21818, 4372
20360, 4372
21736, 4372
25021, 4372
20000, 4372
18955, 4372
16556, 4372
16632, 4372
9906, 4372
18159, 4372
29246, 4372
14577, 4372
17711, 4372
17793, 4372
20136, 4372
25910, 4372
26783, 4372
23440, 4372
25252, 4372
16790, 4372
21723, 4372
23347, 4372
26598, 4372
15355, 4372
11664, 4372
19165, 4372
16510, 4372
22837, 4372
27821, 4372
23004, 4372
13327, 4372
12331, 4372
25772, 4372
19184, 4372
9988, 4372
9142, 4372
19638, 4372
26786, 4372
13876, 4372
11288, 4372
24808, 4372
17130, 4372
26185, 4372
15645, 4372
17859, 4372
27068, 4372
26815, 4372
14402, 4372
14117, 4372
4372, 29943
4372, 19963
11564, 4373
4373, 21263
11930, 4374
4374, 12375
27808, 4375
4375, 11547
21161, 4376
4376, 23604
9433, 4377
4377, 10493
16997, 4378
4378, 23338
18146, 4379
4379, 13784
16800, 4380
4380, 15983
13073, 4381
24044, 4381
4381, 19509
10403, 4382
4382, 19824
18584, 4383
4383, 12066
12617, 4384
4384, 12623
19111, 4385
4385, 25669
19986, 4386
18360, 4386
16045, 4386
20336, 4386
10911, 4386
27569, 4386
4386, 19886
13816, 4387
4387, 23440
10229, 4388
4388, 20434
23239, 4389
4389, 22497
4389, 20140
4389, 27501
29943, 4390
4390, 10176
14327, 4391
9617, 4391
4391, 9242
9928, 4392
4392, 14268
14020, 4393
4393, 11235
13986, 4394
4394, 21451
25959, 4395
4395, 12829
4395, 18535
4395, 24669
4395, 26185
17003, 4396
4396, 25625
14632, 4397
4397, 25423
29933, 4398
4398, 13038
23548, 4399
29675, 4399
10189, 4399
4399, 19149
29234, 4400
4400, 12968
24353, 4401
4401, 16392
22702, 4402
4402, 14440
10710, 4403
4403, 14815
29943, 4404
4404, 19542
20024, 4405
4405, 23982
22410, 4406
4406, 25167
20913, 4407
4407, 15711
19637, 4408
17976, 4408
22043, 4408
4408, 17006
20094, 4409
4409, 23797
4409, 21064
4409, 21437
19391, 4410
4410, 11598
20806, 4411
13529, 4411
4411, 16158
19525, 4412
4412, 16441
25434, 4413
4413, 24336
19491, 4414
14455, 4414
19444, 4414
15693, 4414
4414, 14221
21147, 4415
17575, 4415
28752, 4415
13429, 4415
4415, 16484
18577, 4416
4416, 22435
22433, 4417
4417, 18645
26350, 4418
4418, 28561
29943, 4419
4419, 23110
27960, 4420
4420, 25309
10779, 4421
28622, 4421
4421, 15910
26589, 4422
4422, 17784
26503, 4423
23826, 4423
4423, 14117
4423, 9282
4423, 18945
28990, 4424
4424, 27743
4424, 16043
4424, 29787
18792, 4425
4425, 20546
13101, 4426
4426, 16216
29002, 4427
4427, 16194
14296, 4428
4428, 13399
18859, 4429
4429, 29607
20163, 4430
25759, 4430
11352, 4430
20513, 4430
19152, 4430
25217, 4430
18740, 4430
14549, 4430
19882, 4430
27490, 4430
26118, 4430
18308, 4430
17673, 4430
9155, 4430
27265, 4430
15377, 4430
27353, 4430
4430, 18148
23443, 4431
29181, 4431
21294, 4431
16695, 4431
22258, 4431
10329, 4431
14083, 4431
20642, 4431
20507, 4431
22382, 4431
21133, 4431
24354, 4431
9459, 4431
15478, 4431
16919, 4431
24152, 4431
12406, 4431
22741, 4431
13511, 4431
11238, 4431
25752, 4431
26446, 4431
13732, 4431
16251, 4431
10803, 4431
16796, 4431
26900, 4431
10699, 4431
28125, 4431
14086, 4431
19667, 4431
15802, 4431
13378, 4431
19756, 4431
22305, 4431
12550, 4431
4431, 18511
15625, 4432
17202, 4432
19419, 4432
4432, 17473
12925, 4433
4433, 19508
27023, 4434
4434, 20352
4434, 27990
23177, 4435
4435, 19143
22796, 4436
14093, 4436
30072, 4436
4436, 26587
28038, 4437
4437, 23219
4437, 16507
25300, 4438
4438, 25117
13661, 4439
4439, 19117
23094, 4440
26419, 4440
26031, 4440
23639, 4440
22407, 4440
19654, 4440
22215, 4440
15087, 4440
13481, 4440
19018, 4440
29262, 4440
17188, 4440
18477, 4440
22868, 4440
15819, 4440
24698, 4440
24682, 4440
24426, 4440
28527, 4440
20249, 4440
14985, 4440
25151, 4440
16986, 4440
10538, 4440
21267, 4440
16896, 4440
12082, 4440
9888, 4440
25405, 4440
15279, 4440
19751, 4440
28609, 4440
4440, 13995
22958, 4441
11102, 4441
4441, 23453
15416, 4442
4442, 23158
13002, 4443
4443, 22805
23611, 4444
4444, 28393
21085, 4445
19182, 4445
4445, 11416
4445, 17830
9690, 4446
4446, 11155
14871, 4447
4447, 20522
26517, 4448
23861, 4448
4448, 12256
4448, 11724
15655, 4449
11355, 4449
4449, 13909
17081, 4450
4450, 18807
23978, 4451
4451, 25940
4451, 24092
29943, 4452
4452, 11756
17880, 4453
4453, 29760
24923, 4454
4454, 18308
22774, 4455
4455, 27798
30186, 4456
4456, 23597
10472, 4457
4457, 13515
4457, 10151
4457, 12126
28524, 4458
25638, 4458
4458, 18502
15577, 4459
4459, 19520
16617, 4460
4460, 14676
4460, 10911
4460, 22874
4460, 16807
19055, 4461
4461, 24285
23671, 4462
22774, 4462
4462, 25933
16055, 4463
4463, 12943
19442, 4464
4464, 20416
22178, 4465
4465, 25794
27141, 4466
9970, 4466
27667, 4466
4466, 14482
4466, 27582
28555, 4467
12157, 4467
28793, 4467
11796, 4467
11474, 4467
4467, 9527
13560, 4468
4468, 15932
25289, 4469
22546, 4469
22259, 4469
4469, 14017
20222, 4470
4470, 20296
12028, 4471
4471, 29417
18808, 4472
4472, 22807
4472, 19518
18811, 4473
25029, 4473
29252, 4473
17491, 4473
22741, 4473
14354, 4473
11867, 4473
4473, 21324
13066, 4474
19552, 4474
21610, 4474
21885, 4474
25570, 4474
12230, 4474
19860, 4474
14535, 4474
4474, 25517
4474, 29428
4474, 11914
30001, 4475
25806, 4475
4475, 23527
9236, 4476
4476, 27988
28606, 4477
4477, 23798
9696, 4478
4478, 11308
29943, 4479
4479, 22357
19029, 4480
29894, 4480
4480, 27298
26892, 4481
4481, 29191
23364, 4482
4482, 14644
15490, 4483
4483, 18128
4483, 26117
29028, 4484
4484, 16045
4484, 27166
21556, 4485
4485, 22549
22449, 4486
4486, 30052
10668, 4487
4487, 24398
4487, 20969
21459, 4488
11670, 4488
16849, 4488
24655, 4488
14122, 4488
10962, 4488
29023, 4488
25224, 4488
15188, 4488
29231, 4488
4488, 27490
4488, 25252
24926, 4489
4489, 10106
29721, 4490
4490, 10100
18577, 4491
4491, 10353
10225, 4492
4492, 11214
21090, 4493
4493, 24878
12361, 4494
4494, 23144
29793, 4495
4495, 20942
27876, 4496
4496, 10073
26767, 4497
4497, 25460
25266, 4498
15622, 4498
4498, 15171
4498, 12007
4498, 29669
19136, 4499
4499, 16411
17304, 4500
4500, 19292
4500, 14407
15768, 4501
4501, 29126
27152, 4502
27234, 4502
4502, 25165
13010, 4503
9925, 4503
4503, 26818
9771, 4504
4504, 29800
27227, 4505
4505, 17673
4505, 22753
24824, 4506
4506, 13300
4506, 24267
4506, 27744
4506, 9853
14490, 4507
4507, 11253
20106, 4508
4508, 22251
18441, 4509
4509, 21662
29943, 4510
4510, 22775
27048, 4511
4511, 16631
12780, 4512
9711, 4512
11994, 4512
28429, 4512
14935, 4512
19123, 4512
4512, 19374
22732, 4513
4513, 17913
21369, 4514
4514, 13724
4514, 17416
19994, 4515
25560, 4515
4515, 28280
21817, 4516
14808, 4516
4516, 24333
13739, 4517
10699, 4517
4517, 14284
27006, 4518
4518, 28759
22138, 4519
4519, 26479
4519, 11189
4519, 25508
23898, 4520
4520, 15922
30161, 4521
4521, 17620
13816, 4522
4522, 23440
28939, 4523
4523, 16834
21259, 4524
4524, 20358
27309, 4525
21393, 4525
20908, 4525
4525, 28902
22592, 4526
4526, 16289
25394, 4527
16958, 4527
4527, 22821
20037, 4528
4528, 18139
23721, 4529
4529, 27514
29943, 4530
4530, 21704
18630, 4531
4531, 25996
4531, 29414
4531, 19568
22564, 4532
4532, 23595
26005, 4533
4533, 18952
19721, 4534
28660, 4534
4534, 21298
26952, 4535
13143, 4535
4535, 19581
4535, 16713
4535, 14725
20768, 4536
4536, 26747
15209, 4537
4537, 27094
29701, 4538
4538, 16334
11424, 4539
4539, 13394
4539, 9105
21967, 4540
4540, 17944
11025, 4541
28002, 4541
4541, 28676
15577, 4542
4542, 13904
15953, 4543
4543, 10628
11281, 4544
4544, 28218
18442, 4545
4545, 20390
22884, 4546
9223, 4546
16970, 4546
4546, 21383
13666, 4547
4547, 28143
9660, 4548
4548, 29294
17159, 4549
13834, 4549
4549, 18911
4549, 26853
4549, 21718
19180, 4550
28220, 4550
25593, 4550
4550, 23149
16511, 4551
4551, 24115
4551, 19159
4551, 27866
10877, 4552
4552, 29372
19384, 4553
20251, 4553
23264, 4553
17231, 4553
4553, 17296
21359, 4554
4554, 14342
14217, 4555
22649, 4555
4555, 27049
9852, 4556
4556, 20382
14123, 4557
4557, 13025
4557, 20186
4557, 12405
15678, 4558
13886, 4558
4558, 14773
17027, 4559
4559, 15977
27533, 4560
9512, 4560
4560, 26017
29943, 4561
4561, 22169
21626, 4562
4562, 10453
4562, 28371
25386, 4563
4563, 27619
28797, 4564
4564, 17009
4564, 18233
25105, 4565
4565, 20025
23938, 4566
4566, 27699
18577, 4567
4567, 22435
24307, 4568
4568, 16788
17766, 4569
4569, 21911
4569, 12578
11101, 4570
29627, 4570
4570, 9849
15634, 4571
21771, 4571
25416, 4571
4571, 11408
29441, 4572
4572, 10803
4572, 29101
27769, 4573
4573, 23831
27644, 4574
4574, 24372
23349, 4575
4575, 13560
17988, 4576
4576, 13804
29882, 4577
4577, 22465
22559, 4578
4578, 14890
13816, 4579
4579, 29893
22026, 4580
29006, 4580
24216, 4580
4580, 20806
13436, 4581
4581, 25312
4581, 14866
4581, 17949
28179, 4582
12827, 4582
4582, 22799
4582, 19966
4582, 20602
16151, 4583
4583, 10299
26007, 4584
23750, 4584
4584, 29125
22447, 4585
4585, 29697
4585, 21311
15440, 4586
4586, 21476
4586, 15080
20383, 4587
4587, 15420
28807, 4588
4588, 30159
12893, 4589
4589, 21462
18093, 4590
4590, 16303
21263, 4591
16507, 4591
4591, 13634
17190, 4592
4592, 26419
28093, 4593
4593, 22043
29943, 4594
4594, 21345
23239, 4595
4595, 28502
16230, 4596
13553, 4596
4596, 15890
4596, 11410
4596, 29960
27240, 4597
17157, 4597
4597, 19174
17366, 4598
4598, 11596
17388, 4599
4599, 26434
27646, 4600
23109, 4600
9817, 4600
4600, 13393
23070, 4601
4601, 22839
14012, 4602
4602, 27626
18483, 4603
4603, 14852
4603, 18955
13990, 4604
4604, 23419
20063, 4605
4605, 20862
28973, 4606
4606, 19982
11715, 4607
4607, 17061
24599, 4608
4608, 27725
11226, 4609
4609, 30001
4609, 28598
17825, 4610
4610, 15228
17951, 4611
4611, 16528
18880, 4612
4612, 9992
4612, 24387
4612, 15635
4612, 16770
4612, 14348
13188, 4613
17444, 4613
20896, 4613
23936, 4613
11629, 4613
4613, 25053
4613, 14019
11051, 4614
4614, 29695
23472, 4615
4615, 13657
19415, 4616
4616, 18041
26910, 4617
13664, 4617
23039, 4617
9915, 4617
15270, 4617
29133, 4617
12460, 4617
22199, 4617
11817, 4617
12102, 4617
9864, 4617
20460, 4617
21285, 4617
12208, 4617
16309, 4617
4617, 18460
12357, 4618
4618, 18020
4618, 11613
29943, 4619
4619, 18383
4619, 9765
23239, 4620
4620, 21827
13340, 4621
4621, 18542
26308, 4622
4622, 17518
4622, 29088
16114, 4623
16998, 4623
9124, 4623
24257, 4623
11312, 4623
9757, 4623
21869, 4623
28056, 4623
20692, 4623
24134, 4623
28483, 4623
15912, 4623
21657, 4623
23202, 4623
20540, 4623
11823, 4623
25044, 4623
23939, 4623
30156, 4623
4623, 23668
23200, 4624
15734, 4624
4624, 24661
17018, 4625
4625, 26687
18340, 4626
4626, 21172
4626, 12427
20562, 4627
4627, 22979
4627, 21768
13622, 4628
4628, 26264
28796, 4629
4629, 25042
17489, 4630
4630, 27000
25216, 4631
4631, 11321
20469, 4632
4632, 17007
13622, 4633
4633, 17813
29943, 4634
4634, 22074
10998, 4635
22442, 4635
4635, 26857
10567, 4636
4636, 9451
15667, 4637
22567, 4637
29825, 4637
22293, 4637
15153, 4637
4637, 12006
20196, 4638
4638, 17416
29943, 4639
4639, 12586
29956, 4640
4640, 11489
20289, 4641
4641, 23432
25136, 4642
17942, 4642
14540, 4642
4642, 11086
29943, 4643
4643, 15533
29786, 4644
4644, 24570
11489, 4645
19227, 4645
17940, 4645
15354, 4645
15328, 4645
26419, 4645
23208, 4645
28610, 4645
23660, 4645
26113, 4645
16257, 4645
18124, 4645
28118, 4645
10737, 4645
10534, 4645
27901, 4645
21857, 4645
26042, 4645
19511, 4645
29804, 4645
10719, 4645
20440, 4645
22166, 4645
24861, 4645
12076, 4645
26887, 4645
14644, 4645
27539, 4645
22031, 4645
20615, 4645
10372, 4645
16826, 4645
21705, 4645
11417, 4645
18761, 4645
15076, 4645
19162, 4645
24772, 4645
24699, 4645
18544, 4645
4645, 24083
9993, 4646
4646, 16879
4646, 12505
4646, 21441
17307, 4647
4647, 11060
4647, 9277
18241, 4648
4648, 15656
12415, 4649
19375, 4649
4649, 29016
4649, 26537
24958, 4650
4650, 28433
21967, 4651
4651, 17944
20507, 4652
29027, 4652
18569, 4652
22645, 4652
4652, 22389
22099, 4653
4653, 23370
23354, 4654
4654, 12909
18874, 4655
17839, 4655
4655, 25362
4655, 18305
14828, 4656
4656, 22837
24216, 4657
4657, 25828
11346, 4658
4658, 15013
4658, 18167
21411, 4659
4659, 21482
15577, 4660
4660, 10078
23409, 4661
4661, 26217
16511, 4662
4662, 19441
4662, 24115
4662, 9867
11566, 4663
18476, 4663
4663, 17857
23612, 4664
4664, 25975
23239, 4665
4665, 16672
4665, 11185
28827, 4666
4666, 20393
20779, 4667
4667, 22430
4667, 15400
4667, 20821
4667, 25555
19523, 4668
4668, 17767
4668, 12283
4668, 28682
4668, 10453
14245, 4669
4669, 26615
4669, 20924
4669, 11995
24334, 4670
4670, 10694
11616, 4671
13593, 4671
29649, 4671
4671, 16868
14267, 4672
26079, 4672
16980, 4672
4672, 26062
4672, 25252
23239, 4673
4673, 29827
4673, 11650
13883, 4674
4674, 14585
21515, 4675
13012, 4675
4675, 28575
17567, 4676
21456, 4676
4676, 18190
12065, 4677
4677, 15353
4677, 26929
24221, 4678
4678, 23396
15369, 4679
25211, 4679
16884, 4679
18923, 4679
17819, 4679
4679, 25232
4679, 24874
28968, 4680
4680, 26233
24047, 4681
21018, 4681
27543, 4681
4681, 19187
4681, 24272
29184, 4682
4682, 13676
26842, 4683
4683, 20083
12234, 4684
4684, 23071
28710, 4685
4685, 21998
15410, 4686
4686, 14684
11855, 4687
10628, 4687
4687, 22633
26361, 4688
4688, 15493
15577, 4689
4689, 18030
16511, 4690
4690, 13572
24571, 4691
21245, 4691
9824, 4691
26007, 4691
14230, 4691
18337, 4691
18183, 4691
16512, 4691
29064, 4691
24640, 4691
4691, 12098
23512, 4692
4692, 29712
24449, 4693
4693, 25058
19403, 4694
20891, 4694
4694, 17942
26444, 4695
25964, 4695
24188, 4695
4695, 27012
15050, 4696
4696, 13669
9347, 4697
20921, 4697
19668, 4697
16758, 4697
4697, 15645
10959, 4698
12754, 4698
4698, 13052
12983, 4699
4699, 13517
29764, 4700
30031, 4700
13944, 4700
4700, 14347
29943, 4701
4701, 27254
30150, 4702
14529, 4702
4702, 25362
4702, 20042
14489, 4703
4703, 16967
23308, 4704
28734, 4704
15225, 4704
4704, 12047
13259, 4705
4705, 18992
14322, 4706
13629, 4706
13987, 4706
4706, 29817
4706, 28443
16898, 4707
4707, 19225
12201, 4708
4708, 17482
23079, 4709
4709, 19368
24263, 4710
10952, 4710
21532, 4710
18033, 4710
14894, 4710
17293, 4710
29614, 4710
26524, 4710
4710, 12010
17028, 4711
4711, 18648
24375, 4712
13608, 4712
16424, 4712
4712, 21897
13207, 4713
4713, 17258
29332, 4714
4714, 16201
25780, 4715
22728, 4715
28578, 4715
4715, 22186
13597, 4716
4716, 14648
4716, 16095
10809, 4717
30069, 4717
4717, 23641
24133, 4718
4718, 17477
22341, 4719
22025, 4719
16924, 4719
18281, 4719
17588, 4719
12149, 4719
4719, 18118
17712, 4720
9110, 4720
4720, 24183
14593, 4721
4721, 18609
29943, 4722
4722, 25051
17009, 4723
9785, 4723
29421, 4723
18623, 4723
21514, 4723
20187, 4723
28162, 4723
13769, 4723
16096, 4723
12350, 4723
26029, 4723
12108, 4723
22575, 4723
14135, 4723
9802, 4723
15837, 4723
28739, 4723
18171, 4723
23697, 4723
29372, 4723
9606, 4723
24111, 4723
28488, 4723
10360, 4723
27271, 4723
4723, 29601
20339, 4724
4724, 16251
21847, 4725
4725, 22127
10886, 4726
15790, 4726
4726, 26304
4726, 27352
4726, 19760
4726, 28696
4726, 13286
4726, 29195
4726, 21021
4726, 14683
4726, 13048
4726, 23963
4726, 12132
4726, 18055
4726, 27447
4726, 14650
4726, 12910
4726, 21441
4726, 17377
4726, 22961
4726, 11483
4726, 15744
4726, 21464
4726, 29556
4726, 29846
18260, 4727
4727, 11727
27324, 4728
24408, 4728
20492, 4728
4728, 18655
18018, 4729
4729, 22566
29943, 4730
4730, 15467
23239, 4731
4731, 27337
18608, 4732
4732, 26162
13047, 4733
4733, 11064
14028, 4734
4734, 15013
4734, 19484
4734, 13050
9640, 4735
4735, 26573
27398, 4736
23344, 4736
21152, 4736
4736, 11963
19829, 4737
4737, 24554
21878, 4738
4738, 10737
20936, 4739
4739, 29954
14014, 4740
4740, 21785
14638, 4741
4741, 28511
13743, 4742
15275, 4742
22917, 4742
4742, 9539
26757, 4743
22833, 4743
4743, 20790
9427, 4744
4744, 21027
20399, 4745
10747, 4745
4745, 13249
24849, 4746
4746, 25965
25374, 4747
4747, 10719
24583, 4748
4748, 23032
4748, 11321
4748, 15586
11144, 4749
4749, 24571
17042, 4750
4750, 28433
25631, 4751
4751, 9600
4751, 9338
4751, 10396
4751, 16819
20703, 4752
4752, 25252
12750, 4753
22774, 4753
4753, 14986
4753, 10794
18873, 4754
4754, 10796
29892, 4755
4755, 18955
21986, 4756
4756, 9363
17568, 4757
4757, 27145
29016, 4758
9542, 4758
20273, 4758
28363, 4758
4758, 11580
25695, 4759
4759, 15241
4759, 28640
18820, 4760
4760, 18955
28468, 4761
4761, 27989
4761, 23713
13368, 4762
4762, 11610
20365, 4763
21361, 4763
4763, 26401
16399, 4764
4764, 20850
21578, 4765
25048, 4765
4765, 25546
4765, 20746
25363, 4766
4766, 24878
22058, 4767
4767, 17587
15265, 4768
4768, 11288
23614, 4769
4769, 17647
23545, 4770
4770, 26068
26622, 4771
16115, 4771
14816, 4771
15993, 4771
10762, 4771
20107, 4771
12882, 4771
25542, 4771
9689, 4771
16281, 4771
4771, 28292
11330, 4772
20477, 4772
22681, 4772
27987, 4772
20358, 4772
4772, 16578
19501, 4773
4773, 14781
16961, 4774
4774, 19428
18944, 4775
11750, 4775
4775, 15678
17832, 4776
4776, 14849
29943, 4777
4777, 24157
18688, 4778
4778, 16326
4778, 22133
10203, 4779
4779, 14778
15577, 4780
4780, 28510
10004, 4781
4781, 21476
9967, 4782
4782, 26071
10971, 4783
4783, 21474
24158, 4784
4784, 25136
29867, 4785
22401, 4785
13992, 4785
20900, 4785
4785, 23020
29943, 4786
4786, 16433
19637, 4787
20794, 4787
14819, 4787
4787, 14720
17603, 4788
4788, 15028
9787, 4789
4789, 20477
19742, 4790
15607, 4790
4790, 26343
17410, 4791
4791, 17329
30215, 4792
4792, 14049
20551, 4793
4793, 14031
25518, 4794
4794, 22776
4794, 29456
14162, 4795
4795, 22947
27231, 4796
4796, 9824
22612, 4797
4797, 27245
15999, 4798
29543, 4798
4798, 22488
13530, 4799
4799, 25782
4799, 11297
22433, 4800
4800, 29430
16925, 4801
4801, 11172
29522, 4802
10269, 4802
4802, 20136
19701, 4803
16370, 4803
24242, 4803
29087, 4803
19183, 4803
25108, 4803
12628, 4803
25446, 4803
21033, 4803
10055, 4803
12922, 4803
4803, 27698
4803, 29360
4803, 19974
4803, 17679
26483, 4804
4804, 13967
28271, 4805
4805, 16406
11514, 4806
4806, 12331
14362, 4807
11471, 4807
4807, 19897
4807, 29109
4807, 24637
18982, 4808
24621, 4808
10949, 4808
9689, 4808
26182, 4808
17096, 4808
25898, 4808
20694, 4808
17833, 4808
26567, 4808
19606, 4808
22773, 4808
21045, 4808
29783, 4808
21510, 4808
26498, 4808
11225, 4808
18899, 4808
4808, 28896
27743, 4809
15564, 4809
23505, 4809
4809, 29631
16715, 4810
25562, 4810
15671, 4810
25940, 4810
14255, 4810
16084, 4810
22645, 4810
22584, 4810
28720, 4810
4810, 12285
29943, 4811
4811, 10367
22012, 4812
9408, 4812
4812, 17787
10398, 4813
4813, 13539
4813, 30189
4813, 12262
4813, 27235
4813, 18275
20852, 4814
4814, 9482
27464, 4815
4815, 14653
29905, 4816
23876, 4816
23619, 4816
18308, 4816
4816, 19275
13186, 4817
4817, 18402
15516, 4818
4818, 28948
13816, 4819
4819, 23440
24436, 4820
4820, 12050
18109, 4821
4821, 20587
4821, 10838
29657, 4822
4822, 22031
11434, 4823
4823, 21912
24781, 4824
4824, 12202
24302, 4825
4825, 16497
21925, 4826
4826, 13214
18539, 4827
4827, 13239
27301, 4828
19502, 4828
4828, 25362
4828, 27745
4828, 18867
12497, 4829
15429, 4829
4829, 12400
22290, 4830
4830, 26392
4830, 9883
4830, 24234
12954, 4831
4831, 26655
29388, 4832
4832, 26373
18386, 4833
4833, 18034
9776, 4834
9348, 4834
4834, 9130
4834, 12251
4834, 20340
4834, 22720
4834, 11140
4834, 17814
20811, 4835
4835, 20665
18642, 4836
4836, 15185
25215, 4837
4837, 21898
24168, 4838
4838, 22973
4838, 22953
4838, 28932
4838, 26366
4838, 28200
4838, 20661
23792, 4839
4839, 28746
10156, 4840
4840, 20083
16394, 4841
4841, 30009
20209, 4842
4842, 24929
4842, 25721
23928, 4843
4843, 18590
15104, 4844
29126, 4844
18058, 4844
24585, 4844
25058, 4844
17029, 4844
18473, 4844
14537, 4844
17769, 4844
11855, 4844
18986, 4844
25330, 4844
10894, 4844
21079, 4844
19428, 4844
22012, 4844
18233, 4844
12594, 4844
26715, 4844
9674, 4844
19152, 4844
29905, 4844
16712, 4844
26112, 4844
15353, 4844
14937, 4844
9257, 4844
19463, 4844
13447, 4844
24527, 4844
14324, 4844
17913, 4844
26573, 4844
9165, 4844
17092, 4844
22129, 4844
17893, 4844
23809, 4844
28071, 4844
24742, 4844
21102, 4844
13959, 4844
29374, 4844
18936, 4844
19955, 4844
16954, 4844
20370, 4844
28034, 4844
22741, 4844
15711, 4844
25800, 4844
29774, 4844
23400, 4844
22957, 4844
27743, 4844
9146, 4844
24442, 4844
30021, 4844
20486, 4844
29475, 4844
13150, 4844
10657, 4844
29565, 4844
28212, 4844
29915, 4844
11297, 4844
11552, 4844
23525, 4844
17673, 4844
14052, 4844
10453, 4844
22753, 4844
23108, 4844
23459, 4844
13740, 4844
11547, 4844
10250, 4844
13601, 4844
17087, 4844
19977, 4844
14384, 4844
16300, 4844
18992, 4844
9363, 4844
19853, 4844
22866, 4844
4844, 20156
10034, 4845
30105, 4845
22888, 4845
18153, 4845
4845, 20992
4845, 18141
4845, 29687
12876, 4846
4846, 21559
10614, 4847
4847, 22154
4847, 19480
11588, 4848
4848, 11791
30154, 4849
14655, 4849
4849, 28843
12574, 4850
4850, 18246
12412, 4851
4851, 22144
28875, 4852
4852, 9441
16069, 4853
26045, 4853
4853, 20486
10084, 4854
4854, 12820
22051, 4855
4855, 17181
26008, 4856
4856, 28621
15719, 4857
4857, 14634
19413, 4858
16124, 4858
19025, 4858
10076, 4858
29743, 4858
18529, 4858
27374, 4858
9921, 4858
4858, 30168
27215, 4859
4859, 16510
23217, 4860
4860, 9988
29193, 4861
4861, 23789
21349, 4862
4862, 9411
15300, 4863
4863, 18987
18085, 4864
4864, 20205
21990, 4865
4865, 17490
21197, 4866
23109, 4866
27317, 4866
27754, 4866
4866, 12568
14412, 4867
4867, 17067
18126, 4868
4868, 14985
29564, 4869
25963, 4869
20765, 4869
10193, 4869
25362, 4869
10353, 4869
25252, 4869
18955, 4869
18920, 4869
4869, 29943
4869, 26594
28731, 4870
4870, 20235
4870, 14666
4870, 16229
20201, 4871
22831, 4871
28700, 4871
24768, 4871
19121, 4871
25396, 4871
27102, 4871
9972, 4871
28280, 4871
16972, 4871
19101, 4871
18871, 4871
20125, 4871
15586, 4871
16216, 4871
23127, 4871
29804, 4871
26080, 4871
17857, 4871
11996, 4871
27730, 4871
26283, 4871
23992, 4871
13265, 4871
21403, 4871
22475, 4871
23684, 4871
16120, 4871
14469, 4871
15748, 4871
21518, 4871
28503, 4871
19548, 4871
25656, 4871
14363, 4871
14502, 4871
10236, 4871
10845, 4871
11429, 4871
15630, 4871
22861, 4871
18727, 4871
11756, 4871
20938, 4871
13790, 4871
19954, 4871
28029, 4871
19535, 4871
11064, 4871
20577, 4871
22781, 4871
9336, 4871
18967, 4871
19873, 4871
16524, 4871
4871, 13995
18742, 4872
4872, 24687
4872, 24865
21442, 4873
4873, 20136
17044, 4874
4874, 14213
10335, 4875
27262, 4875
13123, 4875
10348, 4875
23310, 4875
26245, 4875
4875, 15671
4875, 25966
12279, 4876
4876, 22902
4876, 29262
29602, 4877
4877, 16266
13836, 4878
4878, 27593
4878, 13085
29943, 4879
4879, 27732
27449, 4880
4880, 27259
21466, 4881
4881, 20273
28423, 4882
4882, 9829
29122, 4883
4883, 27679
18612, 4884
4884, 23582
12080, 4885
14115, 4885
18633, 4885
13083, 4885
30173, 4885
4885, 23337
14853, 4886
25976, 4886
17226, 4886
27604, 4886
18778, 4886
22923, 4886
9676, 4886
9309, 4886
11461, 4886
21043, 4886
4886, 27150
21171, 4887
4887, 12555
24317, 4888
4888, 23746
22556, 4889
12373, 4889
25452, 4889
4889, 19511
18154, 4890
4890, 14684
9787, 4891
4891, 20477
25961, 4892
4892, 12491
15302, 4893
4893, 10657
10575, 4894
4894, 13407
26267, 4895
4895, 20163
4895, 17466
4895, 21860
29943, 4896
4896, 23282
29636, 4897
4897, 14223
27080, 4898
4898, 25899
17945, 4899
4899, 19789
10214, 4900
4900, 12942
23898, 4901
4901, 21941
24609, 4902
12772, 4902
4902, 10645
4902, 28091
9275, 4903
4903, 23219
22125, 4904
4904, 10956
4904, 14702
4904, 9778
21635, 4905
12979, 4905
28542, 4905
27964, 4905
4905, 13813
24761, 4906
9849, 4906
10812, 4906
26419, 4906
14753, 4906
15031, 4906
10340, 4906
16252, 4906
26593, 4906
23530, 4906
10127, 4906
21660, 4906
28460, 4906
15876, 4906
29716, 4906
14226, 4906
13537, 4906
29756, 4906
17805, 4906
16640, 4906
27189, 4906
12219, 4906
28548, 4906
20987, 4906
25006, 4906
21122, 4906
28615, 4906
26481, 4906
16066, 4906
24186, 4906
26441, 4906
21075, 4906
29570, 4906
26976, 4906
14448, 4906
16036, 4906
19056, 4906
12605, 4906
20064, 4906
27448, 4906
25626, 4906
18583, 4906
23012, 4906
14418, 4906
12891, 4906
14698, 4906
4906, 24854
28814, 4907
13953, 4907
18911, 4907
4907, 12533
16191, 4908
4908, 12804
4908, 21133
4908, 18374
9330, 4909
9578, 4909
28887, 4909
13202, 4909
4909, 13491
4909, 29552
17726, 4910
4910, 22760
20122, 4911
4911, 14321
4911, 26799
4911, 17362
19888, 4912
4912, 16493
25890, 4913
4913, 26684
15789, 4914
4914, 27317
4914, 23639
4914, 12082
17152, 4915
4915, 25679
4915, 15918
29943, 4916
4916, 23913
10057, 4917
4917, 16739
10432, 4918
4918, 9775
4918, 19533
17752, 4919
4919, 29565
24081, 4920
4920, 11187
4920, 9713
12088, 4921
4921, 30107
4921, 22180
13604, 4922
4922, 15837
14646, 4923
4923, 11584
26166, 4924
4924, 18477
19228, 4925
4925, 13196
14241, 4926
4926, 20759
22862, 4927
14649, 4927
14178, 4927
4927, 27808
26950, 4928
4928, 16045
20844, 4929
4929, 12500
22929, 4930
4930, 29875
28471, 4931
17080, 4931
20314, 4931
4931, 22920
15684, 4932
4932, 9920
24168, 4933
4933, 28027
4933, 19262
4933, 16273
4933, 28396
25781, 4934
29922, 4934
13311, 4934
24356, 4934
4934, 19092
4934, 11271
4934, 24878
4934, 22415
4934, 19177
28930, 4935
4935, 27364
4935, 12927
4935, 14313
4935, 24685
4935, 12378
4935, 28062
4935, 15831
4935, 15616
4935, 18218
4935, 13621
4935, 24509
4935, 22683
4935, 16597
4935, 26111
4935, 17650
4935, 16790
4935, 12551
4935, 28568
4935, 21174
4935, 9663
4935, 10521
4935, 27503
11803, 4936
4936, 23134
29943, 4937
4937, 12907
20946, 4938
4938, 16361
4938, 27137
22019, 4939
4939, 17520
27152, 4940
16304, 4940
4940, 12689
11954, 4941
4941, 10894
22038, 4942
4942, 9674
4942, 26055
23938, 4943
4943, 27699
14409, 4944
4944, 20862
13733, 4945
4945, 14253
12269, 4946
19083, 4946
4946, 25362
4946, 27990
4946, 13715
4946, 10349
4946, 19771
4946, 10746
4946, 24226
22320, 4947
13033, 4947
27691, 4947
25499, 4947
13036, 4947
29138, 4947
16367, 4947
9879, 4947
29737, 4947
28999, 4947
21642, 4947
9379, 4947
18114, 4947
23916, 4947
13009, 4947
21368, 4947
22212, 4947
14795, 4947
21106, 4947
15105, 4947
9525, 4947
22542, 4947
12324, 4947
12863, 4947
18364, 4947
10188, 4947
19251, 4947
9156, 4947
23379, 4947
4947, 15625
4947, 25252
9463, 4948
4948, 14395
4948, 16715
11878, 4949
18846, 4949
4949, 26990
4949, 29137
4949, 14797
4949, 10581
4949, 23752
12464, 4950
25721, 4950
21278, 4950
20463, 4950
4950, 19315
21938, 4951
4951, 18949
10066, 4952
4952, 14979
26266, 4953
4953, 12914
16781, 4954
4954, 13447
29392, 4955
12804, 4955
29788, 4955
4955, 13543
15516, 4956
4956, 16266
4956, 11039
21950, 4957
22018, 4957
4957, 10540
15431, 4958
4958, 25447
16171, 4959
25167, 4959
15119, 4959
4959, 18993
13019, 4960
4960, 23924
29025, 4961
4961, 29596
14881, 4962
29001, 4962
4962, 13189
25530, 4963
4963, 11562
25959, 4964
4964, 22261
4964, 18902
4964, 13287
4964, 21679
14837, 4965
4965, 29897
11585, 4966
4966, 20800
30153, 4967
4967, 20235
4967, 13100
15201, 4968
4968, 22723
23152, 4969
4969, 28439
22440, 4970
4970, 29671
11991, 4971
4971, 19358
13166, 4972
4972, 12464
4972, 13684
24686, 4973
4973, 21476
4973, 14676
23898, 4974
4974, 14944
28643, 4975
28624, 4975
17724, 4975
4975, 14357
29943, 4976
4976, 11158
12726, 4977
4977, 19090
23047, 4978
4978, 20923
25665, 4979
4979, 21201
22408, 4980
4980, 17009
11992, 4981
4981, 24049
27051, 4982
28720, 4982
4982, 17238
27984, 4983
4983, 23355
4983, 19079
4983, 17862
18394, 4984
4984, 16376
27132, 4985
4985, 25407
15182, 4986
4986, 10733
26395, 4987
4987, 21994
22354, 4988
4988, 21249
16223, 4989
4989, 27414
10350, 4990
4990, 14513
24445, 4991
4991, 15648
23099, 4992
4992, 18736
19641, 4993
4993, 22913
15897, 4994
4994, 14068
27851, 4995
4995, 25684
26462, 4996
4996, 22061
16397, 4997
4997, 23811
15577, 4998
4998, 20746
29943, 4999
4999, 21241
19024, 5000
10301, 5000
26193, 5000
5000, 25001
9947, 5001
5001, 26896
5001, 24731
5001, 23127
5001, 16751
25413, 5002
21312, 5002
5002, 30131
15758, 5003
5003, 27264
26100, 5004
5004, 11948
25158, 5005
5005, 21744
19736, 5006
5006, 26058
25126, 5007
5007, 28228
24391, 5008
5008, 28142
16511, 5009
5009, 16186
5009, 15252
16774, 5010
5010, 21245
5010, 16954
5010, 20486
5010, 19731
26603, 5011
5011, 16721
30194, 5012
12385, 5012
5012, 17341
5012, 10650
5012, 21884
5012, 18432
5012, 12998
9152, 5013
17659, 5013
19053, 5013
5013, 13715
5013, 17196
5013, 11205
16928, 5014
11821, 5014
25402, 5014
15798, 5014
5014, 21278
11766, 5015
10657, 5015
5015, 21407
10401, 5016
5016, 14929
13101, 5017
5017, 26384
24943, 5018
5018, 17221
27848, 5019
5019, 27112
26377, 5020
14394, 5020
5020, 22462
5020, 27948
13101, 5021
5021, 21355
29956, 5022
5022, 26895
23443, 5023
16235, 5023
5023, 11632
16551, 5024
5024, 17913
5024, 22546
10573, 5025
5025, 20973
5025, 27828
5025, 9388
25959, 5026
5026, 29173
5026, 12591
9994, 5027
5027, 16721
5027, 23219
5027, 29007
5027, 20605
13164, 5028
20227, 5028
26327, 5028
21004, 5028
17269, 5028
18339, 5028
20766, 5028
22395, 5028
13398, 5028
26662, 5028
11620, 5028
22692, 5028
11694, 5028
18491, 5028
12825, 5028
25590, 5028
17248, 5028
15606, 5028
11723, 5028
19971, 5028
29208, 5028
12069, 5028
5028, 14580
29546, 5029
5029, 28397
27746, 5030
5030, 23755
25854, 5031
13225, 5031
5031, 24046
5031, 11110
5031, 22247
17844, 5032
5032, 13068
20371, 5033
24859, 5033
5033, 15279
13816, 5034
5034, 23440
9378, 5035
5035, 16970
26436, 5036
5036, 27875
17234, 5037
23953, 5037
16994, 5037
10250, 5037
5037, 24383
26455, 5038
5038, 12223
29802, 5039
5039, 28700
16511, 5040
5040, 29551
5040, 26707
5040, 24473
5040, 9142
12276, 5041
20975, 5041
11238, 5041
5041, 16150
20680, 5042
5042, 20175
15452, 5043
5043, 18959
22709, 5044
21451, 5044
19465, 5044
17250, 5044
18619, 5044
30082, 5044
18520, 5044
12488, 5044
16655, 5044
5044, 10449
23152, 5045
5045, 28439
22858, 5046
12992, 5046
13250, 5046
5046, 13399
11976, 5047
24437, 5047
5047, 26053
11349, 5048
29266, 5048
5048, 22282
12274, 5049
10699, 5049
5049, 13040
18217, 5050
5050, 18811
5050, 13866
23152, 5051
5051, 28439
15827, 5052
5052, 22263
15555, 5053
5053, 22814
5053, 15674
22175, 5054
5054, 14423
5054, 29852
15516, 5055
5055, 9403
5055, 16431
16377, 5056
5056, 10147
28006, 5057
5057, 19712
5057, 25292
5057, 24237
21305, 5058
5058, 21841
16083, 5059
5059, 10426
29104, 5060
5060, 16100
5060, 28496
23452, 5061
5061, 15548
13127, 5062
5062, 20861
12167, 5063
19987, 5063
29016, 5063
25670, 5063
21593, 5063
26596, 5063
25602, 5063
13456, 5063
17172, 5063
15671, 5063
25068, 5063
11510, 5063
14255, 5063
27743, 5063
20501, 5063
25042, 5063
25811, 5063
27363, 5063
29649, 5063
19662, 5063
17061, 5063
13097, 5063
29637, 5063
5063, 27258
10971, 5064
5064, 13875
23524, 5065
5065, 20794
11748, 5066
5066, 19027
5066, 18366
14202, 5067
5067, 16824
27046, 5068
5068, 11394
24677, 5069
5069, 16972
14088, 5070
5070, 28156
27802, 5071
5071, 12806
9107, 5072
5072, 18003
13692, 5073
5073, 16919
16830, 5074
5074, 19147
27506, 5075
5075, 17491
26354, 5076
13018, 5076
5076, 18955
11467, 5077
5077, 13416
28864, 5078
5078, 24927
20235, 5079
11925, 5079
5079, 26906
14296, 5080
5080, 13399
18977, 5081
5081, 19830
29856, 5082
5082, 24012
24407, 5083
5083, 17234
13212, 5084
5084, 22517
16679, 5085
5085, 16308
5085, 20920
21683, 5086
11324, 5086
5086, 14913
15577, 5087
5087, 23595
15837, 5088
10147, 5088
5088, 9178
12042, 5089
5089, 24162
20486, 5090
16457, 5090
5090, 29872
25702, 5091
15799, 5091
5091, 23868
18470, 5092
5092, 17974
23051, 5093
5093, 13809
22903, 5094
5094, 23093
13727, 5095
5095, 22644
5095, 20136
29143, 5096
5096, 26435
20829, 5097
5097, 26675
11488, 5098
5098, 15306
25464, 5099
13380, 5099
5099, 16340
5099, 15534
5099, 9360
5099, 20883
5099, 29638
5099, 27268
12790, 5100
5100, 16243
17438, 5101
5101, 9981
30017, 5102
5102, 28641
16188, 5103
5103, 20539
18406, 5104
5104, 28679
24476, 5105
5105, 20291
22338, 5106
5106, 16745
22546, 5107
14384, 5107
5107, 15120
15249, 5108
5108, 28781
5108, 13039
25690, 5109
5109, 23313
10711, 5110
5110, 21607
26129, 5111
5111, 22854
18925, 5112
5112, 28420
12528, 5113
23284, 5113
26351, 5113
13269, 5113
5113, 24008
5113, 18911
5113, 10644
5113, 25644
12894, 5114
5114, 13419
9871, 5115
5115, 12779
9443, 5116
5116, 11855
12928, 5117
23816, 5117
5117, 15925
14523, 5118
5118, 28928
18080, 5119
5119, 20759
20082, 5120
5120, 15399
10432, 5121
5121, 14282
9587, 5122
5122, 12880
9517, 5123
5123, 26573
24855, 5124
19653, 5124
5124, 17440
23898, 5125
5125, 27370
24284, 5126
5126, 26960
5126, 15348
5126, 25592
25503, 5127
5127, 27287
5127, 15538
18469, 5128
27747, 5128
5128, 20166
9108, 5129
5129, 27383
26036, 5130
5130, 13491
17354, 5131
5131, 20538
5131, 22535
19567, 5132
5132, 20362
5132, 26911
24887, 5133
5133, 10249
17719, 5134
5134, 16773
23646, 5135
5135, 30087
15577, 5136
5136, 14211
26221, 5137
5137, 21743
23441, 5138
5138, 11842
10780, 5139
23705, 5139
13693, 5139
14091, 5139
24746, 5139
25252, 5139
5139, 20825
5139, 29943
26326, 5140
5140, 27704
15577, 5141
5141, 18740
27152, 5142
24442, 5142
5142, 21346
29652, 5143
5143, 13505
12213, 5144
23375, 5144
5144, 20730
29450, 5145
5145, 26726
29943, 5146
5146, 23767
17225, 5147
5147, 15353
5147, 11117
17970, 5148
5148, 23498
22591, 5149
5149, 17974
10432, 5150
5150, 29749
25959, 5151
5151, 25427
5151, 17938
5151, 24487
5151, 15687
5151, 16464
5151, 20671
5151, 29930
5151, 28334
5151, 21679
24599, 5152
5152, 27725
16511, 5153
5153, 26496
5153, 24578
5153, 13572
5153, 9806
14660, 5154
5154, 26742
22808, 5155
5155, 18681
5155, 28453
21321, 5156
5156, 17234
5156, 10126
12339, 5157
5157, 17437
13214, 5158
22258, 5158
25517, 5158
22297, 5158
15698, 5158
27353, 5158
5158, 20241
10502, 5159
5159, 13959
10786, 5160
5160, 18976
12517, 5161
5161, 9215
15516, 5162
5162, 14995
29073, 5163
29280, 5163
11570, 5163
10276, 5163
5163, 23878
10723, 5164
5164, 28915
18096, 5165
12716, 5165
9530, 5165
17076, 5165
27833, 5165
24056, 5165
23516, 5165
12676, 5165
15784, 5165
28380, 5165
26468, 5165
28020, 5165
25201, 5165
26750, 5165
29293, 5165
12178, 5165
24435, 5165
10823, 5165
27800, 5165
28315, 5165
9510, 5165
22664, 5165
27451, 5165
24193, 5165
5165, 15036
21260, 5166
28762, 5166
16536, 5166
11860, 5166
16780, 5166
12851, 5166
16311, 5166
17359, 5166
5166, 20207
28561, 5167
11321, 5167
15142, 5167
24442, 5167
29422, 5167
5167, 25658
30141, 5168
5168, 27529
22960, 5169
21697, 5169
5169, 27742
12743, 5170
5170, 15905
21118, 5171
5171, 23233
13888, 5172
5172, 21853
18998, 5173
5173, 21373
5173, 17146
14561, 5174
5174, 17352
13101, 5175
5175, 25424
24436, 5176
5176, 15748
23239, 5177
5177, 16541
15623, 5178
9159, 5178
5178, 16612
5178, 15724
5178, 21031
29943, 5179
5179, 16716
29943, 5180
5180, 18456
10926, 5181
5181, 16202
24438, 5182
9100, 5182
27420, 5182
5182, 17711
9610, 5183
16439, 5183
5183, 23676
24829, 5184
5184, 18717
27066, 5185
5185, 10109
5185, 27760
15680, 5186
5186, 24085
20013, 5187
5187, 10917
27838, 5188
5188, 13394
5188, 22866
5188, 22793
13179, 5189
14470, 5189
5189, 30015
5189, 12161
5189, 10200
5189, 20485
5189, 13861
5189, 11075
5189, 15009
5189, 22852
5189, 17602
5189, 25124
5189, 19281
5189, 12964
5189, 29503
5189, 16087
5189, 22768
5189, 15639
27277, 5190
5190, 22640
15134, 5191
18149, 5191
9705, 5191
24141, 5191
16589, 5191
24784, 5191
5191, 15671
5191, 29637
5191, 21057
5191, 18915
24156, 5192
20076, 5192
5192, 15517
12363, 5193
5193, 19171
19522, 5194
11300, 5194
27380, 5194
27257, 5194
10408, 5194
29307, 5194
5194, 28495
24714, 5195
11466, 5195
29027, 5195
11598, 5195
29331, 5195
5195, 21112
14139, 5196
25621, 5196
15718, 5196
29435, 5196
27457, 5196
19651, 5196
23866, 5196
29560, 5196
29412, 5196
27761, 5196
17854, 5196
27873, 5196
20496, 5196
13830, 5196
25783, 5196
19026, 5196
5196, 13399
21040, 5197
5197, 14549
24282, 5198
5198, 15184
30127, 5199
5199, 15099
5199, 9397
5199, 15975
19266, 5200
23262, 5200
5200, 20325
5200, 14419
16886, 5201
5201, 26425
19529, 5202
5202, 9491
28379, 5203
13954, 5203
5203, 10706
10171, 5204
11615, 5204
18233, 5204
28781, 5204
15290, 5204
16029, 5204
11766, 5204
16919, 5204
19277, 5204
25487, 5204
25940, 5204
28201, 5204
13039, 5204
21757, 5204
20358, 5204
23897, 5204
17219, 5204
5204, 21887
17001, 5205
5205, 10636
9886, 5206
5206, 23684
20751, 5207
5207, 17835
21254, 5208
5208, 11549
16511, 5209
5209, 26538
5209, 18501
17284, 5210
5210, 11466
9595, 5211
5211, 27795
5211, 21451
5211, 11021
5211, 23750
5211, 29422
5211, 26556
16256, 5212
5212, 17749
25896, 5213
5213, 15303
11548, 5214
5214, 11843
16511, 5215
5215, 16971
5215, 9632
5215, 13377
5215, 17750
17298, 5216
5216, 25910
24358, 5217
5217, 13485
13604, 5218
5218, 15837
21416, 5219
5219, 20163
15577, 5220
5220, 23590
25426, 5221
5221, 17723
21261, 5222
5222, 12160
23813, 5223
29119, 5223
5223, 16826
14629, 5224
5224, 29222
5224, 10378
9810, 5225
18130, 5225
29624, 5225
13646, 5225
15397, 5225
26000, 5225
21690, 5225
21665, 5225
5225, 24878
5225, 9429
23003, 5226
14312, 5226
13230, 5226
5226, 17056
24466, 5227
5227, 11855
22500, 5228
5228, 18473
18577, 5229
5229, 14728
26383, 5230
10129, 5230
5230, 17459
28050, 5231
5231, 15102
5231, 25394
20467, 5232
5232, 10204
29943, 5233
5233, 12259
22478, 5234
5234, 20361
20127, 5235
26516, 5235
15041, 5235
13860, 5235
5235, 15986
5235, 19574
5235, 18223
18192, 5236
5236, 21208
13648, 5237
5237, 26271
23233, 5238
26398, 5238
5238, 18015
23349, 5239
5239, 24543
26714, 5240
5240, 18021
15822, 5241
5241, 19239
5241, 14237
11641, 5242
5242, 13560
26515, 5243
25361, 5243
21058, 5243
5243, 11510
5243, 11458
17203, 5244
5244, 19497
16204, 5245
5245, 18021
16125, 5246
5246, 11344
16511, 5247
5247, 30102
5247, 24594
21868, 5248
5248, 29478
22444, 5249
5249, 30069
13959, 5250
22876, 5250
27743, 5250
13507, 5250
20596, 5250
20624, 5250
5250, 15178
10058, 5251
5251, 27941
18592, 5252
5252, 22249
5252, 25008
5252, 22608
5252, 27188
5252, 23341
27089, 5253
5253, 18706
19899, 5254
5254, 25752
27056, 5255
5255, 29081
28802, 5256
28064, 5256
29170, 5256
5256, 24591
18414, 5257
5257, 23170
20010, 5258
5258, 17469
29943, 5259
5259, 20067
9235, 5260
5260, 11855
5260, 25517
5260, 17824
30059, 5261
5261, 20377
25735, 5262
5262, 9802
5262, 15861
5262, 10737
21354, 5263
5263, 16174
5263, 16252
9631, 5264
5264, 12071
24472, 5265
5265, 22353
29223, 5266
5266, 18286
16404, 5267
21378, 5267
5267, 25260
9890, 5268
5268, 11512
18520, 5269
13420, 5269
28042, 5269
5269, 16623
22774, 5270
5270, 24179
11630, 5271
5271, 9554
15873, 5272
5272, 27317
10785, 5273
5273, 13324
17881, 5274
5274, 19052
5274, 9195
5274, 9883
5274, 23983
5274, 13829
24315, 5275
5275, 22546
28901, 5276
5276, 27250
10288, 5277
5277, 22980
28538, 5278
5278, 19959
17528, 5279
5279, 13505
24905, 5280
5280, 18375
5280, 19038
5280, 20482
29981, 5281
5281, 10852
5281, 24135
9502, 5282
5282, 17692
5282, 17913
23439, 5283
19378, 5283
18088, 5283
28913, 5283
13688, 5283
19648, 5283
29763, 5283
14112, 5283
24604, 5283
29921, 5283
15283, 5283
10565, 5283
14656, 5283
22281, 5283
14879, 5283
28449, 5283
26954, 5283
10594, 5283
16720, 5283
21975, 5283
14270, 5283
17299, 5283
5283, 26283
24436, 5284
5284, 23800
28985, 5285
5285, 11227
16448, 5286
22716, 5286
23839, 5286
23651, 5286
10501, 5286
14292, 5286
20153, 5286
29335, 5286
19706, 5286
25027, 5286
23045, 5286
26066, 5286
26120, 5286
10094, 5286
15732, 5286
26204, 5286
24981, 5286
22605, 5286
12828, 5286
17180, 5286
24512, 5286
13033, 5286
11534, 5286
28626, 5286
26787, 5286
12306, 5286
24363, 5286
29920, 5286
17252, 5286
25927, 5286
29844, 5286
25852, 5286
11900, 5286
9395, 5286
17886, 5286
18423, 5286
29645, 5286
27504, 5286
26393, 5286
14786, 5286
17848, 5286
17268, 5286
25028, 5286
10336, 5286
11178, 5286
11350, 5286
18334, 5286
27638, 5286
26134, 5286
5286, 23033
9318, 5287
5287, 28458
15577, 5288
5288, 11848
19506, 5289
5289, 14487
19010, 5290
5290, 17935
22433, 5291
5291, 29653
13911, 5292
5292, 12331
21293, 5293
29726, 5293
25584, 5293
5293, 21708
15577, 5294
5294, 28238
29943, 5295
5295, 29881
5295, 16677
11213, 5296
5296, 25618
24985, 5297
5297, 30053
5297, 13900
10459, 5298
23326, 5298
29699, 5298
5298, 13416
12636, 5299
5299, 22259
15808, 5300
5300, 26118
29943, 5301
5301, 13090
18157, 5302
5302, 14927
20648, 5303
15097, 5303
14350, 5303
19398, 5303
5303, 29042
19341, 5304
5304, 21100
5304, 15241
17757, 5305
5305, 29035
21792, 5306
5306, 13872
22669, 5307
5307, 11330
17951, 5308
5308, 14912
12955, 5309
29744, 5309
24419, 5309
26766, 5309
24442, 5309
25394, 5309
19882, 5309
18021, 5309
23697, 5309
10250, 5309
20759, 5309
16655, 5309
23052, 5309
5309, 10287
27000, 5310
9870, 5310
23543, 5310
13715, 5310
13528, 5310
17196, 5310
25106, 5310
28316, 5310
27081, 5310
23214, 5310
23329, 5310
10256, 5310
10919, 5310
24468, 5310
17661, 5310
15951, 5310
27627, 5310
18305, 5310
12602, 5310
22095, 5310
21064, 5310
13185, 5310
29681, 5310
10349, 5310
20616, 5310
16008, 5310
24074, 5310
10261, 5310
21805, 5310
25290, 5310
13428, 5310
22469, 5310
18672, 5310
26072, 5310
21130, 5310
17341, 5310
26681, 5310
12467, 5310
29817, 5310
9260, 5310
15838, 5310
21229, 5310
28721, 5310
16349, 5310
17120, 5310
14167, 5310
24179, 5310
29309, 5310
23952, 5310
14347, 5310
30046, 5310
23250, 5310
13257, 5310
9299, 5310
11728, 5310
26949, 5310
22323, 5310
23444, 5310
15829, 5310
13345, 5310
14838, 5310
26595, 5310
18586, 5310
25975, 5310
20753, 5310
11357, 5310
29161, 5310
21535, 5310
14133, 5310
14391, 5310
14963, 5310
22743, 5310
16984, 5310
27459, 5310
18721, 5310
19726, 5310
27745, 5310
29828, 5310
10116, 5310
11896, 5310
15796, 5310
29494, 5310
24893, 5310
12779, 5310
28879, 5310
22805, 5310
24429, 5310
20563, 5310
15780, 5310
17117, 5310
23555, 5310
23951, 5310
14383, 5310
17587, 5310
18069, 5310
26217, 5310
22301, 5310
20470, 5310
25715, 5310
21708, 5310
25905, 5310
18330, 5310
18867, 5310
20810, 5310
23942, 5310
22295, 5310
13084, 5310
25814, 5310
24169, 5310
11211, 5310
14918, 5310
16426, 5310
10002, 5310
25454, 5310
15191, 5310
19004, 5310
11061, 5310
25676, 5310
19126, 5310
26643, 5310
23222, 5310
15986, 5310
24821, 5310
24842, 5310
29408, 5310
10150, 5310
15675, 5310
23014, 5310
26341, 5310
19995, 5310
19574, 5310
23915, 5310
18689, 5310
16945, 5310
25684, 5310
24266, 5310
24012, 5310
22451, 5310
15197, 5310
9387, 5310
28861, 5310
19838, 5310
13267, 5310
27197, 5310
14144, 5310
16169, 5310
15425, 5310
29859, 5310
11205, 5310
11832, 5310
23630, 5310
19303, 5310
28443, 5310
11611, 5310
29729, 5310
12751, 5310
15211, 5310
23138, 5310
11776, 5310
11463, 5310
9829, 5310
28431, 5310
25475, 5310
20130, 5310
24222, 5310
18579, 5310
22499, 5310
25439, 5310
20001, 5310
22537, 5310
24154, 5310
24430, 5310
27733, 5310
14765, 5310
23319, 5310
9189, 5310
10630, 5310
28835, 5310
19771, 5310
11596, 5310
23304, 5310
19878, 5310
23399, 5310
22084, 5310
23042, 5310
10379, 5310
18798, 5310
17777, 5310
28398, 5310
22186, 5310
9286, 5310
28303, 5310
13319, 5310
27404, 5310
17362, 5310
12228, 5310
19405, 5310
28481, 5310
14891, 5310
25832, 5310
20959, 5310
24629, 5310
23901, 5310
10650, 5310
18593, 5310
20704, 5310
13893, 5310
12174, 5310
27153, 5310
18656, 5310
16689, 5310
12424, 5310
17648, 5310
21884, 5310
14903, 5310
28261, 5310
18432, 5310
16269, 5310
29526, 5310
27697, 5310
15449, 5310
18223, 5310
17447, 5310
16157, 5310
21326, 5310
20535, 5310
11692, 5310
23903, 5310
26251, 5310
10136, 5310
22311, 5310
11117, 5310
13129, 5310
25900, 5310
18749, 5310
22238, 5310
17227, 5310
16412, 5310
19119, 5310
10746, 5310
15257, 5310
24226, 5310
18595, 5310
23286, 5310
19823, 5310
13818, 5310
12998, 5310
17241, 5310
9625, 5310
14513, 5310
10771, 5310
16731, 5310
27710, 5310
27835, 5310
29814, 5310
17056, 5310
30083, 5310
20697, 5310
17589, 5310
16602, 5310
29383, 5310
14003, 5310
12615, 5310
23799, 5310
21898, 5310
24000, 5310
28787, 5310
16710, 5310
15559, 5310
21549, 5310
14380, 5310
15357, 5310
18349, 5310
27968, 5310
10866, 5310
22403, 5310
15173, 5310
26777, 5310
21203, 5310
21437, 5310
15656, 5310
25293, 5310
20414, 5310
18046, 5310
15281, 5310
30203, 5310
19862, 5310
19874, 5310
23532, 5310
9290, 5310
29761, 5310
27412, 5310
15727, 5310
20018, 5310
26617, 5310
17049, 5310
5310, 29871
18577, 5311
5311, 24428
26772, 5312
9488, 5312
27095, 5312
5312, 14223
12200, 5313
5313, 20704
14688, 5314
23474, 5314
5314, 21616
9709, 5315
5315, 20159
21195, 5316
5316, 22741
22286, 5317
5317, 22205
13895, 5318
5318, 29663
17308, 5319
5319, 18718
12878, 5320
16644, 5320
5320, 26362
14821, 5321
5321, 17871
13878, 5322
5322, 13508
15064, 5323
5323, 26523
13783, 5324
5324, 19225
13897, 5325
28992, 5325
23883, 5325
13687, 5325
27295, 5325
11378, 5325
13236, 5325
15424, 5325
19214, 5325
20280, 5325
28760, 5325
9639, 5325
28479, 5325
21226, 5325
24288, 5325
29244, 5325
29198, 5325
18037, 5325
26879, 5325
9468, 5325
22245, 5325
11094, 5325
15619, 5325
10848, 5325
26835, 5325
17057, 5325
23405, 5325
20808, 5325
13026, 5325
27484, 5325
12690, 5325
22774, 5325
24229, 5325
15776, 5325
26889, 5325
20568, 5325
23699, 5325
22580, 5325
24671, 5325
13659, 5325
19267, 5325
22098, 5325
18106, 5325
27343, 5325
18040, 5325
16591, 5325
27323, 5325
13762, 5325
20281, 5325
28904, 5325
16107, 5325
30045, 5325
29285, 5325
17571, 5325
9813, 5325
15978, 5325
23182, 5325
12841, 5325
18444, 5325
20115, 5325
29377, 5325
28969, 5325
10341, 5325
14087, 5325
28016, 5325
10273, 5325
14997, 5325
16702, 5325
20618, 5325
12571, 5325
11690, 5325
18856, 5325
19434, 5325
12329, 5325
19772, 5325
21706, 5325
18793, 5325
22477, 5325
21060, 5325
14149, 5325
18647, 5325
16854, 5325
26712, 5325
25766, 5325
5325, 15649
17311, 5326
5326, 27687
28592, 5327
5327, 10522
27152, 5328
14783, 5328
5328, 25596
18352, 5329
5329, 23436
14231, 5330
14454, 5330
5330, 15595
9268, 5331
5331, 16657
5331, 17551
5331, 24442
12443, 5332
9384, 5332
5332, 16588
5332, 24399
5332, 28472
5332, 16963
13497, 5333
5333, 29744
5333, 29022
20093, 5334
5334, 26765
17822, 5335
5335, 22205
25671, 5336
26277, 5336
15990, 5336
19526, 5336
11510, 5336
15625, 5336
10946, 5336
20794, 5336
5336, 17847
22372, 5337
5337, 22154
5337, 23559
18061, 5338
5338, 18233
5338, 23817
5338, 21841
5338, 26606
24692, 5339
5339, 17775
20221, 5340
5340, 19062
23898, 5341
5341, 17733
23710, 5342
19212, 5342
20657, 5342
5342, 20790
29626, 5343
5343, 25223
28764, 5344
5344, 29396
29943, 5345
5345, 11438
20674, 5346
5346, 15047
16987, 5347
5347, 22174
25777, 5348
5348, 23470
5348, 20991
18686, 5349
5349, 25132
13403, 5350
5350, 14230
16627, 5351
5351, 23381
13147, 5352
5352, 10316
20191, 5353
5353, 19105
15063, 5354
5354, 9785
5354, 9935
10040, 5355
5355, 25496
21572, 5356
24018, 5356
26194, 5356
15435, 5356
16135, 5356
5356, 16850
16629, 5357
5357, 13159
5357, 25106
5357, 13185
29943, 5358
5358, 13564
24168, 5359
5359, 27035
5359, 14064
5359, 21047
25287, 5360
5360, 26523
17079, 5361
18746, 5361
5361, 19575
10082, 5362
5362, 27704
28694, 5363
5363, 15355
14333, 5364
5364, 14881
20234, 5365
5365, 17300
5365, 26448
28587, 5366
5366, 17737
21080, 5367
5367, 26881
25251, 5368
10155, 5368
5368, 27116
11285, 5369
5369, 24224
27318, 5370
16468, 5370
5370, 15942
5370, 22469
5370, 26856
25517, 5371
18911, 5371
5371, 24909
13089, 5372
23392, 5372
10258, 5372
23814, 5372
22560, 5372
25144, 5372
22714, 5372
21703, 5372
26875, 5372
10008, 5372
17806, 5372
12019, 5372
12646, 5372
19758, 5372
9655, 5372
19344, 5372
23321, 5372
18263, 5372
22212, 5372
25597, 5372
28004, 5372
13700, 5372
11468, 5372
25028, 5372
19023, 5372
17801, 5372
30076, 5372
13075, 5372
9410, 5372
26640, 5372
9531, 5372
13033, 5372
11302, 5372
25169, 5372
9288, 5372
16035, 5372
27319, 5372
26497, 5372
26359, 5372
28541, 5372
15938, 5372
20283, 5372
13071, 5372
5372, 15625
21544, 5373
20719, 5373
11018, 5373
5373, 19225
24379, 5374
5374, 18226
16325, 5375
22774, 5375
16373, 5375
5375, 11529
11467, 5376
5376, 20507
23472, 5377
5377, 23226
21910, 5378
5378, 24739
5378, 23582
27349, 5379
22392, 5379
5379, 9803
22564, 5380
5380, 21319
13016, 5381
5381, 17163
25585, 5382
5382, 26127
24389, 5383
5383, 22532
16511, 5384
5384, 21550
5384, 10583
5384, 21859
5384, 17063
5384, 22955
5384, 17884
5384, 10753
5384, 12549
29495, 5385
5385, 17583
15108, 5386
5386, 17491
15302, 5387
5387, 10657
24216, 5388
5388, 17643
21265, 5389
5389, 13378
28892, 5390
5390, 26341
29056, 5391
16243, 5391
11328, 5391
5391, 13574
19881, 5392
5392, 22699
5392, 23264
24049, 5393
14676, 5393
12274, 5393
28488, 5393
11386, 5393
23595, 5393
5393, 26984
16691, 5394
5394, 29590
14742, 5395
5395, 16670
18641, 5396
5396, 9988
21636, 5397
5397, 28051
24710, 5398
5398, 27836
5398, 21604
5398, 21764
24128, 5399
5399, 16129
11156, 5400
5400, 18702
16999, 5401
5401, 26680
15516, 5402
5402, 25817
5402, 14119
20871, 5403
5403, 14223
9582, 5404
5404, 13025
14517, 5405
17667, 5405
23847, 5405
5405, 25362
12151, 5406
29922, 5406
18261, 5406
14001, 5406
20065, 5406
24492, 5406
18358, 5406
11496, 5406
19609, 5406
5406, 20229
9237, 5407
5407, 10255
28957, 5408
5408, 14575
22087, 5409
5409, 17265
22774, 5410
5410, 28083
25541, 5411
5411, 25487
10888, 5412
5412, 26419
17951, 5413
5413, 21440
5413, 19785
5413, 18391
10438, 5414
17906, 5414
17987, 5414
20385, 5414
20760, 5414
29898, 5414
27384, 5414
9337, 5414
5414, 15355
5414, 19625
5414, 27026
29943, 5415
5415, 23933
12447, 5416
5416, 17605
19356, 5417
5417, 24515
5417, 21743
29965, 5418
5418, 14974
14697, 5419
13611, 5419
5419, 12967
20381, 5420
5420, 12439
24117, 5421
26596, 5421
14793, 5421
21201, 5421
5421, 16941
24331, 5422
5422, 26160
12643, 5423
5423, 11357
16425, 5424
5424, 13846
5424, 17445
5424, 9414
13645, 5425
26896, 5425
29090, 5425
14676, 5425
10628, 5425
21508, 5425
13583, 5425
5425, 13388
21364, 5426
23037, 5426
26987, 5426
5426, 23596
10460, 5427
5427, 26238
21401, 5428
15671, 5428
17524, 5428
5428, 23428
24531, 5429
5429, 19999
16323, 5430
5430, 30011
19243, 5431
28508, 5431
14537, 5431
11278, 5431
16821, 5431
15128, 5431
20229, 5431
12071, 5431
14676, 5431
11880, 5431
28682, 5431
22975, 5431
10699, 5431
27987, 5431
16130, 5431
9363, 5431
19853, 5431
5431, 10158
15849, 5432
5432, 24743
24622, 5433
5433, 29252
11538, 5434
5434, 18660
16511, 5435
5435, 18710
5435, 11497
5435, 14630
26824, 5436
14800, 5436
5436, 11880
12712, 5437
5437, 17971
5437, 16734
29306, 5438
22399, 5438
5438, 10372
14721, 5439
5439, 10703
5439, 11321
5439, 25394
5439, 28188
5439, 22239
30018, 5440
5440, 18308
24980, 5441
5441, 29127
29943, 5442
5442, 18370
13347, 5443
25748, 5443
29212, 5443
17322, 5443
5443, 16975
5443, 12694
5443, 12450
14596, 5444
5444, 26909
19233, 5445
5445, 23127
5445, 26203
23248, 5446
5446, 20382
27594, 5447
22694, 5447
20884, 5447
22695, 5447
23839, 5447
23242, 5447
26966, 5447
13033, 5447
16741, 5447
16951, 5447
17745, 5447
14801, 5447
12544, 5447
13997, 5447
22762, 5447
28493, 5447
21125, 5447
22501, 5447
5447, 29788
5447, 21110
17170, 5448
5448, 17022
22159, 5449
5449, 11610
10715, 5450
5450, 10547
17774, 5451
5451, 22153
13908, 5452
5452, 14502
18245, 5453
5453, 23485
15577, 5454
5454, 23595
29943, 5455
5455, 13564
23422, 5456
5456, 29362
9787, 5457
5457, 20477
18577, 5458
5458, 9724
9687, 5459
5459, 27907
24010, 5460
5460, 20097
10750, 5461
5461, 22986
5461, 23138
18399, 5462
5462, 18621
5462, 16554
5462, 22409
5462, 22639
5462, 16865
5462, 18752
5462, 17905
5462, 16155
17371, 5463
5463, 25771
18459, 5464
5464, 10116
9838, 5465
5465, 14342
28369, 5466
5466, 24631
13843, 5467
5467, 27189
9958, 5468
5468, 12126
29943, 5469
5469, 26418
5469, 29290
16145, 5470
15832, 5470
23324, 5470
5470, 22856
5470, 21221
28103, 5471
5471, 15499
23074, 5472
5472, 9507
5472, 21320
20431, 5473
5473, 28697
22385, 5474
5474, 15840
22564, 5475
5475, 13150
22500, 5476
5476, 18473
15577, 5477
5477, 17231
23895, 5478
5478, 15357
16511, 5479
5479, 24115
5479, 20475
5479, 9479
19009, 5480
5480, 17134
10460, 5481
5481, 29916
29708, 5482
5482, 12619
10945, 5483
5483, 9482
11373, 5484
5484, 29179
14218, 5485
5485, 17597
14982, 5486
5486, 10223
25835, 5487
5487, 15709
29943, 5488
5488, 23110
21502, 5489
5489, 24601
25955, 5490
5490, 28066
15815, 5491
5491, 21084
12635, 5492
5492, 18351
12384, 5493
5493, 24499
17074, 5494
5494, 10028
27986, 5495
5495, 30034
23640, 5496
5496, 20725
5496, 14506
21608, 5497
5497, 29572
25848, 5498
5498, 9482
20003, 5499
5499, 14209
5499, 25066
5499, 29829
27832, 5500
5500, 29035
5500, 25470
15206, 5501
5501, 15964
5501, 26962
15919, 5502
11542, 5502
5502, 26964
23249, 5503
5503, 19097
16113, 5504
5504, 18078
17951, 5505
5505, 10396
15882, 5506
5506, 25487
27090, 5507
5507, 21660
20099, 5508
29772, 5508
30137, 5508
5508, 28007
15646, 5509
25173, 5509
5509, 25362
5509, 28376
23044, 5510
5510, 16408
21776, 5511
5511, 13444
29462, 5512
5512, 17794
26825, 5513
14234, 5513
5513, 29996
26143, 5514
5514, 16548
26408, 5515
5515, 28377
24733, 5516
5516, 26508
29602, 5517
5517, 27781
11988, 5518
5518, 29649
5518, 28871
5518, 16508
23795, 5519
5519, 12167
20695, 5520
5520, 23632
29665, 5521
5521, 29474
11640, 5522
5522, 26443
23472, 5523
5523, 24757
29094, 5524
5524, 19873
29342, 5525
5525, 17040
17156, 5526
5526, 22166
28891, 5527
5527, 18045
15247, 5528
5528, 29258
11843, 5529
18619, 5529
15837, 5529
5529, 18320
22463, 5530
5530, 20501
25115, 5531
20105, 5531
24845, 5531
5531, 14402
15520, 5532
5532, 18403
23275, 5533
5533, 22644
23239, 5534
5534, 12989
14717, 5535
28864, 5535
5535, 24927
29943, 5536
5536, 24857
27669, 5537
5537, 19243
5537, 10850
12127, 5538
5538, 17208
5538, 16123
15254, 5539
5539, 13642
5539, 26113
15577, 5540
5540, 15194
10439, 5541
26710, 5541
5541, 29693
5541, 11645
14035, 5542
5542, 29791
16656, 5543
5543, 16289
29386, 5544
5544, 10947
22344, 5545
5545, 11321
15577, 5546
5546, 13268
23560, 5547
5547, 14738
24871, 5548
5548, 26917
28560, 5549
16347, 5549
29362, 5549
5549, 21829
25150, 5550
11311, 5550
5550, 14479
22149, 5551
5551, 19165
29943, 5552
5552, 26495
18182, 5553
15906, 5553
17177, 5553
13083, 5553
20887, 5553
25408, 5553
29614, 5553
5553, 22690
5553, 15349
16225, 5554
15500, 5554
5554, 11315
26692, 5555
5555, 22425
5555, 25792
25102, 5556
5556, 23492
25172, 5557
5557, 15625
5557, 20393
11014, 5558
5558, 28161
22076, 5559
5559, 12881
29727, 5560
5560, 16667
25707, 5561
5561, 9172
25504, 5562
5562, 17965
21123, 5563
5563, 12864
5563, 28274
5563, 19433
12294, 5564
5564, 19366
22770, 5565
13982, 5565
20346, 5565
28920, 5565
19828, 5565
19034, 5565
10770, 5565
17581, 5565
11040, 5565
9766, 5565
16337, 5565
10200, 5565
24961, 5565
28045, 5565
9466, 5565
27330, 5565
15301, 5565
10251, 5565
23258, 5565
15969, 5565
27305, 5565
21780, 5565
10615, 5565
23131, 5565
19046, 5565
22844, 5565
15289, 5565
17124, 5565
12892, 5565
16608, 5565
21954, 5565
12870, 5565
21054, 5565
29583, 5565
29698, 5565
20071, 5565
19485, 5565
11158, 5565
21474, 5565
11852, 5565
25376, 5565
15047, 5565
24075, 5565
9144, 5565
14177, 5565
27556, 5565
24346, 5565
28743, 5565
9685, 5565
11764, 5565
26323, 5565
25619, 5565
17762, 5565
24176, 5565
11138, 5565
26003, 5565
24345, 5565
21426, 5565
14051, 5565
21114, 5565
13409, 5565
20102, 5565
29642, 5565
15521, 5565
17981, 5565
25047, 5565
21689, 5565
17715, 5565
16738, 5565
10286, 5565
9327, 5565
10425, 5565
14581, 5565
25409, 5565
24118, 5565
17149, 5565
20964, 5565
9198, 5565
25181, 5565
27709, 5565
21715, 5565
10571, 5565
29157, 5565
19839, 5565
16514, 5565
15599, 5565
19146, 5565
16990, 5565
27969, 5565
12606, 5565
16076, 5565
13339, 5565
17729, 5565
17373, 5565
11682, 5565
26355, 5565
21952, 5565
25132, 5565
16173, 5565
5565, 23423
24779, 5566
5566, 14577
13329, 5567
5567, 22920
14452, 5568
5568, 26677
10304, 5569
19625, 5569
29287, 5569
15318, 5569
14405, 5569
18603, 5569
25768, 5569
11416, 5569
14220, 5569
10484, 5569
12476, 5569
10442, 5569
21579, 5569
20120, 5569
29474, 5569
19581, 5569
28923, 5569
10219, 5569
20620, 5569
23190, 5569
14558, 5569
14457, 5569
15887, 5569
12897, 5569
23199, 5569
24052, 5569
24788, 5569
27450, 5569
20597, 5569
28586, 5569
19033, 5569
13295, 5569
15379, 5569
19219, 5569
25655, 5569
18410, 5569
30189, 5569
11066, 5569
27794, 5569
10810, 5569
28234, 5569
25618, 5569
10315, 5569
21840, 5569
18857, 5569
18016, 5569
10246, 5569
11573, 5569
24494, 5569
26106, 5569
17572, 5569
22428, 5569
9554, 5569
27024, 5569
9736, 5569
16023, 5569
21955, 5569
12376, 5569
14473, 5569
24349, 5569
23713, 5569
17479, 5569
23980, 5569
11622, 5569
10709, 5569
20902, 5569
19169, 5569
29200, 5569
23686, 5569
17830, 5569
27034, 5569
29559, 5569
13326, 5569
25053, 5569
27806, 5569
12477, 5569
16713, 5569
23479, 5569
14910, 5569
16622, 5569
20376, 5569
13548, 5569
24932, 5569
29544, 5569
23647, 5569
26099, 5569
14429, 5569
24501, 5569
22103, 5569
13130, 5569
26438, 5569
24953, 5569
27882, 5569
26686, 5569
22024, 5569
19508, 5569
18691, 5569
15890, 5569
24675, 5569
16320, 5569
12262, 5569
16517, 5569
27235, 5569
23519, 5569
22181, 5569
14353, 5569
18570, 5569
14256, 5569
14426, 5569
23563, 5569
9622, 5569
9391, 5569
22816, 5569
20240, 5569
18301, 5569
17609, 5569
15470, 5569
18172, 5569
9811, 5569
9628, 5569
21342, 5569
27193, 5569
30165, 5569
20683, 5569
12945, 5569
20821, 5569
29607, 5569
10908, 5569
23229, 5569
13364, 5569
12273, 5569
15530, 5569
18375, 5569
14725, 5569
19683, 5569
24183, 5569
9351, 5569
27298, 5569
10091, 5569
11410, 5569
10584, 5569
27651, 5569
21453, 5569
30079, 5569
13965, 5569
10436, 5569
28881, 5569
27639, 5569
20985, 5569
10889, 5569
29426, 5569
18534, 5569
24903, 5569
19762, 5569
24143, 5569
18693, 5569
15835, 5569
16067, 5569
10512, 5569
29688, 5569
9960, 5569
19601, 5569
15038, 5569
13820, 5569
17344, 5569
12773, 5569
21027, 5569
10586, 5569
9182, 5569
14343, 5569
9161, 5569
29666, 5569
19599, 5569
17254, 5569
27615, 5569
29593, 5569
13695, 5569
22968, 5569
25482, 5569
28194, 5569
19163, 5569
22452, 5569
28715, 5569
9961, 5569
24165, 5569
14011, 5569
13023, 5569
25651, 5569
9840, 5569
25555, 5569
25661, 5569
14403, 5569
21976, 5569
29134, 5569
10131, 5569
24797, 5569
19038, 5569
10901, 5569
12701, 5569
15186, 5569
9393, 5569
16587, 5569
14972, 5569
14504, 5569
22815, 5569
20150, 5569
18508, 5569
22465, 5569
27756, 5569
24425, 5569
27849, 5569
19260, 5569
25437, 5569
13914, 5569
24114, 5569
12430, 5569
21052, 5569
24519, 5569
11572, 5569
20482, 5569
19178, 5569
27094, 5569
22890, 5569
28373, 5569
19856, 5569
19076, 5569
21767, 5569
17093, 5569
27147, 5569
22327, 5569
30052, 5569
22613, 5569
22022, 5569
18665, 5569
9248, 5569
23140, 5569
14497, 5569
11642, 5569
24463, 5569
13607, 5569
13453, 5569
18566, 5569
16441, 5569
20748, 5569
10742, 5569
25792, 5569
16740, 5569
22540, 5569
14019, 5569
12584, 5569
27026, 5569
28227, 5569
26583, 5569
24214, 5569
14757, 5569
12991, 5569
27886, 5569
27290, 5569
9117, 5569
24789, 5569
20323, 5569
26558, 5569
18500, 5569
11779, 5569
22306, 5569
15259, 5569
19817, 5569
11273, 5569
17958, 5569
19062, 5569
15728, 5569
23195, 5569
15057, 5569
10080, 5569
26259, 5569
29041, 5569
11218, 5569
27278, 5569
24055, 5569
16308, 5569
26936, 5569
22895, 5569
24971, 5569
21616, 5569
20948, 5569
29842, 5569
29960, 5569
18000, 5569
13052, 5569
18275, 5569
24830, 5569
27012, 5569
10275, 5569
17797, 5569
29987, 5569
20920, 5569
13600, 5569
20257, 5569
10137, 5569
5569, 28816
16261, 5570
5570, 11649
10318, 5571
26557, 5571
26740, 5571
5571, 9901
17168, 5572
5572, 26953
27808, 5573
5573, 11547
19626, 5574
5574, 9699
5574, 16966
5574, 16491
12036, 5575
29186, 5575
18983, 5575
5575, 18705
29943, 5576
5576, 18370
19832, 5577
24590, 5577
22603, 5577
5577, 25252
14453, 5578
5578, 18656
13827, 5579
5579, 26740
19622, 5580
5580, 26419
12936, 5581
5581, 17361
11320, 5582
28196, 5582
5582, 26685
15577, 5583
5583, 26197
27471, 5584
5584, 26118
27714, 5585
5585, 25515
9717, 5586
5586, 19369
18019, 5587
10485, 5587
5587, 22578
11899, 5588
16170, 5588
5588, 27249
14840, 5589
5589, 28951
29943, 5590
5590, 15237
9204, 5591
5591, 22684
29240, 5592
24457, 5592
5592, 10563
18236, 5593
5593, 17171
24443, 5594
5594, 28150
5594, 16611
26192, 5595
14102, 5595
5595, 29161
11043, 5596
9166, 5596
5596, 14765
13604, 5597
5597, 15837
20744, 5598
24817, 5598
5598, 19135
22433, 5599
5599, 10831
20068, 5600
5600, 16045
5600, 16024
19052, 5601
15102, 5601
5601, 17494
25959, 5602
5602, 22183
5602, 21779
5602, 27361
5602, 14825
23898, 5603
5603, 13938
11383, 5604
5604, 28581
18515, 5605
15626, 5605
29024, 5605
9718, 5605
9767, 5605
21353, 5605
14154, 5605
12313, 5605
5605, 15104
5605, 11675
23277, 5606
5606, 26968
14141, 5607
5607, 22893
29602, 5608
5608, 10685
5608, 15933
23553, 5609
5609, 23834
18236, 5610
5610, 17171
9378, 5611
5611, 16970
18240, 5612
5612, 18308
21508, 5613
11917, 5613
5613, 11237
10596, 5614
5614, 14641
29907, 5615
5615, 19628
16235, 5616
23475, 5616
5616, 12142
24723, 5617
5617, 28907
23898, 5618
5618, 21402
26128, 5619
5619, 9824
5619, 26370
29341, 5620
5620, 25040
20516, 5621
5621, 18663
10267, 5622
5622, 15219
10969, 5623
5623, 21005
5623, 21661
12034, 5624
25275, 5624
5624, 28834
28282, 5625
5625, 27615
9330, 5626
26211, 5626
5626, 12360
5626, 15099
5626, 17821
29943, 5627
5627, 19977
12475, 5628
5628, 10645
12354, 5629
26188, 5629
17700, 5629
28596, 5629
22963, 5629
21598, 5629
15852, 5629
12525, 5629
13797, 5629
5629, 24734
5629, 22647
21163, 5630
29358, 5630
5630, 14286
5630, 14273
5630, 23837
5630, 17545
5630, 10513
5630, 29482
5630, 22855
24944, 5631
5631, 13496
24332, 5632
19636, 5632
5632, 29488
24727, 5633
5633, 20251
25557, 5634
5634, 15090
27083, 5635
5635, 9674
5635, 26337
29943, 5636
5636, 19977
26676, 5637
5637, 18917
12271, 5638
5638, 15951
15050, 5639
5639, 20507
12627, 5640
15642, 5640
5640, 16028
26057, 5641
5641, 9672
17766, 5642
22413, 5642
5642, 12131
11479, 5643
5643, 26657
25647, 5644
5644, 18580
16151, 5645
5645, 10299
18047, 5646
5646, 27366
26344, 5647
5647, 29480
20912, 5648
5648, 26523
28375, 5649
5649, 27206
29443, 5650
5650, 30205
18288, 5651
5651, 23981
11932, 5652
5652, 28686
18161, 5653
5653, 21968
10720, 5654
5654, 25553
21720, 5655
25392, 5655
5655, 18911
5655, 11936
5655, 23429
5655, 11638
29943, 5656
5656, 16329
5656, 29190
29708, 5657
5657, 25636
15866, 5658
5658, 28365
26919, 5659
5659, 28757
19840, 5660
29183, 5660
11320, 5660
10069, 5660
27907, 5660
18448, 5660
19830, 5660
21798, 5660
5660, 23019
11693, 5661
24569, 5661
5661, 29287
5661, 20597
13232, 5662
26927, 5662
29640, 5662
17627, 5662
25252, 5662
23987, 5662
5662, 14070
5662, 29943
29943, 5663
5663, 18761
23921, 5664
5664, 11917
5664, 18837
24168, 5665
5665, 11154
5665, 18166
5665, 11246
5665, 22270
5665, 12745
5665, 29354
5665, 21047
5665, 11790
5665, 27403
18344, 5666
5666, 25252
25959, 5667
5667, 27032
5667, 11687
5667, 16131
5667, 24559
23472, 5668
5668, 10538
24216, 5669
5669, 16479
9696, 5670
5670, 11308
20389, 5671
5671, 18084
17453, 5672
29404, 5672
16054, 5672
26262, 5672
24233, 5672
28517, 5672
5672, 11719
29883, 5673
14787, 5673
5673, 14540
5673, 26099
5673, 19178
5673, 22895
22500, 5674
5674, 18473
10248, 5675
24791, 5675
25449, 5675
5675, 24547
5675, 15312
18965, 5676
5676, 13455
5676, 28518
21373, 5677
27152, 5677
21476, 5677
20020, 5677
5677, 22339
26059, 5678
5678, 27383
24653, 5679
5679, 12350
11485, 5680
5680, 27989
25333, 5681
5681, 16821
29380, 5682
5682, 21994
13194, 5683
5683, 29538
5683, 9844
17736, 5684
5684, 25511
9304, 5685
5685, 12015
25765, 5686
16599, 5686
24212, 5686
17989, 5686
23060, 5686
29782, 5686
5686, 18346
27854, 5687
18911, 5687
5687, 10077
29347, 5688
17407, 5688
20963, 5688
11204, 5688
19776, 5688
29983, 5688
17233, 5688
25489, 5688
13280, 5688
20622, 5688
19818, 5688
29215, 5688
15507, 5688
15277, 5688
24295, 5688
15049, 5688
20581, 5688
26960, 5688
25292, 5688
23089, 5688
12518, 5688
28511, 5688
17365, 5688
14779, 5688
21497, 5688
19008, 5688
19897, 5688
13183, 5688
27608, 5688
15348, 5688
21992, 5688
24237, 5688
16443, 5688
12976, 5688
18882, 5688
18541, 5688
23028, 5688
10681, 5688
28077, 5688
21581, 5688
14738, 5688
14889, 5688
27441, 5688
19692, 5688
16077, 5688
19284, 5688
15338, 5688
20384, 5688
19197, 5688
22135, 5688
22812, 5688
16943, 5688
15917, 5688
26124, 5688
24409, 5688
11016, 5688
28974, 5688
29722, 5688
18060, 5688
14247, 5688
19426, 5688
24119, 5688
22673, 5688
17889, 5688
24335, 5688
27002, 5688
24785, 5688
29109, 5688
28671, 5688
13796, 5688
29998, 5688
21284, 5688
10204, 5688
17506, 5688
15662, 5688
13300, 5688
24006, 5688
26944, 5688
21973, 5688
15795, 5688
14906, 5688
28665, 5688
15151, 5688
23748, 5688
28124, 5688
25262, 5688
25008, 5688
22184, 5688
12813, 5688
27552, 5688
17503, 5688
28623, 5688
27276, 5688
25052, 5688
24306, 5688
21172, 5688
16236, 5688
15170, 5688
17488, 5688
17221, 5688
20471, 5688
20696, 5688
11469, 5688
18910, 5688
13784, 5688
14902, 5688
17817, 5688
11493, 5688
27549, 5688
23763, 5688
16178, 5688
26162, 5688
20165, 5688
18258, 5688
18879, 5688
19915, 5688
10000, 5688
26674, 5688
18302, 5688
9953, 5688
20022, 5688
27286, 5688
20070, 5688
27096, 5688
17116, 5688
28952, 5688
18203, 5688
13809, 5688
21308, 5688
22608, 5688
20796, 5688
9301, 5688
24717, 5688
14077, 5688
26315, 5688
19575, 5688
17964, 5688
19361, 5688
27188, 5688
19408, 5688
24337, 5688
28704, 5688
15604, 5688
12427, 5688
12144, 5688
17624, 5688
23341, 5688
19719, 5688
25816, 5688
12823, 5688
12457, 5688
10852, 5688
11405, 5688
12172, 5688
17501, 5688
9207, 5688
23270, 5688
24741, 5688
29360, 5688
22513, 5688
18704, 5688
14184, 5688
15365, 5688
14038, 5688
14462, 5688
9474, 5688
17866, 5688
19187, 5688
20373, 5688
23158, 5688
29582, 5688
14221, 5688
25202, 5688
11956, 5688
26605, 5688
23403, 5688
13228, 5688
21399, 5688
9121, 5688
9421, 5688
24637, 5688
16746, 5688
12493, 5688
20875, 5688
23632, 5688
18259, 5688
27064, 5688
27386, 5688
28314, 5688
21063, 5688
26587, 5688
23906, 5688
11208, 5688
9751, 5688
15295, 5688
9986, 5688
10700, 5688
22828, 5688
29136, 5688
24336, 5688
10338, 5688
28248, 5688
22693, 5688
18931, 5688
27612, 5688
11893, 5688
20366, 5688
10099, 5688
17788, 5688
11839, 5688
20126, 5688
26039, 5688
10916, 5688
23027, 5688
16974, 5688
27948, 5688
27275, 5688
26346, 5688
19974, 5688
25764, 5688
28880, 5688
11794, 5688
24272, 5688
15519, 5688
12575, 5688
20639, 5688
24606, 5688
24548, 5688
13970, 5688
19194, 5688
9450, 5688
22313, 5688
29663, 5688
27086, 5688
23370, 5688
27247, 5688
27744, 5688
15685, 5688
9652, 5688
26307, 5688
20529, 5688
19150, 5688
12714, 5688
28475, 5688
27061, 5688
16095, 5688
20579, 5688
9515, 5688
28128, 5688
14817, 5688
11334, 5688
27703, 5688
9853, 5688
24087, 5688
9451, 5688
13288, 5688
16109, 5688
28223, 5688
9561, 5688
18403, 5688
15051, 5688
10474, 5688
28410, 5688
9141, 5688
22208, 5688
10923, 5688
23677, 5688
17728, 5688
19834, 5688
22979, 5688
26330, 5688
14325, 5688
17679, 5688
14882, 5688
21136, 5688
14227, 5688
15594, 5688
15918, 5688
12567, 5688
25592, 5688
20526, 5688
10117, 5688
24427, 5688
15915, 5688
12850, 5688
23605, 5688
18617, 5688
14486, 5688
28355, 5688
12481, 5688
18296, 5688
15293, 5688
16333, 5688
24135, 5688
24982, 5688
21768, 5688
10752, 5688
27619, 5688
5688, 23828
10011, 5689
5689, 25136
25326, 5690
5690, 15352
26348, 5691
5691, 28868
12263, 5692
15441, 5692
5692, 15240
5692, 16318
17969, 5693
5693, 18132
20243, 5694
5694, 12219
23472, 5695
5695, 16592
24397, 5696
27729, 5696
5696, 13084
28119, 5697
5697, 17821
28190, 5698
5698, 16343
5698, 15370
10342, 5699
25587, 5699
13732, 5699
5699, 28804
11004, 5700
5700, 22866
22312, 5701
5701, 16321
23666, 5702
5702, 18296
13586, 5703
5703, 14794
14696, 5704
5704, 25252
11837, 5705
5705, 19638
13879, 5706
5706, 27441
14493, 5707
5707, 12514
24701, 5708
5708, 16548
21154, 5709
5709, 27931
17014, 5710
5710, 23619
25073, 5711
5711, 24461
9170, 5712
5712, 16438
22216, 5713
5713, 26741
15568, 5714
5714, 26628
5714, 22725
15528, 5715
5715, 9224
10728, 5716
5716, 17090
21281, 5717
9688, 5717
5717, 11449
5717, 27059
24369, 5718
5718, 11229
9848, 5719
5719, 25793
25828, 5720
15219, 5720
28150, 5720
21476, 5720
19264, 5720
15647, 5720
15698, 5720
9180, 5720
15642, 5720
5720, 26284
25228, 5721
5721, 25940
17361, 5722
25289, 5722
23224, 5722
15563, 5722
30035, 5722
20235, 5722
21571, 5722
13223, 5722
15638, 5722
15983, 5722
21656, 5722
24984, 5722
22334, 5722
18644, 5722
20290, 5722
5722, 15264
22439, 5723
16723, 5723
5723, 27158
19064, 5724
5724, 13939
13190, 5725
5725, 13432
15583, 5726
5726, 22043
5726, 12703
27184, 5727
13399, 5727
26927, 5727
25856, 5727
15185, 5727
19755, 5727
27496, 5727
12941, 5727
5727, 18287
5727, 29943
10940, 5728
25795, 5728
10197, 5728
28021, 5728
5728, 24328
5728, 25362
5728, 23821
5728, 18579
18473, 5729
14549, 5729
23595, 5729
5729, 10356
18328, 5730
28364, 5730
27727, 5730
13242, 5730
13777, 5730
17186, 5730
10096, 5730
23127, 5730
12001, 5730
23834, 5730
16301, 5730
9261, 5730
28191, 5730
24196, 5730
9210, 5730
19984, 5730
5730, 13995
21964, 5731
5731, 22920
23468, 5732
5732, 29041
27815, 5733
5733, 20046
13373, 5734
5734, 22881
5734, 23011
15810, 5735
23601, 5735
5735, 22619
5735, 13079
5735, 28549
5735, 24414
5735, 18629
5735, 19909
5735, 29904
5735, 26828
5735, 11063
15577, 5736
5736, 24836
20040, 5737
5737, 25857
22630, 5738
5738, 19526
5738, 15504
5738, 10699
27795, 5739
18952, 5739
5739, 17937
13310, 5740
5740, 28884
24555, 5741
5741, 13074
23472, 5742
5742, 20162
16511, 5743
5743, 21633
5743, 24800
5743, 30193
5743, 25750
5743, 23522
5743, 16962
12449, 5744
5744, 28253
15963, 5745
5745, 23443
29741, 5746
5746, 9552
13101, 5747
5747, 28077
11396, 5748
19766, 5748
5748, 13940
29425, 5749
5749, 19650
27453, 5750
5750, 22678
10297, 5751
5751, 25754
19106, 5752
5752, 24480
12542, 5753
5753, 25978
12407, 5754
5754, 26792
11838, 5755
5755, 12274
5755, 27936
18277, 5756
5756, 23821
5756, 17929
28452, 5757
5757, 13583
5757, 9772
5757, 29562
5757, 23330
24271, 5758
5758, 28367
9686, 5759
29985, 5759
5759, 13358
14500, 5760
5760, 20850
21295, 5761
5761, 18780
13101, 5762
5762, 26107
25960, 5763
24248, 5763
5763, 20083
29163, 5764
5764, 27621
5764, 24734
5764, 20421
27984, 5765
5765, 11082
5765, 11861
5765, 11655
28512, 5766
5766, 13606
18788, 5767
5767, 17440
16666, 5768
5768, 15208
9358, 5769
16136, 5769
13375, 5769
30008, 5769
21665, 5769
11770, 5769
29361, 5769
15626, 5769
20996, 5769
24324, 5769
29936, 5769
5769, 28162
9710, 5770
5770, 17363
20543, 5771
23778, 5771
27121, 5771
12785, 5771
25620, 5771
29321, 5771
12858, 5771
24794, 5771
5771, 12108
15147, 5772
5772, 16332
29943, 5773
5773, 20284
14556, 5774
25394, 5774
9792, 5774
5774, 26286
16662, 5775
5775, 10613
24696, 5776
5776, 29362
5776, 15119
24455, 5777
5777, 9726
22348, 5778
5778, 27743
19519, 5779
5779, 28788
12589, 5780
19425, 5780
21339, 5780
22525, 5780
15320, 5780
18994, 5780
19623, 5780
15272, 5780
23567, 5780
24064, 5780
16523, 5780
11142, 5780
13941, 5780
9460, 5780
9162, 5780
13462, 5780
5780, 10645
24197, 5781
5781, 17416
27949, 5782
5782, 22297
14170, 5783
5783, 10053
25406, 5784
5784, 12761
13816, 5785
5785, 23440
21584, 5786
5786, 23894
11000, 5787
5787, 22422
14377, 5788
5788, 22448
18849, 5789
22632, 5789
9537, 5789
5789, 13327
28226, 5790
5790, 28228
14549, 5791
5791, 17697
27706, 5792
5792, 25811
19680, 5793
5793, 19818
5793, 28671
5793, 19719
5793, 26605
5793, 10916
14821, 5794
5794, 14749
14290, 5795
10345, 5795
5795, 26053
27814, 5796
5796, 14519
28774, 5797
5797, 22609
20756, 5798
5798, 11229
15171, 5799
19285, 5799
20088, 5799
27366, 5799
10737, 5799
21585, 5799
17416, 5799
21924, 5799
16043, 5799
10054, 5799
12703, 5799
11933, 5799
17828, 5799
20775, 5799
13193, 5799
25571, 5799
27414, 5799
29787, 5799
13669, 5799
28730, 5799
29535, 5799
27909, 5799
5799, 13995
26980, 5800
5800, 23549
30214, 5801
5801, 22579
14668, 5802
10433, 5802
21207, 5802
26679, 5802
5802, 10747
5802, 27862
18571, 5803
5803, 22873
16065, 5804
5804, 11734
28862, 5805
5805, 29777
28210, 5806
5806, 11826
13849, 5807
5807, 27344
5807, 29656
10038, 5808
18187, 5808
16692, 5808
9389, 5808
28283, 5808
5808, 29459
13816, 5809
5809, 23440
18823, 5810
13889, 5810
28009, 5810
21353, 5810
28912, 5810
10405, 5810
29922, 5810
20996, 5810
30061, 5810
10132, 5810
18817, 5810
5810, 29421
5810, 29372
18722, 5811
5811, 12435
15963, 5812
5812, 23443
29404, 5813
10739, 5813
13226, 5813
12446, 5813
5813, 10601
5813, 18433
5813, 26540
26423, 5814
11879, 5814
5814, 20362
5814, 27491
27554, 5815
5815, 22839
10458, 5816
5816, 22842
15757, 5817
5817, 18233
5817, 15407
23949, 5818
11540, 5818
5818, 19791
11769, 5819
5819, 10569
29618, 5820
5820, 18931
12547, 5821
26010, 5821
5821, 21229
5821, 16426
5821, 11061
5821, 16602
11148, 5822
5822, 12126
27178, 5823
5823, 20027
27022, 5824
23221, 5824
10570, 5824
15020, 5824
5824, 28010
5824, 25473
29442, 5825
22273, 5825
5825, 15040
24853, 5826
5826, 29905
16105, 5827
5827, 15185
12129, 5828
5828, 20007
17123, 5829
5829, 23243
5829, 21049
5829, 11240
17216, 5830
5830, 26235
14440, 5831
12881, 5831
19221, 5831
10585, 5831
12161, 5831
10068, 5831
20485, 5831
13880, 5831
13855, 5831
9995, 5831
10420, 5831
27376, 5831
13246, 5831
9836, 5831
28735, 5831
29160, 5831
27595, 5831
22579, 5831
20220, 5831
13472, 5831
13367, 5831
21310, 5831
25257, 5831
29583, 5831
24400, 5831
16122, 5831
14594, 5831
18548, 5831
15502, 5831
27320, 5831
27169, 5831
13041, 5831
21145, 5831
25617, 5831
11543, 5831
20237, 5831
22115, 5831
26634, 5831
14345, 5831
28414, 5831
24352, 5831
10418, 5831
23161, 5831
20781, 5831
12952, 5831
28746, 5831
22187, 5831
17185, 5831
21908, 5831
12299, 5831
19572, 5831
29630, 5831
26260, 5831
20434, 5831
13455, 5831
26292, 5831
13961, 5831
23603, 5831
9814, 5831
20764, 5831
25918, 5831
12392, 5831
25349, 5831
27369, 5831
12495, 5831
15436, 5831
25901, 5831
9968, 5831
22256, 5831
12348, 5831
23529, 5831
20626, 5831
24314, 5831
22177, 5831
13523, 5831
25564, 5831
25455, 5831
13233, 5831
12185, 5831
22566, 5831
26167, 5831
9249, 5831
11097, 5831
22429, 5831
11265, 5831
25339, 5831
20785, 5831
13060, 5831
13862, 5831
11296, 5831
16004, 5831
24713, 5831
10190, 5831
25958, 5831
28594, 5831
19380, 5831
23554, 5831
5831, 18848
9759, 5832
24093, 5832
29500, 5832
12970, 5832
19336, 5832
5832, 14343
14074, 5833
5833, 16241
18765, 5834
5834, 27017
19333, 5835
5835, 29998
30002, 5836
5836, 25936
15096, 5837
5837, 23127
5837, 18967
21023, 5838
5838, 15928
24168, 5839
5839, 13385
5839, 21006
13443, 5840
5840, 20358
19298, 5841
10066, 5841
29067, 5841
5841, 25252
23908, 5842
5842, 17651
27932, 5843
5843, 27152
20937, 5844
5844, 27533
20426, 5845
5845, 10745
13816, 5846
5846, 23440
24571, 5847
27428, 5847
20830, 5847
12464, 5847
21725, 5847
25019, 5847
12167, 5847
29914, 5847
26979, 5847
19402, 5847
20538, 5847
25260, 5847
26216, 5847
28907, 5847
20007, 5847
10329, 5847
10941, 5847
14695, 5847
13500, 5847
10747, 5847
26029, 5847
26343, 5847
16244, 5847
17330, 5847
26412, 5847
10543, 5847
23243, 5847
17092, 5847
29245, 5847
12274, 5847
12465, 5847
12673, 5847
28450, 5847
19791, 5847
22205, 5847
20097, 5847
14549, 5847
16251, 5847
28439, 5847
28125, 5847
28660, 5847
18308, 5847
17673, 5847
29064, 5847
10743, 5847
29372, 5847
27051, 5847
28640, 5847
18041, 5847
29695, 5847
28023, 5847
25051, 5847
19662, 5847
10409, 5847
14802, 5847
19977, 5847
27316, 5847
27353, 5847
21798, 5847
20270, 5847
5847, 11591
22548, 5848
10519, 5848
13309, 5848
5848, 24467
25114, 5849
5849, 18024
16511, 5850
5850, 20750
5850, 17815
28798, 5851
28433, 5851
15990, 5851
13554, 5851
21526, 5851
13028, 5851
23953, 5851
9363, 5851
5851, 14662
27808, 5852
5852, 11547
27299, 5853
5853, 11813
11455, 5854
5854, 14366
5854, 18477
29943, 5855
5855, 12318
21722, 5856
22106, 5856
25356, 5856
27934, 5856
21338, 5856
5856, 14963
5856, 10866
9783, 5857
5857, 16896
10900, 5858
5858, 25160
25932, 5859
5859, 26433
22808, 5860
5860, 25633
21373, 5861
20393, 5861
5861, 16637
14925, 5862
5862, 17172
15577, 5863
5863, 11848
23706, 5864
5864, 15151
15494, 5865
29608, 5865
9236, 5865
5865, 29156
10847, 5866
5866, 21373
5866, 10104
22808, 5867
5867, 13550
13372, 5868
5868, 22831
16220, 5869
5869, 21513
13874, 5870
20004, 5870
5870, 14269
10649, 5871
5871, 18712
5871, 21212
24703, 5872
5872, 22334
25383, 5873
23846, 5873
5873, 25084
15694, 5874
5874, 28398
27346, 5875
5875, 15863
26845, 5876
29746, 5876
11674, 5876
27010, 5876
22137, 5876
23585, 5876
25799, 5876
5876, 16286
5876, 16147
29437, 5877
25255, 5877
5877, 16459
5877, 21934
5877, 21893
5877, 12885
5877, 25521
5877, 14629
5877, 15509
5877, 10231
5877, 15351
5877, 19250
5877, 15611
5877, 13933
5877, 17493
5877, 23719
12478, 5878
5878, 24911
29943, 5879
5879, 10367
5879, 15257
22136, 5880
5880, 25644
10059, 5881
5881, 29804
18733, 5882
5882, 29958
24562, 5883
5883, 27829
28546, 5884
5884, 13588
18862, 5885
5885, 10675
15577, 5886
5886, 23595
10489, 5887
5887, 10275
29000, 5888
5888, 12908
20664, 5889
5889, 26007
21568, 5890
5890, 20083
23219, 5891
13955, 5891
26596, 5891
11757, 5891
14890, 5891
5891, 19200
28241, 5892
5892, 17630
29943, 5893
5893, 21647
24688, 5894
5894, 12025
14968, 5895
5895, 9682
19223, 5896
5896, 17995
5896, 17471
5896, 30012
27751, 5897
5897, 19774
13622, 5898
5898, 17813
19390, 5899
5899, 13095
13816, 5900
5900, 23440
27175, 5901
5901, 28499
29016, 5902
18952, 5902
18155, 5902
5902, 15001
28942, 5903
5903, 13980
29952, 5904
14269, 5904
23371, 5904
26289, 5904
25868, 5904
15349, 5904
23219, 5904
26391, 5904
12274, 5904
25487, 5904
14230, 5904
20393, 5904
12511, 5904
18569, 5904
14794, 5904
20358, 5904
22143, 5904
9572, 5904
12375, 5904
25311, 5904
22020, 5904
23052, 5904
5904, 15737
18825, 5905
5905, 24839
12649, 5906
5906, 23209
20803, 5907
5907, 26108
16184, 5908
28656, 5908
24370, 5908
22785, 5908
12107, 5908
12909, 5908
17538, 5908
11981, 5908
16891, 5908
18835, 5908
20730, 5908
11649, 5908
29071, 5908
17843, 5908
30095, 5908
21445, 5908
27962, 5908
9920, 5908
23495, 5908
13684, 5908
29111, 5908
12050, 5908
16402, 5908
27587, 5908
19326, 5908
22120, 5908
20876, 5908
26055, 5908
28499, 5908
27973, 5908
25234, 5908
24268, 5908
12503, 5908
17813, 5908
26181, 5908
25151, 5908
27677, 5908
14543, 5908
19291, 5908
22397, 5908
10201, 5908
26249, 5908
13416, 5908
28189, 5908
27367, 5908
9694, 5908
19608, 5908
11971, 5908
25282, 5908
10950, 5908
26439, 5908
28559, 5908
25524, 5908
26271, 5908
13564, 5908
26086, 5908
25507, 5908
5908, 20990
26560, 5909
5909, 14644
9714, 5910
5910, 20079
10075, 5911
16615, 5911
5911, 13416
10948, 5912
13655, 5912
12338, 5912
10827, 5912
27255, 5912
23279, 5912
26897, 5912
11284, 5912
25703, 5912
11432, 5912
11951, 5912
5912, 21306
16526, 5913
5913, 12360
17183, 5914
5914, 12167
5914, 22012
5914, 23151
12170, 5915
16015, 5915
5915, 13521
22316, 5916
5916, 25041
5916, 22754
23636, 5917
5917, 28432
5917, 10781
5917, 14450
30003, 5918
11297, 5918
5918, 11169
9952, 5919
5919, 21750
29126, 5920
29992, 5920
20831, 5920
5920, 14485
26123, 5921
5921, 10353
29708, 5922
5922, 12619
13458, 5923
5923, 26596
22691, 5924
5924, 16041
23384, 5925
5925, 16251
22207, 5926
5926, 23676
10892, 5927
5927, 10259
23472, 5928
5928, 28460
11792, 5929
5929, 11321
5929, 10380
27148, 5930
5930, 26026
5930, 13505
5930, 10016
5930, 16789
15761, 5931
9223, 5931
5931, 12184
22433, 5932
5932, 28785
11938, 5933
24724, 5933
11515, 5933
5933, 17246
27793, 5934
5934, 29772
24618, 5935
5935, 17793
19665, 5936
9369, 5936
5936, 15068
19649, 5937
5937, 18183
5937, 19227
5937, 11417
19831, 5938
5938, 12401
29943, 5939
5939, 16716
15137, 5940
5940, 12304
24406, 5941
5941, 17523
22804, 5942
5942, 21280
5942, 22776
5942, 20513
26989, 5943
5943, 27743
5943, 24268
26625, 5944
16243, 5944
17916, 5944
5944, 9742
16511, 5945
5945, 18293
5945, 21951
5945, 18562
5945, 28540
5945, 21552
5945, 26299
18605, 5946
5946, 11176
29943, 5947
5947, 28153
16886, 5948
5948, 23109
23120, 5949
5949, 28273
16866, 5950
5950, 25785
15071, 5951
5951, 18623
22908, 5952
5952, 12273
5952, 11273
5952, 17958
23122, 5953
16086, 5953
27823, 5953
5953, 16008
5953, 23942
5953, 11463
13389, 5954
12045, 5954
27974, 5954
11567, 5954
13748, 5954
13144, 5954
5954, 10763
10387, 5955
5955, 12906
5955, 9363
14734, 5956
5956, 29282
5956, 13327
22668, 5957
5957, 14156
16222, 5958
5958, 12886
28149, 5959
5959, 19078
29943, 5960
5960, 13213
12896, 5961
5961, 25393
23731, 5962
5962, 16443
27825, 5963
5963, 9788
27074, 5964
5964, 9902
5964, 21860
5964, 19877
18188, 5965
5965, 22839
13101, 5966
5966, 15481
18546, 5967
5967, 23340
16664, 5968
30114, 5968
10764, 5968
18038, 5968
28593, 5968
19504, 5968
5968, 17429
5968, 20395
21307, 5969
5969, 23378
15231, 5970
5970, 21079
5970, 18111
16511, 5971
5971, 11134
5971, 9867
5971, 20755
23898, 5972
5972, 27809
19477, 5973
5973, 13569
23898, 5974
5974, 15337
12611, 5975
5975, 28068
5975, 11027
10754, 5976
5976, 14872
23239, 5977
15516, 5977
5977, 23842
11621, 5978
5978, 29472
24146, 5979
5979, 11862
10390, 5980
30041, 5980
5980, 23975
5980, 23821
22550, 5981
5981, 16583
18400, 5982
26289, 5982
12896, 5982
23219, 5982
17703, 5982
26392, 5982
21177, 5982
19395, 5982
25925, 5982
18818, 5982
28074, 5982
10598, 5982
20442, 5982
5982, 18687
16485, 5983
21470, 5983
5983, 21805
20566, 5984
5984, 18413
18485, 5985
5985, 21035
10005, 5986
5986, 20775
16133, 5987
5987, 21478
29799, 5988
5988, 19064
26064, 5989
5989, 12281
27396, 5990
5990, 13831
29943, 5991
5991, 11756
25397, 5992
5992, 24788
26397, 5993
5993, 25925
9654, 5994
5994, 28029
29095, 5995
17923, 5995
5995, 28033
25885, 5996
5996, 16512
12048, 5997
18658, 5997
24991, 5997
5997, 26595
20157, 5998
5998, 28263
22939, 5999
5999, 18286
26387, 6000
6000, 16025
13720, 6001
6001, 14701
10490, 6002
17000, 6002
17288, 6002
6002, 15040
16511, 6003
6003, 19968
6003, 25248
15577, 6004
6004, 15128
21696, 6005
6005, 10737
13575, 6006
6006, 21449
6006, 26741
6006, 29200
6006, 18691
6006, 23229
6006, 22613
18703, 6007
6007, 24556
22919, 6008
6008, 9960
10798, 6009
6009, 28602
25345, 6010
6010, 14981
11462, 6011
6011, 25868
21727, 6012
6012, 25123
29084, 6013
6013, 20589
22922, 6014
6014, 27725
25334, 6015
6015, 22839
10167, 6016
26268, 6016
9619, 6016
6016, 26472
23277, 6017
6017, 18864
15050, 6018
6018, 10388
23587, 6019
6019, 14789
26191, 6020
6020, 22884
6020, 16875
16511, 6021
6021, 21849
27215, 6022
6022, 16510
29677, 6023
25894, 6023
6023, 25001
19821, 6024
6024, 17731
29875, 6025
27743, 6025
24332, 6025
21841, 6025
6025, 29301
21218, 6026
6026, 12284
13404, 6027
6027, 25042
15179, 6028
23129, 6028
6028, 22024
6028, 9622
6028, 20683
6028, 10091
6028, 24143
10295, 6029
6029, 24527
18577, 6030
6030, 10993
21508, 6031
13511, 6031
16411, 6031
23999, 6031
12103, 6031
6031, 12235
24805, 6032
6032, 18987
29911, 6033
6033, 22645
9097, 6034
6034, 26770
24127, 6035
6035, 9674
6035, 13275
27727, 6036
24757, 6036
12397, 6036
30198, 6036
14852, 6036
23974, 6036
18120, 6036
29413, 6036
26677, 6036
11762, 6036
29682, 6036
15157, 6036
15753, 6036
26530, 6036
16321, 6036
6036, 13995
25690, 6037
6037, 9584
25272, 6038
6038, 16082
28337, 6039
6039, 20501
24104, 6040
15074, 6040
6040, 11644
11467, 6041
6041, 20507
11280, 6042
6042, 27463
6042, 29148
29982, 6043
6043, 21697
12889, 6044
17228, 6044
6044, 24660
6044, 15132
19619, 6045
6045, 16093
28276, 6046
6046, 13327
28424, 6047
24719, 6047
6047, 14514
18577, 6048
6048, 18601
15768, 6049
6049, 29126
13445, 6050
24527, 6050
13420, 6050
6050, 15963
15242, 6051
6051, 10340
24518, 6052
6052, 11883
16166, 6053
6053, 13757
14995, 6054
10299, 6054
18152, 6054
17092, 6054
22205, 6054
28660, 6054
27686, 6054
21844, 6054
21827, 6054
17630, 6054
22043, 6054
6054, 24607
23299, 6055
23839, 6055
27945, 6055
11508, 6055
18138, 6055
22237, 6055
27827, 6055
21008, 6055
27373, 6055
23804, 6055
28267, 6055
12990, 6055
26081, 6055
20276, 6055
28260, 6055
11597, 6055
16846, 6055
30063, 6055
13734, 6055
21799, 6055
17934, 6055
29563, 6055
10858, 6055
9461, 6055
29486, 6055
29625, 6055
13936, 6055
12086, 6055
10060, 6055
25722, 6055
19011, 6055
12580, 6055
10582, 6055
17804, 6055
20612, 6055
21649, 6055
26607, 6055
26699, 6055
27021, 6055
25471, 6055
20903, 6055
26410, 6055
29445, 6055
26801, 6055
18865, 6055
17192, 6055
22714, 6055
26020, 6055
13033, 6055
22082, 6055
25032, 6055
20784, 6055
29826, 6055
28784, 6055
15551, 6055
10188, 6055
6055, 9182
9719, 6056
19168, 6056
6056, 14233
26321, 6057
6057, 27185
22807, 6058
10448, 6058
6058, 9620
29715, 6059
29752, 6059
10180, 6059
6059, 30033
18343, 6060
6060, 22250
14941, 6061
6061, 15276
29943, 6062
6062, 13471
14232, 6063
6063, 11813
17870, 6064
6064, 30204
12950, 6065
6065, 16517
6065, 19076
23458, 6066
6066, 15614
22813, 6067
24542, 6067
26535, 6067
6067, 23821
6067, 19692
6067, 26944
6067, 27549
29943, 6068
6068, 18370
27300, 6069
27567, 6069
6069, 20607
6069, 12174
24436, 6070
6070, 20665
23048, 6071
6071, 9594
10915, 6072
6072, 15868
24831, 6073
6073, 17688
17900, 6074
6074, 28042
6074, 19953
21894, 6075
6075, 20388
19795, 6076
6076, 21294
9334, 6077
6077, 22839
19922, 6078
6078, 22546
24236, 6079
6079, 20902
21588, 6080
6080, 9747
25412, 6081
6081, 20393
10432, 6082
6082, 20363
27937, 6083
6083, 17303
16511, 6084
6084, 15937
20254, 6085
6085, 14540
23471, 6086
6086, 17038
22650, 6087
6087, 10665
10007, 6088
6088, 24974
18338, 6089
6089, 10623
24380, 6090
27475, 6090
6090, 25362
15479, 6091
6091, 11790
20783, 6092
6092, 26958
24918, 6093
11866, 6093
15434, 6093
18390, 6093
24160, 6093
12057, 6093
16199, 6093
25171, 6093
16529, 6093
6093, 11967
29313, 6094
6094, 25055
6094, 14635
15050, 6095
6095, 13416
16907, 6096
6096, 27628
6096, 24900
24216, 6097
6097, 26880
13759, 6098
6098, 10994
17563, 6099
30170, 6099
20534, 6099
16414, 6099
24216, 6099
6099, 27353
15690, 6100
6100, 19018
22276, 6101
6101, 14114
6101, 21671
9227, 6102
23135, 6102
6102, 18682
6102, 13017
24094, 6103
15762, 6103
13043, 6103
6103, 16902
28405, 6104
6104, 22967
6104, 16990
26641, 6105
16742, 6105
22710, 6105
22108, 6105
29273, 6105
21160, 6105
15605, 6105
11482, 6105
6105, 11740
23338, 6106
22584, 6106
6106, 13221
29943, 6107
6107, 23110
29655, 6108
6108, 18694
26215, 6109
6109, 15185
17714, 6110
6110, 23903
27110, 6111
6111, 27256
19130, 6112
6112, 26414
16345, 6113
6113, 18094
11308, 6114
15110, 6114
13853, 6114
27226, 6114
19837, 6114
25294, 6114
17704, 6114
6114, 20672
14278, 6115
6115, 16179
15768, 6116
6116, 29126
19350, 6117
6117, 26504
6117, 13481
6117, 24698
21967, 6118
6118, 17944
23898, 6119
6119, 28250
24980, 6120
6120, 22886
15963, 6121
6121, 23443
14024, 6122
25110, 6122
12124, 6122
22996, 6122
27050, 6122
6122, 10794
23711, 6123
6123, 11996
28614, 6124
6124, 17039
22083, 6125
6125, 16235
6125, 19986
25925, 6126
11665, 6126
6126, 24826
13514, 6127
6127, 19830
19797, 6128
6128, 19426
6128, 12457
6128, 9207
6128, 17866
9873, 6129
6129, 29022
13916, 6130
6130, 10579
15590, 6131
13741, 6131
6131, 17365
6131, 18302
6131, 23027
6131, 20529
6131, 24087
10990, 6132
6132, 20728
22972, 6133
6133, 14363
23311, 6134
6134, 19052
24871, 6135
6135, 23294
14713, 6136
6136, 12014
15102, 6137
15377, 6137
6137, 25668
27975, 6138
6138, 15104
6138, 22020
16128, 6139
6139, 11064
29112, 6140
27859, 6140
12186, 6140
14548, 6140
6140, 23067
29943, 6141
6141, 26935
23898, 6142
6142, 12835
21179, 6143
6143, 22213
14527, 6144
6144, 25531
6144, 29181
6144, 13242
23349, 6145
6145, 19192
28070, 6146
6146, 21197
6146, 26389
6146, 15138
17849, 6147
29097, 6147
6147, 17111
16930, 6148
6148, 17518
6148, 12605
12946, 6149
6149, 26052
11282, 6150
6150, 17769
22163, 6151
6151, 20231
19988, 6152
6152, 22690
11591, 6153
6153, 29366
16482, 6154
6154, 13223
16476, 6155
6155, 22258
24916, 6156
19744, 6156
10730, 6156
24515, 6156
18404, 6156
20501, 6156
22154, 6156
14342, 6156
14666, 6156
6156, 9856
28487, 6157
6157, 9614
13274, 6158
28789, 6158
13305, 6158
23648, 6158
23231, 6158
29256, 6158
25887, 6158
30192, 6158
11170, 6158
11520, 6158
9673, 6158
26237, 6158
14806, 6158
29277, 6158
12737, 6158
17368, 6158
23446, 6158
27438, 6158
23159, 6158
14826, 6158
6158, 25065
26596, 6159
6159, 12656
13764, 6160
6160, 24636
19379, 6161
13399, 6161
10477, 6161
10231, 6161
13921, 6161
18460, 6161
13099, 6161
20083, 6161
12421, 6161
20049, 6161
17215, 6161
13613, 6161
28925, 6161
18226, 6161
21862, 6161
17576, 6161
11801, 6161
27704, 6161
26741, 6161
26233, 6161
9781, 6161
9984, 6161
19304, 6161
26492, 6161
28228, 6161
17207, 6161
15185, 6161
11813, 6161
20362, 6161
13244, 6161
16610, 6161
13063, 6161
15975, 6161
14627, 6161
25001, 6161
23209, 6161
13100, 6161
28095, 6161
24911, 6161
10073, 6161
25644, 6161
18912, 6161
15925, 6161
16660, 6161
13831, 6161
25362, 6161
13813, 6161
28719, 6161
13327, 6161
23503, 6161
25629, 6161
14996, 6161
27809, 6161
10818, 6161
21994, 6161
17974, 6161
20396, 6161
20447, 6161
16597, 6161
20965, 6161
11106, 6161
9246, 6161
27062, 6161
23821, 6161
22620, 6161
14704, 6161
30009, 6161
17793, 6161
9663, 6161
15367, 6161
22964, 6161
9839, 6161
20923, 6161
11790, 6161
17437, 6161
15649, 6161
23440, 6161
10415, 6161
26990, 6161
28200, 6161
25252, 6161
18955, 6161
14117, 6161
17265, 6161
6161, 29943
6161, 17859
29446, 6162
6162, 28986
19795, 6163
6163, 21294
29708, 6164
6164, 12619
12685, 6165
6165, 27152
20481, 6166
6166, 19225
17763, 6167
6167, 10222
29083, 6168
6168, 15376
6168, 20136
22946, 6169
6169, 22761
19656, 6170
15990, 6170
17090, 6170
6170, 14923
26201, 6171
6171, 25468
13816, 6172
6172, 23440
23260, 6173
6173, 26398
14897, 6174
6174, 12276
6174, 15392
23327, 6175
6175, 15801
6175, 20235
9635, 6176
6176, 14484
6176, 20653
19242, 6177
6177, 24139
25802, 6178
21121, 6178
18870, 6178
16339, 6178
29547, 6178
11659, 6178
6178, 21663
29943, 6179
6179, 14469
21674, 6180
6180, 27195
6180, 11990
9108, 6181
6181, 27383
25235, 6182
6182, 20263
16185, 6183
6183, 25161
6183, 24238
6183, 25311
25071, 6184
6184, 29007
23107, 6185
6185, 18631
25746, 6186
6186, 10812
27066, 6187
25140, 6187
6187, 15774
23898, 6188
6188, 26441
24276, 6189
6189, 24370
18312, 6190
6190, 29808
6190, 12691
6190, 22184
13635, 6191
6191, 12642
13707, 6192
16707, 6192
10033, 6192
12067, 6192
27670, 6192
9790, 6192
6192, 18623
6192, 20229
6192, 24354
6192, 21721
6192, 28659
12924, 6193
6193, 27829
13816, 6194
6194, 23440
15103, 6195
6195, 28475
11775, 6196
6196, 27510
14043, 6197
6197, 12627
6197, 9883
20455, 6198
24077, 6198
6198, 10745
6198, 11518
15929, 6199
6199, 26783
12699, 6200
6200, 13955
12734, 6201
29833, 6201
6201, 27450
6201, 13295
6201, 29426
6201, 13695
6201, 27290
25779, 6202
6202, 23501
6202, 27505
25308, 6203
6203, 23650
22774, 6204
21056, 6204
18549, 6204
13405, 6204
6204, 15674
23898, 6205
6205, 12732
29569, 6206
11114, 6206
14495, 6206
26553, 6206
23946, 6206
25195, 6206
14079, 6206
6206, 17350
22359, 6207
6207, 28342
17951, 6208
6208, 29689
20108, 6209
6209, 17705
12272, 6210
6210, 14609
18397, 6211
6211, 16251
27127, 6212
22056, 6212
6212, 16335
11407, 6213
21053, 6213
6213, 28079
18572, 6214
6214, 10056
21389, 6215
6215, 27998
16934, 6216
6216, 18912
11046, 6217
25554, 6217
6217, 25003
18622, 6218
6218, 16719
14172, 6219
6219, 15725
6219, 19120
23870, 6220
6220, 13191
11533, 6221
28701, 6221
6221, 23233
6221, 24451
26957, 6222
29243, 6222
6222, 16847
6222, 12333
6222, 21838
26442, 6223
6223, 22866
16319, 6224
6224, 25880
18086, 6225
6225, 26721
15516, 6226
6226, 21440
18860, 6227
18466, 6227
6227, 13583
12831, 6228
6228, 12055
18619, 6229
25225, 6229
14778, 6229
6229, 12473
27480, 6230
6230, 19834
13281, 6231
6231, 13636
28044, 6232
17383, 6232
6232, 17609
24617, 6233
6233, 11634
20761, 6234
6234, 29347
9723, 6235
6235, 15876
6235, 20064
18577, 6236
6236, 28826
25296, 6237
14280, 6237
6237, 22194
13551, 6238
6238, 19816
24928, 6239
6239, 19784
21506, 6240
6240, 25219
6240, 20961
6240, 28753
21313, 6241
6241, 12227
26428, 6242
6242, 29766
11406, 6243
6243, 21498
18858, 6244
6244, 9988
13259, 6245
6245, 18992
16057, 6246
6246, 15327
23898, 6247
6247, 22168
29126, 6248
20806, 6248
10850, 6248
22584, 6248
6248, 13249
14447, 6249
6249, 11964
23536, 6250
21501, 6250
6250, 10645
6250, 27167
25064, 6251
22355, 6251
20714, 6251
6251, 9267
24342, 6252
6252, 28329
11379, 6253
23272, 6253
6253, 11884
12133, 6254
6254, 18402
22390, 6255
6255, 24121
21888, 6256
6256, 19419
6256, 26888
25959, 6257
6257, 20554
6257, 28564
6257, 30037
6257, 14094
6257, 26258
6257, 9364
6257, 26278
6257, 13287
6257, 11106
6257, 26658
13816, 6258
6258, 21953
29943, 6259
6259, 13564
18906, 6260
6260, 17256
6260, 12406
18736, 6261
6261, 21894
6261, 28644
9401, 6262
6262, 20414
13408, 6263
6263, 10889
6263, 12991
26927, 6264
6264, 29943
6264, 26437
15104, 6265
25759, 6265
29914, 6265
21373, 6265
24695, 6265
10329, 6265
19615, 6265
19389, 6265
25602, 6265
11950, 6265
25562, 6265
13471, 6265
24878, 6265
22353, 6265
15671, 6265
25177, 6265
26392, 6265
19816, 6265
15288, 6265
22741, 6265
16234, 6265
14613, 6265
21729, 6265
20489, 6265
23670, 6265
17146, 6265
16658, 6265
15376, 6265
12590, 6265
14866, 6265
18094, 6265
26015, 6265
28488, 6265
11547, 6265
15698, 6265
21764, 6265
19977, 6265
16661, 6265
9408, 6265
11253, 6265
25210, 6265
6265, 23976
27935, 6266
6266, 20377
26866, 6267
6267, 10598
12738, 6268
6268, 10780
16061, 6269
27473, 6269
6269, 20930
19110, 6270
22406, 6270
6270, 22373
9366, 6271
28005, 6271
9758, 6271
29180, 6271
15514, 6271
15626, 6271
17811, 6271
27995, 6271
15703, 6271
28836, 6271
28137, 6271
29139, 6271
6271, 20167
13811, 6272
6272, 12462
26567, 6273
12949, 6273
11982, 6273
25738, 6273
20233, 6273
13169, 6273
27563, 6273
23437, 6273
6273, 15877
11997, 6274
6274, 13327
14159, 6275
6275, 17601
16100, 6276
17041, 6276
6276, 12561
13604, 6277
6277, 15837
29128, 6278
6278, 14083
16886, 6279
6279, 29183
25415, 6280
6280, 22450
26004, 6281
6281, 30069
20028, 6282
6282, 22699
29911, 6283
6283, 22645
30175, 6284
6284, 22043
13918, 6285
6285, 14403
27536, 6286
6286, 9363
24709, 6287
6287, 28748
13651, 6288
6288, 13555
25198, 6289
18911, 6289
6289, 12458
19252, 6290
6290, 19465
10179, 6291
6291, 10409
6291, 26936
22165, 6292
6292, 15381
11120, 6293
6293, 10920
16863, 6294
6294, 29192
6294, 13970
25119, 6295
6295, 16243
25805, 6296
12315, 6296
19418, 6296
21251, 6296
13863, 6296
15483, 6296
16755, 6296
17279, 6296
6296, 16461
17226, 6297
23579, 6297
28727, 6297
12653, 6297
10610, 6297
14571, 6297
18029, 6297
12063, 6297
29810, 6297
13672, 6297
23769, 6297
6297, 24837
6297, 25058
16832, 6298
6298, 22012
6298, 23219
15921, 6299
6299, 16857
23345, 6300
6300, 23213
17837, 6301
6301, 23211
24115, 6302
6302, 11269
6302, 19394
29602, 6303
6303, 10298
27820, 6304
27368, 6304
10966, 6304
20253, 6304
6304, 27486
22310, 6305
6305, 28788
21882, 6306
6306, 22826
6306, 29192
6306, 9569
6306, 27659
10784, 6307
6307, 18367
26802, 6308
17146, 6308
6308, 20060
10314, 6309
6309, 24152
6309, 10699
18694, 6310
6310, 27527
22618, 6311
20733, 6311
27628, 6311
20825, 6311
10902, 6311
25252, 6311
6311, 29943
29457, 6312
29295, 6312
16673, 6312
22889, 6312
6312, 20447
15233, 6313
24517, 6313
6313, 14432
6313, 9271
9895, 6314
6314, 26068
14337, 6315
9102, 6315
21188, 6315
29753, 6315
25727, 6315
25343, 6315
12664, 6315
29528, 6315
19938, 6315
9743, 6315
11113, 6315
21969, 6315
21852, 6315
6315, 16139
18787, 6316
6316, 26698
23178, 6317
6317, 10780
13409, 6318
6318, 27544
6318, 24149
15625, 6319
17402, 6319
6319, 17192
28406, 6320
28856, 6320
6320, 19956
28437, 6321
6321, 27177
23898, 6322
6322, 19388
29943, 6323
6323, 14080
29943, 6324
6324, 11749
16151, 6325
6325, 10299
26661, 6326
6326, 9116
16690, 6327
16276, 6327
6327, 30040
6327, 18822
6327, 24113
10287, 6328
6328, 26977
23566, 6329
6329, 10099
27808, 6330
6330, 11547
12879, 6331
6331, 15547
14862, 6332
6332, 28245
17113, 6333
6333, 15355
28536, 6334
6334, 17841
13102, 6335
30015, 6335
21740, 6335
13982, 6335
16685, 6335
20346, 6335
27204, 6335
17807, 6335
24034, 6335
24232, 6335
20676, 6335
20924, 6335
14338, 6335
14236, 6335
16363, 6335
21783, 6335
10200, 6335
23416, 6335
13027, 6335
27385, 6335
28333, 6335
29140, 6335
20350, 6335
11338, 6335
25675, 6335
22703, 6335
10160, 6335
29889, 6335
20220, 6335
13067, 6335
27655, 6335
10305, 6335
12046, 6335
29583, 6335
19890, 6335
26636, 6335
21893, 6335
17959, 6335
10732, 6335
18558, 6335
17910, 6335
17717, 6335
21972, 6335
21599, 6335
21554, 6335
26041, 6335
15423, 6335
10346, 6335
25039, 6335
19206, 6335
16357, 6335
15437, 6335
12047, 6335
9803, 6335
24605, 6335
17323, 6335
15529, 6335
9546, 6335
16306, 6335
12053, 6335
24540, 6335
25928, 6335
29427, 6335
23082, 6335
21940, 6335
23350, 6335
19883, 6335
20038, 6335
10677, 6335
23114, 6335
9177, 6335
30174, 6335
29233, 6335
9613, 6335
18372, 6335
27243, 6335
15360, 6335
16197, 6335
12672, 6335
29011, 6335
20458, 6335
26352, 6335
11549, 6335
16379, 6335
22883, 6335
29650, 6335
17463, 6335
18624, 6335
20724, 6335
15818, 6335
29317, 6335
23722, 6335
9558, 6335
28585, 6335
10152, 6335
14185, 6335
12848, 6335
6335, 23689
19727, 6336
23727, 6336
14178, 6336
6336, 25567
15949, 6337
6337, 26419
25874, 6338
21714, 6338
11335, 6338
21277, 6338
6338, 28228
10085, 6339
6339, 9176
10437, 6340
6340, 13450
28629, 6341
6341, 28526
24181, 6342
6342, 28496
14111, 6343
27766, 6343
6343, 10376
16383, 6344
6344, 11188
18228, 6345
16506, 6345
6345, 29905
6345, 12255
6345, 14045
13277, 6346
6346, 17694
6346, 16347
25378, 6347
6347, 23736
23898, 6348
6348, 14698
29456, 6349
18569, 6349
6349, 14844
26762, 6350
6350, 26391
23255, 6351
6351, 26411
18811, 6352
30069, 6352
19602, 6352
6352, 19499
18344, 6353
6353, 25252
9785, 6354
6354, 26218
21597, 6355
6355, 11427
26564, 6356
6356, 11981
18736, 6357
6357, 21521
6357, 12180
20169, 6358
6358, 23303
9202, 6359
6359, 20790
29943, 6360
6360, 23495
6360, 13564
28388, 6361
6361, 22993
24404, 6362
25168, 6362
29742, 6362
20292, 6362
16024, 6362
14654, 6362
20788, 6362
14762, 6362
25367, 6362
17582, 6362
21632, 6362
10856, 6362
16298, 6362
26857, 6362
21237, 6362
6362, 13995
20688, 6363
25930, 6363
6363, 11706
23675, 6364
6364, 26927
10323, 6365
6365, 19469
9365, 6366
29260, 6366
21428, 6366
6366, 21237
10703, 6367
22546, 6367
6367, 18679
10423, 6368
6368, 11030
18310, 6369
6369, 27641
18110, 6370
23041, 6370
6370, 27391
18344, 6371
6371, 25252
9375, 6372
6372, 22868
18184, 6373
6373, 18582
11116, 6374
10098, 6374
23036, 6374
6374, 16395
6374, 18567
20244, 6375
14346, 6375
6375, 28725
6375, 14590
6375, 27252
6375, 17532
6375, 21637
6375, 12163
6375, 12501
6375, 23352
6375, 12592
6375, 24260
6375, 20550
6375, 27930
6375, 12196
6375, 10818
6375, 22077
6375, 26187
6375, 15920
6375, 14637
6375, 28535
6375, 28780
6375, 26916
13304, 6376
23438, 6376
6376, 26788
25146, 6377
6377, 23344
20678, 6378
6378, 21130
9465, 6379
6379, 14377
16373, 6380
6380, 20916
15176, 6381
6381, 14223
11354, 6382
6382, 9724
23472, 6383
6383, 10538
12360, 6384
13980, 6384
25055, 6384
6384, 22800
28529, 6385
6385, 25283
18708, 6386
6386, 10876
17441, 6387
6387, 28034
22721, 6388
6388, 26419
15751, 6389
6389, 27428
22623, 6390
6390, 15353
6390, 13724
21083, 6391
19372, 6391
6391, 22690
16886, 6392
6392, 20679
17371, 6393
6393, 20888
6393, 18158
6393, 23072
9167, 6394
6394, 11877
12420, 6395
23737, 6395
25512, 6395
13534, 6395
9828, 6395
6395, 11909
6395, 25112
15015, 6396
6396, 27505
22586, 6397
6397, 14344
29943, 6398
6398, 19802
6398, 16640
29943, 6399
6399, 29928
16482, 6400
6400, 13223
13838, 6401
6401, 28205
15150, 6402
6402, 27072
12455, 6403
6403, 28723
18942, 6404
6404, 27882
29781, 6405
6405, 26766
28120, 6406
6406, 12001
27654, 6407
6407, 16504
25415, 6408
6408, 26905
11585, 6409
6409, 9276
25959, 6410
6410, 26185
6410, 24460
6410, 26582
6410, 21719
6410, 14825
10297, 6411
6411, 28548
26550, 6412
6412, 9096
26169, 6413
6413, 29658
24068, 6414
6414, 10816
6414, 22345
28738, 6415
29577, 6415
6415, 23821
6415, 18677
27688, 6416
6416, 18036
15577, 6417
6417, 11636
28864, 6418
6418, 24927
22774, 6419
6419, 28660
19916, 6420
9933, 6420
13806, 6420
29765, 6420
19949, 6420
6420, 20099
6420, 15927
10437, 6421
6421, 17527
19590, 6422
6422, 16824
21419, 6423
6423, 11927
6423, 12245
13382, 6424
6424, 18621
6424, 12159
6424, 27260
6424, 28342
6424, 12242
6424, 11683
6424, 12417
9244, 6425
6425, 13025
10014, 6426
6426, 13433
29943, 6427
6427, 18370
24687, 6428
21476, 6428
16548, 6428
28902, 6428
22957, 6428
10367, 6428
13853, 6428
26265, 6428
28788, 6428
16923, 6428
21521, 6428
19868, 6428
6428, 17261
24378, 6429
26236, 6429
6429, 22179
18714, 6430
11895, 6430
6430, 22299
25586, 6431
6431, 17457
17361, 6432
26289, 6432
21841, 6432
6432, 30027
11707, 6433
6433, 21748
9424, 6434
6434, 14398
29943, 6435
6435, 14078
6435, 16750
22543, 6436
6436, 14540
29074, 6437
6437, 22785
21234, 6438
19225, 6438
30075, 6438
24870, 6438
23130, 6438
20211, 6438
19401, 6438
29391, 6438
21402, 6438
20644, 6438
15383, 6438
13399, 6438
21124, 6438
10231, 6438
27035, 6438
15351, 6438
14986, 6438
11154, 6438
28092, 6438
24022, 6438
29144, 6438
12943, 6438
14130, 6438
28896, 6438
22418, 6438
14064, 6438
11967, 6438
28925, 6438
12967, 6438
10113, 6438
29396, 6438
26790, 6438
20850, 6438
16042, 6438
28676, 6438
24467, 6438
17282, 6438
25720, 6438
26422, 6438
22309, 6438
14913, 6438
22839, 6438
14487, 6438
24685, 6438
12352, 6438
26539, 6438
26741, 6438
18941, 6438
10511, 6438
11681, 6438
15550, 6438
16472, 6438
28759, 6438
12378, 6438
22614, 6438
28062, 6438
27415, 6438
14223, 6438
17559, 6438
12043, 6438
15831, 6438
11465, 6438
16334, 6438
10579, 6438
12423, 6438
13770, 6438
15362, 6438
26480, 6438
9946, 6438
28203, 6438
11813, 6438
13693, 6438
20362, 6438
13933, 6438
17605, 6438
27101, 6438
21806, 6438
24121, 6438
27486, 6438
14117, 6438
19852, 6438
29714, 6438
17974, 6438
13025, 6438
23440, 6438
27781, 6438
13100, 6438
19486, 6438
22077, 6438
13216, 6438
25719, 6438
15355, 6438
29893, 6438
11934, 6438
21392, 6438
17130, 6438
25252, 6438
18955, 6438
11030, 6438
14965, 6438
21905, 6438
12551, 6438
27503, 6438
26111, 6438
28568, 6438
13360, 6438
18939, 6438
11599, 6438
25310, 6438
10353, 6438
15645, 6438
20286, 6438
10100, 6438
25362, 6438
13496, 6438
14927, 6438
13327, 6438
20136, 6438
9988, 6438
14577, 6438
18193, 6438
28843, 6438
25478, 6438
19262, 6438
28447, 6438
11340, 6438
29326, 6438
14131, 6438
11650, 6438
15136, 6438
21244, 6438
11790, 6438
29653, 6438
20505, 6438
15582, 6438
9281, 6438
10486, 6438
12126, 6438
16285, 6438
11115, 6438
10727, 6438
26505, 6438
15967, 6438
14952, 6438
17899, 6438
17301, 6438
22723, 6438
27990, 6438
16824, 6438
13079, 6438
18615, 6438
19509, 6438
23719, 6438
29990, 6438
18279, 6438
13108, 6438
23179, 6438
23486, 6438
18884, 6438
25962, 6438
25149, 6438
23020, 6438
6438, 29943
6438, 19087
24894, 6439
6439, 28607
24377, 6440
11729, 6440
6440, 11059
27904, 6441
6441, 28373
29972, 6442
6442, 20136
29070, 6443
6443, 23663
6443, 24371
24770, 6444
6444, 20332
6444, 11238
19505, 6445
6445, 14353
21594, 6446
16883, 6446
6446, 11844
6446, 15889
6446, 25497
6446, 21802
9343, 6447
6447, 17361
6447, 19830
6447, 28936
17894, 6448
6448, 10484
6448, 10442
6448, 19683
16511, 6449
6449, 17158
6449, 17016
6449, 28573
6449, 9906
6449, 9861
9645, 6450
6450, 27017
16102, 6451
6451, 23256
20801, 6452
23055, 6452
23902, 6452
29694, 6452
29561, 6452
21255, 6452
10181, 6452
28435, 6452
6452, 28135
15633, 6453
6453, 21487
16203, 6454
6454, 20644
9437, 6455
6455, 11966
9541, 6456
6456, 28498
26642, 6457
6457, 16196
17420, 6458
6458, 10543
12884, 6459
29219, 6459
28389, 6459
27411, 6459
6459, 12220
12415, 6460
6460, 22826
6460, 19721
6460, 10899
16956, 6461
6461, 29884
19855, 6462
6462, 22781
23239, 6463
6463, 15926
26387, 6464
6464, 16320
6464, 9161
12181, 6465
6465, 21328
18577, 6466
6466, 18471
25163, 6467
6467, 9888
24642, 6468
25305, 6468
9149, 6468
27602, 6468
25998, 6468
26324, 6468
9749, 6468
13205, 6468
16458, 6468
11627, 6468
6468, 9281
21902, 6469
6469, 17786
25279, 6470
6470, 12435
23239, 6471
6471, 17456
10462, 6472
6472, 17422
6472, 14380
14034, 6473
6473, 24290
16890, 6474
6474, 15609
20962, 6475
11401, 6475
6475, 13683
9728, 6476
16833, 6476
6476, 17853
6476, 23645
6476, 13850
23546, 6477
6477, 29995
6477, 23464
13101, 6478
6478, 18439
24716, 6479
6479, 26332
26581, 6480
6480, 11549
13101, 6481
6481, 21615
13214, 6482
21681, 6482
17518, 6482
19607, 6482
12216, 6482
13065, 6482
21373, 6482
16082, 6482
20538, 6482
15090, 6482
22532, 6482
28907, 6482
23662, 6482
15489, 6482
10329, 6482
19019, 6482
28561, 6482
25888, 6482
20507, 6482
16680, 6482
18152, 6482
9491, 6482
21721, 6482
17329, 6482
23142, 6482
24238, 6482
26902, 6482
20605, 6482
24035, 6482
14877, 6482
25965, 6482
28379, 6482
26557, 6482
21860, 6482
16303, 6482
20216, 6482
11210, 6482
13050, 6482
23525, 6482
29064, 6482
9155, 6482
17731, 6482
27040, 6482
17303, 6482
18143, 6482
17318, 6482
22645, 6482
23213, 6482
27657, 6482
22893, 6482
11059, 6482
10151, 6482
14767, 6482
26606, 6482
14540, 6482
16661, 6482
12375, 6482
12555, 6482
21621, 6482
11840, 6482
6482, 19584
15050, 6483
15242, 6483
6483, 20507
14510, 6484
10260, 6484
24986, 6484
14864, 6484
25745, 6484
19406, 6484
10884, 6484
6484, 18941
24218, 6485
6485, 19889
17133, 6486
28799, 6486
24278, 6486
10505, 6486
29745, 6486
6486, 10096
9566, 6487
15782, 6487
6487, 11059
22023, 6488
16154, 6488
11395, 6488
22089, 6488
6488, 13399
9200, 6489
6489, 17940
9377, 6490
6490, 26438
20152, 6491
6491, 10161
23084, 6492
6492, 27496
11585, 6493
6493, 12531
23962, 6494
19953, 6494
6494, 21826
23995, 6495
6495, 12598
18969, 6496
6496, 22823
19338, 6497
6497, 25813
16496, 6498
6498, 16556
22063, 6499
6499, 9354
16099, 6500
6500, 11510
26569, 6501
13730, 6501
6501, 10198
6501, 17294
12777, 6502
6502, 17678
6502, 16915
29602, 6503
6503, 15347
6503, 25633
23349, 6504
6504, 13560
15963, 6505
6505, 23443
29943, 6506
6506, 19913
13604, 6507
6507, 15837
28114, 6508
12957, 6508
12052, 6508
6508, 20362
6508, 12602
6508, 23399
9969, 6509
6509, 19064
16475, 6510
20713, 6510
6510, 10353
10882, 6511
6511, 16146
13101, 6512
6512, 17547
10723, 6513
6513, 22491
25153, 6514
6514, 17250
6514, 14666
22230, 6515
6515, 27234
19225, 6516
9482, 6516
22788, 6516
24461, 6516
20765, 6516
21953, 6516
12960, 6516
11344, 6516
13377, 6516
25978, 6516
21467, 6516
10885, 6516
23440, 6516
16155, 6516
22563, 6516
6516, 23716
6516, 29943
29493, 6517
6517, 30158
20410, 6518
6518, 9363
22606, 6519
6519, 28880
6519, 20406
26170, 6520
6520, 13474
16634, 6521
6521, 11734
18553, 6522
6522, 14981
28967, 6523
16052, 6523
6523, 24323
6523, 23109
6523, 10871
10957, 6524
6524, 10379
27750, 6525
6525, 27954
21734, 6526
6526, 27821
25025, 6527
10514, 6527
26665, 6527
6527, 15049
6527, 18258
19911, 6528
13625, 6528
29922, 6528
16708, 6528
19768, 6528
6528, 11815
11739, 6529
6529, 11320
6529, 23108
24384, 6530
13058, 6530
19191, 6530
15686, 6530
17262, 6530
6530, 16889
19693, 6531
6531, 16130
15993, 6532
29738, 6532
26745, 6532
22094, 6532
13170, 6532
10358, 6532
25858, 6532
6532, 11865
17655, 6533
6533, 25856
20868, 6534
6534, 11288
29107, 6535
6535, 18308
9665, 6536
28076, 6536
6536, 10264
6536, 9667
16511, 6537
6537, 15199
6537, 24578
6537, 22626
27926, 6538
6538, 20592
14498, 6539
6539, 12375
13441, 6540
6540, 12553
27468, 6541
6541, 17491
9228, 6542
6542, 30021
6542, 17416
14369, 6543
6543, 15219
10839, 6544
6544, 27303
17557, 6545
6545, 29268
18830, 6546
26509, 6546
19035, 6546
6546, 25362
6546, 17411
6546, 11093
19363, 6547
6547, 29392
6547, 26556
12888, 6548
6548, 15847
27354, 6549
6549, 13082
29943, 6550
6550, 15234
6550, 11814
22155, 6551
6551, 12645
20536, 6552
17537, 6552
6552, 27608
6552, 19197
6552, 20639
12452, 6553
6553, 23219
14646, 6554
6554, 11584
12730, 6555
6555, 18232
11526, 6556
6556, 17769
24967, 6557
6557, 28925
23239, 6558
6558, 28817
27005, 6559
6559, 20973
6559, 27498
6559, 16495
30202, 6560
22097, 6560
6560, 13881
21534, 6561
6561, 20865
24170, 6562
6562, 27704
13112, 6563
6563, 9120
17113, 6564
6564, 15355
9382, 6565
11033, 6565
6565, 15427
25050, 6566
6566, 14627
12861, 6567
6567, 29330
16245, 6568
6568, 10794
21409, 6569
6569, 26419
29943, 6570
6570, 27569
18577, 6571
6571, 20205
22662, 6572
6572, 23519
13580, 6573
6573, 15185
6573, 11389
30154, 6574
6574, 28843
22931, 6575
6575, 26933
16903, 6576
6576, 27020
30147, 6577
6577, 23148
28048, 6578
6578, 24640
20399, 6579
25031, 6579
6579, 19931
25970, 6580
6580, 27869
20033, 6581
6581, 25042
25054, 6582
6582, 14676
6582, 16284
18116, 6583
6583, 25708
20664, 6584
6584, 26007
22193, 6585
18081, 6585
6585, 24996
6585, 10436
22811, 6586
6586, 10100
24924, 6587
6587, 19307
15299, 6588
6588, 12250
9519, 6589
11192, 6589
6589, 20649
6589, 12603
12890, 6590
6590, 22709
24807, 6591
6591, 10318
6591, 28071
6591, 11925
11197, 6592
6592, 20125
15344, 6593
6593, 21102
14344, 6594
13614, 6594
6594, 12205
14499, 6595
6595, 18360
21104, 6596
6596, 20488
25273, 6597
6597, 28665
6597, 9953
6597, 18203
16757, 6598
6598, 20798
26474, 6599
6599, 21841
12647, 6600
18255, 6600
6600, 9363
28310, 6601
6601, 30069
6601, 27657
6601, 29504
14148, 6602
6602, 25131
29095, 6603
6603, 14156
26836, 6604
6604, 27725
16558, 6605
10760, 6605
15307, 6605
12557, 6605
20322, 6605
20309, 6605
18420, 6605
28873, 6605
28706, 6605
11527, 6605
9662, 6605
24810, 6605
24910, 6605
18667, 6605
6605, 28814
10169, 6606
6606, 14747
13799, 6607
6607, 13560
23898, 6608
6608, 27701
29943, 6609
6609, 26466
28975, 6610
6610, 23052
14296, 6611
6611, 13399
13627, 6612
6612, 23449
29554, 6613
6613, 14649
11172, 6614
23673, 6614
19932, 6614
6614, 28885
21199, 6615
6615, 14355
13660, 6616
6616, 15331
15528, 6617
6617, 19750
19969, 6618
25739, 6618
22132, 6618
18975, 6618
22714, 6618
26731, 6618
19924, 6618
15308, 6618
29720, 6618
11973, 6618
27891, 6618
25929, 6618
17005, 6618
27224, 6618
29826, 6618
13570, 6618
13466, 6618
22212, 6618
18371, 6618
15118, 6618
16314, 6618
17129, 6618
15239, 6618
29831, 6618
14933, 6618
29486, 6618
27666, 6618
27675, 6618
13033, 6618
19057, 6618
20941, 6618
23050, 6618
25028, 6618
22322, 6618
9764, 6618
29304, 6618
13974, 6618
14458, 6618
23889, 6618
26153, 6618
10951, 6618
24067, 6618
11020, 6618
14336, 6618
24340, 6618
15417, 6618
24239, 6618
6618, 23455
22621, 6619
6619, 28508
6619, 9163
6619, 14654
6619, 9671
28462, 6620
6620, 23811
21712, 6621
6621, 26921
24771, 6622
6622, 22741
19861, 6623
6623, 18939
9378, 6624
6624, 16970
19993, 6625
6625, 25670
11172, 6626
20332, 6626
6626, 27713
27808, 6627
6627, 11547
25278, 6628
6628, 19059
24436, 6629
6629, 19326
21356, 6630
6630, 17664
13816, 6631
6631, 23440
11962, 6632
25755, 6632
6632, 19260
26789, 6633
26420, 6633
6633, 27970
6633, 12846
6633, 9136
15189, 6634
6634, 28907
6634, 26898
6634, 25800
29052, 6635
6635, 18805
6635, 23832
23707, 6636
6636, 25156
15650, 6637
6637, 23748
6637, 28314
6637, 20126
6637, 15685
19676, 6638
6638, 9999
19473, 6639
6639, 12497
22582, 6640
6640, 22304
29324, 6641
22002, 6641
6641, 26085
12267, 6642
6642, 23201
21377, 6643
6643, 27125
29943, 6644
6644, 25804
19045, 6645
6645, 10782
12415, 6646
6646, 18183
6646, 19868
16511, 6647
6647, 22626
24161, 6648
6648, 29396
23473, 6649
6649, 20995
13856, 6650
6650, 29214
15023, 6651
6651, 17245
29602, 6652
6652, 17275
6652, 24080
24557, 6653
6653, 29864
24481, 6654
17733, 6654
27844, 6654
16401, 6654
11600, 6654
30195, 6654
28782, 6654
28506, 6654
12500, 6654
30020, 6654
17908, 6654
22217, 6654
24262, 6654
13090, 6654
18805, 6654
27980, 6654
16403, 6654
30084, 6654
26476, 6654
15036, 6654
19982, 6654
12318, 6654
28953, 6654
20051, 6654
11881, 6654
22271, 6654
10741, 6654
13318, 6654
20217, 6654
26107, 6654
23378, 6654
13104, 6654
20084, 6654
16607, 6654
27867, 6654
27529, 6654
10212, 6654
22466, 6654
30064, 6654
27129, 6654
16568, 6654
21065, 6654
10510, 6654
10187, 6654
26922, 6654
21812, 6654
28678, 6654
14320, 6654
22491, 6654
23515, 6654
23411, 6654
13709, 6654
9747, 6654
12079, 6654
15748, 6654
21854, 6654
23337, 6654
15006, 6654
14352, 6654
11865, 6654
16694, 6654
29282, 6654
18264, 6654
23562, 6654
21013, 6654
16786, 6654
27207, 6654
10307, 6654
25532, 6654
21758, 6654
15223, 6654
24647, 6654
12732, 6654
13821, 6654
15712, 6654
12198, 6654
24913, 6654
16564, 6654
23294, 6654
23832, 6654
23933, 6654
26062, 6654
17039, 6654
26144, 6654
15493, 6654
16518, 6654
13082, 6654
22927, 6654
29469, 6654
18717, 6654
17566, 6654
19388, 6654
22074, 6654
20027, 6654
11978, 6654
23766, 6654
29467, 6654
27591, 6654
9276, 6654
9494, 6654
15609, 6654
9242, 6654
27437, 6654
14330, 6654
13564, 6654
14479, 6654
26264, 6654
17651, 6654
29096, 6654
6654, 13995
14386, 6655
14183, 6655
6655, 24304
26118, 6656
14540, 6656
6656, 9126
16279, 6657
13633, 6657
20498, 6657
14703, 6657
19815, 6657
6657, 26505
6657, 23502
18064, 6658
6658, 18955
26649, 6659
6659, 13718
6659, 28886
21116, 6660
6660, 17611
15067, 6661
6661, 11466
15577, 6662
6662, 13904
27046, 6663
6663, 25387
26050, 6664
15354, 6664
11155, 6664
27865, 6664
21057, 6664
26545, 6664
23539, 6664
16937, 6664
19174, 6664
14125, 6664
10737, 6664
14928, 6664
9429, 6664
13085, 6664
28037, 6664
23415, 6664
18590, 6664
21286, 6664
14045, 6664
12330, 6664
12662, 6664
16020, 6664
17367, 6664
18769, 6664
13670, 6664
14634, 6664
6664, 15248
26519, 6665
6665, 15388
27632, 6666
6666, 20136
19826, 6667
6667, 25602
6667, 22857
6667, 25388
10455, 6668
6668, 29905
6668, 23588
22792, 6669
6669, 17685
6669, 17824
6669, 24883
13292, 6670
6670, 14644
14377, 6671
24996, 6671
6671, 16876
24925, 6672
6672, 17913
20266, 6673
6673, 23233
23259, 6674
6674, 10467
23349, 6675
6675, 21582
14639, 6676
6676, 10299
28192, 6677
23654, 6677
6677, 14323
13489, 6678
6678, 16029
18810, 6679
6679, 20083
13816, 6680
6680, 21953
18274, 6681
6681, 21263
29943, 6682
6682, 20724
29548, 6683
6683, 22546
11654, 6684
6684, 22521
15953, 6685
6685, 10628
20922, 6686
6686, 13004
6686, 27316
15220, 6687
6687, 22822
6687, 26868
16322, 6688
6688, 15377
22196, 6689
6689, 16499
13816, 6690
6690, 23440
14987, 6691
6691, 25515
10306, 6692
6692, 21789
6692, 25252
12516, 6693
6693, 14996
12739, 6694
6694, 25252
11385, 6695
6695, 16041
6695, 27031
11500, 6696
6696, 13025
28921, 6697
6697, 14342
28509, 6698
6698, 14289
24287, 6699
6699, 15559
15577, 6700
6700, 25462
9787, 6701
6701, 20477
28557, 6702
6702, 27741
6702, 25865
17510, 6703
17872, 6703
13606, 6703
29101, 6703
21632, 6703
24450, 6703
20193, 6703
6703, 19769
27181, 6704
6704, 20217
11369, 6705
18447, 6705
6705, 16075
19545, 6706
6706, 11880
28567, 6707
18490, 6707
16763, 6707
28786, 6707
6707, 13399
13706, 6708
26298, 6708
6708, 15851
17244, 6709
6709, 18917
25463, 6710
27274, 6710
15705, 6710
12634, 6710
25709, 6710
6710, 24776
6710, 28854
12345, 6711
6711, 18573
9648, 6712
6712, 30182
21735, 6713
6713, 25576
6713, 19151
6713, 28208
16341, 6714
9509, 6714
6714, 11816
20116, 6715
6715, 11549
16432, 6716
6716, 10879
13685, 6717
6717, 9452
6717, 23388
26892, 6718
6718, 29191
25983, 6719
23831, 6719
6719, 29512
18918, 6720
6720, 10284
12947, 6721
6721, 25752
17427, 6722
6722, 10168
19775, 6723
6723, 18607
6723, 17300
6723, 9938
13586, 6724
6724, 21924
12707, 6725
6725, 29695
6725, 9652
14729, 6726
6726, 29191
13649, 6727
6727, 22095
6727, 21326
13816, 6728
6728, 23440
21165, 6729
6729, 15756
29943, 6730
6730, 26418
29943, 6731
6731, 13471
23796, 6732
6732, 29366
6732, 15713
6732, 12590
27687, 6733
11200, 6733
6733, 18863
24431, 6734
27765, 6734
6734, 24938
16714, 6735
6735, 9770
21688, 6736
6736, 29262
6736, 24426
9400, 6737
21330, 6737
6737, 13560
29943, 6738
6738, 21705
22433, 6739
6739, 10516
27112, 6740
26197, 6740
22298, 6740
19983, 6740
6740, 11042
21582, 6741
23975, 6741
6741, 17347
14359, 6742
6742, 12627
6742, 14222
11766, 6743
26766, 6743
18676, 6743
6743, 16208
15880, 6744
6744, 29628
24596, 6745
6745, 25978
19329, 6746
6746, 20235
25548, 6747
13890, 6747
10532, 6747
14301, 6747
22891, 6747
6747, 23571
6747, 24468
6747, 19995
25184, 6748
6748, 15728
29943, 6749
6749, 20022
13203, 6750
6750, 13896
24232, 6751
6751, 23339
6751, 22883
20415, 6752
22427, 6752
26038, 6752
13357, 6752
19115, 6752
13400, 6752
12867, 6752
6752, 13399
17281, 6753
27538, 6753
26415, 6753
6753, 19921
11707, 6754
6754, 21748
23701, 6755
18095, 6755
6755, 29580
21371, 6756
6756, 28839
11882, 6757
6757, 29527
6757, 25487
11915, 6758
6758, 9407
19967, 6759
9174, 6759
6759, 23718
26021, 6760
24866, 6760
20780, 6760
6760, 21041
15769, 6761
6761, 29722
17314, 6762
6762, 28595
12673, 6763
6763, 28497
23994, 6764
6764, 28526
20506, 6765
14526, 6765
6765, 18807
19782, 6766
6766, 15535
10371, 6767
6767, 17146
17266, 6768
6768, 21632
17499, 6769
6769, 21198
9800, 6770
6770, 24953
6770, 12773
30178, 6771
6771, 10934
26791, 6772
6772, 21608
6772, 11552
6772, 17858
6772, 17128
6772, 19177
17594, 6773
6773, 27371
11718, 6774
29053, 6774
6774, 10246
23472, 6775
6775, 10538
24168, 6776
6776, 17827
6776, 11154
6776, 22973
6776, 25085
6776, 28200
11392, 6777
6777, 22012
6777, 13183
27911, 6778
6778, 14537
18577, 6779
6779, 28325
11409, 6780
6780, 10444
11657, 6781
6781, 14540
23938, 6782
6782, 27699
12546, 6783
17686, 6783
24100, 6783
9374, 6783
25164, 6783
6783, 28252
16931, 6784
6784, 17274
21468, 6785
6785, 20642
17023, 6786
6786, 15208
18382, 6787
6787, 18955
25723, 6788
6788, 16402
19640, 6789
6789, 21248
18777, 6790
19081, 6790
20053, 6790
20170, 6790
6790, 20358
13835, 6791
6791, 23974
17031, 6792
26485, 6792
17392, 6792
22548, 6792
22737, 6792
6792, 20207
25289, 6793
25260, 6793
27699, 6793
25966, 6793
6793, 14739
29910, 6794
6794, 20876
13668, 6795
6795, 12476
23898, 6796
6796, 17984
6796, 19211
12428, 6797
6797, 12600
25994, 6798
26809, 6798
6798, 10304
6798, 23563
6798, 23140
27111, 6799
17342, 6799
19713, 6799
6799, 15355
24544, 6800
6800, 29262
9642, 6801
6801, 19225
24735, 6802
6802, 28434
12130, 6803
6803, 19152
9565, 6804
6804, 24978
18018, 6805
6805, 22566
6805, 26945
9695, 6806
23754, 6806
6806, 18911
6806, 26042
6806, 25362
12993, 6807
6807, 13976
28847, 6808
6808, 23041
26872, 6809
6809, 21827
6809, 22451
6809, 9290
17842, 6810
6810, 11454
23833, 6811
6811, 13959
23517, 6812
6812, 21147
17035, 6813
6813, 10960
22945, 6814
6814, 23371
10432, 6815
6815, 27976
6815, 26737
23024, 6816
6816, 22869
12788, 6817
6817, 29090
6817, 13242
27326, 6818
6818, 21604
6818, 23109
10674, 6819
6819, 24442
6819, 19953
30123, 6820
16858, 6820
6820, 9614
22065, 6821
6821, 19853
6821, 22863
24205, 6822
6822, 27612
27297, 6823
11974, 6823
6823, 20018
14044, 6824
6824, 11813
14410, 6825
6825, 17575
6825, 23219
6825, 17510
6825, 24450
29126, 6826
14618, 6826
6826, 25520
15754, 6827
6827, 20251
20576, 6828
6828, 18262
9392, 6829
6829, 12976
11414, 6830
6830, 21122
20573, 6831
6831, 25759
14964, 6832
13320, 6832
6832, 20148
16511, 6833
6833, 13773
6833, 25056
6833, 11030
27100, 6834
6834, 29416
16511, 6835
6835, 18117
6835, 24691
26363, 6836
6836, 10054
6836, 29535
6836, 29148
10898, 6837
6837, 19808
24371, 6838
29422, 6838
6838, 29534
24946, 6839
6839, 26741
20828, 6840
6840, 21538
6840, 13852
19926, 6841
6841, 11037
6841, 26782
26986, 6842
6842, 30203
24001, 6843
6843, 21212
14834, 6844
6844, 29538
13816, 6845
6845, 23440
19593, 6846
9752, 6846
13171, 6846
6846, 27606
10146, 6847
13151, 6847
26977, 6847
29362, 6847
16716, 6847
6847, 21529
26872, 6848
27251, 6848
6848, 14676
6848, 18556
17816, 6849
6849, 20465
29392, 6850
13227, 6850
6850, 24850
26400, 6851
6851, 10653
11044, 6852
6852, 27336
28954, 6853
29776, 6853
19934, 6853
18393, 6853
12268, 6853
6853, 18317
13816, 6854
6854, 23440
18012, 6855
6855, 24820
6855, 23685
21296, 6856
6856, 23210
6856, 15335
28569, 6857
6857, 12839
21358, 6858
6858, 13456
16823, 6859
6859, 17402
18103, 6860
26373, 6860
6860, 28321
28906, 6861
6861, 19288
13500, 6862
14026, 6862
6862, 12217
14694, 6863
24574, 6863
6863, 15281
29943, 6864
6864, 14080
11371, 6865
6865, 23884
15913, 6866
21772, 6866
6866, 16298
23615, 6867
6867, 22210
11316, 6868
6868, 13208
29943, 6869
6869, 26418
16827, 6870
6870, 13866
6870, 19547
23564, 6871
6871, 11986
6871, 19074
21742, 6872
6872, 27664
13881, 6873
21425, 6873
25252, 6873
19348, 6873
6873, 29943
6873, 25021
29943, 6874
6874, 24057
29007, 6875
13985, 6875
11880, 6875
16923, 6875
23595, 6875
6875, 28072
22808, 6876
6876, 11161
11954, 6877
6877, 10894
15381, 6878
6878, 14411
22576, 6879
6879, 11135
20877, 6880
26873, 6880
22467, 6880
26963, 6880
20171, 6880
6880, 29079
6880, 13063
6880, 25760
6880, 15310
18715, 6881
6881, 17329
11123, 6882
6882, 23607
9490, 6883
6883, 15029
24195, 6884
6884, 9910
23947, 6885
6885, 21935
10039, 6886
6886, 23543
23956, 6887
6887, 10353
29632, 6888
6888, 22126
10702, 6889
6889, 15259
29719, 6890
6890, 22631
14810, 6891
6891, 28436
6891, 29148
16373, 6892
6892, 28660
18411, 6893
6893, 29055
24204, 6894
6894, 28693
26932, 6895
6895, 26067
20510, 6896
6896, 23915
12923, 6897
6897, 12666
6897, 16524
23472, 6898
6898, 14187
29199, 6899
29918, 6899
6899, 10353
15851, 6900
6900, 28007
12070, 6901
6901, 21245
27808, 6902
6902, 11547
23938, 6903
6903, 27699
29340, 6904
6904, 9674
6904, 18041
16187, 6905
6905, 21617
10294, 6906
6906, 12496
27541, 6907
6907, 22296
23898, 6908
6908, 26682
20163, 6909
12274, 6909
6909, 16777
17340, 6910
6910, 16174
6910, 18583
22741, 6911
6911, 20109
20702, 6912
6912, 20472
6912, 29711
18935, 6913
6913, 15262
23427, 6914
24461, 6914
20000, 6914
9926, 6914
22578, 6914
25252, 6914
6914, 22977
6914, 29943
11163, 6915
6915, 15429
10410, 6916
6916, 23400
25741, 6917
6917, 12043
19124, 6918
6918, 21212
6918, 14113
6918, 12422
11222, 6919
6919, 21420
6919, 11662
6919, 19355
12064, 6920
6920, 22644
9580, 6921
6921, 23505
18984, 6922
6922, 18631
22190, 6923
6923, 10113
29943, 6924
6924, 25061
27546, 6925
6925, 18811
6925, 23032
28312, 6926
6926, 23747
6926, 17120
9402, 6927
26745, 6927
10767, 6927
14073, 6927
11703, 6927
14483, 6927
9201, 6927
27143, 6927
6927, 27244
22826, 6928
12255, 6928
13593, 6928
6928, 22170
24436, 6929
6929, 12536
22892, 6930
6930, 23843
23506, 6931
6931, 26307
20236, 6932
6932, 12274
6932, 11187
6932, 28003
11537, 6933
6933, 21571
30212, 6934
27341, 6934
6934, 13531
13764, 6935
6935, 24636
24632, 6936
6936, 26941
23898, 6937
6937, 14990
27390, 6938
6938, 15145
23926, 6939
6939, 16829
20736, 6940
6940, 17116
6940, 21185
6940, 28202
13069, 6941
6941, 28508
6941, 17731
22369, 6942
6942, 26407
29095, 6943
13342, 6943
28087, 6943
6943, 15745
29124, 6944
6944, 12956
28505, 6945
6945, 13645
6945, 29832
16613, 6946
6946, 14878
29247, 6947
6947, 14540
6947, 26478
13317, 6948
6948, 11303
14255, 6949
27490, 6949
6949, 19439
27431, 6950
6950, 13955
10123, 6951
6951, 23413
28864, 6952
6952, 24927
11825, 6953
6953, 14091
24695, 6954
15837, 6954
6954, 13131
9385, 6955
6955, 25496
6955, 27040
6955, 14767
6955, 15584
27792, 6956
6956, 12148
19613, 6957
6957, 13502
29602, 6958
6958, 29152
28269, 6959
6959, 9494
29744, 6960
13898, 6960
10149, 6960
6960, 18532
16511, 6961
6961, 16971
6961, 12811
6961, 18117
29943, 6962
6962, 25851
10789, 6963
27692, 6963
6963, 28229
6963, 26369
11553, 6964
6964, 13959
27620, 6965
6965, 24393
22365, 6966
6966, 13464
10126, 6967
17300, 6967
6967, 14150
9213, 6968
6968, 16244
19912, 6969
6969, 18323
16473, 6970
21287, 6970
9258, 6970
6970, 20136
26573, 6971
15625, 6971
11547, 6971
6971, 16744
16241, 6972
25698, 6972
17090, 6972
17731, 6972
6972, 20017
14013, 6973
6973, 13280
9532, 6974
6974, 25914
19632, 6975
6975, 12203
13109, 6976
19339, 6976
10663, 6976
29922, 6976
24042, 6976
26869, 6976
25212, 6976
6976, 12465
6976, 11815
22209, 6977
6977, 27564
6977, 21317
17668, 6978
6978, 15625
24125, 6979
6979, 9773
9101, 6980
6980, 26741
25714, 6981
6981, 10787
21971, 6982
6982, 17256
10704, 6983
6983, 10946
12297, 6984
6984, 21798
10825, 6985
6985, 19184
29943, 6986
6986, 25074
11467, 6987
6987, 13669
21548, 6988
6988, 11611
25643, 6989
28400, 6989
6989, 20850
21738, 6990
18571, 6990
6990, 12153
25820, 6991
12087, 6991
6991, 18541
6991, 28952
12497, 6992
27038, 6992
6992, 22474
13229, 6993
6993, 23008
15741, 6994
6994, 16510
16988, 6995
6995, 26523
25838, 6996
6996, 25666
24168, 6997
6997, 14064
6997, 19262
6997, 16273
6997, 21047
28866, 6998
6998, 18523
30036, 6999
6999, 11790
13816, 7000
7000, 23440
16206, 7001
7001, 13644
7001, 23026
23993, 7002
29683, 7002
30029, 7002
7002, 14405
7002, 23686
18916, 7003
7003, 12274
10253, 7004
7004, 29391
21970, 7005
7005, 24643
14179, 7006
7006, 23052
11824, 7007
16440, 7007
27495, 7007
7007, 13399
19075, 7008
7008, 20759
16969, 7009
14494, 7009
7009, 16562
11336, 7010
7010, 9796
25808, 7011
7011, 28843
10072, 7012
7012, 16635
9954, 7013
7013, 14633
23931, 7014
7014, 16045
26135, 7015
7015, 27955
28840, 7016
7016, 15819
20444, 7017
16342, 7017
7017, 25768
7017, 15038
25581, 7018
7018, 21997
7018, 15968
12564, 7019
18136, 7019
13031, 7019
7019, 12967
12415, 7020
7020, 11439
9707, 7021
28237, 7021
7021, 15076
23973, 7022
7022, 28125
20642, 7023
13539, 7023
7023, 24510
29943, 7024
7024, 18370
13816, 7025
7025, 23440
18587, 7026
7026, 21860
29126, 7027
18167, 7027
29366, 7027
20081, 7027
16174, 7027
14464, 7027
26407, 7027
17703, 7027
15290, 7027
12880, 7027
21930, 7027
20989, 7027
20463, 7027
17171, 7027
24139, 7027
13223, 7027
25042, 7027
28273, 7027
10552, 7027
18903, 7027
15385, 7027
19830, 7027
9733, 7027
18844, 7027
14238, 7027
28498, 7027
15055, 7027
7027, 23174
11089, 7028
7028, 13724
7028, 14384
7028, 22673
18009, 7029
27113, 7029
7029, 17130
13386, 7030
7030, 21754
18563, 7031
21977, 7031
7031, 13521
15347, 7032
18719, 7032
7032, 23741
11100, 7033
7033, 22832
12661, 7034
7034, 26239
30089, 7035
7035, 29855
7035, 27076
10988, 7036
7036, 10486
22059, 7037
7037, 29366
7037, 27031
7037, 24515
7037, 17737
29063, 7038
7038, 14577
13744, 7039
7039, 12382
22539, 7040
7040, 11706
9882, 7041
7041, 10856
24722, 7042
7042, 22142
7042, 29521
19928, 7043
7043, 15895
15577, 7044
7044, 24084
10825, 7045
7045, 20837
12379, 7046
7046, 10325
18365, 7047
18137, 7047
7047, 16073
7047, 28824
19091, 7048
7048, 19847
23551, 7049
7049, 9573
22690, 7050
25260, 7050
20827, 7050
7050, 16416
21475, 7051
26945, 7051
12118, 7051
25252, 7051
24900, 7051
27954, 7051
7051, 29943
7051, 16632
22185, 7052
13136, 7052
7052, 15991
26633, 7053
7053, 12336
12626, 7054
7054, 13900
7054, 15389
22784, 7055
7055, 22017
29848, 7056
7056, 30126
18170, 7057
7057, 11405
9928, 7058
7058, 14268
17413, 7059
7059, 19898
24168, 7060
7060, 18166
7060, 28027
7060, 15095
7060, 27487
7060, 11124
7060, 28148
19199, 7061
7061, 29838
17145, 7062
7062, 11675
7062, 15671
14274, 7063
7063, 28621
27407, 7064
11147, 7064
7064, 20373
7064, 22828
7064, 25764
17386, 7065
7065, 24808
15284, 7066
26840, 7066
7066, 10003
17951, 7067
22808, 7067
7067, 10088
7067, 26568
14555, 7068
7068, 11229
16843, 7069
7069, 25413
11612, 7070
7070, 26412
26482, 7071
7071, 9963
24155, 7072
26780, 7072
27466, 7072
7072, 25999
7072, 25362
24564, 7073
7073, 20150
23124, 7074
7074, 11034
18023, 7075
10092, 7075
7075, 25381
23898, 7076
7076, 23488
15950, 7077
7077, 10250
27673, 7078
7078, 18726
16996, 7079
7079, 24724
7079, 28720
20977, 7080
7080, 15925
13848, 7081
24816, 7081
9487, 7081
13415, 7081
21438, 7081
7081, 23306
7081, 21958
26913, 7082
11307, 7082
21609, 7082
10412, 7082
19296, 7082
7082, 21757
13816, 7083
7083, 29893
17922, 7084
7084, 21930
14566, 7085
7085, 25168
18035, 7086
7086, 12806
21598, 7087
11504, 7087
7087, 26446
7087, 19662
7087, 10737
21133, 7088
15468, 7088
27316, 7088
7088, 29166
29943, 7089
7089, 29146
29415, 7090
28071, 7090
23747, 7090
29858, 7090
7090, 15409
28433, 7091
24940, 7091
29916, 7091
16548, 7091
28238, 7091
26977, 7091
27049, 7091
7091, 22729
12711, 7092
7092, 21764
7092, 25210
29082, 7093
7093, 14687
15577, 7094
7094, 24836
14023, 7095
7095, 13275
7095, 13338
7095, 24154
17147, 7096
7096, 24660
25869, 7097
7097, 21147
24730, 7098
18437, 7098
7098, 20000
12297, 7099
7099, 21798
22808, 7100
7100, 19700
7100, 12534
25862, 7101
21162, 7101
25688, 7101
27084, 7101
7101, 30042
9581, 7102
7102, 13531
18964, 7103
7103, 29449
28940, 7104
7104, 14269
16396, 7105
7105, 10697
19816, 7106
24442, 7106
18308, 7106
7106, 13098
12586, 7107
27570, 7107
24152, 7107
23400, 7107
26799, 7107
11547, 7107
15648, 7107
19853, 7107
7107, 23841
29943, 7108
7108, 27108
11680, 7109
7109, 13065
7109, 19535
29943, 7110
7110, 19012
16511, 7111
7111, 10648
7111, 10112
7111, 27720
7111, 28556
7111, 15450
7111, 10326
7111, 26299
29943, 7112
7112, 23110
7112, 13371
18811, 7113
13331, 7113
21860, 7113
7113, 22006
26406, 7114
7114, 25602
7114, 9823
18913, 7115
7115, 16901
10049, 7116
7116, 20440
26717, 7117
7117, 22297
7117, 25761
14750, 7118
7118, 13980
7118, 13091
7118, 24813
28214, 7119
7119, 23121
23944, 7120
7120, 13985
24148, 7121
7121, 14927
23898, 7122
7122, 16374
18577, 7123
7123, 15651
10841, 7124
7124, 29240
7124, 30003
7124, 27836
11313, 7125
7125, 28660
11090, 7126
18550, 7126
7126, 30078
29803, 7127
7127, 29058
25403, 7128
7128, 23113
18732, 7129
7129, 17251
14622, 7130
7130, 22127
28133, 7131
7131, 26480
19859, 7132
7132, 25971
27989, 7133
13583, 7133
7133, 18557
15837, 7134
9363, 7134
7134, 18230
19451, 7135
7135, 11890
13692, 7136
7136, 27433
27048, 7137
7137, 26357
22330, 7138
7138, 10346
27808, 7139
7139, 11547
20176, 7140
7140, 13898
19689, 7141
7141, 18955
17596, 7142
7142, 22854
15368, 7143
15430, 7143
9753, 7143
26716, 7143
9394, 7143
18013, 7143
7143, 14582
23472, 7144
7144, 22203
29602, 7145
7145, 14869
27678, 7146
7146, 10370
26865, 7147
21821, 7147
26518, 7147
7147, 9177
7147, 21638
7147, 26385
7147, 30054
11906, 7148
18662, 7148
15361, 7148
15018, 7148
7148, 25507
21856, 7149
7149, 21632
23239, 7150
7150, 28102
13604, 7151
7151, 15837
26961, 7152
7152, 26086
20320, 7153
7153, 19060
13141, 7154
7154, 9692
19981, 7155
7155, 26681
7155, 27968
13101, 7156
7156, 17058
20462, 7157
7157, 11766
19885, 7158
7158, 24585
7158, 24119
29428, 7159
19773, 7159
16400, 7159
9664, 7159
14512, 7159
10636, 7159
29504, 7159
10917, 7159
22173, 7159
28779, 7159
19812, 7159
25941, 7159
9682, 7159
14769, 7159
23436, 7159
30013, 7159
23720, 7159
24874, 7159
12245, 7159
11749, 7159
23633, 7159
21985, 7159
18374, 7159
24708, 7159
18194, 7159
11275, 7159
16878, 7159
10020, 7159
21632, 7159
30103, 7159
14478, 7159
22779, 7159
20239, 7159
19749, 7159
19467, 7159
30190, 7159
11946, 7159
25532, 7159
19424, 7159
26250, 7159
19059, 7159
9701, 7159
11914, 7159
10236, 7159
23664, 7159
25636, 7159
27011, 7159
27618, 7159
17039, 7159
11756, 7159
15493, 7159
27573, 7159
25895, 7159
25971, 7159
22906, 7159
26403, 7159
13564, 7159
15080, 7159
20184, 7159
28747, 7159
7159, 13995
29147, 7160
7160, 18212
7160, 29369
7160, 22121
7160, 25024
7160, 12670
7160, 13972
12037, 7161
14317, 7161
7161, 22964
22029, 7162
7162, 15809
7162, 11180
18169, 7163
7163, 13100
11908, 7164
18479, 7164
15119, 7164
7164, 24843
19656, 7165
15957, 7165
7165, 29558
19616, 7166
7166, 25290
25240, 7167
7167, 20436
29929, 7168
7168, 18384
12801, 7169
7169, 20049
22498, 7170
23398, 7170
21766, 7170
25796, 7170
7170, 11840
7170, 11331
10162, 7171
7171, 21490
22564, 7172
7172, 27502
9475, 7173
7173, 10993
29493, 7174
7174, 19246
25088, 7175
7175, 22419
7175, 13885
29514, 7176
7176, 14091
20592, 7177
14994, 7177
11254, 7177
9240, 7177
26478, 7177
17405, 7177
19135, 7177
28031, 7177
29628, 7177
9368, 7177
19690, 7177
20787, 7177
25233, 7177
24576, 7177
9656, 7177
16699, 7177
22832, 7177
18628, 7177
24796, 7177
19480, 7177
12966, 7177
18477, 7177
11353, 7177
16374, 7177
20892, 7177
25861, 7177
21135, 7177
10538, 7177
29357, 7177
18891, 7177
10578, 7177
18370, 7177
18286, 7177
25351, 7177
21959, 7177
24440, 7177
17960, 7177
24591, 7177
23514, 7177
12445, 7177
18392, 7177
17091, 7177
11064, 7177
30168, 7177
10829, 7177
19907, 7177
22840, 7177
7177, 13995
23408, 7178
7178, 27366
27699, 7179
18644, 7179
7179, 17878
20075, 7180
7180, 18527
17319, 7181
22264, 7181
7181, 18178
12840, 7182
14858, 7182
7182, 20971
7182, 28673
7182, 16047
7182, 22277
7182, 22333
7182, 20335
7182, 26997
7182, 22370
7182, 20625
7182, 24746
7182, 9855
7182, 19810
7182, 17148
7182, 18398
7182, 21677
7182, 28801
7182, 10689
7182, 16155
7182, 10041
7182, 17855
15576, 7183
7183, 29702
26572, 7184
7184, 29257
11999, 7185
7185, 15598
21268, 7186
7186, 16821
29489, 7187
7187, 25623
29597, 7188
16469, 7188
29684, 7188
28285, 7188
11576, 7188
7188, 29215
7188, 17889
23907, 7189
21911, 7189
29973, 7189
16543, 7189
7189, 29943
7189, 28645
15250, 7190
7190, 25362
25017, 7191
7191, 9192
26148, 7192
7192, 10329
29223, 7193
7193, 10545
29943, 7194
7194, 17144
16676, 7195
7195, 15546
7195, 18286
29492, 7196
29272, 7196
28713, 7196
7196, 21292
18018, 7197
7197, 22566
7197, 26945
26007, 7198
12158, 7198
7198, 26183
29834, 7199
7199, 13029
17845, 7200
7200, 24461
12470, 7201
7201, 29835
15577, 7202
7202, 25436
17276, 7203
7203, 22585
11707, 7204
7204, 21748
24347, 7205
12519, 7205
29276, 7205
26877, 7205
12683, 7205
22049, 7205
17220, 7205
12678, 7205
13671, 7205
14335, 7205
21034, 7205
23119, 7205
11111, 7205
22860, 7205
28688, 7205
17053, 7205
21142, 7205
9356, 7205
23143, 7205
13819, 7205
7205, 19727
18357, 7206
7206, 13327
16463, 7207
22954, 7207
24359, 7207
12105, 7207
19494, 7207
7207, 15355
27647, 7208
7208, 24400
27517, 7209
7209, 11763
16511, 7210
7210, 22021
7210, 29172
19671, 7211
7211, 18213
12530, 7212
7212, 13100
28811, 7213
7213, 26596
22067, 7214
7214, 11619
21565, 7215
17346, 7215
18353, 7215
7215, 20965
27985, 7216
7216, 14169
29545, 7217
11855, 7217
19020, 7217
23676, 7217
11766, 7217
17171, 7217
11510, 7217
25936, 7217
21751, 7217
20358, 7217
7217, 27590
28544, 7218
9668, 7218
17535, 7218
15149, 7218
19133, 7218
19001, 7218
21741, 7218
27187, 7218
13738, 7218
10660, 7218
16503, 7218
22361, 7218
22424, 7218
25937, 7218
24902, 7218
10555, 7218
21291, 7218
19964, 7218
27281, 7218
17898, 7218
23111, 7218
29153, 7218
12669, 7218
12698, 7218
16648, 7218
12742, 7218
24099, 7218
27269, 7218
9793, 7218
25743, 7218
11913, 7218
13975, 7218
18458, 7218
12383, 7218
22015, 7218
24439, 7218
14266, 7218
11146, 7218
15445, 7218
11875, 7218
10868, 7218
17406, 7218
17560, 7218
13222, 7218
23356, 7218
15202, 7218
25329, 7218
26924, 7218
17966, 7218
24041, 7218
29213, 7218
12261, 7218
26457, 7218
20318, 7218
26087, 7218
27128, 7218
12026, 7218
14908, 7218
20301, 7218
25753, 7218
23237, 7218
15869, 7218
23634, 7218
15229, 7218
15196, 7218
22267, 7218
21848, 7218
26713, 7218
18271, 7218
18454, 7218
29187, 7218
20347, 7218
29612, 7218
27401, 7218
18179, 7218
12246, 7218
15867, 7218
14249, 7218
30197, 7218
10749, 7218
15486, 7218
24256, 7218
22905, 7218
22715, 7218
13332, 7218
17790, 7218
19061, 7218
15386, 7218
9730, 7218
29659, 7218
20300, 7218
25649, 7218
26489, 7218
9540, 7218
15575, 7218
20822, 7218
28470, 7218
21512, 7218
9326, 7218
20085, 7218
18883, 7218
14524, 7218
11022, 7218
23531, 7218
17829, 7218
28231, 7218
28837, 7218
27418, 7218
22577, 7218
14942, 7218
19125, 7218
22544, 7218
19155, 7218
21421, 7218
11415, 7218
18933, 7218
15736, 7218
15666, 7218
20141, 7218
27693, 7218
25939, 7218
16167, 7218
16794, 7218
14214, 7218
23867, 7218
9319, 7218
21717, 7218
14041, 7218
15846, 7218
17550, 7218
12040, 7218
9761, 7218
18311, 7218
22849, 7218
10185, 7218
25807, 7218
15879, 7218
14873, 7218
29177, 7218
11041, 7218
15955, 7218
11511, 7218
24762, 7218
19448, 7218
18845, 7218
24360, 7218
18730, 7218
14414, 7218
14116, 7218
18827, 7218
25391, 7218
21164, 7218
28677, 7218
20057, 7218
20878, 7218
15792, 7218
23584, 7218
11953, 7218
14916, 7218
19431, 7218
27929, 7218
16590, 7218
16348, 7218
24153, 7218
28911, 7218
24613, 7218
19728, 7218
19109, 7218
15839, 7218
13812, 7218
19998, 7218
12852, 7218
24957, 7218
22455, 7218
10840, 7218
14508, 7218
24811, 7218
20520, 7218
10550, 7218
27642, 7218
16016, 7218
9291, 7218
16859, 7218
14705, 7218
17497, 7218
14539, 7218
23824, 7218
20849, 7218
27350, 7218
9857, 7218
13678, 7218
24841, 7218
25742, 7218
20348, 7218
10121, 7218
28139, 7218
22202, 7218
22990, 7218
12366, 7218
18821, 7218
14552, 7218
15061, 7218
14334, 7218
17810, 7218
16895, 7218
27492, 7218
14084, 7218
19500, 7218
10937, 7218
28350, 7218
26597, 7218
14546, 7218
10986, 7218
16505, 7218
22511, 7218
18113, 7218
21448, 7218
16766, 7218
17980, 7218
24769, 7218
21710, 7218
12721, 7218
12095, 7218
17739, 7218
11858, 7218
10065, 7218
25023, 7218
12917, 7218
13499, 7218
16224, 7218
20499, 7218
23085, 7218
25253, 7218
22829, 7218
28344, 7218
16647, 7218
28946, 7218
13735, 7218
25604, 7218
18979, 7218
20119, 7218
17670, 7218
19865, 7218
9428, 7218
18756, 7218
17403, 7218
19335, 7218
18070, 7218
14382, 7218
10954, 7218
28945, 7218
25770, 7218
10308, 7218
25697, 7218
9563, 7218
24588, 7218
11943, 7218
24112, 7218
13262, 7218
12915, 7218
13278, 7218
23363, 7218
27429, 7218
27392, 7218
28019, 7218
26048, 7218
15443, 7218
24751, 7218
13910, 7218
11065, 7218
26246, 7218
22824, 7218
10164, 7218
19811, 7218
23998, 7218
14870, 7218
12438, 7218
11695, 7218
26122, 7218
23389, 7218
19629, 7218
15997, 7218
23133, 7218
29633, 7218
11295, 7218
30065, 7218
27078, 7218
29806, 7218
20047, 7218
7218, 21204
25432, 7219
7219, 22920
29312, 7220
7220, 19033
29667, 7221
22291, 7221
18347, 7221
7221, 18317
18789, 7222
7222, 13983
17421, 7223
7223, 26596
23443, 7224
20214, 7224
7224, 14039
24534, 7225
7225, 14986
23238, 7226
7226, 12567
25934, 7227
7227, 19389
12667, 7228
7228, 15055
26367, 7229
7229, 12327
14333, 7230
7230, 14881
11778, 7231
7231, 18308
14422, 7232
7232, 15625
7232, 28828
18577, 7233
7233, 22780
19364, 7234
7234, 25562
7234, 22866
12937, 7235
7235, 22982
24831, 7236
7236, 16919
27831, 7237
7237, 25400
28919, 7238
7238, 29927
22171, 7239
7239, 23451
23674, 7240
7240, 15223
16917, 7241
7241, 18661
29328, 7242
7242, 13296
9535, 7243
7243, 25052
25100, 7244
7244, 22162
10972, 7245
20560, 7245
7245, 12482
29857, 7246
7246, 24761
27307, 7247
7247, 13852
7247, 29849
11601, 7248
7248, 16556
22386, 7249
14780, 7249
7249, 19348
23780, 7250
7250, 11868
28346, 7251
7251, 14771
7251, 11187
7251, 10515
28462, 7252
7252, 23811
26543, 7253
7253, 25450
11691, 7254
12044, 7254
23172, 7254
10173, 7254
25155, 7254
24032, 7254
17598, 7254
25113, 7254
29962, 7254
20223, 7254
28131, 7254
10822, 7254
22042, 7254
7254, 19349
29943, 7255
7255, 27694
14054, 7256
7256, 10534
12566, 7257
7257, 20163
7257, 21676
17189, 7258
7258, 17899
21214, 7259
7259, 16516
7259, 12769
13437, 7260
7260, 21954
16511, 7261
7261, 18293
7261, 18824
7261, 16305
7261, 18562
7261, 10597
24980, 7262
7262, 12445
9741, 7263
7263, 20572
30094, 7264
7264, 27677
30099, 7265
7265, 26766
10600, 7266
7266, 9225
28386, 7267
7267, 14349
15652, 7268
24966, 7268
7268, 16706
29943, 7269
7269, 15571
7269, 20070
24216, 7270
7270, 27353
29451, 7271
7271, 19206
7271, 12226
7271, 15222
7271, 11322
22599, 7272
7272, 20211
11277, 7273
7273, 27661
9551, 7274
7274, 20794
22214, 7275
7275, 16084
29943, 7276
7276, 19278
20439, 7277
27933, 7277
7277, 17448
7277, 29643
15729, 7278
7278, 29565
7278, 28978
29943, 7279
7279, 25431
27315, 7280
7280, 16088
17555, 7281
7281, 22627
26079, 7282
7282, 29716
15984, 7283
7283, 26044
7283, 15812
12668, 7284
7284, 21889
7284, 20172
26274, 7285
7285, 15324
18949, 7286
12307, 7286
24836, 7286
22825, 7286
7286, 11679
10849, 7287
7287, 26546
7287, 16211
13299, 7288
7288, 20759
24147, 7289
14727, 7289
25299, 7289
25677, 7289
19114, 7289
23280, 7289
13598, 7289
7289, 27146
7289, 27210
7289, 17475
7289, 10074
7289, 28582
7289, 27668
7289, 29221
7289, 29029
7289, 10629
7289, 15382
7289, 26738
7289, 16295
7289, 20360
7289, 10385
7289, 10213
7289, 16471
7289, 18922
7289, 14445
7289, 23123
7289, 20328
7289, 28159
7289, 14431
7289, 22502
7289, 28719
7289, 27858
7289, 23503
7289, 19549
7289, 20552
7289, 24508
7289, 9577
7289, 28112
7289, 29031
7289, 29230
7289, 15367
7289, 9341
7289, 14597
24718, 7290
7290, 16860
18525, 7291
7291, 25809
15992, 7292
21366, 7292
7292, 12307
17454, 7293
7293, 28212
10804, 7294
7294, 24973
25297, 7295
7295, 20526
10783, 7296
7296, 16300
12359, 7297
7297, 13614
7297, 10409
27808, 7298
7298, 11547
17142, 7299
7299, 12081
24371, 7300
7300, 9543
16207, 7301
7301, 20083
15751, 7302
7302, 27428
12456, 7303
7303, 15400
21580, 7304
7304, 19496
7304, 29016
7304, 15558
7304, 24931
7304, 13279
28983, 7305
30109, 7305
24341, 7305
9990, 7305
20039, 7305
7305, 10142
25859, 7306
7306, 9614
16151, 7307
7307, 10299
27840, 7308
7308, 19428
28270, 7309
7309, 11801
16116, 7310
7310, 28409
25335, 7311
7311, 26596
7311, 11320
7311, 19204
25467, 7312
7312, 25095
24527, 7313
12202, 7313
9982, 7313
7313, 24898
23032, 7314
7314, 11689
13816, 7315
7315, 23440
26778, 7316
7316, 26822
7316, 20984
14258, 7317
7317, 21133
14333, 7318
7318, 14881
19208, 7319
7319, 17737
13841, 7320
7320, 19307
11467, 7321
7321, 27901
14190, 7322
7322, 10071
16638, 7323
7323, 9733
7323, 28747
14821, 7324
7324, 24522
18221, 7325
7325, 29649
11784, 7326
7326, 20794
16952, 7327
7327, 27016
16045, 7328
23811, 7328
7328, 20104
22808, 7329
7329, 28102
7329, 29508
9505, 7330
7330, 25252
21036, 7331
7331, 9413
14537, 7332
20251, 7332
7332, 9863
23349, 7333
7333, 22541
21408, 7334
9419, 7334
29270, 7334
7334, 13084
15203, 7335
7335, 18955
22564, 7336
7336, 26769
18934, 7337
7337, 11741
7337, 16947
24834, 7338
7338, 28508
13484, 7339
7339, 26401
24530, 7340
7340, 9571
7340, 9569
28667, 7341
7341, 17316
20636, 7342
7342, 29971
17766, 7343
7343, 19852
16511, 7344
7344, 27421
25314, 7345
7345, 9670
21946, 7346
18199, 7346
28959, 7346
7346, 15065
7346, 20965
13540, 7347
7347, 20310
22760, 7348
10876, 7348
26401, 7348
23121, 7348
11276, 7348
25717, 7348
27727, 7348
20619, 7348
23097, 7348
17634, 7348
15968, 7348
10523, 7348
18551, 7348
17363, 7348
29416, 7348
24514, 7348
17010, 7348
28156, 7348
13095, 7348
9120, 7348
9219, 7348
28326, 7348
23127, 7348
17982, 7348
29590, 7348
24428, 7348
29550, 7348
26203, 7348
16671, 7348
22373, 7348
11877, 7348
20188, 7348
26247, 7348
14502, 7348
18346, 7348
24454, 7348
15710, 7348
28066, 7348
10028, 7348
12597, 7348
27988, 7348
27259, 7348
9672, 7348
16461, 7348
10443, 7348
21066, 7348
29606, 7348
15068, 7348
11064, 7348
17597, 7348
23193, 7348
12638, 7348
12173, 7348
7348, 24586
22801, 7349
7349, 19710
13101, 7350
7350, 14937
7350, 26107
10830, 7351
7351, 23570
9842, 7352
7352, 25046
21030, 7353
23323, 7353
26114, 7353
20584, 7353
13509, 7353
27755, 7353
20802, 7353
7353, 22690
7353, 25736
26863, 7354
15058, 7354
7354, 26536
18575, 7355
7355, 25719
9514, 7356
7356, 17130
21860, 7357
7357, 10740
24533, 7358
7358, 28879
20074, 7359
7359, 13496
10045, 7360
15474, 7360
7360, 29983
7360, 14902
7360, 19194
7360, 11334
7360, 9561
10881, 7361
7361, 12425
27073, 7362
7362, 21675
25959, 7363
7363, 21522
7363, 16005
7363, 16711
7363, 11070
7363, 25134
16288, 7364
18569, 7364
18807, 7364
7364, 20859
13981, 7365
7365, 24117
14647, 7366
7366, 15142
25959, 7367
7367, 23232
7367, 25360
17591, 7368
7368, 26896
15254, 7369
7369, 11587
7369, 29498
20358, 7370
18413, 7370
7370, 23990
11532, 7371
7371, 10329
9231, 7372
7372, 20163
7372, 25107
28891, 7373
7373, 9217
27808, 7374
7374, 11547
20776, 7375
19580, 7375
7375, 12916
26645, 7376
7376, 21476
15577, 7377
7377, 18688
17278, 7378
7378, 12562
25159, 7379
7379, 20270
29784, 7380
7380, 25491
29493, 7381
7381, 18720
7381, 26461
15963, 7382
7382, 23443
11730, 7383
7383, 27427
20468, 7384
7384, 26730
16383, 7385
7385, 11188
24050, 7386
7386, 15185
17549, 7387
7387, 20049
16621, 7388
7388, 14511
29943, 7389
7389, 10176
14356, 7390
7390, 14537
12887, 7391
7391, 12727
29602, 7392
7392, 27717
14381, 7393
7393, 18890
10465, 7394
7394, 26040
26999, 7395
7395, 21476
29985, 7396
7396, 23609
28225, 7397
24216, 7397
7397, 28661
21916, 7398
7398, 14661
16548, 7399
28238, 7399
23582, 7399
24836, 7399
11458, 7399
7399, 17082
9283, 7400
14959, 7400
29315, 7400
20606, 7400
13175, 7400
21639, 7400
7400, 25252
12483, 7401
7401, 9155
7401, 29530
27182, 7402
7402, 12913
27704, 7403
29464, 7403
15746, 7403
18132, 7403
7403, 29943
7403, 23450
25092, 7404
7404, 21841
26196, 7405
20091, 7405
7405, 25362
7405, 25546
22234, 7406
7406, 22397
23092, 7407
7407, 12859
10710, 7408
7408, 14815
9716, 7409
7409, 9785
14931, 7410
7410, 15142
25972, 7411
27829, 7411
22129, 7411
22353, 7411
22741, 7411
11188, 7411
10147, 7411
24876, 7411
29849, 7411
12853, 7411
7411, 12150
25948, 7412
7412, 15119
27494, 7413
7413, 15584
15516, 7414
7414, 26619
18201, 7415
7415, 23317
28198, 7416
7416, 27989
13711, 7417
7417, 10212
7417, 12652
23771, 7418
7418, 16893
7418, 20608
7418, 17805
29238, 7419
7419, 20693
29329, 7420
7420, 10118
12190, 7421
7421, 12043
15577, 7422
7422, 21312
25871, 7423
9106, 7423
7423, 28571
7423, 22403
9897, 7424
7424, 28855
7424, 17087
21569, 7425
7425, 27970
13581, 7426
11358, 7426
18711, 7426
9218, 7426
7426, 17887
13341, 7427
7427, 17227
17951, 7428
7428, 12550
12752, 7429
7429, 24328
19176, 7430
15742, 7430
15035, 7430
16653, 7430
7430, 9661
7430, 21276
14515, 7431
7431, 22045
21290, 7432
7432, 11360
21614, 7433
7433, 16955
13772, 7434
7434, 25368
20418, 7435
7435, 9466
25058, 7436
10693, 7436
17794, 7436
17258, 7436
21526, 7436
26870, 7436
15625, 7436
17090, 7436
7436, 27329
9107, 7437
7437, 18003
23659, 7438
7438, 10353
10909, 7439
19041, 7439
29491, 7439
28929, 7439
23858, 7439
13996, 7439
7439, 12666
7439, 20249
7439, 14725
7439, 24797
7439, 11779
7439, 26259
24023, 7440
7440, 18360
7440, 25737
27477, 7441
7441, 20437
10864, 7442
7442, 19901
9918, 7443
19243, 7443
20235, 7443
7443, 25520
23023, 7444
7444, 16241
23523, 7445
7445, 20862
29943, 7446
7446, 14330
7446, 11607
25080, 7447
7447, 11172
29976, 7448
7448, 20002
10755, 7449
7449, 22776
7449, 24465
21562, 7450
7450, 24684
9808, 7451
7451, 26479
7451, 23219
7451, 9590
14635, 7452
15564, 7452
17944, 7452
7452, 17118
11047, 7453
7453, 24498
27860, 7454
29023, 7454
7454, 16096
7454, 15927
7454, 12465
7454, 25068
17338, 7455
7455, 11789
24216, 7456
7456, 27353
18528, 7457
7457, 13613
19021, 7458
7458, 15841
21118, 7459
7459, 23233
29758, 7460
7460, 22933
27237, 7461
16976, 7461
11782, 7461
23891, 7461
25049, 7461
22561, 7461
21874, 7461
24989, 7461
10964, 7461
17544, 7461
10107, 7461
14763, 7461
29402, 7461
23147, 7461
26585, 7461
19198, 7461
22646, 7461
16328, 7461
21749, 7461
10842, 7461
29232, 7461
16293, 7461
25372, 7461
19255, 7461
28256, 7461
9417, 7461
12254, 7461
17390, 7461
22636, 7461
18996, 7461
26758, 7461
17796, 7461
20111, 7461
17681, 7461
27513, 7461
25907, 7461
15014, 7461
13033, 7461
16765, 7461
27597, 7461
27405, 7461
19664, 7461
16070, 7461
11450, 7461
15508, 7461
15016, 7461
21000, 7461
22682, 7461
16626, 7461
20307, 7461
21527, 7461
7461, 30187
30181, 7462
7462, 22454
11367, 7463
7463, 22807
7463, 9894
7463, 20095
20134, 7464
7464, 21743
27065, 7465
7465, 20146
18639, 7466
7466, 17933
20982, 7467
29870, 7467
22089, 7467
12992, 7467
29314, 7467
7467, 13399
13647, 7468
7468, 17207
27339, 7469
7469, 10873
7469, 25726
7469, 23100
16125, 7470
7470, 25252
18253, 7471
7471, 19667
7471, 17318
18238, 7472
7472, 15081
29943, 7473
7473, 13564
24908, 7474
7474, 10090
7474, 13652
7474, 16587
7474, 11177
7474, 17914
28049, 7475
7475, 11880
14788, 7476
7476, 22964
23898, 7477
7477, 25990
28047, 7478
7478, 16100
14669, 7479
7479, 9165
14821, 7480
7480, 16372
22724, 7481
7481, 24309
7481, 26884
7481, 27731
27039, 7482
7482, 10752
13807, 7483
7483, 17361
12632, 7484
7484, 13866
7484, 9885
24063, 7485
7485, 22962
22974, 7486
7486, 25040
24702, 7487
7487, 18387
16009, 7488
7488, 12581
11825, 7489
7489, 14091
21907, 7490
7490, 23582
13723, 7491
7491, 18655
22364, 7492
13365, 7492
7492, 25362
7492, 26725
29040, 7493
7493, 20741
7493, 30198
19479, 7494
19806, 7494
25514, 7494
17972, 7494
7494, 11728
16292, 7495
28042, 7495
7495, 23215
22457, 7496
7496, 29595
20617, 7497
7497, 24150
7497, 22960
17631, 7498
7498, 27962
15395, 7499
7499, 18173
22110, 7500
16624, 7500
7500, 27107
9236, 7501
7501, 9219
17048, 7502
7502, 14676
25690, 7503
7503, 9584
15172, 7504
25265, 7504
7504, 24457
19879, 7505
7505, 24804
7505, 27796
18577, 7506
7506, 25252
28964, 7507
7507, 29837
20600, 7508
7508, 11356
27977, 7509
7509, 23438
23239, 7510
7510, 20113
7510, 15447
28323, 7511
7511, 26664
22246, 7512
7512, 10315
7512, 12584
19693, 7513
7513, 16130
13483, 7514
17256, 7514
7514, 19093
21796, 7515
7515, 24955
14895, 7516
7516, 29713
21999, 7517
7517, 23765
17291, 7518
28221, 7518
17577, 7518
11755, 7518
22932, 7518
18185, 7518
12999, 7518
17334, 7518
20869, 7518
25580, 7518
16563, 7518
10590, 7518
19006, 7518
23314, 7518
22534, 7518
16839, 7518
26331, 7518
12182, 7518
17992, 7518
12309, 7518
10144, 7518
10756, 7518
24869, 7518
11887, 7518
27157, 7518
7518, 10549
29809, 7519
7519, 20635
15779, 7520
7520, 11765
23552, 7521
14156, 7521
7521, 12902
29573, 7522
9950, 7522
14239, 7522
7522, 25900
7522, 27710
15146, 7523
7523, 16093
26823, 7524
10556, 7524
26615, 7524
28850, 7524
26507, 7524
21691, 7524
27057, 7524
20676, 7524
14531, 7524
22368, 7524
25291, 7524
29350, 7524
21788, 7524
11955, 7524
12391, 7524
15793, 7524
10420, 7524
27938, 7524
13261, 7524
21648, 7524
16767, 7524
28181, 7524
9259, 7524
20220, 7524
9930, 7524
13861, 7524
26883, 7524
27645, 7524
23298, 7524
14265, 7524
24681, 7524
29583, 7524
28691, 7524
18333, 7524
29698, 7524
17633, 7524
27017, 7524
24520, 7524
18853, 7524
20315, 7524
25084, 7524
17618, 7524
19373, 7524
24563, 7524
19078, 7524
15566, 7524
17511, 7524
19134, 7524
17993, 7524
17865, 7524
11075, 7524
23350, 7524
26209, 7524
11010, 7524
27617, 7524
27266, 7524
24764, 7524
24149, 7524
14629, 7524
10377, 7524
9122, 7524
28518, 7524
14564, 7524
14315, 7524
12913, 7524
13163, 7524
19655, 7524
10026, 7524
14042, 7524
21384, 7524
11870, 7524
15562, 7524
26352, 7524
13761, 7524
11549, 7524
15168, 7524
22712, 7524
23922, 7524
10378, 7524
23382, 7524
20574, 7524
17978, 7524
22573, 7524
26501, 7524
24073, 7524
19675, 7524
29605, 7524
21952, 7524
12931, 7524
9894, 7524
16992, 7524
15492, 7524
18606, 7524
17032, 7524
22969, 7524
18581, 7524
22150, 7524
7524, 17718
14719, 7525
7525, 19193
29708, 7526
7526, 12619
13816, 7527
7527, 23440
28402, 7528
7528, 14549
13248, 7529
7529, 10548
21511, 7530
7530, 9917
27136, 7531
7531, 15678
22557, 7532
22493, 7532
7532, 29076
17688, 7533
23685, 7533
7533, 9533
10375, 7534
7534, 24020
13612, 7535
7535, 15638
23898, 7536
7536, 11785
13737, 7537
21202, 7537
21282, 7537
15626, 7537
9932, 7537
13273, 7537
14820, 7537
24579, 7537
7537, 23400
9157, 7538
7538, 27704
20493, 7539
10731, 7539
7539, 27432
23081, 7540
7540, 18308
12207, 7541
7541, 17361
24608, 7542
7542, 18811
9768, 7543
20777, 7543
20034, 7543
7543, 17626
29349, 7544
7544, 25136
17078, 7545
7545, 28228
15540, 7546
25245, 7546
7546, 14945
28683, 7547
7547, 25260
19846, 7548
7548, 12538
23083, 7549
7549, 17531
14610, 7550
7550, 22968
21877, 7551
7551, 22685
23627, 7552
7552, 24165
7552, 19856
26487, 7553
7553, 13041
7553, 23250
7553, 18349
22068, 7554
26257, 7554
27105, 7554
27601, 7554
7554, 15523
18997, 7555
7555, 9957
16520, 7556
7556, 23642
7556, 14100
11325, 7557
7557, 14031
7557, 13900
15813, 7558
7558, 15748
28858, 7559
7559, 23676
22966, 7560
7560, 15114
29943, 7561
7561, 17981
17029, 7562
16234, 7562
16165, 7562
22950, 7562
17944, 7562
7562, 28007
28815, 7563
21807, 7563
7563, 21007
29493, 7564
7564, 12550
18007, 7565
7565, 17638
23349, 7566
7566, 22541
27808, 7567
7567, 11547
15094, 7568
9841, 7568
7568, 10975
17466, 7569
23219, 7569
21133, 7569
24738, 7569
10235, 7569
22611, 7569
17824, 7569
7569, 10166
13495, 7570
18803, 7570
28970, 7570
25010, 7570
21770, 7570
18452, 7570
22241, 7570
16810, 7570
7570, 16364
7570, 15671
12996, 7571
7571, 23233
13247, 7572
7572, 25602
7572, 29262
7572, 20966
17025, 7573
7573, 14793
11398, 7574
7574, 9644
29943, 7575
7575, 12056
24327, 7576
7576, 23427
16511, 7577
7577, 15199
17298, 7578
7578, 25910
15963, 7579
7579, 23443
26720, 7580
7580, 13354
16034, 7581
7581, 27152
13949, 7582
7582, 9653
9820, 7583
7583, 18215
15316, 7584
13561, 7584
28728, 7584
7584, 11288
29943, 7585
7585, 18370
23247, 7586
7586, 22957
15896, 7587
7587, 19408
23898, 7588
7588, 29467
29943, 7589
7589, 26358
22151, 7590
7590, 25912
27735, 7591
7591, 11599
11930, 7592
7592, 12375
10165, 7593
7593, 24974
7593, 27943
29045, 7594
29909, 7594
7594, 26501
26009, 7595
7595, 10044
21093, 7596
26998, 7596
7596, 26234
7596, 11704
23730, 7597
7597, 25042
21193, 7598
19422, 7598
7598, 10692
25762, 7599
7599, 20278
7599, 12463
7599, 28819
25515, 7600
17524, 7600
7600, 19313
15768, 7601
7601, 29126
15158, 7602
7602, 27445
20497, 7603
7603, 24259
19697, 7604
7604, 29949
25421, 7605
7605, 14474
27927, 7606
7606, 12906
7606, 14171
16970, 7607
22584, 7607
7607, 17391
24969, 7608
7608, 26848
7608, 24343
13559, 7609
20940, 7609
7609, 19449
23293, 7610
15332, 7610
7610, 24892
29943, 7611
7611, 13353
20178, 7612
7612, 16477
15963, 7613
7613, 23443
29468, 7614
20889, 7614
28144, 7614
7614, 25293
21790, 7615
7615, 28295
15751, 7616
7616, 27428
23167, 7617
20235, 7617
27088, 7617
7617, 16381
21318, 7618
7618, 19816
9439, 7619
7619, 10353
25527, 7620
7620, 17303
15577, 7621
7621, 10552
11825, 7622
7622, 14091
9229, 7623
7623, 14927
27234, 7624
7624, 25867
21882, 7625
7625, 17239
29943, 7626
7626, 24913
29943, 7627
7627, 13452
11602, 7628
7628, 11851
14168, 7629
7629, 10392
21991, 7630
7630, 14230
11239, 7631
7631, 14086
16380, 7632
7632, 10640
23704, 7633
7633, 28902
22431, 7634
7634, 14927
23204, 7635
7635, 20931
7635, 20605
7635, 24465
25969, 7636
7636, 14069
10651, 7637
24680, 7637
7637, 20049
14843, 7638
7638, 17029
29094, 7639
7639, 22861
11293, 7640
7640, 27624
7640, 21601
7640, 27126
13968, 7641
7641, 16300
16234, 7642
7642, 26810
10120, 7643
7643, 16044
24436, 7644
7644, 17010
25694, 7645
7645, 14714
24088, 7646
7646, 13326
29943, 7647
7647, 25000
17518, 7648
24865, 7648
7648, 28783
28110, 7649
7649, 19465
7649, 20725
24330, 7650
7650, 27603
15990, 7651
29027, 7651
22205, 7651
13378, 7651
17824, 7651
7651, 11583
25888, 7652
23021, 7652
7652, 11979
21979, 7653
7653, 14033
14540, 7654
7654, 24422
29708, 7655
7655, 15398
9251, 7656
7656, 14540
26689, 7657
7657, 26802
9193, 7658
15668, 7658
18039, 7658
7658, 18881
17496, 7659
7659, 15192
21469, 7660
7660, 13965
27708, 7661
7661, 10250
24028, 7662
7662, 26743
14062, 7663
7663, 19876
11961, 7664
14240, 7664
29739, 7664
7664, 17512
12278, 7665
19095, 7665
29951, 7665
15227, 7665
26394, 7665
11342, 7665
7665, 15123
11321, 7666
27353, 7666
7666, 19703
16923, 7667
25232, 7667
7667, 10826
11708, 7668
7668, 16824
12904, 7669
26578, 7669
7669, 28175
7669, 18006
7669, 10751
7669, 26224
28543, 7670
7670, 11545
16251, 7671
22823, 7671
7671, 25152
16733, 7672
7672, 9317
29943, 7673
7673, 25553
18898, 7674
7674, 22590
25853, 7675
7675, 22289
30202, 7676
22806, 7676
7676, 13881
29943, 7677
7677, 13104
7677, 27207
21329, 7678
29966, 7678
10572, 7678
16481, 7678
22379, 7678
9119, 7678
16871, 7678
7678, 25246
7678, 16519
7678, 21178
7678, 20731
29511, 7679
21302, 7679
7679, 25358
20751, 7680
7680, 20199
7680, 23856
7680, 24080
7680, 25784
12702, 7681
7681, 21457
22387, 7682
28477, 7682
7682, 15185
13148, 7683
7683, 16385
10163, 7684
7684, 27719
25220, 7685
17210, 7685
13439, 7685
7685, 21545
26830, 7686
27311, 7686
28711, 7686
21583, 7686
7686, 16566
10958, 7687
7687, 16718
18664, 7688
7688, 24694
16548, 7689
11927, 7689
23489, 7689
29565, 7689
11883, 7689
13039, 7689
7689, 18687
11626, 7690
7690, 10136
18958, 7691
7691, 23233
21379, 7692
7692, 13547
27523, 7693
7693, 15144
29866, 7694
7694, 10377
7694, 14090
21882, 7695
7695, 17491
7695, 25093
29993, 7696
7696, 16782
29708, 7697
7697, 26403
17951, 7698
7698, 24482
17342, 7699
7699, 15355
22458, 7700
7700, 10104
7700, 10699
25415, 7701
7701, 10941
7701, 26242
7701, 13493
28742, 7702
7702, 17303
22248, 7703
7703, 15596
29943, 7704
7704, 19285
25945, 7705
7705, 28527
28073, 7706
7706, 29135
26705, 7707
7707, 13275
7707, 22090
11338, 7708
7708, 15117
7708, 25376
23146, 7709
7709, 19637
27671, 7710
27069, 7710
27917, 7710
18077, 7710
7710, 26244
13948, 7711
7711, 29027
11954, 7712
7712, 10894
26131, 7713
7713, 26140
27815, 7714
7714, 22597
13952, 7715
15642, 7715
7715, 25063
15577, 7716
7716, 19278
29956, 7717
7717, 23193
29943, 7718
7718, 11558
7718, 19371
28130, 7719
7719, 13847
11501, 7720
7720, 14767
26338, 7721
7721, 17090
25286, 7722
9659, 7722
7722, 25176
20927, 7723
7723, 14324
14947, 7724
13984, 7724
7724, 12160
9596, 7725
7725, 20511
7725, 10147
14607, 7726
27218, 7726
16978, 7726
13123, 7726
29337, 7726
14181, 7726
15996, 7726
10279, 7726
7726, 29915
10997, 7727
7727, 13818
23349, 7728
7728, 25983
24452, 7729
7729, 9397
25810, 7730
7730, 26523
18802, 7731
7731, 15838
13167, 7732
7732, 15721
29537, 7733
7733, 19332
7733, 22340
23840, 7734
7734, 14899
16511, 7735
7735, 30102
26995, 7736
7736, 29568
19157, 7737
14560, 7737
7737, 20445
7737, 26195
7737, 13858
7737, 20881
29744, 7738
28403, 7738
13583, 7738
7738, 28997
19384, 7739
7739, 18084
21212, 7740
27142, 7740
9981, 7740
7740, 28722
25667, 7741
7741, 24238
7741, 20251
12147, 7742
7742, 18615
25440, 7743
7743, 13060
15577, 7744
7744, 28238
26890, 7745
7745, 25863
7745, 28704
21693, 7746
26709, 7746
18696, 7746
26697, 7746
17707, 7746
16927, 7746
7746, 16582
7746, 17196
7746, 15173
26349, 7747
7747, 12671
10432, 7748
7748, 28167
12377, 7749
7749, 10745
7749, 9121
7749, 11839
7749, 10923
11811, 7750
7750, 23191
10302, 7751
7751, 18663
11984, 7752
7752, 22823
18167, 7753
13275, 7753
7753, 12793
27799, 7754
7754, 25840
7754, 26137
28580, 7755
13133, 7755
13833, 7755
24280, 7755
9154, 7755
20247, 7755
7755, 15349
23032, 7756
7756, 29225
28702, 7757
7757, 28042
19039, 7758
7758, 23128
29911, 7759
7759, 22645
9287, 7760
24915, 7760
7760, 20324
15577, 7761
7761, 23166
19711, 7762
7762, 21832
27254, 7763
13435, 7763
27020, 7763
25302, 7763
28151, 7763
16891, 7763
24021, 7763
14151, 7763
19032, 7763
26793, 7763
26849, 7763
14171, 7763
16365, 7763
20491, 7763
25138, 7763
25247, 7763
29756, 7763
27041, 7763
11737, 7763
9692, 7763
20067, 7763
23501, 7763
17058, 7763
16550, 7763
21539, 7763
21632, 7763
9837, 7763
22064, 7763
20635, 7763
23031, 7763
17478, 7763
13552, 7763
21870, 7763
23300, 7763
23735, 7763
22933, 7763
28867, 7763
15398, 7763
25761, 7763
18383, 7763
11360, 7763
18370, 7763
13416, 7763
15756, 7763
9735, 7763
15533, 7763
9772, 7763
13120, 7763
9877, 7763
12010, 7763
19792, 7763
30176, 7763
21141, 7763
16729, 7763
14584, 7763
28989, 7763
14955, 7763
13452, 7763
13564, 7763
11700, 7763
7763, 18767
17195, 7764
7764, 26476
14758, 7765
7765, 16796
25038, 7766
7766, 19469
15860, 7767
10404, 7767
13913, 7767
14999, 7767
17912, 7767
11646, 7767
27013, 7767
26116, 7767
13406, 7767
25370, 7767
12735, 7767
16801, 7767
10445, 7767
20968, 7767
9147, 7767
11118, 7767
23578, 7767
29253, 7767
17917, 7767
14880, 7767
13401, 7767
25640, 7767
16724, 7767
18313, 7767
22423, 7767
19577, 7767
14254, 7767
14309, 7767
23216, 7767
19475, 7767
10027, 7767
24319, 7767
22336, 7767
23628, 7767
28272, 7767
14153, 7767
22568, 7767
29945, 7767
26751, 7767
23212, 7767
15082, 7767
11833, 7767
14082, 7767
27282, 7767
19942, 7767
17542, 7767
12621, 7767
11292, 7767
23351, 7767
23715, 7767
22722, 7767
27248, 7767
27768, 7767
18834, 7767
14192, 7767
13905, 7767
27726, 7767
9300, 7767
12301, 7767
21759, 7767
24413, 7767
10130, 7767
22818, 7767
27410, 7767
14818, 7767
29549, 7767
13322, 7767
29279, 7767
24914, 7767
18017, 7767
14936, 7767
21496, 7767
24281, 7767
9979, 7767
29455, 7767
25995, 7767
22307, 7767
20882, 7767
16297, 7767
18379, 7767
23872, 7767
27690, 7767
18552, 7767
10369, 7767
13459, 7767
28313, 7767
18940, 7767
18692, 7767
12179, 7767
7767, 25252
22178, 7768
7768, 10468
26811, 7769
19048, 7769
7769, 19952
10533, 7770
7770, 19068
10299, 7771
12274, 7771
7771, 18687
28101, 7772
7772, 29240
12060, 7773
28750, 7773
7773, 13021
22564, 7774
7774, 22070
14063, 7775
7775, 15712
20158, 7776
28531, 7776
20666, 7776
7776, 9988
12014, 7777
29191, 7777
14269, 7777
25423, 7777
12906, 7777
20291, 7777
17515, 7777
20507, 7777
12594, 7777
21476, 7777
29035, 7777
28526, 7777
23747, 7777
29552, 7777
7777, 24998
14821, 7778
7778, 28284
23443, 7779
28640, 7779
7779, 28304
29926, 7780
7780, 15862
29493, 7781
7781, 14965
20772, 7782
7782, 28233
26454, 7783
7783, 17029
23973, 7784
7784, 28125
15477, 7785
7785, 25845
13775, 7786
7786, 14003
15513, 7787
7787, 27152
22585, 7788
18638, 7788
7788, 29631
18156, 7789
7789, 11440
24168, 7790
7790, 11154
7790, 26764
7790, 13360
12400, 7791
7791, 10329
29943, 7792
7792, 22588
29269, 7793
7793, 9569
14505, 7794
7794, 24687
7794, 29516
11481, 7795
7795, 19667
7795, 24723
23825, 7796
19385, 7796
7796, 23148
15070, 7797
7797, 20463
25078, 7798
7798, 23747
7798, 28660
13399, 7799
13881, 7799
14650, 7799
12321, 7799
20706, 7799
19979, 7799
25252, 7799
7799, 29943
20235, 7800
14342, 7800
18794, 7800
7800, 10019
16598, 7801
12408, 7801
23465, 7801
26886, 7801
12633, 7801
24216, 7801
7801, 23513
13260, 7802
7802, 25362
15577, 7803
7803, 9874
16161, 7804
7804, 19380
26613, 7805
7805, 19878
7805, 28261
12431, 7806
7806, 18952
24599, 7807
7807, 27725
19099, 7808
7808, 18561
19152, 7809
25136, 7809
26977, 7809
7809, 16268
28116, 7810
7810, 12054
24313, 7811
7811, 14676
7811, 11880
19588, 7812
19186, 7812
19432, 7812
20317, 7812
15605, 7812
27439, 7812
7812, 18132
19423, 7813
7813, 19592
27700, 7814
7814, 24103
29220, 7815
19686, 7815
27824, 7815
7815, 10810
7815, 18301
7815, 10584
7815, 19762
23898, 7816
7816, 17166
14160, 7817
26287, 7817
27616, 7817
7817, 21939
20014, 7818
7818, 14478
14302, 7819
7819, 27086
14733, 7820
7820, 27283
15657, 7821
7821, 14126
14361, 7822
19225, 7822
9748, 7822
18003, 7822
17784, 7822
15857, 7822
26071, 7822
25246, 7822
27846, 7822
10976, 7822
13399, 7822
12514, 7822
21370, 7822
29991, 7822
10231, 7822
15958, 7822
22285, 7822
25059, 7822
18460, 7822
11995, 7822
15236, 7822
11154, 7822
20083, 7822
27872, 7822
28295, 7822
11816, 7822
24636, 7822
23597, 7822
24167, 7822
26743, 7822
21413, 7822
17459, 7822
28826, 7822
25040, 7822
22953, 7822
28925, 7822
21243, 7822
14960, 7822
14585, 7822
11853, 7822
28646, 7822
29022, 7822
19175, 7822
22398, 7822
17175, 7822
9325, 7822
21486, 7822
20906, 7822
22839, 7822
28360, 7822
27704, 7822
24868, 7822
18283, 7822
15009, 7822
10780, 7822
26434, 7822
18720, 7822
11435, 7822
18847, 7822
12018, 7822
26997, 7822
14833, 7822
17602, 7822
14223, 7822
17336, 7822
20199, 7822
19700, 7822
17002, 7822
24461, 7822
28932, 7822
20279, 7822
20765, 7822
10193, 7822
11813, 7822
19538, 7822
12805, 7822
23413, 7822
19497, 7822
19707, 7822
26256, 7822
15065, 7822
26469, 7822
14319, 7822
10696, 7822
25124, 7822
10831, 7822
13048, 7822
17440, 7822
24911, 7822
28693, 7822
12059, 7822
26366, 7822
22409, 7822
12331, 7822
23179, 7822
12686, 7822
13588, 7822
28277, 7822
19281, 7822
12965, 7822
20448, 7822
14131, 7822
24311, 7822
18784, 7822
15925, 7822
21900, 7822
12126, 7822
23497, 7822
28292, 7822
12328, 7822
14922, 7822
14187, 7822
14930, 7822
12910, 7822
13327, 7822
23736, 7822
21905, 7822
18402, 7822
15287, 7822
22366, 7822
18279, 7822
22999, 7822
21098, 7822
15355, 7822
13686, 7822
17377, 7822
30213, 7822
12964, 7822
19171, 7822
12578, 7822
25003, 7822
17702, 7822
21994, 7822
26385, 7822
28717, 7822
26680, 7822
14595, 7822
25277, 7822
23322, 7822
20136, 7822
23149, 7822
11229, 7822
11483, 7822
22278, 7822
16575, 7822
16039, 7822
10671, 7822
15651, 7822
27383, 7822
20183, 7822
29503, 7822
15447, 7822
14700, 7822
16790, 7822
26269, 7822
11983, 7822
24246, 7822
29553, 7822
14927, 7822
14829, 7822
12745, 7822
15724, 7822
20451, 7822
28396, 7822
16087, 7822
24230, 7822
22768, 7822
25633, 7822
28200, 7822
10374, 7822
16861, 7822
19560, 7822
9614, 7822
10041, 7822
18959, 7822
27560, 7822
20661, 7822
11790, 7822
12874, 7822
15639, 7822
19316, 7822
18955, 7822
21662, 7822
20746, 7822
7822, 29943
7822, 29429
19795, 7823
7823, 21294
13560, 7824
10628, 7824
18232, 7824
7824, 25534
20090, 7825
7825, 18233
7825, 19953
29226, 7826
7826, 14255
14257, 7827
7827, 22306
13321, 7828
7828, 15142
18424, 7829
7829, 27216
15585, 7830
16064, 7830
15471, 7830
7830, 10645
18142, 7831
18530, 7831
7831, 14323
11571, 7832
9903, 7832
7832, 14429
28462, 7833
7833, 23811
23898, 7834
7834, 29017
16175, 7835
20708, 7835
15560, 7835
25014, 7835
10834, 7835
7835, 11748
25535, 7836
7836, 21835
7836, 15642
19337, 7837
7837, 19392
23296, 7838
7838, 14255
17869, 7839
15422, 7839
22951, 7839
26282, 7839
27190, 7839
7839, 11050
15528, 7840
7840, 29710
27402, 7841
7841, 30048
29943, 7842
7842, 14099
12314, 7843
7843, 10150
27117, 7844
7844, 17040
21028, 7845
10768, 7845
23595, 7845
25069, 7845
7845, 13162
29393, 7846
7846, 9981
12162, 7847
16593, 7847
19734, 7847
14157, 7847
20294, 7847
12453, 7847
10843, 7847
23168, 7847
13323, 7847
15946, 7847
26305, 7847
7847, 27149
25823, 7848
21605, 7848
21965, 7848
17514, 7848
25285, 7848
7848, 17312
30070, 7849
7849, 13690
19132, 7850
7850, 11321
18815, 7851
7851, 20362
29943, 7852
7852, 16550
16511, 7853
7853, 17472
14687, 7854
28621, 7854
7854, 29484
17675, 7855
7855, 19830
15231, 7856
7856, 19209
12145, 7857
7857, 23750
7857, 22334
29696, 7858
7858, 16556
14555, 7859
14081, 7859
23538, 7859
7859, 11229
15302, 7860
7860, 10657
20515, 7861
22937, 7861
24864, 7861
7861, 25480
11149, 7862
7862, 24075
24739, 7863
16045, 7863
24836, 7863
14178, 7863
7863, 21363
11859, 7864
7864, 17913
7864, 13796
23108, 7865
14540, 7865
7865, 26317
17397, 7866
19280, 7866
28254, 7866
24129, 7866
7866, 29961
24008, 7867
29007, 7867
25280, 7867
7867, 22674
15139, 7868
7868, 15803
29943, 7869
7869, 23670
7869, 17218
25481, 7870
7870, 28042
7870, 21537
28916, 7871
12005, 7871
7871, 25856
28338, 7872
7872, 11813
9108, 7873
7873, 27383
9140, 7874
7874, 28277
10297, 7875
7875, 17449
13767, 7876
7876, 28189
28484, 7877
7877, 11880
7877, 25136
7877, 12673
7877, 15642
10517, 7878
7878, 27895
7878, 23697
9112, 7879
30106, 7879
7879, 24022
7879, 22409
7879, 25601
7879, 17905
7879, 26817
22070, 7880
19012, 7880
11189, 7880
10851, 7880
7880, 21733
18577, 7881
7881, 28092
20475, 7882
7882, 26570
7882, 17487
25573, 7883
19891, 7883
18239, 7883
17255, 7883
21651, 7883
16148, 7883
21570, 7883
7883, 10955
23874, 7884
7884, 14687
25786, 7885
7885, 17219
7885, 18844
25757, 7886
7886, 10250
19633, 7887
15463, 7887
7887, 9415
15833, 7888
7888, 28295
20052, 7889
29353, 7889
7889, 23507
7889, 30043
7889, 25382
7889, 12920
22231, 7890
7890, 24209
29501, 7891
15349, 7891
7891, 16092
29499, 7892
17098, 7892
18083, 7892
27728, 7892
27583, 7892
14096, 7892
10218, 7892
14337, 7892
9626, 7892
7892, 23224
18577, 7893
7893, 11853
22994, 7894
7894, 18361
11574, 7895
18604, 7895
26228, 7895
21653, 7895
7895, 15355
11972, 7896
7896, 12360
7896, 22546
24388, 7897
7897, 14549
7897, 9859
23032, 7898
20251, 7898
28003, 7898
7898, 27635
25603, 7899
7899, 25778
27829, 7900
27137, 7900
7900, 9359
20400, 7901
7901, 30080
7901, 15625
7901, 12822
11563, 7902
10381, 7902
20998, 7902
7902, 23413
17988, 7903
7903, 13804
9924, 7904
7904, 12600
13101, 7905
7905, 12550
29540, 7906
12700, 7906
13392, 7906
7906, 15564
9216, 7907
7907, 17558
20164, 7908
7908, 16568
7908, 11978
13392, 7909
22915, 7909
7909, 15564
12436, 7910
28366, 7910
7910, 22143
11529, 7911
25565, 7911
23056, 7911
27899, 7911
22549, 7911
22839, 7911
15009, 7911
13381, 7911
21953, 7911
23209, 7911
25380, 7911
14689, 7911
22060, 7911
25362, 7911
15355, 7911
24746, 7911
26783, 7911
14402, 7911
25978, 7911
18955, 7911
23440, 7911
18132, 7911
28748, 7911
7911, 29943
7911, 26959
24436, 7912
7912, 19615
23898, 7913
7913, 23562
12232, 7914
14973, 7914
16536, 7914
21210, 7914
7914, 26997
7914, 23910
7914, 29616
7914, 10535
7914, 16977
7914, 19348
7914, 16058
7914, 10041
7914, 27060
12836, 7915
7915, 12360
15387, 7916
7916, 24568
12400, 7917
7917, 10329
14296, 7918
7918, 13399
14204, 7919
21800, 7919
7919, 14091
14699, 7920
7920, 20083
29489, 7921
7921, 25623
10102, 7922
7922, 13477
7922, 10317
15005, 7923
7923, 17703
23120, 7924
7924, 28273
23898, 7925
7925, 17851
28883, 7926
7926, 21853
16970, 7927
11037, 7927
7927, 25867
10963, 7928
7928, 9651
7928, 19980
25846, 7929
7929, 9891
16686, 7930
7930, 27965
9618, 7931
7931, 17092
17875, 7932
7932, 21765
23233, 7933
17029, 7933
19243, 7933
14771, 7933
27216, 7933
18002, 7933
13407, 7933
12859, 7933
20642, 7933
9674, 7933
10104, 7933
17601, 7933
16893, 7933
15235, 7933
26025, 7933
13724, 7933
21278, 7933
11321, 7933
18928, 7933
27798, 7933
19472, 7933
20251, 7933
15412, 7933
16705, 7933
22957, 7933
9195, 7933
23109, 7933
17231, 7933
18952, 7933
19578, 7933
19877, 7933
15052, 7933
18308, 7933
17090, 7933
9726, 7933
15809, 7933
10142, 7933
18456, 7933
13601, 7933
26418, 7933
14384, 7933
23052, 7933
7933, 28949
25274, 7934
7934, 13529
7934, 15796
23223, 7935
7935, 14687
7935, 13529
7935, 14236
9987, 7936
7936, 24870
19893, 7937
7937, 17282
29708, 7938
7938, 25636
7938, 26403
14066, 7939
7939, 9590
16433, 7940
25721, 7940
13980, 7940
10104, 7940
17551, 7940
25394, 7940
15625, 7940
9726, 7940
9225, 7940
26418, 7940
26556, 7940
7940, 15708
11337, 7941
7941, 16234
29943, 7942
7942, 29322
7942, 13564
20087, 7943
7943, 17187
14155, 7944
7944, 10980
7944, 21836
29943, 7945
7945, 12541
19220, 7946
7946, 13669
24009, 7947
7947, 29604
9426, 7948
7948, 9118
12112, 7949
7949, 22748
21147, 7950
25487, 7950
24836, 7950
17303, 7950
7950, 9562
9644, 7951
26071, 7951
13399, 7951
21097, 7951
10231, 7951
24040, 7951
23333, 7951
9482, 7951
29536, 7951
19047, 7951
24809, 7951
15926, 7951
22073, 7951
25933, 7951
22839, 7951
21490, 7951
29950, 7951
29148, 7951
28154, 7951
12821, 7951
11309, 7951
21935, 7951
17469, 7951
18048, 7951
24348, 7951
12619, 7951
13892, 7951
19952, 7951
28839, 7951
13442, 7951
13140, 7951
13108, 7951
25239, 7951
18166, 7951
21911, 7951
15181, 7951
27535, 7951
22607, 7951
25362, 7951
22993, 7951
13327, 7951
18402, 7951
19166, 7951
20297, 7951
13920, 7951
12545, 7951
10794, 7951
25705, 7951
10549, 7951
24672, 7951
23440, 7951
18955, 7951
16556, 7951
15113, 7951
26744, 7951
27760, 7951
14815, 7951
10521, 7951
25252, 7951
10902, 7951
11288, 7951
7951, 29943
7951, 10143
13045, 7952
11781, 7952
15495, 7952
30014, 7952
7952, 17572
7952, 20748
17951, 7953
7953, 14912
23680, 7954
17426, 7954
7954, 15185
10133, 7955
7955, 21841
25879, 7956
7956, 18619
13560, 7957
19036, 7957
12109, 7957
7957, 19612
23898, 7958
7958, 21402
12804, 7959
10329, 7959
16364, 7959
13486, 7959
9165, 7959
26108, 7959
11444, 7959
20511, 7959
15991, 7959
27664, 7959
18804, 7959
15561, 7959
17318, 7959
26611, 7959
18973, 7959
26504, 7959
7959, 24644
13343, 7960
7960, 23821
7960, 11748
19385, 7961
7961, 23148
10013, 7962
27371, 7962
28720, 7962
7962, 19673
29943, 7963
7963, 17916
23898, 7964
7964, 21959
25127, 7965
7965, 23747
7965, 9657
24159, 7966
7966, 19379
7966, 30134
7966, 18790
7966, 12989
20834, 7967
7967, 10086
24856, 7968
7968, 27092
14756, 7969
7969, 27088
11433, 7970
7970, 27989
7970, 13607
29943, 7971
7971, 18370
11672, 7972
27267, 7972
7972, 12765
30066, 7973
22378, 7973
22347, 7973
13165, 7973
10734, 7973
26452, 7973
29228, 7973
7973, 22690
18636, 7974
7974, 9146
14046, 7975
7975, 12027
15152, 7976
7976, 10353
10854, 7977
7977, 14129
23472, 7978
7978, 27727
29579, 7979
7979, 29768
25631, 7980
7980, 17215
18318, 7981
7981, 12051
15577, 7982
7982, 9822
17009, 7983
7983, 10708
20926, 7984
17601, 7984
23590, 7984
14989, 7984
7984, 18401
19906, 7985
7985, 16379
10732, 7986
7986, 23278
7986, 25192
16809, 7987
24753, 7987
17415, 7987
22421, 7987
7987, 19140
12654, 7988
7988, 11260
12272, 7989
7989, 19405
18866, 7990
7990, 11938
9125, 7991
7991, 17699
26354, 7992
29037, 7992
7992, 18955
23443, 7993
10359, 7993
22213, 7993
7993, 12911
10662, 7994
7994, 17303
7994, 27581
16316, 7995
7995, 17013
7995, 15221
9320, 7996
25076, 7996
28893, 7996
18951, 7996
24292, 7996
7996, 11552
7996, 21057
7996, 14125
7996, 21286
14741, 7997
7997, 15535
29943, 7998
7998, 22655
24754, 7999
7999, 23662
15426, 8000
8000, 13954
9108, 8001
8001, 27383
28081, 8002
8002, 15185
17380, 8003
21528, 8003
19022, 8003
9929, 8003
12535, 8003
8003, 9818
21819, 8004
8004, 25252
23591, 8005
8005, 22499
15621, 8006
8006, 18048
21988, 8007
8007, 12258
18932, 8008
8008, 12183
18065, 8009
8009, 29804
23931, 8010
8010, 22546
12192, 8011
8011, 15851
13153, 8012
8012, 11365
23476, 8013
26095, 8013
8013, 24892
16386, 8014
8014, 14627
10618, 8015
8015, 17090
13317, 8016
8016, 11303
17612, 8017
8017, 23108
17951, 8018
8018, 16940
8018, 29990
13746, 8019
8019, 20184
12782, 8020
8020, 9972
28603, 8021
8021, 20136
20476, 8022
8022, 17277
13816, 8023
8023, 23440
26858, 8024
21756, 8024
9431, 8024
8024, 25720
8024, 10183
24436, 8025
8025, 30122
20929, 8026
8026, 22681
8026, 12474
18924, 8027
8027, 28782
21946, 8028
19139, 8028
8028, 20965
17418, 8029
8029, 10687
8029, 17186
8029, 24196
16435, 8030
8030, 19192
14243, 8031
8031, 16157
22834, 8032
20342, 8032
8032, 10812
24687, 8033
28150, 8033
22334, 8033
8033, 12480
30053, 8034
12257, 8034
13447, 8034
13275, 8034
26948, 8034
12399, 8034
13039, 8034
29516, 8034
8034, 9880
29532, 8035
8035, 18841
28172, 8036
8036, 26391
27046, 8037
8037, 25252
12074, 8038
8038, 12806
24436, 8039
8039, 20188
16703, 8040
22224, 8040
8040, 22253
8040, 11447
8040, 18031
22583, 8041
8041, 17234
8041, 13180
8041, 26732
17211, 8042
8042, 29750
28521, 8043
8043, 9817
22755, 8044
8044, 28577
14173, 8045
15325, 8045
8045, 17817
8045, 24337
8045, 27275
8045, 22313
23777, 8046
8046, 24457
23948, 8047
8047, 23438
15012, 8048
8048, 10479
26942, 8049
8049, 9744
28391, 8050
8050, 16696
27233, 8051
25637, 8051
29009, 8051
11857, 8051
19071, 8051
18817, 8051
29621, 8051
8051, 10747
11007, 8052
8052, 20746
25264, 8053
18517, 8053
8053, 9904
29602, 8054
8054, 12100
29142, 8055
8055, 15793
18796, 8056
8056, 20081
20419, 8057
8057, 20579
19253, 8058
19620, 8058
13174, 8058
10452, 8058
25465, 8058
23332, 8058
22758, 8058
18481, 8058
8058, 9811
8058, 18534
8058, 24214
11274, 8059
8059, 12972
24206, 8060
8060, 21133
8060, 12616
19100, 8061
23989, 8061
13392, 8061
18181, 8061
8061, 15564
17353, 8062
8062, 27488
8062, 22060
8062, 25362
8062, 21457
8062, 23925
8062, 22235
9292, 8063
25183, 8063
8063, 26469
25280, 8064
14291, 8064
8064, 13751
17135, 8065
8065, 11618
28127, 8066
8066, 23838
28844, 8067
8067, 11066
8067, 10080
28100, 8068
8068, 16786
25109, 8069
8069, 20503
16775, 8070
8070, 19036
22417, 8071
27355, 8071
8071, 18807
23083, 8072
8072, 26715
19224, 8073
8073, 19143
15768, 8074
8074, 29126
16825, 8075
8075, 20177
21271, 8076
8076, 14540
12209, 8077
8077, 26901
21159, 8078
8078, 13099
18505, 8079
25827, 8079
8079, 20575
8079, 28318
8079, 13110
8079, 28122
8079, 22672
20567, 8080
8080, 28925
19764, 8081
8081, 11813
10458, 8082
8082, 15886
18290, 8083
8083, 16360
17171, 8084
14514, 8084
8084, 15238
12289, 8085
8085, 27363
8085, 22078
22870, 8086
21183, 8086
12540, 8086
15079, 8086
28639, 8086
24291, 8086
23535, 8086
9616, 8086
17176, 8086
8086, 15811
11921, 8087
8087, 15689
21543, 8088
8088, 19776
27046, 8089
8089, 29501
27801, 8090
8090, 19976
8090, 9324
25174, 8091
27180, 8091
15321, 8091
17798, 8091
13745, 8091
8091, 16557
13823, 8092
8092, 27305
21763, 8093
13624, 8093
8093, 21960
8093, 13487
8093, 29700
12975, 8094
8094, 21994
18839, 8095
8095, 12421
20628, 8096
8096, 9141
27559, 8097
8097, 27088
11810, 8098
8098, 16981
27122, 8099
8099, 11880
10568, 8100
8100, 14676
13864, 8101
16970, 8101
19231, 8101
8101, 26903
15577, 8102
8102, 28166
22626, 8103
8103, 16344
8103, 11068
11656, 8104
8104, 14166
29708, 8105
8105, 15659
27121, 8106
19312, 8106
15805, 8106
21044, 8106
18797, 8106
18336, 8106
10050, 8106
14665, 8106
8106, 22415
16546, 8107
29925, 8107
8107, 23233
15516, 8108
8108, 29508
9896, 8109
8109, 26523
26074, 8110
8110, 11191
8110, 22078
20500, 8111
8111, 18955
25328, 8112
8112, 23489
16668, 8113
8113, 21978
8113, 26233
22317, 8114
8114, 9569
16649, 8115
8115, 10816
21447, 8116
8116, 18719
10788, 8117
8117, 25984
8117, 14831
22383, 8118
8118, 20466
24216, 8119
8119, 21248
15195, 8120
8120, 10722
21804, 8121
8121, 16553
18092, 8122
8122, 11855
10010, 8123
8123, 10106
26110, 8124
8124, 11923
8124, 21483
26159, 8125
8125, 28411
11380, 8126
8126, 22473
17645, 8127
8127, 16492
11223, 8128
17933, 8128
23128, 8128
8128, 14065
18968, 8129
8129, 22785
9467, 8130
8130, 10061
8130, 24657
8130, 9948
29943, 8131
8131, 25194
23152, 8132
8132, 28439
26479, 8133
18068, 8133
8133, 9232
18956, 8134
8134, 27907
18135, 8135
8135, 20673
14296, 8136
8136, 13399
27775, 8137
10800, 8137
8137, 25538
30200, 8138
8138, 25888
27033, 8139
8139, 11933
9786, 8140
8140, 19150
29685, 8141
8141, 26584
21222, 8142
8142, 23052
21915, 8143
26342, 8143
21921, 8143
8143, 24017
15881, 8144
15960, 8144
15673, 8144
25915, 8144
9881, 8144
18738, 8144
8144, 28752
8144, 27383
23540, 8145
8145, 20353
8145, 16351
18697, 8146
8146, 20136
9739, 8147
8147, 14695
25922, 8148
8148, 17808
30055, 8149
8149, 20615
28914, 8150
8150, 22479
25331, 8151
12165, 8151
8151, 16604
29943, 8152
8152, 17202
20905, 8153
8153, 27152
22600, 8154
21139, 8154
16609, 8154
8154, 14223
26496, 8155
8155, 21037
8155, 13272
26387, 8156
8156, 22546
29343, 8157
22105, 8157
23818, 8157
28822, 8157
11162, 8157
28328, 8157
14805, 8157
17197, 8157
8157, 15442
17088, 8158
8158, 18477
21349, 8159
12013, 8159
8159, 26754
15577, 8160
8160, 26469
19642, 8161
8161, 21689
15141, 8162
24231, 8162
24216, 8162
8162, 27353
8162, 17336
20677, 8163
8163, 22452
8163, 10137
27192, 8164
8164, 26785
14304, 8165
8165, 22223
29529, 8166
8166, 16321
29538, 8167
26118, 8167
10911, 8167
22213, 8167
15011, 8167
26418, 8167
8167, 17637
20544, 8168
8168, 12912
20947, 8169
8169, 10793
14628, 8170
8170, 12167
16808, 8171
8171, 15296
26391, 8172
8172, 27950
13577, 8173
8173, 16302
11015, 8174
8174, 10147
23397, 8175
8175, 21914
16965, 8176
8176, 11466
27045, 8177
13033, 8177
23169, 8177
29979, 8177
14970, 8177
25926, 8177
28707, 8177
23794, 8177
14165, 8177
18474, 8177
28463, 8177
16872, 8177
27912, 8177
25988, 8177
25906, 8177
12985, 8177
23599, 8177
26155, 8177
28467, 8177
20745, 8177
29887, 8177
19457, 8177
22228, 8177
12863, 8177
21144, 8177
20327, 8177
14984, 8177
22148, 8177
22734, 8177
14956, 8177
23724, 8177
17852, 8177
17390, 8177
11173, 8177
24799, 8177
14674, 8177
22765, 8177
26882, 8177
21737, 8177
16802, 8177
16675, 8177
15981, 8177
8177, 25252
27152, 8178
16507, 8178
13191, 8178
8178, 25957
21828, 8179
8179, 24545
8179, 26531
29708, 8180
8180, 25636
8180, 26403
28417, 8181
8181, 17895
11085, 8182
8182, 28523
28058, 8183
26872, 8183
8183, 27015
29943, 8184
8184, 17916
28963, 8185
29780, 8185
29709, 8185
28381, 8185
8185, 16429
25959, 8186
8186, 15487
8186, 18902
8186, 24174
8186, 22071
8186, 9927
8186, 26582
12152, 8187
8187, 22271
17977, 8188
8188, 25480
9576, 8189
8189, 14293
22178, 8190
8190, 9837
17592, 8191
8191, 25170
17955, 8192
8192, 10694
8192, 9397
12341, 8193
8193, 25532
28455, 8194
8194, 28798
21015, 8195
8195, 25362
15577, 8196
8196, 15990
16183, 8197
8197, 14255
20161, 8198
15638, 8198
8198, 16371
28545, 8199
29100, 8199
21640, 8199
29019, 8199
23076, 8199
8199, 27725
27292, 8200
21252, 8200
8200, 27648
18204, 8201
8201, 27861
19733, 8202
8202, 16301
24471, 8203
12113, 8203
17351, 8203
12238, 8203
29407, 8203
13121, 8203
13533, 8203
18050, 8203
18359, 8203
13352, 8203
28729, 8203
16011, 8203
29880, 8203
19835, 8203
23712, 8203
20983, 8203
28605, 8203
20072, 8203
11753, 8203
19597, 8203
16848, 8203
29674, 8203
19843, 8203
22054, 8203
14271, 8203
29861, 8203
8203, 19862
29473, 8204
14879, 8204
13245, 8204
19378, 8204
14112, 8204
10482, 8204
14188, 8204
12665, 8204
12236, 8204
17299, 8204
28913, 8204
14270, 8204
22281, 8204
15024, 8204
24604, 8204
15628, 8204
29937, 8204
15557, 8204
10622, 8204
22896, 8204
25892, 8204
9171, 8204
12741, 8204
29217, 8204
11233, 8204
8204, 18769
27314, 8205
8205, 13779
29223, 8206
8206, 17188
14733, 8207
8207, 24911
16886, 8208
8208, 24114
14938, 8209
8209, 26068
27984, 8210
8210, 17554
17586, 8211
8211, 24419
29943, 8212
8212, 18370
13763, 8213
8213, 23479
21186, 8214
8214, 30097
14821, 8215
8215, 28554
18577, 8216
8216, 27283
23590, 8217
22914, 8217
26504, 8217
8217, 24760
18739, 8218
8218, 18068
8218, 13381
15952, 8219
8219, 24631
28001, 8220
15569, 8220
8220, 13327
23573, 8221
8221, 20358
23400, 8222
25175, 8222
18719, 8222
19231, 8222
8222, 11609
24683, 8223
15591, 8223
8223, 27962
27940, 8224
8224, 16861
29733, 8225
8225, 24699
17480, 8226
8226, 9164
8226, 16077
29602, 8227
8227, 9538
18030, 8228
25608, 8228
8228, 12933
20041, 8229
21092, 8229
8229, 22616
8229, 29975
8229, 20954
8229, 21243
8229, 9430
8229, 18043
8229, 18554
8229, 23412
8229, 29661
8229, 25377
8229, 21485
8229, 11536
8229, 25157
8229, 23907
8229, 19411
8229, 25551
8229, 10542
8229, 19259
8229, 14922
8229, 25639
8229, 18869
8229, 9278
8229, 14025
12365, 8230
26138, 8230
8230, 18619
16010, 8231
8231, 22007
13502, 8232
20507, 8232
20794, 8232
8232, 29946
12357, 8233
8233, 10221
8233, 26400
18926, 8234
24091, 8234
13366, 8234
16182, 8234
21184, 8234
8234, 12089
19939, 8235
8235, 15425
14652, 8236
8236, 13658
20580, 8237
8237, 14577
9889, 8238
8238, 16923
27808, 8239
8239, 11547
20848, 8240
8240, 17394
23851, 8241
8241, 27907
27808, 8242
8242, 11547
23472, 8243
8243, 15083
18729, 8244
9899, 8244
8244, 26371
28055, 8245
8245, 16243
10694, 8246
15625, 8246
8246, 22530
28600, 8247
8247, 23758
8247, 19008
8247, 29136
23230, 8248
8248, 28925
15050, 8249
8249, 13669
17578, 8250
8250, 28498
22690, 8251
29538, 8251
22142, 8251
10894, 8251
10329, 8251
13502, 8251
19311, 8251
18987, 8251
23768, 8251
12880, 8251
15536, 8251
15711, 8251
26766, 8251
11590, 8251
27786, 8251
23108, 8251
9938, 8251
11547, 8251
20358, 8251
25825, 8251
9363, 8251
8251, 13076
26939, 8252
8252, 12804
10971, 8253
8253, 14042
23349, 8254
8254, 22541
20537, 8255
8255, 12139
17658, 8256
22026, 8256
8256, 29120
24168, 8257
8257, 27415
8257, 19486
8257, 21711
13392, 8258
8258, 15114
10454, 8259
8259, 26539
24933, 8260
8260, 28415
14821, 8261
8261, 22625
8261, 20364
19639, 8262
8262, 24169
8262, 28481
16511, 8263
8263, 25982
8263, 11019
8263, 14557
8263, 26458
12563, 8264
8264, 21606
27216, 8265
12465, 8265
8265, 20541
10434, 8266
8266, 11610
23148, 8267
17652, 8267
10598, 8267
8267, 28136
18709, 8268
11633, 8268
8268, 20591
8268, 28207
8268, 11625
8268, 18219
29943, 8269
8269, 28281
21919, 8270
8270, 24381
20590, 8271
8271, 11619
27534, 8272
8272, 23493
22786, 8273
8273, 20518
26220, 8274
19536, 8274
22124, 8274
16398, 8274
20659, 8274
8274, 28669
27345, 8275
18850, 8275
17641, 8275
8275, 16073
17931, 8276
8276, 20205
22745, 8277
8277, 27890
17766, 8278
8278, 17559
8278, 17301
8278, 26876
14606, 8279
8279, 23452
25556, 8280
13033, 8280
27454, 8280
27939, 8280
19229, 8280
28275, 8280
14933, 8280
22212, 8280
19788, 8280
25120, 8280
18537, 8280
23526, 8280
18446, 8280
28256, 8280
27898, 8280
29033, 8280
18388, 8280
11667, 8280
18332, 8280
25366, 8280
20603, 8280
25572, 8280
9764, 8280
11224, 8280
22167, 8280
27077, 8280
17417, 8280
25860, 8280
14522, 8280
26575, 8280
12681, 8280
14538, 8280
23261, 8280
26463, 8280
19217, 8280
22651, 8280
19137, 8280
16872, 8280
15954, 8280
8280, 15625
8280, 19452
24045, 8281
19044, 8281
12729, 8281
8281, 24726
16511, 8282
8282, 21668
12411, 8283
8283, 18284
8283, 27659
20827, 8284
19170, 8284
11699, 8284
8284, 27130
29356, 8285
8285, 12017
13441, 8286
8286, 12553
26591, 8287
8287, 9214
22319, 8288
8288, 10709
28958, 8289
8289, 19707
19624, 8290
8290, 21028
8290, 16422
24178, 8291
8291, 11016
25304, 8292
8292, 14344
15374, 8293
8293, 24734
8293, 23400
8293, 11864
29592, 8294
15155, 8294
9878, 8294
8294, 25070
27483, 8295
14971, 8295
26522, 8295
11651, 8295
25686, 8295
28642, 8295
19790, 8295
27463, 8295
21146, 8295
11610, 8295
24412, 8295
13636, 8295
20775, 8295
14186, 8295
13669, 8295
24480, 8295
20421, 8295
26929, 8295
8295, 9484
27793, 8296
8296, 29772
10339, 8297
8297, 23482
8297, 9453
13508, 8298
8298, 17991
30124, 8299
8299, 16885
8299, 19195
19687, 8300
29963, 8300
8300, 27068
23561, 8301
8301, 16571
24525, 8302
16254, 8302
8302, 22839
21655, 8303
8303, 24524
20019, 8304
8304, 22687
22044, 8305
8305, 16313
9815, 8306
8306, 29494
18131, 8307
8307, 17975
27058, 8308
8308, 29998
17772, 8309
8309, 9982
23970, 8310
8310, 13025
15577, 8311
8311, 15990
24516, 8312
8312, 28158
23148, 8313
26127, 8313
20270, 8313
8313, 23602
11901, 8314
8314, 25897
22495, 8315
8315, 25496
8315, 26031
14911, 8316
8316, 13528
8316, 23630
8316, 23319
17419, 8317
8317, 20740
23466, 8318
20443, 8318
9523, 8318
8318, 11651
23783, 8319
8319, 9274
22564, 8320
8320, 9459
11490, 8321
8321, 16611
20272, 8322
8322, 13500
9378, 8323
8323, 16970
13816, 8324
8324, 23440
17234, 8325
24543, 8325
13451, 8325
8325, 16678
11420, 8326
8326, 26746
10111, 8327
8327, 22964
23244, 8328
8328, 15185
19438, 8329
18659, 8329
9355, 8329
19334, 8329
25830, 8329
8329, 14117
28562, 8330
8330, 26433
17795, 8331
18121, 8331
12595, 8331
30179, 8331
8331, 16510
11846, 8332
16652, 8332
8332, 28060
15107, 8333
8333, 26130
10801, 8334
8334, 25529
17295, 8335
8335, 26976
15404, 8336
8336, 24332
8336, 27395
20429, 8337
28766, 8337
21051, 8337
8337, 13364
8337, 18508
29943, 8338
8338, 14958
8338, 21111
26328, 8339
8339, 22730
18888, 8340
8340, 23702
15953, 8341
8341, 10628
10402, 8342
9773, 8342
17547, 8342
26401, 8342
25194, 8342
25000, 8342
27445, 8342
23849, 8342
10875, 8342
25142, 8342
24883, 8342
28572, 8342
23127, 8342
27752, 8342
26968, 8342
24166, 8342
12090, 8342
14714, 8342
25944, 8342
29103, 8342
10793, 8342
20503, 8342
25258, 8342
14078, 8342
16750, 8342
27206, 8342
22194, 8342
17125, 8342
24930, 8342
22128, 8342
22416, 8342
29523, 8342
14033, 8342
9672, 8342
20138, 8342
18648, 8342
24444, 8342
23091, 8342
25740, 8342
22282, 8342
8342, 27630
22487, 8343
8343, 9368
22851, 8344
8344, 16878
14318, 8345
13516, 8345
11503, 8345
22111, 8345
21225, 8345
24668, 8345
20285, 8345
20117, 8345
29237, 8345
27387, 8345
20675, 8345
12756, 8345
15763, 8345
25261, 8345
24755, 8345
8345, 29352
8345, 12369
21050, 8346
8346, 26016
10382, 8347
8347, 19052
8347, 24371
8347, 11256
11505, 8348
8348, 22227
8348, 19166
15823, 8349
8349, 14779
8349, 14889
8349, 14077
13434, 8350
24736, 8350
8350, 19189
8350, 15545
15302, 8351
8351, 10657
25494, 8352
28111, 8352
8352, 16257
21005, 8353
12167, 8353
28650, 8353
19428, 8353
21476, 8353
23728, 8353
24734, 8353
13068, 8353
21921, 8353
13959, 8353
15241, 8353
22415, 8353
15851, 8353
28125, 8353
15432, 8353
15499, 8353
25806, 8353
11547, 8353
12203, 8353
20794, 8353
16130, 8353
8353, 18785
24401, 8354
8354, 23541
29489, 8355
8355, 25623
27784, 8356
8356, 25666
29296, 8357
8357, 22690
23898, 8358
8358, 20193
17525, 8359
14592, 8359
24483, 8359
23484, 8359
27847, 8359
8359, 23190
8359, 19163
8359, 10901
15632, 8360
9934, 8360
30038, 8360
8360, 29179
26253, 8361
8361, 14906
29321, 8362
21484, 8362
11949, 8362
16538, 8362
29888, 8362
8362, 24837
8362, 12594
27251, 8363
8363, 11223
8363, 9298
18150, 8364
8364, 19801
8364, 18488
16490, 8365
22628, 8365
8365, 24425
8365, 24519
12935, 8366
8366, 20262
19674, 8367
25721, 8367
10747, 8367
28902, 8367
27699, 8367
12706, 8367
14342, 8367
19894, 8367
23595, 8367
8367, 14021
15577, 8368
8368, 11848
10611, 8369
28833, 8369
8369, 23431
21830, 8370
8370, 9624
19202, 8371
8371, 20357
18826, 8372
8372, 12657
15451, 8373
8373, 11064
11529, 8374
26743, 8374
12543, 8374
22839, 8374
26539, 8374
22852, 8374
9138, 8374
21953, 8374
25529, 8374
25362, 8374
15355, 8374
12553, 8374
14927, 8374
23440, 8374
18478, 8374
20691, 8374
8374, 29943
8374, 29453
22564, 8375
8375, 25698
29205, 8376
11457, 8376
12771, 8376
10335, 8376
16290, 8376
15626, 8376
22242, 8376
8376, 25966
19691, 8377
8377, 21791
8377, 26181
8377, 14887
18108, 8378
8378, 15394
29943, 8379
8379, 10887
22701, 8380
8380, 16493
17040, 8381
19869, 8381
8381, 22956
16099, 8382
8382, 11510
10363, 8383
8383, 21591
21995, 8384
8384, 12706
29126, 8385
21498, 8385
8385, 19382
12240, 8386
8386, 9785
8386, 20501
17452, 8387
8387, 11516
17785, 8388
20306, 8388
8388, 14164
8388, 11872
18854, 8389
8389, 17396
12429, 8390
8390, 25470
16804, 8391
12024, 8391
8391, 28907
19864, 8392
18980, 8392
8392, 19458
8392, 9559
18054, 8393
8393, 14769
26473, 8394
8394, 27051
25550, 8395
8395, 19148
10428, 8396
27154, 8396
25841, 8396
28820, 8396
18450, 8396
24069, 8396
13870, 8396
29625, 8396
19404, 8396
25028, 8396
22212, 8396
17020, 8396
21618, 8396
10758, 8396
27588, 8396
9188, 8396
14277, 8396
18412, 8396
23187, 8396
13033, 8396
21672, 8396
21009, 8396
13412, 8396
28209, 8396
16294, 8396
25231, 8396
12117, 8396
13457, 8396
19951, 8396
21913, 8396
23173, 8396
10695, 8396
14562, 8396
15363, 8396
21153, 8396
14298, 8396
10322, 8396
14933, 8396
24875, 8396
14458, 8396
20208, 8396
20129, 8396
10883, 8396
26965, 8396
18728, 8396
8396, 15625
29943, 8397
8397, 13471
28480, 8398
8398, 17728
12719, 8399
8399, 13515
8399, 24521
12908, 8400
22297, 8400
8400, 14456
15093, 8401
8401, 20286
16511, 8402
8402, 19441
8402, 20475
8402, 17016
8402, 9649
8402, 9906
8402, 18159
28507, 8403
8403, 14255
28061, 8404
8404, 19237
8404, 20981
15613, 8405
8405, 20136
29092, 8406
8406, 16121
27053, 8407
8407, 26786
24506, 8408
8408, 15975
10118, 8409
21743, 8409
8409, 9533
22420, 8410
8410, 26151
23110, 8411
27316, 8411
8411, 17720
21781, 8412
28327, 8412
17722, 8412
16864, 8412
8412, 24963
8412, 19030
8412, 24846
8412, 18763
16151, 8413
8413, 10299
16714, 8414
8414, 29574
23325, 8415
8415, 10332
23225, 8416
26695, 8416
24904, 8416
8416, 20817
16045, 8417
20393, 8417
8417, 9179
25828, 8418
27569, 8418
8418, 24265
23283, 8419
11095, 8419
19386, 8419
8419, 25523
26018, 8420
8420, 15355
9780, 8421
8421, 17974
22553, 8422
8422, 10745
22747, 8423
8423, 12586
22864, 8424
28632, 8424
8424, 22839
24993, 8425
8425, 25716
24814, 8426
8426, 15468
8426, 25317
8426, 24936
27555, 8427
27787, 8427
8427, 24266
15720, 8428
8428, 16412
23010, 8429
8429, 15241
8429, 21844
25418, 8430
8430, 25291
29029, 8431
25252, 8431
17482, 8431
29580, 8431
29691, 8431
25912, 8431
8431, 29943
8431, 27899
24782, 8432
8432, 25214
16378, 8433
8433, 19126
8433, 24000
15395, 8434
8434, 18173
22079, 8435
13866, 8435
10249, 8435
8435, 16732
9173, 8436
26872, 8436
8436, 19869
23247, 8437
8437, 22957
18382, 8438
8438, 18955
17574, 8439
19416, 8439
8439, 22031
28882, 8440
8440, 13959
8440, 24717
29584, 8441
8441, 10265
28482, 8442
8442, 19828
8442, 14030
8442, 21433
8442, 9836
8442, 17633
8442, 21893
8442, 10732
8442, 26323
8442, 23161
8442, 20102
8442, 11244
8442, 23603
8442, 29317
8442, 14193
8442, 13933
29509, 8443
9256, 8443
21974, 8443
8443, 25496
8443, 23821
8443, 20919
8443, 28943
8443, 28336
10373, 8444
10364, 8444
8444, 24787
8444, 30185
8444, 25276
25069, 8445
8445, 25882
10048, 8446
8446, 9672
28053, 8447
8447, 27551
29759, 8448
8448, 26480
27967, 8449
8449, 18355
14821, 8450
8450, 28560
8450, 22571
25222, 8451
8451, 29794
8451, 17606
8451, 19040
8451, 15497
9329, 8452
8452, 17247
19836, 8453
8453, 25042
15707, 8454
8454, 9444
29816, 8455
8455, 13740
8455, 17064
8455, 20581
19646, 8456
8456, 15185
24899, 8457
8457, 13244
26238, 8458
19816, 8458
8458, 28299
21686, 8459
8459, 27883
11212, 8460
10476, 8460
8460, 24546
13882, 8461
8461, 14695
16715, 8462
26448, 8462
8462, 19925
17907, 8463
14710, 8463
8463, 16110
15947, 8464
8464, 22837
9350, 8465
28552, 8465
8465, 13954
9980, 8466
8466, 23180
11773, 8467
8467, 29860
23811, 8468
8468, 13209
15891, 8469
8469, 28379
8469, 11059
10206, 8470
9247, 8470
8470, 18538
8470, 14579
8470, 10266
24783, 8471
8471, 10244
14621, 8472
8472, 20399
23898, 8473
8473, 26441
26656, 8474
8474, 15383
20604, 8475
8475, 25940
26387, 8476
8476, 29192
8476, 26606
28956, 8477
8477, 19696
11848, 8478
20790, 8478
20251, 8478
19031, 8478
8478, 27958
20646, 8479
8479, 24571
19973, 8480
8480, 17956
18119, 8481
8481, 29641
16375, 8482
8482, 19152
8482, 23127
12844, 8483
8483, 16174
8483, 18328
21600, 8484
8484, 25389
29068, 8485
8485, 26793
24891, 8486
8486, 23884
13816, 8487
8487, 21953
23077, 8488
25098, 8488
21726, 8488
8488, 27970
8488, 25938
18257, 8489
8489, 25925
27910, 8490
11272, 8490
17021, 8490
16445, 8490
8490, 29117
11057, 8491
8491, 21373
22349, 8492
15210, 8492
23667, 8492
25976, 8492
26812, 8492
8492, 12362
8492, 23595
10202, 8493
8493, 23986
29943, 8494
8494, 18370
26302, 8495
8495, 23486
10643, 8496
8496, 22205
25327, 8497
8497, 17330
21813, 8498
8498, 12804
10351, 8499
8499, 13199
17809, 8500
12532, 8500
8500, 14220
8500, 17797
10498, 8501
8501, 10796
8501, 20393
12918, 8502
29997, 8502
19672, 8502
8502, 9165
17556, 8503
8503, 18193
29325, 8504
8504, 13191
21227, 8505
8505, 24765
13816, 8506
8506, 23440
22308, 8507
8507, 9963
29085, 8508
8508, 19019
24368, 8509
8509, 14572
28818, 8510
8510, 11867
11478, 8511
8511, 10391
18503, 8512
8512, 20136
11930, 8513
8513, 12375
27598, 8514
8514, 22117
8514, 11466
27537, 8515
13903, 8515
8515, 22475
23472, 8516
8516, 11910
26612, 8517
12802, 8517
8517, 20486
17771, 8518
8518, 21476
8518, 12418
23499, 8519
8519, 17509
24650, 8520
17721, 8520
18547, 8520
19923, 8520
16985, 8520
26542, 8520
27004, 8520
15894, 8520
21216, 8520
15454, 8520
20879, 8520
25767, 8520
23139, 8520
29099, 8520
22547, 8520
9868, 8520
23655, 8520
8520, 26947
8520, 18784
8520, 24246
26345, 8521
8521, 15724
29454, 8522
8522, 10126
8522, 27338
22634, 8523
8523, 12464
8523, 22490
8523, 15268
8523, 25678
26012, 8524
8524, 29744
8524, 28410
29943, 8525
8525, 16217
19947, 8526
8526, 10250
8526, 10716
8526, 18259
8526, 15293
10023, 8527
8527, 24789
11698, 8528
8528, 20076
19585, 8529
13392, 8529
8529, 26735
10006, 8530
14127, 8530
17019, 8530
8530, 22681
17649, 8531
8531, 14549
8531, 25101
24436, 8532
8532, 16237
9344, 8533
17370, 8533
16453, 8533
8533, 29682
27629, 8534
8534, 24464
28494, 8535
28976, 8535
25582, 8535
21709, 8535
25341, 8535
19286, 8535
12847, 8535
8535, 14117
21228, 8536
8536, 15433
12204, 8537
8537, 15645
17143, 8538
9155, 8538
8538, 21288
23148, 8539
10816, 8539
12531, 8539
8539, 17155
17085, 8540
8540, 22321
29546, 8541
8541, 28397
14466, 8542
28418, 8542
8542, 13296
24436, 8543
8543, 24861
26955, 8544
19848, 8544
25268, 8544
8544, 15031
21882, 8545
8545, 13491
21398, 8546
29708, 8546
8546, 13331
15339, 8547
8547, 22825
26843, 8548
8548, 24616
8548, 19635
23791, 8549
13276, 8549
18289, 8549
24011, 8549
8549, 28586
8549, 23195
11930, 8550
8550, 12375
9139, 8551
8551, 10128
10691, 8552
9691, 8552
8552, 24295
8552, 21634
8552, 13288
8552, 12850
26637, 8553
8553, 24349
14707, 8554
28894, 8554
10761, 8554
24101, 8554
8554, 25362
9245, 8555
8555, 13583
13907, 8556
8556, 28031
28170, 8557
8557, 19446
8557, 11234
21524, 8558
8558, 20716
29095, 8559
14604, 8559
15930, 8559
25143, 8559
16262, 8559
26521, 8559
26168, 8559
8559, 24695
25973, 8560
8560, 9782
8560, 27306
17657, 8561
8561, 26256
18294, 8562
8562, 28715
17734, 8563
8563, 18719
18989, 8564
8564, 24949
15516, 8565
8565, 11889
22916, 8566
24175, 8566
8566, 18689
8566, 17648
29538, 8567
12464, 8567
27389, 8567
27795, 8567
21451, 8567
28855, 8567
9963, 8567
10894, 8567
10329, 8567
25888, 8567
21263, 8567
13566, 8567
27862, 8567
13304, 8567
13471, 8567
28566, 8567
20790, 8567
24734, 8567
13869, 8567
15663, 8567
21177, 8567
19816, 8567
12673, 8567
29240, 8567
11917, 8567
23166, 8567
11836, 8567
18183, 8567
11454, 8567
9345, 8567
26881, 8567
21220, 8567
28218, 8567
29695, 8567
22584, 8567
21841, 8567
27265, 8567
12027, 8567
20794, 8567
27312, 8567
15571, 8567
26504, 8567
8567, 21963
13263, 8568
8568, 14255
15189, 8569
8569, 15584
14545, 8570
8570, 14178
26133, 8571
8571, 17339
18028, 8572
8572, 20862
13554, 8573
12202, 8573
8573, 9863
13538, 8574
8574, 9138
21117, 8575
15390, 8575
12797, 8575
9506, 8575
9583, 8575
8575, 13025
8575, 17732
8575, 26635
8575, 25433
8575, 16547
11800, 8576
8576, 16580
8576, 22371
8576, 29364
15962, 8577
8577, 14910
29931, 8578
8578, 21864
8578, 19830
8578, 27219
24223, 8579
8579, 16165
20355, 8580
21149, 8580
24126, 8580
26223, 8580
25474, 8580
18555, 8580
16176, 8580
19471, 8580
8580, 19607
8580, 19853
25611, 8581
8581, 26177
29000, 8582
8582, 12908
26729, 8583
8583, 28413
24338, 8584
8584, 20782
26563, 8585
8585, 13507
13101, 8586
8586, 11267
22492, 8587
23740, 8587
9127, 8587
19492, 8587
13325, 8587
21895, 8587
8587, 25563
12796, 8588
8588, 19465
18725, 8589
8589, 10747
8589, 26029
8589, 28363
24658, 8590
8590, 27539
19190, 8591
8591, 9246
30090, 8592
8592, 25888
9584, 8593
26746, 8593
14342, 8593
22297, 8593
8593, 15162
25226, 8594
8594, 23358
12684, 8595
8595, 29103
29546, 8596
8596, 28397
11308, 8597
15128, 8597
13268, 8597
12056, 8597
27883, 8597
22357, 8597
8597, 14018
26838, 8598
8598, 14540
29943, 8599
8599, 9331
11701, 8600
8600, 24879
19759, 8601
8601, 18973
29943, 8602
8602, 24576
27289, 8603
8603, 28228
10432, 8604
8604, 19345
8604, 9725
27864, 8605
27609, 8605
24216, 8605
8605, 29298
15577, 8606
8606, 19503
23898, 8607
8607, 29756
24838, 8608
8608, 23246
16579, 8609
8609, 10768
29943, 8610
8610, 24597
22992, 8611
8611, 29251
26529, 8612
8612, 14645
24316, 8613
8613, 23793
8613, 26315
24086, 8614
11960, 8614
8614, 25602
8614, 27786
8614, 23753
26673, 8615
8615, 11643
23481, 8616
8616, 11204
8616, 12144
8616, 14325
23117, 8617
8617, 19359
22045, 8618
8618, 22744
8618, 20843
11575, 8619
21156, 8619
18600, 8619
11902, 8619
10970, 8619
26320, 8619
16586, 8619
8619, 12423
22231, 8620
8620, 19162
28268, 8621
8621, 12167
8621, 26015
18533, 8622
21794, 8622
24216, 8622
8622, 21508
16478, 8623
17077, 8623
24216, 8623
8623, 21508
17951, 8624
8624, 19345
8624, 23232
8624, 29827
23985, 8625
27036, 8625
11569, 8625
8625, 28843
8625, 14383
8625, 20697
9658, 8626
8626, 16743
8626, 14178
8626, 24911
23606, 8627
17443, 8627
18683, 8627
8627, 18864
13782, 8628
8628, 17379
16948, 8629
8629, 27152
9405, 8630
8630, 10366
8630, 27743
13816, 8631
8631, 23440
22642, 8632
8632, 18903
23349, 8633
8633, 20011
24678, 8634
8634, 13108
20502, 8635
8635, 11684
27371, 8636
28660, 8636
28607, 8636
8636, 28084
23116, 8637
8637, 29649
9307, 8638
8638, 14291
22367, 8639
16215, 8639
12733, 8639
9869, 8639
8639, 28752
25016, 8640
8640, 27743
22434, 8641
8641, 10736
22564, 8642
8642, 23595
11707, 8643
8643, 21748
13413, 8644
20911, 8644
20668, 8644
23185, 8644
20623, 8644
12471, 8644
18610, 8644
22255, 8644
28708, 8644
19565, 8644
13803, 8644
21297, 8644
24019, 8644
19289, 8644
13349, 8644
15603, 8644
18273, 8644
13894, 8644
29036, 8644
13094, 8644
27845, 8644
19606, 8644
12522, 8644
11077, 8644
10558, 8644
17070, 8644
8644, 24514
21564, 8645
8645, 14189
22014, 8646
8646, 17524
8646, 13756
8646, 24723
16222, 8647
8647, 12886
25931, 8648
8648, 20292
13298, 8649
8649, 13817
16151, 8650
8650, 10299
22971, 8651
8651, 17083
15577, 8652
8652, 25462
16959, 8653
8653, 21133
8653, 25758
8653, 22128
8653, 9926
23109, 8654
16612, 8654
8654, 18758
18008, 8655
8655, 18235
12513, 8656
8656, 12953
28387, 8657
26314, 8657
8657, 15405
16548, 8658
21676, 8658
25394, 8658
27049, 8658
18591, 8658
8658, 15907
14000, 8659
8659, 22607
13490, 8660
8660, 28003
8660, 18410
23898, 8661
8661, 21861
19630, 8662
8662, 13934
22083, 8663
25662, 8663
11470, 8663
21695, 8663
19067, 8663
15336, 8663
18395, 8663
8663, 29421
8663, 10747
22460, 8664
24079, 8664
21460, 8664
24503, 8664
15054, 8664
10021, 8664
8664, 10142
13816, 8665
8665, 23440
15408, 8666
8666, 11353
13604, 8667
8667, 15837
23099, 8668
8668, 18736
21119, 8669
8669, 18851
16533, 8670
8670, 29385
12746, 8671
8671, 18513
19674, 8672
16234, 8672
9738, 8672
8672, 15702
24168, 8673
8673, 21711
23244, 8674
18599, 8674
8674, 15185
13475, 8675
8675, 20923
8675, 20073
24312, 8676
8676, 14016
16511, 8677
8677, 25111
8677, 15696
8677, 9477
15271, 8678
28961, 8678
29303, 8678
25547, 8678
22456, 8678
10757, 8678
15415, 8678
24453, 8678
23969, 8678
29820, 8678
17713, 8678
15037, 8678
29286, 8678
16870, 8678
8678, 24419
26620, 8679
8679, 19467
19241, 8680
13726, 8680
8680, 18999
8680, 25680
13101, 8681
8681, 12916
9580, 8682
8682, 23505
9362, 8683
8683, 22730
19454, 8684
8684, 22680
8684, 29379
29359, 8685
8685, 25177
8685, 22584
29409, 8686
8686, 9363
8686, 22854
10991, 8687
8687, 29858
8687, 19042
18276, 8688
29964, 8688
8688, 24463
14503, 8689
27570, 8689
8689, 29911
28843, 8690
17808, 8690
23775, 8690
13327, 8690
28112, 8690
27954, 8690
8690, 29943
15542, 8691
8691, 20620
13618, 8692
8692, 16507
22433, 8693
14821, 8693
8693, 24162
8693, 10831
20643, 8694
8694, 25217
28372, 8695
8695, 11813
24806, 8696
8696, 16036
17446, 8697
8697, 20136
12222, 8698
8698, 16680
26232, 8699
18892, 8699
8699, 14342
29493, 8700
8700, 27001
25208, 8701
8701, 14927
20729, 8702
8702, 23647
24777, 8703
8703, 11200
26227, 8704
8704, 21949
8704, 10036
17580, 8705
27884, 8705
16669, 8705
22191, 8705
29853, 8705
26486, 8705
8705, 30084
19741, 8706
28960, 8706
8706, 25772
8706, 22469
8706, 11211
8706, 23042
9883, 8707
27786, 8707
8707, 14921
29918, 8708
8708, 10353
20137, 8709
8709, 9781
18896, 8710
8710, 28842
26381, 8711
8711, 21373
29943, 8712
8712, 23900
27066, 8713
8713, 15258
24886, 8714
8714, 20136
19978, 8715
8715, 25978
21658, 8716
8716, 21921
28251, 8717
12032, 8717
8717, 19984
10524, 8718
13264, 8718
22001, 8718
11003, 8718
13993, 8718
11582, 8718
25870, 8718
29862, 8718
9575, 8718
20333, 8718
8718, 14135
8718, 12465
8718, 21367
12795, 8719
8719, 16472
14022, 8720
8720, 24962
26992, 8721
8721, 12891
29943, 8722
8722, 19068
8722, 18761
24584, 8723
8723, 11699
28857, 8724
12675, 8724
8724, 22529
13595, 8725
8725, 12008
24884, 8726
19436, 8726
14272, 8726
20203, 8726
25833, 8726
8726, 21736
29518, 8727
8727, 22040
11848, 8728
28798, 8728
27340, 8728
11321, 8728
11303, 8728
20916, 8728
21676, 8728
29080, 8728
13191, 8728
23595, 8728
8728, 26199
18250, 8729
8729, 21508
12640, 8730
8730, 21010
8730, 14551
23220, 8731
8731, 13327
24168, 8732
8732, 13770
8732, 11115
8732, 16285
8732, 28200
8732, 28448
29890, 8733
8733, 26708
18953, 8734
8734, 26574
19586, 8735
18426, 8735
10701, 8735
23708, 8735
12639, 8735
16991, 8735
10024, 8735
25952, 8735
17860, 8735
14104, 8735
11947, 8735
22595, 8735
10063, 8735
19715, 8735
9978, 8735
23547, 8735
13105, 8735
27834, 8735
11126, 8735
27422, 8735
18053, 8735
9199, 8735
17867, 8735
9985, 8735
8735, 23149
20789, 8736
8736, 26277
8736, 22415
11513, 8737
24840, 8737
8737, 26783
13884, 8738
8738, 18764
20759, 8739
29958, 8739
8739, 27805
10536, 8740
8740, 27398
10759, 8741
8741, 18952
15577, 8742
8742, 14052
24216, 8743
8743, 14649
16134, 8744
8744, 18624
8744, 19874
17539, 8745
8745, 21526
8745, 21063
29141, 8746
8746, 19373
10232, 8747
8747, 11036
23534, 8748
8748, 17092
22433, 8749
8749, 16540
28685, 8750
8750, 9628
8750, 13023
12390, 8751
8751, 18167
17113, 8752
8752, 15355
17983, 8753
8753, 16258
8753, 26391
8753, 19056
11255, 8754
8754, 21476
8754, 9883
23063, 8755
29039, 8755
8755, 25644
24366, 8756
8756, 17143
15072, 8757
8757, 13959
8757, 18877
16730, 8758
8758, 24461
15692, 8759
18453, 8759
8759, 14755
10331, 8760
8760, 25142
15577, 8761
8761, 9223
15714, 8762
8762, 12967
15042, 8763
8763, 20179
13447, 8764
21010, 8764
8764, 19780
27416, 8765
8765, 12109
26872, 8766
8766, 20120
24410, 8767
8767, 16722
24258, 8768
8768, 26025
11232, 8769
8769, 26918
29662, 8770
8770, 23448
21967, 8771
8771, 17944
29602, 8772
8772, 17540
26311, 8773
24995, 8773
8773, 21479
11942, 8774
10517, 8774
19949, 8774
13806, 8774
17818, 8774
13650, 8774
26376, 8774
20036, 8774
11980, 8774
22778, 8774
25438, 8774
8774, 17673
17343, 8775
8775, 12249
8775, 16545
14686, 8776
8776, 11413
9315, 8777
8777, 13081
14044, 8778
8778, 11813
13991, 8779
26197, 8779
12550, 8779
8779, 11301
17846, 8780
9586, 8780
15148, 8780
8780, 19225
12394, 8781
8781, 23151
18876, 8782
8782, 20442
16093, 8783
11815, 8783
8783, 24992
17327, 8784
8784, 27723
29943, 8785
8785, 12259
11129, 8786
8786, 26883
29943, 8787
8787, 15086
24728, 8788
8788, 11217
12275, 8789
8789, 21860
17236, 8790
16914, 8790
8790, 9614
15126, 8791
8791, 14981
15245, 8792
8792, 12464
8792, 14031
8792, 12027
20838, 8793
14145, 8793
8793, 19304
8793, 27561
8793, 21517
8793, 11323
8793, 19235
24416, 8794
8794, 23286
11554, 8795
25133, 8795
8795, 16156
18585, 8796
25591, 8796
8796, 23843
29943, 8797
8797, 13564
12492, 8798
8798, 19756
13816, 8799
8799, 23440
13627, 8800
8800, 26545
15180, 8801
8801, 21079
16181, 8802
8802, 13424
23421, 8803
8803, 25925
15406, 8804
8804, 15835
17017, 8805
18613, 8805
21745, 8805
18428, 8805
14279, 8805
28243, 8805
8805, 21141
23788, 8806
8806, 19149
8806, 16493
14924, 8807
8807, 14002
13211, 8808
8808, 14426
20209, 8809
8809, 9926
18766, 8810
8810, 20358
14821, 8811
8811, 11789
26142, 8812
8812, 13824
19658, 8813
8813, 24274
21068, 8814
8814, 15478
26365, 8815
8815, 28148
26285, 8816
8816, 15262
29660, 8817
8817, 13866
8817, 22213
12845, 8818
8818, 22815
17371, 8819
8819, 29241
10653, 8820
25538, 8820
23033, 8820
14676, 8820
15927, 8820
22541, 8820
30021, 8820
22546, 8820
8820, 15456
29943, 8821
8821, 26900
22843, 8822
8822, 16821
18748, 8823
8823, 15421
29943, 8824
8824, 27474
12155, 8825
8825, 14676
8825, 25394
8825, 16407
27942, 8826
8826, 19943
8826, 14095
26254, 8827
24365, 8827
20645, 8827
29263, 8827
8827, 23056
23472, 8828
8828, 26985
29648, 8829
8829, 11297
8829, 13614
25441, 8830
8830, 13157
8830, 28561
15485, 8831
25763, 8831
25306, 8831
21495, 8831
26158, 8831
23589, 8831
20555, 8831
8831, 21432
24612, 8832
8832, 15181
8832, 11289
27585, 8833
8833, 23817
14776, 8834
18768, 8834
27516, 8834
11298, 8834
27009, 8834
23631, 8834
18666, 8834
21592, 8834
8834, 23992
26773, 8835
22164, 8835
8835, 27756
17653, 8836
20423, 8836
11722, 8836
19323, 8836
8836, 13416
20774, 8837
8837, 23736
18577, 8838
8838, 28092
9908, 8839
8839, 16581
8839, 25940
11894, 8840
8840, 9840
24043, 8841
29507, 8841
20245, 8841
8841, 25362
8841, 14891
9679, 8842
8842, 22482
28465, 8843
8843, 11590
18536, 8844
19238, 8844
26139, 8844
25681, 8844
23087, 8844
8844, 22131
12862, 8845
29520, 8845
13826, 8845
9681, 8845
13901, 8845
8845, 26700
16511, 8846
8846, 15190
8846, 12960
8846, 25122
15631, 8847
8847, 22181
14460, 8848
8848, 9197
17607, 8849
8849, 15353
8849, 28201
26623, 8850
8850, 22205
17719, 8851
8851, 22839
21444, 8852
8852, 16942
20637, 8853
8853, 17710
26007, 8854
21676, 8854
8854, 20874
20814, 8855
22897, 8855
11897, 8855
8855, 29391
13781, 8856
8856, 23987
21314, 8857
19297, 8857
8857, 21845
8857, 18307
8857, 10846
12666, 8858
15468, 8858
8858, 12143
10580, 8859
8859, 27842
8859, 25252
28767, 8860
28359, 8860
8860, 21716
23443, 8861
24726, 8861
8861, 17803
18791, 8862
8862, 16243
21687, 8863
8863, 16171
21231, 8864
8864, 23108
8864, 28720
29943, 8865
8865, 20810
24385, 8866
8866, 13447
16816, 8867
19917, 8867
14893, 8867
29154, 8867
12404, 8867
12211, 8867
16784, 8867
10539, 8867
18951, 8867
20914, 8867
19314, 8867
10688, 8867
29044, 8867
18461, 8867
14138, 8867
28335, 8867
15156, 8867
20958, 8867
11411, 8867
14037, 8867
29189, 8867
21598, 8867
20269, 8867
8867, 9322
8867, 24734
8867, 28488
15577, 8868
8868, 23595
23898, 8869
8869, 29756
29797, 8870
8870, 26530
9943, 8871
21048, 8871
23331, 8871
8871, 15438
11088, 8872
27749, 8872
8872, 11813
23397, 8873
8873, 21914
21533, 8874
8874, 27680
29917, 8875
8875, 21632
20378, 8876
8876, 21322
22372, 8877
8877, 10742
16531, 8878
8878, 13215
22512, 8879
8879, 29027
21561, 8880
8880, 20463
27808, 8881
8881, 11547
17800, 8882
8882, 16243
15078, 8883
8883, 21294
26616, 8884
8884, 18893
8884, 20251
22698, 8885
8885, 19243
8885, 20489
8885, 24772
17412, 8886
8886, 19778
17512, 8887
13557, 8887
19963, 8887
17808, 8887
26437, 8887
25362, 8887
13517, 8887
16189, 8887
18955, 8887
8887, 29943
8887, 20997
19644, 8888
8888, 21519
21751, 8889
8889, 21347
13780, 8890
8890, 17092
10309, 8891
8891, 10104
8891, 19472
12288, 8892
8892, 16045
8892, 14755
9473, 8893
8893, 24742
8893, 19660
15359, 8894
8894, 15102
13804, 8895
13583, 8895
25042, 8895
8895, 20135
12868, 8896
8896, 11525
16892, 8897
8897, 16251
26356, 8898
8898, 29422
24654, 8899
8899, 27914
29943, 8900
8900, 28965
23751, 8901
8901, 26625
8901, 17491
10638, 8902
8902, 12531
18577, 8903
14733, 8903
8903, 25252
24095, 8904
8904, 29565
8904, 9180
17420, 8905
8905, 13488
13604, 8906
8906, 15837
25207, 8907
8907, 28609
28714, 8908
8908, 21897
8908, 26149
18836, 8909
8909, 24631
24645, 8910
8910, 17632
8910, 21197
16905, 8911
21158, 8911
12020, 8911
16454, 8911
12409, 8911
26706, 8911
8911, 9457
8911, 16059
8911, 26366
8911, 11608
8911, 26255
8911, 22226
8911, 28178
8911, 17961
16933, 8912
8912, 27980
8912, 15355
8912, 28306
8912, 28239
23881, 8913
8913, 19086
15577, 8914
8914, 24634
13868, 8915
8915, 21621
19483, 8916
8916, 23452
8916, 30164
8916, 22741
8916, 20596
8916, 17436
26759, 8917
8917, 22173
24773, 8918
8918, 21905
14915, 8919
8919, 29387
15577, 8920
8920, 29186
17387, 8921
27861, 8921
26491, 8921
30053, 8921
26804, 8921
28432, 8921
10389, 8921
17067, 8921
22546, 8921
19983, 8921
28003, 8921
8921, 12704
19156, 8922
8922, 11444
12021, 8923
8923, 28953
25959, 8924
8924, 9449
8924, 18611
8924, 25237
8924, 22506
8924, 20531
8924, 22930
8924, 11721
17381, 8925
8925, 9240
17768, 8926
8926, 16437
18473, 8927
13515, 8927
8927, 15226
9358, 8928
20632, 8928
9518, 8928
16852, 8928
29461, 8928
19365, 8928
29922, 8928
14329, 8928
9847, 8928
24303, 8928
18614, 8928
22107, 8928
30211, 8928
23073, 8928
14718, 8928
8928, 11757
8928, 28363
8928, 22611
25204, 8929
8929, 25602
21038, 8930
8930, 13378
20532, 8931
8931, 13025
11787, 8932
8932, 18326
20786, 8933
8933, 18780
29943, 8934
8934, 28730
18434, 8935
23972, 8935
12231, 8935
13011, 8935
28445, 8935
9372, 8935
25015, 8935
22997, 8935
24216, 8935
8935, 27353
19357, 8936
8936, 10353
27687, 8937
9569, 8937
8937, 16744
14307, 8938
18654, 8938
8938, 15935
17504, 8939
8939, 16869
23898, 8940
8940, 26441
18097, 8941
8941, 13242
13125, 8942
8942, 21843
15691, 8943
8943, 12101
8943, 9599
8943, 13526
22552, 8944
22904, 8944
25788, 8944
10357, 8944
29822, 8944
8944, 12448
8944, 21955
8944, 21453
8944, 10512
30025, 8945
8945, 21841
16783, 8946
27813, 8946
8946, 20862
19933, 8947
8947, 11764
20663, 8948
8948, 15654
12587, 8949
8949, 14184
20258, 8950
8950, 23463
29910, 8951
8951, 28678
21109, 8952
8952, 11916
11160, 8953
8953, 14487
18380, 8954
8954, 13397
28246, 8955
8955, 16251
18085, 8956
8956, 16957
28745, 8957
8957, 14026
21795, 8958
8958, 11297
15577, 8959
8959, 17725
23043, 8960
8960, 27322
11714, 8961
8961, 27038
8961, 20826
21803, 8962
8962, 21400
8962, 20230
8962, 12673
16560, 8963
17498, 8963
8963, 9444
17973, 8964
8964, 14377
8964, 15353
8964, 23876
8964, 27316
29952, 8965
15663, 8965
8965, 20685
30183, 8966
8966, 12896
18577, 8967
8967, 20652
19840, 8968
15205, 8968
28003, 8968
8968, 15334
19631, 8969
25371, 8969
8969, 28091
8969, 24254
18794, 8970
8970, 23115
26275, 8971
15888, 8971
8971, 26270
15577, 8972
8972, 15128
26907, 8973
8973, 21445
14264, 8974
17834, 8974
28395, 8974
12774, 8974
28706, 8974
16227, 8974
20668, 8974
28611, 8974
23196, 8974
22610, 8974
27788, 8974
15834, 8974
9942, 8974
16359, 8974
29418, 8974
15393, 8974
28987, 8974
8974, 25837
8974, 29148
10497, 8975
8975, 28994
15030, 8976
8976, 19770
23732, 8977
8977, 24184
17950, 8978
8978, 19277
11250, 8979
8979, 17538
22959, 8980
8980, 20380
17298, 8981
8981, 25910
23472, 8982
8982, 27727
23770, 8983
8983, 25136
16251, 8984
18903, 8984
8984, 9521
21383, 8985
8985, 20251
15516, 8986
8986, 10516
17387, 8987
19152, 8987
8987, 21138
29483, 8988
20261, 8988
8988, 27887
8988, 11377
14752, 8989
8989, 25759
30160, 8990
20778, 8990
29114, 8990
21341, 8990
28813, 8990
24376, 8990
8990, 13511
15577, 8991
8991, 23595
11530, 8992
28749, 8992
12938, 8992
8992, 11700
26978, 8993
21879, 8993
8993, 25523
10170, 8994
8994, 11880
14255, 8995
23811, 8995
17944, 8995
8995, 21170
10009, 8996
8996, 23052
8996, 23477
29615, 8997
29865, 8997
8997, 18718
22690, 8998
17513, 8998
8998, 24253
20209, 8999
8999, 13039
23292, 9000
9000, 9646
22427, 9001
22089, 9001
12799, 9001
9001, 13399
18577, 9002
9002, 15651
19732, 9003
9003, 12172
15478, 9004
22546, 9004
9004, 11892
27435, 9005
9005, 24348
9904, 9006
17733, 9006
22983, 9006
22766, 9006
11408, 9006
27427, 9006
13242, 9006
27366, 9006
29005, 9006
20382, 9006
23282, 9006
19921, 9006
12857, 9006
23068, 9006
29756, 9006
17924, 9006
22017, 9006
23127, 9006
18833, 9006
29262, 9006
25389, 9006
25813, 9006
18235, 9006
18322, 9006
16592, 9006
18326, 9006
10928, 9006
14551, 9006
21020, 9006
20800, 9006
14502, 9006
15346, 9006
27641, 9006
20341, 9006
11998, 9006
28723, 9006
19069, 9006
29832, 9006
16422, 9006
24200, 9006
16751, 9006
11064, 9006
17597, 9006
11916, 9006
9006, 17748
22733, 9007
9007, 19863
16272, 9008
28035, 9008
26671, 9008
28298, 9008
9008, 16300
22660, 9009
9009, 20299
13776, 9010
9010, 23163
12778, 9011
9011, 25996
9011, 23369
23373, 9012
9012, 14783
13584, 9013
9013, 30102
11172, 9014
10366, 9014
9014, 9608
13313, 9015
9015, 26558
24283, 9016
29999, 9016
13925, 9016
9016, 18635
12303, 9017
9017, 22900
25875, 9018
11305, 9018
9168, 9018
9018, 24501
9018, 29666
27947, 9019
9019, 10101
22260, 9020
9020, 26118
9020, 21784
20356, 9021
9021, 27398
19745, 9022
9022, 18191
9022, 21590
9022, 21300
19884, 9023
9023, 29729
16014, 9024
9024, 22681
16455, 9025
9025, 11881
12031, 9026
9026, 11934
22772, 9027
9027, 22205
21903, 9028
9028, 10374
20721, 9029
21839, 9029
11919, 9029
12548, 9029
11257, 9029
23054, 9029
12075, 9029
14055, 9029
18272, 9029
28018, 9029
22598, 9029
28478, 9029
17206, 9029
17110, 9029
22229, 9029
17004, 9029
24750, 9029
27334, 9029
12434, 9029
15556, 9029
22675, 9029
13033, 9029
19970, 9029
14933, 9029
24906, 9029
20784, 9029
9643, 9029
25028, 9029
26852, 9029
14553, 9029
16951, 9029
27037, 9029
25259, 9029
16872, 9029
15954, 9029
12332, 9029
21577, 9029
9029, 20831
15577, 9030
9030, 13268
27808, 9031
9031, 11547
25776, 9032
9032, 18200
14471, 9033
9033, 12316
17029, 9034
9322, 9034
24419, 9034
15990, 9034
20725, 9034
14989, 9034
18807, 9034
24420, 9034
23595, 9034
9034, 19937
13692, 9035
9035, 17688
12387, 9036
9036, 23167
13282, 9037
9037, 11842
29943, 9038
9038, 13471
27222, 9039
29836, 9039
9039, 13327
25533, 9040
9040, 24478
26868, 9041
25587, 9041
9041, 27179
9114, 9042
9042, 29796
13531, 9043
23592, 9043
28342, 9043
19427, 9043
23503, 9043
16611, 9043
25252, 9043
9043, 21980
9043, 29943
23007, 9044
9044, 24903
29824, 9045
9045, 25523
14760, 9046
9046, 22070
13234, 9047
9047, 23149
29115, 9048
9048, 24465
13609, 9049
9049, 23102
14296, 9050
9050, 13399
29943, 9051
9051, 14961
27706, 9052
9052, 25811
12560, 9053
24897, 9053
9053, 22658
9053, 27902
11848, 9054
19384, 9054
24323, 9054
12822, 9054
9054, 24759
19944, 9055
9055, 29538
21627, 9056
13077, 9056
9233, 9056
19573, 9056
24220, 9056
22037, 9056
9056, 18346
29708, 9057
9057, 26403
29943, 9058
9058, 13471
15143, 9059
9916, 9059
9059, 26304
9059, 15427
9059, 29195
9059, 29989
9059, 30196
9059, 13048
9059, 14207
9059, 25847
9059, 12132
9059, 14650
9059, 12910
9059, 21441
9059, 11483
9059, 26213
9059, 12122
9059, 18750
9059, 21464
12310, 9060
9060, 12761
13376, 9061
9061, 18326
28504, 9062
9062, 16709
15577, 9063
9063, 28238
16911, 9064
9064, 26471
9064, 17968
28115, 9065
13825, 9065
24485, 9065
16501, 9065
20425, 9065
20430, 9065
17094, 9065
12838, 9065
22638, 9065
9065, 10219
9065, 14757
9065, 24830
26724, 9066
9066, 19384
20593, 9067
9067, 17879
12688, 9068
9068, 29538
19666, 9069
9069, 21026
9069, 21181
14225, 9070
9070, 25221
23425, 9071
9071, 14565
17097, 9072
15164, 9072
9072, 16697
14007, 9073
9073, 19493
13020, 9074
9074, 29374
29943, 9075
9075, 10556
10878, 9076
9076, 9647
24048, 9077
9077, 28253
15050, 9078
9078, 14971
19576, 9079
9079, 15753
10281, 9080
9080, 17600
20403, 9081
22611, 9081
9081, 19445
22503, 9082
9082, 22555
17194, 9083
9083, 18586
18957, 9084
9084, 10146
22865, 9085
9085, 28923
9085, 26106
9085, 26686
20069, 9086
9086, 25252
10303, 9087
16270, 9087
9087, 29760
13173, 9088
9088, 23200
22602, 9089
28636, 9089
9089, 10499
16512, 9090
28003, 9090
9090, 19679
29284, 9091
9091, 16088
12187, 9092
9092, 20948
28078, 9093
9093, 15746
11196, 9094
9094, 22823
9094, 24243
10287, 9095
9095, 26977
