15509, 1
1, 19644
1, 21525
19724, 2
2, 24860
2, 13399
17276, 3
23403, 3
19665, 3
25105, 3
3, 15032
16508, 4
4, 10174
9705, 5
5, 16342
24877, 6
6, 9228
8086, 7
7, 8807
22370, 8
8, 7877
8, 18805
21750, 9
21613, 9
10963, 9
9349, 9
7125, 9
9, 15032
24071, 10
10, 10125
21908, 11
24186, 11
11, 25388
10082, 12
12, 21474
10688, 13
13, 17612
18446, 14
14, 21474
15559, 15
15, 8533
12709, 16
16, 21828
12924, 17
17, 18492
16417, 18
18, 25176
19206, 19
19, 13081
21055, 20
13276, 20
10433, 20
16470, 20
21084, 20
20, 24676
22525, 21
21, 18217
22199, 22
22, 17934
19724, 23
23, 21515
18682, 24
24, 9517
24, 21865
24, 25458
10791, 25
25, 20617
19724, 26
26, 12681
16564, 27
7711, 27
13535, 27
27, 9402
25116, 28
28, 23821
19507, 29
29, 11141
17638, 30
30, 21818
12788, 31
31, 11212
21166, 32
20489, 32
16533, 32
20401, 32
20498, 32
8867, 32
15791, 32
18575, 32
19453, 32
23869, 32
23136, 32
24189, 32
15472, 32
24413, 32
10997, 32
12306, 32
24807, 32
24679, 32
10772, 32
7818, 32
8709, 32
20786, 32
7333, 32
7495, 32
17745, 32
9409, 32
14881, 32
7625, 32
22184, 32
9863, 32
7691, 32
15573, 32
15712, 32
19666, 32
24601, 32
12325, 32
19136, 32
11036, 32
20927, 32
21746, 32
24289, 32
9762, 32
8834, 32
12987, 32
16777, 32
14232, 32
9287, 32
22000, 32
13996, 32
23397, 32
15696, 32
25165, 32
14824, 32
22869, 32
23230, 32
12120, 32
14613, 32
22993, 32
23823, 32
18750, 32
19618, 32
23849, 32
14081, 32
22609, 32
21483, 32
9273, 32
24375, 32
8110, 32
19947, 32
10247, 32
9893, 32
16878, 32
19778, 32
21136, 32
23128, 32
12297, 32
19307, 32
17656, 32
22120, 32
24631, 32
21597, 32
16299, 32
10423, 32
12384, 32
22412, 32
20256, 32
22444, 32
11858, 32
14352, 32
12087, 32
17704, 32
19993, 32
21462, 32
21540, 32
9496, 32
8773, 32
9901, 32
13991, 32
12539, 32
11285, 32
13026, 32
16337, 32
23512, 32
11694, 32
20012, 32
25435, 32
18021, 32
20731, 32
20849, 32
15550, 32
17193, 32
14693, 32
32, 15032
11405, 33
33, 17396
17505, 34
34, 23366
20193, 35
35, 8524
24961, 36
36, 9056
19625, 37
37, 14435
25470, 38
38, 10034
13454, 39
39, 23338
9685, 40
40, 11763
19674, 41
41, 9721
14544, 42
42, 10302
11469, 43
43, 13936
20240, 44
44, 17123
7373, 45
11072, 45
25132, 45
20610, 45
11565, 45
17466, 45
7420, 45
16962, 45
23515, 45
17770, 45
11501, 45
9822, 45
19464, 45
21417, 45
19992, 45
8028, 45
16169, 45
45, 14636
19145, 46
46, 20775
10480, 47
47, 10294
21556, 48
48, 23681
9318, 49
49, 24215
16279, 50
50, 24651
21172, 51
51, 16727
8086, 52
52, 7572
18664, 53
53, 11980
53, 16966
15028, 54
24975, 54
23491, 54
15077, 54
9453, 54
22180, 54
8848, 54
22945, 54
23716, 54
19596, 54
16035, 54
9272, 54
17343, 54
14247, 54
12073, 54
21692, 54
15551, 54
10306, 54
9177, 54
7104, 54
20236, 54
8664, 54
22882, 54
18514, 54
20668, 54
16817, 54
8831, 54
13972, 54
7205, 54
19512, 54
21000, 54
9704, 54
54, 24222
18953, 55
55, 13882
55, 18072
19170, 56
56, 11999
7632, 57
57, 23909
19724, 58
58, 8546
19724, 59
59, 13838
19724, 60
60, 9615
20321, 61
61, 21816
20767, 62
62, 24472
25104, 63
63, 13323
19724, 64
64, 13221
21455, 65
12625, 65
65, 19178
23951, 66
16722, 66
66, 17396
16383, 67
67, 12259
20891, 68
68, 24103
11928, 69
69, 21622
69, 19746
69, 23840
16475, 70
70, 12954
19828, 71
71, 18021
24502, 72
10674, 72
72, 9881
8301, 73
73, 18836
12172, 74
74, 10204
12269, 75
75, 8891
12350, 76
76, 8109
21359, 77
77, 8979
19516, 78
78, 24077
78, 15933
14293, 79
79, 11788
10880, 80
80, 23943
15259, 81
81, 12351
81, 13457
23319, 82
82, 15853
22108, 83
83, 12700
13821, 84
84, 17425
16531, 85
85, 11611
85, 20711
85, 23224
19061, 86
86, 24727
10524, 87
87, 22714
87, 23248
24011, 88
11952, 88
88, 11539
22296, 89
89, 12395
18726, 90
90, 17744
14975, 91
14961, 91
13460, 91
19624, 91
91, 18918
10273, 92
92, 18543
22613, 93
93, 22951
19724, 94
94, 12357
14009, 95
23896, 95
95, 20023
19724, 96
96, 15802
18396, 97
20789, 97
97, 10336
12479, 98
98, 15711
98, 12659
7785, 99
15574, 99
17386, 99
17020, 99
19020, 99
9166, 99
25439, 99
24372, 99
24474, 99
17571, 99
10682, 99
16244, 99
8242, 99
25022, 99
13375, 99
21766, 99
21932, 99
99, 9124
22241, 100
11494, 100
16988, 100
100, 25248
16532, 101
101, 11049
15220, 102
21752, 102
102, 15396
22699, 103
15594, 103
103, 19343
20259, 104
8933, 104
21254, 104
104, 24165
24082, 105
105, 10003
105, 25297
12130, 106
106, 9578
8086, 107
107, 22710
10509, 108
108, 11755
24581, 109
15884, 109
109, 12090
16159, 110
110, 21999
11025, 111
21414, 111
8464, 111
7194, 111
111, 23702
24566, 112
17917, 112
112, 23398
21303, 113
113, 10955
19061, 114
114, 17084
114, 19215
114, 11202
114, 8204
17379, 115
115, 18513
17490, 116
116, 20486
19724, 117
117, 11546
23101, 118
118, 13057
23630, 119
119, 17240
16779, 120
120, 17895
15596, 121
121, 19852
22811, 122
122, 13638
19282, 123
123, 7220
17028, 124
124, 11017
24510, 125
125, 11552
125, 23323
22950, 126
126, 8731
11387, 127
127, 25306
19724, 128
128, 9664
14270, 129
129, 15713
129, 7399
8931, 130
130, 21362
17245, 131
131, 8884
18032, 132
132, 24305
21281, 133
10153, 133
20339, 133
18025, 133
16277, 133
8611, 133
14359, 133
9142, 133
17484, 133
20149, 133
18806, 133
12989, 133
7446, 133
24407, 133
9510, 133
12123, 133
13312, 133
133, 17305
9115, 134
134, 14783
13619, 135
135, 19553
13047, 136
136, 16913
17678, 137
137, 16633
7578, 138
138, 8861
22055, 139
139, 17669
15958, 140
140, 14457
11132, 141
141, 14620
12677, 142
142, 8724
23768, 143
143, 13647
143, 23956
143, 13931
14037, 144
18204, 144
21242, 144
24461, 144
9131, 144
12547, 144
16433, 144
20059, 144
144, 10490
20603, 145
145, 24087
13388, 146
146, 13480
19886, 147
147, 23996
147, 21789
147, 12888
14756, 148
148, 17102
10917, 149
8173, 149
149, 19675
12563, 150
150, 17705
24194, 151
151, 18697
17081, 152
12900, 152
152, 24966
13313, 153
153, 12359
18032, 154
154, 9889
9362, 155
22140, 155
155, 24184
19061, 156
156, 7354
156, 19118
7304, 157
17167, 157
157, 20358
19804, 158
158, 19056
14763, 159
159, 23184
8809, 160
160, 24832
21079, 161
161, 13743
24021, 162
162, 7646
21062, 163
163, 10940
7411, 164
20113, 164
164, 17399
8643, 165
165, 8603
10170, 166
166, 21124
14307, 167
167, 9407
15236, 168
168, 20323
23768, 169
169, 8612
169, 8259
8841, 170
170, 11763
8086, 171
171, 16578
19761, 172
13010, 172
21379, 172
18907, 172
18116, 172
14980, 172
24330, 172
7156, 172
9446, 172
16880, 172
14875, 172
172, 11976
21768, 173
173, 14219
8522, 174
174, 13282
18609, 175
175, 24022
7781, 176
176, 10508
14038, 177
177, 11539
20497, 178
11801, 178
12531, 178
21980, 178
178, 21451
178, 24222
178, 11874
178, 15621
178, 18357
178, 16740
8293, 179
179, 15242
13806, 180
19914, 180
15973, 180
7572, 180
16793, 180
14070, 180
23910, 180
13131, 180
7734, 180
18132, 180
13449, 180
18692, 180
21667, 180
15583, 180
22693, 180
20071, 180
7714, 180
21897, 180
13925, 180
21656, 180
18602, 180
17257, 180
23602, 180
19290, 180
24671, 180
24442, 180
11968, 180
19016, 180
16057, 180
17441, 180
16238, 180
21469, 180
24028, 180
23467, 180
16509, 180
16643, 180
10072, 180
22668, 180
13425, 180
8441, 180
24672, 180
18423, 180
15083, 180
18252, 180
24665, 180
7822, 180
10638, 180
16167, 180
11696, 180
20070, 180
17406, 180
24081, 180
14269, 180
20434, 180
9777, 180
16774, 180
22671, 180
7116, 180
17736, 180
14845, 180
13519, 180
21857, 180
13585, 180
22710, 180
22333, 180
23981, 180
22272, 180
14214, 180
18284, 180
24997, 180
17831, 180
22712, 180
22833, 180
11768, 180
17977, 180
17991, 180
14508, 180
19256, 180
16578, 180
19601, 180
16913, 180
7409, 180
9488, 180
24287, 180
18062, 180
25517, 180
17184, 180
13608, 180
180, 13990
24660, 181
181, 13808
11213, 182
182, 17396
22985, 183
183, 17474
24510, 184
184, 23414
17556, 185
185, 14825
185, 19570
15944, 186
186, 13323
186, 14619
14997, 187
11838, 187
7393, 187
12131, 187
9433, 187
11497, 187
20677, 187
12454, 187
22969, 187
23358, 187
24300, 187
15682, 187
18125, 187
11506, 187
23495, 187
18866, 187
20763, 187
12002, 187
13504, 187
18342, 187
18029, 187
8424, 187
16677, 187
20329, 187
13568, 187
22649, 187
19609, 187
14318, 187
22714, 187
21541, 187
17634, 187
9448, 187
19347, 187
21080, 187
15773, 187
17292, 187
17054, 187
14403, 187
19754, 187
23247, 187
12067, 187
21844, 187
9714, 187
13860, 187
23367, 187
7972, 187
14075, 187
15849, 187
21428, 187
17221, 187
21096, 187
14254, 187
9475, 187
16352, 187
22418, 187
24222, 187
12138, 187
18529, 187
9556, 187
25025, 187
10103, 187
19926, 187
7901, 187
11151, 187
12274, 187
25110, 187
11980, 187
9301, 187
12081, 187
17353, 187
16840, 187
10503, 187
11762, 187
9045, 187
12644, 187
12906, 187
19509, 187
17755, 187
20530, 187
14524, 187
13833, 187
16966, 187
7228, 187
15916, 187
12851, 187
19602, 187
8631, 187
17090, 187
25103, 187
25443, 187
9848, 187
8648, 187
10999, 187
20637, 187
10447, 187
9099, 187
21314, 187
18171, 187
8115, 187
25363, 187
18594, 187
15914, 187
9400, 187
18984, 187
21292, 187
23897, 187
20079, 187
25450, 187
24980, 187
19995, 187
25245, 187
19954, 187
14241, 187
18918, 187
15956, 187
20373, 187
7139, 187
8833, 187
23109, 187
19611, 187
22179, 187
9918, 187
15166, 187
15875, 187
8633, 187
13575, 187
7346, 187
15931, 187
14807, 187
19680, 187
21224, 187
14837, 187
22956, 187
7723, 187
11029, 187
18361, 187
13352, 187
24692, 187
11473, 187
10677, 187
14196, 187
23056, 187
12683, 187
23215, 187
20482, 187
22824, 187
24159, 187
13332, 187
8150, 187
9357, 187
14925, 187
23228, 187
16785, 187
24732, 187
17735, 187
21773, 187
21434, 187
14327, 187
18693, 187
16867, 187
25267, 187
17265, 187
15432, 187
11922, 187
14086, 187
17936, 187
8671, 187
19178, 187
25489, 187
18363, 187
9245, 187
22368, 187
23396, 187
10945, 187
23786, 187
11867, 187
25496, 187
12907, 187
24705, 187
14371, 187
10820, 187
7274, 187
16278, 187
22643, 187
18543, 187
8368, 187
22653, 187
17990, 187
14663, 187
16424, 187
25522, 187
9835, 187
16780, 187
11322, 187
19205, 187
187, 13230
9698, 188
188, 15597
13883, 189
189, 14370
7744, 190
190, 19024
21014, 191
191, 13699
191, 22258
17242, 192
192, 14953
17589, 193
193, 9000
11260, 194
194, 18969
18133, 195
195, 24843
10405, 196
196, 13529
16969, 197
14098, 197
197, 20478
21628, 198
198, 17288
198, 15868
22971, 199
199, 14266
16229, 200
200, 14266
12864, 201
201, 13205
17543, 202
202, 18005
202, 12094
7206, 203
203, 16435
203, 18515
20106, 204
204, 19351
8488, 205
205, 7116
10923, 206
206, 21843
17069, 207
207, 17600
25548, 208
208, 19250
10846, 209
209, 17332
12812, 210
210, 16136
15752, 211
211, 20944
12407, 212
212, 24949
16531, 213
213, 15187
213, 21961
8335, 214
214, 15802
19348, 215
215, 17392
7761, 216
216, 22403
20364, 217
217, 9697
19724, 218
218, 22538
218, 13625
8086, 219
219, 24856
7550, 220
220, 17744
10509, 221
221, 20220
16531, 222
222, 17842
222, 13831
17618, 223
223, 10320
23633, 224
17986, 224
224, 12312
19724, 225
225, 22009
25115, 226
226, 25238
20385, 227
227, 20920
10611, 228
228, 7959
17440, 229
229, 19064
229, 13530
229, 25045
229, 16662
229, 18832
229, 13507
229, 25396
229, 9741
229, 20620
229, 9041
229, 8280
229, 16644
229, 13956
229, 13310
229, 9137
229, 14572
229, 24094
229, 14410
229, 22505
229, 9066
229, 23799
229, 16556
229, 17687
229, 23290
229, 16293
229, 23067
229, 19108
229, 7591
229, 17703
229, 11781
229, 22622
229, 14923
229, 17119
229, 21120
229, 13524
229, 22965
229, 24078
229, 23561
229, 17575
229, 16186
229, 19431
229, 11165
229, 10792
229, 18757
229, 23350
229, 16118
229, 20172
229, 17951
229, 9673
229, 10488
229, 15929
229, 7965
229, 20537
229, 20217
229, 8065
229, 9328
229, 13405
229, 23079
229, 23683
229, 10892
229, 19247
229, 15950
229, 11262
229, 8439
229, 9534
229, 21644
229, 22157
229, 20288
229, 25044
229, 12784
229, 9614
229, 14095
229, 14712
229, 20450
229, 17535
229, 23661
229, 12215
229, 20409
229, 16546
229, 21447
229, 13660
229, 18805
229, 7512
229, 15645
229, 8626
229, 24124
229, 17690
229, 20948
229, 19658
229, 11373
229, 13647
229, 10124
229, 25078
229, 11039
229, 7418
229, 21150
229, 17780
10069, 230
25229, 230
7842, 230
25214, 230
230, 16727
12407, 231
231, 20022
11913, 232
232, 14649
23357, 233
233, 24997
18612, 234
9188, 234
234, 17396
18822, 235
235, 16626
10404, 236
12708, 236
25128, 236
23698, 236
23537, 236
24895, 236
236, 11221
21176, 237
237, 7295
22372, 238
238, 24005
18365, 239
239, 11596
18648, 240
240, 7693
21559, 241
24785, 241
17569, 241
24156, 241
24026, 241
241, 13315
18289, 242
242, 16859
18314, 243
243, 14630
14282, 244
244, 14177
8945, 245
245, 20183
21056, 246
246, 11732
16110, 247
247, 7163
24051, 248
248, 21833
9029, 249
249, 18018
8086, 250
250, 17093
12743, 251
13127, 251
251, 11755
20799, 252
252, 10026
10038, 253
253, 15802
14836, 254
254, 7228
254, 21423
254, 12271
254, 24751
254, 15256
254, 18801
254, 12591
254, 23967
254, 22986
254, 10724
254, 7379
254, 21528
254, 7481
254, 10755
254, 19844
254, 19451
254, 13389
254, 14651
254, 21006
254, 12798
254, 18650
254, 21309
254, 21128
254, 10259
254, 17873
19153, 255
255, 20434
13418, 256
23641, 256
25145, 256
20781, 256
24079, 256
10462, 256
19439, 256
15169, 256
10146, 256
256, 25468
256, 18990
256, 14586
16992, 257
257, 16395
12807, 258
258, 8386
18222, 259
13691, 259
259, 17353
19724, 260
260, 22192
10475, 261
261, 14628
13047, 262
262, 10415
16159, 263
263, 20107
18798, 264
18287, 264
23708, 264
25430, 264
264, 25248
20238, 265
265, 18268
8817, 266
14295, 266
266, 9550
20578, 267
13323, 267
267, 12991
267, 23240
267, 24767
267, 12794
25397, 268
268, 10481
21749, 269
269, 17969
7326, 270
270, 16924
16159, 271
271, 10248
7501, 272
272, 19086
8033, 273
15367, 273
23349, 273
22056, 273
14800, 273
19421, 273
9535, 273
15049, 273
8098, 273
16444, 273
12089, 273
273, 9064
273, 24781
273, 14424
273, 14715
273, 24000
273, 16610
273, 7348
273, 20101
273, 15992
273, 15916
273, 23539
273, 7514
273, 19266
273, 23363
273, 8815
273, 8878
273, 15767
273, 21012
273, 13801
273, 16997
273, 15894
273, 13728
273, 9835
273, 7567
10497, 274
22594, 274
20324, 274
274, 20775
22811, 275
275, 14175
14823, 276
276, 19373
7598, 277
277, 8331
17429, 278
278, 8238
278, 11681
278, 11739
278, 21642
13187, 279
279, 15802
19724, 280
280, 19823
25344, 281
25570, 281
19111, 281
21647, 281
281, 14903
12042, 282
282, 20602
24824, 283
283, 10678
9843, 284
284, 7544
8916, 285
285, 11768
8529, 286
286, 10723
16212, 287
287, 20735
25124, 288
288, 22757
21188, 289
9466, 289
289, 10086
24742, 290
290, 23234
19362, 291
291, 19863
24928, 292
292, 12223
22778, 293
293, 11755
19828, 294
294, 23025
294, 8808
294, 16157
294, 18007
18810, 295
295, 10125
9164, 296
296, 9380
19724, 297
297, 22149
297, 20164
11794, 298
298, 22004
23019, 299
299, 14676
12335, 300
300, 21607
24848, 301
301, 14707
11445, 302
302, 7774
21703, 303
16198, 303
303, 17390
7141, 304
304, 21131
18781, 305
305, 23901
21497, 306
306, 21211
306, 14052
306, 24125
12605, 307
7574, 307
20026, 307
18747, 307
14652, 307
13641, 307
9086, 307
15356, 307
8445, 307
16289, 307
307, 20667
14180, 308
308, 10731
308, 16347
308, 19090
308, 25278
13696, 309
309, 10560
12438, 310
310, 22509
18550, 311
311, 7699
13592, 312
312, 11080
12924, 313
313, 7183
13928, 314
10698, 314
314, 21624
19724, 315
315, 17898
16659, 316
316, 8810
16676, 317
317, 15889
8027, 318
17515, 318
318, 12898
16762, 319
319, 8480
24123, 320
15171, 320
320, 21132
20733, 321
321, 10555
20581, 322
322, 23003
11749, 323
323, 21265
18900, 324
19495, 324
324, 17536
324, 19785
324, 9394
324, 20708
324, 10332
19724, 325
325, 14465
9437, 326
326, 16193
11001, 327
20235, 327
20808, 327
327, 10041
14510, 328
328, 22741
7790, 329
329, 22775
329, 14529
329, 8838
329, 10460
23562, 330
330, 19299
15329, 331
8644, 331
20975, 331
7526, 331
19488, 331
25131, 331
10330, 331
22496, 331
14215, 331
10516, 331
20406, 331
11843, 331
15667, 331
17511, 331
14008, 331
19958, 331
15816, 331
17300, 331
21852, 331
18435, 331
20942, 331
15758, 331
331, 15032
15377, 332
332, 25047
23070, 333
9753, 333
15108, 333
333, 25248
19724, 334
334, 17257
8086, 335
335, 21495
19724, 336
336, 18882
8713, 337
12570, 337
21294, 337
17303, 337
23335, 337
9159, 337
23169, 337
16710, 337
9194, 337
16177, 337
7577, 337
16603, 337
10529, 337
18434, 337
7592, 337
24666, 337
20020, 337
25211, 337
337, 18013
337, 15006
20064, 338
338, 20775
11892, 339
339, 15116
15596, 340
340, 19852
8273, 341
341, 20730
18664, 342
17678, 342
16531, 342
342, 22205
11079, 343
20246, 343
20956, 343
343, 16977
13406, 344
344, 20280
23907, 345
345, 8450
12374, 346
346, 21341
16746, 347
347, 18392
12043, 348
348, 15864
7575, 349
349, 10762
18111, 350
350, 13510
11377, 351
8241, 351
351, 18185
23221, 352
352, 15947
20238, 353
353, 7552
353, 15633
353, 12247
353, 18856
353, 24009
353, 22628
353, 16816
353, 16426
353, 16506
353, 9641
353, 10471
353, 17294
353, 18239
353, 24554
353, 16577
353, 11820
353, 13175
353, 12573
353, 7768
353, 17753
353, 19748
353, 20660
353, 14153
353, 14101
353, 19579
353, 9083
353, 13084
353, 22249
353, 15982
353, 18745
353, 23743
353, 19276
353, 24255
353, 17673
353, 17114
353, 18376
353, 7122
353, 8302
353, 9752
353, 9008
353, 19468
353, 19763
353, 17275
353, 24904
353, 16326
353, 7708
353, 17333
353, 11229
353, 13962
353, 25051
353, 21092
353, 13839
353, 16584
353, 25143
353, 15571
353, 11522
353, 8095
353, 14895
353, 24486
353, 19525
353, 19871
353, 7432
353, 13068
353, 23222
353, 8372
353, 21737
353, 19327
353, 10871
353, 16399
353, 21353
353, 10828
353, 20105
353, 15666
353, 21708
353, 11215
353, 14683
353, 16254
12407, 354
354, 7619
25479, 355
24311, 355
355, 13151
20043, 356
356, 20988
15339, 357
357, 23263
16112, 358
358, 8356
9953, 359
359, 8851
16565, 360
360, 11734
17852, 361
361, 25467
361, 19985
361, 21981
361, 19465
361, 20411
361, 10594
361, 8806
361, 16586
361, 15188
361, 17295
361, 9762
361, 15811
361, 16613
361, 21931
361, 21946
361, 17656
361, 16316
361, 24726
361, 15686
361, 14352
361, 7953
361, 24459
361, 20254
361, 15316
361, 21557
361, 17839
361, 18036
361, 12025
361, 18962
361, 12267
361, 11688
361, 7356
361, 8526
361, 19222
361, 21323
361, 8243
361, 18490
361, 9243
361, 24872
361, 12747
361, 22516
361, 14470
361, 10919
361, 15578
361, 19758
361, 24324
361, 12079
24152, 362
22258, 362
21116, 362
23667, 362
13290, 362
25546, 362
23523, 362
19729, 362
18557, 362
14437, 362
17506, 362
9913, 362
25176, 362
13021, 362
10809, 362
23863, 362
10430, 362
20814, 362
17057, 362
10837, 362
18890, 362
9126, 362
15174, 362
15733, 362
14263, 362
21608, 362
19534, 362
23723, 362
25578, 362
13082, 362
23958, 362
11709, 362
362, 15032
13475, 363
363, 15205
8432, 364
364, 16814
19724, 365
365, 15391
9212, 366
366, 15525
366, 18607
7681, 367
13401, 367
16760, 367
19846, 367
19397, 367
8143, 367
367, 17346
9009, 368
368, 20683
16007, 369
369, 21476
12148, 370
20714, 370
370, 7604
22767, 371
371, 17799
19724, 372
372, 12228
9868, 373
373, 25476
17730, 374
374, 9564
18517, 375
375, 25082
12407, 376
376, 19582
9269, 377
377, 19275
22745, 378
378, 17783
21602, 379
379, 8839
14125, 380
8209, 380
19055, 380
24166, 380
18439, 380
9828, 380
13018, 380
24221, 380
8253, 380
380, 15032
8137, 381
23024, 381
381, 17903
381, 21836
381, 7376
381, 24978
381, 7260
381, 21663
381, 20403
381, 21429
381, 8696
381, 12224
381, 20410
381, 9018
381, 18240
381, 16324
381, 25513
381, 16839
381, 18928
381, 15776
381, 20565
381, 20729
381, 17993
381, 21192
381, 14555
381, 23596
21646, 382
382, 19995
10680, 383
383, 18291
21173, 384
22916, 384
15586, 384
23386, 384
11937, 384
10046, 384
23754, 384
21589, 384
22123, 384
14981, 384
13664, 384
18704, 384
14358, 384
19231, 384
17547, 384
20824, 384
18211, 384
13086, 384
9921, 384
15189, 384
9216, 384
17531, 384
17142, 384
16741, 384
19508, 384
16792, 384
8505, 384
13734, 384
23894, 384
24883, 384
17362, 384
19784, 384
7161, 384
14590, 384
7540, 384
12814, 384
8956, 384
19759, 384
20839, 384
16907, 384
22765, 384
12940, 384
22614, 384
15715, 384
15319, 384
11833, 384
22028, 384
17540, 384
18026, 384
14163, 384
17845, 384
17330, 384
15891, 384
15714, 384
13327, 384
11800, 384
19603, 384
16208, 384
20691, 384
21890, 384
14302, 384
384, 24962
11488, 385
23866, 385
16033, 385
7973, 385
20497, 385
385, 10438
19867, 386
386, 11603
18199, 387
387, 15129
12769, 388
388, 7102
18789, 389
389, 18386
12407, 390
390, 17401
19210, 391
7572, 391
18233, 391
14565, 391
13895, 391
10368, 391
19510, 391
15582, 391
18245, 391
12871, 391
17257, 391
17580, 391
18882, 391
7438, 391
23781, 391
17541, 391
10833, 391
22617, 391
17451, 391
18420, 391
18521, 391
14394, 391
15083, 391
25275, 391
11987, 391
10334, 391
15053, 391
14838, 391
19713, 391
20929, 391
23490, 391
9568, 391
12434, 391
19976, 391
22351, 391
12213, 391
19299, 391
24121, 391
16799, 391
10313, 391
22941, 391
12998, 391
12911, 391
8139, 391
10827, 391
19474, 391
17240, 391
21917, 391
7208, 391
13595, 391
18930, 391
10105, 391
18996, 391
17996, 391
391, 11102
13973, 392
392, 9297
9171, 393
393, 11727
8666, 394
394, 20515
24309, 395
395, 22741
7815, 396
396, 17783
21509, 397
397, 20203
20538, 398
398, 10901
14137, 399
399, 8769
24539, 400
400, 21208
19168, 401
401, 17137
12407, 402
402, 7720
13241, 403
403, 13804
21874, 404
404, 22635
17899, 405
405, 21305
17923, 406
406, 8560
8491, 407
407, 17875
17097, 408
408, 15389
24503, 409
409, 16524
12526, 410
410, 12871
24473, 411
10344, 411
411, 8440
19555, 412
412, 18068
19571, 413
413, 15706
10806, 414
414, 18006
24089, 415
415, 15642
23006, 416
416, 20457
20139, 417
417, 9717
20799, 418
418, 20881
22022, 419
419, 8348
419, 8209
11975, 420
420, 20226
19724, 421
421, 9256
22589, 422
422, 10441
24510, 423
423, 12399
22097, 424
424, 10795
11105, 425
425, 11885
12407, 426
426, 20758
7603, 427
427, 19786
17341, 428
428, 15380
8148, 429
429, 19195
14974, 430
15213, 430
430, 13243
24251, 431
431, 17721
13300, 432
432, 9774
9727, 433
12346, 433
433, 20872
12407, 434
434, 13092
23112, 435
435, 19373
9737, 436
436, 17384
10517, 437
17648, 437
18220, 437
7872, 437
437, 17175
11224, 438
438, 14004
438, 19945
14383, 439
439, 9381
15110, 440
440, 8930
22749, 441
441, 17846
15557, 442
442, 9204
16502, 443
443, 10936
17368, 444
444, 15587
8084, 445
445, 17783
23101, 446
446, 20016
15536, 447
447, 13677
21444, 448
448, 21858
18982, 449
449, 15679
17697, 450
450, 17396
22811, 451
451, 17430
10509, 452
452, 24879
25193, 453
453, 9828
453, 17922
8588, 454
454, 13662
22173, 455
23450, 455
7944, 455
455, 7259
11125, 456
456, 20775
15236, 457
457, 15083
457, 13595
21920, 458
22057, 458
458, 17396
19481, 459
459, 17212
13849, 460
460, 17786
25167, 461
461, 17503
10032, 462
462, 16225
13189, 463
463, 13992
11891, 464
464, 23452
464, 7672
464, 25126
464, 22497
464, 20446
11051, 465
465, 24667
25453, 466
25099, 466
14143, 466
16952, 466
466, 7259
20755, 467
467, 21405
24995, 468
468, 24224
24351, 469
14170, 469
8717, 469
469, 15821
18440, 470
23284, 470
12789, 470
23470, 470
20182, 470
17262, 470
19862, 470
9258, 470
21058, 470
470, 8853
22713, 471
471, 21201
19828, 472
472, 11951
472, 13991
9631, 473
14021, 473
21970, 473
18755, 473
17746, 473
9367, 473
20255, 473
473, 18250
9929, 474
474, 16599
21141, 475
9939, 475
17019, 475
21633, 475
9168, 475
25526, 475
9695, 475
16621, 475
8753, 475
7269, 475
13819, 475
16788, 475
9088, 475
18192, 475
10332, 475
20708, 475
8766, 475
15400, 475
22871, 475
9702, 475
22223, 475
12117, 475
20934, 475
18492, 475
24125, 475
16708, 475
17396, 475
10052, 475
16553, 475
11713, 475
23543, 475
12112, 475
10233, 475
23017, 475
23321, 475
25154, 475
16338, 475
9978, 475
17034, 475
24332, 475
9297, 475
21128, 475
10259, 475
17873, 475
19844, 475
19451, 475
13702, 475
16394, 475
475, 19724
475, 7696
21330, 476
476, 7665
24919, 477
477, 10747
477, 25446
14967, 478
478, 11791
11154, 479
17821, 479
479, 13941
17600, 480
18815, 480
16995, 480
480, 21071
480, 9536
480, 15079
480, 21611
19724, 481
481, 9699
19449, 482
482, 15770
15718, 483
483, 25168
21583, 484
484, 19411
13639, 485
485, 16656
21378, 486
10009, 486
24869, 486
486, 24519
15703, 487
9501, 487
23598, 487
25315, 487
10156, 487
12027, 487
487, 22105
24787, 488
18281, 488
11733, 488
8561, 488
15266, 488
15003, 488
7845, 488
21682, 488
19644, 488
20543, 488
10348, 488
8267, 488
13825, 488
11163, 488
20938, 488
21916, 488
15657, 488
20107, 488
16403, 488
17500, 488
20447, 488
11208, 488
18495, 488
10864, 488
13329, 488
12182, 488
9034, 488
20536, 488
7277, 488
12476, 488
7364, 488
24680, 488
7794, 488
13046, 488
8089, 488
7947, 488
16744, 488
9960, 488
14494, 488
9120, 488
20070, 488
22133, 488
14946, 488
19794, 488
20988, 488
17633, 488
17744, 488
22804, 488
24058, 488
18241, 488
20142, 488
9831, 488
22509, 488
16109, 488
12439, 488
19709, 488
10318, 488
10774, 488
11603, 488
20571, 488
14344, 488
8278, 488
24625, 488
15846, 488
25558, 488
7334, 488
20696, 488
16913, 488
7639, 488
24345, 488
7705, 488
13181, 488
12447, 488
19213, 488
15692, 488
18195, 488
9834, 488
18400, 488
488, 11102
10158, 489
489, 18858
19134, 490
490, 18549
16123, 491
491, 20132
7396, 492
492, 7145
12632, 493
13314, 493
493, 24651
23426, 494
494, 11559
19797, 495
495, 7702
7605, 496
496, 14886
496, 24417
19724, 497
497, 14738
10651, 498
498, 8446
18520, 499
499, 7385
8086, 500
500, 17451
19724, 501
501, 10912
19061, 502
502, 23111
9670, 503
8076, 503
8339, 503
14312, 503
503, 12586
9512, 504
504, 18688
22295, 505
505, 11672
11361, 506
506, 20332
14604, 507
15558, 507
15673, 507
13207, 507
21546, 507
507, 18723
24777, 508
508, 13644
19724, 509
509, 8287
22811, 510
510, 13638
18699, 511
511, 10955
16531, 512
512, 10783
512, 23214
17838, 513
513, 15577
9012, 514
23742, 514
514, 11147
8137, 515
515, 21850
515, 23787
21499, 516
516, 17255
18960, 517
517, 18499
7196, 518
518, 11709
8155, 519
519, 19225
18186, 520
520, 24523
14915, 521
22231, 521
23069, 521
521, 12586
11795, 522
11967, 522
16876, 522
522, 10015
10509, 523
523, 13447
9873, 524
524, 13523
17678, 525
525, 12232
9814, 526
526, 20530
13162, 527
527, 9552
9010, 528
528, 11093
23672, 529
529, 16294
19724, 530
530, 10812
530, 21953
20179, 531
531, 18078
10785, 532
20804, 532
14618, 532
7628, 532
24723, 532
532, 11825
532, 20386
532, 18436
532, 7967
13069, 533
533, 9791
7874, 534
534, 17396
8516, 535
21909, 535
10915, 535
535, 14672
535, 8463
12542, 536
24841, 536
536, 18473
25394, 537
537, 22827
16765, 538
538, 17685
24684, 539
539, 24189
7416, 540
540, 12550
540, 11821
18213, 541
541, 24280
18593, 542
542, 21168
24087, 543
20424, 543
18716, 543
22600, 543
10013, 543
8287, 543
19574, 543
19781, 543
20809, 543
21639, 543
20605, 543
12234, 543
12662, 543
7216, 543
19695, 543
14509, 543
13474, 543
19852, 543
22953, 543
18081, 543
12655, 543
11098, 543
14089, 543
8645, 543
21354, 543
24713, 543
18799, 543
10587, 543
11727, 543
10331, 543
7883, 543
8946, 543
15035, 543
11743, 543
8387, 543
18487, 543
16126, 543
24118, 543
24253, 543
20084, 543
12208, 543
19250, 543
21760, 543
20944, 543
21429, 543
11912, 543
24010, 543
23697, 543
8696, 543
15802, 543
7833, 543
25289, 543
13134, 543
17059, 543
18160, 543
25272, 543
18194, 543
21568, 543
7184, 543
20960, 543
15925, 543
16520, 543
20626, 543
8211, 543
10492, 543
19548, 543
17066, 543
24430, 543
9548, 543
15869, 543
16684, 543
14662, 543
8519, 543
24703, 543
24839, 543
11340, 543
17947, 543
19038, 543
16242, 543
14816, 543
7582, 543
10567, 543
9256, 543
24819, 543
13303, 543
17865, 543
24667, 543
13798, 543
10788, 543
14780, 543
23945, 543
9018, 543
10034, 543
24027, 543
18756, 543
13757, 543
13307, 543
15866, 543
11446, 543
24546, 543
20023, 543
21679, 543
20970, 543
12253, 543
17579, 543
19024, 543
23327, 543
18335, 543
17217, 543
19751, 543
21843, 543
16324, 543
24756, 543
19246, 543
24693, 543
20832, 543
7541, 543
13578, 543
14459, 543
11792, 543
14477, 543
9423, 543
18828, 543
11831, 543
19233, 543
17922, 543
21322, 543
20826, 543
22700, 543
22445, 543
20341, 543
21856, 543
23270, 543
18601, 543
7287, 543
19385, 543
16505, 543
14082, 543
20729, 543
24046, 543
25290, 543
9899, 543
14982, 543
14067, 543
8442, 543
10560, 543
7859, 543
17138, 543
22826, 543
19388, 543
7166, 543
25350, 543
18589, 543
19319, 543
23566, 543
16517, 543
8037, 543
18501, 543
8871, 543
16667, 543
20266, 543
22904, 543
17901, 543
11633, 543
10561, 543
14555, 543
11428, 543
25458, 543
19114, 543
24707, 543
21208, 543
21531, 543
22035, 543
17248, 543
10891, 543
10189, 543
23755, 543
8744, 543
9570, 543
10178, 543
13935, 543
7111, 543
13357, 543
23606, 543
7385, 543
24676, 543
10220, 543
25345, 543
12424, 543
12162, 543
9801, 543
25277, 543
543, 7920
25070, 544
544, 17396
13653, 545
545, 7979
19724, 546
546, 15802
18606, 547
547, 18102
13823, 548
548, 19095
16910, 549
9924, 549
14839, 549
8059, 549
22532, 549
11640, 549
17030, 549
12850, 549
549, 15650
12407, 550
550, 23360
10274, 551
551, 25000
20709, 552
18979, 552
8798, 552
552, 22158
23831, 553
553, 19427
17570, 554
554, 22889
24696, 555
555, 17970
21439, 556
556, 14328
24626, 557
557, 17396
8088, 558
558, 23549
17646, 559
559, 17879
559, 21516
11442, 560
560, 16024
10347, 561
561, 18274
9607, 562
562, 14578
13379, 563
563, 24641
9329, 564
564, 11201
19724, 565
565, 7340
16930, 566
566, 8823
8245, 567
567, 25094
18406, 568
568, 10287
24510, 569
569, 10873
12979, 570
570, 18363
17680, 571
9352, 571
25273, 571
10566, 571
22388, 571
15779, 571
8627, 571
19302, 571
8558, 571
8860, 571
16592, 571
14402, 571
23552, 571
19004, 571
7454, 571
14534, 571
24252, 571
15922, 571
19780, 571
19217, 571
11126, 571
21009, 571
11925, 571
11267, 571
23510, 571
25339, 571
571, 12280
24242, 572
572, 19053
18366, 573
22215, 573
19092, 573
573, 9580
22811, 574
574, 10769
19724, 575
575, 14725
13398, 576
576, 24811
576, 20970
19724, 577
577, 16799
8086, 578
578, 17982
13381, 579
579, 19980
18402, 580
580, 20335
24102, 581
581, 14303
13969, 582
582, 13847
13597, 583
583, 14458
22374, 584
584, 7892
19245, 585
585, 21003
10830, 586
586, 7435
10689, 587
587, 8210
8232, 588
588, 12882
18783, 589
589, 8145
13610, 590
24927, 590
14736, 590
590, 22154
25574, 591
591, 19331
13994, 592
592, 19347
15050, 593
593, 22168
12407, 594
594, 22062
24664, 595
595, 7736
17652, 596
596, 15037
22587, 597
597, 25151
18729, 598
598, 17476
598, 16883
598, 21588
12407, 599
599, 22378
12194, 600
600, 23798
20052, 601
601, 11324
601, 23495
601, 10006
601, 22686
601, 23119
601, 13482
601, 21837
601, 22892
601, 19701
601, 20101
601, 10103
601, 23416
601, 14524
601, 11662
601, 10224
601, 10076
601, 13043
601, 11735
601, 23685
601, 24141
601, 8433
601, 20087
601, 9485
601, 20309
601, 15962
15224, 602
602, 11276
19724, 603
603, 25009
15684, 604
604, 16332
15273, 605
605, 9899
13300, 606
606, 20775
10509, 607
607, 9774
13675, 608
608, 24204
24511, 609
18224, 609
16729, 609
609, 12586
13567, 610
610, 11020
15236, 611
611, 16462
8718, 612
612, 11473
612, 7297
18880, 613
613, 13455
613, 16742
7674, 614
614, 18168
9002, 615
615, 12454
13850, 616
616, 25330
8091, 617
617, 24471
17691, 618
17536, 618
22058, 618
18705, 618
18703, 618
9473, 618
15898, 618
9691, 618
16899, 618
17332, 618
23149, 618
17180, 618
25341, 618
11755, 618
8851, 618
14586, 618
8515, 618
13936, 618
20792, 618
9987, 618
18581, 618
8966, 618
18410, 618
7173, 618
11112, 618
24452, 618
24306, 618
9038, 618
7143, 618
23760, 618
14539, 618
20451, 618
8742, 618
19195, 618
7774, 618
14020, 618
16055, 618
15962, 618
11938, 618
7713, 618
9661, 618
16135, 618
16343, 618
21265, 618
19749, 618
20775, 618
13621, 618
9028, 618
14012, 618
17473, 618
15801, 618
15804, 618
19091, 618
13720, 618
17934, 618
21654, 618
16928, 618
16727, 618
12280, 618
12745, 618
11791, 618
13510, 618
20741, 618
20872, 618
8016, 618
9274, 618
618, 19724
618, 8341
18480, 619
619, 11654
25159, 620
23117, 620
620, 11540
19485, 621
621, 13289
8535, 622
13277, 622
9502, 622
11052, 622
20201, 622
10054, 622
21299, 622
24708, 622
622, 16919
23506, 623
623, 19628
16682, 624
624, 25282
17748, 625
625, 20775
10317, 626
15122, 626
11138, 626
20567, 626
19560, 626
17214, 626
21435, 626
24562, 626
18422, 626
18577, 626
10934, 626
626, 9592
25417, 627
627, 7269
24225, 628
628, 20205
628, 21517
628, 13346
628, 25432
628, 22578
15055, 629
629, 17384
13739, 630
630, 7177
18729, 631
631, 19445
13446, 632
632, 8195
19828, 633
633, 7496
633, 20163
633, 8935
9201, 634
634, 7760
14090, 635
19502, 635
15566, 635
9789, 635
23101, 635
635, 21801
635, 8770
14927, 636
15627, 636
636, 17396
15850, 637
637, 15338
11280, 638
638, 13815
8778, 639
639, 17926
19724, 640
640, 14866
13014, 641
17817, 641
641, 10701
8086, 642
642, 18661
24240, 643
23389, 643
22967, 643
23867, 643
11343, 643
18219, 643
16151, 643
643, 22711
19724, 644
644, 19075
20852, 645
645, 17612
15226, 646
646, 25035
12925, 647
647, 24307
13690, 648
648, 10511
648, 12325
648, 18155
21993, 649
649, 11637
649, 7484
649, 17279
19724, 650
650, 9047
16543, 651
651, 21639
651, 15869
21270, 652
7506, 652
12707, 652
10852, 652
8097, 652
16618, 652
652, 12960
17360, 653
653, 25248
22794, 654
654, 18965
20755, 655
655, 20550
23365, 656
656, 20763
19724, 657
657, 8932
657, 12662
11837, 658
658, 20142
13453, 659
659, 12280
16060, 660
660, 25248
15960, 661
661, 20536
14517, 662
662, 24112
662, 19850
14525, 663
663, 10058
14034, 664
664, 24651
13119, 665
665, 22223
14907, 666
666, 10864
19400, 667
667, 9850
24423, 668
668, 23324
24157, 669
669, 18042
20301, 670
670, 15849
20755, 671
671, 20670
15392, 672
672, 16599
24296, 673
673, 17396
9006, 674
11552, 674
8209, 674
23323, 674
10003, 674
19815, 674
25297, 674
11676, 674
20358, 674
12165, 674
16065, 674
22233, 674
18021, 674
15758, 674
11709, 674
674, 15032
16707, 675
675, 8877
11726, 676
23485, 676
11352, 676
676, 9274
17678, 677
677, 15758
8563, 678
678, 11791
20991, 679
679, 7463
15820, 680
680, 16512
25324, 681
681, 22335
21437, 682
682, 10376
8127, 683
683, 19278
19260, 684
684, 17059
684, 11633
22175, 685
685, 20195
9101, 686
686, 9322
10240, 687
15915, 687
12669, 687
687, 7714
12924, 688
688, 16155
688, 9702
688, 19491
10899, 689
689, 10957
23089, 690
12071, 690
21290, 690
690, 7164
8256, 691
14119, 691
691, 12154
24520, 692
692, 8328
22254, 693
693, 18529
23101, 694
694, 15987
16956, 695
695, 11797
19724, 696
696, 9076
8086, 697
697, 15407
19254, 698
698, 20929
11026, 699
699, 23962
25134, 700
700, 22978
8086, 701
701, 17076
17696, 702
702, 20539
23048, 703
703, 18701
21482, 704
21855, 704
704, 23931
22868, 705
705, 18437
705, 14123
705, 24950
705, 7423
705, 12986
705, 10843
705, 11803
705, 20366
705, 22656
705, 19568
705, 23268
705, 17949
705, 16957
705, 15386
705, 9375
705, 12001
705, 13958
705, 17539
705, 18298
705, 14068
705, 18146
705, 7808
705, 13659
705, 23690
705, 8044
705, 19989
705, 17981
705, 19356
705, 21631
705, 14366
12714, 706
706, 11968
18851, 707
707, 9325
15390, 708
708, 14351
21014, 709
709, 19684
17663, 710
710, 13602
23841, 711
711, 20775
25014, 712
10758, 712
712, 14634
9432, 713
713, 20199
18011, 714
714, 10114
17556, 715
715, 24316
18591, 716
716, 15019
716, 9254
8248, 717
717, 14264
9191, 718
718, 12613
10553, 719
719, 21011
25548, 720
720, 19250
24907, 721
721, 12074
20276, 722
722, 18886
11918, 723
723, 24694
21945, 724
724, 12428
724, 14426
16166, 725
725, 14322
13100, 726
726, 20858
19724, 727
727, 7359
727, 21253
7683, 728
728, 10452
9343, 729
23611, 729
729, 11763
14566, 730
730, 21892
21971, 731
731, 15358
7976, 732
732, 12745
13561, 733
733, 16980
23827, 734
11780, 734
734, 14266
24609, 735
735, 14294
8457, 736
736, 16389
17545, 737
737, 24303
737, 20068
15353, 738
7682, 738
14445, 738
16368, 738
13970, 738
14514, 738
738, 7535
12517, 739
10810, 739
22672, 739
10748, 739
739, 25048
10983, 740
18746, 740
14120, 740
15407, 740
20657, 740
7146, 740
17772, 740
10302, 740
16980, 740
14264, 740
17669, 740
9694, 740
11513, 740
21043, 740
19226, 740
7435, 740
8079, 740
15214, 740
7852, 740
22128, 740
12871, 740
22819, 740
17257, 740
8824, 740
14050, 740
17890, 740
7535, 740
10813, 740
8134, 740
8153, 740
8162, 740
20702, 740
7748, 740
22383, 740
18521, 740
7844, 740
24320, 740
17211, 740
13957, 740
10119, 740
8200, 740
8772, 740
16016, 740
15969, 740
8853, 740
17987, 740
24349, 740
19447, 740
25412, 740
23234, 740
15785, 740
8342, 740
17955, 740
7733, 740
22158, 740
18008, 740
19299, 740
23885, 740
10812, 740
24514, 740
10036, 740
8906, 740
14266, 740
24770, 740
12622, 740
20323, 740
16578, 740
17391, 740
20332, 740
8882, 740
24465, 740
10811, 740
8210, 740
740, 19315
20480, 741
741, 11473
23796, 742
20821, 742
742, 24192
742, 10700
742, 20358
14971, 743
7655, 743
14016, 743
25559, 743
743, 10670
11018, 744
744, 18678
16646, 745
745, 18228
23994, 746
14993, 746
746, 15099
21862, 747
747, 19029
24704, 748
748, 18683
8173, 749
24581, 749
749, 11791
7529, 750
750, 9848
16366, 751
21545, 751
9643, 751
751, 10999
15708, 752
752, 20293
22212, 753
753, 21063
16698, 754
754, 10881
20723, 755
13377, 755
755, 14241
16431, 756
756, 15498
22268, 757
24549, 757
21355, 757
757, 12887
8991, 758
758, 16294
25141, 759
759, 12119
8247, 760
760, 10202
760, 21082
19254, 761
761, 20929
23188, 762
762, 21736
10416, 763
763, 17396
14136, 764
764, 20865
10099, 765
765, 12398
12528, 766
766, 15802
7105, 767
23211, 767
19424, 767
767, 20647
18664, 768
768, 10330
20755, 769
769, 11372
23893, 770
8184, 770
20695, 770
16412, 770
24370, 770
8737, 770
12642, 770
19422, 770
12310, 770
8621, 770
17773, 770
8539, 770
24970, 770
770, 16785
770, 17448
13800, 771
771, 17180
10477, 772
772, 14459
12481, 773
773, 18844
22490, 774
774, 14812
8391, 775
775, 24288
23406, 776
776, 20542
24354, 777
777, 14238
19018, 778
778, 16517
24348, 779
779, 15202
20061, 780
780, 18009
13338, 781
781, 9717
10627, 782
782, 8892
16568, 783
783, 16667
21893, 784
784, 14178
9557, 785
785, 17160
16902, 786
18439, 786
11815, 786
9994, 786
22529, 786
10294, 786
13138, 786
7556, 786
23368, 786
21422, 786
7145, 786
786, 15032
11210, 787
787, 7511
15236, 788
788, 24349
15114, 789
789, 18707
15186, 790
790, 19109
15229, 791
13803, 791
791, 18173
14186, 792
792, 24651
9930, 793
793, 17864
16438, 794
794, 23522
794, 24906
15763, 795
795, 8572
795, 12229
18620, 796
18427, 796
796, 23255
796, 24799
13639, 797
797, 16656
11665, 798
14471, 798
19360, 798
12054, 798
19783, 798
21479, 798
9807, 798
9303, 798
13019, 798
7851, 798
10922, 798
11895, 798
15778, 798
10759, 798
12773, 798
14713, 798
12825, 798
15345, 798
798, 12280
14317, 799
799, 19123
799, 12076
7744, 800
800, 24430
15296, 801
801, 23731
19949, 802
802, 12258
22098, 803
8592, 803
803, 14539
24411, 804
804, 18443
15828, 805
14569, 805
22691, 805
10993, 805
14595, 805
16017, 805
25301, 805
8131, 805
7231, 805
17572, 805
19423, 805
14061, 805
13396, 805
15375, 805
20114, 805
9317, 805
13855, 805
23028, 805
22152, 805
17843, 805
18449, 805
24267, 805
11382, 805
16638, 805
18833, 805
10417, 805
16526, 805
25156, 805
18177, 805
25509, 805
20180, 805
19072, 805
22809, 805
23130, 805
18647, 805
16420, 805
21593, 805
8577, 805
24847, 805
15554, 805
12896, 805
8350, 805
20848, 805
12155, 805
12245, 805
18671, 805
10868, 805
12383, 805
17016, 805
8275, 805
14914, 805
25139, 805
17285, 805
17683, 805
22302, 805
22104, 805
25365, 805
16402, 805
13353, 805
8049, 805
19120, 805
18107, 805
9395, 805
25358, 805
24964, 805
12248, 805
12484, 805
23035, 805
10472, 805
24822, 805
11139, 805
24648, 805
10211, 805
18642, 805
23369, 805
18300, 805
9011, 805
8630, 805
7610, 805
10751, 805
9958, 805
17716, 805
14844, 805
8562, 805
19682, 805
13774, 805
22387, 805
10362, 805
8377, 805
20586, 805
7247, 805
15429, 805
17602, 805
24342, 805
13709, 805
22783, 805
21005, 805
18510, 805
23952, 805
24846, 805
18175, 805
8547, 805
23620, 805
23041, 805
13467, 805
16847, 805
13934, 805
7308, 805
17954, 805
17636, 805
14921, 805
24291, 805
21273, 805
15485, 805
16772, 805
19725, 805
12385, 805
10093, 805
24073, 805
19022, 805
17561, 805
22484, 805
19615, 805
16796, 805
23774, 805
15216, 805
24825, 805
11471, 805
23703, 805
10465, 805
19981, 805
17029, 805
11884, 805
24405, 805
16958, 805
14742, 805
12866, 805
24826, 805
13854, 805
10985, 805
12578, 805
11970, 805
11904, 805
7377, 805
21918, 805
10002, 805
18638, 805
24013, 805
22071, 805
805, 19665
23011, 806
16079, 806
11318, 806
7461, 806
20003, 806
19812, 806
20676, 806
9198, 806
8062, 806
10708, 806
7455, 806
806, 24048
13915, 807
807, 19788
807, 7368
19724, 808
808, 14284
15793, 809
10590, 809
809, 20889
8086, 810
810, 7572
7896, 811
15533, 811
811, 15406
20734, 812
812, 21799
23768, 813
813, 19954
813, 15254
10966, 814
814, 9891
14448, 815
815, 22458
20690, 816
816, 13759
19931, 817
817, 18569
9992, 818
818, 22183
14525, 819
819, 8973
23365, 820
820, 11762
8086, 821
821, 16578
14224, 822
822, 24651
19724, 823
823, 22060
22457, 824
824, 10924
22006, 825
825, 20473
12407, 826
826, 24359
16150, 827
11111, 827
827, 13422
827, 21541
827, 16794
827, 13284
827, 21428
827, 18626
827, 10632
827, 24419
827, 19311
827, 15683
827, 23853
827, 13930
827, 13280
827, 18030
827, 12217
827, 25431
827, 13728
827, 24314
827, 10554
827, 13999
827, 15962
7884, 828
828, 11734
17530, 829
829, 8680
16159, 830
830, 13131
13347, 831
831, 23046
18664, 832
832, 23294
8738, 833
833, 11008
22410, 834
834, 10298
11408, 835
835, 12520
7341, 836
836, 17667
24635, 837
837, 18212
15704, 838
20851, 838
23251, 838
15796, 838
25121, 838
17111, 838
15477, 838
15101, 838
18299, 838
7783, 838
14813, 838
18128, 838
9931, 838
12954, 838
838, 11102
14673, 839
839, 15568
24924, 840
19340, 840
840, 21445
11544, 841
841, 10300
8041, 842
842, 9756
19633, 843
10541, 843
23110, 843
11330, 843
14774, 843
21598, 843
7517, 843
14492, 843
10603, 843
7495, 843
14467, 843
20186, 843
10960, 843
7487, 843
20163, 843
23965, 843
17867, 843
11116, 843
24191, 843
14232, 843
12120, 843
14679, 843
19110, 843
8808, 843
23236, 843
25487, 843
17439, 843
16157, 843
10115, 843
8169, 843
9414, 843
24602, 843
7856, 843
19173, 843
23809, 843
17973, 843
23509, 843
15842, 843
18966, 843
8099, 843
843, 15032
18872, 844
844, 22953
9521, 845
845, 25028
8086, 846
846, 10028
10509, 847
847, 22766
25400, 848
848, 8386
24505, 849
14234, 849
849, 21422
19724, 850
850, 11404
19399, 851
851, 17147
21387, 852
25504, 852
7414, 852
7553, 852
13674, 852
11686, 852
20873, 852
20035, 852
8777, 852
25017, 852
24709, 852
14442, 852
852, 20467
17983, 853
853, 13759
10893, 854
854, 17734
14007, 855
23180, 855
16375, 855
855, 15802
17060, 856
856, 17403
11152, 857
857, 8368
8086, 858
858, 16388
21258, 859
859, 16764
22720, 860
860, 19643
20755, 861
861, 19016
9693, 862
862, 22163
10475, 863
863, 19809
21998, 864
864, 8226
22870, 865
865, 16041
15151, 866
7448, 866
22903, 866
866, 23851
7285, 867
867, 15543
16730, 868
868, 18859
9612, 869
869, 15545
10136, 870
870, 13497
13191, 871
871, 12614
19911, 872
15897, 872
872, 22133
872, 8836
23464, 873
873, 22416
16775, 874
874, 11755
25473, 875
875, 18535
9179, 876
876, 24839
21447, 877
23595, 877
13167, 877
9542, 877
14001, 877
24613, 877
13392, 877
15645, 877
22781, 877
8626, 877
15218, 877
24124, 877
23150, 877
20948, 877
19658, 877
17721, 877
23871, 877
13647, 877
7670, 877
10124, 877
14912, 877
13755, 877
10794, 877
21179, 877
19103, 877
16624, 877
19739, 877
10735, 877
15402, 877
12868, 877
7366, 877
19665, 877
12441, 877
877, 15032
16771, 878
878, 14925
13144, 879
879, 12898
879, 10022
20797, 880
880, 11992
15144, 881
881, 11788
23795, 882
882, 16767
9528, 883
883, 24397
9009, 884
884, 7143
16531, 885
885, 24269
885, 22118
885, 24334
885, 21369
14794, 886
886, 12253
18522, 887
887, 21453
22615, 888
888, 12290
22908, 889
889, 25306
19710, 890
890, 11362
12407, 891
891, 10181
23199, 892
11054, 892
24651, 892
25236, 892
18473, 892
25135, 892
11755, 892
10904, 892
14586, 892
10212, 892
12960, 892
14570, 892
10395, 892
17895, 892
25416, 892
20195, 892
13065, 892
21011, 892
17488, 892
8331, 892
12652, 892
11685, 892
16599, 892
15441, 892
22451, 892
17396, 892
13941, 892
13368, 892
16145, 892
10795, 892
17934, 892
10977, 892
12280, 892
17578, 892
892, 17963
892, 19724
11354, 893
893, 22390
21864, 894
894, 9723
894, 15492
9326, 895
895, 11412
20797, 896
896, 20571
17678, 897
897, 13199
19724, 898
898, 8200
898, 8002
9067, 899
899, 13634
12527, 900
900, 17426
19724, 901
901, 20965
11950, 902
12753, 902
902, 10088
19701, 903
903, 11341
903, 13908
903, 22088
25471, 904
904, 21591
24640, 905
905, 23310
12269, 906
906, 13165
12287, 907
24687, 907
14735, 907
8929, 907
21954, 907
19119, 907
10425, 907
19099, 907
20703, 907
22203, 907
10598, 907
23587, 907
907, 16242
22195, 908
908, 7409
16725, 909
909, 22390
25475, 910
17887, 910
18512, 910
910, 15580
22811, 911
911, 17769
15051, 912
20475, 912
8774, 912
912, 7855
11289, 913
913, 17620
17429, 914
914, 12138
914, 19085
14836, 915
915, 13167
915, 9542
915, 24613
915, 15218
915, 14912
915, 13755
915, 19739
915, 10735
915, 12868
915, 12441
915, 24830
915, 24014
915, 20013
915, 10724
915, 7379
915, 13916
915, 21528
915, 13389
915, 21006
915, 16761
915, 16905
915, 20378
12963, 916
10714, 916
10281, 916
916, 17229
20161, 917
917, 20483
25108, 918
918, 12180
22987, 919
919, 16505
11765, 920
10894, 920
920, 24592
14433, 921
921, 22901
23300, 922
7700, 922
922, 11696
14364, 923
923, 19641
22219, 924
924, 23904
20453, 925
925, 19704
13440, 926
926, 14106
8086, 927
927, 10869
10845, 928
928, 21472
23156, 929
929, 23777
18464, 930
930, 20280
8234, 931
931, 10925
17776, 932
932, 21265
25436, 933
11834, 933
12010, 933
25491, 933
19716, 933
10980, 933
15453, 933
12082, 933
23401, 933
21129, 933
9174, 933
15203, 933
20982, 933
14337, 933
23002, 933
22686, 933
13504, 933
12503, 933
14747, 933
10778, 933
24641, 933
20608, 933
16654, 933
17342, 933
15520, 933
13340, 933
17084, 933
13103, 933
20718, 933
14969, 933
7695, 933
16583, 933
16434, 933
15773, 933
17052, 933
10278, 933
16794, 933
23915, 933
14714, 933
16105, 933
13546, 933
23487, 933
9157, 933
15917, 933
20777, 933
20148, 933
11109, 933
18834, 933
19661, 933
23982, 933
14027, 933
15370, 933
20602, 933
20101, 933
20748, 933
10103, 933
19532, 933
11589, 933
12274, 933
20553, 933
15503, 933
23075, 933
22146, 933
14672, 933
12218, 933
15840, 933
9619, 933
14229, 933
20322, 933
25562, 933
21991, 933
24445, 933
12250, 933
8874, 933
17888, 933
9044, 933
22725, 933
22423, 933
22163, 933
23616, 933
16498, 933
7745, 933
21795, 933
11662, 933
8421, 933
14684, 933
7473, 933
15683, 933
18315, 933
14092, 933
12560, 933
14550, 933
17109, 933
19015, 933
24060, 933
19906, 933
10438, 933
7177, 933
13948, 933
19546, 933
19985, 933
20214, 933
22666, 933
8950, 933
24879, 933
19215, 933
9664, 933
15191, 933
10807, 933
15941, 933
16524, 933
12682, 933
13766, 933
22922, 933
15767, 933
14929, 933
25219, 933
7739, 933
9095, 933
9469, 933
18800, 933
13575, 933
8523, 933
17156, 933
13521, 933
9143, 933
15619, 933
13211, 933
15784, 933
13078, 933
10297, 933
7271, 933
15104, 933
23391, 933
18961, 933
20519, 933
12667, 933
13949, 933
18871, 933
10437, 933
11136, 933
23844, 933
9253, 933
10747, 933
8907, 933
16631, 933
18693, 933
24592, 933
16452, 933
7493, 933
10508, 933
11202, 933
22519, 933
13922, 933
23379, 933
18426, 933
24767, 933
13041, 933
9549, 933
13261, 933
14825, 933
14812, 933
13756, 933
21416, 933
7281, 933
23940, 933
12006, 933
10152, 933
18207, 933
12422, 933
24208, 933
16094, 933
16977, 933
21538, 933
13728, 933
15209, 933
19057, 933
12337, 933
24343, 933
9835, 933
13815, 933
18419, 933
24527, 933
22574, 933
10554, 933
14592, 933
14118, 933
933, 10071
16328, 934
934, 22248
8086, 935
935, 14287
7298, 936
7653, 936
9354, 936
23287, 936
8236, 936
18257, 936
936, 19506
13900, 937
937, 17396
19907, 938
938, 11098
11899, 939
19789, 939
939, 16727
7107, 940
10970, 940
940, 16727
18967, 941
941, 8331
8908, 942
942, 11112
12953, 943
943, 22451
22390, 944
944, 14162
944, 16377
944, 18610
944, 10991
11161, 945
15355, 945
7210, 945
20294, 945
16873, 945
10024, 945
21207, 945
11523, 945
16367, 945
11495, 945
20899, 945
19583, 945
24254, 945
13583, 945
23720, 945
945, 10447
9907, 946
946, 23055
16330, 947
947, 12683
8086, 948
948, 22777
11928, 949
949, 9176
949, 14275
19235, 950
950, 13294
23127, 951
951, 22607
16747, 952
20439, 952
11218, 952
7225, 952
12556, 952
20795, 952
22207, 952
20367, 952
14697, 952
18309, 952
13038, 952
19705, 952
22399, 952
7075, 952
10315, 952
7388, 952
15809, 952
9975, 952
20827, 952
24466, 952
21960, 952
13172, 952
23434, 952
8420, 952
14744, 952
22186, 952
24910, 952
11170, 952
18974, 952
19006, 952
10466, 952
23074, 952
8530, 952
10740, 952
11844, 952
8138, 952
9116, 952
22667, 952
23987, 952
12689, 952
18397, 952
18496, 952
7788, 952
10346, 952
10194, 952
22576, 952
15769, 952
10754, 952
14444, 952
8843, 952
22822, 952
12576, 952
9865, 952
14246, 952
7915, 952
15939, 952
17927, 952
16295, 952
10741, 952
12969, 952
25378, 952
7588, 952
24652, 952
13160, 952
11309, 952
21163, 952
25030, 952
24440, 952
9563, 952
25506, 952
23715, 952
952, 18945
17678, 953
953, 16940
953, 22198
953, 15617
10642, 954
25536, 954
17655, 954
954, 10938
19828, 955
955, 13954
10363, 956
956, 13742
15981, 957
17436, 957
957, 18223
21175, 958
24772, 958
13113, 958
958, 22781
17852, 959
959, 25491
959, 20748
959, 8421
959, 19985
959, 11136
959, 21166
959, 17745
959, 9409
959, 7691
959, 24601
959, 12325
959, 8834
959, 14232
959, 22000
959, 14824
959, 23823
959, 19618
959, 14081
959, 24375
959, 19778
959, 23128
959, 17656
959, 20256
959, 8773
959, 9901
959, 12539
959, 11285
959, 14432
959, 19598
959, 22277
959, 11870
959, 12025
959, 9531
959, 17586
959, 18071
959, 14020
959, 14965
959, 16636
959, 22599
959, 18679
959, 14829
959, 8541
959, 22188
19724, 960
960, 15775
9681, 961
961, 15991
18629, 962
962, 23779
18729, 963
963, 13051
25014, 964
964, 14916
20421, 965
25023, 965
23101, 965
965, 14759
19857, 966
966, 11856
20755, 967
967, 22693
10044, 968
21630, 968
968, 11485
9035, 969
969, 17831
10890, 970
970, 8829
22837, 971
21526, 971
22895, 971
15347, 971
7108, 971
11383, 971
10008, 971
21923, 971
8571, 971
14867, 971
23762, 971
13429, 971
8553, 971
10135, 971
16516, 971
8156, 971
11467, 971
23138, 971
16923, 971
11281, 971
10391, 971
12126, 971
16074, 971
13955, 971
10357, 971
18502, 971
24624, 971
24023, 971
25199, 971
23186, 971
18825, 971
23857, 971
19500, 971
22834, 971
19952, 971
19049, 971
7253, 971
23045, 971
971, 8532
16611, 972
972, 20677
7215, 973
973, 9345
21225, 974
974, 14320
15990, 975
18580, 975
10519, 975
18103, 975
23713, 975
8812, 975
20887, 975
16519, 975
24544, 975
14624, 975
21518, 975
17870, 975
23888, 975
11499, 975
11638, 975
17068, 975
22330, 975
7664, 975
14347, 975
14029, 975
22701, 975
12296, 975
19308, 975
15268, 975
13732, 975
23725, 975
23985, 975
24956, 975
8669, 975
7392, 975
16411, 975
21308, 975
15309, 975
24310, 975
20317, 975
10595, 975
21894, 975
8212, 975
975, 10804
15792, 976
976, 8771
24112, 977
977, 13555
977, 20847
977, 11945
977, 19772
11214, 978
978, 20017
12924, 979
979, 9560
12820, 980
980, 9057
19951, 981
981, 11989
12957, 982
982, 15622
24057, 983
983, 20280
14276, 984
984, 18073
24968, 985
985, 12221
21051, 986
986, 23459
16543, 987
7119, 987
987, 9920
12407, 988
988, 12160
11975, 989
989, 10802
12407, 990
990, 16813
8716, 991
991, 15332
991, 16679
12924, 992
992, 24332
15325, 993
993, 21029
13309, 994
994, 7798
11097, 995
995, 20082
17078, 996
996, 20775
7586, 997
997, 9034
19724, 998
998, 15342
18101, 999
999, 8222
14976, 1000
1000, 15214
13636, 1001
1001, 16456
17661, 1002
1002, 19636
23571, 1003
16963, 1003
1003, 23960
11704, 1004
1004, 20293
7825, 1005
1005, 11121
7744, 1006
1006, 24027
12623, 1007
1007, 21633
13966, 1008
1008, 11293
17472, 1009
1009, 11676
1009, 7524
23365, 1010
1010, 25408
1010, 12133
1010, 20081
7309, 1011
1011, 16727
25548, 1012
1012, 19250
11530, 1013
1013, 17532
1013, 11168
1013, 17952
25428, 1014
1014, 20070
12924, 1015
1015, 19177
1015, 9560
9054, 1016
1016, 23765
18729, 1017
1017, 24732
1017, 21459
7562, 1018
1018, 21111
25460, 1019
1019, 12843
12104, 1020
1020, 13923
23206, 1021
1021, 9717
8086, 1022
1022, 8468
24250, 1023
1023, 23990
23776, 1024
1024, 12010
1024, 15520
1024, 20718
1024, 16794
1024, 13546
1024, 20101
1024, 23075
1024, 22725
1024, 23616
1024, 21795
1024, 15683
1024, 25219
1024, 11928
1024, 15619
1024, 14085
1024, 8907
1024, 21416
1024, 9835
1024, 7567
14464, 1025
1025, 19894
22811, 1026
1026, 14175
13782, 1027
1027, 16737
9693, 1028
1028, 17305
8086, 1029
1029, 7765
21371, 1030
13628, 1030
22369, 1030
9717, 1030
11212, 1030
11220, 1030
9270, 1030
10972, 1030
25328, 1030
8533, 1030
10464, 1030
16336, 1030
1030, 15032
19557, 1031
1031, 22418
1031, 12592
18041, 1032
19477, 1032
23735, 1032
14048, 1032
1032, 20939
23558, 1033
1033, 18723
12942, 1034
1034, 16899
23460, 1035
1035, 23606
16704, 1036
1036, 21821
22938, 1037
8797, 1037
1037, 20608
7780, 1038
1038, 17797
16735, 1039
1039, 19726
24188, 1040
1040, 7645
1040, 11380
1040, 22930
1040, 17301
8270, 1041
1041, 10961
8549, 1042
1042, 23697
24467, 1043
1043, 17396
7207, 1044
1044, 13103
23524, 1045
1045, 12498
8124, 1046
1046, 14539
18878, 1047
1047, 10938
22332, 1048
1048, 8100
12367, 1049
12364, 1049
25274, 1049
1049, 18082
18500, 1050
1050, 18702
13892, 1051
1051, 11755
24004, 1052
1052, 24857
9023, 1053
22456, 1053
15611, 1053
24232, 1053
11235, 1053
15160, 1053
1053, 16928
19300, 1054
1054, 13136
19724, 1055
1055, 20008
21478, 1056
1056, 18431
22944, 1057
1057, 11430
16531, 1058
1058, 11084
1058, 19793
1058, 8499
21985, 1059
1059, 17382
10493, 1060
1060, 21170
18265, 1061
1061, 12948
21206, 1062
1062, 10815
9364, 1063
1063, 16753
14113, 1064
1064, 14285
15084, 1065
1065, 8448
21648, 1066
1066, 14960
19724, 1067
1067, 10380
10908, 1068
1068, 15704
22393, 1069
24480, 1069
1069, 23162
16147, 1070
1070, 10033
19384, 1071
1071, 23472
12924, 1072
1072, 24332
7572, 1073
21495, 1073
23443, 1073
25265, 1073
19990, 1073
20851, 1073
10202, 1073
25077, 1073
19372, 1073
20099, 1073
21621, 1073
21082, 1073
23263, 1073
22626, 1073
20712, 1073
17168, 1073
25411, 1073
22250, 1073
13185, 1073
20478, 1073
8981, 1073
16690, 1073
18598, 1073
20893, 1073
11907, 1073
18250, 1073
21943, 1073
18210, 1073
24683, 1073
16578, 1073
17941, 1073
9900, 1073
1073, 11102
19724, 1074
1074, 19631
25279, 1075
17199, 1075
16239, 1075
21131, 1075
20358, 1075
24775, 1075
22651, 1075
20627, 1075
7145, 1075
1075, 15032
11390, 1076
1076, 13906
18066, 1077
1077, 20102
21095, 1078
1078, 14594
24177, 1079
7200, 1079
1079, 13336
11615, 1080
11558, 1080
14856, 1080
21903, 1080
15207, 1080
14159, 1080
23353, 1080
16002, 1080
23318, 1080
10149, 1080
11114, 1080
15168, 1080
9598, 1080
22440, 1080
9187, 1080
7601, 1080
11634, 1080
15232, 1080
24154, 1080
9679, 1080
22124, 1080
15540, 1080
20687, 1080
14010, 1080
11711, 1080
15874, 1080
25305, 1080
18905, 1080
12937, 1080
15886, 1080
22226, 1080
7335, 1080
18110, 1080
16625, 1080
20275, 1080
10974, 1080
15803, 1080
22779, 1080
20822, 1080
15094, 1080
25525, 1080
18303, 1080
19318, 1080
12734, 1080
10887, 1080
15847, 1080
21787, 1080
22116, 1080
11328, 1080
24319, 1080
25032, 1080
19977, 1080
17596, 1080
18095, 1080
7240, 1080
19169, 1080
9787, 1080
24577, 1080
17642, 1080
1080, 19059
22796, 1081
1081, 16640
18384, 1082
1082, 8355
1082, 21615
9017, 1083
1083, 12893
21985, 1084
1084, 18348
12612, 1085
11706, 1085
15544, 1085
12461, 1085
1085, 22154
7598, 1086
1086, 8331
16471, 1087
1087, 8990
11913, 1088
1088, 14649
9329, 1089
1089, 23982
16986, 1090
1090, 9717
12737, 1091
1091, 22664
23665, 1092
9410, 1092
16529, 1092
24829, 1092
24940, 1092
18260, 1092
1092, 8208
13852, 1093
1093, 19585
16619, 1094
1094, 22857
11237, 1095
16649, 1095
1095, 7086
22332, 1096
1096, 16363
24833, 1097
1097, 21265
17364, 1098
1098, 21179
11691, 1099
1099, 16341
9247, 1100
1100, 9810
9461, 1101
25055, 1101
1101, 8766
19386, 1102
1102, 11637
1102, 14957
23039, 1103
1103, 25447
10374, 1104
1104, 15553
19724, 1105
1105, 14563
12964, 1106
11541, 1106
1106, 25248
7806, 1107
1107, 13847
18433, 1108
1108, 22819
23625, 1109
1109, 7334
11927, 1110
1110, 18225
9551, 1111
1111, 22318
19293, 1112
1112, 8289
20209, 1113
21144, 1113
1113, 14422
14791, 1114
8094, 1114
1114, 18569
16689, 1115
1115, 12620
18045, 1116
17027, 1116
25149, 1116
1116, 23922
19258, 1117
1117, 25537
22074, 1118
1118, 24651
16050, 1119
1119, 20775
14788, 1120
1120, 8162
16888, 1121
1121, 22446
23152, 1122
1122, 17396
25015, 1123
1123, 23691
9527, 1124
1124, 13662
19092, 1125
1125, 16423
20952, 1126
1126, 17763
20362, 1127
1127, 16893
9871, 1128
1128, 25207
15851, 1129
1129, 19703
9132, 1130
1130, 11658
1130, 15083
16848, 1131
1131, 11755
8086, 1132
1132, 16578
25569, 1133
25026, 1133
7704, 1133
17994, 1133
1133, 8708
1133, 15404
25529, 1134
1134, 18207
14876, 1135
1135, 14809
17527, 1136
1136, 23267
16461, 1137
1137, 24175
18729, 1138
18664, 1138
24510, 1138
1138, 23030
1138, 9858
11591, 1139
1139, 12260
23919, 1140
15038, 1140
16245, 1140
17086, 1140
17614, 1140
19795, 1140
21410, 1140
16852, 1140
22506, 1140
8686, 1140
7703, 1140
8295, 1140
12489, 1140
17626, 1140
12724, 1140
16937, 1140
24150, 1140
14621, 1140
17803, 1140
23671, 1140
10872, 1140
15364, 1140
23738, 1140
15420, 1140
25050, 1140
22728, 1140
14952, 1140
11931, 1140
24495, 1140
7966, 1140
17005, 1140
12735, 1140
19612, 1140
14043, 1140
7118, 1140
8619, 1140
13573, 1140
13719, 1140
8495, 1140
20979, 1140
19897, 1140
16557, 1140
8462, 1140
20416, 1140
8268, 1140
12069, 1140
1140, 12981
19724, 1141
1141, 9143
17429, 1142
1142, 8791
1142, 25095
1142, 17937
20587, 1143
1143, 24749
13740, 1144
1144, 9562
22729, 1145
1145, 18468
10728, 1146
1146, 11763
12169, 1147
1147, 9475
8908, 1148
1148, 10544
17106, 1149
1149, 22922
16926, 1150
1150, 14266
13820, 1151
19251, 1151
11219, 1151
13590, 1151
11410, 1151
13787, 1151
11873, 1151
12763, 1151
19357, 1151
12412, 1151
23937, 1151
18839, 1151
25088, 1151
7555, 1151
24746, 1151
25130, 1151
1151, 15875
10121, 1152
1152, 12268
18267, 1153
1153, 19872
14237, 1154
1154, 20780
18109, 1155
1155, 8950
18973, 1156
1156, 17231
23356, 1157
1157, 10926
18664, 1158
1158, 18021
22091, 1159
13164, 1159
1159, 7281
11977, 1160
12686, 1160
9111, 1160
20639, 1160
22913, 1160
12899, 1160
13784, 1160
15281, 1160
7929, 1160
16232, 1160
18552, 1160
22403, 1160
22132, 1160
23278, 1160
1160, 15032
14011, 1161
1161, 7492
18404, 1162
1162, 7192
1162, 9522
19828, 1163
1163, 15829
20587, 1164
1164, 16818
1164, 10900
1164, 20446
1164, 21600
1164, 18227
1164, 23815
1164, 23934
12070, 1165
1165, 21940
17236, 1166
1166, 17054
10737, 1167
1167, 8168
10722, 1168
1168, 8645
9912, 1169
1169, 22804
1169, 10177
8316, 1170
1170, 19171
19923, 1171
1171, 12860
11426, 1172
21752, 1172
1172, 18281
20342, 1173
1173, 8510
19724, 1174
1174, 22731
17429, 1175
1175, 7238
1175, 14446
1175, 24821
14632, 1176
1176, 17120
9498, 1177
1177, 22094
19762, 1178
1178, 7746
21222, 1179
1179, 18611
1179, 12600
18884, 1180
1180, 14903
16697, 1181
1181, 13863
10418, 1182
1182, 11982
1182, 12348
1182, 10569
1182, 8595
1182, 21028
1182, 23752
1182, 12378
1182, 22136
1182, 13532
1182, 22328
19659, 1183
1183, 9717
16015, 1184
12102, 1184
8092, 1184
19288, 1184
1184, 14036
1184, 23963
1184, 15591
1184, 16343
1184, 15980
1184, 11943
1184, 15983
9585, 1185
19503, 1185
1185, 20775
8086, 1186
1186, 17451
18664, 1187
1187, 22147
25497, 1188
1188, 12158
13919, 1189
1189, 14493
24659, 1190
1190, 17947
25232, 1191
1191, 10888
11571, 1192
1192, 13357
24615, 1193
1193, 14550
19724, 1194
1194, 22390
1194, 13578
22443, 1195
1195, 15201
21584, 1196
1196, 17588
8608, 1197
1197, 11938
24070, 1198
1198, 14484
20587, 1199
1199, 7425
1199, 11767
1199, 8279
1199, 13974
1199, 25008
8086, 1200
1200, 16487
24820, 1201
1201, 12182
19828, 1202
1202, 22665
1202, 10479
1202, 24875
24622, 1203
1203, 24855
11979, 1204
1204, 12321
18729, 1205
1205, 23846
11837, 1206
1206, 20142
18124, 1207
7120, 1207
1207, 17396
14111, 1208
1208, 19766
9976, 1209
1209, 18786
8124, 1210
1210, 14539
20787, 1211
9504, 1211
11032, 1211
1211, 14495
17243, 1212
1212, 24165
13796, 1213
1213, 24164
10756, 1214
1214, 19186
11911, 1215
1215, 8167
21186, 1216
1216, 19232
10518, 1217
19144, 1217
8292, 1217
23932, 1217
1217, 21969
19724, 1218
1218, 15003
10514, 1219
1219, 16928
17816, 1220
1220, 13857
20261, 1221
1221, 24432
11298, 1222
1222, 14501
19724, 1223
1223, 8537
11532, 1224
1224, 12935
19724, 1225
1225, 19964
12895, 1226
1226, 12207
18302, 1227
1227, 7269
23890, 1228
1228, 13859
19306, 1229
1229, 9717
7869, 1230
1230, 8386
24608, 1231
1231, 11277
11000, 1232
1232, 16684
21523, 1233
8296, 1233
17659, 1233
1233, 18723
20374, 1234
1234, 22094
10509, 1235
13300, 1235
1235, 10496
1235, 14748
9590, 1236
1236, 8833
16159, 1237
1237, 25558
21896, 1238
1238, 22625
1238, 23412
22020, 1239
1239, 10432
17597, 1240
20454, 1240
1240, 11570
11672, 1241
1241, 7127
1241, 7812
19828, 1242
1242, 20406
1242, 17300
24170, 1243
1243, 11239
21288, 1244
25038, 1244
1244, 11818
18367, 1245
1245, 12452
14616, 1246
1246, 7464
12924, 1247
1247, 9939
12726, 1248
1248, 7745
9379, 1249
1249, 20015
19724, 1250
1250, 16657
7802, 1251
1251, 8477
19740, 1252
20361, 1252
1252, 11384
16949, 1253
1253, 14266
18709, 1254
17320, 1254
19382, 1254
1254, 9719
1254, 16563
20369, 1255
1255, 10010
1255, 22700
10745, 1256
1256, 12014
19724, 1257
1257, 14093
12407, 1258
1258, 11954
8086, 1259
1259, 14905
15046, 1260
1260, 10659
21246, 1261
1261, 23047
14853, 1262
1262, 10087
19629, 1263
1263, 7256
19341, 1264
1264, 7269
25379, 1265
1265, 21636
15408, 1266
12306, 1266
21297, 1266
15757, 1266
9717, 1266
21476, 1266
16350, 1266
19377, 1266
15986, 1266
12325, 1266
14986, 1266
24153, 1266
21202, 1266
19196, 1266
15686, 1266
20040, 1266
20173, 1266
10823, 1266
18155, 1266
7913, 1266
18972, 1266
17706, 1266
11400, 1266
1266, 15032
11529, 1267
1267, 17411
9662, 1268
1268, 18001
25478, 1269
1269, 25377
24510, 1270
1270, 24408
13115, 1271
1271, 12568
7488, 1272
7198, 1272
1272, 16982
24211, 1273
1273, 23250
17335, 1274
1274, 16677
1274, 16352
1274, 8115
1274, 23984
15979, 1275
1275, 18633
7507, 1276
1276, 17292
20091, 1277
1277, 11327
17483, 1278
1278, 13587
7679, 1279
1279, 18002
1279, 13552
1279, 16816
1279, 10684
1279, 16174
1279, 23306
1279, 17161
1279, 12781
1279, 17149
1279, 8865
1279, 7233
1279, 23496
1279, 10056
1279, 17995
1279, 11779
1279, 11086
1279, 18344
1279, 20196
1279, 13526
1279, 7519
1279, 19289
1279, 15702
1279, 17316
1279, 24146
1279, 24733
1279, 20879
1279, 11888
1279, 22907
1279, 21400
1279, 15494
1279, 21734
1279, 24858
1279, 12091
1279, 14141
1279, 16587
1279, 7289
1279, 21550
1279, 13678
1279, 24541
1279, 18262
1279, 12198
1279, 12802
1279, 23580
1279, 25441
1279, 16093
1279, 13017
1279, 11414
1279, 24093
1279, 17812
1279, 14363
1279, 13363
1279, 19344
1279, 14962
1279, 7074
1279, 17617
1279, 11901
1279, 22586
1279, 19467
1279, 14372
1279, 18301
1279, 23082
1279, 23836
1279, 21396
1279, 16594
1279, 7077
1279, 13468
1279, 15618
1279, 15608
1279, 21115
8827, 1280
11409, 1280
1280, 24368
11914, 1281
1281, 14539
14745, 1282
1282, 20775
1282, 14509
17485, 1283
1283, 19749
15720, 1284
13516, 1284
12295, 1284
22342, 1284
13741, 1284
12887, 1284
18021, 1284
1284, 15032
8086, 1285
1285, 12077
10338, 1286
1286, 18284
13542, 1287
1287, 22194
22379, 1288
1288, 20447
18664, 1289
1289, 20040
1289, 11400
1289, 20715
1289, 22376
24117, 1290
8113, 1290
19036, 1290
20739, 1290
10261, 1290
17302, 1290
1290, 13483
8837, 1291
1291, 25564
23101, 1292
1292, 10185
9261, 1293
1293, 11644
9717, 1294
8209, 1294
21411, 1294
1294, 15032
8126, 1295
1295, 8850
1295, 25111
11016, 1296
1296, 11938
12924, 1297
1297, 18113
1297, 24016
10549, 1298
1298, 12701
1298, 18221
1298, 9889
1298, 8478
1298, 15473
1298, 12315
1298, 16530
19724, 1299
1299, 19695
21662, 1300
9490, 1300
1300, 13412
14384, 1301
1301, 18190
13987, 1302
8788, 1302
1302, 22150
9478, 1303
1303, 14783
17850, 1304
24266, 1304
12624, 1304
8452, 1304
25511, 1304
7933, 1304
17717, 1304
22434, 1304
13506, 1304
17200, 1304
8185, 1304
15146, 1304
1304, 19742
22761, 1305
1305, 16076
19058, 1306
1306, 13238
23970, 1307
1307, 17272
7801, 1308
1308, 14146
9540, 1309
1309, 15941
23768, 1310
1310, 19055
14699, 1311
1311, 13323
22811, 1312
1312, 17769
18657, 1313
16733, 1313
1313, 25248
24178, 1314
8814, 1314
1314, 13456
21062, 1315
1315, 15904
14696, 1316
1316, 13702
11181, 1317
1317, 22451
10733, 1318
1318, 23755
22316, 1319
1319, 11047
7178, 1320
1320, 18008
12187, 1321
1321, 16474
10504, 1322
20174, 1322
15899, 1322
14901, 1322
24114, 1322
16439, 1322
22384, 1322
17446, 1322
11827, 1322
13114, 1322
8979, 1322
20125, 1322
10295, 1322
10270, 1322
10184, 1322
13743, 1322
11265, 1322
11996, 1322
15600, 1322
23340, 1322
11098, 1322
19426, 1322
11806, 1322
9477, 1322
19323, 1322
22335, 1322
11542, 1322
23678, 1322
19541, 1322
10762, 1322
12568, 1322
12395, 1322
9406, 1322
25469, 1322
21614, 1322
17786, 1322
8058, 1322
8012, 1322
15343, 1322
17932, 1322
19582, 1322
15770, 1322
7584, 1322
18532, 1322
14773, 1322
10578, 1322
17198, 1322
21799, 1322
23628, 1322
18937, 1322
21544, 1322
8847, 1322
22549, 1322
12721, 1322
23437, 1322
21666, 1322
12243, 1322
9652, 1322
7479, 1322
16038, 1322
22355, 1322
24694, 1322
9743, 1322
13707, 1322
17105, 1322
13122, 1322
11597, 1322
20889, 1322
18018, 1322
7374, 1322
24856, 1322
18001, 1322
24103, 1322
9830, 1322
20048, 1322
8167, 1322
9070, 1322
19619, 1322
7321, 1322
17430, 1322
24441, 1322
23753, 1322
12158, 1322
13085, 1322
22517, 1322
10253, 1322
14413, 1322
25388, 1322
16939, 1322
8380, 1322
20829, 1322
17622, 1322
9654, 1322
8002, 1322
15977, 1322
22060, 1322
19067, 1322
12700, 1322
16419, 1322
23155, 1322
13427, 1322
15119, 1322
18969, 1322
7952, 1322
13631, 1322
17474, 1322
8289, 1322
17918, 1322
11644, 1322
24262, 1322
22015, 1322
21515, 1322
9706, 1322
13984, 1322
15872, 1322
11188, 1322
9323, 1322
17854, 1322
7280, 1322
17685, 1322
18660, 1322
12240, 1322
9697, 1322
14909, 1322
8988, 1322
15010, 1322
14277, 1322
17401, 1322
20826, 1322
17761, 1322
13926, 1322
15277, 1322
13364, 1322
9118, 1322
12849, 1322
21740, 1322
15222, 1322
7803, 1322
19068, 1322
17851, 1322
25329, 1322
13371, 1322
17760, 1322
17408, 1322
8819, 1322
18228, 1322
10743, 1322
7979, 1322
15024, 1322
9257, 1322
17076, 1322
16555, 1322
13760, 1322
21624, 1322
19925, 1322
8440, 1322
8649, 1322
9487, 1322
24699, 1322
23462, 1322
20935, 1322
18816, 1322
16590, 1322
7278, 1322
19354, 1322
10563, 1322
17866, 1322
10191, 1322
9745, 1322
18732, 1322
13151, 1322
10088, 1322
14863, 1322
19810, 1322
15082, 1322
15195, 1322
17734, 1322
17095, 1322
16287, 1322
24794, 1322
16918, 1322
19044, 1322
10440, 1322
19572, 1322
20267, 1322
1322, 18346
23084, 1323
1323, 24010
20175, 1324
11868, 1324
15091, 1324
1324, 25391
16170, 1325
1325, 12871
19476, 1326
1326, 19647
8086, 1327
1327, 8048
12362, 1328
1328, 9754
13598, 1329
1329, 12171
24809, 1330
1330, 19749
18517, 1331
1331, 14771
16916, 1332
10375, 1332
1332, 17053
16645, 1333
1333, 14250
1333, 21411
24792, 1334
1334, 11753
11381, 1335
9152, 1335
9119, 1335
8266, 1335
10053, 1335
16806, 1335
17872, 1335
15948, 1335
19425, 1335
22582, 1335
16235, 1335
13308, 1335
16265, 1335
18738, 1335
23034, 1335
10206, 1335
18711, 1335
21241, 1335
12856, 1335
9422, 1335
12270, 1335
17906, 1335
25466, 1335
23998, 1335
14084, 1335
8664, 1335
20158, 1335
13810, 1335
18142, 1335
15413, 1335
17071, 1335
21732, 1335
17877, 1335
17671, 1335
9451, 1335
23288, 1335
10585, 1335
16227, 1335
8650, 1335
1335, 22179
1335, 15931
1335, 14255
24779, 1336
1336, 16167
8325, 1337
1337, 19141
13446, 1338
1338, 18452
22642, 1339
1339, 24768
1339, 24683
1339, 21731
16384, 1340
1340, 8398
1340, 21391
19724, 1341
1341, 17782
21727, 1342
1342, 21265
11450, 1343
1343, 24338
16361, 1344
1344, 17895
21704, 1345
21016, 1345
1345, 25248
18599, 1346
16895, 1346
17213, 1346
1346, 17836
16398, 1347
1347, 11473
12407, 1348
1348, 19584
9049, 1349
25422, 1349
14416, 1349
1349, 24298
25454, 1350
25565, 1350
1350, 11755
9329, 1351
1351, 12422
22385, 1352
1352, 23272
24902, 1353
22983, 1353
20517, 1353
9933, 1353
13432, 1353
10910, 1353
17904, 1353
1353, 20775
8858, 1354
24185, 1354
1354, 16727
11674, 1355
9712, 1355
11793, 1355
16570, 1355
23328, 1355
10118, 1355
19960, 1355
22955, 1355
25011, 1355
18172, 1355
1355, 12935
1355, 12893
23768, 1356
1356, 11832
25438, 1357
1357, 12987
12189, 1358
1358, 15900
19922, 1359
1359, 25157
8154, 1360
21188, 1360
1360, 10086
20928, 1361
1361, 24647
10305, 1362
1362, 18567
17678, 1363
1363, 18566
1363, 10393
1363, 18052
1363, 10648
21867, 1364
1364, 24139
13845, 1365
1365, 14729
16932, 1366
20437, 1366
7330, 1366
1366, 10663
19061, 1367
1367, 9044
1367, 12337
17267, 1368
1368, 12074
16491, 1369
1369, 8125
24809, 1370
1370, 19749
12824, 1371
1371, 22871
11754, 1372
12819, 1372
20401, 1372
15267, 1372
19394, 1372
13792, 1372
23864, 1372
21706, 1372
19345, 1372
13219, 1372
13951, 1372
9717, 1372
22003, 1372
9946, 1372
20903, 1372
24484, 1372
21670, 1372
22401, 1372
18310, 1372
10000, 1372
22275, 1372
14031, 1372
21480, 1372
17966, 1372
20353, 1372
21287, 1372
17384, 1372
21131, 1372
8789, 1372
17359, 1372
12177, 1372
22863, 1372
14412, 1372
15696, 1372
8403, 1372
21002, 1372
14554, 1372
12626, 1372
23823, 1372
23849, 1372
13199, 1372
8023, 1372
25052, 1372
13395, 1372
12327, 1372
16865, 1372
12297, 1372
22120, 1372
21329, 1372
10460, 1372
23619, 1372
18879, 1372
23949, 1372
12384, 1372
24553, 1372
11858, 1372
18184, 1372
18652, 1372
9496, 1372
14879, 1372
24939, 1372
7147, 1372
20012, 1372
24891, 1372
20849, 1372
18016, 1372
1372, 15032
25089, 1373
1373, 14893
19061, 1374
1374, 18838
23659, 1375
24398, 1375
1375, 21820
9264, 1376
1376, 14326
16372, 1377
7789, 1377
13830, 1377
11919, 1377
16591, 1377
1377, 17633
25389, 1378
1378, 18501
24479, 1379
1379, 12432
11628, 1380
1380, 15824
20120, 1381
1381, 12643
10917, 1382
1382, 21983
20248, 1383
1383, 16288
19891, 1384
1384, 7784
13598, 1385
1385, 12171
15399, 1386
16291, 1386
1386, 20872
12269, 1387
1387, 15018
24628, 1388
12135, 1388
1388, 7823
21497, 1389
1389, 22914
1389, 10513
25298, 1390
21229, 1390
1390, 21533
21162, 1391
10307, 1391
10542, 1391
1391, 25248
18796, 1392
1392, 17604
1392, 9554
1392, 24716
1392, 22632
1392, 13995
1392, 7171
1392, 9625
1392, 22511
1392, 15699
1392, 8261
12122, 1393
1393, 23466
19183, 1394
1394, 10066
19399, 1395
1395, 20650
25003, 1396
1396, 16727
1396, 15620
17494, 1397
1397, 13847
12892, 1398
1398, 23801
12192, 1399
25064, 1399
1399, 17396
15236, 1400
1400, 15835
18533, 1401
1401, 20555
19948, 1402
23305, 1402
22786, 1402
20162, 1402
14205, 1402
19262, 1402
12635, 1402
10952, 1402
1402, 17332
11131, 1403
1403, 12853
19724, 1404
1404, 18660
21186, 1405
1405, 19232
22828, 1406
1406, 12338
8363, 1407
1407, 20775
8545, 1408
17045, 1408
21479, 1408
15865, 1408
9807, 1408
9160, 1408
7160, 1408
11895, 1408
13712, 1408
19360, 1408
19436, 1408
11665, 1408
14471, 1408
18150, 1408
9303, 1408
10922, 1408
1408, 12280
22740, 1409
1409, 14543
1409, 21849
1409, 13035
13052, 1410
1410, 23880
8615, 1411
1411, 9665
11009, 1412
1412, 20574
17557, 1413
1413, 24168
10063, 1414
21217, 1414
1414, 15069
16059, 1415
7516, 1415
1415, 17744
25212, 1416
1416, 22377
18802, 1417
1417, 9786
18744, 1418
1418, 20675
14666, 1419
1419, 11233
16711, 1420
1420, 21354
18377, 1421
1421, 15598
18201, 1422
20115, 1422
12840, 1422
1422, 12229
16049, 1423
1423, 16780
25150, 1424
1424, 14795
21537, 1425
1425, 22800
19035, 1426
1426, 18786
17732, 1427
1427, 8930
12924, 1428
1428, 25371
1428, 12151
10217, 1429
1429, 20775
9772, 1430
1430, 25112
11441, 1431
1431, 19957
19978, 1432
21083, 1432
1432, 25002
1432, 21422
1432, 17396
24655, 1433
1433, 20540
9139, 1434
1434, 15461
1434, 9561
1434, 22425
1434, 24226
21283, 1435
1435, 20719
14360, 1436
1436, 15620
11969, 1437
7554, 1437
22357, 1437
24789, 1437
1437, 17396
21838, 1438
16102, 1438
12170, 1438
1438, 11755
8086, 1439
1439, 9091
14516, 1440
1440, 21512
19987, 1441
1441, 9891
24853, 1442
21394, 1442
12945, 1442
1442, 8117
12318, 1443
20491, 1443
14032, 1443
23068, 1443
21291, 1443
22536, 1443
21118, 1443
24388, 1443
19937, 1443
16903, 1443
25206, 1443
9732, 1443
16994, 1443
8863, 1443
24896, 1443
20796, 1443
15777, 1443
15355, 1443
22082, 1443
1443, 11473
1443, 10672
9005, 1444
16365, 1444
1444, 20399
16454, 1445
11683, 1445
9886, 1445
1445, 9345
12646, 1446
1446, 15622
20738, 1447
1447, 8654
10509, 1448
1448, 17155
10798, 1449
1449, 11155
19285, 1450
1450, 8323
19724, 1451
1451, 16643
14974, 1452
1452, 18636
11054, 1453
13529, 1453
14596, 1453
12404, 1453
11147, 1453
11791, 1453
1453, 19724
24777, 1454
1454, 19577
18399, 1455
1455, 9257
14525, 1456
1456, 23829
16143, 1457
1457, 12633
15027, 1458
1458, 15417
19243, 1459
16784, 1459
1459, 21113
19724, 1460
1460, 18602
10956, 1461
21324, 1461
16750, 1461
1461, 14541
24112, 1462
1462, 21153
1462, 22935
1462, 15219
25087, 1463
1463, 9891
22841, 1464
1464, 17735
23376, 1465
13867, 1465
7730, 1465
10500, 1465
25061, 1465
23414, 1465
20710, 1465
14884, 1465
20485, 1465
20457, 1465
16107, 1465
20438, 1465
7145, 1465
1465, 15032
16874, 1466
1466, 11360
23564, 1467
1467, 23400
19061, 1468
1468, 18975
1468, 20941
21468, 1469
1469, 14523
8086, 1470
1470, 16223
22688, 1471
1471, 17955
19724, 1472
1472, 21743
1472, 7219
1472, 11188
12407, 1473
1473, 21520
13140, 1474
7399, 1474
23814, 1474
24017, 1474
21155, 1474
24326, 1474
11391, 1474
18360, 1474
12756, 1474
8252, 1474
19349, 1474
20965, 1474
12620, 1474
17288, 1474
15868, 1474
24498, 1474
13778, 1474
15816, 1474
17842, 1474
1474, 15032
16954, 1475
12574, 1475
1475, 8699
1475, 20034
1475, 11370
1475, 15609
16650, 1476
9154, 1476
1476, 9964
1476, 23285
24880, 1477
1477, 20680
22636, 1478
1478, 13465
11598, 1479
19594, 1479
1479, 22255
1479, 10279
11205, 1480
1480, 18065
15299, 1481
1481, 24208
16099, 1482
1482, 21240
21330, 1483
1483, 14277
16718, 1484
1484, 8828
19724, 1485
1485, 10647
22199, 1486
1486, 17934
11635, 1487
23343, 1487
8056, 1487
21350, 1487
15890, 1487
20518, 1487
17779, 1487
1487, 14185
12304, 1488
1488, 18132
15228, 1489
1489, 16604
12166, 1490
1490, 8742
18407, 1491
1491, 25493
15721, 1492
1492, 22223
17035, 1493
1493, 14120
1493, 12696
21497, 1494
20031, 1494
1494, 18294
25415, 1495
20141, 1495
18618, 1495
7142, 1495
9390, 1495
20969, 1495
1495, 14178
15640, 1496
1496, 24646
25481, 1497
22008, 1497
1497, 11147
10424, 1498
17337, 1498
13913, 1498
1498, 9836
14115, 1499
1499, 21424
23601, 1500
1500, 23488
16009, 1501
1501, 12684
21921, 1502
1502, 22501
19814, 1503
1503, 19548
14605, 1504
19398, 1504
1504, 12280
15301, 1505
1505, 12871
18468, 1506
16322, 1506
15839, 1506
8639, 1506
21805, 1506
17399, 1506
9225, 1506
22464, 1506
16184, 1506
20971, 1506
10141, 1506
24122, 1506
13221, 1506
19148, 1506
14540, 1506
12286, 1506
19553, 1506
8239, 1506
20922, 1506
22645, 1506
15517, 1506
14187, 1506
17965, 1506
7951, 1506
14724, 1506
25262, 1506
22059, 1506
14889, 1506
17692, 1506
11419, 1506
23882, 1506
10473, 1506
8506, 1506
14351, 1506
14700, 1506
16284, 1506
7413, 1506
18613, 1506
8340, 1506
7964, 1506
18571, 1506
19531, 1506
13789, 1506
24786, 1506
24529, 1506
16342, 1506
9761, 1506
14326, 1506
17497, 1506
19916, 1506
13243, 1506
15867, 1506
10619, 1506
15073, 1506
13733, 1506
8646, 1506
16574, 1506
23930, 1506
17882, 1506
10027, 1506
14493, 1506
21268, 1506
19472, 1506
13881, 1506
12480, 1506
13859, 1506
10819, 1506
24316, 1506
12613, 1506
25398, 1506
18782, 1506
7803, 1506
15145, 1506
7879, 1506
16046, 1506
13679, 1506
13012, 1506
22928, 1506
9057, 1506
21183, 1506
8748, 1506
16199, 1506
7483, 1506
17366, 1506
22595, 1506
15322, 1506
12791, 1506
24966, 1506
14262, 1506
25505, 1506
21953, 1506
22846, 1506
8668, 1506
23753, 1506
16939, 1506
14235, 1506
9001, 1506
16617, 1506
7876, 1506
15597, 1506
11593, 1506
20532, 1506
13072, 1506
25306, 1506
9840, 1506
7357, 1506
8337, 1506
7661, 1506
21360, 1506
16683, 1506
17830, 1506
16092, 1506
22326, 1506
15095, 1506
11900, 1506
25385, 1506
24593, 1506
16202, 1506
8431, 1506
18092, 1506
16390, 1506
23456, 1506
18076, 1506
18820, 1506
20383, 1506
12011, 1506
22807, 1506
18829, 1506
15327, 1506
21664, 1506
21508, 1506
12740, 1506
18304, 1506
15112, 1506
17012, 1506
11319, 1506
12406, 1506
23997, 1506
21020, 1506
10742, 1506
20414, 1506
21772, 1506
14339, 1506
22799, 1506
16087, 1506
19972, 1506
17151, 1506
14155, 1506
25056, 1506
23953, 1506
25208, 1506
11128, 1506
11567, 1506
15500, 1506
15512, 1506
8584, 1506
7385, 1506
18516, 1506
22117, 1506
15026, 1506
19131, 1506
20056, 1506
18621, 1506
20384, 1506
23295, 1506
22623, 1506
9331, 1506
24856, 1506
12340, 1506
24500, 1506
18472, 1506
20726, 1506
22303, 1506
9383, 1506
7380, 1506
22584, 1506
16067, 1506
15272, 1506
7656, 1506
11861, 1506
1506, 10031
16531, 1507
1507, 18171
1507, 10230
24391, 1508
1508, 16425
19416, 1509
1509, 11625
22038, 1510
1510, 23769
15663, 1511
1511, 19531
19724, 1512
1512, 24661
19722, 1513
25409, 1513
1513, 21604
11718, 1514
1514, 20963
23015, 1515
1515, 20893
22288, 1516
1516, 10781
17852, 1517
1517, 13224
1517, 21981
1517, 25357
1517, 10772
1517, 7625
1517, 15712
1517, 19666
1517, 19136
1517, 15696
1517, 14613
1517, 22993
1517, 18750
1517, 21483
1517, 21136
1517, 11858
1517, 11694
1517, 25435
1517, 14693
1517, 19984
1517, 14046
1517, 22080
1517, 16325
1517, 15756
1517, 20776
1517, 12901
1517, 12191
1517, 11813
20932, 1518
1518, 24694
11560, 1519
14471, 1519
10759, 1519
17162, 1519
15265, 1519
10922, 1519
7851, 1519
18985, 1519
17974, 1519
11895, 1519
9303, 1519
9807, 1519
8939, 1519
8133, 1519
9633, 1519
14713, 1519
8003, 1519
1519, 12280
11528, 1520
1520, 25205
8205, 1521
1521, 22805
21374, 1522
1522, 11208
16535, 1523
1523, 8862
21493, 1524
1524, 20696
18944, 1525
1525, 17183
13115, 1526
1526, 12568
17804, 1527
18041, 1527
24516, 1527
11697, 1527
1527, 20939
20306, 1528
7281, 1528
1528, 23614
1528, 20908
1528, 10717
22447, 1529
1529, 23740
22512, 1530
1530, 23767
10917, 1531
1531, 9371
8309, 1532
1532, 12421
21683, 1533
1533, 15870
17335, 1534
1534, 11865
1534, 17871
17062, 1535
1535, 18692
18664, 1536
1536, 15914
11010, 1537
23585, 1537
1537, 13451
16292, 1538
1538, 14172
23042, 1539
1539, 25248
21677, 1540
1540, 11604
8784, 1541
25204, 1541
16276, 1541
13998, 1541
24933, 1541
24463, 1541
1541, 10656
10132, 1542
1542, 18670
13464, 1543
1543, 11743
9628, 1544
1544, 23154
7871, 1545
1545, 18868
19723, 1546
1546, 24492
7744, 1547
1547, 24756
21763, 1548
1548, 19794
12719, 1549
1549, 20099
23095, 1550
1550, 11098
11378, 1551
1551, 22035
9896, 1552
15687, 1552
1552, 7748
8086, 1553
1553, 16090
18118, 1554
1554, 16945
13355, 1555
1555, 22223
25545, 1556
1556, 7515
17852, 1557
1557, 24916
1557, 15373
1557, 24632
1557, 14774
1557, 12181
1557, 11323
1557, 7404
1557, 7487
1557, 19066
1557, 16942
1557, 21931
1557, 20573
1557, 11314
1557, 18031
1557, 7478
1557, 17818
1557, 10081
1557, 17179
1557, 10115
1557, 14583
1557, 14879
1557, 18413
1557, 22803
1557, 24891
1557, 15741
1557, 12760
1557, 17517
1557, 18036
1557, 7807
1557, 7152
1557, 12363
1557, 15921
1557, 18490
1557, 11509
1557, 10359
1557, 8747
1557, 15531
1557, 14053
23439, 1558
20426, 1558
1558, 24235
9146, 1559
1559, 13702
20448, 1560
1560, 17396
14257, 1561
1561, 23693
17429, 1562
1562, 9414
7243, 1563
11591, 1563
1563, 8310
24771, 1564
1564, 19337
19944, 1565
1565, 16037
12813, 1566
24241, 1566
1566, 13713
10509, 1567
1567, 10574
21549, 1568
1568, 25451
21687, 1569
17281, 1569
8583, 1569
10900, 1569
9904, 1569
18848, 1569
1569, 22305
1569, 19724
21117, 1570
1570, 11428
25209, 1571
1571, 21110
24942, 1572
1572, 8211
17234, 1573
14940, 1573
1573, 10483
8086, 1574
1574, 8691
8086, 1575
1575, 12499
16116, 1576
1576, 13777
14753, 1577
24477, 1577
21742, 1577
24377, 1577
1577, 9340
1577, 20065
19828, 1578
1578, 21620
1578, 11843
12601, 1579
1579, 14960
19724, 1580
1580, 19551
8228, 1581
1581, 13621
13300, 1582
1582, 25061
7386, 1583
1583, 11648
8987, 1584
1584, 9070
17241, 1585
1585, 18501
23122, 1586
1586, 15455
18143, 1587
1587, 8766
22741, 1588
8755, 1588
8654, 1588
15334, 1588
15282, 1588
8071, 1588
18130, 1588
22748, 1588
11608, 1588
7751, 1588
22845, 1588
17271, 1588
18261, 1588
16378, 1588
9695, 1588
13577, 1588
23149, 1588
15538, 1588
16358, 1588
24830, 1588
18200, 1588
24014, 1588
20683, 1588
13465, 1588
7269, 1588
11755, 1588
9726, 1588
8915, 1588
20013, 1588
18307, 1588
7484, 1588
8740, 1588
7379, 1588
22026, 1588
13916, 1588
23260, 1588
11539, 1588
21121, 1588
21187, 1588
13759, 1588
7595, 1588
17769, 1588
19374, 1588
21255, 1588
14539, 1588
16608, 1588
10086, 1588
16810, 1588
16987, 1588
15379, 1588
19195, 1588
22094, 1588
7774, 1588
8331, 1588
21006, 1588
12893, 1588
14294, 1588
12205, 1588
14096, 1588
9562, 1588
23449, 1588
10928, 1588
11973, 1588
17783, 1588
8785, 1588
16761, 1588
9309, 1588
25248, 1588
16751, 1588
20904, 1588
24059, 1588
21651, 1588
18244, 1588
17396, 1588
17225, 1588
24906, 1588
16708, 1588
20523, 1588
20775, 1588
14852, 1588
24283, 1588
24397, 1588
21244, 1588
10276, 1588
10397, 1588
21503, 1588
23246, 1588
16020, 1588
14012, 1588
8158, 1588
25292, 1588
20391, 1588
15983, 1588
15690, 1588
20295, 1588
11046, 1588
24031, 1588
14636, 1588
14541, 1588
7259, 1588
8178, 1588
12783, 1588
10435, 1588
10659, 1588
16928, 1588
11596, 1588
13301, 1588
21539, 1588
16727, 1588
12280, 1588
16951, 1588
16056, 1588
15620, 1588
10400, 1588
11791, 1588
13899, 1588
18723, 1588
20320, 1588
10279, 1588
7925, 1588
17253, 1588
17279, 1588
13099, 1588
20378, 1588
1588, 8736
1588, 19724
18345, 1589
7523, 1589
22407, 1589
10859, 1589
1589, 21137
15246, 1590
1590, 22235
24960, 1591
1591, 12333
20755, 1592
1592, 20277
16773, 1593
1593, 16959
11443, 1594
23201, 1594
1594, 22998
10628, 1595
1595, 17015
13229, 1596
21997, 1596
1596, 23887
10836, 1597
1597, 13072
10509, 1598
1598, 9406
23582, 1599
1599, 9085
24422, 1600
20736, 1600
1600, 14658
22322, 1601
1601, 22996
17946, 1602
1602, 10447
19112, 1603
1603, 24713
7264, 1604
1604, 12082
22741, 1605
17517, 1605
10764, 1605
16437, 1605
23018, 1605
8654, 1605
21915, 1605
16371, 1605
14036, 1605
13607, 1605
9402, 1605
14073, 1605
22460, 1605
14046, 1605
18703, 1605
11231, 1605
22694, 1605
7290, 1605
7295, 1605
11054, 1605
20882, 1605
17486, 1605
24651, 1605
13645, 1605
17155, 1605
25188, 1605
18202, 1605
24470, 1605
9489, 1605
9779, 1605
8601, 1605
12361, 1605
12694, 1605
16979, 1605
22127, 1605
20443, 1605
20680, 1605
19101, 1605
23714, 1605
24494, 1605
13240, 1605
14707, 1605
19796, 1605
17915, 1605
20495, 1605
20067, 1605
16540, 1605
16418, 1605
8599, 1605
18807, 1605
7307, 1605
14146, 1605
23514, 1605
15435, 1605
7269, 1605
11755, 1605
19848, 1605
14586, 1605
25235, 1605
12935, 1605
11376, 1605
13932, 1605
11870, 1605
24884, 1605
14161, 1605
21963, 1605
21588, 1605
13450, 1605
15918, 1605
22998, 1605
15607, 1605
19026, 1605
18036, 1605
7515, 1605
9970, 1605
15414, 1605
7567, 1605
24763, 1605
12025, 1605
17326, 1605
7807, 1605
13540, 1605
14443, 1605
8204, 1605
9370, 1605
23790, 1605
22432, 1605
11797, 1605
20017, 1605
16983, 1605
10914, 1605
16340, 1605
14539, 1605
20386, 1605
7886, 1605
10147, 1605
20199, 1605
17346, 1605
22421, 1605
19793, 1605
19539, 1605
19118, 1605
18436, 1605
19736, 1605
7855, 1605
13677, 1605
15672, 1605
16325, 1605
12393, 1605
23310, 1605
23031, 1605
8708, 1605
19191, 1605
10989, 1605
22563, 1605
16633, 1605
12882, 1605
25062, 1605
25322, 1605
15962, 1605
7182, 1605
13616, 1605
20234, 1605
7967, 1605
11364, 1605
15441, 1605
14122, 1605
16855, 1605
14965, 1605
9775, 1605
20593, 1605
14769, 1605
8067, 1605
19220, 1605
9218, 1605
15756, 1605
16037, 1605
24361, 1605
16861, 1605
25248, 1605
20446, 1605
15591, 1605
20642, 1605
16636, 1605
18156, 1605
12545, 1605
8243, 1605
19570, 1605
16551, 1605
15821, 1605
17532, 1605
17396, 1605
20934, 1605
7087, 1605
8244, 1605
18490, 1605
21403, 1605
23833, 1605
10469, 1605
21265, 1605
13933, 1605
19000, 1605
7329, 1605
7458, 1605
8726, 1605
10022, 1605
20775, 1605
12830, 1605
18227, 1605
15980, 1605
13621, 1605
12498, 1605
8386, 1605
20116, 1605
21244, 1605
10359, 1605
13393, 1605
21065, 1605
22966, 1605
9715, 1605
21503, 1605
18639, 1605
11943, 1605
9387, 1605
19003, 1605
8284, 1605
23718, 1605
18679, 1605
15238, 1605
17620, 1605
21569, 1605
12901, 1605
12272, 1605
15824, 1605
22886, 1605
9428, 1605
24335, 1605
10396, 1605
24035, 1605
10795, 1605
14686, 1605
19732, 1605
15064, 1605
19962, 1605
10691, 1605
9087, 1605
14336, 1605
17747, 1605
16734, 1605
12607, 1605
10384, 1605
22308, 1605
7259, 1605
24340, 1605
14748, 1605
8783, 1605
11460, 1605
14942, 1605
20582, 1605
16727, 1605
24971, 1605
12280, 1605
24278, 1605
10961, 1605
11881, 1605
16928, 1605
21111, 1605
14746, 1605
14829, 1605
22188, 1605
12079, 1605
17115, 1605
12762, 1605
10496, 1605
10955, 1605
15620, 1605
7754, 1605
20999, 1605
20939, 1605
24332, 1605
25413, 1605
12710, 1605
19758, 1605
11845, 1605
9000, 1605
20492, 1605
11080, 1605
19411, 1605
24294, 1605
15426, 1605
8344, 1605
15239, 1605
1605, 11852
1605, 19724
14498, 1606
1606, 22802
11406, 1607
1607, 23550
1607, 18902
1607, 21992
1607, 10100
1607, 8104
1607, 19454
1607, 9434
1607, 21813
1607, 9373
1607, 21035
1607, 25571
1607, 16255
1607, 14668
1607, 8875
1607, 11602
1607, 24497
1607, 13421
1607, 17641
1607, 8486
1607, 21645
1607, 9634
1607, 12049
1607, 12066
1607, 11802
1607, 21979
1607, 21904
1607, 20172
1607, 13726
1607, 16545
1607, 19903
1607, 16077
1607, 20534
1607, 7965
1607, 10495
1607, 13579
1607, 12161
1607, 12209
1607, 24912
1607, 19159
1607, 24774
1607, 18943
1607, 8454
1607, 21363
1607, 12504
1607, 9870
1607, 22034
1607, 19247
1607, 8508
1607, 8101
1607, 13416
1607, 13279
1607, 20698
1607, 7530
1607, 18562
1607, 9476
1607, 19849
1607, 22386
1607, 10129
1607, 22618
1607, 22520
1607, 21747
1607, 15970
1607, 17129
1607, 20841
1607, 16687
1607, 19681
1607, 23661
1607, 24673
1607, 9444
1607, 17566
1607, 13661
1607, 9463
1607, 8324
1607, 15329
1607, 20975
1607, 7469
1607, 21661
1607, 25251
1607, 18278
1607, 8626
1607, 15307
1607, 15667
1607, 8969
1607, 15637
1607, 24602
1607, 25253
1607, 23175
1607, 8366
11863, 1608
1608, 20148
22715, 1609
10267, 1609
1609, 11712
13812, 1610
1610, 9682
16670, 1611
1611, 18676
19724, 1612
1612, 16674
20909, 1613
1613, 9717
12719, 1614
1614, 19226
13961, 1615
1615, 17012
13533, 1616
1616, 12960
20628, 1617
1617, 12511
9035, 1618
1618, 17831
11429, 1619
1619, 20478
8019, 1620
1620, 24653
8036, 1621
1621, 20775
12615, 1622
22442, 1622
1622, 17396
1622, 20775
24722, 1623
1623, 8740
13139, 1624
1624, 16371
14638, 1625
1625, 17445
12808, 1626
1626, 10638
14602, 1627
1627, 16567
15760, 1628
1628, 18417
23768, 1629
1629, 11448
1629, 12157
17565, 1630
20812, 1630
1630, 24651
13132, 1631
1631, 11307
19828, 1632
1632, 21171
1632, 20331
24510, 1633
1633, 13271
1633, 18360
18771, 1634
1634, 18209
11415, 1635
1635, 15140
12525, 1636
1636, 13677
24522, 1637
9128, 1637
1637, 9270
21062, 1638
1638, 14073
24824, 1639
1639, 7410
8086, 1640
1640, 7572
9398, 1641
20871, 1641
13765, 1641
20612, 1641
22977, 1641
11812, 1641
10672, 1641
10490, 1641
15283, 1641
12462, 1641
14743, 1641
8575, 1641
21951, 1641
21284, 1641
20509, 1641
10815, 1641
7336, 1641
12592, 1641
9129, 1641
11976, 1641
8973, 1641
17580, 1641
15768, 1641
7442, 1641
25474, 1641
23309, 1641
13161, 1641
21621, 1641
20550, 1641
12692, 1641
13698, 1641
7912, 1641
11730, 1641
17451, 1641
12884, 1641
10028, 1641
23589, 1641
9491, 1641
23466, 1641
17389, 1641
22652, 1641
23675, 1641
12241, 1641
19863, 1641
18065, 1641
22663, 1641
24378, 1641
18154, 1641
20093, 1641
20284, 1641
13208, 1641
13263, 1641
12259, 1641
20929, 1641
13281, 1641
24349, 1641
22671, 1641
17744, 1641
9711, 1641
25553, 1641
12160, 1641
13423, 1641
21757, 1641
16542, 1641
12156, 1641
12236, 1641
13214, 1641
12299, 1641
20230, 1641
24974, 1641
13025, 1641
19391, 1641
22333, 1641
8191, 1641
10670, 1641
18530, 1641
13238, 1641
16496, 1641
21736, 1641
13096, 1641
7930, 1641
12520, 1641
10681, 1641
11293, 1641
23542, 1641
14578, 1641
18317, 1641
21203, 1641
13835, 1641
15401, 1641
12403, 1641
19782, 1641
17448, 1641
24727, 1641
24690, 1641
22556, 1641
21442, 1641
20818, 1641
16578, 1641
21488, 1641
13032, 1641
24217, 1641
8672, 1641
19854, 1641
17737, 1641
23248, 1641
22696, 1641
18123, 1641
1641, 12569
20799, 1642
1642, 19914
22524, 1643
17478, 1643
1643, 21397
12115, 1644
1644, 15526
14204, 1645
1645, 10073
11431, 1646
1646, 7947
1646, 18703
8086, 1647
1647, 7572
22126, 1648
1648, 14146
23820, 1649
19428, 1649
15580, 1649
19771, 1649
15583, 1649
16230, 1649
19808, 1649
13055, 1649
13977, 1649
12305, 1649
16854, 1649
20347, 1649
10225, 1649
21197, 1649
17580, 1649
22724, 1649
15711, 1649
11412, 1649
23114, 1649
17324, 1649
10813, 1649
18916, 1649
20844, 1649
24447, 1649
13695, 1649
20963, 1649
23302, 1649
9170, 1649
23565, 1649
24585, 1649
17592, 1649
9615, 1649
7387, 1649
21988, 1649
21348, 1649
21880, 1649
20920, 1649
9719, 1649
18054, 1649
24298, 1649
8356, 1649
25330, 1649
10075, 1649
15734, 1649
15859, 1649
14537, 1649
24169, 1649
22274, 1649
23243, 1649
14527, 1649
22109, 1649
12659, 1649
9860, 1649
13634, 1649
23087, 1649
12332, 1649
11008, 1649
18670, 1649
16563, 1649
20964, 1649
24282, 1649
16764, 1649
21240, 1649
16474, 1649
13090, 1649
18206, 1649
20950, 1649
22592, 1649
22359, 1649
21771, 1649
15588, 1649
19884, 1649
24795, 1649
9153, 1649
14266, 1649
17943, 1649
14890, 1649
16813, 1649
20669, 1649
18584, 1649
16578, 1649
17883, 1649
13795, 1649
24536, 1649
8752, 1649
14468, 1649
10958, 1649
14463, 1649
15889, 1649
1649, 20392
20202, 1650
17096, 1650
8609, 1650
11337, 1650
12121, 1650
17192, 1650
9766, 1650
14848, 1650
12752, 1650
15484, 1650
19626, 1650
16842, 1650
20181, 1650
20010, 1650
8885, 1650
11182, 1650
24491, 1650
1650, 18126
19724, 1651
1651, 25171
19417, 1652
1652, 22724
19934, 1653
1653, 7587
12339, 1654
10613, 1654
21637, 1654
22395, 1654
15394, 1654
21729, 1654
22580, 1654
1654, 18786
19827, 1655
1655, 8695
12043, 1656
1656, 8520
11298, 1657
1657, 14501
24522, 1658
1658, 7759
19037, 1659
1659, 19639
8086, 1660
1660, 20066
16502, 1661
1661, 14634
8799, 1662
1662, 21827
23365, 1663
1663, 14408
25544, 1664
1664, 17744
12391, 1665
1665, 12469
9329, 1666
1666, 19833
11210, 1667
1667, 24262
9180, 1668
1668, 20111
11481, 1669
11849, 1669
17298, 1669
1669, 25077
9009, 1670
1670, 20341
19724, 1671
1671, 20625
16682, 1672
1672, 9674
19951, 1673
1673, 20434
11457, 1674
16064, 1674
20077, 1674
20168, 1674
10701, 1674
10942, 1674
10666, 1674
23990, 1674
8382, 1674
11239, 1674
9073, 1674
8520, 1674
17383, 1674
11064, 1674
19852, 1674
8794, 1674
11098, 1674
11434, 1674
23253, 1674
23166, 1674
9314, 1674
25343, 1674
18843, 1674
13694, 1674
24005, 1674
23054, 1674
18734, 1674
20111, 1674
24532, 1674
11099, 1674
10676, 1674
8419, 1674
19242, 1674
12843, 1674
18676, 1674
11687, 1674
8087, 1674
19353, 1674
22183, 1674
10174, 1674
23681, 1674
20335, 1674
11372, 1674
13243, 1674
22252, 1674
22280, 1674
24955, 1674
16171, 1674
13287, 1674
7115, 1674
18544, 1674
13201, 1674
23854, 1674
17175, 1674
19095, 1674
23437, 1674
25272, 1674
24168, 1674
15736, 1674
12232, 1674
15184, 1674
13490, 1674
25306, 1674
23465, 1674
11485, 1674
8822, 1674
19964, 1674
21984, 1674
16656, 1674
14634, 1674
19166, 1674
25359, 1674
20102, 1674
16028, 1674
17896, 1674
16845, 1674
24757, 1674
10314, 1674
15327, 1674
23459, 1674
11564, 1674
24617, 1674
12904, 1674
8288, 1674
12110, 1674
24986, 1674
20293, 1674
8048, 1674
9472, 1674
23546, 1674
23962, 1674
13870, 1674
22318, 1674
20381, 1674
16223, 1674
22169, 1674
14585, 1674
17834, 1674
12613, 1674
16405, 1674
20399, 1674
18945, 1674
13896, 1674
18938, 1674
8839, 1674
11536, 1674
16753, 1674
22957, 1674
23055, 1674
21474, 1674
7153, 1674
13578, 1674
12741, 1674
22543, 1674
24338, 1674
11734, 1674
24264, 1674
19316, 1674
23184, 1674
19703, 1674
9332, 1674
23162, 1674
22389, 1674
9226, 1674
13638, 1674
15848, 1674
24876, 1674
9906, 1674
8328, 1674
24740, 1674
11021, 1674
24184, 1674
16025, 1674
9899, 1674
22378, 1674
13906, 1674
20268, 1674
8355, 1674
12806, 1674
15822, 1674
18935, 1674
13213, 1674
14484, 1674
13434, 1674
13523, 1674
7835, 1674
8077, 1674
19837, 1674
21282, 1674
13769, 1674
13072, 1674
12092, 1674
14164, 1674
15871, 1674
12449, 1674
25117, 1674
12633, 1674
16161, 1674
9371, 1674
9657, 1674
14343, 1674
10039, 1674
15510, 1674
11179, 1674
21512, 1674
21591, 1674
22848, 1674
16671, 1674
23810, 1674
24151, 1674
1674, 12890
21361, 1675
1675, 13894
23711, 1676
1676, 17332
22815, 1677
1677, 11695
24510, 1678
1678, 20615
1678, 10573
9956, 1679
1679, 24437
22206, 1680
16139, 1680
8514, 1680
12685, 1680
13143, 1680
14140, 1680
11234, 1680
19365, 1680
8591, 1680
25566, 1680
16968, 1680
22428, 1680
14810, 1680
11472, 1680
17491, 1680
15576, 1680
13435, 1680
22220, 1680
12976, 1680
12382, 1680
1680, 21633
9763, 1681
10558, 1681
20930, 1681
1681, 24651
12009, 1682
1682, 10936
24567, 1683
1683, 20225
18680, 1684
1684, 18760
20494, 1685
1685, 8555
1685, 13140
1685, 23814
1685, 12756
1685, 24498
22216, 1686
1686, 22005
13605, 1687
19775, 1687
1687, 23801
20575, 1688
1688, 22473
19458, 1689
1689, 11755
14171, 1690
18506, 1690
20655, 1690
17466, 1690
16003, 1690
21592, 1690
19983, 1690
12822, 1690
14545, 1690
19197, 1690
13671, 1690
15387, 1690
24894, 1690
11286, 1690
17056, 1690
25563, 1690
1690, 16877
1690, 7426
19389, 1691
1691, 7394
19867, 1692
1692, 22471
10089, 1693
1693, 7838
20755, 1694
1694, 25210
15797, 1695
1695, 16498
23797, 1696
1696, 7832
17852, 1697
1697, 12503
1697, 18834
1697, 17109
1697, 10541
1697, 23110
1697, 12329
1697, 16586
1697, 14058
1697, 11600
1697, 24730
1697, 22367
1697, 15066
1697, 16492
1697, 12445
1697, 12086
1697, 21946
1697, 21834
1697, 14103
1697, 10690
1697, 18652
1697, 7751
1697, 21942
1697, 7880
1697, 17728
1697, 9038
1697, 20418
1697, 20784
1697, 14041
1697, 14122
1697, 12546
1697, 8024
1697, 10994
1697, 22516
1697, 22966
1697, 14336
1697, 7931
16306, 1698
1698, 23197
12730, 1699
11875, 1699
21719, 1699
1699, 20560
22811, 1700
1700, 13638
19139, 1701
18148, 1701
25074, 1701
1701, 7855
9149, 1702
1702, 16020
17794, 1703
1703, 18141
24900, 1704
1704, 24766
17306, 1705
1705, 9862
11619, 1706
1706, 12068
1706, 8593
1706, 19982
1706, 12062
1706, 13066
20372, 1707
18617, 1707
21464, 1707
1707, 19496
22085, 1708
1708, 11536
12772, 1709
21473, 1709
22936, 1709
17094, 1709
8438, 1709
10720, 1709
22263, 1709
17740, 1709
7155, 1709
17480, 1709
17715, 1709
15376, 1709
13672, 1709
9392, 1709
12775, 1709
15843, 1709
18758, 1709
13360, 1709
12323, 1709
15264, 1709
24886, 1709
8598, 1709
17665, 1709
22717, 1709
14487, 1709
21498, 1709
22242, 1709
22973, 1709
25040, 1709
16413, 1709
1709, 12249
12579, 1710
1710, 18236
7203, 1711
18028, 1711
1711, 21623
7840, 1712
1712, 9103
15273, 1713
1713, 9899
11358, 1714
12931, 1714
1714, 13232
25550, 1715
1715, 13161
24921, 1716
17123, 1716
20008, 1716
7112, 1716
7359, 1716
22458, 1716
14175, 1716
17864, 1716
23770, 1716
17257, 1716
7646, 1716
22194, 1716
14178, 1716
15109, 1716
8589, 1716
9566, 1716
20379, 1716
16207, 1716
19641, 1716
11296, 1716
12072, 1716
21574, 1716
9826, 1716
18865, 1716
23829, 1716
10415, 1716
23023, 1716
9486, 1716
11944, 1716
21253, 1716
13036, 1716
12019, 1716
11082, 1716
22711, 1716
17744, 1716
21785, 1716
21046, 1716
11626, 1716
15553, 1716
14619, 1716
25071, 1716
19299, 1716
19678, 1716
22333, 1716
20474, 1716
19352, 1716
21097, 1716
15545, 1716
21522, 1716
16955, 1716
13457, 1716
21262, 1716
18645, 1716
14649, 1716
23979, 1716
17879, 1716
20732, 1716
13361, 1716
20359, 1716
10351, 1716
1716, 22161
21535, 1717
24095, 1717
1717, 16567
13156, 1718
1718, 16955
16790, 1719
1719, 21227
20877, 1720
1720, 19166
9613, 1721
1721, 7855
7521, 1722
1722, 20770
19828, 1723
1723, 24875
1723, 12343
1723, 10182
24911, 1724
1724, 13243
19358, 1725
1725, 24878
16031, 1726
1726, 21085
1726, 16928
8057, 1727
15294, 1727
1727, 10295
1727, 15343
1727, 18937
23105, 1728
1728, 22390
21122, 1729
1729, 22045
25321, 1730
1730, 19840
21567, 1731
1731, 22397
7436, 1732
1732, 10039
7900, 1733
19968, 1733
11253, 1733
17900, 1733
1733, 11792
25287, 1734
1734, 12899
1734, 12059
23049, 1735
1735, 22754
15164, 1736
15014, 1736
1736, 25248
25107, 1737
1737, 20464
21678, 1738
1738, 25351
12448, 1739
1739, 18070
11535, 1740
1740, 21503
7593, 1741
1741, 24729
18563, 1742
1742, 10486
18326, 1743
1743, 16751
13770, 1744
1744, 16452
24402, 1745
1745, 7587
20755, 1746
1746, 15654
12650, 1747
1747, 24465
13300, 1748
1748, 15161
22597, 1749
1749, 16948
14396, 1750
1750, 15953
19724, 1751
1751, 8476
18737, 1752
1752, 19936
16803, 1753
1753, 16542
12083, 1754
1754, 20025
13609, 1755
1755, 10191
9500, 1756
1756, 14314
17959, 1757
7421, 1757
19653, 1757
14329, 1757
16089, 1757
1757, 15498
19061, 1758
1758, 22529
1758, 19366
19724, 1759
1759, 16854
1759, 10958
17733, 1760
23101, 1760
1760, 13920
11344, 1761
20905, 1761
12131, 1761
9433, 1761
21451, 1761
19081, 1761
20472, 1761
21781, 1761
23691, 1761
10637, 1761
22591, 1761
23358, 1761
22052, 1761
18125, 1761
22557, 1761
22561, 1761
9174, 1761
7821, 1761
9096, 1761
20682, 1761
14574, 1761
8348, 1761
14775, 1761
16083, 1761
13002, 1761
20745, 1761
13137, 1761
21541, 1761
17084, 1761
12145, 1761
15448, 1761
7536, 1761
19788, 1761
21013, 1761
23915, 1761
13546, 1761
11570, 1761
13284, 1761
23487, 1761
11341, 1761
13166, 1761
13081, 1761
18597, 1761
19643, 1761
16627, 1761
22365, 1761
14815, 1761
10664, 1761
22224, 1761
20130, 1761
19895, 1761
19113, 1761
10511, 1761
24222, 1761
18167, 1761
21185, 1761
14677, 1761
8007, 1761
10801, 1761
16210, 1761
8832, 1761
25243, 1761
7496, 1761
17170, 1761
23325, 1761
11104, 1761
20464, 1761
18158, 1761
7101, 1761
17604, 1761
22077, 1761
7937, 1761
24710, 1761
7437, 1761
23047, 1761
8556, 1761
22787, 1761
12722, 1761
14300, 1761
16406, 1761
20637, 1761
20097, 1761
22725, 1761
23294, 1761
7745, 1761
10829, 1761
8852, 1761
8745, 1761
9744, 1761
10825, 1761
13027, 1761
11662, 1761
9554, 1761
10731, 1761
24716, 1761
16938, 1761
15683, 1761
22390, 1761
19227, 1761
16138, 1761
12910, 1761
7164, 1761
23363, 1761
9320, 1761
22358, 1761
14835, 1761
7965, 1761
18817, 1761
22118, 1761
18683, 1761
7382, 1761
10730, 1761
8793, 1761
17423, 1761
22632, 1761
9455, 1761
14185, 1761
18675, 1761
7633, 1761
10076, 1761
7494, 1761
15318, 1761
12973, 1761
8166, 1761
13995, 1761
12057, 1761
8720, 1761
17431, 1761
23431, 1761
7171, 1761
13280, 1761
13043, 1761
10895, 1761
21148, 1761
11716, 1761
14104, 1761
12378, 1761
15198, 1761
12519, 1761
14099, 1761
21168, 1761
13858, 1761
23025, 1761
8758, 1761
13493, 1761
16919, 1761
9265, 1761
11353, 1761
17469, 1761
23422, 1761
11857, 1761
22639, 1761
25065, 1761
20719, 1761
13602, 1761
25381, 1761
10888, 1761
11577, 1761
9625, 1761
16158, 1761
15290, 1761
12312, 1761
9206, 1761
14934, 1761
22511, 1761
18207, 1761
20087, 1761
23540, 1761
20555, 1761
9709, 1761
7694, 1761
10947, 1761
7534, 1761
9485, 1761
24112, 1761
14580, 1761
21538, 1761
19057, 1761
8368, 1761
9835, 1761
7100, 1761
24314, 1761
16941, 1761
24595, 1761
15699, 1761
18640, 1761
23763, 1761
24527, 1761
16844, 1761
8261, 1761
1761, 24410
24030, 1762
1762, 24446
12052, 1763
1763, 17070
21497, 1764
20031, 1764
1764, 20740
1764, 7737
1764, 19540
1764, 21553
17357, 1765
1765, 22543
19724, 1766
1766, 18398
18664, 1767
1767, 21086
16459, 1768
1768, 23821
25428, 1769
1769, 20070
18789, 1770
1770, 21650
11985, 1771
1771, 13181
20755, 1772
1772, 10485
15725, 1773
1773, 12548
19305, 1774
1774, 24472
14735, 1775
1775, 12698
1775, 11755
21798, 1776
1776, 21404
10422, 1777
1777, 15768
8483, 1778
1778, 14838
21346, 1779
1779, 21131
19724, 1780
1780, 10534
11592, 1781
1781, 12235
12496, 1782
1782, 21510
23090, 1783
1783, 22669
10290, 1784
10236, 1784
8176, 1784
13980, 1784
11835, 1784
1784, 10656
1784, 15620
23269, 1785
1785, 7274
17462, 1786
1786, 24763
20049, 1787
1787, 23314
18196, 1788
1788, 9717
21238, 1789
1789, 15581
15236, 1790
1790, 13319
8068, 1791
24145, 1791
1791, 7262
22814, 1792
1792, 16250
13811, 1793
25049, 1793
1793, 12280
22273, 1794
12032, 1794
14610, 1794
8265, 1794
15601, 1794
13971, 1794
11345, 1794
8349, 1794
23772, 1794
21496, 1794
25186, 1794
14182, 1794
1794, 11850
18536, 1795
1795, 17187
15906, 1796
1796, 14586
10321, 1797
1797, 18843
11131, 1798
1798, 13231
11153, 1799
1799, 23584
25568, 1800
1800, 19373
9090, 1801
1801, 21715
8487, 1802
1802, 9707
13283, 1803
1803, 18100
22811, 1804
1804, 13638
25284, 1805
1805, 17374
22533, 1806
1806, 8022
14007, 1807
1807, 15802
16960, 1808
12442, 1808
1808, 11342
16961, 1809
1809, 11230
24941, 1810
1810, 20206
22054, 1811
1811, 15119
16829, 1812
1812, 19115
14243, 1813
1813, 19622
10943, 1814
1814, 24083
22559, 1815
1815, 9931
18846, 1816
1816, 24737
1816, 7187
10455, 1817
1817, 12667
24132, 1818
11197, 1818
14014, 1818
1818, 7145
13400, 1819
1819, 16608
7428, 1820
13217, 1820
13697, 1820
12621, 1820
17647, 1820
15700, 1820
7998, 1820
21570, 1820
16429, 1820
22733, 1820
22984, 1820
10601, 1820
23852, 1820
10364, 1820
17522, 1820
15671, 1820
14899, 1820
7961, 1820
13650, 1820
12500, 1820
10840, 1820
24530, 1820
12787, 1820
12288, 1820
9286, 1820
18393, 1820
15506, 1820
16654, 1820
17342, 1820
11455, 1820
21420, 1820
24638, 1820
7695, 1820
16562, 1820
21279, 1820
17215, 1820
9215, 1820
19754, 1820
16597, 1820
19329, 1820
15135, 1820
25250, 1820
22139, 1820
9714, 1820
21952, 1820
14496, 1820
17284, 1820
19728, 1820
10832, 1820
16387, 1820
14841, 1820
22970, 1820
9454, 1820
22418, 1820
16763, 1820
9768, 1820
22441, 1820
22182, 1820
23416, 1820
10090, 1820
13062, 1820
18845, 1820
14512, 1820
9074, 1820
11246, 1820
23808, 1820
12580, 1820
15896, 1820
13730, 1820
13833, 1820
21252, 1820
15346, 1820
21349, 1820
24481, 1820
16359, 1820
20842, 1820
25122, 1820
8365, 1820
21107, 1820
23189, 1820
19638, 1820
13323, 1820
10447, 1820
12468, 1820
23616, 1820
17698, 1820
24386, 1820
13011, 1820
14453, 1820
21795, 1820
15818, 1820
25060, 1820
12222, 1820
25450, 1820
22923, 1820
11117, 1820
22390, 1820
16442, 1820
8993, 1820
12277, 1820
12679, 1820
15978, 1820
23144, 1820
12532, 1820
14669, 1820
12611, 1820
13179, 1820
11122, 1820
10853, 1820
19009, 1820
12242, 1820
16086, 1820
15767, 1820
24108, 1820
16541, 1820
8751, 1820
25084, 1820
16111, 1820
13667, 1820
20958, 1820
21603, 1820
17796, 1820
21171, 1820
9696, 1820
14245, 1820
13433, 1820
13930, 1820
7723, 1820
15470, 1820
12811, 1820
14978, 1820
17431, 1820
23842, 1820
22130, 1820
13723, 1820
14872, 1820
8949, 1820
19581, 1820
12619, 1820
18181, 1820
19689, 1820
23339, 1820
8887, 1820
23559, 1820
12736, 1820
14734, 1820
15632, 1820
12797, 1820
19620, 1820
17886, 1820
10508, 1820
12996, 1820
15452, 1820
7325, 1820
8433, 1820
10227, 1820
11684, 1820
17710, 1820
25431, 1820
11922, 1820
13015, 1820
9982, 1820
13390, 1820
24804, 1820
25230, 1820
14870, 1820
23798, 1820
16857, 1820
23317, 1820
11903, 1820
17529, 1820
21184, 1820
24371, 1820
7315, 1820
10938, 1820
18243, 1820
9417, 1820
15209, 1820
22902, 1820
9055, 1820
23336, 1820
8013, 1820
9835, 1820
11555, 1820
19927, 1820
13442, 1820
16101, 1820
7904, 1820
18640, 1820
17731, 1820
22264, 1820
9208, 1820
13844, 1820
22751, 1820
14129, 1820
1820, 24339
9876, 1821
8765, 1821
17616, 1821
14528, 1821
19727, 1821
1821, 11754
25379, 1822
1822, 19743
14138, 1823
1823, 22283
17048, 1824
1824, 20415
19480, 1825
1825, 18899
23712, 1826
1826, 15692
11339, 1827
7444, 1827
23408, 1827
1827, 13856
24293, 1828
1828, 13870
9968, 1829
14502, 1829
1829, 9852
12372, 1830
15740, 1830
18331, 1830
1830, 11626
15360, 1831
18482, 1831
20356, 1831
1831, 24298
23676, 1832
1832, 25248
15273, 1833
1833, 9899
24274, 1834
1834, 12238
13749, 1835
1835, 11883
13892, 1836
1836, 11755
18672, 1837
20577, 1837
19545, 1837
15834, 1837
7476, 1837
11971, 1837
17283, 1837
1837, 13002
1837, 13137
1837, 18597
1837, 20130
1837, 18158
1837, 7437
1837, 22725
1837, 9744
1837, 11662
1837, 15683
1837, 23363
1837, 8720
1837, 17431
1837, 13280
1837, 13043
1837, 11716
1837, 8758
1837, 17469
1837, 18526
1837, 11577
1837, 23763
19724, 1838
1838, 23378
12407, 1839
1839, 8260
17635, 1840
1840, 22556
18733, 1841
1841, 21651
9680, 1842
1842, 21991
19714, 1843
1843, 23588
13126, 1844
13827, 1844
1844, 9717
12328, 1845
1845, 10350
1845, 9595
19820, 1846
1846, 17358
19724, 1847
1847, 15802
12915, 1848
1848, 14586
24112, 1849
1849, 16377
1849, 14515
1849, 18742
18373, 1850
23513, 1850
1850, 7307
14840, 1851
1851, 8145
1851, 17396
9969, 1852
1852, 9720
1852, 24223
1852, 22573
1852, 18721
1852, 18579
1852, 13832
1852, 25413
16104, 1853
1853, 11184
16260, 1854
1854, 25042
12525, 1855
1855, 13677
11632, 1856
1856, 7361
13273, 1857
1857, 22824
19819, 1858
1858, 12622
24329, 1859
19816, 1859
1859, 18457
7806, 1860
1860, 13847
13183, 1861
1861, 7280
24898, 1862
17584, 1862
8570, 1862
1862, 21427
11693, 1863
1863, 8386
25548, 1864
1864, 19250
12865, 1865
1865, 7473
11891, 1866
1866, 7672
1866, 15672
1866, 25126
1866, 22497
1866, 20446
1866, 17520
17542, 1867
1867, 21760
19061, 1868
1868, 17289
9940, 1869
1869, 21430
7969, 1870
1870, 14499
20611, 1871
1871, 7565
19061, 1872
1872, 24220
1872, 16311
20394, 1873
1873, 16240
16713, 1874
1874, 16441
20634, 1875
1875, 23820
10818, 1876
1876, 23189
19061, 1877
1877, 8083
15236, 1878
1878, 15109
11616, 1879
1879, 15279
11770, 1880
1880, 14086
18795, 1881
1881, 14208
17429, 1882
1882, 23219
22885, 1883
11584, 1883
1883, 17396
25281, 1884
1884, 19199
10835, 1885
24219, 1885
10535, 1885
1885, 9691
25369, 1886
1886, 12770
1886, 21880
18917, 1887
1887, 7666
17475, 1888
1888, 17453
22119, 1889
1889, 14934
13689, 1890
1890, 9488
24317, 1891
21487, 1891
18494, 1891
10808, 1891
13257, 1891
8978, 1891
24040, 1891
11666, 1891
24922, 1891
19562, 1891
17601, 1891
23233, 1891
17099, 1891
25349, 1891
12618, 1891
23352, 1891
19130, 1891
19930, 1891
7498, 1891
14071, 1891
13322, 1891
12568, 1891
22723, 1891
17203, 1891
9039, 1891
13545, 1891
14465, 1891
17550, 1891
19961, 1891
8542, 1891
13182, 1891
17107, 1891
9036, 1891
8227, 1891
15635, 1891
7179, 1891
20260, 1891
20914, 1891
23486, 1891
9221, 1891
12636, 1891
9909, 1891
23664, 1891
9748, 1891
15167, 1891
11462, 1891
22033, 1891
10409, 1891
20944, 1891
16612, 1891
17407, 1891
12113, 1891
10188, 1891
16673, 1891
24415, 1891
23653, 1891
8503, 1891
23131, 1891
17313, 1891
24341, 1891
15802, 1891
11997, 1891
23705, 1891
17992, 1891
12988, 1891
19988, 1891
21089, 1891
21944, 1891
22303, 1891
16072, 1891
19706, 1891
11005, 1891
18151, 1891
19105, 1891
18561, 1891
10652, 1891
8172, 1891
20983, 1891
8122, 1891
25557, 1891
7528, 1891
16661, 1891
7776, 1891
9891, 1891
9016, 1891
9275, 1891
19610, 1891
15495, 1891
13149, 1891
17076, 1891
23286, 1891
23544, 1891
16837, 1891
24261, 1891
23655, 1891
7408, 1891
17307, 1891
10623, 1891
21674, 1891
14047, 1891
18658, 1891
24563, 1891
20476, 1891
16011, 1891
16836, 1891
13578, 1891
18572, 1891
23098, 1891
23380, 1891
11782, 1891
9323, 1891
23679, 1891
12844, 1891
16013, 1891
15280, 1891
18106, 1891
19078, 1891
19535, 1891
15646, 1891
19469, 1891
14242, 1891
17807, 1891
18048, 1891
10252, 1891
18438, 1891
14074, 1891
25106, 1891
14701, 1891
12203, 1891
10414, 1891
20363, 1891
14849, 1891
25514, 1891
13316, 1891
14702, 1891
7720, 1891
14698, 1891
13378, 1891
15100, 1891
23654, 1891
21519, 1891
17401, 1891
10973, 1891
7669, 1891
19140, 1891
18387, 1891
14935, 1891
13729, 1891
18725, 1891
9059, 1891
8152, 1891
25024, 1891
15107, 1891
13080, 1891
22590, 1891
8468, 1891
12314, 1891
22540, 1891
20282, 1891
7445, 1891
22510, 1891
9884, 1891
10443, 1891
13681, 1891
20289, 1891
12486, 1891
24499, 1891
11561, 1891
14447, 1891
17269, 1891
14501, 1891
13304, 1891
24686, 1891
15648, 1891
19767, 1891
8180, 1891
9145, 1891
11416, 1891
13285, 1891
13554, 1891
23895, 1891
24560, 1891
22166, 1891
12821, 1891
14430, 1891
16205, 1891
14057, 1891
24129, 1891
24856, 1891
17460, 1891
1891, 11741
1891, 11776
11878, 1892
9250, 1892
11877, 1892
25072, 1892
23551, 1892
22900, 1892
17725, 1892
13816, 1892
24865, 1892
9963, 1892
17713, 1892
19214, 1892
13651, 1892
1892, 11755
18003, 1893
1893, 21407
20074, 1894
12051, 1894
1894, 7648
19724, 1895
1895, 19893
8086, 1896
1896, 7572
14722, 1897
1897, 20769
25577, 1898
1898, 8922
22867, 1899
16787, 1899
14028, 1899
10196, 1899
1899, 23645
14265, 1900
1900, 18530
1900, 12520
20800, 1901
1901, 17996
24249, 1902
17350, 1902
1902, 15441
8086, 1903
1903, 16487
13767, 1904
1904, 22132
16639, 1905
1905, 11297
20895, 1906
1906, 22768
17518, 1907
1907, 20725
12514, 1908
1908, 21973
20793, 1909
1909, 7647
13188, 1910
21601, 1910
24436, 1910
16552, 1910
12168, 1910
7351, 1910
14922, 1910
13023, 1910
9770, 1910
10369, 1910
18826, 1910
18484, 1910
9546, 1910
11769, 1910
21042, 1910
16486, 1910
10998, 1910
23825, 1910
23311, 1910
22738, 1910
17897, 1910
1910, 16070
22889, 1911
7594, 1911
18819, 1911
13917, 1911
19636, 1911
9649, 1911
17911, 1911
18779, 1911
19017, 1911
25171, 1911
22692, 1911
14271, 1911
16660, 1911
24341, 1911
15802, 1911
23231, 1911
17329, 1911
11741, 1911
22107, 1911
10647, 1911
16023, 1911
7602, 1911
18136, 1911
9190, 1911
10620, 1911
11947, 1911
13578, 1911
7977, 1911
10207, 1911
9382, 1911
15953, 1911
15106, 1911
19409, 1911
21053, 1911
15468, 1911
20452, 1911
13030, 1911
12742, 1911
7613, 1911
20532, 1911
16908, 1911
16798, 1911
16875, 1911
20025, 1911
15705, 1911
7199, 1911
21071, 1911
14431, 1911
21623, 1911
24210, 1911
22287, 1911
16836, 1911
11453, 1911
16041, 1911
19591, 1911
23020, 1911
15650, 1911
15926, 1911
18145, 1911
17159, 1911
17682, 1911
9891, 1911
13574, 1911
1911, 17865
1911, 11776
23104, 1912
16453, 1912
1912, 10773
9821, 1913
1913, 21576
18528, 1914
1914, 11055
11678, 1915
1915, 23165
17649, 1916
1916, 21643
18075, 1917
20959, 1917
7296, 1917
9421, 1917
18518, 1917
11639, 1917
12493, 1917
9617, 1917
20479, 1917
19396, 1917
9601, 1917
1917, 14335
21125, 1918
1918, 20775
14593, 1919
1919, 9709
23365, 1920
1920, 23358
15422, 1921
1921, 18645
12400, 1922
1922, 20042
18729, 1923
1923, 10271
1923, 19950
11096, 1924
1924, 22694
18377, 1925
1925, 23983
21985, 1926
1926, 7602
13630, 1927
1927, 16476
11210, 1928
1928, 19853
14932, 1929
1929, 14305
24331, 1930
16978, 1930
1930, 9433
1930, 22969
1930, 11506
1930, 23495
1930, 18866
1930, 13504
1930, 21080
1930, 15773
1930, 19754
1930, 12067
1930, 21428
1930, 10103
1930, 12644
1930, 14524
1930, 15916
1930, 18594
1930, 7723
1930, 24159
1930, 24705
1930, 14371
1930, 22643
17814, 1931
21076, 1931
1931, 24729
8413, 1932
1932, 11755
24480, 1933
22393, 1933
1933, 13030
20262, 1934
1934, 24719
9246, 1935
23217, 1935
9713, 1935
12796, 1935
1935, 24222
1935, 11157
13557, 1936
17412, 1936
10727, 1936
16177, 1936
17454, 1936
21987, 1936
12697, 1936
1936, 23054
23101, 1937
1937, 16238
19826, 1938
1938, 8766
12407, 1939
1939, 17736
9533, 1940
20076, 1940
1940, 20359
22891, 1941
1941, 10641
19479, 1942
1942, 20224
17335, 1943
1943, 15290
21934, 1944
1944, 17592
12878, 1945
1945, 10440
10509, 1946
1946, 24879
23101, 1947
1947, 24630
20587, 1948
1948, 16217
1948, 15475
1948, 23824
21587, 1949
1949, 18410
24510, 1950
1950, 12799
1950, 18439
7244, 1951
1951, 12927
16965, 1952
17261, 1952
1952, 9370
16159, 1953
1953, 20184
13355, 1954
1954, 22223
16821, 1955
1955, 15689
19724, 1956
1956, 19069
10863, 1957
1957, 22390
8086, 1958
1958, 12692
13115, 1959
1959, 12568
21898, 1960
1960, 21651
20213, 1961
1961, 16020
9415, 1962
1962, 20940
1962, 14801
14528, 1963
1963, 12888
17335, 1964
1964, 17339
1964, 21160
8640, 1965
1965, 13778
12038, 1966
1966, 8543
22393, 1967
24480, 1967
1967, 14918
21090, 1968
1968, 16106
17824, 1969
1969, 12216
17195, 1970
1970, 24546
21041, 1971
1971, 19742
17238, 1972
1972, 23780
14060, 1973
1973, 22015
19724, 1974
1974, 20266
17026, 1975
1975, 24281
22994, 1976
1976, 16899
21889, 1977
1977, 14287
21497, 1978
1978, 21211
1978, 14052
18864, 1979
1979, 10283
21527, 1980
1980, 11848
15183, 1981
1981, 8871
7491, 1982
1982, 22421
23733, 1983
1983, 10095
15236, 1984
1984, 15083
25075, 1985
11268, 1985
1985, 23134
19724, 1986
1986, 9110
11837, 1987
1987, 21386
10715, 1988
1988, 20352
9440, 1989
1989, 11155
9961, 1990
1990, 7833
24899, 1991
1991, 11473
18664, 1992
1992, 8481
14645, 1993
1993, 16495
20797, 1994
1994, 21046
8735, 1995
1995, 20938
20587, 1996
1996, 21415
1996, 23066
1996, 8279
17608, 1997
1997, 20464
17678, 1998
1998, 10951
16253, 1999
1999, 21008
13700, 2000
2000, 20461
17878, 2001
2001, 25248
23475, 2002
2002, 21399
19724, 2003
2003, 14600
15856, 2004
2004, 22784
22292, 2005
2005, 20218
13964, 2006
2006, 25109
15354, 2007
2007, 9089
24642, 2008
2008, 18311
17847, 2009
2009, 15830
19724, 2010
2010, 18380
24754, 2011
2011, 18871
21901, 2012
22406, 2012
13037, 2012
2012, 13335
19674, 2013
2013, 9721
17935, 2014
2014, 11755
10509, 2015
2015, 18400
19061, 2016
24510, 2016
2016, 22423
2016, 17156
8569, 2017
2017, 9323
21936, 2018
2018, 12893
17055, 2019
11924, 2019
2019, 10645
19167, 2020
2020, 13243
17891, 2021
2021, 15802
16931, 2022
2022, 23885
17777, 2023
2023, 12648
15524, 2024
2024, 16723
22811, 2025
2025, 14175
13079, 2026
7185, 2026
11893, 2026
2026, 24651
16696, 2027
2027, 15620
25462, 2028
2028, 9475
13549, 2029
2029, 16786
21738, 2030
2030, 17198
10841, 2031
2031, 17493
7375, 2032
25432, 2032
2032, 14131
24802, 2033
2033, 16344
15841, 2034
2034, 23371
24606, 2035
20146, 2035
2035, 24757
18060, 2036
2036, 18162
25520, 2037
2037, 9709
13690, 2038
2038, 14142
2038, 14263
2038, 23958
2038, 19999
8086, 2039
2039, 13267
24510, 2040
18729, 2040
18664, 2040
2040, 24815
8941, 2041
2041, 16520
20440, 2042
2042, 16627
7928, 2043
2043, 21842
20127, 2044
2044, 20214
22566, 2045
2045, 20347
13069, 2046
2046, 9791
11176, 2047
2047, 22023
7782, 2048
2048, 22128
8086, 2049
2049, 13281
10229, 2050
2050, 20173
7744, 2051
2051, 11831
12512, 2052
2052, 7269
11131, 2053
2053, 13478
20714, 2054
2054, 7604
12533, 2055
2055, 19372
2055, 15926
2055, 20935
2055, 19354
18722, 2056
2056, 11755
20755, 2057
2057, 9234
24052, 2058
2058, 9605
12482, 2059
23411, 2059
9565, 2059
11817, 2059
22673, 2059
11841, 2059
18459, 2059
8429, 2059
22092, 2059
18576, 2059
7764, 2059
14175, 2059
15000, 2059
14842, 2059
25539, 2059
18386, 2059
20919, 2059
11883, 2059
7905, 2059
19933, 2059
7646, 2059
22194, 2059
14178, 2059
16386, 2059
10574, 2059
12858, 2059
22436, 2059
14495, 2059
11546, 2059
14015, 2059
10087, 2059
10125, 2059
22333, 2059
17677, 2059
8954, 2059
10168, 2059
8891, 2059
14649, 2059
2059, 20742
25013, 2060
2060, 9882
17852, 2061
2061, 25562
2061, 20849
2061, 10523
2061, 21824
13684, 2062
18263, 2062
9337, 2062
21237, 2062
2062, 11834
2062, 15453
2062, 21129
2062, 13504
2062, 15773
2062, 16794
2062, 23915
2062, 13546
2062, 19701
2062, 15917
2062, 20101
2062, 10103
2062, 19532
2062, 12274
2062, 12218
2062, 21795
2062, 18315
2062, 10807
2062, 15767
2062, 9095
2062, 15104
2062, 16631
2062, 18426
2062, 23940
2062, 10152
2062, 15209
2062, 9835
2062, 15962
7740, 2063
22110, 2063
2063, 20222
23440, 2064
21928, 2064
10577, 2064
9358, 2064
18190, 2064
11266, 2064
13784, 2064
7305, 2064
8022, 2064
13254, 2064
19499, 2064
13397, 2064
23137, 2064
18021, 2064
17706, 2064
9738, 2064
2064, 15032
7756, 2065
2065, 21264
2065, 11080
15641, 2066
2066, 18253
8086, 2067
2067, 17941
11851, 2068
2068, 16353
10509, 2069
2069, 23014
9284, 2070
2070, 24808
8307, 2071
2071, 12785
18803, 2072
2072, 23313
16270, 2073
2073, 8904
9426, 2074
2074, 16939
19122, 2075
2075, 10318
14151, 2076
2076, 10763
10509, 2077
2077, 9774
23768, 2078
2078, 10470
25420, 2079
23707, 2079
8550, 2079
15147, 2079
17139, 2079
7543, 2079
23555, 2079
11311, 2079
14710, 2079
20389, 2079
9077, 2079
19696, 2079
22293, 2079
14331, 2079
7167, 2079
24959, 2079
12108, 2079
16920, 2079
12098, 2079
23329, 2079
2079, 8276
12429, 2080
2080, 19273
8502, 2081
9892, 2081
19959, 2081
11824, 2081
19048, 2081
8869, 2081
2081, 19497
19720, 2082
18294, 2082
9717, 2082
14035, 2082
16754, 2082
11676, 2082
13670, 2082
25316, 2082
17820, 2082
2082, 15032
21446, 2083
2083, 15196
2083, 19564
12407, 2084
2084, 11954
22811, 2085
2085, 14175
21250, 2086
2086, 19973
23648, 2087
2087, 24946
25332, 2088
2088, 11755
15180, 2089
2089, 8766
21463, 2090
2090, 22384
19061, 2091
2091, 11676
15443, 2092
2092, 22981
24706, 2093
2093, 23790
18729, 2094
2094, 9738
2094, 20531
19855, 2095
12699, 2095
13841, 2095
9302, 2095
2095, 14779
18847, 2096
18877, 2096
2096, 12418
19248, 2097
2097, 19908
2097, 15074
11129, 2098
2098, 25542
20354, 2099
14126, 2099
18605, 2099
8082, 2099
22882, 2099
13885, 2099
25304, 2099
2099, 24196
2099, 10794
12782, 2100
20936, 2100
18841, 2100
2100, 10508
11113, 2101
2101, 13210
9002, 2102
2102, 12454
14199, 2103
2103, 12649
12200, 2104
2104, 16362
14310, 2105
2105, 11451
25404, 2106
2106, 19129
18761, 2107
17393, 2107
11993, 2107
14749, 2107
7475, 2107
20610, 2107
7671, 2107
19606, 2107
13409, 2107
2107, 21800
11527, 2108
8942, 2108
12656, 2108
14723, 2108
21033, 2108
2108, 22513
20755, 2109
2109, 7832
15292, 2110
2110, 13578
9507, 2111
2111, 10856
20610, 2112
13184, 2112
15814, 2112
13693, 2112
13415, 2112
20747, 2112
19471, 2112
15463, 2112
2112, 11029
7572, 2113
14112, 2113
24551, 2113
14910, 2113
14284, 2113
14306, 2113
23801, 2113
25291, 2113
10896, 2113
21445, 2113
15810, 2113
14004, 2113
15691, 2113
17672, 2113
14175, 2113
13292, 2113
19945, 2113
7407, 2113
7347, 2113
22099, 2113
17392, 2113
14178, 2113
15955, 2113
17580, 2113
25308, 2113
10879, 2113
16231, 2113
24818, 2113
20036, 2113
9170, 2113
17970, 2113
19936, 2113
11562, 2113
12684, 2113
9964, 2113
21190, 2113
16626, 2113
17451, 2113
21926, 2113
10336, 2113
11091, 2113
17053, 2113
10790, 2113
15854, 2113
13905, 2113
11159, 2113
12729, 2113
22664, 2113
11451, 2113
25564, 2113
11650, 2113
24298, 2113
18700, 2113
13319, 2113
12088, 2113
8118, 2113
10964, 2113
10165, 2113
19892, 2113
9665, 2113
8722, 2113
12221, 2113
12065, 2113
18786, 2113
24957, 2113
9724, 2113
20542, 2113
22759, 2113
13988, 2113
21999, 2113
9235, 2113
12967, 2113
17989, 2113
12341, 2113
8524, 2113
13894, 2113
20183, 2113
15545, 2113
19408, 2113
10925, 2113
23134, 2113
13169, 2113
18645, 2113
14649, 2113
18389, 2113
20344, 2113
15199, 2113
21994, 2113
23371, 2113
15358, 2113
16714, 2113
16913, 2113
15455, 2113
7463, 2113
24588, 2113
24790, 2113
20257, 2113
17982, 2113
2113, 16182
11990, 2114
24404, 2114
2114, 7990
20349, 2115
2115, 21976
18356, 2116
2116, 8362
21339, 2117
2117, 17524
23042, 2118
2118, 25248
10757, 2119
22390, 2119
2119, 19832
2119, 21333
2119, 7106
2119, 21191
7668, 2120
2120, 11147
24731, 2121
7389, 2121
2121, 21785
23827, 2122
2122, 14266
10541, 2123
23110, 2123
12451, 2123
12329, 2123
17849, 2123
16586, 2123
21949, 2123
23744, 2123
18079, 2123
24212, 2123
18176, 2123
20186, 2123
13603, 2123
14058, 2123
10582, 2123
11600, 2123
24730, 2123
22367, 2123
15066, 2123
13384, 2123
16492, 2123
16598, 2123
16613, 2123
12445, 2123
12086, 2123
21946, 2123
25052, 2123
21834, 2123
21789, 2123
11061, 2123
21914, 2123
24726, 2123
14103, 2123
12888, 2123
9820, 2123
10690, 2123
13264, 2123
18652, 2123
20080, 2123
10187, 2123
10710, 2123
13064, 2123
24939, 2123
17973, 2123
12647, 2123
7558, 2123
2123, 15032
15236, 2124
25085, 2124
18020, 2124
13865, 2124
20273, 2124
2124, 18272
14456, 2125
2125, 16679
11148, 2126
2126, 23978
9872, 2127
2127, 22236
9705, 2128
2128, 17446
12905, 2129
2129, 25240
8739, 2130
2130, 18307
19254, 2131
2131, 20929
17852, 2132
2132, 7372
2132, 18451
2132, 16492
2132, 10710
2132, 8181
2132, 21794
2132, 20075
2132, 21580
2132, 25018
2132, 9484
2132, 17438
19153, 2133
2133, 9834
13077, 2134
2134, 11791
12185, 2135
2135, 12655
7854, 2136
2136, 19175
21573, 2137
2137, 10482
23274, 2138
2138, 16736
8800, 2139
2139, 9862
9528, 2140
2140, 24397
15236, 2141
2141, 9619
22947, 2142
2142, 23116
9866, 2143
9575, 2143
2143, 13707
9042, 2144
2144, 10839
9181, 2145
25238, 2145
9922, 2145
12701, 2145
20616, 2145
23447, 2145
12131, 2145
8168, 2145
12193, 2145
10446, 2145
23358, 2145
21003, 2145
13422, 2145
18697, 2145
17829, 2145
24061, 2145
14407, 2145
14729, 2145
10967, 2145
14189, 2145
24077, 2145
22924, 2145
11629, 2145
10045, 2145
24656, 2145
12718, 2145
19351, 2145
14055, 2145
18886, 2145
24711, 2145
21541, 2145
18221, 2145
15933, 2145
16794, 2145
16179, 2145
8803, 2145
17263, 2145
14183, 2145
24220, 2145
17909, 2145
13284, 2145
12036, 2145
9651, 2145
13777, 2145
23666, 2145
19435, 2145
23191, 2145
9511, 2145
7725, 2145
13125, 2145
21428, 2145
16622, 2145
22365, 2145
19203, 2145
14782, 2145
11788, 2145
18626, 2145
16763, 2145
11084, 2145
22491, 2145
18223, 2145
10632, 2145
8398, 2145
15496, 2145
23978, 2145
13128, 2145
9518, 2145
19186, 2145
8641, 2145
24419, 2145
7796, 2145
9204, 2145
14643, 2145
7843, 2145
16220, 2145
9889, 2145
12430, 2145
20730, 2145
9068, 2145
22297, 2145
22866, 2145
19311, 2145
23189, 2145
8189, 2145
15606, 2145
19638, 2145
15689, 2145
11548, 2145
15681, 2145
10683, 2145
14180, 2145
10534, 2145
8531, 2145
17749, 2145
18984, 2145
15818, 2145
22527, 2145
11537, 2145
15683, 2145
18923, 2145
25498, 2145
23398, 2145
13262, 2145
8393, 2145
23007, 2145
8632, 2145
8303, 2145
22782, 2145
17187, 2145
22698, 2145
8950, 2145
18511, 2145
8500, 2145
21023, 2145
24392, 2145
11463, 2145
23853, 2145
11288, 2145
12934, 2145
19823, 2145
10482, 2145
20898, 2145
7934, 2145
11653, 2145
24932, 2145
14607, 2145
17524, 2145
21481, 2145
7394, 2145
14279, 2145
17024, 2145
13930, 2145
17587, 2145
7250, 2145
11473, 2145
13280, 2145
13043, 2145
9182, 2145
21318, 2145
18113, 2145
19042, 2145
24870, 2145
18030, 2145
17908, 2145
20519, 2145
10204, 2145
9330, 2145
20226, 2145
18804, 2145
12217, 2145
18014, 2145
8478, 2145
10074, 2145
20269, 2145
13992, 2145
10508, 2145
21472, 2145
10555, 2145
24235, 2145
17998, 2145
25431, 2145
14422, 2145
19551, 2145
7693, 2145
8828, 2145
8407, 2145
7984, 2145
19552, 2145
11166, 2145
15473, 2145
22740, 2145
23165, 2145
16705, 2145
13728, 2145
12315, 2145
16809, 2145
11492, 2145
14740, 2145
24314, 2145
7406, 2145
17403, 2145
15111, 2145
16786, 2145
10554, 2145
25547, 2145
18253, 2145
13999, 2145
2145, 8677
12153, 2146
22292, 2146
2146, 22833
24510, 2147
2147, 17867
17519, 2148
2148, 19156
8086, 2149
2149, 13306
15959, 2150
2150, 23279
22633, 2151
23264, 2151
2151, 8053
2151, 24866
2151, 20441
22016, 2152
2152, 12208
17335, 2153
2153, 21114
2153, 20495
13417, 2154
15493, 2154
2154, 20462
20618, 2155
2155, 12065
9078, 2156
2156, 19265
15831, 2157
2157, 23572
25218, 2158
15537, 2158
13615, 2158
2158, 25248
17801, 2159
2159, 12449
20692, 2160
2160, 9649
9977, 2161
2161, 13108
22674, 2162
2162, 20357
10954, 2163
2163, 17783
19061, 2164
2164, 19339
9872, 2165
2165, 18908
8320, 2166
2166, 23202
19769, 2167
9981, 2167
2167, 14201
2167, 10234
2167, 14769
14972, 2168
2168, 9126
2168, 20104
9591, 2169
2169, 11673
13226, 2170
2170, 16278
18994, 2171
2171, 11589
23600, 2172
2172, 11929
20569, 2173
2173, 25546
19184, 2174
2174, 15802
7585, 2175
25426, 2175
16749, 2175
8017, 2175
2175, 16008
20805, 2176
2176, 12163
11016, 2177
2177, 11938
9244, 2178
19876, 2178
2178, 25248
9639, 2179
2179, 7613
12664, 2180
2180, 18299
17429, 2181
2181, 25268
2181, 14001
16523, 2182
2182, 22072
11667, 2183
2183, 8207
22439, 2184
17104, 2184
11044, 2184
20607, 2184
25501, 2184
10711, 2184
17536, 2184
12786, 2184
11846, 2184
20483, 2184
22748, 2184
17496, 2184
13274, 2184
13318, 2184
8072, 2184
9004, 2184
18875, 2184
9060, 2184
20933, 2184
19530, 2184
10289, 2184
7621, 2184
13645, 2184
11031, 2184
18473, 2184
18283, 2184
15120, 2184
9779, 2184
12080, 2184
19598, 2184
19753, 2184
20968, 2184
15013, 2184
21534, 2184
12376, 2184
24874, 2184
24881, 2184
12863, 2184
21774, 2184
14846, 2184
9117, 2184
15857, 2184
13054, 2184
16581, 2184
17305, 2184
18983, 2184
14707, 2184
23905, 2184
16156, 2184
10831, 2184
16549, 2184
25118, 2184
18336, 2184
15911, 2184
23244, 2184
15649, 2184
20328, 2184
20352, 2184
14615, 2184
23393, 2184
16680, 2184
7307, 2184
9200, 2184
15764, 2184
20707, 2184
10243, 2184
12418, 2184
23514, 2184
15744, 2184
19712, 2184
11755, 2184
24167, 2184
8851, 2184
18590, 2184
7991, 2184
24552, 2184
15338, 2184
21098, 2184
12411, 2184
10736, 2184
13266, 2184
18821, 2184
21424, 2184
7672, 2184
11144, 2184
11167, 2184
22933, 2184
22238, 2184
11539, 2184
9774, 2184
17326, 2184
24259, 2184
12171, 2184
15626, 2184
7654, 2184
9345, 2184
14387, 2184
22669, 2184
24658, 2184
10936, 2184
23959, 2184
14255, 2184
17553, 2184
22276, 2184
12495, 2184
13205, 2184
23731, 2184
22810, 2184
9447, 2184
11926, 2184
10452, 2184
7367, 2184
21616, 2184
14539, 2184
8479, 2184
16608, 2184
7941, 2184
12195, 2184
22853, 2184
18071, 2184
20784, 2184
13141, 2184
13544, 2184
15823, 2184
11047, 2184
13003, 2184
10461, 2184
16393, 2184
17759, 2184
11826, 2184
24165, 2184
15012, 2184
16501, 2184
13685, 2184
18409, 2184
18392, 2184
24828, 2184
18674, 2184
19190, 2184
22282, 2184
14490, 2184
20921, 2184
23921, 2184
9399, 2184
23347, 2184
12280, 2184
21377, 2184
24125, 2184
9599, 2184
16900, 2184
9647, 2184
19642, 2184
18139, 2184
17007, 2184
11559, 2184
20103, 2184
8845, 2184
17268, 2184
17876, 2184
11879, 2184
15688, 2184
16751, 2184
16066, 2184
16448, 2184
19517, 2184
14133, 2184
8300, 2184
8766, 2184
25248, 2184
9626, 2184
14219, 2184
8038, 2184
18919, 2184
15382, 2184
15921, 2184
19894, 2184
18208, 2184
12952, 2184
19073, 2184
23824, 2184
17396, 2184
17788, 2184
14536, 2184
16912, 2184
21227, 2184
20296, 2184
25512, 2184
24889, 2184
16637, 2184
20939, 2184
21196, 2184
18428, 2184
23139, 2184
8386, 2184
11118, 2184
13551, 2184
15508, 2184
21392, 2184
8703, 2184
14547, 2184
15269, 2184
15909, 2184
17404, 2184
15331, 2184
15531, 2184
12535, 2184
21948, 2184
12157, 2184
15690, 2184
23267, 2184
8284, 2184
24364, 2184
8747, 2184
21767, 2184
22516, 2184
11882, 2184
13758, 2184
21848, 2184
22069, 2184
11509, 2184
21006, 2184
9087, 2184
16599, 2184
19466, 2184
13451, 2184
17233, 2184
18117, 2184
11155, 2184
22915, 2184
8279, 2184
25372, 2184
10744, 2184
24513, 2184
9355, 2184
8723, 2184
20028, 2184
20904, 2184
13034, 2184
19742, 2184
13888, 2184
23246, 2184
13599, 2184
15653, 2184
25464, 2184
18965, 2184
20775, 2184
8813, 2184
17361, 2184
8024, 2184
10994, 2184
11885, 2184
16727, 2184
11973, 2184
23804, 2184
10169, 2184
8016, 2184
22285, 2184
8310, 2184
9571, 2184
9668, 2184
16891, 2184
10776, 2184
24174, 2184
14470, 2184
11439, 2184
22251, 2184
14190, 2184
20704, 2184
12830, 2184
21529, 2184
24791, 2184
14313, 2184
12715, 2184
23208, 2184
14156, 2184
24435, 2184
10543, 2184
8695, 2184
12292, 2184
7259, 2184
15617, 2184
11379, 2184
23151, 2184
9281, 2184
8243, 2184
13663, 2184
12506, 2184
18227, 2184
11791, 2184
10378, 2184
24229, 2184
20853, 2184
13832, 2184
14030, 2184
2184, 11764
2184, 19724
11747, 2185
2185, 23912
13320, 2186
2186, 14269
2186, 12881
23818, 2187
2187, 7385
25402, 2188
2188, 10507
9046, 2189
2189, 11047
10116, 2190
2190, 18921
13502, 2191
14054, 2191
9669, 2191
10536, 2191
12010, 2191
18295, 2191
9433, 2191
13146, 2191
18248, 2191
16001, 2191
11984, 2191
14417, 2191
10337, 2191
10637, 2191
9793, 2191
14424, 2191
7500, 2191
18125, 2191
11506, 2191
22561, 2191
9174, 2191
23002, 2191
22924, 2191
20436, 2191
15439, 2191
24000, 2191
21876, 2191
8306, 2191
19807, 2191
7945, 2191
17018, 2191
22637, 2191
23261, 2191
16824, 2191
10271, 2191
11252, 2191
11194, 2191
12144, 2191
16214, 2191
18587, 2191
22493, 2191
12140, 2191
16140, 2191
19492, 2191
15908, 2191
23367, 2191
7972, 2191
16627, 2191
16693, 2191
24702, 2191
17334, 2191
16909, 2191
9751, 2191
14689, 2191
17424, 2191
22494, 2191
10145, 2191
18626, 2191
22734, 2191
20060, 2191
9875, 2191
9974, 2191
17367, 2191
13488, 2191
17353, 2191
18235, 2191
8662, 2191
9061, 2191
16381, 2191
8832, 2191
19693, 2191
16061, 2191
23032, 2191
9311, 2191
17433, 2191
22780, 2191
21688, 2191
8073, 2191
14304, 2191
8304, 2191
21885, 2191
18941, 2191
17848, 2191
19333, 2191
23741, 2191
23257, 2191
11204, 2191
9736, 2191
13829, 2191
16191, 2191
9749, 2191
21846, 2191
20287, 2191
14311, 2191
25039, 2191
16019, 2191
15438, 2191
13040, 2191
9950, 2191
25245, 2191
11117, 2191
14241, 2191
8959, 2191
24487, 2191
13020, 2191
10944, 2191
20556, 2191
24225, 2191
12277, 2191
19379, 2191
13875, 2191
13472, 2191
23887, 2191
15978, 2191
12552, 2191
24434, 2191
14776, 2191
10853, 2191
14418, 2191
20645, 2191
8544, 2191
9450, 2191
18271, 2191
11637, 2191
13680, 2191
10605, 2191
17186, 2191
22174, 2191
16282, 2191
16630, 2191
13558, 2191
14978, 2191
11243, 2191
15863, 2191
24692, 2191
23304, 2191
23519, 2191
9555, 2191
16263, 2191
15697, 2191
18099, 2191
18615, 2191
23223, 2191
18113, 2191
16872, 2191
9265, 2191
11521, 2191
17469, 2191
14925, 2191
17684, 2191
19800, 2191
13824, 2191
22364, 2191
10508, 2191
12733, 2191
20867, 2191
22129, 2191
18830, 2191
12705, 2191
8414, 2191
15352, 2191
22650, 2191
21922, 2191
21548, 2191
22363, 2191
12507, 2191
8725, 2191
10752, 2191
17144, 2191
15418, 2191
20087, 2191
18891, 2191
7848, 2191
11461, 2191
13688, 2191
25445, 2191
16510, 2191
7209, 2191
12956, 2191
9449, 2191
8063, 2191
18876, 2191
24355, 2191
11966, 2191
19057, 2191
8557, 2191
16666, 2191
23417, 2191
12300, 2191
23178, 2191
17415, 2191
10802, 2191
20412, 2191
7339, 2191
9013, 2191
2191, 20501
12063, 2192
21419, 2192
2192, 16727
20133, 2193
2193, 15543
13582, 2194
21312, 2194
2194, 16860
14338, 2195
2195, 13662
9026, 2196
2196, 17143
14720, 2197
2197, 22115
2197, 23298
2197, 24263
25486, 2198
19975, 2198
2198, 10219
24998, 2199
19654, 2199
15212, 2199
14002, 2199
24204, 2199
18102, 2199
11107, 2199
17605, 2199
9047, 2199
17667, 2199
9979, 2199
8951, 2199
21405, 2199
16034, 2199
15996, 2199
19663, 2199
15583, 2199
18678, 2199
22996, 2199
9456, 2199
11847, 2199
21430, 2199
8857, 2199
12871, 2199
12795, 2199
16122, 2199
8497, 2199
11983, 2199
13387, 2199
18403, 2199
24279, 2199
16571, 2199
21927, 2199
24949, 2199
11121, 2199
25059, 2199
24571, 2199
20773, 2199
17132, 2199
23884, 2199
9102, 2199
16890, 2199
17799, 2199
16353, 2199
23773, 2199
12045, 2199
14523, 2199
14158, 2199
15419, 2199
11680, 2199
18083, 2199
7390, 2199
11198, 2199
15568, 2199
18388, 2199
10228, 2199
7355, 2199
19726, 2199
7960, 2199
23607, 2199
15785, 2199
16542, 2199
18457, 2199
20541, 2199
18234, 2199
19513, 2199
22949, 2199
19299, 2199
19116, 2199
13556, 2199
19605, 2199
21976, 2199
11511, 2199
13838, 2199
19511, 2199
14266, 2199
8731, 2199
15985, 2199
7459, 2199
11201, 2199
8260, 2199
8120, 2199
15727, 2199
7678, 2199
16973, 2199
7132, 2199
2199, 18447
11131, 2200
2200, 24424
21130, 2201
2201, 8160
21950, 2202
2202, 22838
24605, 2203
7974, 2203
8746, 2203
14248, 2203
2203, 12053
24008, 2204
17178, 2204
13373, 2204
10047, 2204
18858, 2204
7573, 2204
24457, 2204
16000, 2204
20123, 2204
17525, 2204
21823, 2204
25476, 2204
18759, 2204
15753, 2204
24808, 2204
14290, 2204
8314, 2204
11850, 2204
16830, 2204
16898, 2204
21685, 2204
25210, 2204
25477, 2204
21057, 2204
24688, 2204
8395, 2204
24164, 2204
19303, 2204
13057, 2204
18859, 2204
7317, 2204
9786, 2204
25447, 2204
22951, 2204
18073, 2204
21505, 2204
17205, 2204
25282, 2204
20070, 2204
23330, 2204
18445, 2204
10506, 2204
14503, 2204
13818, 2204
8712, 2204
24401, 2204
7990, 2204
25346, 2204
12150, 2204
8642, 2204
20599, 2204
23078, 2204
8618, 2204
7641, 2204
7256, 2204
10586, 2204
19053, 2204
18873, 2204
11819, 2204
23507, 2204
24090, 2204
12638, 2204
16881, 2204
16832, 2204
10498, 2204
14573, 2204
11828, 2204
21293, 2204
9234, 2204
17223, 2204
16196, 2204
16913, 2204
23674, 2204
25082, 2204
16815, 2204
25283, 2204
13136, 2204
18173, 2204
14420, 2204
2204, 11102
9365, 2205
2205, 23943
17455, 2206
2206, 22019
23729, 2207
12603, 2207
2207, 9891
10079, 2208
2208, 15795
8580, 2209
17651, 2209
16716, 2209
2209, 7297
17429, 2210
2210, 13628
2210, 9213
23502, 2211
2211, 16727
20856, 2212
2212, 20424
9183, 2213
2213, 22352
18649, 2214
2214, 21190
2214, 24507
19244, 2215
2215, 19188
23037, 2216
2216, 18667
2216, 14782
18280, 2217
2217, 9594
15133, 2218
10439, 2218
22482, 2218
15799, 2218
21716, 2218
17603, 2218
12354, 2218
24302, 2218
2218, 16452
13047, 2219
2219, 16913
24572, 2220
2220, 21100
17177, 2221
2221, 12404
23359, 2222
2222, 20335
20092, 2223
2223, 20689
8086, 2224
2224, 17451
10477, 2225
2225, 8614
2225, 25444
13690, 2226
2226, 23863
18312, 2227
2227, 11473
21950, 2228
2228, 15516
7352, 2229
2229, 18194
23827, 2230
2230, 11987
19063, 2231
2231, 18029
15524, 2232
2232, 10351
9783, 2233
2233, 19742
15719, 2234
2234, 14944
10584, 2235
2235, 15205
13623, 2236
2236, 11773
9577, 2237
2237, 13072
8693, 2238
2238, 21984
17130, 2239
2239, 7385
24379, 2240
2240, 7658
2240, 24447
14660, 2241
19859, 2241
24895, 2241
8198, 2241
10406, 2241
15892, 2241
2241, 22995
24510, 2242
2242, 18129
12407, 2243
2243, 24054
12665, 2244
2244, 22748
9622, 2245
2245, 14623
20540, 2246
13847, 2246
20483, 2246
24651, 2246
8392, 2246
20160, 2246
17619, 2246
16155, 2246
10724, 2246
21528, 2246
9721, 2246
8183, 2246
17855, 2246
13335, 2246
24016, 2246
8690, 2246
15437, 2246
9560, 2246
10111, 2246
23993, 2246
7241, 2246
19491, 2246
25535, 2246
15041, 2246
23876, 2246
12151, 2246
2246, 19724
2246, 17495
20661, 2247
2247, 15015
19460, 2248
2248, 19678
13534, 2249
2249, 10597
18777, 2250
2250, 13243
23101, 2251
2251, 19637
24147, 2252
2252, 12305
20799, 2253
2253, 17831
18664, 2254
2254, 23293
22638, 2255
11123, 2255
17583, 2255
2255, 18205
2255, 11717
2255, 11775
2255, 22547
2255, 22438
2255, 15068
15328, 2256
19843, 2256
8066, 2256
8673, 2256
21564, 2256
2256, 21654
20326, 2257
2257, 16081
22262, 2258
14896, 2258
25093, 2258
2258, 20775
11692, 2259
8846, 2259
2259, 13940
19951, 2260
2260, 14306
24160, 2261
2261, 14813
13300, 2262
2262, 24788
22856, 2263
2263, 7573
2263, 8972
16917, 2264
12680, 2264
2264, 24280
14796, 2265
2265, 24280
8086, 2266
2266, 8468
17916, 2267
9020, 2267
2267, 24531
24797, 2268
2268, 10411
7744, 2269
2269, 20960
14355, 2270
19402, 2270
2270, 13262
11612, 2271
21803, 2271
2271, 14607
17429, 2272
2272, 9481
2272, 13687
22811, 2273
2273, 13638
9781, 2274
2274, 10086
16531, 2275
2275, 17263
2275, 14643
2275, 14891
2275, 17479
2275, 21596
8075, 2276
2276, 12520
12831, 2277
2277, 18542
13370, 2278
2278, 9570
23365, 2279
2279, 11553
9944, 2280
2280, 14539
19828, 2281
2281, 7856
12924, 2282
2282, 20527
17429, 2283
2283, 23437
14855, 2284
2284, 24381
15236, 2285
2285, 15083
22769, 2286
2286, 22320
16974, 2287
2287, 21148
22144, 2288
2288, 24921
19873, 2289
7270, 2289
2289, 20910
21938, 2290
2290, 14494
13633, 2291
2291, 21098
10042, 2292
25217, 2292
2292, 13497
14198, 2293
2293, 24280
20502, 2294
2294, 25501
21975, 2295
2295, 21255
20833, 2296
2296, 12770
2296, 20408
18292, 2297
2297, 13081
7129, 2298
10491, 2298
2298, 12928
22131, 2299
19433, 2299
2299, 19209
19724, 2300
2300, 16794
15158, 2301
2301, 24845
21037, 2302
2302, 14667
22102, 2303
2303, 22666
16811, 2304
2304, 11658
25548, 2305
2305, 19250
8010, 2306
13562, 2306
12653, 2306
13793, 2306
2306, 15336
18872, 2307
2307, 14863
13580, 2308
2308, 22977
2308, 13835
2308, 17396
12567, 2309
16843, 2309
20633, 2309
2309, 11988
12349, 2310
7434, 2310
2310, 9135
10546, 2311
2311, 14039
11957, 2312
2312, 20820
20170, 2313
2313, 16057
23768, 2314
2314, 7695
2314, 15239
19828, 2315
2315, 11701
2315, 14147
2315, 21657
2315, 23017
8674, 2316
20146, 2316
2316, 14389
11986, 2317
2317, 25245
9996, 2318
2318, 11542
16560, 2319
2319, 20553
19856, 2320
2320, 16434
24745, 2321
16396, 2321
12302, 2321
25302, 2321
9277, 2321
20377, 2321
10445, 2321
25325, 2321
8678, 2321
25006, 2321
10562, 2321
13215, 2321
20937, 2321
19623, 2321
22411, 2321
17009, 2321
17036, 2321
10077, 2321
19593, 2321
13501, 2321
16691, 2321
17492, 2321
25027, 2321
8283, 2321
11859, 2321
9173, 2321
8484, 2321
22831, 2321
17707, 2321
11422, 2321
17247, 2321
8312, 2321
20044, 2321
23061, 2321
17290, 2321
10927, 2321
15059, 2321
10857, 2321
22065, 2321
13515, 2321
19420, 2321
16201, 2321
15081, 2321
19765, 2321
17402, 2321
11710, 2321
7975, 2321
24750, 2321
17046, 2321
16457, 2321
17564, 2321
25465, 2321
9908, 2321
8220, 2321
10695, 2321
19979, 2321
17363, 2321
8996, 2321
8586, 2321
14045, 2321
24582, 2321
12886, 2321
20200, 2321
17338, 2321
14937, 2321
13223, 2321
24084, 2321
15521, 2321
7318, 2321
11223, 2321
7547, 2321
20140, 2321
12458, 2321
15564, 2321
14169, 2321
19935, 2321
21007, 2321
12978, 2321
21245, 2321
14778, 2321
20594, 2321
2321, 8763
13439, 2322
25226, 2322
2322, 9987
9705, 2323
2323, 17317
8842, 2324
9923, 2324
2324, 11254
15505, 2325
21762, 2325
2325, 25489
23657, 2326
22893, 2326
2326, 21579
9067, 2327
2327, 9153
25461, 2328
2328, 13896
20337, 2329
2329, 16789
20190, 2330
2330, 7321
13275, 2331
25034, 2331
2331, 22368
18729, 2332
2332, 20046
10319, 2333
2333, 15734
14598, 2334
2334, 22913
23053, 2335
2335, 18209
13543, 2336
2336, 8431
20388, 2337
2337, 15331
8928, 2338
2338, 15872
14391, 2339
2339, 20632
17327, 2340
2340, 10326
19708, 2341
2341, 11589
8086, 2342
2342, 9129
20755, 2343
2343, 16752
24522, 2344
2344, 12195
2344, 20850
11035, 2345
2345, 14634
11936, 2346
2346, 20344
8148, 2347
2347, 19195
13682, 2348
7379, 2348
21456, 2348
11147, 2348
17396, 2348
19430, 2348
8766, 2348
2348, 19724
2348, 10779
18954, 2349
2349, 14374
18553, 2350
2350, 19299
24464, 2351
2351, 25384
9995, 2352
2352, 15419
19724, 2353
2353, 13784
7091, 2354
2354, 10631
18712, 2355
2355, 10057
12407, 2356
2356, 10738
23941, 2357
24074, 2357
2357, 9345
23875, 2358
2358, 18223
19216, 2359
2359, 12693
19955, 2360
20465, 2360
18467, 2360
2360, 17915
14731, 2361
14945, 2361
2361, 13621
17556, 2362
2362, 15174
10932, 2363
2363, 24287
21158, 2364
2364, 8654
16410, 2365
2365, 14997
20223, 2366
2366, 11755
10132, 2367
2367, 24790
16805, 2368
2368, 7977
18644, 2369
2369, 18381
7073, 2370
2370, 19101
23873, 2371
21830, 2371
2371, 20598
16819, 2372
22859, 2372
2372, 13769
23768, 2373
2373, 9629
11959, 2374
2374, 23191
24929, 2375
24347, 2375
2375, 20051
21316, 2376
2376, 18374
14476, 2377
16124, 2377
14719, 2377
10293, 2377
2377, 23569
19724, 2378
2378, 18584
24782, 2379
2379, 17396
2379, 10977
14954, 2380
2380, 13323
19889, 2381
2381, 25247
19724, 2382
2382, 17551
12016, 2383
2383, 17396
13300, 2384
2384, 7087
20840, 2385
9356, 2385
10173, 2385
18668, 2385
19150, 2385
8042, 2385
18940, 2385
9616, 2385
24612, 2385
13914, 2385
2385, 13578
17768, 2386
2386, 18234
14000, 2387
2387, 23213
7362, 2388
2388, 19457
8474, 2389
12265, 2389
21507, 2389
2389, 11227
19724, 2390
2390, 19551
7360, 2391
13147, 2391
2391, 9717
11591, 2392
2392, 17181
16576, 2393
2393, 13733
23303, 2394
2394, 12000
19724, 2395
2395, 16231
8352, 2396
19909, 2396
2396, 21757
9210, 2397
23570, 2397
2397, 9402
18405, 2398
2398, 11922
11210, 2399
2399, 25053
19738, 2400
2400, 16353
13902, 2401
2401, 8284
8086, 2402
2402, 15507
13033, 2403
2403, 9588
22097, 2404
2404, 10795
8590, 2405
2405, 9516
14212, 2406
2406, 17396
9197, 2407
2407, 13095
9693, 2408
2408, 21654
20797, 2409
2409, 11992
11388, 2410
2410, 7269
7211, 2411
2411, 13339
20587, 2412
2412, 7406
2412, 11624
2412, 14711
2412, 8533
2412, 25360
2412, 10816
2412, 18227
2412, 20295
24809, 2413
2413, 19749
8086, 2414
2414, 7866
23297, 2415
23986, 2415
2415, 23718
25252, 2416
2416, 16105
12415, 2417
7902, 2417
24358, 2417
18840, 2417
23076, 2417
12922, 2417
8371, 2417
7403, 2417
9627, 2417
15173, 2417
9151, 2417
22271, 2417
16936, 2417
11809, 2417
12687, 2417
23010, 2417
15766, 2417
2417, 11473
15838, 2418
13753, 2418
25041, 2418
21627, 2418
7956, 2418
2418, 21654
11740, 2419
2419, 20775
12407, 2420
2420, 10666
2420, 18232
8764, 2421
2421, 19791
23481, 2422
2422, 9539
16355, 2423
2423, 17396
7504, 2424
2424, 11057
15001, 2425
2425, 16870
8148, 2426
2426, 19195
15405, 2427
2427, 10205
13313, 2428
2428, 17423
2428, 16754
19153, 2429
2429, 20284
10986, 2430
2430, 24167
12407, 2431
2431, 8610
21956, 2432
2432, 11812
15296, 2433
2433, 23731
19361, 2434
2434, 17606
21777, 2435
2435, 11474
10617, 2436
2436, 9717
12924, 2437
2437, 21456
19021, 2438
2438, 14196
18125, 2439
2439, 9363
2439, 19493
2439, 10580
23120, 2440
2440, 17223
19061, 2441
2441, 19401
2441, 22404
2441, 15255
25193, 2442
2442, 18693
12043, 2443
2443, 12690
21471, 2444
2444, 22924
15481, 2445
20998, 2445
2445, 14130
16159, 2446
2446, 20500
13484, 2447
15444, 2447
8170, 2447
2447, 13588
7583, 2448
18811, 2448
15807, 2448
7401, 2448
21233, 2448
17008, 2448
14066, 2448
15464, 2448
11070, 2448
13613, 2448
8103, 2448
18741, 2448
13431, 2448
10291, 2448
12501, 2448
17699, 2448
17304, 2448
23526, 2448
2448, 18569
11073, 2449
2449, 19015
23756, 2450
2450, 23109
24568, 2451
2451, 17751
18664, 2452
2452, 23445
15761, 2453
2453, 7977
14022, 2454
2454, 19661
16950, 2455
2455, 19125
21188, 2456
19847, 2456
2456, 10086
15513, 2457
2457, 15846
11837, 2458
2458, 20142
18654, 2459
2459, 21884
18767, 2460
2460, 24770
13846, 2461
2461, 18323
2461, 21666
9969, 2462
2462, 9720
2462, 24223
2462, 22573
2462, 18721
2462, 18579
2462, 13832
2462, 25413
18682, 2463
2463, 8046
2463, 23971
2463, 9052
2463, 8346
2463, 18372
2463, 19905
2463, 15877
2463, 8111
2463, 15935
18554, 2464
2464, 20391
25409, 2465
2465, 18854
13443, 2466
2466, 24588
13539, 2467
2467, 9106
19919, 2468
2468, 7272
16241, 2469
2469, 24694
7460, 2470
2470, 24651
10509, 2471
2471, 20638
25401, 2472
2472, 17211
24050, 2473
2473, 24426
23086, 2474
2474, 15603
12407, 2475
2475, 10065
9353, 2476
2476, 15203
19325, 2477
2477, 15796
19061, 2478
2478, 11815
21443, 2479
22165, 2479
2479, 21196
22225, 2480
10266, 2480
2480, 11755
19828, 2481
2481, 20413
17678, 2482
2482, 11258
24346, 2483
2483, 18949
19287, 2484
2484, 19601
7243, 2485
2485, 9588
8663, 2486
2486, 16798
19649, 2487
13945, 2487
12837, 2487
7212, 2487
23059, 2487
22284, 2487
2487, 16070
23232, 2488
2488, 21955
15628, 2489
2489, 10896
8086, 2490
2490, 12587
18547, 2491
2491, 17813
21792, 2492
2492, 22984
22081, 2493
2493, 22435
16331, 2494
14376, 2494
2494, 18715
22624, 2495
2495, 14852
11736, 2496
15286, 2496
2496, 23431
24798, 2497
11332, 2497
2497, 24592
10106, 2498
2498, 23521
22811, 2499
2499, 21826
24135, 2500
2500, 14461
14017, 2501
17051, 2501
2501, 13620
15930, 2502
2502, 19065
8953, 2503
16283, 2503
2503, 8386
24738, 2504
8600, 2504
2504, 12106
15411, 2505
2505, 23447
21797, 2506
2506, 21442
13735, 2507
2507, 24199
14811, 2508
2508, 7675
13869, 2509
15295, 2509
2509, 22392
14882, 2510
2510, 24080
2510, 16708
23768, 2511
2511, 17658
18778, 2512
2512, 23150
2512, 25164
2512, 17978
2512, 20523
2512, 23993
19828, 2513
2513, 7824
15378, 2514
2514, 8794
20755, 2515
2515, 7694
15121, 2516
10512, 2516
8319, 2516
23748, 2516
13986, 2516
11958, 2516
17504, 2516
20516, 2516
2516, 10833
22135, 2517
2517, 19654
12237, 2518
19966, 2518
2518, 7286
22076, 2519
2519, 7986
19882, 2520
2520, 16243
24469, 2521
12418, 2521
15475, 2521
18068, 2521
21778, 2521
11797, 2521
10086, 2521
11047, 2521
18166, 2521
11821, 2521
11938, 2521
21189, 2521
7970, 2521
12229, 2521
2521, 8262
2521, 19724
19240, 2522
2522, 11396
9131, 2523
22227, 2523
8734, 2523
19501, 2523
21212, 2523
20823, 2523
8459, 2523
2523, 11748
19828, 2524
2524, 21370
2524, 25260
2524, 21754
10232, 2525
2525, 11755
13817, 2526
17065, 2526
23262, 2526
2526, 18183
13891, 2527
2527, 8712
17335, 2528
2528, 23200
17662, 2529
2529, 14427
9816, 2530
2530, 22462
22575, 2531
2531, 24694
16963, 2532
2532, 23960
17209, 2533
2533, 7844
9035, 2534
2534, 22703
17145, 2535
2535, 25424
13176, 2536
2536, 8715
25264, 2537
2537, 7559
23101, 2538
2538, 21629
19061, 2539
2539, 8599
2539, 17387
11505, 2540
2540, 19393
22017, 2541
2541, 11540
24510, 2542
2542, 16358
19146, 2543
2543, 21621
11588, 2544
2544, 8386
13686, 2545
2545, 18343
8908, 2546
2546, 7590
12481, 2547
2547, 18844
20671, 2548
2548, 12394
14528, 2549
2549, 21735
17017, 2550
2550, 17408
19724, 2551
2551, 23602
10216, 2552
2552, 16924
22204, 2553
2553, 10819
16834, 2554
2554, 15802
7254, 2555
2555, 9323
19724, 2556
2556, 7566
8943, 2557
22920, 2557
15752, 2557
7580, 2557
2557, 23396
19724, 2558
2558, 11160
2558, 25556
11291, 2559
2559, 17258
13486, 2560
18687, 2560
2560, 13397
18920, 2561
2561, 12548
24510, 2562
2562, 21700
19153, 2563
2563, 20434
14518, 2564
18567, 2564
12474, 2564
9325, 2564
16048, 2564
8944, 2564
8471, 2564
17774, 2564
8546, 2564
24620, 2564
25366, 2564
13016, 2564
23943, 2564
7627, 2564
10924, 2564
17451, 2564
17693, 2564
19025, 2564
19249, 2564
7239, 2564
9949, 2564
19109, 2564
15116, 2564
7643, 2564
11807, 2564
22569, 2564
14838, 2564
16695, 2564
14706, 2564
21842, 2564
25224, 2564
24504, 2564
19299, 2564
11360, 2564
13808, 2564
16870, 2564
23646, 2564
18343, 2564
12785, 2564
14266, 2564
18089, 2564
11074, 2564
24420, 2564
22125, 2564
17739, 2564
25437, 2564
21341, 2564
2564, 11102
10689, 2565
2565, 13410
24292, 2566
2566, 12259
18385, 2567
2567, 22929
16925, 2568
24068, 2568
2568, 7190
11504, 2569
2569, 16830
15192, 2570
11916, 2570
9100, 2570
2570, 10780
24149, 2571
2571, 22748
13073, 2572
2572, 23040
24632, 2573
24662, 2573
8140, 2573
19950, 2573
18394, 2573
14177, 2573
9482, 2573
13951, 2573
10507, 2573
14774, 2573
12181, 2573
24072, 2573
14492, 2573
9717, 2573
13210, 2573
11323, 2573
7404, 2573
23224, 2573
7487, 2573
13333, 2573
23111, 2573
19066, 2573
8732, 2573
16942, 2573
23238, 2573
14181, 2573
9529, 2573
21931, 2573
20573, 2573
22176, 2573
12453, 2573
18770, 2573
21052, 2573
10911, 2573
19151, 2573
11314, 2573
18031, 2573
19971, 2573
13008, 2573
7478, 2573
19238, 2573
17818, 2573
17611, 2573
20727, 2573
10081, 2573
17179, 2573
10115, 2573
15291, 2573
14583, 2573
21352, 2573
14879, 2573
18413, 2573
16401, 2573
24459, 2573
7381, 2573
22803, 2573
24891, 2573
15741, 2573
12760, 2573
2573, 15032
19963, 2574
2574, 24234
12407, 2575
2575, 16010
8568, 2576
11346, 2576
2576, 21539
24558, 2577
2577, 15242
25090, 2578
2578, 19303
19757, 2579
2579, 18938
18778, 2580
2580, 18318
2580, 22127
2580, 18581
2580, 9088
2580, 23373
2580, 20425
2580, 23543
2580, 25535
2580, 12112
2580, 12759
24076, 2581
2581, 7182
8443, 2582
2582, 7395
8043, 2583
2583, 14634
12407, 2584
2584, 22107
13391, 2585
2585, 18085
19724, 2586
2586, 14158
19724, 2587
2587, 14321
7300, 2588
2588, 14070
11830, 2589
2589, 18317
9125, 2590
2590, 12683
9843, 2591
2591, 7544
17335, 2592
2592, 8714
2592, 22260
2592, 15020
10851, 2593
2593, 11359
16051, 2594
2594, 23546
11147, 2595
20352, 2595
11787, 2595
23017, 2595
17934, 2595
14948, 2595
24144, 2595
13274, 2595
2595, 13469
2595, 19724
17124, 2596
11689, 2596
10365, 2596
7792, 2596
2596, 14346
13525, 2597
2597, 20995
18729, 2598
2598, 8641
2598, 11288
9506, 2599
12060, 2599
19301, 2599
2599, 21403
2599, 11943
12919, 2600
13701, 2600
2600, 12260
2600, 21503
21068, 2601
7836, 2601
2601, 15351
19828, 2602
2602, 7165
7605, 2603
2603, 23686
2603, 21560
2603, 15306
2603, 23667
2603, 10753
24115, 2604
2604, 14816
19724, 2605
2605, 10937
2605, 16881
17678, 2606
2606, 16941
2606, 13867
8921, 2607
2607, 8386
21985, 2608
2608, 12342
12675, 2609
2609, 9331
22570, 2610
2610, 12761
8623, 2611
2611, 15772
22081, 2612
2612, 13244
18664, 2613
2613, 9108
12407, 2614
2614, 22107
7158, 2615
2615, 17681
21436, 2616
2616, 11091
24510, 2617
17429, 2617
17335, 2617
2617, 12718
2617, 20233
2617, 24176
2617, 13663
19281, 2618
2618, 23123
12007, 2619
21752, 2619
2619, 23779
13132, 2620
2620, 13706
22390, 2621
2621, 14655
2621, 12316
22393, 2622
20030, 2622
2622, 14477
19828, 2623
2623, 15940
18729, 2624
2624, 24607
2624, 13334
2624, 16951
14397, 2625
2625, 24536
21161, 2626
2626, 14707
13627, 2627
2627, 7269
14542, 2628
11140, 2628
2628, 15327
17806, 2629
2629, 25248
18939, 2630
2630, 24729
23402, 2631
2631, 19207
21087, 2632
2632, 24840
12411, 2633
16294, 2633
24429, 2633
11047, 2633
12640, 2633
19125, 2633
20775, 2633
2633, 19724
22041, 2634
2634, 19322
11978, 2635
2635, 23377
10037, 2636
2636, 22748
19724, 2637
2637, 23457
7497, 2638
2638, 10207
24769, 2639
2639, 11042
14439, 2640
2640, 24519
10707, 2641
2641, 12408
24134, 2642
2642, 14539
22641, 2643
2643, 14622
19724, 2644
2644, 15802
9954, 2645
2645, 21034
23916, 2646
2646, 17332
11289, 2647
2647, 12490
19724, 2648
2648, 24209
2648, 10767
13805, 2649
9377, 2649
22153, 2649
23283, 2649
8000, 2649
2649, 20934
9214, 2650
2650, 18128
20119, 2651
2651, 14539
13047, 2652
2652, 15583
2652, 15938
2652, 16913
17310, 2653
2653, 9323
12407, 2654
2654, 9398
22798, 2655
2655, 13662
11614, 2656
2656, 25320
9940, 2657
2657, 18403
24914, 2658
2658, 13819
24394, 2659
2659, 25510
10494, 2660
2660, 19589
14024, 2661
2661, 17744
18631, 2662
2662, 22748
17345, 2663
2663, 14570
2663, 17396
2663, 10977
16502, 2664
2664, 25505
10782, 2665
10407, 2665
9620, 2665
25334, 2665
23190, 2665
24948, 2665
9997, 2665
16598, 2665
19870, 2665
17270, 2665
2665, 15032
9138, 2666
2666, 16809
24510, 2667
2667, 9651
2667, 11463
2667, 13647
2667, 25246
21861, 2668
8511, 2668
2668, 10918
13655, 2669
2669, 17072
22811, 2670
2670, 20926
10136, 2671
2671, 13497
11440, 2672
17526, 2672
15755, 2672
22546, 2672
7810, 2672
23497, 2672
20375, 2672
14154, 2672
9794, 2672
14087, 2672
2672, 17396
25428, 2673
2673, 20070
17678, 2674
2674, 7189
10509, 2675
2675, 9460
19630, 2676
21263, 2676
12427, 2676
2676, 18209
9758, 2677
2677, 14305
7213, 2678
2678, 12610
20915, 2679
2679, 18786
12779, 2680
2680, 22579
8086, 2681
2681, 8772
21436, 2682
2682, 7805
13834, 2683
2683, 23832
22433, 2684
2684, 22748
8357, 2685
2685, 24221
19724, 2686
2686, 10987
2686, 23507
16808, 2687
22142, 2687
2687, 21633
2687, 16294
18165, 2688
2688, 23557
18517, 2689
2689, 17989
23108, 2690
24812, 2690
2690, 19854
13843, 2691
2691, 21614
16300, 2692
2692, 20307
19153, 2693
2693, 20543
7698, 2694
16409, 2694
9025, 2694
2694, 12405
15964, 2695
13426, 2695
2695, 23850
16280, 2696
2696, 18800
22976, 2697
13954, 2697
12399, 2697
21877, 2697
20679, 2697
8892, 2697
7425, 2697
17384, 2697
11375, 2697
22245, 2697
11624, 2697
21179, 2697
22526, 2697
17650, 2697
14711, 2697
8533, 2697
18021, 2697
25360, 2697
2697, 15032
10509, 2698
2698, 18279
19724, 2699
2699, 24284
24510, 2700
2700, 23238
2700, 21626
13042, 2701
2701, 13644
18666, 2702
10244, 2702
2702, 20775
23346, 2703
2703, 20813
11174, 2704
2704, 7641
8582, 2705
2705, 20330
8086, 2706
2706, 17323
19700, 2707
2707, 25437
10719, 2708
2708, 15011
17678, 2709
2709, 20468
24972, 2710
2710, 12280
15128, 2711
2711, 19116
12924, 2712
2712, 12117
16428, 2713
2713, 11597
2713, 17622
10625, 2714
2714, 25427
11921, 2715
2715, 8873
2715, 10637
2715, 23495
2715, 20436
2715, 13946
2715, 22742
2715, 13546
2715, 12067
2715, 22725
2715, 9744
2715, 11662
2715, 13297
2715, 23853
2715, 17431
2715, 24692
2715, 16731
2715, 24159
2715, 20519
2715, 18526
2715, 23940
2715, 24705
2715, 24421
24557, 2716
2716, 19042
2716, 20679
15193, 2717
2717, 17396
21300, 2718
2718, 18600
21188, 2719
20487, 2719
2719, 10086
9798, 2720
15362, 2720
2720, 16727
8886, 2721
20135, 2721
17311, 2721
2721, 11912
22507, 2722
15746, 2722
11249, 2722
2722, 10469
25554, 2723
2723, 23887
21881, 2724
2724, 10820
20768, 2725
2725, 22445
19292, 2726
2726, 20376
12826, 2727
2727, 22660
15182, 2728
2728, 18723
17516, 2729
2729, 22631
22530, 2730
2730, 11492
21478, 2731
2731, 11554
23942, 2732
23592, 2732
16364, 2732
2732, 23628
12972, 2733
2733, 10983
12407, 2734
2734, 25411
12660, 2735
2735, 14789
17190, 2736
2736, 22156
17631, 2737
2737, 7201
8107, 2738
2738, 14161
10025, 2739
2739, 12871
12924, 2740
2740, 19177
2740, 9560
10669, 2741
2741, 14279
2741, 24870
23058, 2742
2742, 23607
23160, 2743
2743, 11941
2743, 19367
2743, 20977
19724, 2744
2744, 20333
19542, 2745
2745, 22649
18892, 2746
2746, 12280
19061, 2747
2747, 13566
2747, 20468
23039, 2748
2748, 8191
13430, 2749
2749, 12306
2749, 9720
2749, 9117
2749, 20067
2749, 20707
2749, 11376
2749, 15414
2749, 9209
2749, 24452
2749, 18259
2749, 17488
2749, 8690
2749, 12977
2749, 17034
2749, 24006
2749, 25534
2749, 15381
2749, 23503
2749, 11934
2749, 17747
2749, 16734
18088, 2750
2750, 11308
2750, 19200
25193, 2751
2751, 11762
2751, 13332
2751, 18693
21078, 2752
2752, 19735
7193, 2753
2753, 25484
12142, 2754
2754, 16499
8613, 2755
2755, 7962
8086, 2756
2756, 12692
11397, 2757
2757, 8728
20398, 2758
2758, 22957
21275, 2759
2759, 17398
12924, 2760
2760, 15297
19418, 2761
2761, 25135
12924, 2762
2762, 25371
10805, 2763
2763, 13556
11478, 2764
8753, 2764
9439, 2764
25057, 2764
20357, 2764
15674, 2764
17396, 2764
23455, 2764
13412, 2764
10335, 2764
8406, 2764
12280, 2764
2764, 19724
24675, 2765
2765, 19742
8086, 2766
2766, 16578
15393, 2767
2767, 18130
16849, 2768
2768, 9549
17131, 2769
2769, 24690
22719, 2770
2770, 17771
15936, 2771
2771, 7315
13736, 2772
19595, 2772
2772, 16210
11975, 2773
2773, 20226
10750, 2774
25530, 2774
2774, 16768
21014, 2775
2775, 23207
10694, 2776
2776, 11066
2776, 17925
13313, 2777
2777, 7695
2777, 16239
19828, 2778
2778, 7885
24043, 2779
2779, 12280
19828, 2780
2780, 10402
14365, 2781
2781, 23930
19724, 2782
2782, 25547
18112, 2783
20285, 2783
2783, 10768
24519, 2784
15204, 2784
9402, 2784
11094, 2784
22460, 2784
18416, 2784
7295, 2784
15449, 2784
21902, 2784
24651, 2784
15987, 2784
7908, 2784
12223, 2784
13644, 2784
16979, 2784
9695, 2784
19101, 2784
25028, 2784
11540, 2784
17332, 2784
16802, 2784
16554, 2784
20067, 2784
19840, 2784
7612, 2784
23734, 2784
7590, 2784
24752, 2784
25241, 2784
14146, 2784
18549, 2784
8753, 2784
11755, 2784
13819, 2784
22156, 2784
12935, 2784
8515, 2784
18231, 2784
17895, 2784
8994, 2784
23909, 2784
22812, 2784
8031, 2784
14479, 2784
22435, 2784
25416, 2784
9345, 2784
17903, 2784
23207, 2784
14203, 2784
19858, 2784
14869, 2784
13759, 2784
13652, 2784
15442, 2784
14539, 2784
16233, 2784
11459, 2784
11047, 2784
16209, 2784
24165, 2784
9756, 2784
12472, 2784
17574, 2784
20647, 2784
18274, 2784
24485, 2784
19669, 2784
8182, 2784
21875, 2784
23285, 2784
15093, 2784
12280, 2784
13343, 2784
20775, 2784
16982, 2784
7548, 2784
14219, 2784
23724, 2784
19749, 2784
23921, 2784
12294, 2784
23761, 2784
11999, 2784
11715, 2784
23914, 2784
19718, 2784
18126, 2784
17934, 2784
11168, 2784
23527, 2784
17396, 2784
10746, 2784
18564, 2784
11596, 2784
22451, 2784
8136, 2784
21529, 2784
20376, 2784
7787, 2784
16070, 2784
8386, 2784
7259, 2784
15961, 2784
16269, 2784
18039, 2784
13989, 2784
8108, 2784
24945, 2784
14421, 2784
7324, 2784
18097, 2784
9594, 2784
17620, 2784
16395, 2784
14012, 2784
18236, 2784
7907, 2784
9560, 2784
13336, 2784
16318, 2784
21836, 2784
18919, 2784
11791, 2784
24397, 2784
23407, 2784
20486, 2784
25047, 2784
12431, 2784
12984, 2784
13227, 2784
19336, 2784
12211, 2784
15516, 2784
19407, 2784
15617, 2784
21536, 2784
21063, 2784
8766, 2784
20446, 2784
14667, 2784
12260, 2784
15130, 2784
15057, 2784
20994, 2784
11466, 2784
20939, 2784
2784, 23870
2784, 19724
18334, 2785
2785, 11098
13853, 2786
2786, 14176
19896, 2787
10870, 2787
2787, 11502
15572, 2788
22200, 2788
15860, 2788
2788, 11088
2788, 21866
22659, 2789
2789, 17396
9888, 2790
2790, 11497
2790, 22653
14025, 2791
2791, 17629
10277, 2792
2792, 7385
12251, 2793
2793, 22333
10353, 2794
2794, 16928
12386, 2795
2795, 18435
10509, 2796
2796, 11755
17403, 2797
2797, 20636
2797, 21059
2797, 14642
8086, 2798
2798, 7572
20587, 2799
2799, 18705
2799, 20792
2799, 15475
2799, 21958
12304, 2800
2800, 20851
15131, 2801
9503, 2801
7279, 2801
23668, 2801
14395, 2801
2801, 9087
8221, 2802
2802, 8314
7988, 2803
2803, 19328
12861, 2804
2804, 15605
11737, 2805
2805, 9960
13133, 2806
16040, 2806
9360, 2806
2806, 17915
20053, 2807
14772, 2807
2807, 20773
18913, 2808
2808, 22280
21738, 2809
2809, 15899
15288, 2810
2810, 23533
24099, 2811
2811, 13036
12869, 2812
2812, 20637
9710, 2813
2813, 23801
19724, 2814
2814, 23258
11942, 2815
2815, 11828
18414, 2816
8381, 2816
2816, 24224
12965, 2817
2817, 11446
22896, 2818
2818, 18342
23972, 2819
2819, 17441
10996, 2820
24438, 2820
11611, 2820
16320, 2820
11292, 2820
8168, 2820
8096, 2820
11324, 2820
20658, 2820
21003, 2820
18147, 2820
22557, 2820
23495, 2820
10006, 2820
22686, 2820
23119, 2820
18053, 2820
13482, 2820
21837, 2820
15738, 2820
18886, 2820
10881, 2820
12452, 2820
7099, 2820
14886, 2820
22892, 2820
18701, 2820
10271, 2820
10205, 2820
16794, 2820
17072, 2820
7731, 2820
15762, 2820
17931, 2820
9812, 2820
18350, 2820
7640, 2820
21698, 2820
19701, 2820
17299, 2820
19152, 2820
15099, 2820
19608, 2820
20101, 2820
24222, 2820
10103, 2820
16528, 2820
22791, 2820
7520, 2820
22341, 2820
16606, 2820
22178, 2820
21147, 2820
16381, 2820
18565, 2820
23416, 2820
19198, 2820
25384, 2820
11951, 2820
15991, 2820
16044, 2820
15159, 2820
13224, 2820
22631, 2820
14672, 2820
7809, 2820
23213, 2820
14524, 2820
18158, 2820
24646, 2820
9889, 2820
7604, 2820
10937, 2820
12723, 2820
23395, 2820
20780, 2820
14575, 2820
17961, 2820
17856, 2820
20155, 2820
13923, 2820
24286, 2820
11662, 2820
22468, 2820
20050, 2820
15724, 2820
18352, 2820
24916, 2820
19156, 2820
7237, 2820
18470, 2820
10224, 2820
14589, 2820
25100, 2820
18121, 2820
20693, 2820
23887, 2820
14795, 2820
20153, 2820
10483, 2820
23856, 2820
10807, 2820
11777, 2820
12436, 2820
10803, 2820
16822, 2820
19115, 2820
21820, 2820
20865, 2820
11042, 2820
20636, 2820
10076, 2820
15342, 2820
18608, 2820
23364, 2820
9161, 2820
25362, 2820
14324, 2820
24692, 2820
20711, 2820
13043, 2820
11735, 2820
14305, 2820
12378, 2820
18214, 2820
21204, 2820
16544, 2820
13887, 2820
20888, 2820
11575, 2820
13295, 2820
14320, 2820
12428, 2820
15223, 2820
21981, 2820
21892, 2820
14172, 2820
16945, 2820
23685, 2820
15373, 2820
24141, 2820
7838, 2820
17183, 2820
18693, 2820
12596, 2820
14134, 2820
8433, 2820
24765, 2820
24762, 2820
7903, 2820
12927, 2820
16678, 2820
13455, 2820
7983, 2820
18319, 2820
22051, 2820
22665, 2820
13289, 2820
13294, 2820
10249, 2820
11643, 2820
18952, 2820
22553, 2820
9334, 2820
11101, 2820
25357, 2820
7877, 2820
24432, 2820
17160, 2820
10987, 2820
15605, 2820
9485, 2820
24112, 2820
13728, 2820
15209, 2820
7312, 2820
11935, 2820
8880, 2820
9835, 2820
16742, 2820
22552, 2820
24417, 2820
20309, 2820
13713, 2820
10554, 2820
20910, 2820
10653, 2820
11156, 2820
24885, 2820
8985, 2820
9242, 2820
2820, 10655
9895, 2821
18461, 2821
2821, 13967
18061, 2822
2822, 8386
15270, 2823
16103, 2823
2823, 14586
19724, 2824
2824, 17257
15710, 2825
20860, 2825
7295, 2825
21633, 2825
18473, 2825
8532, 2825
9779, 2825
12842, 2825
14599, 2825
20801, 2825
23324, 2825
7269, 2825
11755, 2825
22784, 2825
10736, 2825
16314, 2825
18951, 2825
10936, 2825
23959, 2825
7143, 2825
17769, 2825
22705, 2825
13247, 2825
8450, 2825
13677, 2825
7689, 2825
22112, 2825
17778, 2825
23963, 2825
7954, 2825
16599, 2825
25248, 2825
19851, 2825
22317, 2825
17396, 2825
9806, 2825
18268, 2825
7093, 2825
20775, 2825
11999, 2825
10268, 2825
14335, 2825
18082, 2825
24352, 2825
7994, 2825
18760, 2825
7606, 2825
8766, 2825
15406, 2825
10977, 2825
20939, 2825
17520, 2825
16727, 2825
12280, 2825
7899, 2825
7262, 2825
11080, 2825
7910, 2825
18236, 2825
23060, 2825
8016, 2825
2825, 16218
2825, 19724
10001, 2826
2826, 21778
21919, 2827
2827, 11797
8855, 2828
2828, 10212
8086, 2829
2829, 17451
16483, 2830
2830, 9588
20069, 2831
2831, 21690
20002, 2832
2832, 17737
20072, 2833
2833, 25071
19237, 2834
2834, 7891
8086, 2835
2835, 13371
14441, 2836
2836, 20589
15298, 2837
2837, 18588
25423, 2838
2838, 12506
19724, 2839
2839, 20532
12407, 2840
2840, 20088
25455, 2841
2841, 19322
15181, 2842
2842, 13055
20663, 2843
2843, 20662
21831, 2844
2844, 8675
23316, 2845
2845, 13984
15504, 2846
2846, 9433
2846, 18125
2846, 22557
2846, 9174
2846, 20682
2846, 21541
2846, 12145
2846, 13546
2846, 13284
2846, 8832
2846, 7937
2846, 8556
2846, 20097
2846, 13027
2846, 10076
2846, 15198
2846, 23540
2846, 9485
2846, 9835
2846, 7100
2846, 24314
2846, 18640
20231, 2847
25294, 2847
2847, 7745
16531, 2848
2848, 15762
2848, 23395
2848, 7237
2848, 23278
2848, 13496
21343, 2849
2849, 12862
8086, 2850
2850, 7572
24304, 2851
14900, 2851
2851, 12260
7865, 2852
2852, 18039
17791, 2853
2853, 10548
17972, 2854
15945, 2854
2854, 20673
16531, 2855
2855, 14296
2855, 15720
18041, 2856
16579, 2856
2856, 20939
19860, 2857
2857, 13427
23050, 2858
13649, 2858
2858, 20230
14834, 2859
2859, 15920
9009, 2860
2860, 7143
16531, 2861
18664, 2861
2861, 17104
17679, 2862
2862, 17744
22332, 2863
2863, 13825
24758, 2864
2864, 20486
20587, 2865
2865, 17473
19724, 2866
2866, 13818
22992, 2867
9276, 2867
2867, 7180
13781, 2868
2868, 17502
21149, 2869
14834, 2869
25158, 2869
2869, 23462
20788, 2870
2870, 16509
11298, 2871
2871, 15705
13300, 2872
2872, 15034
20976, 2873
2873, 21492
10509, 2874
2874, 13249
14132, 2875
2875, 7793
23768, 2876
2876, 23833
10287, 2877
10804, 2877
9721, 2877
21286, 2877
21826, 2877
17783, 2877
10474, 2877
8264, 2877
11755, 2877
2877, 19724
2877, 16554
18729, 2878
2878, 16084
17678, 2879
2879, 7934
2879, 18696
10398, 2880
2880, 15818
20291, 2881
2881, 14178
24510, 2882
2882, 23589
9051, 2883
2883, 23566
19724, 2884
2884, 9717
18896, 2885
2885, 7621
15665, 2886
2886, 7202
19061, 2887
2887, 18951
12951, 2888
19764, 2888
2888, 19297
8423, 2889
2889, 21265
8428, 2890
2890, 18206
7301, 2891
10394, 2891
11069, 2891
21232, 2891
10017, 2891
23643, 2891
2891, 15693
19733, 2892
2892, 16913
9429, 2893
2893, 14577
24510, 2894
2894, 10516
11975, 2895
2895, 17600
19724, 2896
2896, 20268
21989, 2897
2897, 11755
11682, 2898
2898, 22878
2898, 20346
22825, 2899
10157, 2899
23716, 2899
21617, 2899
2899, 8135
2899, 9513
12720, 2900
2900, 16068
21532, 2901
18936, 2901
2901, 21994
22769, 2902
2902, 24036
15236, 2903
2903, 21951
12677, 2904
2904, 23579
25561, 2905
12873, 2905
17454, 2905
16190, 2905
8383, 2905
23241, 2905
24015, 2905
21320, 2905
24268, 2905
23737, 2905
2905, 12280
14533, 2906
2906, 13702
19911, 2907
2907, 19918
2907, 7538
8427, 2908
14211, 2908
2908, 21297
7597, 2909
20247, 2909
17639, 2909
2909, 17396
16192, 2910
2910, 13358
10263, 2911
2911, 10705
11573, 2912
2912, 9301
22347, 2913
2913, 24934
21296, 2914
2914, 14343
19724, 2915
2915, 22272
23704, 2916
2916, 8980
21172, 2917
2917, 16727
13370, 2918
2918, 9570
12433, 2919
10629, 2919
2919, 20593
22897, 2920
11675, 2920
8651, 2920
2920, 22663
8086, 2921
2921, 7572
14384, 2922
16932, 2922
20624, 2922
24579, 2922
2922, 10743
23384, 2923
2923, 12474
20755, 2924
2924, 24378
20762, 2925
2925, 22194
10509, 2926
2926, 14096
20768, 2927
2927, 22445
24755, 2928
10266, 2928
2928, 11755
17429, 2929
2929, 21750
11591, 2930
2930, 16314
12056, 2931
19587, 2931
12923, 2931
8654, 2931
13198, 2931
12176, 2931
21141, 2931
23576, 2931
17077, 2931
15498, 2931
16948, 2931
11094, 2931
8147, 2931
22748, 2931
18946, 2931
22694, 2931
8072, 2931
22488, 2931
19589, 2931
12548, 2931
13088, 2931
24651, 2931
20811, 2931
24321, 2931
10102, 2931
25526, 2931
8492, 2931
20160, 2931
9695, 2931
20197, 2931
24451, 2931
23872, 2931
19101, 2931
13768, 2931
16679, 2931
14903, 2931
9238, 2931
19840, 2931
9965, 2931
16054, 2931
23734, 2931
9688, 2931
16652, 2931
13514, 2931
23860, 2931
14146, 2931
18681, 2931
9280, 2931
13465, 2931
7269, 2931
11755, 2931
8851, 2931
21982, 2931
10193, 2931
9391, 2931
8515, 2931
11175, 2931
13269, 2931
15610, 2931
24247, 2931
22998, 2931
14920, 2931
7379, 2931
23260, 2931
22238, 2931
7650, 2931
23016, 2931
21528, 2931
17467, 2931
11539, 2931
9019, 2931
21854, 2931
12604, 2931
14201, 2931
17728, 2931
9124, 2931
10312, 2931
19752, 2931
14785, 2931
13205, 2931
23731, 2931
11677, 2931
24137, 2931
11840, 2931
9586, 2931
10428, 2931
17552, 2931
14970, 2931
20241, 2931
13141, 2931
24868, 2931
16642, 2931
13910, 2931
12933, 2931
8708, 2931
8659, 2931
15450, 2931
18392, 2931
21211, 2931
11118, 2931
12893, 2931
11301, 2931
23939, 2931
25126, 2931
15006, 2931
23008, 2931
23903, 2931
9148, 2931
9659, 2931
7110, 2931
7222, 2931
13007, 2931
12524, 2931
23747, 2931
11043, 2931
24987, 2931
19894, 2931
23821, 2931
25248, 2931
17615, 2931
23479, 2931
20297, 2931
23164, 2931
12163, 2931
19519, 2931
21458, 2931
20283, 2931
16623, 2931
13059, 2931
19770, 2931
9336, 2931
17396, 2931
7400, 2931
9560, 2931
8053, 2931
20348, 2931
21265, 2931
19621, 2931
9898, 2931
19524, 2931
23455, 2931
20775, 2931
14852, 2931
16572, 2931
23071, 2931
8415, 2931
21776, 2931
8386, 2931
19798, 2931
23225, 2931
7174, 2931
17134, 2931
7241, 2931
11269, 2931
14609, 2931
8567, 2931
20708, 2931
10332, 2931
8284, 2931
7862, 2931
24597, 2931
11133, 2931
14052, 2931
15250, 2931
13826, 2931
15221, 2931
20924, 2931
23172, 2931
25292, 2931
22345, 2931
17844, 2931
8766, 2931
23116, 2931
24644, 2931
8968, 2931
17087, 2931
18948, 2931
12536, 2931
20554, 2931
11169, 2931
17126, 2931
17157, 2931
20648, 2931
22583, 2931
22946, 2931
16896, 2931
17695, 2931
22223, 2931
25127, 2931
12268, 2931
21539, 2931
22466, 2931
16226, 2931
16727, 2931
25533, 2931
11791, 2931
11965, 2931
8064, 2931
10064, 2931
21711, 2931
18723, 2931
17537, 2931
15404, 2931
10671, 2931
9195, 2931
18919, 2931
2931, 19724
2931, 25177
13251, 2932
2932, 22687
16868, 2933
10687, 2933
2933, 16939
12407, 2934
2934, 14557
19313, 2935
2935, 23455
13505, 2936
2936, 11539
16605, 2937
2937, 24280
7968, 2938
2938, 11755
14482, 2939
2939, 22369
11250, 2940
2940, 10683
13028, 2941
13009, 2941
2941, 12110
9582, 2942
2942, 17396
11705, 2943
2943, 22063
25079, 2944
13106, 2944
2944, 8393
8086, 2945
2945, 13490
7758, 2946
2946, 17188
24892, 2947
2947, 21147
21652, 2948
2948, 22871
23988, 2949
2949, 20071
22450, 2950
24573, 2950
25540, 2950
14428, 2950
10221, 2950
16281, 2950
13963, 2950
11100, 2950
16369, 2950
22823, 2950
2950, 8183
18015, 2951
2951, 24986
25390, 2952
2952, 25265
11520, 2953
2953, 15816
20768, 2954
2954, 18574
7255, 2955
2955, 22350
17241, 2956
2956, 21322
20508, 2957
2957, 9511
17049, 2958
9299, 2958
2958, 13577
22024, 2959
2959, 24690
13300, 2960
2960, 18195
9082, 2961
12015, 2961
10910, 2961
17675, 2961
22958, 2961
20961, 2961
2961, 13957
2961, 13247
12043, 2962
2962, 19808
14770, 2963
2963, 24181
19061, 2964
2964, 24935
19902, 2965
2965, 18756
11131, 2966
2966, 11356
22337, 2967
2967, 21053
21790, 2968
12586, 2968
10159, 2968
21114, 2968
2968, 15032
11185, 2969
2969, 21360
22121, 2970
13775, 2970
2970, 19786
8121, 2971
2971, 7190
11524, 2972
2972, 22468
24256, 2973
2973, 9914
8521, 2974
2974, 22631
19724, 2975
2975, 11191
22797, 2976
2976, 7484
16531, 2977
2977, 8915
17907, 2978
2978, 12280
19724, 2979
2979, 23348
8086, 2980
2980, 17451
19446, 2981
2981, 24620
8554, 2982
15185, 2982
9837, 2982
15460, 2982
8754, 2982
10949, 2982
23273, 2982
2982, 15437
12407, 2983
2983, 15655
2983, 19970
18787, 2984
2984, 14537
13494, 2985
15865, 2985
11895, 2985
14471, 2985
2985, 12280
12744, 2986
2986, 13364
8086, 2987
2987, 15785
10570, 2988
18539, 2988
2988, 21422
2988, 24224
2988, 7319
13942, 2989
2989, 12280
13313, 2990
2990, 24286
2990, 8670
2990, 21878
2990, 24035
25310, 2991
2991, 20732
9290, 2992
11244, 2992
2992, 9330
21985, 2993
2993, 13374
13049, 2994
2994, 12418
9655, 2995
2995, 17066
15236, 2996
2996, 10072
25428, 2997
2997, 20070
12407, 2998
2998, 16287
17429, 2999
19828, 2999
2999, 16858
14777, 3000
14831, 3000
12444, 3000
3000, 12918
12407, 3001
3001, 10528
8086, 3002
3002, 15656
16159, 3003
3003, 19010
21985, 3004
3004, 7199
24921, 3005
16559, 3005
7572, 3005
22911, 3005
25468, 3005
12266, 3005
18990, 3005
8004, 3005
23629, 3005
18868, 3005
16686, 3005
23014, 3005
11517, 3005
16193, 3005
14588, 3005
11041, 3005
20596, 3005
22366, 3005
15575, 3005
11421, 3005
9880, 3005
20351, 3005
10010, 3005
10427, 3005
18852, 3005
19850, 3005
17451, 3005
22149, 3005
7675, 3005
23878, 3005
18836, 3005
13957, 3005
16495, 3005
16446, 3005
24307, 3005
17744, 3005
19523, 3005
8130, 3005
12396, 3005
10957, 3005
19299, 3005
9841, 3005
18707, 3005
15658, 3005
10298, 3005
22612, 3005
19569, 3005
16425, 3005
21800, 3005
14649, 3005
16462, 3005
17282, 3005
16063, 3005
16674, 3005
16550, 3005
16225, 3005
16115, 3005
25096, 3005
11712, 3005
11805, 3005
9735, 3005
18970, 3005
3005, 16472
20755, 3006
3006, 22645
13047, 3007
3007, 7452
19724, 3008
3008, 23436
14972, 3009
3009, 11477
15016, 3010
3010, 17396
19008, 3011
3011, 22448
16500, 3012
8856, 3012
13581, 3012
15244, 3012
23482, 3012
25340, 3012
10662, 3012
14135, 3012
15394, 3012
3012, 16286
3012, 9588
18517, 3013
3013, 24442
16159, 3014
3014, 14214
16927, 3015
3015, 10278
11436, 3016
3016, 21764
16224, 3017
3017, 16064
7870, 3018
3018, 14726
17429, 3019
3019, 15547
19724, 3020
3020, 16297
3020, 9425
17464, 3021
3021, 17752
12435, 3022
23171, 3022
3022, 12162
11898, 3023
3023, 21807
20755, 3024
3024, 21134
7989, 3025
3025, 17228
10254, 3026
3026, 16063
15096, 3027
13255, 3027
3027, 19113
22075, 3028
3028, 12827
3028, 14606
3028, 14987
3028, 21420
3028, 14520
3028, 20460
3028, 20945
3028, 11772
3028, 21795
3028, 15767
3028, 10976
3028, 12149
3028, 19734
3028, 25352
3028, 7248
3028, 20867
3028, 21788
19418, 3029
3029, 25135
15501, 3030
3030, 14465
3030, 10188
9619, 3031
3031, 7494
3031, 23096
20918, 3032
3032, 17672
9396, 3033
3033, 20950
12407, 3034
3034, 8652
11083, 3035
3035, 19997
16682, 3036
3036, 11819
10596, 3037
3037, 24862
16596, 3038
3038, 14386
8844, 3039
10127, 3039
16154, 3039
17196, 3039
19668, 3039
10593, 3039
23605, 3039
12256, 3039
20665, 3039
17038, 3039
9861, 3039
16615, 3039
24793, 3039
18256, 3039
17708, 3039
23728, 3039
8251, 3039
17528, 3039
23210, 3039
16539, 3039
17000, 3039
12920, 3039
16463, 3039
15579, 3039
11543, 3039
23927, 3039
12307, 3039
11393, 3039
13492, 3039
19259, 3039
19487, 3039
19529, 3039
20444, 3039
22627, 3039
22503, 3039
10203, 3039
22122, 3039
14209, 3039
7370, 3039
18197, 3039
13909, 3039
23805, 3039
19686, 3039
18371, 3039
24455, 3039
18174, 3039
19597, 3039
16569, 3039
14814, 3039
7958, 3039
11024, 3039
14764, 3039
23892, 3039
22679, 3039
12749, 3039
13075, 3039
12695, 3039
25425, 3039
8435, 3039
13985, 3039
7275, 3039
14116, 3039
21974, 3039
11357, 3039
3039, 24991
12017, 3040
3040, 12201
19724, 3041
3041, 13185
7575, 3042
3042, 10762
12924, 3043
3043, 20756
3043, 18981
18032, 3044
3044, 8880
24796, 3045
3045, 23114
11784, 3046
3046, 13343
9903, 3047
3047, 20553
22912, 3048
3048, 12686
17678, 3049
3049, 21928
3049, 10577
9071, 3050
3050, 16686
8086, 3051
3051, 11593
25280, 3052
3052, 14705
11515, 3053
3053, 8559
19802, 3054
3054, 12280
18297, 3055
3055, 18460
3055, 8898
3055, 24243
3055, 15249
7946, 3056
3056, 7908
17216, 3057
3057, 15954
16404, 3058
3058, 11340
12637, 3059
3059, 17461
22221, 3060
21492, 3060
20371, 3060
18971, 3060
18203, 3060
24055, 3060
23801, 3060
22702, 3060
8700, 3060
21968, 3060
24650, 3060
14866, 3060
23258, 3060
12761, 3060
12692, 3060
20009, 3060
18611, 3060
10144, 3060
12014, 3060
10839, 3060
19065, 3060
19437, 3060
19438, 3060
12235, 3060
11880, 3060
10912, 3060
14176, 3060
12021, 3060
17744, 3060
23845, 3060
24661, 3060
22333, 3060
9728, 3060
18519, 3060
19750, 3060
24215, 3060
18808, 3060
16752, 3060
13588, 3060
12600, 3060
12164, 3060
22502, 3060
23579, 3060
15876, 3060
11297, 3060
10485, 3060
12828, 3060
20638, 3060
18720, 3060
18633, 3060
3060, 11102
17335, 3061
3061, 13450
8135, 3062
7469, 3062
23673, 3062
12360, 3062
9513, 3062
12586, 3062
12295, 3062
16904, 3062
24935, 3062
18838, 3062
3062, 15032
15054, 3063
3063, 16100
16298, 3064
3064, 11754
3064, 19824
9782, 3065
3065, 8946
16149, 3066
3066, 11155
14680, 3067
24496, 3067
19845, 3067
25457, 3067
23424, 3067
11251, 3067
7690, 3067
10703, 3067
3067, 17634
20755, 3068
3068, 14969
14114, 3069
3069, 15863
13300, 3070
3070, 9774
7133, 3071
3071, 20303
11993, 3072
11420, 3072
13538, 3072
17712, 3072
11789, 3072
7635, 3072
14369, 3072
3072, 22013
3072, 23023
19061, 3073
3073, 15156
3073, 15403
22480, 3074
3074, 15026
15303, 3075
3075, 16954
10132, 3076
3076, 18670
17047, 3077
3077, 22183
22067, 3078
3078, 20775
23973, 3079
3079, 18252
15832, 3080
3080, 13939
19724, 3081
3081, 20829
16770, 3082
3082, 9603
17907, 3083
3083, 12280
23296, 3084
19083, 3084
3084, 25129
25185, 3085
12190, 3085
24216, 3085
19208, 3085
17765, 3085
23209, 3085
3085, 9724
10775, 3086
3086, 14747
17116, 3087
3087, 23185
14834, 3088
3088, 10292
14568, 3089
19861, 3089
11568, 3089
21408, 3089
16397, 3089
15539, 3089
19967, 3089
3089, 24810
3089, 12998
15002, 3090
3090, 17232
18273, 3091
8692, 3091
3091, 23928
22662, 3092
8422, 3092
3092, 15943
9462, 3093
3093, 15802
16759, 3094
3094, 21679
20992, 3095
3095, 24280
18058, 3096
3096, 14539
15529, 3097
19197, 3097
17002, 3097
24227, 3097
9065, 3097
3097, 11511
9445, 3098
3098, 20653
12043, 3099
3099, 9048
13553, 3100
3100, 12721
22861, 3101
3101, 10045
14481, 3102
3102, 22289
16573, 3103
3103, 19114
16173, 3104
3104, 7076
16029, 3105
3105, 13941
21260, 3106
3106, 14344
21367, 3107
3107, 17396
19724, 3108
3108, 15802
18149, 3109
3109, 11664
14051, 3110
3110, 20904
7328, 3111
3111, 24861
11595, 3112
3112, 21329
11663, 3113
3113, 10095
8992, 3114
3114, 13747
8444, 3115
3115, 8386
11955, 3116
3116, 21474
9925, 3117
3117, 20144
25342, 3118
3118, 7783
23101, 3119
3119, 13044
17335, 3120
3120, 16083
20772, 3121
10091, 3121
16850, 3121
18044, 3121
3121, 23443
25380, 3122
3122, 20990
16762, 3123
3123, 17921
20286, 3124
17336, 3124
3124, 20775
19922, 3125
13522, 3125
3125, 25157
14076, 3126
3126, 13007
15349, 3127
3127, 21944
10155, 3128
24981, 3128
9403, 3128
21332, 3128
3128, 11292
3128, 22557
3128, 22892
3128, 21428
3128, 19608
3128, 12644
3128, 16381
3128, 18158
3128, 20153
3128, 10807
3128, 24692
3128, 13043
3128, 20888
3128, 18319
3128, 13728
3128, 15209
3128, 11935
3128, 9835
3128, 10554
3128, 24885
3128, 15962
3128, 15238
18968, 3129
3129, 23921
12924, 3130
3130, 7561
16514, 3131
3131, 8231
7605, 3132
3132, 15408
3132, 21202
18729, 3133
3133, 11023
24522, 3134
3134, 14118
3134, 19026
19657, 3135
3135, 15840
21500, 3136
11962, 3136
3136, 7259
3136, 15620
12043, 3137
3137, 8032
15781, 3138
24480, 3138
3138, 25161
24251, 3139
3139, 16350
7909, 3140
23499, 3140
3140, 17932
14145, 3141
16256, 3141
12285, 3141
23237, 3141
3141, 10800
16334, 3142
3142, 12742
24045, 3143
3143, 16756
21701, 3144
18641, 3144
23125, 3144
3144, 10780
13348, 3145
3145, 20697
25175, 3146
19912, 3146
11607, 3146
8587, 3146
8297, 3146
22865, 3146
7257, 3146
19660, 3146
25319, 3146
25228, 3146
21561, 3146
21364, 3146
18814, 3146
24817, 3146
11228, 3146
24994, 3146
20806, 3146
20846, 3146
15415, 3146
19586, 3146
13965, 3146
17924, 3146
12803, 3146
19383, 3146
11719, 3146
3146, 16898
24969, 3147
3147, 16418
16886, 3148
3148, 13065
19674, 3149
3149, 9721
25239, 3150
3150, 16294
14385, 3151
3151, 17987
18909, 3152
3152, 20387
18458, 3153
3153, 16671
8235, 3154
3154, 17396
14803, 3155
3155, 18865
10995, 3156
3156, 24383
21230, 3157
3157, 20994
24233, 3158
3158, 19572
22199, 3159
3159, 17934
21226, 3160
3160, 16598
16801, 3161
3161, 12842
20755, 3162
3162, 15130
15127, 3163
3163, 18861
19722, 3164
14553, 3164
3164, 21197
21686, 3165
15017, 3165
12278, 3165
9864, 3165
18170, 3165
3165, 20123
23365, 3166
3166, 9918
10176, 3167
10301, 3167
3167, 25153
12379, 3168
3168, 15588
16682, 3169
3169, 12150
18405, 3170
3170, 11922
10858, 3171
3171, 10508
3171, 14948
9027, 3172
3172, 12152
9989, 3173
3173, 16987
10509, 3174
3174, 10496
24033, 3175
3175, 23810
10784, 3176
3176, 16862
13626, 3177
3177, 10592
21793, 3178
3178, 24326
11131, 3179
3179, 7440
14843, 3180
3180, 8118
17944, 3181
3181, 7883
14860, 3182
3182, 25222
19724, 3183
3183, 18914
19724, 3184
3184, 24114
14150, 3185
3185, 19894
10583, 3186
3186, 9385
24228, 3187
3187, 7803
8086, 3188
3188, 20613
25405, 3189
15257, 3189
3189, 16751
17815, 3190
3190, 9040
16964, 3191
3191, 21244
11642, 3192
3192, 14373
13444, 3193
3193, 12280
20985, 3194
3194, 13373
10884, 3195
3195, 13766
22427, 3196
3196, 13307
13094, 3197
14268, 3197
3197, 19806
11754, 3198
11477, 3198
13512, 3198
9967, 3198
21085, 3198
13912, 3198
16721, 3198
9717, 3198
15547, 3198
14781, 3198
7472, 3198
25399, 3198
17658, 3198
21723, 3198
20563, 3198
11796, 3198
23400, 3198
21202, 3198
16014, 3198
19335, 3198
10739, 3198
20697, 3198
3198, 15032
18784, 3199
9172, 3199
18958, 3199
15817, 3199
12651, 3199
19887, 3199
17237, 3199
14560, 3199
23004, 3199
23428, 3199
15927, 3199
13235, 3199
7349, 3199
3199, 24651
3199, 16727
7687, 3200
3200, 8515
14309, 3201
3201, 20775
12859, 3202
3202, 12482
11770, 3203
3203, 14092
21152, 3204
12857, 3204
15300, 3204
11134, 3204
20857, 3204
10085, 3204
17291, 3204
3204, 10706
15285, 3205
23145, 3205
3205, 11395
9098, 3206
9203, 3206
23102, 3206
3206, 10279
20242, 3207
3207, 7459
22212, 3208
3208, 21063
12754, 3209
3209, 14178
8217, 3210
10011, 3210
22162, 3210
18105, 3210
11645, 3210
15912, 3210
12388, 3210
13591, 3210
18708, 3210
13129, 3210
8425, 3210
10014, 3210
3210, 22577
11067, 3211
3211, 16939
18691, 3212
17513, 3212
3212, 14305
18664, 3213
3213, 9967
3213, 14781
3213, 25399
3213, 13450
20755, 3214
3214, 19219
18872, 3215
3215, 15277
19338, 3216
3216, 10789
9231, 3217
3217, 25248
11729, 3218
25220, 3218
23750, 3218
3218, 25028
13576, 3219
24029, 3219
24938, 3219
24066, 3219
8481, 3219
22821, 3219
8835, 3219
13158, 3219
13117, 3219
18805, 3219
14033, 3219
22299, 3219
7517, 3219
12134, 3219
9559, 3219
14549, 3219
18094, 3219
11432, 3219
9717, 3219
20997, 3219
24776, 3219
9130, 3219
23782, 3219
14990, 3219
18190, 3219
14109, 3219
10000, 3219
12899, 3219
19942, 3219
14031, 3219
18740, 3219
17966, 3219
23219, 3219
13491, 3219
15335, 3219
15685, 3219
19901, 3219
12252, 3219
8403, 3219
14554, 3219
23044, 3219
9308, 3219
24003, 3219
16095, 3219
12423, 3219
10837, 3219
17823, 3219
13944, 3219
23040, 3219
15686, 3219
14179, 3219
15129, 3219
14342, 3219
8047, 3219
18481, 3219
25207, 3219
15723, 3219
11659, 3219
20254, 3219
25523, 3219
17163, 3219
15842, 3219
8566, 3219
18358, 3219
7126, 3219
11400, 3219
8660, 3219
8099, 3219
3219, 15032
18729, 3220
3220, 10704
3220, 18086
3220, 12565
3220, 14951
3220, 17176
19634, 3221
3221, 16046
20191, 3222
3222, 18752
24202, 3223
17507, 3223
20551, 3223
3223, 11322
10420, 3224
3224, 15035
7890, 3225
3225, 14434
12043, 3226
3226, 17248
12339, 3227
20215, 3227
18242, 3227
13256, 3227
15905, 3227
14062, 3227
20370, 3227
10468, 3227
3227, 10349
14249, 3228
3228, 24165
7456, 3229
3229, 10013
14671, 3230
3230, 10401
14362, 3231
3231, 10508
17429, 3232
3232, 15617
11059, 3233
3233, 15223
22707, 3234
16879, 3234
3234, 11147
16146, 3235
3235, 22355
3235, 19810
18595, 3236
3236, 17977
19724, 3237
3237, 12776
15044, 3238
3238, 18140
15287, 3239
3239, 11857
14272, 3240
3240, 18119
16648, 3241
3241, 12559
21289, 3242
3242, 15341
20076, 3243
12365, 3243
3243, 19933
23548, 3244
3244, 10928
21478, 3245
3245, 24816
9283, 3246
3246, 20395
17335, 3247
3247, 23194
3247, 16669
7089, 3248
16268, 3248
3248, 24119
3248, 18573
13715, 3249
19547, 3249
14885, 3249
21418, 3249
8482, 3249
12199, 3249
15258, 3249
9942, 3249
24610, 3249
3249, 9997
10509, 3250
3250, 10736
7196, 3251
3251, 11709
19792, 3252
24443, 3252
3252, 23341
3252, 21181
3252, 25005
23848, 3253
3253, 19442
22873, 3254
3254, 17332
23563, 3255
3255, 22125
19234, 3256
3256, 14266
23205, 3257
3257, 9479
9855, 3258
3258, 16896
12018, 3259
22940, 3259
3259, 18592
23721, 3260
3260, 14966
24238, 3261
21338, 3261
24614, 3261
13394, 3261
22683, 3261
3261, 21096
25213, 3262
3262, 15026
15993, 3263
3263, 14740
19274, 3264
21511, 3264
3264, 10694
12924, 3265
3265, 13836
24128, 3266
3266, 11700
22790, 3267
3267, 16034
12107, 3268
3268, 22522
17852, 3269
3269, 18834
3269, 23379
3269, 10541
3269, 23110
3269, 14774
3269, 21598
3269, 7517
3269, 14492
3269, 10603
3269, 7495
3269, 14467
3269, 20186
3269, 10960
3269, 7487
3269, 23965
3269, 11116
3269, 24191
3269, 14232
3269, 12120
3269, 14679
3269, 25487
3269, 10115
3269, 8169
3269, 19173
3269, 17973
3269, 23509
3269, 15842
3269, 18966
3269, 8099
3269, 8741
3269, 18622
3269, 10935
3269, 9804
3269, 14819
3269, 11894
3269, 19368
3269, 11274
3269, 9292
3269, 17728
3269, 11926
3269, 20784
3269, 7963
3269, 8264
3269, 17443
3269, 20296
3269, 21875
3269, 14064
3269, 20704
3269, 13933
3269, 19655
3269, 9637
3269, 22886
3269, 18525
3269, 11525
3269, 11882
3269, 17115
25190, 3270
3270, 13670
9593, 3271
14603, 3271
3271, 13772
16827, 3272
23789, 3272
22616, 3272
3272, 18335
8332, 3273
13637, 3273
20643, 3273
3273, 7595
11985, 3274
3274, 12439
19061, 3275
3275, 13350
3275, 9767
24299, 3276
3276, 15503
3276, 23026
12407, 3277
3277, 13926
19724, 3278
3278, 7146
3278, 17257
3278, 13578
12407, 3279
3279, 20022
9104, 3280
10538, 3280
3280, 21023
14805, 3281
22255, 3281
17956, 3281
11566, 3281
21422, 3281
14506, 3281
9767, 3281
3281, 15032
10509, 3282
3282, 19742
14984, 3283
3283, 14684
24616, 3284
3284, 15965
3284, 22039
3284, 15523
3284, 8475
3284, 7168
3284, 24161
3284, 8948
3284, 22926
10826, 3285
10634, 3285
3285, 7559
22504, 3286
3286, 7929
21889, 3287
3287, 22170
9515, 3288
3288, 7930
16769, 3289
3289, 20640
3289, 17445
20649, 3290
3290, 9856
3290, 18799
3290, 20953
16357, 3291
3291, 12667
17429, 3292
3292, 18639
3292, 24668
16856, 3293
3293, 23456
13237, 3294
3294, 18264
24996, 3295
3295, 21434
21913, 3296
3296, 8984
24510, 3297
3297, 20570
3297, 18546
3297, 23440
11917, 3298
7533, 3298
3298, 20637
21214, 3299
3299, 18838
15976, 3300
3300, 14220
16543, 3301
3301, 9487
3301, 24794
16408, 3302
3302, 7361
11728, 3303
3303, 24694
8682, 3304
3304, 15876
24337, 3305
3305, 17851
10982, 3306
3306, 19638
15593, 3307
3307, 10811
8188, 3308
10083, 3308
3308, 20245
9853, 3309
3309, 20775
19030, 3310
21796, 3310
18275, 3310
12891, 3310
19149, 3310
8233, 3310
17598, 3310
20989, 3310
16743, 3310
13186, 3310
3310, 7852
15946, 3311
3311, 20825
15895, 3312
17637, 3312
8576, 3312
3312, 22515
23505, 3313
3313, 22762
8458, 3314
3314, 10730
20002, 3315
3315, 9565
18664, 3316
3316, 21723
3316, 16014
3316, 19851
8579, 3317
3317, 12877
14720, 3318
3318, 22718
3318, 10195
3318, 19070
3318, 12596
3318, 7292
13622, 3319
3319, 11755
7117, 3320
3320, 11375
22164, 3321
3321, 9323
18637, 3322
14425, 3322
3322, 9852
7749, 3323
3323, 8649
19828, 3324
3324, 9006
23484, 3325
3325, 15024
15395, 3326
7882, 3326
3326, 23355
20302, 3327
11334, 3327
3327, 17155
12924, 3328
3328, 25371
19632, 3329
3329, 15266
17457, 3330
3330, 23321
21094, 3331
18055, 3331
3331, 11881
19974, 3332
3332, 20159
14832, 3333
16929, 3333
3333, 7983
20390, 3334
3334, 13765
14221, 3335
3335, 19511
8460, 3336
10622, 3336
3336, 15859
19061, 3337
3337, 21860
3337, 8820
3337, 9431
10412, 3338
11019, 3338
13897, 3338
11549, 3338
23101, 3338
3338, 24598
18321, 3339
24931, 3339
11287, 3339
3339, 12283
23917, 3340
3340, 21569
13209, 3341
3341, 10633
9127, 3342
3342, 10168
16682, 3343
3343, 23078
23935, 3344
10984, 3344
23410, 3344
13097, 3344
12410, 3344
13487, 3344
21470, 3344
3344, 13331
15465, 3345
7747, 3345
3345, 16990
3345, 20933
3345, 11326
3345, 9695
3345, 16652
3345, 19712
3345, 9107
3345, 7451
3345, 11043
3345, 17206
3345, 24513
3345, 8968
3345, 9195
23706, 3346
3346, 24694
18282, 3347
3347, 20627
8321, 3348
16489, 3348
3348, 17329
22061, 3349
18955, 3349
3349, 11421
8908, 3350
3350, 10544
21733, 3351
3351, 22099
7276, 3352
3352, 12834
23266, 3353
3353, 21064
12924, 3354
3354, 8910
19135, 3355
3355, 14838
12407, 3356
3356, 22107
19245, 3357
3357, 21003
23649, 3358
20923, 3358
3358, 21707
12966, 3359
3359, 24585
10765, 3360
3360, 14539
13121, 3361
3361, 14665
7090, 3362
3362, 17418
19724, 3363
3363, 21389
16513, 3364
3364, 11047
12417, 3365
3365, 11791
9324, 3366
18285, 3366
3366, 21939
8529, 3367
3367, 23465
9609, 3368
3368, 18754
23277, 3369
3369, 8405
9268, 3370
3370, 9242
22234, 3371
9686, 3371
19558, 3371
3371, 21271
10509, 3372
3372, 9774
14972, 3373
3373, 18552
12739, 3374
3374, 19435
10374, 3375
3375, 23330
16531, 3376
3376, 9611
10477, 3377
16306, 3377
3377, 11099
19061, 3378
3378, 17276
11298, 3379
3379, 19012
8528, 3380
3380, 19438
15421, 3381
3381, 21586
22539, 3382
3382, 19190
8512, 3383
3383, 16675
23900, 3384
14767, 3384
3384, 20352
23140, 3385
14587, 3385
3385, 25528
8277, 3386
17498, 3386
15080, 3386
24258, 3386
3386, 7204
22200, 3387
3387, 22475
18778, 3388
3388, 19747
3388, 9168
3388, 19179
3388, 23993
3388, 13720
3388, 10962
20006, 3389
3389, 15109
19828, 3390
3390, 11330
3390, 8330
12450, 3391
16236, 3391
3391, 18014
19027, 3392
3392, 10508
10540, 3393
3393, 10764
3393, 22460
3393, 13560
3393, 10968
3393, 17486
3393, 9489
3393, 21534
3393, 9683
3393, 8343
3393, 13657
3393, 13240
3393, 7991
3393, 25235
3393, 14479
3393, 14400
3393, 16187
3393, 17004
3393, 7886
3393, 14728
3393, 11518
3393, 18166
3393, 13404
3393, 22563
3393, 25062
3393, 25322
3393, 10644
3393, 24364
3393, 9218
3393, 24361
3393, 20642
3393, 21327
3393, 15262
3393, 19336
3393, 8719
3393, 8244
3393, 24988
3393, 7458
3393, 21145
3393, 19121
3393, 16776
3393, 13569
3393, 23527
3393, 24866
3393, 20318
3393, 7724
3393, 17785
3393, 12272
3393, 8257
3393, 9428
3393, 14686
3393, 19732
3393, 23503
3393, 24634
3393, 18238
3393, 23051
3393, 20999
3393, 8581
3393, 22191
3393, 14133
3393, 7754
3393, 7518
3393, 21365
23354, 3394
3394, 7346
19828, 3395
3395, 22415
16022, 3396
3396, 15878
23334, 3397
3397, 10565
13300, 3398
3398, 24650
10154, 3399
3399, 17391
20535, 3400
23622, 3400
12634, 3400
3400, 10780
7605, 3401
3401, 14125
8697, 3402
3402, 18286
7729, 3403
3403, 24326
10540, 3404
3404, 10764
3404, 13560
3404, 10968
3404, 9004
3404, 17486
3404, 13645
3404, 9489
3404, 21534
3404, 9695
3404, 9683
3404, 8343
3404, 13657
3404, 13240
3404, 10608
3404, 21381
3404, 7991
3404, 25235
3404, 14479
3404, 14400
3404, 16187
3404, 17004
3404, 15092
3404, 7886
3404, 14728
3404, 11518
3404, 18166
3404, 13404
3404, 25062
3404, 10644
3404, 24364
3404, 24361
3404, 20642
3404, 21327
3404, 15262
3404, 19336
3404, 8719
3404, 8244
3404, 24988
3404, 7458
3404, 21145
3404, 19121
3404, 16776
3404, 23527
3404, 24866
3404, 20318
3404, 7724
3404, 17785
3404, 12272
3404, 8257
3404, 9428
3404, 8920
3404, 14686
3404, 19732
3404, 23503
3404, 24634
3404, 18238
3404, 23051
3404, 12047
3404, 20999
3404, 9525
3404, 22191
3404, 14133
3404, 7754
3404, 7518
3404, 21365
19724, 3405
3405, 8780
3405, 16161
20278, 3406
3406, 9266
19098, 3407
3407, 13072
7917, 3408
3408, 23253
16148, 3409
16247, 3409
3409, 15827
22190, 3410
3410, 21659
12847, 3411
3411, 13905
20855, 3412
3412, 7442
3412, 24690
18332, 3413
3413, 9644
14797, 3414
3414, 14862
21004, 3415
3415, 21667
16082, 3416
3416, 19824
3416, 8016
9747, 3417
3417, 13090
3417, 20669
7600, 3418
3418, 14236
25515, 3419
3419, 10681
3419, 12403
13776, 3420
3420, 22333
24926, 3421
3421, 25522
11594, 3422
18727, 3422
7861, 3422
24273, 3422
17595, 3422
22887, 3422
3422, 7639
3422, 17396
9722, 3423
17905, 3423
21366, 3423
3423, 17396
8351, 3424
3424, 21052
25046, 3425
3425, 17744
11203, 3426
3426, 24740
11351, 3427
3427, 24625
8129, 3428
3428, 17396
7330, 3429
7188, 3429
14384, 3429
23721, 3429
15469, 3429
8701, 3429
9184, 3429
23362, 3429
3429, 13935
19801, 3430
21811, 3430
18929, 3430
3430, 8209
3430, 18097
3430, 8370
17287, 3431
3431, 9717
15861, 3432
11313, 3432
3432, 21422
24064, 3433
3433, 7295
7828, 3434
3434, 12408
18437, 3435
14123, 3435
8873, 3435
24950, 3435
7423, 3435
12986, 3435
10637, 3435
10843, 3435
23495, 3435
21269, 3435
7752, 3435
11803, 3435
10951, 3435
14110, 3435
20436, 3435
20366, 3435
13946, 3435
23686, 3435
19432, 3435
19684, 3435
22727, 3435
22742, 3435
22656, 3435
22906, 3435
19568, 3435
25255, 3435
16076, 3435
13546, 3435
12067, 3435
12706, 3435
24269, 3435
8990, 3435
20653, 3435
13566, 3435
20553, 3435
18592, 3435
20493, 3435
14296, 3435
19271, 3435
16210, 3435
20204, 3435
12469, 3435
22298, 3435
23268, 3435
17949, 3435
9911, 3435
16957, 3435
15386, 3435
25103, 3435
25317, 3435
13323, 3435
22725, 3435
9375, 3435
12001, 3435
17835, 3435
9744, 3435
11949, 3435
11662, 3435
13958, 3435
12316, 3435
13297, 3435
12566, 3435
17539, 3435
16080, 3435
18298, 3435
10649, 3435
9306, 3435
16547, 3435
9682, 3435
9993, 3435
22855, 3435
23853, 3435
11474, 3435
24192, 3435
14068, 3435
19339, 3435
18146, 3435
21684, 3435
7808, 3435
8932, 3435
14597, 3435
24425, 3435
20109, 3435
9957, 3435
17431, 3435
24692, 3435
23250, 3435
21168, 3435
16731, 3435
8083, 3435
21453, 3435
24159, 3435
13659, 3435
20519, 3435
17681, 3435
9106, 3435
23690, 3435
8044, 3435
19989, 3435
17912, 3435
16452, 3435
22150, 3435
10626, 3435
20159, 3435
21397, 3435
25054, 3435
23940, 3435
13294, 3435
17981, 3435
7544, 3435
21021, 3435
19356, 3435
24198, 3435
21631, 3435
14366, 3435
23488, 3435
24421, 3435
8119, 3435
3435, 8522
21705, 3436
3436, 22764
13627, 3437
3437, 7269
13624, 3438
22963, 3438
14083, 3438
12443, 3438
10055, 3438
17810, 3438
3438, 10790
19828, 3439
3439, 22178
18967, 3440
24542, 3440
9915, 3440
3440, 17956
12407, 3441
3441, 18065
12875, 3442
3442, 8515
19724, 3443
3443, 22313
9564, 3444
8741, 3444
20715, 3444
8829, 3444
12003, 3444
13847, 3444
22748, 3444
17858, 3444
12571, 3444
9483, 3444
19589, 3444
11606, 3444
24651, 3444
12585, 3444
17015, 3444
21113, 3444
14551, 3444
17612, 3444
24022, 3444
8515, 3444
22171, 3444
24884, 3444
21424, 3444
8721, 3444
11230, 3444
24452, 3444
13205, 3444
21167, 3444
12688, 3444
19373, 3444
10086, 3444
16924, 3444
22634, 3444
23572, 3444
23168, 3444
19195, 3444
16862, 3444
11458, 3444
14851, 3444
22849, 3444
17783, 3444
25248, 3444
20934, 3444
13941, 3444
19749, 3444
8108, 3444
10300, 3444
12260, 3444
11155, 3444
24062, 3444
7824, 3444
9428, 3444
20062, 3444
24993, 3444
10795, 3444
8262, 3444
17934, 3444
12783, 3444
22072, 3444
16896, 3444
18091, 3444
11791, 3444
11080, 3444
18749, 3444
24324, 3444
19031, 3444
20872, 3444
22286, 3444
16344, 3444
18919, 3444
3444, 18024
3444, 19724
22835, 3445
3445, 22432
10126, 3446
13074, 3446
24718, 3446
9032, 3446
10213, 3446
20005, 3446
25081, 3446
21817, 3446
17714, 3446
23635, 3446
22237, 3446
18486, 3446
7659, 3446
25178, 3446
13459, 3446
19520, 3446
3446, 25436
3446, 19716
3446, 9174
3446, 20982
3446, 23002
3446, 22686
3446, 13340
3446, 17888
3446, 11662
3446, 19906
3446, 12682
3446, 14929
3446, 13521
3446, 23528
3446, 20519
3446, 13261
3446, 13728
3446, 19057
3446, 24527
3446, 10554
3446, 14592
3446, 7567
13153, 3447
3447, 17178
19724, 3448
3448, 16230
20862, 3449
3449, 18645
7267, 3450
3450, 20622
3450, 10855
23811, 3451
3451, 7705
3451, 10636
15075, 3452
3452, 19435
17459, 3453
3453, 20775
13751, 3454
22187, 3454
3454, 12056
3454, 23018
3454, 9480
3454, 18416
3454, 7771
3454, 19530
3454, 25526
3454, 9672
3454, 20968
3454, 7657
3454, 20328
3454, 10243
3454, 9438
3454, 24362
3454, 15385
3454, 17326
3454, 17862
3454, 15479
3454, 23291
3454, 24741
3454, 11840
3454, 20085
3454, 13910
3454, 23008
3454, 7222
3454, 15141
3454, 13551
3454, 14718
3454, 16623
3454, 20470
3454, 9898
3454, 25575
3454, 8918
3454, 10396
3454, 18556
3454, 22409
3454, 10453
3454, 12034
3454, 11222
3454, 7712
3454, 10640
11385, 3455
3455, 13572
9855, 3456
3456, 16896
13001, 3457
3457, 18961
14292, 3458
3458, 22333
11915, 3459
3459, 19650
22811, 3460
3460, 24060
24510, 3461
3461, 18807
3461, 17873
22747, 3462
3462, 22651
17920, 3463
3463, 22327
19088, 3464
3464, 12295
8367, 3465
3465, 13085
24510, 3466
3466, 14167
3466, 19953
3466, 21334
16866, 3467
13105, 3467
12041, 3467
3467, 13646
11960, 3468
21103, 3468
3468, 22255
19921, 3469
7819, 3469
3469, 11755
12407, 3470
3470, 22107
14301, 3471
25354, 3471
3471, 21295
18735, 3472
3472, 16023
17061, 3473
3473, 11127
24456, 3474
3474, 14743
3474, 25474
3474, 15401
8086, 3475
3475, 24217
7557, 3476
16971, 3476
3476, 14901
17442, 3477
3477, 19094
23365, 3478
3478, 16405
22030, 3479
3479, 17255
7450, 3480
3480, 7217
8455, 3481
3481, 22673
11586, 3482
3482, 19973
25333, 3483
18019, 3483
23181, 3483
3483, 19552
3483, 13806
16264, 3484
13520, 3484
24461, 3484
15535, 3484
23478, 3484
21477, 3484
20659, 3484
23816, 3484
11490, 3484
10529, 3484
18869, 3484
24416, 3484
3484, 23801
7123, 3485
3485, 22611
24510, 3486
3486, 10430
3486, 20814
3486, 10837
19061, 3487
3487, 12961
12985, 3488
3488, 16822
9708, 3489
3489, 19575
8590, 3490
3490, 9516
16820, 3491
3491, 24986
14298, 3492
3492, 7908
21388, 3493
3493, 21781
23101, 3494
3494, 20684
16835, 3495
25169, 3495
3495, 17396
9009, 3496
3496, 14189
19590, 3497
3497, 8077
19724, 3498
3498, 13807
11245, 3499
3499, 17228
21330, 3500
3500, 20221
11761, 3501
22348, 3501
14077, 3501
21067, 3501
3501, 15620
8086, 3502
3502, 11240
22811, 3503
3503, 22669
14959, 3504
19518, 3504
3504, 21684
9009, 3505
3505, 12571
18664, 3506
3506, 21848
19241, 3507
3507, 7153
16144, 3508
3508, 10023
19822, 3509
3509, 16832
23159, 3510
24517, 3510
25549, 3510
19744, 3510
3510, 8601
8086, 3511
3511, 9477
12678, 3512
3512, 11054
8274, 3513
3513, 11817
8960, 3514
3514, 9583
19828, 3515
3515, 23236
21739, 3516
25323, 3516
16934, 3516
10175, 3516
3516, 15802
23271, 3517
3517, 15985
3517, 24703
22730, 3518
3518, 12280
18696, 3519
18912, 3519
17339, 3519
21160, 3519
16350, 3519
14944, 3519
17224, 3519
18792, 3519
8252, 3519
7189, 3519
7985, 3519
15816, 3519
9481, 3519
14356, 3519
16825, 3519
3519, 15032
10509, 3520
3520, 14539
25482, 3521
15410, 3521
3521, 16727
18351, 3522
3522, 20396
21879, 3523
3523, 16681
17678, 3524
3524, 13568
23133, 3525
3525, 22974
23768, 3526
3526, 24017
3526, 19349
17456, 3527
9248, 3527
3527, 8565
19724, 3528
3528, 15802
19724, 3529
3529, 8120
18293, 3530
10421, 3530
12023, 3530
24333, 3530
10454, 3530
17510, 3530
23409, 3530
19920, 3530
9030, 3530
25347, 3530
16897, 3530
13975, 3530
14478, 3530
21248, 3530
21236, 3530
16871, 3530
24376, 3530
18728, 3530
14168, 3530
9910, 3530
22644, 3530
10355, 3530
19137, 3530
10304, 3530
24903, 3530
24954, 3530
18766, 3530
7172, 3530
14091, 3530
20150, 3530
24629, 3530
7322, 3530
14097, 3530
11273, 3530
23992, 3530
12997, 3530
17781, 3530
17073, 3530
24901, 3530
22997, 3530
9902, 3530
7429, 3530
15722, 3530
12409, 3530
9219, 3530
7489, 3530
21935, 3530
24126, 3530
17377, 3530
17795, 3530
11972, 3530
12631, 3530
17743, 3530
20794, 3530
12845, 3530
18084, 3530
16222, 3530
9966, 3530
12949, 3530
25364, 3530
19627, 3530
12780, 3530
15910, 3530
17437, 3530
18441, 3530
22788, 3530
16203, 3530
22485, 3530
21302, 3530
25299, 3530
16120, 3530
21336, 3530
23694, 3530
17889, 3530
11270, 3530
23881, 3530
16629, 3530
18497, 3530
12661, 3530
8840, 3530
3530, 21210
25269, 3531
3531, 10864
16133, 3532
10479, 3532
9717, 3532
24875, 3532
8626, 3532
22415, 3532
23073, 3532
7361, 3532
13108, 3532
17384, 3532
12620, 3532
7629, 3532
8670, 3532
19272, 3532
21878, 3532
3532, 15032
8927, 3533
3533, 19962
22758, 3534
22769, 3534
3534, 20583
12456, 3535
24547, 3535
3535, 17396
15123, 3536
3536, 11755
14505, 3537
14108, 3537
24851, 3537
11189, 3537
9833, 3537
24133, 3537
18033, 3537
19699, 3537
7607, 3537
17534, 3537
21001, 3537
21595, 3537
17757, 3537
20098, 3537
24205, 3537
20134, 3537
3537, 13992
23891, 3538
3538, 7972
7609, 3539
3539, 20434
18933, 3540
3540, 17783
16213, 3541
3541, 17574
19236, 3542
3542, 14538
20526, 3543
3543, 13018
11011, 3544
3544, 16602
23463, 3545
3545, 11922
22032, 3546
3546, 22279
19158, 3547
3547, 21451
14737, 3548
3548, 16647
23861, 3549
3549, 25416
21751, 3550
3550, 12280
20587, 3551
3551, 23954
3551, 17463
3551, 12522
3551, 24749
15152, 3552
3552, 7728
12407, 3553
3553, 17525
12509, 3554
3554, 7393
3554, 10677
3554, 21773
18729, 3555
17678, 3555
3555, 19573
3555, 7366
7649, 3556
3556, 10597
8086, 3557
3557, 16683
9693, 3558
3558, 22163
19061, 3559
3559, 19651
7667, 3560
3560, 18716
12641, 3561
3561, 19203
24897, 3562
3562, 17066
19724, 3563
3563, 20109
13111, 3564
16967, 3564
3564, 17744
13438, 3565
3565, 12594
3565, 11065
3565, 15616
3565, 24852
3565, 20253
3565, 11869
7468, 3566
3566, 20826
22228, 3567
3567, 18459
18188, 3568
3568, 11502
24982, 3569
3569, 18207
14717, 3570
3570, 11999
19364, 3571
8285, 3571
21606, 3571
12037, 3571
23259, 3571
13135, 3571
7480, 3571
14977, 3571
20721, 3571
12334, 3571
15447, 3571
16053, 3571
23147, 3571
14681, 3571
3571, 18022
8164, 3572
3572, 23602
14949, 3573
11637, 3573
24643, 3573
3573, 21675
3573, 18222
3573, 15698
3573, 9141
17335, 3574
3574, 11432
19724, 3575
3575, 13578
7363, 3576
3576, 22058
7804, 3577
3577, 23804
10509, 3578
3578, 20131
24207, 3579
9742, 3579
3579, 8986
17874, 3580
3580, 23121
8635, 3581
3581, 23535
3581, 20320
17106, 3582
3582, 22922
21975, 3583
3583, 8150
20428, 3584
3584, 10823
19128, 3585
3585, 20079
12616, 3586
3586, 12904
14688, 3587
3587, 21574
23100, 3588
3588, 20775
8173, 3589
3589, 23660
11913, 3590
3590, 14649
21810, 3591
13780, 3591
3591, 25057
12147, 3592
3592, 11609
14992, 3593
3593, 13180
3593, 21632
3593, 10913
19811, 3594
24944, 3594
3594, 22527
8086, 3595
3595, 7572
19828, 3596
3596, 17224
3596, 18792
3596, 8252
3596, 16788
15289, 3597
25203, 3597
3597, 22223
14375, 3598
3598, 13575
20816, 3599
3599, 19619
18375, 3600
3600, 15937
13464, 3601
3601, 24617
9528, 3602
3602, 24397
19375, 3603
8792, 3603
13190, 3603
3603, 8584
22874, 3604
3604, 15106
18967, 3605
3605, 8331
8437, 3606
3606, 22101
3606, 25337
3606, 19848
3606, 10920
3606, 10147
3606, 23554
19951, 3607
3607, 9834
25223, 3608
22864, 3608
3608, 12081
9868, 3609
3609, 17388
9069, 3610
3610, 23904
16088, 3611
3611, 7273
15636, 3612
3612, 12360
25567, 3613
3613, 9470
15819, 3614
3614, 7503
3614, 23913
3614, 18867
25193, 3615
3615, 9556
3615, 20373
3615, 23786
3615, 19205
8291, 3616
3616, 10850
12921, 3617
3617, 22518
7424, 3618
3618, 21277
11298, 3619
3619, 16875
10132, 3620
3620, 9486
13006, 3621
3621, 25362
10821, 3622
3622, 25123
21513, 3623
3623, 8392
17420, 3624
18318, 3624
13946, 3624
25456, 3624
7229, 3624
3624, 11838
3624, 19387
3624, 15079
3624, 11401
3624, 19074
3624, 21059
3624, 12466
15967, 3625
3625, 24493
25063, 3626
20511, 3626
18835, 3626
3626, 16105
16531, 3627
3627, 10531
3627, 8051
3627, 7829
17980, 3628
3628, 14064
20319, 3629
3629, 8881
19828, 3630
3630, 21808
15126, 3631
3631, 10825
9239, 3632
3632, 22921
20580, 3633
3633, 16135
10094, 3634
3634, 7464
10245, 3635
3635, 11687
18379, 3636
3636, 15318
19768, 3637
3637, 15468
11062, 3638
3638, 10095
11954, 3639
19052, 3639
7572, 3639
17417, 3639
16310, 3639
15775, 3639
22611, 3639
19790, 3639
20813, 3639
23850, 3639
22564, 3639
16546, 3639
14175, 3639
13116, 3639
12554, 3639
14178, 3639
20277, 3639
15196, 3639
13863, 3639
19564, 3639
23504, 3639
17624, 3639
11017, 3639
20070, 3639
21973, 3639
20651, 3639
20929, 3639
20562, 3639
24472, 3639
12398, 3639
7817, 3639
16503, 3639
24739, 3639
8924, 3639
25133, 3639
7648, 3639
22802, 3639
17411, 3639
16739, 3639
19440, 3639
17083, 3639
3639, 11102
20110, 3640
3640, 17620
22811, 3641
3641, 14175
21752, 3642
3642, 19709
12188, 3643
3643, 24469
14079, 3644
3644, 19473
17678, 3645
3645, 18161
21825, 3646
3646, 17693
22972, 3647
3647, 12451
17429, 3648
3648, 11156
3648, 18021
3648, 9200
13288, 3649
3649, 12722
22508, 3650
3650, 11459
22334, 3651
3651, 13819
22658, 3652
3652, 7329
23855, 3653
3653, 16673
19724, 3654
3654, 15548
21995, 3655
3655, 21039
15884, 3656
3656, 7814
3656, 22338
19928, 3657
3657, 23302
19724, 3658
3658, 8029
3658, 22398
11486, 3659
11804, 3659
11651, 3659
24943, 3659
21872, 3659
20047, 3659
20407, 3659
3659, 20775
13200, 3660
3660, 13318
17790, 3661
3661, 14903
24086, 3662
3662, 18160
21996, 3663
9312, 3663
3663, 22671
24930, 3664
3664, 8597
3664, 14424
3664, 9174
3664, 16134
3664, 14987
3664, 20718
3664, 16794
3664, 16179
3664, 12609
3664, 13546
3664, 11034
3664, 20101
3664, 20460
3664, 23416
3664, 18957
3664, 14354
3664, 25219
3664, 11928
3664, 20264
3664, 14085
3664, 8907
3664, 20867
3664, 13261
3664, 11723
3664, 11162
21436, 3665
3665, 18779
25195, 3666
3666, 17396
11579, 3667
3667, 11109
21741, 3668
3668, 21633
18872, 3669
3669, 7111
21047, 3670
3670, 13330
14115, 3671
3671, 21424
10029, 3672
3672, 14421
9705, 3673
3673, 22247
24510, 3674
3674, 9994
19724, 3675
3675, 20379
11913, 3676
3676, 14649
10699, 3677
15747, 3677
20751, 3677
23471, 3677
7430, 3677
8165, 3677
21980, 3677
22818, 3677
10190, 3677
3677, 17244
12924, 3678
3678, 18492
3678, 24533
16515, 3679
3679, 21926
22542, 3680
3680, 16202
8400, 3681
3681, 23196
23387, 3682
19102, 3682
3682, 17396
12345, 3683
20765, 3683
17125, 3683
20258, 3683
21543, 3683
20916, 3683
8213, 3683
18339, 3683
7310, 3683
20365, 3683
16096, 3683
3683, 7242
8086, 3684
3684, 17217
12407, 3685
3685, 11195
10132, 3686
3686, 18670
21182, 3687
3687, 16727
18906, 3688
3688, 14454
11655, 3689
3689, 24059
9936, 3690
3690, 12939
12924, 3691
3691, 17121
17827, 3692
3692, 16699
20337, 3693
3693, 18871
3693, 8023
24047, 3694
3694, 8642
11569, 3695
13683, 3695
3695, 14672
3695, 13932
10602, 3696
16119, 3696
23388, 3696
9671, 3696
25532, 3696
3696, 14942
23859, 3697
3697, 21832
15567, 3698
3698, 23674
10199, 3699
3699, 14303
18093, 3700
3700, 14539
15313, 3701
16303, 3701
24461, 3701
10251, 3701
13142, 3701
22461, 3701
3701, 10235
14883, 3702
3702, 9811
17414, 3703
23730, 3703
3703, 13247
23955, 3704
3704, 9349
14653, 3705
10329, 3705
12766, 3705
14213, 3705
10112, 3705
18364, 3705
9658, 3705
10613, 3705
14393, 3705
11196, 3705
17840, 3705
18316, 3705
10643, 3705
15647, 3705
24418, 3705
7677, 3705
18463, 3705
23701, 3705
24963, 3705
9420, 3705
24540, 3705
8179, 3705
22630, 3705
14766, 3705
12516, 3705
21383, 3705
11507, 3705
9530, 3705
13253, 3705
13234, 3705
10113, 3705
9612, 3705
21911, 3705
17410, 3705
11256, 3705
14640, 3705
21356, 3705
19146, 3705
21689, 3705
17623, 3705
10429, 3705
17742, 3705
22964, 3705
18237, 3705
7837, 3705
17860, 3705
24999, 3705
14023, 3705
22391, 3705
9890, 3705
24301, 3705
11646, 3705
11087, 3705
14608, 3705
21484, 3705
15210, 3705
22437, 3705
13470, 3705
12584, 3705
14581, 3705
13586, 3705
8899, 3705
13366, 3705
10198, 3705
11306, 3705
14436, 3705
7344, 3705
22310, 3705
8397, 3705
21577, 3705
15233, 3705
10557, 3705
22259, 3705
17118, 3705
20423, 3705
8983, 3705
20054, 3705
20095, 3705
24042, 3705
14419, 3705
16758, 3705
18038, 3705
9418, 3705
17793, 3705
23631, 3705
18251, 3705
17458, 3705
15732, 3705
16537, 3705
23142, 3705
17370, 3705
20442, 3705
9252, 3705
12377, 3705
8163, 3705
20974, 3705
12225, 3705
23560, 3705
22253, 3705
15374, 3705
19616, 3705
22776, 3705
9293, 3705
20096, 3705
9202, 3705
23695, 3705
9519, 3705
19163, 3705
12064, 3705
9211, 3705
11413, 3705
25353, 3705
13386, 3705
20327, 3705
17278, 3705
17037, 3705
19050, 3705
12530, 3705
23229, 3705
24873, 3705
9538, 3705
14157, 3705
11902, 3705
7987, 3705
10078, 3705
22084, 3705
23517, 3705
9574, 3705
15060, 3705
25442, 3705
18411, 3705
9897, 3705
8494, 3705
12557, 3705
23680, 3705
23541, 3705
24297, 3705
23610, 3705
24695, 3705
9999, 3705
24586, 3705
17314, 3705
15175, 3705
19489, 3705
23473, 3705
12583, 3705
9192, 3705
9776, 3705
21461, 3705
15676, 3705
8453, 3705
22601, 3705
23370, 3705
7763, 3705
10327, 3705
15263, 3705
10160, 3705
3705, 18523
20868, 3706
3706, 13512
21853, 3707
18898, 3707
8893, 3707
23759, 3707
23858, 3707
3707, 19665
11964, 3708
3708, 17682
15812, 3709
10104, 3709
7750, 3709
9080, 3709
12983, 3709
18249, 3709
22772, 3709
3709, 9926
18813, 3710
3710, 16446
24543, 3711
3711, 12846
12389, 3712
3712, 10255
22721, 3713
3713, 19267
17335, 3714
3714, 20563
3714, 11796
3714, 21572
10216, 3715
3715, 16924
9795, 3716
3716, 16065
19724, 3717
3717, 22390
17335, 3718
16531, 3718
18729, 3718
3718, 22233
12916, 3719
3719, 7182
23204, 3720
3720, 20452
10658, 3721
3721, 18828
14556, 3722
3722, 18790
3722, 17809
3722, 10921
3722, 9970
3722, 14443
3722, 22429
3722, 9348
3722, 7266
3722, 7174
3722, 17787
21014, 3723
3723, 18765
3723, 11130
3723, 24316
18399, 3724
3724, 22770
3724, 9998
19724, 3725
3725, 15989
12304, 3726
3726, 20851
16351, 3727
3727, 19351
12924, 3728
3728, 23734
3728, 22849
15383, 3729
3729, 13925
16030, 3730
3730, 14539
17335, 3731
3731, 7640
17429, 3732
3732, 18476
7863, 3733
3733, 10879
8199, 3734
20422, 3734
19192, 3734
17101, 3734
22629, 3734
3734, 20234
24599, 3735
3735, 8679
22891, 3736
3736, 10641
17971, 3737
3737, 12295
7723, 3738
3738, 22956
3738, 8902
3738, 24744
3738, 19664
15236, 3739
3739, 16714
12523, 3740
22362, 3740
19911, 3740
3740, 8822
23583, 3741
3741, 20050
7549, 3742
14854, 3742
22678, 3742
19359, 3742
14323, 3742
10484, 3742
12308, 3742
9313, 3742
25066, 3742
19691, 3742
18378, 3742
11587, 3742
25137, 3742
15585, 3742
8730, 3742
12757, 3742
17218, 3742
18537, 3742
17593, 3742
25221, 3742
22217, 3742
14044, 3742
8782, 3742
17025, 3742
15532, 3742
19656, 3742
19456, 3742
24172, 3742
7652, 3742
3742, 12280
12924, 3743
3743, 22849
3743, 12294
9932, 3744
3744, 12010
3744, 20112
3744, 7626
3744, 22892
3744, 25348
3744, 13546
3744, 13531
3744, 24433
3744, 18957
3744, 15102
3744, 22349
3744, 22078
3744, 20954
3744, 15767
3744, 8804
3744, 13043
3744, 9158
3744, 7622
3744, 19673
3744, 12301
18710, 3745
3745, 11466
10702, 3746
18290, 3746
3746, 20553
24877, 3747
3747, 11179
20428, 3748
3748, 10823
17249, 3749
3749, 14474
23124, 3750
3750, 13847
19722, 3751
3751, 7132
14521, 3752
3752, 13208
16914, 3753
3753, 15624
13464, 3754
3754, 7835
13873, 3755
3755, 25551
18643, 3756
3756, 11708
15177, 3757
3757, 15880
10712, 3758
3758, 11755
12748, 3759
13878, 3759
3759, 9400
9266, 3760
10287, 3760
20037, 3760
20082, 3760
23522, 3760
17573, 3760
10544, 3760
18231, 3760
23959, 3760
11071, 3760
14539, 3760
10026, 3760
20646, 3760
16727, 3760
10961, 3760
22789, 3760
12693, 3760
24471, 3760
11396, 3760
18950, 3760
14106, 3760
12280, 3760
3760, 12639
3760, 19724
15086, 3761
3761, 16928
18915, 3762
3762, 23845
11933, 3763
17040, 3763
11150, 3763
3763, 23921
15668, 3764
3764, 11411
18493, 3765
3765, 10095
21724, 3766
19676, 3766
18827, 3766
3766, 7587
11158, 3767
24570, 3767
3767, 17396
10679, 3768
7797, 3768
15888, 3768
3768, 10788
18630, 3769
3769, 17089
7631, 3770
3770, 21008
15819, 3771
3771, 8037
15913, 3772
7135, 3772
3772, 25163
19724, 3773
3773, 8200
12402, 3774
15040, 3774
25196, 3774
11329, 3774
17080, 3774
20281, 3774
3774, 14012
8470, 3775
3775, 9745
22455, 3776
3776, 22669
21194, 3777
3777, 9801
11655, 3778
3778, 24059
24510, 3779
3779, 12057
3779, 14986
21700, 3780
25113, 3780
21370, 3780
25260, 3780
25153, 3780
7426, 3780
23954, 3780
19980, 3780
16217, 3780
11199, 3780
14059, 3780
21754, 3780
24065, 3780
11738, 3780
10377, 3780
18021, 3780
3780, 15032
15065, 3781
3781, 9916
19724, 3782
3782, 19009
3782, 8779
18090, 3783
3783, 13412
20525, 3784
3784, 15961
22932, 3785
3785, 20352
19724, 3786
3786, 11365
3786, 23724
22474, 3787
3787, 18544
23012, 3788
11853, 3788
15555, 3788
3788, 20775
21140, 3789
3789, 22027
21438, 3790
3790, 23228
9284, 3791
3791, 18874
9817, 3792
3792, 19498
24510, 3793
3793, 7250
3793, 18139
20755, 3794
3794, 12414
14330, 3795
3795, 10964
24431, 3796
3796, 7827
25114, 3797
3797, 15441
24510, 3798
3798, 20656
3798, 19107
3798, 9447
14202, 3799
3799, 22626
19724, 3800
3800, 15802
12872, 3801
3801, 22043
17968, 3802
21433, 3802
3802, 12036
11742, 3803
3803, 9694
12673, 3804
3804, 13574
16152, 3805
3805, 16504
19779, 3806
3806, 18608
3806, 24762
3806, 17297
3806, 23514
11887, 3807
3807, 12455
3807, 17331
9397, 3808
3808, 20293
9329, 3809
3809, 19546
7940, 3810
3810, 23760
12407, 3811
3811, 8061
17808, 3812
24888, 3812
3812, 9724
20738, 3813
3813, 8654
23768, 3814
3814, 17019
18729, 3815
3815, 12647
3815, 14599
22544, 3816
11531, 3816
3816, 25036
19475, 3817
3817, 25283
19724, 3818
3818, 25227
11012, 3819
3819, 14112
21494, 3820
3820, 12758
16159, 3821
3821, 16744
23662, 3822
3822, 19466
20755, 3823
3823, 16571
23768, 3824
3824, 17052
3824, 15426
13109, 3825
10410, 3825
21590, 3825
10761, 3825
19280, 3825
22850, 3825
18324, 3825
9604, 3825
19536, 3825
14817, 3825
3825, 18723
13611, 3826
3826, 11465
7144, 3827
3827, 7579
10070, 3828
3828, 11098
22210, 3829
3829, 12003
3829, 20157
3829, 8182
3829, 23914
3829, 24468
3829, 24171
24760, 3830
3830, 11159
9887, 3831
3831, 17761
22689, 3832
20973, 3832
3832, 14299
14115, 3833
3833, 21424
23425, 3834
3834, 14707
21585, 3835
21672, 3835
18209, 3835
7616, 3835
17066, 3835
21474, 3835
7977, 3835
8366, 3835
8100, 3835
8347, 3835
11143, 3835
3835, 15244
20866, 3836
3836, 12728
10223, 3837
3837, 24974
11722, 3838
3838, 23260
9494, 3839
3839, 25272
22472, 3840
3840, 11755
14174, 3841
3841, 19771
19724, 3842
3842, 11636
7799, 3843
3843, 22086
21436, 3844
3844, 15689
20746, 3845
3845, 20730
20835, 3846
3846, 10809
12407, 3847
3847, 17395
18153, 3848
13528, 3848
20469, 3848
20007, 3848
11774, 3848
3848, 21664
19061, 3849
3849, 15682
8203, 3850
3850, 25412
19212, 3851
8102, 3851
3851, 13761
12407, 3852
3852, 19539
21382, 3853
17117, 3853
3853, 10656
19304, 3854
22840, 3854
7467, 3854
21038, 3854
3854, 25291
20334, 3855
3855, 11080
7337, 3856
3856, 12061
14525, 3857
3857, 9102
19724, 3858
3858, 7258
9936, 3859
3859, 20169
18798, 3860
3860, 25248
13762, 3861
3861, 9456
24604, 3862
12805, 3862
3862, 22223
17335, 3863
3863, 13516
7343, 3864
3864, 13122
17335, 3865
3865, 20269
8467, 3866
3866, 16908
25101, 3867
3867, 20585
25300, 3868
3868, 19213
18789, 3869
3869, 17758
19756, 3870
3870, 19374
16275, 3871
3871, 19025
19342, 3872
3872, 19870
14522, 3873
3873, 7925
17335, 3874
3874, 7911
3874, 21653
3874, 24065
13197, 3875
3875, 7472
12407, 3876
3876, 10902
14561, 3877
3877, 19591
23807, 3878
24206, 3878
21671, 3878
3878, 21187
24953, 3879
3879, 25103
18987, 3880
11399, 3880
3880, 19787
11063, 3881
3881, 15334
17555, 3882
12179, 3882
3882, 24198
16658, 3883
3883, 8192
10673, 3884
3884, 7817
10552, 3885
3885, 15442
21380, 3886
3886, 15545
18322, 3887
3887, 22381
9178, 3888
22676, 3888
13921, 3888
19155, 3888
3888, 22748
9304, 3889
3889, 13041
9498, 3890
3890, 22094
9494, 3891
3891, 25272
12417, 3892
3892, 11791
19061, 3893
3893, 9050
3893, 9529
18977, 3894
22213, 3894
21900, 3894
14571, 3894
22619, 3894
19755, 3894
13436, 3894
3894, 11407
18999, 3895
3895, 8982
17726, 3896
3896, 23945
20433, 3897
8895, 3897
3897, 16553
7581, 3898
17365, 3898
3898, 7762
13077, 3899
3899, 11791
16911, 3900
3900, 24849
9544, 3901
3901, 14539
18407, 3902
3902, 10200
19724, 3903
3903, 12462
25440, 3904
3904, 14573
19724, 3905
3905, 14074
24565, 3906
3906, 14407
22067, 3907
3907, 20775
15974, 3908
3908, 20732
17819, 3909
8814, 3909
3909, 17406
22294, 3910
3910, 19272
8326, 3911
3911, 23516
12671, 3912
3912, 7794
25428, 3913
3913, 21916
19082, 3914
3914, 19473
15117, 3915
3915, 8168
24251, 3916
3916, 17956
12426, 3917
3917, 11064
14584, 3918
25120, 3918
17738, 3918
10770, 3918
3918, 24179
15236, 3919
3919, 18521
16159, 3920
3920, 9777
8677, 3921
3921, 24107
16682, 3922
3922, 18445
23039, 3923
8039, 3923
3923, 24671
8086, 3924
3924, 16578
19648, 3925
3925, 14631
19544, 3926
7240, 3926
22960, 3926
18306, 3926
22483, 3926
19721, 3926
14928, 3926
13799, 3926
16726, 3926
13745, 3926
18698, 3926
12674, 3926
10959, 3926
11090, 3926
21398, 3926
21681, 3926
18096, 3926
18942, 3926
19835, 3926
21093, 3926
19878, 3926
7982, 3926
18509, 3926
21345, 3926
25508, 3926
13461, 3926
10092, 3926
10903, 3926
20790, 3926
23421, 3926
24867, 3926
23375, 3926
9295, 3926
19318, 3926
10564, 3926
13093, 3926
23538, 3926
16717, 3926
7727, 3926
17230, 3926
16273, 3926
3926, 20732
8086, 3927
3927, 15042
9113, 3928
3928, 15076
12790, 3929
3929, 12072
22875, 3930
3930, 19256
15023, 3931
3931, 11080
7766, 3932
20504, 3932
20764, 3932
3932, 24876
15951, 3933
3933, 17875
13915, 3934
3934, 15788
3934, 14381
12924, 3935
3935, 15305
3935, 9978
18729, 3936
3936, 24166
11470, 3937
17625, 3937
3937, 17396
12463, 3938
3938, 7302
8055, 3939
3939, 17146
7131, 3940
3940, 16654
19002, 3941
3941, 18214
22910, 3942
3942, 9891
24510, 3943
3943, 15435
16521, 3944
3944, 11456
7761, 3945
3945, 7095
3945, 13548
3945, 8045
10616, 3946
3946, 19589
7806, 3947
25184, 3947
3947, 13847
10509, 3948
3948, 21063
13907, 3949
3949, 8882
18772, 3950
3950, 12786
8086, 3951
3951, 13490
13326, 3952
3952, 10604
19724, 3953
3953, 22050
23961, 3954
3954, 15041
12233, 3955
3955, 13989
16685, 3956
3956, 13387
14261, 3957
3957, 13303
19724, 3958
3958, 23682
17719, 3959
3959, 19749
19922, 3960
3960, 25157
19381, 3961
3961, 24590
23022, 3962
3962, 25248
15615, 3963
3963, 14765
21758, 3964
3964, 10035
12774, 3965
3965, 8829
16996, 3966
3966, 20226
20611, 3967
3967, 19426
19264, 3968
3968, 21562
12810, 3969
3969, 20062
15428, 3970
3970, 12702
24461, 3971
8628, 3971
16216, 3971
20300, 3971
24105, 3971
21565, 3971
11137, 3971
9917, 3971
8624, 3971
15215, 3971
15499, 3971
9854, 3971
15048, 3971
15434, 3971
24365, 3971
7227, 3971
8249, 3971
15812, 3971
17630, 3971
20397, 3971
3971, 19385
10692, 3972
3972, 11755
15230, 3973
3973, 18700
21696, 3974
3974, 12620
19828, 3975
3975, 23910
3975, 19334
9666, 3976
3976, 8626
3976, 23514
8676, 3977
3977, 19611
22489, 3978
3978, 19367
11076, 3979
3979, 23981
20512, 3980
3980, 20871
20598, 3981
7572, 3981
7114, 3981
9289, 3981
25551, 3981
24761, 3981
14093, 3981
24603, 3981
12392, 3981
10041, 3981
7814, 3981
16538, 3981
17374, 3981
14838, 3981
7405, 3981
23769, 3981
23366, 3981
19175, 3981
20220, 3981
22230, 3981
11617, 3981
25391, 3981
16249, 3981
9834, 3981
3981, 11102
20623, 3982
15150, 3982
13943, 3982
20803, 3982
7240, 3982
9750, 3982
10296, 3982
18049, 3982
13953, 3982
22103, 3982
11864, 3982
9796, 3982
25367, 3982
12488, 3982
21566, 3982
14148, 3982
19888, 3982
23663, 3982
8334, 3982
19835, 3982
23817, 3982
22400, 3982
14692, 3982
18698, 3982
12645, 3982
21401, 3982
22261, 3982
21345, 3982
24399, 3982
22647, 3982
9155, 3982
20458, 3982
24319, 3982
23906, 3982
20590, 3982
9063, 3982
15190, 3982
11350, 3982
15324, 3982
24315, 3982
24627, 3982
22844, 3982
17112, 3982
25043, 3982
10049, 3982
17003, 3982
18215, 3982
3982, 20732
19218, 3983
3983, 24353
12563, 3984
3984, 17705
7609, 3985
3985, 9834
9879, 3986
3986, 16037
11349, 3987
3987, 9161
19133, 3988
3988, 16804
10509, 3989
3989, 13342
25361, 3990
3990, 13904
13950, 3991
3991, 9818
19019, 3992
3992, 12566
23158, 3993
3993, 11679
16012, 3994
3994, 10474
8086, 3995
3995, 7847
19180, 3996
3996, 22112
13047, 3997
3997, 17677
10143, 3998
3998, 11453
24218, 3999
20117, 3999
3999, 18456
11317, 4000
4000, 12163
24783, 4001
4001, 11685
11671, 4002
4002, 11054
14691, 4003
4003, 21101
12212, 4004
4004, 19941
19724, 4005
4005, 10578
24098, 4006
4006, 16419
16531, 4007
4007, 10866
4007, 24203
4007, 16620
4007, 24174
4007, 10776
8299, 4008
4008, 23844
18634, 4009
4009, 11080
16141, 4010
4010, 17083
19224, 4011
4011, 12045
11545, 4012
4012, 20609
13150, 4013
4013, 17503
8086, 4014
4014, 16869
21985, 4015
4015, 12478
11424, 4016
4016, 8386
10990, 4017
4017, 7522
23811, 4018
9430, 4018
4018, 22307
10226, 4019
21828, 4019
13358, 4019
8597, 4019
11865, 4019
15587, 4019
21860, 4019
20670, 4019
14424, 4019
16058, 4019
9174, 4019
16134, 4019
11449, 4019
12727, 4019
13324, 4019
8280, 4019
14987, 4019
12290, 4019
10781, 4019
7695, 4019
13956, 4019
16794, 4019
16179, 4019
10706, 4019
12609, 4019
13546, 4019
24094, 4019
13350, 4019
11034, 4019
13081, 4019
20632, 4019
14410, 4019
24007, 4019
12351, 4019
24697, 4019
16293, 4019
8990, 4019
8877, 4019
20101, 4019
11788, 4019
17703, 4019
11781, 4019
11589, 4019
24991, 4019
20460, 4019
20089, 4019
20820, 4019
11762, 4019
18673, 4019
23416, 4019
16210, 4019
7645, 4019
22622, 4019
15934, 4019
12799, 4019
17461, 4019
11732, 4019
11380, 4019
19786, 4019
22965, 4019
24078, 4019
18957, 4019
11753, 4019
23561, 4019
17575, 4019
14454, 4019
11165, 4019
14167, 4019
17940, 4019
24607, 4019
16118, 4019
19228, 4019
20172, 4019
11407, 4019
22930, 4019
10483, 4019
10488, 4019
10773, 4019
20413, 4019
22476, 4019
23272, 4019
7965, 4019
13480, 4019
14354, 4019
24192, 4019
17301, 4019
25219, 4019
14953, 4019
19123, 4019
23642, 4019
20217, 4019
15009, 4019
19575, 4019
7492, 4019
9176, 4019
24816, 4019
7165, 4019
8923, 4019
9328, 4019
20415, 4019
20264, 4019
18056, 4019
8820, 4019
8907, 4019
10780, 4019
11941, 4019
19791, 4019
18693, 4019
19953, 4019
7805, 4019
14225, 4019
24845, 4019
15332, 4019
20867, 4019
13261, 4019
9605, 4019
20333, 4019
18412, 4019
14812, 4019
20700, 4019
13282, 4019
11723, 4019
14647, 4019
25407, 4019
21334, 4019
14917, 4019
25044, 4019
25576, 4019
14712, 4019
10700, 4019
18374, 4019
12215, 4019
4019, 9388
21062, 4020
4020, 12393
12485, 4021
4021, 11759
15675, 4022
4022, 25191
24239, 4023
4023, 7809
23830, 4024
4024, 9826
21331, 4025
4025, 8519
24748, 4026
17298, 4026
24893, 4026
10530, 4026
8768, 4026
8018, 4026
12879, 4026
4026, 18210
21497, 4027
4027, 25395
4027, 11175
4027, 21458
19674, 4028
4028, 9721
8086, 4029
4029, 16578
16421, 4030
4030, 15333
11601, 4031
4031, 25267
17811, 4032
7332, 4032
23101, 4032
4032, 10891
19724, 4033
4033, 8079
11503, 4034
4034, 10448
9376, 4035
4035, 20155
21985, 4036
4036, 17911
18444, 4037
16889, 4037
4037, 7908
12581, 4038
4038, 19609
7511, 4039
9580, 4039
17702, 4039
22049, 4039
10476, 4039
22009, 4039
12702, 4039
17325, 4039
18209, 4039
10666, 4039
25222, 4039
23360, 4039
8520, 4039
14489, 4039
20758, 4039
19277, 4039
19853, 4039
15655, 4039
15015, 4039
8480, 4039
14676, 4039
10084, 4039
12568, 4039
11427, 4039
20673, 4039
14904, 4039
13152, 4039
20131, 4039
22888, 4039
24325, 4039
24363, 4039
13063, 4039
19250, 4039
17928, 4039
22183, 4039
21533, 4039
8825, 4039
24341, 4039
17382, 4039
14771, 4039
15802, 4039
20144, 4039
18578, 4039
22247, 4039
8195, 4039
24327, 4039
15391, 4039
11276, 4039
20943, 4039
22107, 4039
12776, 4039
16023, 4039
22050, 4039
25418, 4039
19675, 4039
19918, 4039
9091, 4039
13982, 4039
21313, 4039
21715, 4039
7762, 4039
17921, 4039
15701, 4039
19403, 4039
15350, 4039
24986, 4039
20225, 4039
20293, 4039
21256, 4039
21390, 4039
24322, 4039
12464, 4039
18348, 4039
16106, 4039
8207, 4039
24400, 4039
18398, 4039
24175, 4039
15624, 4039
14389, 4039
17232, 4039
12511, 4039
13706, 4039
18702, 4039
12877, 4039
23469, 4039
22236, 4039
21694, 4039
12342, 4039
13537, 4039
16836, 4039
17317, 4039
22477, 4039
19331, 4039
13095, 4039
13578, 4039
25452, 4039
18442, 4039
11636, 4039
22756, 4039
17013, 4039
21615, 4039
12758, 4039
8240, 4039
9716, 4039
17425, 4039
14600, 4039
7385, 4039
13794, 4039
15548, 4039
25537, 4039
12499, 4039
23348, 4039
19973, 4039
9262, 4039
17590, 4039
19745, 4039
7286, 4039
9603, 4039
21101, 4039
12649, 4039
23545, 4039
7204, 4039
14511, 4039
14637, 4039
20245, 4039
16440, 4039
12559, 4039
14939, 4039
17228, 4039
13362, 4039
20022, 4039
8988, 4039
24492, 4039
11187, 4039
7702, 4039
12846, 4039
7920, 4039
8468, 4039
21707, 4039
20917, 4039
11057, 4039
22577, 4039
8780, 4039
11435, 4039
7538, 4039
9891, 4039
20667, 4039
9645, 4039
12227, 4039
7532, 4039
10834, 4039
7443, 4039
19970, 4039
21827, 4039
20400, 4039
17432, 4039
25068, 4039
11307, 4039
18100, 4039
10878, 4039
24855, 4039
10856, 4039
21506, 4039
8029, 4039
22398, 4039
13024, 4039
8449, 4039
9076, 4039
21629, 4039
20725, 4039
14238, 4039
7665, 4039
7327, 4039
18232, 4039
8610, 4039
4039, 16464
4039, 11776
24488, 4040
4040, 15397
8086, 4041
4041, 14463
19567, 4042
4042, 17991
18729, 4043
4043, 11822
4043, 16715
23476, 4044
4044, 17612
19671, 4045
4045, 22829
18538, 4046
4046, 18701
21066, 4047
4047, 13988
13564, 4048
4048, 15451
19724, 4049
4049, 10322
18329, 4050
4050, 21925
20755, 4051
4051, 21098
24271, 4052
4052, 11755
21658, 4053
4053, 22047
18432, 4054
4054, 15497
7567, 4055
14614, 4055
19232, 4055
23468, 4055
8766, 4055
4055, 8214
4055, 19724
9043, 4056
4056, 9436
15845, 4057
4057, 11041
16755, 4058
4058, 10354
4058, 12424
20885, 4059
4059, 20589
21310, 4060
4060, 12871
8298, 4061
18794, 4061
19187, 4061
18769, 4061
20561, 4061
15070, 4061
24714, 4061
10241, 4061
4061, 19286
17226, 4062
4062, 23166
13356, 4063
4063, 19319
14252, 4064
4064, 19680
19142, 4065
19515, 4065
4065, 13685
11896, 4066
4066, 24031
23644, 4067
4067, 16973
20216, 4068
10150, 4068
4068, 17749
19731, 4069
4069, 22333
9067, 4070
4070, 14614
8399, 4071
4071, 11107
12331, 4072
4072, 20942
14449, 4073
18585, 4073
10575, 4073
10215, 4073
4073, 25248
20232, 4074
17644, 4074
4074, 16232
11095, 4075
4075, 9068
12867, 4076
4076, 21744
4076, 22107
18719, 4077
4077, 21335
10139, 4078
4078, 7612
15474, 4079
4079, 20775
7950, 4080
4080, 14913
17558, 4081
9505, 4081
22371, 4081
4081, 8149
8175, 4082
4082, 18473
21710, 4083
4083, 23149
14972, 4084
4084, 25258
4084, 7291
12678, 4085
4085, 11054
16993, 4086
4086, 11098
18664, 4087
4087, 9703
9823, 4088
24666, 4088
23252, 4088
10104, 4088
11641, 4088
4088, 9913
10667, 4089
4089, 9003
21073, 4090
4090, 16538
9193, 4091
4091, 10961
17416, 4092
4092, 20809
11464, 4093
4093, 22146
8137, 4094
4094, 23995
4094, 9339
4094, 10844
4094, 12118
4094, 15148
4094, 11897
4094, 11886
4094, 16970
4094, 9389
12390, 4095
4095, 12279
7294, 4096
10328, 4096
18023, 4096
14839, 4096
22532, 4096
4096, 9645
20481, 4097
4097, 18706
15236, 4098
4098, 23979
7761, 4099
4099, 15502
4099, 24948
4099, 23902
9667, 4100
4100, 8618
21126, 4101
4101, 10618
10372, 4102
22312, 4102
4102, 8515
10509, 4103
4103, 15660
23966, 4104
4104, 22224
21985, 4105
4105, 7532
13790, 4106
4106, 17936
23636, 4107
4107, 12640
7722, 4108
4108, 25248
21752, 4109
4109, 16815
20154, 4110
17032, 4110
23835, 4110
8151, 4110
13503, 4110
15227, 4110
12437, 4110
18685, 4110
9894, 4110
22737, 4110
16131, 4110
14466, 4110
24952, 4110
25552, 4110
12703, 4110
13101, 4110
23766, 4110
17197, 4110
20699, 4110
21040, 4110
20431, 4110
13349, 4110
14919, 4110
7676, 4110
9805, 4110
13196, 4110
17789, 4110
9474, 4110
17280, 4110
24180, 4110
24813, 4110
15153, 4110
20419, 4110
21044, 4110
17250, 4110
21804, 4110
22690, 4110
15742, 4110
9186, 4110
16981, 4110
21720, 4110
8896, 4110
20152, 4110
25429, 4110
15030, 4110
7148, 4110
15225, 4110
11932, 4110
17666, 4110
23282, 4110
16831, 4110
10282, 4110
15139, 4110
16944, 4110
23063, 4110
14475, 4110
22036, 4110
11030, 4110
9369, 4110
13193, 4110
7943, 4110
24183, 4110
18753, 4110
9167, 4110
14894, 4110
9175, 4110
11778, 4110
21986, 4110
13744, 4110
13711, 4110
14995, 4110
12254, 4110
19917, 4110
4110, 16016
20906, 4111
22090, 4111
4111, 20775
12903, 4112
4112, 15729
10004, 4113
18798, 4113
24143, 4113
4113, 25248
17792, 4114
17914, 4114
22068, 4114
4114, 20917
10068, 4115
4115, 15662
8086, 4116
4116, 13490
13070, 4117
4117, 12131
4117, 18125
4117, 21541
4117, 14403
4117, 23247
4117, 17221
4117, 12274
4117, 19509
4117, 13833
4117, 18984
4117, 14837
4117, 13352
4117, 24692
4117, 9357
4117, 17265
4117, 9835
4117, 15962
19838, 4118
4118, 19904
9746, 4119
12993, 4119
23889, 4119
18551, 4119
14349, 4119
23699, 4119
19127, 4119
22883, 4119
24882, 4119
9928, 4119
18849, 4119
13960, 4119
20785, 4119
13911, 4119
9845, 4119
16108, 4119
23192, 4119
18684, 4119
18134, 4119
9803, 4119
11389, 4119
10797, 4119
9984, 4119
12768, 4119
14480, 4119
9573, 4119
23938, 4119
18354, 4119
16525, 4119
8434, 4119
8743, 4119
14991, 4119
12470, 4119
23847, 4119
8489, 4119
21957, 4119
11590, 4119
23331, 4119
19181, 4119
10333, 4119
14656, 4119
10522, 4119
17067, 4119
9851, 4119
17477, 4119
12841, 4119
24190, 4119
22801, 4119
10264, 4119
16607, 4119
17194, 4119
24110, 4119
22593, 4119
16370, 4119
23688, 4119
24127, 4119
24689, 4119
7779, 4119
7462, 4119
25373, 4119
20325, 4119
16257, 4119
13814, 4119
25472, 4119
10579, 4119
15735, 4119
23103, 4119
15971, 4119
24850, 4119
13118, 4119
15491, 4119
25306, 4119
18080, 4119
16006, 4119
16901, 4119
24806, 4119
12109, 4119
15490, 4119
16346, 4119
15952, 4119
16321, 4119
22114, 4119
22309, 4119
8604, 4119
16360, 4119
10693, 4119
18355, 4119
21755, 4119
20838, 4119
14316, 4119
13606, 4119
16933, 4119
16482, 4119
8694, 4119
24827, 4119
22979, 4119
24111, 4119
21978, 4119
11446, 4119
10505, 4119
14451, 4119
20023, 4119
15071, 4119
8078, 4119
19324, 4119
13272, 4119
10675, 4119
18791, 4119
13708, 4119
10929, 4119
8606, 4119
21552, 4119
25483, 4119
16838, 4119
9602, 4119
13976, 4119
14193, 4119
10110, 4119
9323, 4119
15825, 4119
7513, 4119
9094, 4119
24735, 4119
21474, 4119
22753, 4119
21491, 4119
16480, 4119
8224, 4119
16319, 4119
16251, 4119
10721, 4119
8711, 4119
24594, 4119
9842, 4119
24032, 4119
15924, 4119
22548, 4119
7773, 4119
14227, 4119
17767, 4119
22300, 4119
13005, 4119
14072, 4119
7864, 4119
13872, 4119
22750, 4119
18169, 4119
12590, 4119
17668, 4119
15004, 4119
18516, 4119
15486, 4119
16494, 4119
20854, 4119
18448, 4119
17166, 4119
12129, 4119
16042, 4119
25318, 4119
19576, 4119
23099, 4119
20496, 4119
25266, 4119
12401, 4119
10186, 4119
8286, 4119
14473, 4119
14897, 4119
21899, 4119
17727, 4119
16833, 4119
22550, 4119
24312, 4119
20761, 4119
18897, 4119
11336, 4119
16262, 4119
19484, 4119
10345, 4119
19486, 4119
19986, 4119
19831, 4119
12136, 4119
12477, 4119
20252, 4119
24173, 4119
11335, 4119
9985, 4119
23599, 4119
24236, 4119
4119, 11947
22324, 4120
23390, 4120
4120, 14511
23974, 4121
14822, 4121
4121, 15442
9867, 4122
4122, 22654
25179, 4123
4123, 24707
9464, 4124
4124, 25382
15630, 4125
4125, 20198
24510, 4126
4126, 21784
4126, 8469
8086, 4127
4127, 7572
23788, 4128
4128, 12935
19414, 4129
4129, 15350
20024, 4130
4130, 20919
14754, 4131
4131, 17396
20338, 4132
4132, 9096
23977, 4133
4133, 21244
15759, 4134
4134, 16000
9310, 4135
4135, 20506
14617, 4136
4136, 17500
14938, 4137
4137, 17095
12968, 4138
4138, 14450
23276, 4139
4139, 10228
8074, 4140
4140, 19228
4140, 20391
8879, 4141
4141, 14164
18680, 4142
4142, 18760
9778, 4143
4143, 11236
8054, 4144
4144, 7277
4144, 7286
22836, 4145
4145, 25480
9991, 4146
4146, 11973
14799, 4147
4147, 12116
12387, 4148
4148, 16795
7957, 4149
4149, 17253
23374, 4150
4150, 8153
23874, 4151
4151, 9618
16304, 4152
4152, 17134
25428, 4153
4153, 9341
24450, 4154
4154, 14768
8925, 4155
4155, 18732
9705, 4156
4156, 16555
8086, 4157
4157, 18362
24100, 4158
4158, 13870
23768, 4159
4159, 22519
12056, 4160
23341, 4160
17104, 4160
23018, 4160
20000, 4160
15204, 4160
13560, 4160
15518, 4160
19193, 4160
18703, 4160
14488, 4160
18416, 4160
8698, 4160
17486, 4160
16024, 4160
12548, 4160
21633, 4160
9213, 4160
9489, 4160
19785, 4160
14274, 4160
16720, 4160
12694, 4160
20968, 4160
11763, 4160
22127, 4160
9804, 4160
24759, 4160
17332, 4160
23123, 4160
22877, 4160
16679, 4160
11554, 4160
14903, 4160
10608, 4160
18754, 4160
22159, 4160
19526, 4160
17445, 4160
21381, 4160
14551, 4160
16632, 4160
16863, 4160
15549, 4160
22380, 4160
22608, 4160
20858, 4160
11274, 4160
11755, 4160
21181, 4160
13600, 4160
12591, 4160
25235, 4160
10193, 4160
17171, 4160
11376, 4160
23967, 4160
11870, 4160
9292, 4160
22986, 4160
18721, 4160
22998, 4160
24260, 4160
13773, 4160
16075, 4160
10921, 4160
19825, 4160
18036, 4160
15414, 4160
18885, 4160
11539, 4160
25573, 4160
7481, 4160
24119, 4160
17984, 4160
9107, 4160
14201, 4160
24323, 4160
17397, 4160
24138, 4160
10458, 4160
22669, 4160
11371, 4160
10755, 4160
10470, 4160
8402, 4160
22463, 4160
22995, 4160
9734, 4160
10513, 4160
17004, 4160
22429, 4160
10182, 4160
14539, 4160
12561, 4160
23373, 4160
13389, 4160
15795, 4160
19309, 4160
22980, 4160
13658, 4160
20151, 4160
22583, 4160
20085, 4160
9898, 4160
11905, 4160
19741, 4160
10907, 4160
20737, 4160
14278, 4160
17422, 4160
24678, 4160
20934, 4160
24179, 4160
25157, 4160
25048, 4160
25248, 4160
25371, 4160
20775, 4160
19941, 4160
18981, 4160
17934, 4160
22376, 4160
25464, 4160
21618, 4160
24092, 4160
17396, 4160
20756, 4160
10933, 4160
19060, 4160
18077, 4160
24038, 4160
9108, 4160
13813, 4160
15404, 4160
23833, 4160
9307, 4160
8364, 4160
22323, 4160
10640, 4160
25531, 4160
23195, 4160
7712, 4160
15368, 4160
15962, 4160
18723, 4160
13968, 4160
7453, 4160
9033, 4160
21503, 4160
11192, 4160
10235, 4160
17787, 4160
7174, 4160
7266, 4160
11786, 4160
7356, 4160
21211, 4160
14052, 4160
24533, 4160
18492, 4160
12280, 4160
14299, 4160
24280, 4160
22223, 4160
8128, 4160
10020, 4160
25383, 4160
15620, 4160
16669, 4160
11080, 4160
7259, 4160
18579, 4160
16309, 4160
21501, 4160
11118, 4160
10713, 4160
24859, 4160
13551, 4160
14790, 4160
15688, 4160
13910, 4160
21886, 4160
15269, 4160
22409, 4160
12759, 4160
20425, 4160
8426, 4160
12536, 4160
14096, 4160
14558, 4160
20924, 4160
13244, 4160
10940, 4160
23285, 4160
24513, 4160
16020, 4160
19655, 4160
22886, 4160
8386, 4160
17747, 4160
16734, 4160
11934, 4160
22978, 4160
20090, 4160
13509, 4160
18573, 4160
15677, 4160
11813, 4160
21063, 4160
24988, 4160
14686, 4160
7458, 4160
22191, 4160
7518, 4160
20999, 4160
12272, 4160
11518, 4160
13451, 4160
10962, 4160
21309, 4160
21006, 4160
14651, 4160
12798, 4160
18650, 4160
23448, 4160
16708, 4160
7684, 4160
8830, 4160
17121, 4160
11502, 4160
14208, 4160
7464, 4160
15097, 4160
11177, 4160
15297, 4160
4160, 21906
4160, 19724
7369, 4161
12440, 4161
15643, 4161
4161, 22669
8201, 4162
4162, 12201
21714, 4163
4163, 18511
8086, 4164
4164, 17451
18568, 4165
4165, 10220
11556, 4166
4166, 25025
12407, 4167
4167, 8449
13952, 4168
4168, 17909
23969, 4169
4169, 7843
17720, 4170
4170, 19430
13047, 4171
4171, 15893
17110, 4172
4172, 8995
9606, 4173
8106, 4173
10358, 4173
16864, 4173
4173, 9935
19117, 4174
9291, 4174
13202, 4174
4174, 10456
10339, 4175
4175, 20836
7924, 4176
4176, 19299
11563, 4177
4177, 17912
9058, 4178
4178, 12411
8681, 4179
11045, 4179
4179, 23324
8086, 4180
4180, 13382
15483, 4181
4181, 18912
19613, 4182
4182, 15600
7849, 4183
12446, 4183
18526, 4183
4183, 25286
4183, 7715
4183, 13344
4183, 25237
4183, 15852
4183, 15534
23118, 4184
4184, 16345
9844, 4185
4185, 8589
12540, 4186
4186, 8819
13445, 4187
4187, 23401
4187, 20777
4187, 12250
4187, 7995
4187, 19005
4187, 11981
23094, 4188
4188, 16727
24462, 4189
4189, 18087
9989, 4190
4190, 21871
22291, 4191
4191, 25517
24277, 4192
4192, 17940
9782, 4193
4193, 7720
11210, 4194
4194, 7511
8811, 4195
4195, 8766
23721, 4196
14587, 4196
4196, 21694
16142, 4197
4197, 14089
20830, 4198
4198, 22569
23944, 4199
4199, 9232
17942, 4200
4200, 9441
23365, 4201
4201, 18693
9800, 4202
4202, 10732
17654, 4203
4203, 16845
11271, 4204
4204, 16181
10917, 4205
4205, 9079
22603, 4206
11745, 4206
4206, 21243
4206, 7259
23933, 4207
4207, 19249
11315, 4208
9386, 4208
4208, 18223
4208, 13169
17429, 4209
4209, 21171
8540, 4210
10847, 4210
4210, 19884
9824, 4211
4211, 17246
8360, 4212
4212, 11575
24842, 4213
15560, 4213
11954, 4213
7572, 4213
8810, 4213
23338, 4213
11049, 4213
9852, 4213
20449, 4213
17323, 4213
22942, 4213
7159, 4213
9947, 4213
8881, 4213
9785, 4213
11720, 4213
24163, 4213
16882, 4213
19393, 4213
15457, 4213
24630, 4213
23227, 4213
8995, 4213
17521, 4213
18488, 4213
10926, 4213
19997, 4213
19209, 4213
20644, 4213
9882, 4213
13882, 4213
10065, 4213
10303, 4213
7192, 4213
19473, 4213
24281, 4213
23923, 4213
9583, 4213
20861, 4213
14130, 4213
14620, 4213
13330, 4213
18837, 4213
19143, 4213
8513, 4213
9916, 4213
17744, 4213
10592, 4213
10902, 4213
21845, 4213
16604, 4213
19427, 4213
13410, 4213
13676, 4213
15878, 4213
16004, 4213
8318, 4213
8112, 4213
8614, 4213
20015, 4213
21851, 4213
15937, 4213
18072, 4213
8005, 4213
8160, 4213
21801, 4213
11923, 4213
22785, 4213
15062, 4213
15693, 4213
23381, 4213
20732, 4213
23637, 4213
4213, 11102
23924, 4214
17305, 4214
11755, 4214
21891, 4214
13880, 4214
20870, 4214
9087, 4214
18919, 4214
4214, 19724
4214, 22771
21072, 4215
4215, 14706
7468, 4216
4216, 15955
25136, 4217
11173, 4217
20753, 4217
12197, 4217
4217, 10268
15862, 4218
4218, 10520
21759, 4219
4219, 25477
4219, 21057
20251, 4220
4220, 19320
19176, 4221
4221, 13211
10444, 4222
4222, 16094
24990, 4223
4223, 22492
25314, 4224
4224, 16107
7412, 4225
4225, 18056
17826, 4226
4226, 8889
23980, 4227
4227, 25208
12141, 4228
4228, 21159
7447, 4229
23525, 4229
8369, 4229
9621, 4229
18004, 4229
18424, 4229
9849, 4229
24623, 4229
4229, 23532
22290, 4230
4230, 20947
19724, 4231
4231, 15000
24677, 4232
4232, 21043
21249, 4233
4233, 15975
24244, 4234
4234, 24538
11178, 4235
4235, 18231
11557, 4236
4236, 25236
20166, 4237
4237, 24151
11302, 4238
4238, 23367
16531, 4239
4239, 22197
10624, 4240
13746, 4240
16234, 4240
22014, 4240
16380, 4240
4240, 9771
13047, 4241
4241, 19879
11333, 4242
4242, 9170
8086, 4243
4243, 16578
17556, 4244
4244, 14099
4244, 14035
4244, 24485
4244, 16269
23948, 4245
4245, 12613
19724, 4246
4246, 19837
16531, 4247
4247, 9624
4247, 8358
4247, 18462
20427, 4248
4248, 23779
11210, 4249
4249, 11974
19014, 4250
4250, 18855
20437, 4251
4251, 18816
9725, 4252
4252, 22315
19724, 4253
4253, 17257
4253, 15033
12407, 4254
4254, 11954
19724, 4255
4255, 24711
13496, 4256
23960, 4256
11755, 4256
19662, 4256
10086, 4256
20775, 4256
8386, 4256
17372, 4256
4256, 23819
4256, 19724
15156, 4257
10179, 4257
15790, 4257
9717, 4257
14926, 4257
9321, 4257
4257, 15032
10509, 4258
13300, 4258
4258, 14539
13178, 4259
19514, 4259
17340, 4259
7466, 4259
20055, 4259
12829, 4259
23784, 4259
18764, 4259
20666, 4259
24831, 4259
13089, 4259
22562, 4259
14690, 4259
8389, 4259
17953, 4259
12502, 4259
9319, 4259
14847, 4259
8493, 4259
12127, 4259
4259, 10159
9693, 4260
4260, 14663
25142, 4261
4261, 20775
11355, 4262
10431, 4262
4262, 18632
24075, 4263
4263, 21227
23341, 4264
19177, 4264
23452, 4264
25337, 4264
24223, 4264
20280, 4264
16948, 4264
18844, 4264
11094, 4264
19984, 4264
22748, 4264
11608, 4264
10968, 4264
11476, 4264
10573, 4264
22694, 4264
21064, 4264
24199, 4264
17729, 4264
19589, 4264
21635, 4264
24651, 4264
21342, 4264
17839, 4264
10935, 4264
13742, 4264
19445, 4264
11825, 4264
9883, 4264
22269, 4264
24334, 4264
8343, 4264
11540, 4264
15445, 4264
19840, 4264
18513, 4264
7368, 4264
7307, 4264
16632, 4264
19841, 4264
13836, 4264
24406, 4264
7269, 4264
11755, 4264
14570, 4264
10456, 4264
7484, 4264
9436, 4264
20272, 4264
21267, 4264
21441, 4264
22805, 4264
9970, 4264
23065, 4264
12025, 4264
10597, 4264
15479, 4264
7559, 4264
18962, 4264
14614, 4264
9345, 4264
9107, 4264
7183, 4264
20662, 4264
15829, 4264
11798, 4264
15870, 4264
16436, 4264
15092, 4264
14539, 4264
16702, 4264
18259, 4264
13159, 4264
22499, 4264
20243, 4264
20085, 4264
23554, 4264
8986, 4264
15543, 4264
21008, 4264
17976, 4264
22094, 4264
24908, 4264
13404, 4264
17574, 4264
8330, 4264
25062, 4264
9791, 4264
7967, 4264
11938, 4264
22849, 4264
11221, 4264
17783, 4264
14122, 4264
17443, 4264
21718, 4264
14718, 4264
19894, 4264
24361, 4264
25248, 4264
20836, 4264
22599, 4264
7759, 4264
8719, 4264
17532, 4264
9374, 4264
21486, 4264
19317, 4264
16699, 4264
17396, 4264
8244, 4264
24906, 4264
9560, 4264
14328, 4264
19742, 4264
16374, 4264
7561, 4264
19000, 4264
11020, 4264
19322, 4264
20360, 4264
20756, 4264
7699, 4264
19749, 4264
20775, 4264
8108, 4264
9407, 4264
14353, 4264
23931, 4264
14127, 4264
13424, 4264
7524, 4264
17369, 4264
25575, 4264
19060, 4264
10359, 4264
15664, 4264
19777, 4264
24669, 4264
9387, 4264
10520, 4264
17875, 4264
12712, 4264
8284, 4264
18679, 4264
21063, 4264
20737, 4264
20391, 4264
19732, 4264
17952, 4264
12106, 4264
8766, 4264
15617, 4264
21530, 4264
18926, 4264
9525, 4264
9516, 4264
21907, 4264
18850, 4264
9905, 4264
21607, 4264
16727, 4264
15660, 4264
23785, 4264
24678, 4264
9526, 4264
14003, 4264
22793, 4264
21939, 4264
18723, 4264
7910, 4264
10095, 4264
16323, 4264
9274, 4264
4264, 19724
4264, 25500
8177, 4265
4265, 23918
19312, 4266
4266, 18819
18780, 4267
4267, 10795
15311, 4268
4268, 22389
21188, 4269
11766, 4269
4269, 10086
13851, 4270
4270, 8950
15200, 4271
4271, 12266
7313, 4272
4272, 15442
9037, 4273
4273, 20145
4273, 20228
18651, 4274
20631, 4274
4274, 15370
17373, 4275
8173, 4275
4275, 11720
20912, 4276
15029, 4276
4276, 12764
12932, 4277
4277, 17396
11618, 4278
18570, 4278
20237, 4278
18881, 4278
13876, 4278
21157, 4278
24958, 4278
19330, 4278
13098, 4278
10201, 4278
22820, 4278
25463, 4278
4278, 24665
14259, 4279
4279, 18350
18904, 4280
4280, 13993
8086, 4281
4281, 9332
9351, 4282
4282, 20966
13313, 4283
4283, 22476
4283, 18541
12809, 4284
4284, 20541
23768, 4285
4285, 18952
8590, 4286
4286, 9516
8161, 4287
4287, 24340
12012, 4288
21449, 4288
4288, 18997
23146, 4289
4289, 10341
7831, 4290
4290, 21531
13571, 4291
19940, 4291
20819, 4291
4291, 7269
17429, 4292
4292, 16160
8196, 4293
4293, 7139
19724, 4294
4294, 9305
19326, 4295
4295, 8672
15716, 4296
4296, 14877
17319, 4297
15072, 4297
4297, 11998
16518, 4298
11489, 4298
4298, 16632
9989, 4299
4299, 16987
19724, 4300
4300, 19152
4300, 24341
16258, 4301
4301, 13328
24251, 4302
4302, 23179
12043, 4303
4303, 8520
22706, 4304
7088, 4304
24187, 4304
23474, 4304
20189, 4304
24257, 4304
25102, 4304
4304, 10388
20678, 4305
4305, 15969
9943, 4306
4306, 18130
16479, 4307
4307, 21189
20894, 4308
4308, 7910
7157, 4309
4309, 21135
15098, 4310
21198, 4310
18689, 4310
18903, 4310
11135, 4310
10898, 4310
12487, 4310
4310, 18241
19378, 4311
21725, 4311
4311, 24148
7857, 4312
4312, 7145
14460, 4313
4313, 11151
24510, 4314
4314, 20754
4314, 9584
4314, 21440
17950, 4315
4315, 19513
24784, 4316
4316, 11475
20755, 4317
4317, 7769
22197, 4318
17956, 4318
18294, 4318
16999, 4318
23846, 4318
22209, 4318
22914, 4318
11220, 4318
21459, 4318
23984, 4318
19747, 4318
19085, 4318
11157, 4318
4318, 15032
21460, 4319
4319, 14939
7236, 4320
4320, 14185
19890, 4321
4321, 14518
18507, 4322
12908, 4322
11889, 4322
12751, 4322
4322, 16437
17140, 4323
17204, 4323
4323, 9779
9329, 4324
4324, 8158
16984, 4325
16706, 4325
4325, 15212
17312, 4326
4326, 11473
4326, 20093
17470, 4327
10660, 4327
4327, 14539
23101, 4328
4328, 17554
25287, 4329
4329, 13599
9829, 4330
4330, 15816
18058, 4331
4331, 14539
24113, 4332
7873, 4332
4332, 23959
13056, 4333
22919, 4333
4333, 7121
7186, 4334
4334, 18223
20177, 4335
11814, 4335
9338, 4335
12368, 4335
4335, 9097
15208, 4336
20524, 4336
4336, 9472
19588, 4337
4337, 17396
22066, 4338
25538, 4338
4338, 16739
17766, 4339
4339, 25496
15245, 4340
4340, 18565
19946, 4341
4341, 25539
17852, 4342
4342, 19198
4342, 24029
4342, 24938
4342, 22821
4342, 8835
4342, 13158
4342, 14033
4342, 22299
4342, 7517
4342, 12134
4342, 9559
4342, 18094
4342, 9130
4342, 14990
4342, 14109
4342, 19942
4342, 18740
4342, 17966
4342, 15685
4342, 19901
4342, 12252
4342, 8403
4342, 14554
4342, 24003
4342, 12423
4342, 13944
4342, 15686
4342, 14342
4342, 8047
4342, 18481
4342, 11659
4342, 20254
4342, 15842
4342, 8566
4342, 18358
4342, 7126
4342, 11400
4342, 18622
4342, 19563
4342, 8698
4342, 17508
4342, 12694
4342, 24874
4342, 16540
4342, 7307
4342, 11274
4342, 15754
4342, 15607
4342, 16130
4342, 8264
4342, 8785
4342, 22620
4342, 8243
4342, 14064
4342, 7093
4342, 8726
4342, 24352
4342, 11845
4342, 20845
4342, 19758
19061, 4343
4343, 23418
15236, 4344
4344, 16196
15103, 4345
4345, 12909
24905, 4346
20931, 4346
19429, 4346
16841, 4346
13022, 4346
4346, 21141
16307, 4347
4347, 18236
12407, 4348
4348, 21045
22752, 4349
4349, 9657
12214, 4350
19047, 4350
25326, 4350
23590, 4350
18182, 4350
4350, 24680
4350, 25248
22222, 4351
4351, 14782
8333, 4352
4352, 16341
19061, 4353
18729, 4353
4353, 13860
4353, 14356
15409, 4354
10451, 4354
4354, 12729
21554, 4355
4355, 8500
21280, 4356
4356, 23959
7868, 4357
4357, 11460
10733, 4358
4358, 16204
14968, 4359
4359, 18214
12407, 4360
4360, 17784
12924, 4361
4361, 16621
24864, 4362
4362, 11265
18353, 4363
4363, 11106
17021, 4364
25162, 4364
4364, 20934
23153, 4365
4365, 18091
17678, 4366
4366, 12138
4366, 8631
11048, 4367
4367, 10498
25428, 4368
4368, 20070
12658, 4369
4369, 15623
12924, 4370
4370, 8311
24510, 4371
4371, 17084
25233, 4372
21769, 4372
4372, 17332
17509, 4373
4373, 14506
22568, 4374
18531, 4374
7281, 4374
4374, 20688
4374, 11190
4374, 14184
4374, 17998
4374, 18178
4374, 19899
19724, 4375
4375, 8278
24373, 4376
4376, 7527
13462, 4377
4377, 24523
8034, 4378
24622, 4378
4378, 23545
10596, 4379
4379, 13107
22975, 4380
4380, 12630
15240, 4381
4381, 23882
12304, 4382
4382, 18132
12269, 4383
4383, 8944
25428, 4384
4384, 20070
9105, 4385
4385, 25316
17678, 4386
4386, 10972
23420, 4387
4387, 18208
14392, 4388
24490, 4388
17689, 4388
12020, 4388
16073, 4388
4388, 15871
15330, 4389
4389, 18392
20546, 4390
4390, 9717
21014, 4391
4391, 21204
22943, 4392
4392, 18421
7560, 4393
16078, 4393
12124, 4393
10097, 4393
4393, 13904
13632, 4394
4394, 11643
23444, 4395
4395, 17514
11433, 4396
4396, 14201
4396, 22285
4396, 11269
18384, 4397
4397, 14468
4397, 19410
14409, 4398
8917, 4398
20430, 4398
9524, 4398
11583, 4398
16032, 4398
14144, 4398
4398, 9880
10509, 4399
4399, 11755
12103, 4400
4400, 23809
25507, 4401
4401, 23878
16531, 4402
4402, 21307
13563, 4403
4403, 8382
23432, 4404
9877, 4404
4404, 10331
13648, 4405
4405, 10297
4405, 15062
18469, 4406
4406, 16793
7927, 4407
4407, 21390
19185, 4408
4408, 23077
12870, 4409
4409, 18053
19061, 4410
4410, 20129
4410, 16448
25083, 4411
4411, 8240
22811, 4412
4412, 13638
8320, 4413
4413, 15254
19839, 4414
12668, 4414
12022, 4414
18976, 4414
4414, 19865
11275, 4415
14415, 4415
9493, 4415
4415, 17682
13323, 4416
4416, 19013
4416, 13725
10323, 4417
21188, 4417
4417, 10086
8908, 4418
4418, 22267
20004, 4419
4419, 23301
18108, 4420
4420, 14271
17185, 4421
4421, 19925
22040, 4422
4422, 19569
15527, 4423
4423, 9717
18998, 4424
11526, 4424
4424, 19246
10360, 4425
4425, 24662
11744, 4426
4426, 24690
23669, 4427
4427, 16294
7743, 4428
4428, 24264
22937, 4429
4429, 17999
8086, 4430
4430, 10062
19061, 4431
4431, 10407
23886, 4432
25234, 4432
4432, 18307
22811, 4433
4433, 14597
16481, 4434
4434, 24688
25527, 4435
4435, 20775
17863, 4436
4436, 19447
25494, 4437
4437, 12893
19724, 4438
4438, 17066
25263, 4439
17085, 4439
10939, 4439
23483, 4439
23893, 4439
23141, 4439
7706, 4439
4439, 15885
18051, 4440
4440, 13134
11816, 4441
4441, 16705
20604, 4442
4442, 19242
15043, 4443
25276, 4443
4443, 12995
9608, 4444
4444, 21476
20405, 4445
4445, 22077
18405, 4446
4446, 11922
25459, 4447
4447, 15204
18774, 4448
4448, 19353
24619, 4449
4449, 10047
13612, 4450
20187, 4450
4450, 19866
25331, 4451
4451, 21621
25403, 4452
4452, 24046
7384, 4453
4453, 12472
17260, 4454
4454, 12464
7330, 4455
4455, 10942
22950, 4456
4456, 14709
15639, 4457
4457, 19537
4457, 9830
24805, 4458
4458, 20745
12407, 4459
4459, 23565
9808, 4460
4460, 13617
17556, 4461
4461, 18439
4461, 19929
22426, 4462
4462, 22453
9361, 4463
4463, 17396
7744, 4464
4464, 20084
24561, 4465
4465, 24283
17825, 4466
4466, 15651
16664, 4467
4467, 10270
4467, 22549
19080, 4468
4468, 9439
25108, 4469
4469, 12180
16159, 4470
4470, 12476
8757, 4471
15789, 4471
21450, 4471
11077, 4471
23877, 4471
21452, 4471
10280, 4471
14368, 4471
16221, 4471
13714, 4471
21713, 4471
16027, 4471
12582, 4471
11357, 4471
19450, 4471
15923, 4471
14289, 4471
18327, 4471
8602, 4471
17064, 4471
21699, 4471
21730, 4471
24611, 4471
24780, 4471
15480, 4471
8290, 4471
20967, 4471
19007, 4471
18927, 4471
23593, 4471
15252, 4471
17001, 4471
4471, 21538
15378, 4472
4472, 13474
19230, 4473
4473, 23959
12460, 4474
24265, 4474
11961, 4474
10107, 4474
16373, 4474
11137, 4474
23989, 4474
12239, 4474
18144, 4474
11053, 4474
8507, 4474
8620, 4474
12608, 4474
12541, 4474
11613, 4474
4474, 17396
8086, 4475
4475, 20021
15243, 4476
4476, 7658
4476, 7320
18132, 4477
18692, 4477
13328, 4477
7220, 4477
13804, 4477
22581, 4477
12755, 4477
14195, 4477
13584, 4477
24359, 4477
9341, 4477
11989, 4477
12408, 4477
22703, 4477
20500, 4477
20434, 4477
16297, 4477
16781, 4477
7137, 4477
17136, 4477
17831, 4477
10248, 4477
7765, 4477
9425, 4477
22010, 4477
14627, 4477
16441, 4477
16578, 4477
15654, 4477
8362, 4477
16647, 4477
4477, 14678
19084, 4478
4478, 7764
24393, 4479
4479, 10782
25295, 4480
4480, 10030
18729, 4481
17678, 4481
4481, 21155
4481, 17967
19724, 4482
4482, 21790
19724, 4483
4483, 23411
25376, 4484
4484, 18423
12982, 4485
4485, 9181
19991, 4486
4486, 17396
16050, 4487
4487, 20775
15826, 4488
21605, 4488
4488, 24343
10390, 4489
4489, 21503
21321, 4490
4490, 17783
12924, 4491
4491, 14746
19724, 4492
4492, 16836
21200, 4493
4493, 14350
15063, 4494
4494, 22604
4494, 22424
4494, 15908
4494, 8390
4494, 20843
4494, 20101
4494, 22167
4494, 18853
4494, 24836
4494, 9579
4494, 21099
4494, 10976
4494, 16047
4494, 8720
4494, 24692
4494, 14085
4494, 23275
4494, 18713
4494, 9973
4494, 13015
4494, 15731
4494, 14567
4494, 10697
4494, 9773
4494, 22643
13937, 4495
4495, 10746
17335, 4496
4496, 8110
22029, 4497
4497, 9344
19724, 4498
4498, 8442
23239, 4499
4499, 18759
8955, 4500
4500, 19374
10509, 4501
4501, 8824
11310, 4502
4502, 22904
21213, 4503
4503, 14570
19617, 4504
4504, 25346
15424, 4505
4505, 23839
20661, 4506
4506, 24438
14931, 4507
4507, 8186
4507, 18081
4507, 16791
4507, 14160
13004, 4508
14528, 4508
23013, 4508
19687, 4508
4508, 8016
19724, 4509
4509, 18163
21036, 4510
4510, 16622
22968, 4511
4511, 18487
9401, 4512
14989, 4512
4512, 17599
21088, 4513
4513, 12280
16972, 4514
4514, 19210
22332, 4515
4515, 9957
9528, 4516
4516, 24397
17061, 4517
4517, 8761
8086, 4518
4518, 25308
21995, 4519
4519, 20056
18040, 4520
14107, 4520
4520, 9891
7609, 4521
4521, 12241
20957, 4522
4522, 9806
11028, 4523
4523, 9759
7834, 4524
4524, 10626
8254, 4525
4525, 24453
20314, 4526
4526, 13792
12407, 4527
4527, 17928
21436, 4528
4528, 23666
24792, 4529
4529, 18673
21077, 4530
4530, 10459
11452, 4531
4531, 23087
9342, 4532
13171, 4532
4532, 20713
9259, 4533
4533, 7259
11872, 4534
13541, 4534
20901, 4534
16246, 4534
22842, 4534
9832, 4534
7136, 4534
24313, 4534
20996, 4534
4534, 25553
10324, 4535
4535, 20861
21578, 4536
4536, 10831
18337, 4537
4537, 22848
14251, 4538
21819, 4538
17321, 4538
4538, 15397
22745, 4539
4539, 17783
20672, 4540
4540, 22782
17527, 4541
4541, 23267
16458, 4542
4542, 24470
10509, 4543
4543, 8965
23768, 4544
4544, 24697
22353, 4545
4545, 18697
15599, 4546
4546, 20949
23365, 4547
4547, 18693
7162, 4548
4548, 12728
7615, 4549
4549, 12156
25119, 4550
4550, 12280
8490, 4551
24478, 4551
4551, 19750
10760, 4552
4552, 17934
9619, 4553
25395, 4553
4553, 11438
4553, 20572
4553, 11948
4553, 25058
4553, 13351
25287, 4554
4554, 23523
15276, 4555
4555, 15282
14936, 4556
4556, 12828
23947, 4557
4557, 17282
16267, 4558
4558, 22785
15707, 4559
21490, 4559
4559, 14903
15067, 4560
4560, 22333
22311, 4561
4561, 12459
18894, 4562
4562, 11231
21497, 4563
4563, 14551
4563, 8426
4563, 12536
8086, 4564
4564, 7572
16665, 4565
4565, 20185
12924, 4566
4566, 25464
7485, 4567
4567, 11944
11386, 4568
4568, 17396
11637, 4569
4569, 22816
4569, 14979
19011, 4570
4570, 23456
19724, 4571
4571, 18163
21026, 4572
4572, 21568
10117, 4573
4573, 18720
19724, 4574
4574, 11867
9636, 4575
4575, 8744
13248, 4576
20249, 4576
9692, 4576
4576, 24571
18596, 4577
4577, 21503
8866, 4578
8401, 4578
4578, 16210
20033, 4579
4579, 23714
17335, 4580
4580, 16840
4580, 12851
4580, 25450
4580, 18361
4580, 17884
4580, 8912
19532, 4581
23539, 4581
4581, 7710
4581, 11652
4581, 8407
4581, 16377
4581, 24863
19724, 4582
4582, 17257
12085, 4583
4583, 10036
17489, 4584
4584, 11425
14042, 4585
15565, 4585
4585, 16210
4585, 9881
16306, 4586
15851, 4586
4586, 24682
4586, 21106
23907, 4587
4587, 8450
12275, 4588
4588, 12786
21888, 4589
4589, 13794
10389, 4590
12599, 4590
4590, 7534
16147, 4591
4591, 22383
21169, 4592
4592, 19100
23441, 4593
4593, 10587
4593, 20626
4593, 25290
19724, 4594
4594, 15058
21142, 4595
4595, 12652
19257, 4596
4596, 22600
14687, 4597
4597, 23251
11758, 4598
4598, 13007
16147, 4599
4599, 10225
12204, 4600
4600, 12159
4600, 16904
22243, 4601
4601, 13203
9611, 4602
11755, 4602
24729, 4602
21906, 4602
10644, 4602
17396, 4602
7813, 4602
17771, 4602
20775, 4602
10200, 4602
10367, 4602
22154, 4602
10496, 4602
24849, 4602
4602, 19724
4602, 14704
9067, 4603
4603, 14614
7916, 4604
4604, 22373
10222, 4605
4605, 15199
12407, 4606
4606, 23381
9315, 4607
4607, 13578
21069, 4608
4608, 12871
10059, 4609
4609, 13498
21972, 4610
4610, 10178
11205, 4611
4611, 18495
8171, 4612
4612, 15154
12380, 4613
4613, 9971
12924, 4614
4614, 15097
15008, 4615
4615, 9289
15398, 4616
4616, 21503
13013, 4617
4617, 20697
21555, 4618
8378, 4618
20497, 4618
20584, 4618
4618, 7731
4618, 23364
4618, 22051
9705, 4619
4619, 10834
23383, 4620
4620, 16542
18032, 4621
4621, 7731
10668, 4622
4622, 24142
8086, 4623
4623, 7572
10509, 4624
4624, 9300
14994, 4625
4625, 17342
9733, 4626
4626, 13889
15949, 4627
11836, 4627
4627, 21422
24581, 4628
4628, 14798
7457, 4629
4629, 14273
9035, 4630
4630, 8527
23307, 4631
4631, 11498
23392, 4632
4632, 11650
23710, 4633
4633, 22079
13300, 4634
4634, 24908
10509, 4635
4635, 14096
9990, 4636
7618, 4636
18717, 4636
4636, 24457
7402, 4637
4637, 18018
21372, 4638
4638, 11827
4638, 15010
17165, 4639
4639, 23581
16329, 4640
4640, 24932
19828, 4641
4641, 19592
8086, 4642
4642, 12499
20755, 4643
4643, 22591
16701, 4644
4644, 19270
12962, 4645
10262, 4645
12555, 4645
16947, 4645
4645, 15802
21266, 4646
4646, 13287
12924, 4647
4647, 17855
24989, 4648
16527, 4648
4648, 15898
11056, 4649
4649, 17050
19061, 4650
4650, 24272
8705, 4651
4651, 8847
8194, 4652
4652, 23449
13047, 4653
4653, 8497
18604, 4654
15202, 4654
9739, 4654
10639, 4654
24583, 4654
23740, 4654
19010, 4654
21650, 4654
15583, 4654
15965, 4654
23779, 4654
12490, 4654
21783, 4654
19631, 4654
19132, 4654
19833, 4654
18855, 4654
17257, 4654
21305, 4654
24181, 4654
18934, 4654
17758, 4654
8463, 4654
11208, 4654
13092, 4654
14559, 4654
10864, 4654
12698, 4654
10705, 4654
15396, 4654
14783, 4654
9707, 4654
13045, 4654
23928, 4654
18636, 4654
25480, 4654
20330, 4654
9596, 4654
8574, 4654
20434, 4654
18992, 4654
20947, 4654
17744, 4654
12455, 4654
20142, 4654
12414, 4654
23196, 4654
19273, 4654
15278, 4654
12860, 4654
24080, 4654
11465, 4654
14877, 4654
25180, 4654
13669, 4654
22413, 4654
8603, 4654
16302, 4654
17033, 4654
7895, 4654
17926, 4654
15938, 4654
23780, 4654
21386, 4654
24426, 4654
7503, 4654
19392, 4654
16913, 4654
20732, 4654
8313, 4654
14236, 4654
13107, 4654
23521, 4654
4654, 19965
21947, 4655
4655, 21375
14519, 4656
4656, 22010
23057, 4657
4657, 10258
13345, 4658
4658, 21506
22879, 4659
10109, 4659
4659, 11755
20380, 4660
4660, 12280
14552, 4661
4661, 14786
11528, 4662
4662, 13024
16213, 4663
4663, 17574
10343, 4664
22201, 4664
20902, 4664
11040, 4664
4664, 21585
21910, 4665
4665, 14661
12924, 4666
4666, 9560
19257, 4667
4667, 13578
11248, 4668
12046, 4668
4668, 8209
24844, 4669
4669, 9320
23174, 4670
4670, 12967
17047, 4671
4671, 22183
20244, 4672
4672, 18039
15134, 4673
4673, 11353
24747, 4674
24564, 4674
12005, 4674
4674, 24441
14291, 4675
4675, 13096
21188, 4676
20063, 4676
4676, 10086
18069, 4677
4677, 12907
7154, 4678
4678, 22331
20455, 4679
4679, 8166
18729, 4680
4680, 7493
4680, 21205
22301, 4681
4681, 24761
18098, 4682
4682, 14266
17251, 4683
25187, 4683
4683, 20904
7157, 4684
4684, 16580
19724, 4685
4685, 9568
17935, 4686
4686, 11755
17852, 4687
4687, 13887
4687, 20498
4687, 8867
4687, 18575
4687, 23869
4687, 23136
4687, 20786
4687, 7333
4687, 7495
4687, 9863
4687, 24289
4687, 13996
4687, 23230
4687, 12120
4687, 9273
4687, 19947
4687, 12297
4687, 19307
4687, 22120
4687, 16299
4687, 12384
4687, 22444
4687, 12087
4687, 19993
4687, 21462
4687, 9496
4687, 16337
4687, 20731
4687, 11044
4687, 21557
4687, 14864
4687, 10935
4687, 14846
4687, 11092
4687, 7963
4687, 20308
4687, 21109
4687, 7356
4687, 23208
4687, 12830
4687, 14536
4687, 17438
4687, 11882
4687, 17945
4687, 19522
12505, 4688
14721, 4688
4688, 10649
18978, 4689
4689, 25248
25428, 4690
4690, 20070
20706, 4691
14005, 4691
8146, 4691
15320, 4691
18035, 4691
4691, 16207
22106, 4692
23534, 4692
18932, 4692
19182, 4692
4692, 22059
16176, 4693
4693, 13760
13893, 4694
4694, 12727
25182, 4695
4695, 12586
10284, 4696
4696, 23260
13102, 4697
7971, 4697
4697, 15312
22988, 4698
4698, 8429
16163, 4699
10865, 4699
4699, 10377
16655, 4700
4700, 10778
19527, 4701
4701, 9316
8086, 4702
4702, 19132
21014, 4703
4703, 8874
4703, 10963
7806, 4704
11284, 4704
4704, 13847
12924, 4705
4705, 7684
23498, 4706
4706, 24197
9260, 4707
4707, 12281
19061, 4708
4708, 8252
4708, 22521
15887, 4709
4709, 22698
15602, 4710
23101, 4710
4710, 25096
11171, 4711
4711, 23469
21709, 4712
4712, 14203
18986, 4713
4713, 7901
21941, 4714
4714, 11047
22811, 4715
4715, 7599
11255, 4716
4716, 17396
13924, 4717
4717, 9993
12322, 4718
4718, 17396
15873, 4719
4719, 15332
4719, 19352
24251, 4720
4720, 8753
15638, 4721
4721, 22359
23768, 4722
4722, 24323
4722, 10384
7350, 4723
4723, 20775
20972, 4724
4724, 14188
8436, 4725
4725, 12397
23399, 4726
4726, 17396
4726, 15620
11226, 4727
4727, 11098
12713, 4728
4728, 17324
14063, 4729
4729, 9099
4729, 21239
19162, 4730
4730, 18923
16692, 4731
4731, 10567
11007, 4732
4732, 11539
18027, 4733
4733, 11854
15155, 4734
4734, 19407
15458, 4735
19702, 4735
4735, 18723
20766, 4736
4736, 21829
10607, 4737
4737, 16712
8790, 4738
4738, 22553
13877, 4739
23182, 4739
4739, 20818
4739, 24724
8412, 4740
4740, 24583
24044, 4741
4741, 7774
16566, 4742
4742, 23060
9948, 4743
4743, 7548
8173, 4744
4744, 11805
18729, 4745
4745, 17587
4745, 13954
12407, 4746
4746, 8988
24489, 4747
4747, 17383
24245, 4748
4748, 19103
22467, 4749
4749, 9548
8086, 4750
4750, 7572
23531, 4751
21702, 4751
16851, 4751
9764, 4751
24012, 4751
15963, 4751
21259, 4751
15808, 4751
7128, 4751
19829, 4751
4751, 17396
17549, 4752
4752, 13120
21330, 4753
4753, 11427
21717, 4754
4754, 23403
16211, 4755
4755, 7385
9769, 4756
4756, 11021
15541, 4757
4757, 16044
12867, 4758
4758, 10666
7770, 4759
4759, 19619
7609, 4760
4760, 9834
13407, 4761
4761, 17205
11837, 4762
4762, 20142
22843, 4763
4763, 21203
4763, 9402
9463, 4764
15329, 4764
9755, 4764
22043, 4764
21661, 4764
15307, 4764
22405, 4764
16740, 4764
19225, 4764
8969, 4764
4764, 15032
9344, 4765
24412, 4765
15525, 4765
22079, 4765
23801, 4765
18893, 4765
12467, 4765
13747, 4765
24811, 4765
16286, 4765
15161, 4765
12871, 4765
17544, 4765
22313, 4765
9674, 4765
21407, 4765
25424, 4765
21520, 4765
7181, 4765
11673, 4765
12692, 4765
15772, 4765
7735, 4765
17451, 4765
11748, 4765
23709, 4765
9588, 4765
11783, 4765
9850, 4765
14250, 4765
13342, 4765
20396, 4765
7866, 4765
25261, 4765
21264, 4765
17744, 4765
18786, 4765
9366, 4765
15526, 4765
13306, 4765
12883, 4765
24020, 4765
25311, 4765
18607, 4765
7471, 4765
18286, 4765
12159, 4765
10861, 4765
16435, 4765
16893, 4765
14266, 4765
19735, 4765
18349, 4765
24690, 4765
14694, 4765
8616, 4765
21195, 4765
19029, 4765
8208, 4765
22768, 4765
13380, 4765
16959, 4765
4765, 11102
12894, 4766
4766, 20938
16874, 4767
4767, 21943
7365, 4768
4768, 19335
23203, 4769
4769, 14178
8086, 4770
4770, 7572
23791, 4771
4771, 12490
4771, 15988
10599, 4772
4772, 8644
13265, 4773
4773, 11755
15231, 4774
4774, 9717
24508, 4775
4775, 22523
20549, 4776
4776, 12849
13947, 4777
23143, 4777
23101, 4777
4777, 22117
17335, 4778
4778, 25197
24871, 4779
4779, 15652
19494, 4780
4780, 22092
21235, 4781
4781, 21597
19032, 4782
4782, 21265
23085, 4783
4783, 21682
24049, 4784
4784, 10400
20393, 4785
4785, 13837
22905, 4786
15994, 4786
4786, 13329
18664, 4787
4787, 18294
4787, 17858
4787, 24668
21188, 4788
11631, 4788
4788, 10086
19730, 4789
4789, 21168
8647, 4790
4790, 23304
12407, 4791
4791, 21656
4791, 11127
20652, 4792
4792, 12280
15997, 4793
4793, 7709
18122, 4794
4794, 8005
4794, 17013
13527, 4795
4795, 23422
9163, 4796
15163, 4796
24764, 4796
18330, 4796
4796, 12723
17277, 4797
9298, 4797
8384, 4797
17562, 4797
7085, 4797
20557, 4797
12024, 4797
10385, 4797
9919, 4797
4797, 11217
8654, 4798
13469, 4798
13232, 4798
13318, 4798
14789, 4798
24224, 4798
10134, 4798
10544, 4798
22267, 4798
18731, 4798
17895, 4798
14539, 4798
10428, 4798
10086, 4798
19190, 4798
8272, 4798
24523, 4798
21807, 4798
11759, 4798
17396, 4798
20775, 4798
18569, 4798
12206, 4798
22635, 4798
11852, 4798
23154, 4798
16727, 4798
4798, 14210
4798, 19724
12407, 4799
4799, 8419
23461, 4800
4800, 9653
17894, 4801
4801, 18389
22113, 4802
4802, 9028
11588, 4803
4803, 8386
20759, 4804
4804, 19776
15296, 4805
4805, 23731
9623, 4806
4806, 18198
8655, 4807
4807, 24353
10058, 4808
11721, 4808
20145, 4808
14905, 4808
23418, 4808
19498, 4808
21239, 4808
7217, 4808
24766, 4808
7261, 4808
16476, 4808
19584, 4808
10242, 4808
10633, 4808
21621, 4808
21620, 4808
15989, 4808
7452, 4808
21604, 4808
18715, 4808
20462, 4808
20228, 4808
12333, 4808
22047, 4808
12259, 4808
10869, 4808
10292, 4808
13278, 4808
24537, 4808
22005, 4808
22333, 4808
19337, 4808
8779, 4808
24575, 4808
15380, 4808
16913, 4808
7525, 4808
22722, 4808
7784, 4808
22731, 4808
4808, 21298
15206, 4809
17308, 4809
12261, 4809
9640, 4809
17853, 4809
24985, 4809
25560, 4809
24743, 4809
4809, 14950
7744, 4810
4810, 14662
10725, 4811
4811, 21284
17958, 4812
4812, 9526
19690, 4813
4813, 22366
12330, 4814
14399, 4814
4814, 13315
21497, 4815
4815, 22914
4815, 14551
4815, 8426
4815, 24125
4815, 12536
18383, 4816
4816, 22976
8914, 4817
4817, 20705
12980, 4818
4818, 14775
19737, 4819
4819, 16005
20143, 4820
4820, 20775
19724, 4821
4821, 22702
19298, 4822
24097, 4822
4822, 21503
11746, 4823
4823, 25306
16812, 4824
4824, 10303
4824, 11435
9809, 4825
4825, 17544
15271, 4826
4826, 14588
23382, 4827
17701, 4827
16575, 4827
23289, 4827
4827, 13886
24018, 4828
4828, 25144
22890, 4829
4829, 16038
13721, 4830
4830, 9345
19876, 4831
12273, 4831
4831, 25248
18664, 4832
4832, 16825
23441, 4833
11482, 4833
4833, 23634
4833, 23299
13439, 4834
4834, 9987
9134, 4835
4835, 12280
12855, 4836
22816, 4836
7191, 4836
4836, 25110
14128, 4837
4837, 15802
18017, 4838
4838, 14904
4838, 25068
17376, 4839
4839, 23419
23976, 4840
4840, 10188
17428, 4841
4841, 8990
19554, 4842
22695, 4842
4842, 21882
23101, 4843
4843, 22169
13536, 4844
4844, 11574
18762, 4845
22306, 4845
19370, 4845
9802, 4845
8795, 4845
21395, 4845
4845, 23149
9335, 4846
4846, 8575
14758, 4847
4847, 18244
11528, 4848
4848, 8395
15170, 4849
4849, 21522
12370, 4850
4850, 25248
22571, 4851
4851, 21174
22585, 4852
17937, 4852
7399, 4852
8238, 4852
12565, 4852
22914, 4852
20740, 4852
14951, 4852
11681, 4852
13647, 4852
23956, 4852
16585, 4852
21789, 4852
21179, 4852
20299, 4852
11739, 4852
7737, 4852
10402, 4852
13931, 4852
4852, 15032
19828, 4853
24510, 4853
4853, 18888
4853, 15137
4853, 12823
4853, 24553
19697, 4854
9632, 4854
17148, 4854
12564, 4854
7094, 4854
18695, 4854
20471, 4854
8962, 4854
17585, 4854
11661, 4854
4854, 16091
19904, 4855
4855, 14802
4855, 20493
16536, 4856
4856, 18775
10796, 4857
4857, 12941
15466, 4858
24521, 4858
4858, 24957
4858, 10656
15016, 4859
4859, 17396
8086, 4860
4860, 7572
7889, 4861
12324, 4861
4861, 16004
4861, 23860
9156, 4862
4862, 13514
25428, 4863
4863, 20070
19061, 4864
4864, 21905
13464, 4865
4865, 8288
14804, 4866
4866, 17219
18780, 4867
4867, 10795
12407, 4868
4868, 12236
15556, 4869
4869, 11133
12465, 4870
4870, 13608
24800, 4871
4871, 8513
21372, 4872
4872, 16774
12509, 4873
4873, 25328
18063, 4874
7417, 4874
4874, 14792
23415, 4875
4875, 14909
10361, 4876
4876, 11143
15881, 4877
4877, 9728
9443, 4878
4878, 8040
23064, 4879
4879, 25443
7692, 4880
4880, 9962
12738, 4881
21770, 4881
4881, 8937
7169, 4882
4882, 22354
13200, 4883
4883, 13318
18664, 4884
4884, 16083
4884, 19720
4884, 17820
10838, 4885
4885, 21011
12510, 4886
4886, 16503
16682, 4887
4887, 13380
18046, 4888
4888, 11866
20717, 4889
4889, 21712
20128, 4890
13029, 4890
4890, 20934
4890, 15620
20755, 4891
4891, 22148
19898, 4892
12282, 4892
4892, 22694
9572, 4893
4893, 23456
15005, 4894
4894, 14633
19724, 4895
4895, 16836
22199, 4896
4896, 17934
14388, 4897
18508, 4897
10650, 4897
10450, 4897
17309, 4897
16376, 4897
17296, 4897
8872, 4897
11660, 4897
19448, 4897
8461, 4897
12992, 4897
21638, 4897
16641, 4897
12926, 4897
18454, 4897
4897, 24165
16543, 4898
4898, 19038
4898, 7541
16290, 4899
4899, 16063
13132, 4900
4900, 15701
11585, 4901
15858, 4901
12356, 4901
11347, 4901
19478, 4901
4901, 24340
10979, 4902
4902, 11988
12263, 4903
12897, 4903
4903, 9033
22713, 4904
4904, 21201
12407, 4905
4905, 14627
9009, 4906
4906, 12571
13246, 4907
4907, 14890
9980, 4908
4908, 22756
8305, 4909
4909, 13899
15236, 4910
4910, 16138
11272, 4911
4911, 23629
4911, 10427
7130, 4912
4912, 10446
18664, 4913
4913, 23686
4913, 22298
12244, 4914
4914, 24775
8086, 4915
4915, 15302
12304, 4916
4916, 18132
12183, 4917
4917, 15397
18465, 4918
4918, 13324
17660, 4919
4919, 18886
9705, 4920
4920, 22049
16045, 4921
4921, 14842
14076, 4922
4922, 22554
8086, 4923
4923, 17760
8868, 4924
4924, 22287
19724, 4925
4925, 22436
14207, 4926
4926, 13756
11770, 4927
4927, 11004
22732, 4928
7176, 4928
8060, 4928
4928, 17580
7470, 4929
4929, 14266
9600, 4930
4930, 17396
23650, 4931
4931, 8906
20629, 4932
4932, 21503
20749, 4933
4933, 23800
14858, 4934
4934, 11187
19951, 4935
4935, 21965
23556, 4936
4936, 25133
11551, 4937
4937, 8633
7721, 4938
4938, 8209
9084, 4939
4939, 17396
15315, 4940
4940, 8985
7995, 4941
9431, 4941
24662, 4941
7354, 4941
25197, 4941
19005, 4941
9056, 4941
14408, 4941
18161, 4941
20129, 4941
7885, 4941
8014, 4941
22651, 4941
10768, 4941
4941, 15032
11750, 4942
4942, 14225
17930, 4943
4943, 7364
8086, 4944
4944, 20613
12407, 4945
4945, 7282
25560, 4946
11006, 4946
17997, 4946
21966, 4946
17074, 4946
4946, 17650
7938, 4947
4947, 14189
19462, 4948
10080, 4948
21475, 4948
4948, 15283
7342, 4949
4949, 15733
19924, 4950
4950, 14828
20883, 4951
4951, 9906
25016, 4952
13570, 4952
22082, 4952
13614, 4952
15142, 4952
4952, 21633
4952, 17396
18729, 4953
4953, 7505
7539, 4954
4954, 11367
15456, 4955
4955, 16599
17153, 4956
4956, 15517
22560, 4957
4957, 10916
17678, 4958
4958, 9547
24162, 4959
4959, 22748
18395, 4960
4960, 21412
18664, 4961
4961, 14327
4961, 16867
4961, 14215
4961, 17511
22375, 4962
4962, 16023
10171, 4963
4963, 16115
4963, 22086
8086, 4964
4964, 7572
8532, 4965
23594, 4965
17775, 4965
10086, 4965
21486, 4965
8766, 4965
11147, 4965
12280, 4965
4965, 25118
4965, 19724
23036, 4966
4966, 8380
25410, 4967
4967, 9735
11186, 4968
4968, 20290
20312, 4969
4969, 14558
20286, 4970
19147, 4970
4970, 20775
16935, 4971
4971, 9140
17429, 4972
4972, 10179
21156, 4973
4973, 24810
16755, 4974
19600, 4974
23441, 4974
21154, 4974
4974, 17854
8173, 4975
4975, 15736
9684, 4976
4976, 19488
21018, 4977
4977, 19926
10237, 4978
20533, 4978
25201, 4978
23427, 4978
16153, 4978
4978, 17396
19459, 4979
4979, 18601
24953, 4980
4980, 25103
20755, 4981
4981, 12884
12407, 4982
4982, 9382
8957, 4983
4983, 23637
4983, 8783
19157, 4984
4984, 15738
13842, 4985
4985, 17396
21102, 4986
20896, 4986
16272, 4986
13061, 4986
20876, 4986
4986, 8950
17335, 4987
4987, 15379
11770, 4988
4988, 14055
12746, 4989
4989, 9841
20316, 4990
4990, 17901
16531, 4991
4991, 20700
13489, 4992
4992, 16048
4992, 24504
15855, 4993
4993, 25121
20420, 4994
4994, 7596
9459, 4995
4995, 8216
22680, 4996
4996, 14903
14199, 4997
4997, 13477
10931, 4998
4998, 9366
12196, 4999
11829, 4999
4999, 12211
19257, 5000
5000, 18138
22830, 5001
5001, 23396
23577, 5002
5002, 20905
15236, 5003
5003, 25155
10909, 5004
17754, 5004
5004, 24007
16039, 5005
5005, 11487
7898, 5006
12848, 5006
5006, 21503
7918, 5007
5007, 16918
20755, 5008
5008, 24053
19724, 5009
5009, 24551
10509, 5010
5010, 24412
19724, 5011
5011, 18479
19724, 5012
5012, 22274
14964, 5013
5013, 8648
15613, 5014
5014, 21823
5014, 20599
13840, 5015
5015, 16028
12407, 5016
5016, 18598
5016, 9382
14078, 5017
5017, 12299
11089, 5018
5018, 22469
19646, 5019
5019, 20522
12551, 5020
5020, 9947
7744, 5021
5021, 10492
19724, 5022
5022, 7777
8116, 5023
5023, 7239
12800, 5024
5024, 12607
21655, 5025
5025, 10532
14887, 5026
5026, 15854
12654, 5027
5027, 10144
10499, 5028
5028, 17943
18663, 5029
5029, 10989
17447, 5030
5030, 15690
7608, 5031
5031, 21344
16823, 5032
5032, 7734
12276, 5033
5033, 9114
19724, 5034
5034, 17257
13195, 5035
5035, 23709
9951, 5036
5036, 19131
9731, 5037
5037, 24400
8093, 5038
5038, 12952
9457, 5039
5039, 22741
25193, 5040
5040, 14720
5040, 18693
5040, 11101
19413, 5041
5041, 12858
15039, 5042
5042, 23231
5042, 20826
18455, 5043
5043, 21179
7686, 5044
5044, 21022
25421, 5045
5045, 17856
8086, 5046
5046, 10975
10167, 5047
7226, 5047
17042, 5047
21649, 5047
11599, 5047
5047, 20566
5047, 8625
5047, 21541
5047, 21054
5047, 23416
5047, 23446
5047, 14026
5047, 19799
5047, 8361
5047, 20954
5047, 20888
5047, 16451
5047, 13728
5047, 24527
9236, 5048
23212, 5048
5048, 12561
5048, 15057
10981, 5049
5049, 8318
18258, 5050
5050, 20775
20799, 5051
5051, 24357
14228, 5052
20027, 5052
20529, 5052
5052, 23007
19724, 5053
5053, 21856
23405, 5054
5054, 10464
12407, 5055
5055, 10666
13550, 5056
5056, 25407
7936, 5057
5057, 17744
17429, 5058
5058, 19815
5058, 12165
5058, 11724
17904, 5059
25242, 5059
7981, 5059
12818, 5059
18229, 5059
20664, 5059
10104, 5059
19087, 5059
5059, 18370
9576, 5060
22325, 5060
5060, 23770
5060, 18645
11044, 5061
15132, 5061
17763, 5061
18622, 5061
20280, 5061
22872, 5061
15498, 5061
21557, 5061
22058, 5061
21815, 5061
21905, 5061
22748, 5061
16512, 5061
19563, 5061
20468, 5061
15975, 5061
9004, 5061
14432, 5061
23632, 5061
21633, 5061
15644, 5061
7908, 5061
22080, 5061
10814, 5061
18473, 5061
10732, 5061
7660, 5061
12691, 5061
21337, 5061
10849, 5061
8683, 5061
11763, 5061
9199, 5061
9394, 5061
9683, 5061
12863, 5061
11533, 5061
15172, 5061
14819, 5061
14846, 5061
17332, 5061
24034, 5061
13657, 5061
14707, 5061
17722, 5061
10831, 5061
16540, 5061
22277, 5061
11894, 5061
14658, 5061
19368, 5061
25493, 5061
20505, 5061
24621, 5061
22608, 5061
11092, 5061
18790, 5061
18549, 5061
22573, 5061
7269, 5061
11755, 5061
17809, 5061
7098, 5061
14586, 5061
15754, 5061
16160, 5061
16976, 5061
12935, 5061
8515, 5061
13497, 5061
10736, 5061
21942, 5061
11870, 5061
25007, 5061
12974, 5061
19497, 5061
9346, 5061
24728, 5061
20520, 5061
16311, 5061
20313, 5061
21424, 5061
12125, 5061
12881, 5061
22852, 5061
14902, 5061
24729, 5061
18279, 5061
11299, 5061
7696, 5061
22340, 5061
11539, 5061
9774, 5061
12171, 5061
12117, 5061
19872, 5061
16915, 5061
20046, 5061
15205, 5061
9209, 5061
12267, 5061
10458, 5061
7113, 5061
9547, 5061
8935, 5061
23377, 5061
23291, 5061
10234, 5061
14400, 5061
13205, 5061
23624, 5061
21794, 5061
17586, 5061
16187, 5061
7427, 5061
10920, 5061
20418, 5061
13315, 5061
20075, 5061
7152, 5061
9862, 5061
10941, 5061
11926, 5061
9586, 5061
10452, 5061
21616, 5061
12561, 5061
15261, 5061
8051, 5061
25433, 5061
7886, 5061
13247, 5061
10086, 5061
14650, 5061
22853, 5061
18071, 5061
19929, 5061
14728, 5061
18476, 5061
17885, 5061
7963, 5061
9348, 5061
7685, 5061
15813, 5061
20545, 5061
12095, 5061
12363, 5061
12521, 5061
24165, 5061
7103, 5061
9718, 5061
23031, 5061
17227, 5061
18013, 5061
7587, 5061
21580, 5061
10172, 5061
11767, 5061
12898, 5061
15622, 5061
25018, 5061
10816, 5061
9703, 5061
21109, 5061
22086, 5061
22860, 5061
15006, 5061
15403, 5061
23008, 5061
15962, 5061
23293, 5061
19334, 5061
19284, 5061
20234, 5061
24364, 5061
22677, 5061
15194, 5061
25225, 5061
14041, 5061
25005, 5061
8526, 5061
20296, 5061
19222, 5061
14718, 5061
20029, 5061
16037, 5061
22620, 5061
16732, 5061
15882, 5061
25248, 5061
24280, 5061
7644, 5061
20642, 5061
8930, 5061
12977, 5061
15262, 5061
19519, 5061
8069, 5061
8243, 5061
14064, 5061
22105, 5061
17266, 5061
18842, 5061
19651, 5061
9646, 5061
8585, 5061
21431, 5061
24390, 5061
22881, 5061
8499, 5061
7829, 5061
24668, 5061
16341, 5061
16727, 5061
12909, 5061
7297, 5061
10057, 5061
16098, 5061
23516, 5061
8192, 5061
8685, 5061
23445, 5061
11832, 5061
8386, 5061
12229, 5061
13620, 5061
16778, 5061
11483, 5061
15284, 5061
17686, 5061
13888, 5061
22500, 5061
13731, 5061
22007, 5061
20001, 5061
20776, 5061
12268, 5061
8998, 5061
17396, 5061
21912, 5061
22409, 5061
18157, 5061
8813, 5061
8541, 5061
14053, 5061
14732, 5061
13974, 5061
25008, 5061
22567, 5061
10095, 5061
8336, 5061
9243, 5061
14470, 5061
12747, 5061
15578, 5061
24872, 5061
10919, 5061
18490, 5061
8284, 5061
11839, 5061
12191, 5061
12762, 5061
12280, 5061
19164, 5061
18535, 5061
23200, 5061
19538, 5061
20775, 5061
17289, 5061
8311, 5061
22069, 5061
12830, 5061
12901, 5061
8024, 5061
14828, 5061
11320, 5061
13687, 5061
25392, 5061
13227, 5061
13832, 5061
11525, 5061
24193, 5061
13763, 5061
9846, 5061
14429, 5061
25370, 5061
9484, 5061
17438, 5061
10502, 5061
21369, 5061
15940, 5061
8617, 5061
20704, 5061
9637, 5061
7371, 5061
21391, 5061
19592, 5061
15305, 5061
15381, 5061
24006, 5061
25534, 5061
7823, 5061
25157, 5061
20265, 5061
23116, 5061
13249, 5061
18949, 5061
11845, 5061
10948, 5061
25098, 5061
17670, 5061
21654, 5061
16776, 5061
19121, 5061
17785, 5061
18238, 5061
21145, 5061
23051, 5061
14133, 5061
8257, 5061
8920, 5061
24634, 5061
7724, 5061
7754, 5061
17952, 5061
17621, 5061
16269, 5061
11502, 5061
15034, 5061
17050, 5061
24749, 5061
19179, 5061
23634, 5061
11885, 5061
10795, 5061
22223, 5061
16043, 5061
10279, 5061
25246, 5061
17134, 5061
10686, 5061
8415, 5061
18039, 5061
5061, 19724
5061, 22317
22735, 5062
5062, 16559
12366, 5063
5063, 15810
25492, 5064
16709, 5064
5064, 8253
21428, 5065
5065, 24475
5065, 18635
22018, 5066
5066, 21685
18789, 5067
5067, 8342
10568, 5068
5068, 10180
13754, 5069
5069, 19076
12407, 5070
5070, 8988
25419, 5071
5071, 14139
24778, 5072
5072, 17908
8086, 5073
5073, 17866
8451, 5074
5074, 14195
20897, 5075
5075, 12132
25076, 5076
5076, 19543
19153, 5077
5077, 7525
13148, 5078
5078, 7269
10630, 5079
13764, 5079
17135, 5079
20859, 5079
5079, 20741
17220, 5080
5080, 8961
17210, 5081
16943, 5081
5081, 23959
19350, 5082
5082, 23726
25303, 5083
20869, 5083
5083, 13278
16668, 5084
5084, 24526
15833, 5085
5085, 25248
24275, 5086
5086, 15749
7816, 5087
5087, 17266
16215, 5088
5088, 20272
8653, 5089
5089, 11015
17335, 5090
5090, 14324
5090, 13713
5090, 18770
5090, 17356
5090, 24494
10883, 5091
5091, 14946
5091, 21924
13047, 5092
5092, 8344
15138, 5093
5093, 21621
21048, 5094
24639, 5094
17454, 5094
23893, 5094
23043, 5094
5094, 17090
12924, 5095
5095, 8108
14576, 5096
5096, 19412
23477, 5097
5097, 18759
22332, 5098
5098, 18212
12971, 5099
5099, 9717
20250, 5100
5100, 19941
16354, 5101
5101, 16209
21742, 5102
5102, 12240
5102, 9118
5102, 21740
18047, 5103
18988, 5103
5103, 8947
7083, 5104
5104, 10967
18193, 5105
5105, 7241
9687, 5106
5106, 16999
20755, 5107
5107, 24698
15039, 5108
5108, 13698
17546, 5109
5109, 13114
15317, 5110
5110, 11460
5110, 25343
10905, 5111
5111, 10854
15476, 5112
5112, 23739
13724, 5113
5113, 24906
7537, 5114
20880, 5114
9404, 5114
20810, 5114
12026, 5114
18115, 5114
11145, 5114
12553, 5114
13112, 5114
22419, 5114
24366, 5114
23778, 5114
17609, 5114
25092, 5114
18809, 5114
11294, 5114
23129, 5114
8329, 5114
15629, 5114
21178, 5114
15728, 5114
9007, 5114
13053, 5114
7431, 5114
16651, 5114
25019, 5114
20094, 5114
10822, 5114
18034, 5114
7923, 5114
22925, 5114
16484, 5114
12657, 5114
17182, 5114
18255, 5114
22736, 5114
12515, 5114
14497, 5114
20606, 5114
20802, 5114
20018, 5114
19874, 5114
7268, 5114
15047, 5114
23345, 5114
15998, 5114
24700, 5114
12598, 5114
7542, 5114
14888, 5114
20165, 5114
7680, 5114
22001, 5114
10489, 5114
23615, 5114
20699, 5114
13124, 5114
17841, 5114
24136, 5114
24717, 5114
23107, 5114
20579, 5114
5114, 12914
16609, 5115
5115, 24787
14100, 5116
10591, 5116
5116, 8708
5116, 15404
5116, 13813
11610, 5117
5117, 24710
17678, 5118
5118, 9321
7249, 5119
8656, 5119
5119, 23341
10051, 5120
5120, 17332
17678, 5121
5121, 17755
5121, 23111
8086, 5122
5122, 7572
9164, 5123
5123, 9706
14124, 5124
18947, 5124
16117, 5124
16427, 5124
5124, 19751
11403, 5125
5125, 17739
15519, 5126
5126, 25261
25193, 5127
5127, 11142
5127, 9556
5127, 22138
5127, 15995
5127, 19729
11871, 5128
5128, 11133
23083, 5129
5129, 20990
12946, 5130
5130, 17396
12407, 5131
5131, 17902
25287, 5132
5132, 9306
12407, 5133
5133, 8901
5133, 24819
18729, 5134
5134, 13078
11534, 5135
5135, 8071
12407, 5136
5136, 13676
7563, 5137
5137, 9109
16162, 5138
5138, 20596
5138, 7184
21151, 5139
5139, 18702
15236, 5140
5140, 14178
18659, 5141
5141, 7099
5141, 9111
5141, 21815
5141, 14902
5141, 12544
23093, 5142
5142, 18083
10408, 5143
7323, 5143
7509, 5143
20720, 5143
5143, 10543
25086, 5144
21294, 5144
18489, 5144
12024, 5144
13997, 5144
20610, 5144
14149, 5144
5144, 11880
14379, 5145
20463, 5145
22763, 5145
5145, 14562
20519, 5146
5146, 8466
5146, 17235
5146, 21059
5146, 22111
17335, 5147
5147, 13194
5147, 22832
19822, 5148
5148, 22470
7252, 5149
7299, 5149
5149, 9182
24909, 5150
23404, 5150
5150, 24007
12924, 5151
5151, 23448
16147, 5152
5152, 21988
14857, 5153
5153, 20775
9347, 5154
5154, 11564
9938, 5155
5155, 22748
12804, 5156
24120, 5156
8472, 5156
5156, 9717
21234, 5157
5157, 18604
8057, 5158
5158, 24322
5158, 12854
21889, 5159
5159, 20514
12835, 5160
5160, 19299
24510, 5161
5161, 7633
21061, 5162
20432, 5162
5162, 16708
21454, 5163
5163, 24345
14325, 5164
5164, 24971
15596, 5165
5165, 19852
10487, 5166
5166, 14531
13604, 5167
21408, 5167
18964, 5167
8894, 5167
19715, 5167
11760, 5167
5167, 9309
25147, 5168
5168, 24280
12543, 5169
5169, 11080
12353, 5170
17318, 5170
16884, 5170
5170, 25498
10089, 5171
5171, 11922
8052, 5172
7624, 5172
23547, 5172
20925, 5172
18665, 5172
5172, 14417
5172, 7626
5172, 22686
5172, 11304
5172, 15135
5172, 15487
5172, 21625
5172, 21278
5172, 22349
5172, 10101
5172, 14955
5172, 15767
5172, 13717
5172, 20264
5172, 11735
5172, 14999
5172, 18876
5172, 9835
5172, 18793
13383, 5173
5173, 11085
20755, 5174
5174, 14229
24581, 5175
8173, 5175
15884, 5175
5175, 16844
14200, 5176
5176, 7287
15007, 5177
5177, 11653
13302, 5178
5178, 8187
22773, 5179
9021, 5179
21791, 5179
16728, 5179
17919, 5179
20884, 5179
12666, 5179
5179, 19323
11392, 5180
5180, 9711
13589, 5181
5181, 16178
14471, 5182
11665, 5182
19436, 5182
11895, 5182
13019, 5182
20674, 5182
11560, 5182
5182, 12280
21221, 5183
18000, 5183
20993, 5183
22256, 5183
13665, 5183
11241, 5183
12852, 5183
19045, 5183
15612, 5183
14733, 5183
12627, 5183
10098, 5183
9934, 5183
23433, 5183
17979, 5183
18863, 5183
17805, 5183
5183, 23157
22459, 5184
5184, 8805
23908, 5185
5185, 16695
25375, 5186
5186, 24349
19724, 5187
5187, 13362
16237, 5188
5188, 7524
22478, 5189
12816, 5189
5189, 11755
19632, 5190
5190, 21505
8509, 5191
5191, 25363
9642, 5192
19483, 5192
21199, 5192
5192, 13243
13060, 5193
5193, 11457
7563, 5194
5194, 8080
21989, 5195
5195, 11755
17113, 5196
5196, 19432
5196, 23627
17983, 5197
5197, 13759
21972, 5198
5198, 15925
12407, 5199
5199, 12058
17678, 5200
5200, 16183
5200, 9825
5200, 12035
5200, 13868
5200, 10169
10609, 5201
5201, 21348
13884, 5202
18534, 5202
5202, 21521
16616, 5203
5203, 7269
13690, 5204
5204, 7125
10509, 5205
5205, 8471
11110, 5206
13738, 5206
5206, 20472
8707, 5207
5207, 17521
8255, 5208
5208, 17744
18788, 5209
7850, 5209
23936, 5209
23684, 5209
10373, 5209
7465, 5209
5209, 19718
19724, 5210
5210, 14300
5210, 7952
12407, 5211
5211, 23352
21995, 5212
5212, 16184
20219, 5213
5213, 10202
11468, 5214
22531, 5214
5214, 23456
15366, 5215
11300, 5215
5215, 23609
20456, 5216
8854, 5216
22172, 5216
20837, 5216
5216, 19440
23898, 5217
5217, 7571
23768, 5218
5218, 24427
5218, 7654
7993, 5219
5219, 18558
19724, 5220
5220, 24090
5220, 15802
24941, 5221
5221, 20400
8883, 5222
5222, 18662
12184, 5223
5223, 19707
5223, 12473
5223, 7546
5223, 9327
5223, 14751
15436, 5224
5224, 7678
12917, 5225
5225, 19294
7707, 5226
5226, 12475
9528, 5227
5227, 24397
15805, 5228
5228, 18231
12924, 5229
5229, 11606
22719, 5230
5230, 17771
7620, 5231
5231, 14586
21839, 5232
12289, 5232
5232, 25243
10403, 5233
5233, 16690
5233, 11907
7080, 5234
5234, 14634
20045, 5235
5235, 11208
14750, 5236
5236, 21539
11348, 5237
5237, 16656
18277, 5238
5238, 10476
8086, 5239
5239, 20815
12419, 5240
5240, 11755
24246, 5241
5241, 9779
7935, 5242
5242, 16348
5242, 13292
14956, 5243
5243, 18054
14398, 5244
5244, 21453
14472, 5245
5245, 7181
12146, 5246
5246, 15786
16455, 5247
16261, 5247
18120, 5247
12777, 5247
14231, 5247
12990, 5247
22555, 5247
5247, 24028
18664, 5248
5248, 25279
5248, 8755
5248, 25341
22449, 5249
5249, 24112
5249, 7317
17041, 5250
5250, 25117
7718, 5251
5251, 17832
24637, 5252
5252, 14531
12924, 5253
5253, 11094
5253, 19060
21995, 5254
5254, 9716
23464, 5255
5255, 20077
21143, 5256
5256, 14390
7468, 5257
5257, 24514
7878, 5258
5258, 22513
8801, 5259
5259, 14075
8447, 5260
8759, 5260
20083, 5260
5260, 17332
19724, 5261
5261, 12833
16415, 5262
5262, 19227
13593, 5263
5263, 22052
15546, 5264
5264, 16020
21697, 5265
5265, 13578
10654, 5266
5266, 23714
25488, 5267
5267, 7994
18606, 5268
5268, 15125
13115, 5269
5269, 12568
20345, 5270
5270, 11046
16416, 5271
5271, 11751
17852, 5272
5272, 12503
5272, 11193
5272, 19041
5272, 8523
5272, 23226
5272, 15267
5272, 13219
5272, 24484
5272, 21670
5272, 22275
5272, 20353
5272, 17359
5272, 14412
5272, 15696
5272, 14554
5272, 12626
5272, 23823
5272, 23849
5272, 25052
5272, 22120
5272, 23619
5272, 18879
5272, 11858
5272, 24891
5272, 11608
5272, 9199
5272, 11092
5272, 9346
5272, 23065
5272, 23031
5272, 14625
5272, 8067
5272, 7644
5272, 8069
5272, 19000
5272, 15677
5272, 11845
5272, 21530
5272, 10948
5272, 11813
5272, 19522
5272, 20492
19724, 5273
5273, 24363
19040, 5274
5274, 14917
5274, 19864
14898, 5275
5275, 9448
12533, 5276
5276, 22661
5276, 24118
12407, 5277
5277, 10184
16430, 5278
5278, 22177
17678, 5279
5279, 9620
5279, 16313
14908, 5280
5280, 14530
9009, 5281
5281, 10496
13076, 5282
5282, 14793
21722, 5283
17512, 5283
20878, 5283
5283, 20775
13245, 5284
5284, 16025
16531, 5285
5285, 22812
15384, 5286
16493, 5286
17006, 5286
11811, 5286
5286, 13642
13690, 5287
5287, 15653
12043, 5288
5288, 25345
25336, 5289
5289, 16175
5289, 19842
5289, 12145
5289, 23915
5289, 20101
5289, 18957
5289, 21795
5289, 15767
5289, 13723
5289, 18824
5289, 18713
5289, 17886
5289, 8105
5289, 20867
5289, 25198
5289, 11903
5289, 14371
17852, 5290
5290, 18147
5290, 23097
5290, 9368
5290, 11283
5290, 9482
5290, 15631
5290, 8638
5290, 23220
5290, 10749
5290, 8732
5290, 12139
5290, 21542
5290, 23230
5290, 11061
5290, 8975
5290, 19034
5290, 13547
5290, 22412
5290, 11790
5290, 9901
5290, 24951
5290, 7751
5290, 15644
5290, 8683
5290, 9883
5290, 20520
5290, 20313
5290, 8402
5290, 7941
5290, 15882
5290, 9857
5290, 15921
5290, 8813
5290, 17361
5290, 8541
5290, 7931
5290, 14053
5290, 14732
5290, 15368
13414, 5291
5291, 8745
5291, 18624
17400, 5292
5292, 13798
15488, 5293
5293, 17829
11200, 5294
5294, 24921
25170, 5295
19688, 5295
5295, 16145
17880, 5296
5296, 20474
21014, 5297
5297, 16938
5297, 19196
5297, 15686
5297, 16309
25548, 5298
5298, 19250
10509, 5299
5299, 20775
22408, 5300
8485, 5300
5300, 18686
25270, 5301
5301, 21179
19061, 5302
5302, 19339
18466, 5303
23458, 5303
5303, 9852
25097, 5304
8219, 5304
14080, 5304
5304, 16158
12924, 5305
5305, 7324
21612, 5306
5306, 23773
23167, 5307
5307, 16977
16026, 5308
23597, 5308
9656, 5308
5308, 22552
24024, 5309
5309, 20934
24155, 5310
5310, 12396
5310, 17031
9693, 5311
5311, 17305
16121, 5312
5312, 9278
5312, 7221
5312, 16708
24049, 5313
5313, 21698
19376, 5314
5314, 13584
10418, 5315
5315, 8375
5315, 10272
5315, 19263
5315, 18582
5315, 12378
23308, 5316
5316, 8964
7109, 5317
5317, 16599
19724, 5318
5318, 21928
24285, 5319
5319, 13301
13071, 5320
5320, 14641
10525, 5321
5321, 19101
12924, 5322
5322, 18926
14821, 5323
5323, 20964
18032, 5324
5324, 25100
12924, 5325
5325, 11713
20755, 5326
5326, 22645
10646, 5327
5327, 11502
15498, 5328
18844, 5328
8884, 5328
22235, 5328
10496, 5328
17800, 5328
14674, 5328
11755, 5328
10288, 5328
20352, 5328
23324, 5328
14630, 5328
19373, 5328
14539, 5328
12229, 5328
10086, 5328
18525, 5328
20486, 5328
7439, 5328
11147, 5328
16987, 5328
13662, 5328
11047, 5328
13412, 5328
11664, 5328
5328, 19724
5328, 15445
18823, 5329
5329, 24690
25200, 5330
17006, 5330
10275, 5330
5330, 12755
8305, 5331
5331, 16983
17082, 5332
17011, 5332
5332, 21851
22817, 5333
5333, 22518
21582, 5334
5334, 11208
24025, 5335
5335, 16598
18616, 5336
5336, 9423
11528, 5337
5337, 24535
22795, 5338
25579, 5338
5338, 17353
14192, 5339
5339, 7150
11151, 5340
5340, 15901
5340, 11207
14406, 5341
5341, 22996
10616, 5342
5342, 19589
18729, 5343
5343, 21902
10379, 5344
12210, 5344
5344, 22998
14308, 5345
5345, 15802
7888, 5346
5346, 22333
15085, 5347
5347, 21020
16407, 5348
5348, 22209
19724, 5349
5349, 16781
10256, 5350
7149, 5350
11605, 5350
19580, 5350
13959, 5350
23865, 5350
5350, 13423
16445, 5351
5351, 8851
22709, 5352
5352, 11670
19229, 5353
5353, 20351
18505, 5354
19876, 5354
5354, 25248
12311, 5355
5355, 24282
17560, 5356
11484, 5356
5356, 14493
14868, 5357
5357, 17578
17678, 5358
5358, 12799
8596, 5359
5359, 15657
20039, 5360
7701, 5360
5360, 25248
5360, 17396
5360, 19322
22746, 5361
5361, 15397
23039, 5362
5362, 23884
7775, 5363
5363, 21668
5363, 7283
22808, 5364
5364, 11562
13300, 5365
5365, 25080
7826, 5366
24923, 5366
11402, 5366
18137, 5366
20490, 5366
23929, 5366
15430, 5366
14332, 5366
5366, 12280
10848, 5367
5367, 9567
19698, 5368
5368, 19663
17335, 5369
5369, 23500
5369, 8849
24983, 5370
13576, 5370
7552, 5370
21166, 5370
24066, 5370
20498, 5370
15633, 5370
25499, 5370
12247, 5370
18856, 5370
24009, 5370
18002, 5370
18451, 5370
23052, 5370
22628, 5370
13552, 5370
20600, 5370
19565, 5370
16816, 5370
10684, 5370
16426, 5370
16174, 5370
23306, 5370
16506, 5370
9368, 5370
11418, 5370
17161, 5370
24413, 5370
9641, 5370
10471, 5370
11283, 5370
17294, 5370
18239, 5370
12781, 5370
7932, 5370
24554, 5370
16577, 5370
11820, 5370
10550, 5370
9482, 5370
18179, 5370
15631, 5370
17149, 5370
8865, 5370
7233, 5370
10772, 5370
7818, 5370
22299, 5370
12181, 5370
12134, 5370
12704, 5370
10661, 5370
23496, 5370
13175, 5370
10056, 5370
12573, 5370
7768, 5370
24396, 5370
17995, 5370
17753, 5370
11779, 5370
19748, 5370
20660, 5370
14153, 5370
11086, 5370
15837, 5370
14101, 5370
18344, 5370
20196, 5370
9093, 5370
16097, 5370
19028, 5370
24212, 5370
19579, 5370
17476, 5370
9083, 5370
10824, 5370
13084, 5370
22249, 5370
13603, 5370
14755, 5370
15982, 5370
24875, 5370
18745, 5370
11538, 5370
23743, 5370
7404, 5370
19276, 5370
13526, 5370
24255, 5370
18483, 5370
19666, 5370
7519, 5370
19289, 5370
15590, 5370
8638, 5370
14990, 5370
15702, 5370
17133, 5370
23838, 5370
17673, 5370
17114, 5370
24601, 5370
17316, 5370
13333, 5370
18376, 5370
18191, 5370
25355, 5370
8473, 5370
24146, 5370
23220, 5370
19136, 5370
17582, 5370
14504, 5370
16507, 5370
7122, 5370
20100, 5370
7361, 5370
19645, 5370
8302, 5370
24272, 5370
23111, 5370
24733, 5370
20879, 5370
15066, 5370
11888, 5370
9752, 5370
9008, 5370
19468, 5370
10749, 5370
19763, 5370
18012, 5370
25519, 5370
17275, 5370
8732, 5370
24904, 5370
16326, 5370
22907, 5370
12139, 5370
7708, 5370
17333, 5370
21400, 5370
7331, 5370
15494, 5370
21734, 5370
24858, 5370
11229, 5370
12091, 5370
9287, 5370
14141, 5370
20744, 5370
16587, 5370
7289, 5370
21550, 5370
13962, 5370
25051, 5370
16492, 5370
13678, 5370
13138, 5370
16598, 5370
24541, 5370
18262, 5370
24555, 5370
9529, 5370
21317, 5370
12198, 5370
21542, 5370
14824, 5370
22869, 5370
23230, 5370
14461, 5370
18070, 5370
14727, 5370
17643, 5370
12802, 5370
21092, 5370
22609, 5370
24654, 5370
23580, 5370
13752, 5370
25441, 5370
8684, 5370
16093, 5370
13017, 5370
11061, 5370
11414, 5370
13839, 5370
16584, 5370
24093, 5370
25143, 5370
11695, 5370
15571, 5370
13944, 5370
17812, 5370
21745, 5370
23179, 5370
14363, 5370
11522, 5370
8975, 5370
7478, 5370
8095, 5370
14895, 5370
24486, 5370
16228, 5370
13363, 5370
19344, 5370
16299, 5370
19525, 5370
7124, 5370
19034, 5370
13547, 5370
15584, 5370
15530, 5370
17818, 5370
23493, 5370
19871, 5370
7432, 5370
9820, 5370
13068, 5370
16883, 5370
14962, 5370
8518, 5370
22412, 5370
7074, 5370
23222, 5370
8372, 5370
17617, 5370
17502, 5370
16379, 5370
20521, 5370
21737, 5370
16085, 5370
19327, 5370
23436, 5370
10871, 5370
7980, 5370
11790, 5370
11901, 5370
12320, 5370
16399, 5370
22586, 5370
21353, 5370
19467, 5370
10828, 5370
10889, 5370
13864, 5370
14372, 5370
12343, 5370
20105, 5370
18413, 5370
9901, 5370
15723, 5370
10710, 5370
11659, 5370
18301, 5370
23082, 5370
12539, 5370
17222, 5370
25259, 5370
9972, 5370
15666, 5370
25523, 5370
10138, 5370
21708, 5370
24715, 5370
21075, 5370
13559, 5370
23836, 5370
21276, 5370
11215, 5370
25435, 5370
21396, 5370
24951, 5370
16594, 5370
14683, 5370
7077, 5370
16254, 5370
13468, 5370
7558, 5370
8181, 5370
15618, 5370
15608, 5370
21115, 5370
16826, 5370
5370, 15032
17450, 5371
5371, 8721
9740, 5372
5372, 21852
14281, 5373
5373, 13159
17335, 5374
5374, 22863
12352, 5375
5375, 22741
12407, 5376
5376, 10012
18471, 5377
5377, 9717
17678, 5378
5378, 18412
13115, 5379
5379, 12568
17653, 5380
5380, 10084
23768, 5381
5381, 10573
9701, 5382
7919, 5382
5382, 17835
12369, 5383
5383, 9813
20147, 5384
5384, 21195
8269, 5385
24039, 5385
5385, 18342
7415, 5386
8006, 5386
15883, 5386
17948, 5386
14216, 5386
5386, 20817
10729, 5387
5387, 24181
11298, 5388
5388, 19012
17429, 5389
5389, 14104
5389, 19110
5389, 17439
5389, 8336
25215, 5390
5390, 13408
14239, 5391
5391, 13016
19724, 5392
5392, 20532
20506, 5393
17358, 5393
7572, 5393
14808, 5393
19628, 5393
12490, 5393
18380, 5393
16946, 5393
17120, 5393
15988, 5393
14783, 5393
18558, 5393
8679, 5393
11810, 5393
19171, 5393
19286, 5393
5393, 11102
11909, 5394
5394, 12002
8687, 5395
5395, 24308
21139, 5396
5396, 21357
16688, 5397
5397, 25248
7477, 5398
5398, 7312
13791, 5399
5399, 20368
12817, 5400
5400, 19602
20807, 5401
5401, 12613
14462, 5402
5402, 12361
22199, 5403
5403, 17934
14806, 5404
5404, 12280
17421, 5405
5405, 25146
19868, 5406
5406, 14780
18748, 5407
5407, 11885
7234, 5408
5408, 8313
22390, 5409
5409, 23911
5409, 13259
5409, 19805
5409, 18922
5409, 25555
19061, 5410
5410, 17104
7433, 5411
22681, 5411
21929, 5411
15459, 5411
12143, 5411
14455, 5411
5411, 10428
25031, 5412
8373, 5412
17164, 5412
16165, 5412
23553, 5412
5412, 19719
9553, 5413
5413, 8004
9780, 5414
5414, 23487
10164, 5415
23254, 5415
5415, 19533
10413, 5416
23218, 5416
5416, 18089
22537, 5417
5417, 20211
17957, 5418
5418, 7147
13305, 5419
15968, 5419
20311, 5419
12375, 5419
24917, 5419
5419, 16708
23280, 5420
5420, 24512
17174, 5421
24725, 5421
10197, 5421
22100, 5421
13596, 5421
8465, 5421
21748, 5421
8999, 5421
17988, 5421
14223, 5421
18485, 5421
10771, 5421
14378, 5421
15047, 5421
16036, 5421
13458, 5421
20176, 5421
21301, 5421
15670, 5421
9207, 5421
17152, 5421
19652, 5421
9411, 5421
11058, 5421
17881, 5421
7767, 5421
23265, 5421
24130, 5421
12033, 5421
13367, 5421
15235, 5421
23115, 5421
10133, 5421
8710, 5421
10521, 5421
5421, 22671
16030, 5422
5422, 14539
9869, 5423
5423, 13063
15524, 5424
5424, 16723
14117, 5425
5425, 18473
13323, 5426
5426, 23603
5426, 17158
5426, 19996
23879, 5427
5427, 18576
11210, 5428
5428, 13493
19724, 5429
5429, 15989
21251, 5430
21261, 5430
13087, 5430
19490, 5430
5430, 24055
5430, 18808
12407, 5431
5431, 24984
7570, 5432
5432, 12243
21060, 5433
5433, 12099
8974, 5434
5434, 16266
24002, 5435
11862, 5435
12257, 5435
9224, 5435
11876, 5435
13718, 5435
8417, 5435
5435, 20009
25216, 5436
13067, 5436
24350, 5436
11625, 5436
19075, 5436
22754, 5436
16694, 5436
8527, 5436
9592, 5436
23533, 5436
14562, 5436
19207, 5436
10432, 5436
12871, 5436
8904, 5436
12293, 5436
23532, 5436
14709, 5436
10411, 5436
25080, 5436
11620, 5436
16859, 5436
9700, 5436
23198, 5436
22469, 5436
17256, 5436
16422, 5436
9588, 5436
24737, 5436
24788, 5436
20522, 5436
8984, 5436
12833, 5436
7736, 5436
21375, 5436
20218, 5436
15652, 5436
15526, 5436
14370, 5436
23806, 5436
13983, 5436
23121, 5436
9110, 5436
21764, 5436
12030, 5436
24690, 5436
18305, 5436
17606, 5436
17813, 5436
16767, 5436
14405, 5436
12090, 5436
12538, 5436
5436, 22239
9282, 5437
5437, 16496
7642, 5438
14340, 5438
13874, 5438
8934, 5438
23999, 5438
18860, 5438
18450, 5438
14787, 5438
17075, 5438
25125, 5438
11206, 5438
5438, 25350
20755, 5439
5439, 11730
18924, 5440
5440, 18723
16285, 5441
5441, 16371
21676, 5442
5442, 20267
15625, 5443
5443, 8388
23216, 5444
11312, 5444
18401, 5444
11146, 5444
5444, 17605
15695, 5445
18475, 5445
5445, 18731
19724, 5446
5446, 22600
5446, 7582
15595, 5447
5447, 11147
11279, 5448
22744, 5448
22806, 5448
5448, 16436
15236, 5449
5449, 13243
19590, 5450
5450, 16558
12407, 5451
5451, 17896
11022, 5452
5452, 16882
11210, 5453
5453, 10316
17718, 5454
5454, 25180
17852, 5455
5455, 20748
5455, 8421
5455, 10249
5455, 19394
5455, 21706
5455, 19345
5455, 13951
5455, 9946
5455, 22401
5455, 10000
5455, 14031
5455, 21480
5455, 17966
5455, 21002
5455, 13395
5455, 12327
5455, 16865
5455, 12384
5455, 9496
5455, 14879
5455, 20012
5455, 20849
5455, 18016
5455, 7307
5455, 18425
5455, 12125
5455, 16915
5455, 7152
5455, 25433
5455, 17885
5455, 10523
5455, 13616
5455, 14122
5455, 13968
5455, 22620
5455, 7453
12407, 5456
5456, 8825
12719, 5457
5457, 24320
8418, 5458
15247, 5458
7490, 5458
14685, 5458
5458, 16200
10510, 5459
5459, 9222
23843, 5460
5460, 10864
23899, 5461
5461, 10718
15361, 5462
5462, 9812
24587, 5463
5463, 7634
8086, 5464
5464, 9566
17108, 5465
5465, 23959
17741, 5466
5466, 14694
12924, 5467
5467, 17802
18980, 5468
5468, 21098
14784, 5469
5469, 16547
16159, 5470
5470, 10774
12031, 5471
12105, 5471
25386, 5471
5471, 17396
7955, 5472
5472, 21610
10551, 5473
5473, 9661
20121, 5474
20073, 5474
21895, 5474
5474, 17691
18813, 5475
5475, 21857
13517, 5476
5476, 9827
19310, 5477
5477, 16133
18812, 5478
5478, 12381
10509, 5479
5479, 11513
23249, 5480
25448, 5480
5480, 8766
13323, 5481
5481, 12889
5481, 8762
10257, 5482
5482, 22784
9705, 5483
5483, 17446
16466, 5484
5484, 14589
5484, 16595
11953, 5485
5485, 25289
20774, 5486
11752, 5486
14629, 5486
17798, 5486
13727, 5486
22716, 5486
25524, 5486
14258, 5486
16180, 5486
13802, 5486
16485, 5486
13123, 5486
5486, 23199
20171, 5487
5487, 21843
18619, 5488
11013, 5488
5488, 11220
21497, 5489
5489, 14488
23009, 5490
5490, 16550
25284, 5491
5491, 19990
10475, 5492
23862, 5492
5492, 22390
19724, 5493
5493, 15592
8821, 5494
12731, 5494
22486, 5494
12793, 5494
21967, 5494
16062, 5494
16757, 5494
24721, 5494
15308, 5494
17822, 5494
13500, 5494
9499, 5494
7096, 5494
5494, 21621
17429, 5495
5495, 25105
15562, 5496
5496, 23678
24510, 5497
5497, 13125
8661, 5498
5498, 14773
23080, 5499
5499, 13295
18729, 5500
5500, 7427
25548, 5501
5501, 19250
17764, 5502
5502, 20483
17852, 5503
5503, 15045
5503, 12819
5503, 20401
5503, 23864
5503, 18310
5503, 21287
5503, 8789
5503, 12177
5503, 8403
5503, 12297
5503, 23949
5503, 18184
5503, 18652
5503, 11044
5503, 14846
5503, 24034
5503, 16549
5503, 22277
5503, 17586
5503, 20418
5503, 21616
5503, 18071
5503, 12521
5503, 21109
5503, 22677
5503, 17686
5503, 22500
5503, 18679
5503, 18077
5503, 13888
5503, 18564
5503, 16778
5503, 21425
5503, 15284
5503, 11483
22046, 5504
5504, 17396
19724, 5505
5505, 23613
13200, 5506
5506, 13318
23113, 5507
5507, 7859
16653, 5508
5508, 13012
10352, 5509
5509, 22230
19994, 5510
5510, 16320
13511, 5511
5511, 10095
22344, 5512
5512, 25059
9169, 5513
5513, 17580
25434, 5514
5514, 8386
8952, 5515
11580, 5515
16128, 5515
16248, 5515
23920, 5515
5515, 11394
19838, 5516
5516, 19904
7791, 5517
5517, 22053
22704, 5518
5518, 24401
20754, 5519
19465, 5519
20411, 5519
10594, 5519
8806, 5519
16586, 5519
9717, 5519
21476, 5519
15188, 5519
8728, 5519
17295, 5519
9762, 5519
16756, 5519
15811, 5519
16613, 5519
21931, 5519
12295, 5519
21946, 5519
17656, 5519
11963, 5519
16316, 5519
24726, 5519
15686, 5519
17502, 5519
23430, 5519
14352, 5519
7953, 5519
12558, 5519
21731, 5519
11103, 5519
24459, 5519
20254, 5519
9584, 5519
21440, 5519
15316, 5519
21105, 5519
18838, 5519
5519, 15032
7926, 5520
5520, 7269
5520, 20126
9650, 5521
5521, 13274
22646, 5522
8658, 5522
12358, 5522
5522, 15563
7772, 5523
5523, 18989
18677, 5524
19405, 5524
20315, 5524
5524, 9726
7897, 5525
20484, 5525
5525, 11806
7293, 5526
5526, 7745
5526, 25028
11714, 5527
13898, 5527
5527, 23673
9819, 5528
5528, 23921
17852, 5529
5529, 7673
5529, 14575
5529, 13576
5529, 7932
5529, 10550
5529, 18179
5529, 10661
5529, 9093
5529, 18191
5529, 8473
5529, 19136
5529, 9287
5529, 13138
5529, 24555
5529, 17643
5529, 22609
5529, 24654
5529, 13752
5529, 16299
5529, 15584
5529, 17818
5529, 23493
5529, 9820
5529, 12320
5529, 11659
5529, 12539
5529, 25259
5529, 24715
5529, 16826
5529, 8698
5529, 14432
5529, 12694
5529, 12863
5529, 15172
5529, 15754
5529, 21942
5529, 22933
5529, 11299
5529, 22853
5529, 16325
5529, 10016
5529, 14041
5529, 22599
5529, 16900
5529, 13731
5529, 20001
5529, 20776
5529, 24038
5529, 22567
5529, 22007
23745, 5530
5530, 9922
5530, 22712
21873, 5531
14361, 5531
12529, 5531
19685, 5531
13204, 5531
18763, 5531
10148, 5531
13250, 5531
23772, 5531
16125, 5531
15365, 5531
5531, 23771
19722, 5532
5532, 18123
25356, 5533
5533, 23292
11698, 5534
24734, 5534
5534, 10449
12264, 5535
5535, 13537
20752, 5536
5536, 17580
9868, 5537
5537, 19290
10581, 5538
5538, 17168
11264, 5539
13499, 5539
5539, 7520
5539, 14508
24510, 5540
5540, 15191
5540, 13949
5540, 13618
9405, 5541
5541, 17396
22708, 5542
10966, 5542
5542, 9891
20946, 5543
5543, 16315
21326, 5544
5544, 21963
17241, 5545
5545, 14982
9072, 5546
5546, 7405
23732, 5547
5547, 17702
24380, 5548
5548, 24603
17335, 5549
5549, 7271
5549, 21202
21641, 5550
5550, 7905
8667, 5551
5551, 17286
13174, 5552
5552, 14539
8193, 5553
5553, 15477
15388, 5554
5554, 17857
12407, 5555
5555, 15801
19724, 5556
5556, 8089
5556, 21790
21619, 5557
5557, 13578
21436, 5558
5558, 7796
16391, 5559
5559, 19299
19724, 5560
5560, 19201
18664, 5561
5561, 14835
9937, 5562
5562, 8272
23652, 5563
5563, 17138
11703, 5564
5564, 14960
23536, 5565
5565, 11847
23573, 5566
18628, 5566
23163, 5566
7867, 5566
12929, 5566
5566, 14559
23365, 5567
5567, 21013
12367, 5568
15052, 5568
15783, 5568
21376, 5568
7887, 5568
12313, 5568
5568, 22789
23575, 5569
5569, 15784
25518, 5570
5570, 9473
14411, 5571
5571, 21877
22141, 5572
5572, 14225
5572, 19299
5572, 16700
20271, 5573
11622, 5573
5573, 18754
17852, 5574
5574, 17109
5574, 24066
5574, 20498
5574, 23052
5574, 19565
5574, 7818
5574, 16097
5574, 19028
5574, 14990
5574, 24601
5574, 19645
5574, 23111
5574, 15066
5574, 21317
5574, 14727
5574, 21745
5574, 7478
5574, 16379
5574, 7980
5574, 10889
5574, 21075
5574, 25435
5574, 19984
5574, 21635
5574, 10849
5574, 24621
5574, 25387
5574, 15813
5574, 9718
5574, 25225
5574, 19517
5574, 12191
5574, 12762
5574, 20845
5574, 11771
5574, 11839
19674, 5575
5575, 9721
23768, 5576
5576, 12934
5576, 14626
18925, 5577
5577, 12416
19724, 5578
5578, 22528
5578, 23020
17335, 5579
5579, 11525
18391, 5580
5580, 17396
8081, 5581
16974, 5581
5581, 25065
13365, 5582
25152, 5582
8025, 5582
5582, 17744
10260, 5583
5583, 16863
5583, 17171
5583, 23624
5583, 16394
5583, 8415
5583, 11177
5583, 10686
8174, 5584
5584, 15449
13252, 5585
5585, 21672
12407, 5586
5586, 9900
9144, 5587
21050, 5587
17354, 5587
10657, 5587
9847, 5587
10426, 5587
24444, 5587
5587, 24390
7419, 5588
5588, 7115
24581, 5589
5589, 13099
24574, 5590
5590, 11216
12146, 5591
5591, 8130
17610, 5592
15253, 5592
22991, 5592
5592, 13784
16071, 5593
21311, 5593
5593, 17202
14762, 5594
5594, 8114
12629, 5595
5595, 15984
22954, 5596
12319, 5596
17347, 5596
8085, 5596
11672, 5596
5596, 18669
5596, 8989
5596, 18415
5596, 15552
5596, 14859
5596, 20466
5596, 24158
24947, 5597
5597, 25248
20143, 5598
5598, 20775
20588, 5599
21743, 5599
17098, 5599
20210, 5599
12765, 5599
14188, 5599
9441, 5599
10202, 5599
10718, 5599
12871, 5599
19199, 5599
23645, 5599
16723, 5599
22198, 5599
21621, 5599
8823, 5599
23918, 5599
22019, 5599
19275, 5599
12823, 5599
8572, 5599
17451, 5599
22170, 5599
13957, 5599
13456, 5599
19537, 5599
19543, 5599
18786, 5599
12099, 5599
10123, 5599
16542, 5599
7566, 5599
9676, 5599
10631, 5599
25155, 5599
14499, 5599
24653, 5599
15274, 5599
8446, 5599
21610, 5599
7219, 5599
14266, 5599
21010, 5599
10258, 5599
17395, 5599
14321, 5599
17538, 5599
21384, 5599
14401, 5599
12228, 5599
5599, 19528
14644, 5600
5600, 21783
19724, 5601
5601, 15157
10434, 5602
19436, 5602
12413, 5602
21479, 5602
14471, 5602
19360, 5602
19461, 5602
7851, 5602
11895, 5602
7949, 5602
10922, 5602
9807, 5602
18627, 5602
12773, 5602
16188, 5602
15265, 5602
21504, 5602
17162, 5602
14423, 5602
22610, 5602
8133, 5602
5602, 12280
17852, 5603
5603, 17931
5603, 14575
5603, 8140
5603, 9482
5603, 13951
5603, 24072
5603, 14492
5603, 13333
5603, 23111
5603, 8732
5603, 14181
5603, 22176
5603, 12453
5603, 13008
5603, 19238
5603, 17611
5603, 20727
5603, 15291
5603, 16401
5603, 24459
5603, 7381
5603, 15857
5603, 16680
5603, 20313
5603, 22933
5603, 25433
5603, 15012
5603, 10515
5603, 7713
5603, 23106
5603, 17686
5603, 19655
5603, 23151
5603, 24294
5603, 19091
5603, 8723
5603, 25383
5603, 10919
5603, 8657
17022, 5604
15806, 5604
5604, 20728
10509, 5605
5605, 10736
24674, 5606
5606, 18532
21753, 5607
5607, 17579
12950, 5608
5608, 19717
16312, 5609
5609, 7390
22602, 5610
5610, 11166
23861, 5611
5611, 25416
13145, 5612
11514, 5612
5612, 24472
20955, 5613
5613, 13159
9705, 5614
5614, 17317
19724, 5615
5615, 23155
20755, 5616
5616, 22845
16060, 5617
5617, 25248
20459, 5618
10142, 5618
5618, 9790
17328, 5619
5619, 7439
9150, 5620
5620, 18336
14341, 5621
5621, 7627
12219, 5622
5622, 11296
8327, 5623
5623, 25418
9989, 5624
5624, 16987
14582, 5625
5625, 22581
15787, 5626
18818, 5626
5626, 23250
14056, 5627
7224, 5627
5627, 14008
18743, 5628
21216, 5628
17762, 5628
12101, 5628
23394, 5628
10978, 5628
11823, 5628
5628, 12701
5628, 19160
5628, 22585
21558, 5629
5629, 19052
22851, 5630
5630, 18971
21465, 5631
21547, 5631
5631, 18442
23656, 5632
12093, 5632
21108, 5632
15717, 5632
5632, 19044
23092, 5633
5633, 18429
15087, 5634
5634, 12883
11007, 5635
5635, 11539
19724, 5636
5636, 12075
20755, 5637
5637, 23542
7893, 5638
5638, 18200
13047, 5639
5639, 16913
12602, 5640
5640, 7778
20621, 5641
5641, 8767
5641, 18916
19818, 5642
5642, 19392
8086, 5643
5643, 19388
17201, 5644
5644, 25153
17720, 5645
5645, 17227
9014, 5646
5646, 10563
18931, 5647
5647, 13710
5647, 11437
5647, 8870
5647, 10102
5647, 15911
5647, 21091
5647, 24712
5647, 10193
5647, 24884
5647, 16828
5647, 9240
5647, 14387
5647, 10458
5647, 23342
5647, 19054
5647, 17173
5647, 10867
5647, 9586
5647, 16702
5647, 15823
5647, 21728
5647, 22697
5647, 23000
5647, 19191
5647, 15966
5647, 20921
5647, 13509
5647, 21581
5647, 16891
5647, 24937
5647, 23164
5647, 19519
5647, 12955
5647, 9374
5647, 9122
5647, 9668
5647, 9233
5647, 24669
5647, 10588
5647, 16339
5647, 13658
5647, 23172
5647, 11169
5647, 22583
5647, 22257
5647, 18850
5647, 14404
5647, 24678
5647, 21711
5647, 24814
15819, 5648
5648, 15478
12284, 5649
5649, 17567
15241, 5650
5650, 9743
7551, 5651
5651, 8168
25193, 5652
5652, 13948
24967, 5653
22685, 5653
5653, 22193
8733, 5654
5654, 17372
17429, 5655
5655, 15986
17043, 5656
5656, 22696
24701, 5657
5657, 14714
9092, 5658
5658, 17882
19061, 5659
5659, 22541
5659, 11103
12186, 5660
5660, 14634
8086, 5661
5661, 16660
8123, 5662
22962, 5662
5662, 8139
7609, 5663
5663, 20434
15471, 5664
5664, 7295
15162, 5665
5665, 24690
24977, 5666
5666, 21474
8021, 5667
5667, 25163
10953, 5668
5668, 15543
10509, 5669
5669, 14413
8634, 5670
22095, 5670
13513, 5670
23950, 5670
5670, 22631
16561, 5671
5671, 14318
24628, 5672
18901, 5672
5672, 7823
25284, 5673
5673, 15101
8237, 5674
5674, 21771
14761, 5675
5675, 20619
15105, 5676
5676, 24059
13518, 5677
5677, 9827
8374, 5678
5678, 9245
9983, 5679
5679, 8416
8345, 5680
5680, 15802
20987, 5681
5681, 7906
12924, 5682
5682, 23734
5682, 22849
17969, 5683
21928, 5683
7232, 5683
13954, 5683
21423, 5683
12271, 5683
24751, 5683
21277, 5683
23111, 5683
15256, 5683
10230, 5683
18801, 5683
8980, 5683
17884, 5683
8912, 5683
19129, 5683
5683, 15032
24662, 5684
13411, 5684
23508, 5684
23783, 5684
19071, 5684
21476, 5684
16217, 5684
21790, 5684
18736, 5684
18390, 5684
16593, 5684
11681, 5684
9249, 5684
16585, 5684
7508, 5684
9024, 5684
24369, 5684
7732, 5684
14217, 5684
21024, 5684
25183, 5684
5684, 15032
22847, 5685
5685, 11547
7630, 5686
5686, 7646
22535, 5687
5687, 25244
5687, 8637
8496, 5688
5688, 7150
18664, 5689
5689, 11799
22160, 5690
5690, 22451
8282, 5691
5691, 9949
7499, 5692
5692, 18589
19172, 5693
17254, 5693
5693, 13903
16296, 5694
9241, 5694
11238, 5694
9730, 5694
11261, 5694
7795, 5694
24015, 5694
18057, 5694
21027, 5694
11295, 5694
16534, 5694
9589, 5694
16195, 5694
16465, 5694
5694, 18013
21889, 5695
5695, 17451
24591, 5696
5696, 15996
17058, 5697
5697, 21424
24510, 5698
5698, 20482
17694, 5699
5699, 14953
11920, 5700
5700, 12206
22682, 5701
20743, 5701
5701, 12405
21680, 5702
5702, 7327
13508, 5703
5703, 10123
8408, 5704
5704, 24192
5704, 25248
22999, 5705
5705, 17351
24356, 5706
5706, 15822
8876, 5707
21485, 5707
5707, 18970
13218, 5708
5708, 10803
13915, 5709
5709, 16443
5709, 13290
5709, 17057
5709, 19534
5709, 13082
11232, 5710
5710, 16439
8086, 5711
5711, 7572
8913, 5712
5712, 10286
20564, 5713
5713, 8031
8225, 5714
5714, 13977
15750, 5715
5715, 9491
20402, 5716
5716, 16542
10545, 5717
5717, 12341
14865, 5718
21514, 5718
21669, 5718
20263, 5718
5718, 23017
15604, 5719
25309, 5719
5719, 9714
5719, 23385
5719, 7954
5719, 16269
19667, 5720
5720, 21544
12407, 5721
5721, 23340
19124, 5722
5722, 16528
19455, 5723
5723, 22748
10370, 5724
5724, 25037
12246, 5725
5725, 18154
19399, 5726
5726, 25073
12407, 5727
5727, 8781
5727, 11127
14485, 5728
5728, 7084
10610, 5729
13654, 5729
5729, 14637
8594, 5730
22417, 5730
5730, 22942
5730, 11923
8897, 5731
5731, 24795
23768, 5732
5732, 22791
5732, 18121
12175, 5733
5733, 15691
7245, 5734
11211, 5734
5734, 14574
16194, 5735
5735, 20562
10600, 5736
5736, 9717
12852, 5737
13848, 5737
8971, 5737
17277, 5737
10539, 5737
21358, 5737
8501, 5737
5737, 23368
18959, 5738
5738, 20775
18524, 5739
5739, 14910
17429, 5740
5740, 11078
5740, 23794
5740, 20299
20558, 5741
5741, 12295
13132, 5742
5742, 14489
14657, 5743
5743, 19523
17315, 5744
5744, 10988
13170, 5745
5745, 19012
7742, 5746
5746, 22694
23088, 5747
5747, 14050
5747, 14889
13372, 5748
5748, 17225
25548, 5749
5749, 19250
22792, 5750
5750, 22517
8086, 5751
5751, 12692
9689, 5752
20167, 5752
17394, 5752
7997, 5752
9136, 5752
5752, 9412
5752, 12984
19724, 5753
5753, 25414
10162, 5754
5754, 16913
19951, 5755
5755, 20434
15957, 5756
5756, 11715
19724, 5757
5757, 7261
22037, 5758
7195, 5758
13216, 5758
11242, 5758
10606, 5758
17893, 5758
14019, 5758
9955, 5758
5758, 11473
5758, 9964
15357, 5759
5759, 13922
17913, 5760
5760, 13451
25001, 5761
5761, 16745
15928, 5762
5762, 21880
22002, 5763
5763, 13166
24838, 5764
5764, 20457
15596, 5765
5765, 19852
19724, 5766
5766, 13425
16548, 5767
14880, 5767
8536, 5767
20417, 5767
14367, 5767
10709, 5767
14739, 5767
20993, 5767
16271, 5767
24657, 5767
25541, 5767
5767, 11603
18729, 5768
5768, 25113
5768, 18021
11588, 5769
5769, 8386
13673, 5770
5770, 17471
8308, 5771
5771, 16574
15815, 5772
18328, 5772
5772, 15432
23511, 5773
5773, 9788
18956, 5774
5774, 24651
19505, 5775
5775, 17024
19724, 5776
5776, 12994
25503, 5777
5777, 19101
22181, 5778
5778, 14015
21219, 5779
5779, 15956
22939, 5780
5780, 22669
11508, 5781
5781, 15543
12832, 5782
5782, 21897
8967, 5783
5783, 14585
16206, 5784
5784, 7717
15293, 5785
5785, 19299
13341, 5786
5786, 15073
9347, 5787
5787, 8347
19724, 5788
5788, 24341
16846, 5789
5789, 22564
13246, 5790
5790, 17883
17335, 5791
5791, 19151
5791, 19971
8086, 5792
5792, 18349
22909, 5793
12174, 5793
5793, 10947
17591, 5794
5794, 22826
17239, 5795
5795, 14266
12924, 5796
5796, 22608
17861, 5797
5797, 21474
13047, 5798
5798, 25311
19724, 5799
5799, 19403
11149, 5800
18545, 5800
5800, 8722
5800, 12786
10478, 5801
13163, 5801
17122, 5801
5801, 15737
13047, 5802
5802, 15583
23618, 5803
17723, 5803
8015, 5803
11939, 5803
24216, 5803
25256, 5803
24085, 5803
18870, 5803
5803, 8574
15273, 5804
5804, 9899
16215, 5805
20641, 5805
5805, 20272
15323, 5806
5806, 19437
13260, 5807
5807, 22740
17429, 5808
5808, 22245
5808, 16043
22042, 5809
20124, 5809
5809, 22422
15972, 5810
5810, 7895
17349, 5811
5811, 13631
12836, 5812
5812, 13311
15748, 5813
5813, 10052
15659, 5814
5814, 8515
15371, 5815
5815, 15089
5815, 9881
5815, 11596
12575, 5816
22982, 5816
5816, 19672
17678, 5817
5817, 16333
5817, 24116
15337, 5818
5818, 16855
10132, 5819
5819, 9486
15462, 5820
5820, 12447
20900, 5821
5821, 21377
24201, 5822
5822, 23422
12677, 5823
5823, 9022
15423, 5824
23520, 5824
5824, 12176
5824, 20229
5824, 21982
5824, 9970
5824, 10906
5824, 7954
5824, 20853
5824, 7174
19760, 5825
5825, 12827
5825, 9174
5825, 23119
5825, 15149
5825, 22493
5825, 12274
5825, 8007
5825, 16381
5825, 23574
5825, 22670
5825, 11772
5825, 23333
5825, 7726
5825, 20771
5825, 21012
5825, 12595
5825, 24091
5825, 10526
5825, 10860
13704, 5826
5826, 14539
12291, 5827
19051, 5827
11855, 5827
14297, 5827
5827, 13227
9635, 5828
22990, 5828
17273, 5828
5828, 7960
17320, 5829
5829, 20644
7875, 5830
5830, 14978
8086, 5831
5831, 16578
19724, 5832
5832, 14040
5832, 17918
23322, 5833
22360, 5833
18656, 5833
11756, 5833
20510, 5833
9859, 5833
5833, 23149
18043, 5834
20610, 5834
14591, 5834
15879, 5834
23957, 5834
19239, 5834
11338, 5834
13901, 5834
22648, 5834
5834, 13957
14874, 5835
5835, 17396
17429, 5836
5836, 10814
17088, 5837
5837, 17299
18288, 5838
5838, 24327
9419, 5839
5839, 11537
18889, 5840
5840, 25329
25029, 5841
17150, 5841
13354, 5841
21887, 5841
15467, 5841
5841, 10288
19724, 5842
5842, 12436
7611, 5843
5843, 11572
12202, 5844
5844, 12741
13420, 5845
5845, 24699
10371, 5846
5846, 18817
19061, 5847
5847, 13912
5847, 10739
19803, 5848
13471, 5848
5848, 8012
11316, 5849
25192, 5849
5849, 16632
10589, 5850
5850, 22612
25561, 5851
7948, 5851
15136, 5851
24385, 5851
12420, 5851
12902, 5851
21315, 5851
16327, 5851
12508, 5851
5851, 20775
5851, 19023
19724, 5852
5852, 11617
11075, 5853
5853, 20204
13369, 5854
24670, 5854
5854, 17396
20548, 5855
5855, 22793
11808, 5856
13748, 5856
5856, 17256
12407, 5857
5857, 18065
17355, 5858
5858, 11172
11956, 5859
5859, 23753
15919, 5860
5860, 16948
21351, 5861
5861, 20898
5861, 10172
16703, 5862
5862, 9862
15903, 5863
5863, 21314
22655, 5864
10120, 5864
5864, 17033
9296, 5865
5865, 13318
9427, 5866
5866, 19858
12407, 5867
5867, 9190
16766, 5868
5868, 7556
16252, 5869
8409, 5869
21015, 5869
5869, 8014
7744, 5870
5870, 10561
13115, 5871
5871, 12568
20304, 5872
5872, 17523
16159, 5873
5873, 13046
23768, 5874
5874, 20951
5874, 23413
5874, 24395
19724, 5875
5875, 22600
25021, 5876
5876, 20775
12597, 5877
5877, 23487
17252, 5878
5878, 22692
20755, 5879
5879, 10128
12750, 5880
5880, 18320
19599, 5881
5881, 9274
19724, 5882
5882, 14183
19043, 5883
5883, 22574
15363, 5884
5884, 24290
23072, 5885
5885, 20588
14218, 5886
7858, 5886
5886, 9345
17688, 5887
14094, 5887
22961, 5887
21448, 5887
18164, 5887
20156, 5887
10436, 5887
12617, 5887
5887, 12280
15217, 5888
12778, 5888
5888, 12056
5888, 20000
5888, 13607
5888, 19193
5888, 23632
5888, 10102
5888, 14274
5888, 16720
5888, 20968
5888, 22877
5888, 22159
5888, 10193
5888, 24884
5888, 24260
5888, 25573
5888, 17984
5888, 17397
5888, 10458
5888, 7113
5888, 11371
5888, 22463
5888, 9734
5888, 9586
5888, 15261
5888, 20085
5888, 14278
5888, 11905
5888, 13509
5888, 23008
5888, 11364
5888, 9775
5888, 17422
5888, 12545
5888, 19519
5888, 9898
5888, 20116
5888, 21065
5888, 19741
5888, 19309
5888, 20151
5888, 8585
5888, 13658
5888, 20737
5888, 22980
5888, 22583
5888, 24678
5888, 9646
5888, 10907
5888, 21711
5888, 15064
12407, 5889
5889, 12434
13666, 5890
5890, 22363
14244, 5891
16783, 5891
25026, 5891
5891, 9695
5891, 17619
5891, 22340
5891, 9107
5891, 24513
5891, 25154
5891, 8617
5891, 18187
11930, 5892
23429, 5892
7651, 5892
5892, 24306
9452, 5893
5893, 21097
14850, 5894
5894, 16694
24567, 5895
5895, 13578
5895, 18059
10556, 5896
5896, 17772
11630, 5897
5897, 19295
23586, 5898
5898, 8633
5898, 11763
13300, 5899
5899, 14983
12549, 5900
5900, 24092
20305, 5901
5901, 21393
18270, 5902
5902, 18519
5902, 22502
19138, 5903
5903, 21262
19724, 5904
5904, 11082
13485, 5905
5905, 19005
10876, 5906
14240, 5906
5906, 17332
18768, 5907
5907, 22250
19061, 5908
5908, 11963
5908, 12558
5908, 24728
11754, 5909
11799, 5909
14891, 5909
17044, 5909
14626, 5909
17405, 5909
9759, 5909
19824, 5909
21790, 5909
21833, 5909
9408, 5909
13761, 5909
24270, 5909
11553, 5909
17479, 5909
21179, 5909
9818, 5909
21596, 5909
15037, 5909
17255, 5909
5909, 15032
21726, 5910
5910, 24834
14280, 5911
5911, 21021
9927, 5912
5912, 11539
20568, 5913
9660, 5913
5913, 15710
12230, 5914
5914, 11259
9597, 5915
5915, 8981
20597, 5916
13481, 5916
5916, 20553
14341, 5917
5917, 21927
7839, 5918
5918, 18230
19001, 5919
5919, 21384
22031, 5920
5920, 7140
12801, 5921
14528, 5921
9541, 5921
19939, 5921
5921, 21789
12981, 5922
19589, 5922
16899, 5922
11755, 5922
12960, 5922
16294, 5922
13385, 5922
24832, 5922
16599, 5922
14450, 5922
11943, 5922
9838, 5922
10875, 5922
5922, 19724
5922, 21782
24992, 5923
5923, 20612
7497, 5924
5924, 10813
21025, 5925
5925, 21693
24525, 5926
5926, 17834
18724, 5927
5927, 16727
13403, 5928
5928, 19233
19724, 5929
5929, 16782
5929, 8058
12128, 5930
22270, 5930
10886, 5930
14648, 5930
20350, 5930
25189, 5930
10210, 5930
14963, 5930
25288, 5930
7482, 5930
7992, 5930
24476, 5930
23332, 5930
7079, 5930
23647, 5930
21775, 5930
21119, 5930
22278, 5930
10308, 5930
20058, 5930
5930, 18723
13413, 5931
5931, 21799
10060, 5932
5932, 7735
22854, 5933
21962, 5933
5933, 10287
10885, 5934
25249, 5934
22606, 5934
14659, 5934
13293, 5934
13722, 5934
22281, 5934
5934, 18013
16473, 5935
18655, 5935
5935, 7347
20122, 5936
5936, 23242
16977, 5937
5937, 22414
5937, 15514
19161, 5938
5938, 10572
15665, 5939
5939, 18837
9015, 5940
5940, 16126
7176, 5941
8842, 5941
5941, 17774
5941, 19299
18646, 5942
5942, 12638
19724, 5943
5943, 9979
8688, 5944
5944, 16467
5944, 14105
8786, 5945
5945, 24955
13601, 5946
5946, 14501
9009, 5947
5947, 25516
8970, 5948
5948, 23193
17962, 5949
14267, 5949
7397, 5949
22266, 5949
8456, 5949
5949, 9596
14357, 5950
22899, 5950
5950, 10813
16468, 5951
5951, 9717
16432, 5952
5952, 12030
25249, 5953
14973, 5953
24509, 5953
25307, 5953
7921, 5953
5953, 17184
5953, 13822
18093, 5954
5954, 14539
10356, 5955
5955, 17396
13452, 5956
5956, 7774
12407, 5957
5957, 10878
10419, 5958
5958, 8951
12767, 5959
17632, 5959
7284, 5959
22336, 5959
22012, 5959
22396, 5959
17380, 5959
11124, 5959
25067, 5959
7235, 5959
5959, 20646
17127, 5960
5960, 25248
24920, 5961
5961, 21682
23768, 5962
5962, 21990
5962, 24152
5962, 21116
19434, 5963
5963, 8424
22657, 5964
5964, 17573
24251, 5965
5965, 7399
20828, 5966
5966, 12765
8704, 5967
21193, 5967
20911, 5967
25257, 5967
15425, 5967
22465, 5967
19561, 5967
9760, 5967
9133, 5967
5967, 16021
8086, 5968
5968, 17159
16215, 5969
5969, 20272
8263, 5970
5970, 9700
23651, 5971
5971, 20872
8086, 5972
5972, 7572
9581, 5973
24295, 5973
17576, 5973
5973, 7385
16497, 5974
5974, 10691
11479, 5975
5975, 21486
18559, 5976
19255, 5976
5976, 25248
14833, 5977
5977, 20712
11298, 5978
5978, 7594
11978, 5979
5979, 21121
23276, 5980
5980, 10269
18614, 5981
5981, 15934
19724, 5982
5982, 21256
22356, 5983
5983, 14049
11003, 5984
16582, 5984
5984, 25048
19724, 5985
5985, 9262
18369, 5986
5986, 12398
25164, 5987
16948, 5987
22058, 5987
16512, 5987
12571, 5987
23170, 5987
19589, 5987
21660, 5987
12548, 5987
24651, 5987
7908, 5987
18473, 5987
9779, 5987
13640, 5987
10635, 5987
23734, 5987
20574, 5987
9569, 5987
11755, 5987
22784, 5987
8338, 5987
12459, 5987
24357, 5987
14779, 5987
10597, 5987
19869, 5987
9926, 5987
14785, 5987
17855, 5987
15442, 5987
14539, 5987
10086, 5987
11688, 5987
9523, 5987
18776, 5987
9914, 5987
14641, 5987
9333, 5987
20157, 5987
11764, 5987
22849, 5987
13856, 5987
17783, 5987
20850, 5987
23638, 5987
19577, 5987
20270, 5987
12061, 5987
20735, 5987
12163, 5987
17396, 5987
12696, 5987
17771, 5987
15954, 5987
20775, 5987
24397, 5987
8859, 5987
22800, 5987
8386, 5987
19023, 5987
19097, 5987
24468, 5987
8030, 5987
17219, 5987
24171, 5987
8982, 5987
21654, 5987
16928, 5987
10311, 5987
11771, 5987
16727, 5987
12280, 5987
15620, 5987
12913, 5987
11080, 5987
24749, 5987
14226, 5987
17640, 5987
12588, 5987
5987, 7738
5987, 19724
10108, 5988
5988, 21915
8607, 5989
5989, 11460
16511, 5990
5990, 17396
10696, 5991
15088, 5991
23518, 5991
22479, 5991
15694, 5991
22565, 5991
8936, 5991
15634, 5991
18527, 5991
10877, 5991
11576, 5991
15540, 5991
24559, 5991
22952, 5991
8070, 5991
21340, 5991
21809, 5991
23320, 5991
17501, 5991
9952, 5991
11725, 5991
18503, 5991
12936, 5991
16189, 5991
15515, 5991
13656, 5991
24801, 5991
11668, 5991
14260, 5991
17868, 5991
16490, 5991
19578, 5991
20681, 5991
10946, 5991
24482, 5991
10621, 5991
18408, 5991
14233, 5991
19521, 5991
12050, 5991
13239, 5991
11454, 5991
24200, 5991
23021, 5991
22588, 5991
24384, 5991
8001, 5991
15326, 5991
17645, 5991
11647, 5991
19194, 5991
7240, 5991
5991, 25148
16588, 5992
5992, 17352
19363, 5993
5993, 20241
21032, 5994
5994, 21267
8613, 5995
5995, 20371
10325, 5996
5996, 18934
9885, 5997
5997, 8924
12407, 5998
5998, 8387
17869, 5999
5999, 21525
5999, 14892
8776, 6000
6000, 11434
12771, 6001
6001, 16928
18694, 6002
6002, 16341
18991, 6003
6003, 18734
18430, 6004
23453, 6004
7474, 6004
24925, 6004
15489, 6004
9878, 6004
6004, 8396
8354, 6005
22073, 6005
24691, 6005
9081, 6005
22343, 6005
6005, 24993
13703, 6006
6006, 7716
11530, 6007
10214, 6007
10019, 6007
6007, 20545
6007, 17532
6007, 17952
19822, 6008
6008, 16601
17828, 6009
6009, 17783
17678, 6010
6010, 24061
6010, 8303
19834, 6011
6011, 23731
21802, 6012
6012, 17396
23183, 6013
9227, 6013
6013, 15440
21765, 6014
6014, 24231
10969, 6015
6015, 7361
17678, 6016
6016, 12718
21640, 6017
6017, 13361
12497, 6018
10576, 6018
11180, 6018
12938, 6018
22918, 6018
20614, 6018
17100, 6018
6018, 24335
13228, 6019
6019, 12227
12534, 6020
6020, 25521
12876, 6021
18296, 6021
24902, 6021
19296, 6021
16991, 6021
17674, 6021
11278, 6021
8394, 6021
23692, 6021
6021, 13957
24833, 6022
6022, 21265
11690, 6023
6023, 9226
21123, 6024
6024, 16122
11298, 6025
6025, 14501
12924, 6026
6026, 22608
6026, 12117
24596, 6027
6027, 19430
18664, 6028
6028, 18419
22089, 6029
6029, 14254
18276, 6030
6030, 21293
24387, 6031
12137, 6031
8760, 6031
6031, 13932
19724, 6032
6032, 14826
16953, 6033
6033, 14134
24576, 6034
6034, 7646
24182, 6035
6035, 9073
6035, 14634
24328, 6036
15113, 6036
13938, 6036
8246, 6036
21847, 6036
6036, 7833
22572, 6037
6037, 24153
17081, 6038
6038, 15222
19724, 6039
6039, 18388
10509, 6040
6040, 22477
19951, 6041
6041, 7525
24276, 6042
6042, 23968
24049, 6043
6043, 14226
14646, 6044
6044, 12195
20014, 6045
6045, 8766
9648, 6046
22898, 6046
22011, 6046
19956, 6046
18963, 6046
6046, 15610
16137, 6047
6047, 11080
23365, 6048
6048, 11344
7078, 6049
6049, 25109
22558, 6050
6050, 13201
21188, 6051
15260, 6051
6051, 10086
13039, 6052
6052, 24980
23834, 6053
6053, 17405
13750, 6054
6054, 13929
18664, 6055
6055, 10437
17482, 6056
6056, 19633
22096, 6057
6057, 14580
15428, 6058
6058, 17432
23101, 6059
6059, 23029
13473, 6060
6060, 11810
23101, 6061
6061, 20048
12078, 6062
6062, 14401
25069, 6063
6063, 13268
6063, 14820
7572, 6064
22354, 6064
24001, 6064
18217, 6064
14768, 6064
24493, 6064
15242, 6064
14178, 6064
17782, 6064
8543, 6064
12930, 6064
22501, 6064
21858, 6064
13646, 6064
18600, 6064
24860, 6064
9305, 6064
24861, 6064
17451, 6064
14594, 6064
8276, 6064
12764, 6064
8061, 6064
18272, 6064
12373, 6064
25191, 6064
13399, 6064
9724, 6064
8040, 6064
21174, 6064
22838, 6064
22554, 6064
22596, 6064
20088, 6064
15830, 6064
21104, 6064
24548, 6064
16178, 6064
7716, 6064
14427, 6064
10181, 6064
13331, 6064
16388, 6064
16578, 6064
21965, 6064
18198, 6064
8637, 6064
6064, 22189
19061, 6065
6065, 11566
6065, 13479
23822, 6066
14861, 6066
19556, 6066
6066, 19877
8035, 6067
6067, 16055
22093, 6068
6068, 21328
19724, 6069
6069, 8197
17627, 6070
6070, 10620
24251, 6071
6071, 16350
12407, 6072
6072, 15977
19559, 6073
6073, 18338
17594, 6074
6074, 20875
16197, 6075
6075, 10504
13048, 6076
6076, 9831
8573, 6077
6077, 18473
10501, 6078
17023, 6078
21347, 6078
11164, 6078
6078, 21406
17678, 6079
6079, 10209
14286, 6080
6080, 21179
22332, 6081
6081, 16363
24777, 6082
6082, 24278
22064, 6083
9690, 6083
23991, 6083
6083, 10911
20507, 6084
6084, 20693
12572, 6085
20477, 6085
6085, 19277
10089, 6086
6086, 16606
7841, 6087
6087, 22621
19683, 6088
6088, 9288
8905, 6089
6089, 12606
23365, 6090
6090, 23358
20701, 6091
6091, 21562
16531, 6092
6092, 25098
11493, 6093
6093, 14812
6093, 18488
16998, 6094
6094, 20616
19910, 6095
6095, 7606
9471, 6096
14947, 6096
12048, 6096
13879, 6096
6096, 13741
23132, 6097
6097, 17227
11374, 6098
6098, 7159
17444, 6099
14345, 6099
6099, 25522
19724, 6100
6100, 13695
25166, 6101
6101, 16583
19915, 6102
6102, 16046
8940, 6103
6103, 8903
6103, 15082
24934, 6104
25176, 6104
6104, 15032
16887, 6105
6105, 20722
7531, 6106
6106, 21845
18690, 6107
6107, 11080
23768, 6108
6108, 20041
20032, 6109
6109, 24548
16159, 6110
6110, 20257
19724, 6111
6111, 12930
18313, 6112
6112, 13032
6112, 19220
19406, 6113
6113, 15457
16069, 6114
6114, 7081
20445, 6115
6115, 22358
19724, 6116
6116, 10503
22495, 6117
6117, 18418
13635, 6118
6118, 10831
12880, 6119
6119, 12355
22811, 6120
6120, 13638
10842, 6121
6121, 9358
23639, 6122
6122, 15496
17335, 6123
6123, 18890
6123, 21608
6123, 16810
7246, 6124
6124, 21127
10238, 6125
6125, 24534
6125, 13402
21188, 6126
21409, 6126
6126, 10086
14579, 6127
15678, 6127
6127, 23837
14486, 6128
6128, 9334
22876, 6129
6129, 9654
12231, 6130
6130, 12223
13476, 6131
6131, 18548
21502, 6132
6132, 7637
8430, 6133
6133, 8605
14288, 6134
20404, 6134
17092, 6134
16800, 6134
19165, 6134
23717, 6134
21673, 6134
22726, 6134
6134, 14988
23464, 6135
6135, 8518
19321, 6136
6136, 9676
7609, 6137
6137, 19391
19189, 6138
6138, 16946
21678, 6139
6139, 7584
23578, 6140
6140, 16614
13156, 6141
6141, 15751
24348, 6142
6142, 15202
18785, 6143
13376, 6143
6143, 10040
10418, 6144
6144, 24439
6144, 7978
6144, 21761
8909, 6145
6145, 11721
12975, 6146
6146, 20801
18325, 6147
6147, 19143
16748, 6148
6148, 20990
11033, 6149
15528, 6149
16164, 6149
20724, 6149
24482, 6149
7240, 6149
25091, 6149
14018, 6149
20779, 6149
24382, 6149
19126, 6149
19835, 6149
10457, 6149
20874, 6149
9465, 6149
19679, 6149
10817, 6149
23148, 6149
17487, 6149
10959, 6149
23281, 6149
22894, 6149
13737, 6149
17169, 6149
9797, 6149
15589, 6149
12944, 6149
11656, 6149
7151, 6149
9678, 6149
24056, 6149
9285, 6149
23494, 6149
7569, 6149
20716, 6149
24518, 6149
9279, 6149
23975, 6149
12100, 6149
21806, 6149
16308, 6149
9543, 6149
13871, 6149
20086, 6149
16921, 6149
6149, 13936
23768, 6150
6150, 8189
6150, 7685
19943, 6151
6151, 10348
13110, 6152
6152, 10119
23245, 6153
6153, 18203
23435, 6154
24584, 6154
20136, 6154
19154, 6154
16172, 6154
19774, 6154
24580, 6154
6154, 12467
24633, 6155
6155, 25501
12407, 6156
6156, 22326
12924, 6157
6157, 9483
6157, 8364
6157, 8108
6157, 7787
23768, 6158
6158, 17621
13047, 6159
6159, 11841
25033, 6160
6160, 7230
10340, 6161
6161, 19749
21863, 6162
6162, 21441
12924, 6163
6163, 20756
6163, 18981
23608, 6164
6164, 16356
18477, 6165
6165, 7278
17449, 6166
6166, 24578
16531, 6167
23768, 6167
17678, 6167
6167, 7719
6167, 24259
6167, 15664
6167, 21529
8190, 6168
10381, 6168
21695, 6168
6168, 17332
9230, 6169
6169, 23190
9558, 6170
9062, 6170
24936, 6170
19223, 6170
8706, 6170
13157, 6170
17939, 6170
11068, 6170
23351, 6170
14682, 6170
6170, 14405
7999, 6171
6171, 8851
19549, 6172
10246, 6172
6172, 17396
15416, 6173
6173, 15195
11366, 6174
6174, 25248
20831, 6175
6175, 23897
20355, 6176
6176, 18189
22145, 6177
6177, 22127
24109, 6178
6178, 21304
20499, 6179
6179, 23246
9497, 6180
6180, 23430
22232, 6181
6181, 21968
13130, 6182
6182, 8368
23768, 6183
6183, 7545
20227, 6184
14333, 6184
13862, 6184
20292, 6184
6184, 17396
19061, 6185
6185, 23073
6185, 19745
12885, 6186
16185, 6186
18751, 6186
6186, 17933
6186, 25271
6186, 14437
6186, 17506
6186, 13021
6186, 7670
6186, 15402
6186, 25578
11037, 6187
14818, 6187
24409, 6187
19607, 6187
11423, 6187
11500, 6187
24714, 6187
15431, 6187
7175, 6187
6187, 23487
9520, 6188
19089, 6188
6188, 14815
9147, 6189
6189, 10202
24389, 6190
13220, 6190
16922, 6190
6190, 12562
9989, 6191
6191, 10441
7761, 6192
6192, 7358
16531, 6193
6193, 17199
20892, 6194
6194, 12795
6194, 11680
10392, 6195
6195, 10367
6195, 9314
14670, 6196
6196, 14634
10043, 6197
6197, 8531
10285, 6198
20783, 6198
8816, 6198
18773, 6198
17189, 6198
19253, 6198
15612, 6198
14830, 6198
6198, 11029
16478, 6199
6199, 7564
11665, 6200
8133, 6200
8545, 6200
9807, 6200
19932, 6200
9303, 6200
16460, 6200
15844, 6200
13019, 6200
19104, 6200
15265, 6200
6200, 12280
13047, 6201
6201, 10861
18714, 6202
6202, 7972
23925, 6203
6203, 12092
22498, 6204
6204, 20138
15344, 6205
18540, 6205
23187, 6205
6205, 9387
8802, 6206
24803, 6206
22640, 6206
22155, 6206
11247, 6206
17964, 6206
20503, 6206
18586, 6206
8796, 6206
7240, 6206
11550, 6206
14924, 6206
21274, 6206
12874, 6206
7449, 6206
7820, 6206
18942, 6206
21112, 6206
24213, 6206
15178, 6206
24550, 6206
24214, 6206
21345, 6206
24454, 6206
7942, 6206
13918, 6206
15771, 6206
14535, 6206
19836, 6206
14930, 6206
9874, 6206
22917, 6206
12344, 6206
21780, 6206
19881, 6206
21218, 6206
18698, 6206
19482, 6206
8206, 6206
14452, 6206
8379, 6206
15348, 6206
15275, 6206
21681, 6206
11081, 6206
6206, 17325
13788, 6207
6207, 22592
18266, 6208
6208, 24019
15800, 6209
6209, 22705
8498, 6210
22304, 6210
6210, 17111
13797, 6211
6211, 22651
7609, 6212
6212, 21965
16159, 6213
6213, 17136
8223, 6214
6214, 22669
17381, 6215
6215, 12783
15774, 6216
21215, 6216
6216, 10938
23101, 6217
6217, 17396
18498, 6218
6218, 20293
17833, 6219
6219, 25392
19724, 6220
6220, 12178
13047, 6221
6221, 15583
6221, 16913
11731, 6222
6222, 13904
12055, 6223
6223, 15009
14006, 6224
6224, 11755
10689, 6225
6225, 24163
8086, 6226
6226, 13281
19828, 6227
6227, 23325
6227, 17729
6227, 11320
12407, 6228
6228, 20630
22332, 6229
6229, 14677
8086, 6230
6230, 23504
23946, 6231
6231, 19062
24063, 6232
6232, 11807
15942, 6233
6233, 18625
6233, 14903
22811, 6234
6234, 14175
14491, 6235
6235, 7626
6235, 22686
6235, 13546
6235, 16259
6235, 16628
6235, 14654
6235, 12277
6235, 15767
6235, 20274
6235, 14334
6235, 22774
6235, 20980
6235, 15209
6235, 18640
7576, 6236
6236, 7290
11331, 6237
6237, 12783
23768, 6238
6238, 21928
6238, 7232
6238, 10276
9053, 6239
6239, 13434
9458, 6240
6240, 12229
20528, 6241
21138, 6241
6241, 23018
6241, 22872
6241, 21325
6241, 18416
6241, 25526
6241, 20443
6241, 24759
6241, 20328
6241, 7098
6241, 12974
6241, 13773
6241, 17326
6241, 24138
6241, 13910
6241, 11118
6241, 15269
6241, 13551
6241, 14718
6241, 20029
6241, 7813
6241, 15688
6241, 14429
6241, 8218
6241, 10713
6241, 21501
6241, 13763
6241, 24193
6241, 22409
6241, 9846
6241, 14790
6241, 25370
6241, 21886
6241, 24859
19174, 6242
13177, 6242
6242, 18264
9205, 6243
6243, 7663
22402, 6244
6244, 24752
12924, 6245
6245, 20270
12407, 6246
6246, 9785
12407, 6247
6247, 24210
16634, 6248
17468, 6248
6248, 20234
23276, 6249
6249, 17396
15378, 6250
6250, 15510
20194, 6251
6251, 10802
22811, 6252
6252, 20926
17852, 6253
6253, 10980
6253, 9469
6253, 23379
6253, 17849
6253, 21949
6253, 23744
6253, 18079
6253, 24212
6253, 18176
6253, 20186
6253, 13603
6253, 16613
6253, 25052
6253, 11061
6253, 21914
6253, 24726
6253, 9820
6253, 13264
6253, 20080
6253, 10187
6253, 10710
6253, 13064
6253, 17973
6253, 7558
6253, 11608
6253, 12267
6253, 16900
6253, 13933
6253, 20001
6253, 15248
6253, 12762
6253, 14732
6253, 15368
6253, 17115
6253, 11839
12711, 6254
6254, 8561
24251, 6255
6255, 8753
16469, 6256
6256, 11080
12317, 6257
6257, 18886
14726, 6258
12475, 6258
12397, 6258
12178, 6258
7777, 6258
13993, 6258
7798, 6258
18431, 6258
11940, 6258
17784, 6258
25446, 6258
9097, 6258
19766, 6258
24288, 6258
9381, 6258
12914, 6258
12432, 6258
22471, 6258
19473, 6258
14759, 6258
15751, 6258
7522, 6258
14809, 6258
23535, 6258
20138, 6258
15083, 6258
21925, 6258
16008, 6258
12630, 6258
20890, 6258
15642, 6258
15679, 6258
7527, 6258
19012, 6258
21832, 6258
23771, 6258
25146, 6258
22148, 6258
14426, 6258
18246, 6258
7272, 6258
15827, 6258
18989, 6258
24946, 6258
11498, 6258
21133, 6258
16595, 6258
11216, 6258
22063, 6258
17352, 6258
16200, 6258
6258, 11102
8622, 6259
6259, 7387
16853, 6260
6260, 8441
8086, 6261
6261, 23923
15454, 6262
14315, 6262
6262, 16727
24736, 6263
6263, 7259
17274, 6264
6264, 24020
18247, 6265
6265, 17396
11305, 6266
6266, 10547
19724, 6267
6267, 7733
23176, 6268
6268, 22468
8352, 6269
24636, 6269
16894, 6269
6269, 22652
17607, 6270
6270, 7725
11282, 6271
8750, 6271
7881, 6271
9294, 6271
6271, 23675
16531, 6272
6272, 24088
8141, 6273
6273, 8857
15176, 6274
6274, 14539
7638, 6275
11906, 6275
6275, 15853
21959, 6276
6276, 22223
22811, 6277
6277, 13638
20019, 6278
6278, 10233
16738, 6279
6279, 11589
17724, 6280
6280, 7112
21478, 6281
6281, 18950
17852, 6282
6282, 8523
6282, 20489
6282, 15791
6282, 15472
6282, 24807
6282, 7818
6282, 8709
6282, 15573
6282, 11036
6282, 9762
6282, 25165
6282, 22609
6282, 10247
6282, 9893
6282, 16878
6282, 24631
6282, 22412
6282, 14352
6282, 17704
6282, 13026
6282, 17193
6282, 19796
6282, 24621
6282, 19000
6282, 12535
6282, 13393
6282, 19517
6282, 12715
6282, 22886
6282, 25512
6282, 11525
18623, 6283
22390, 6283
6283, 9508
6283, 20038
6283, 19443
6283, 8919
6283, 24765
11290, 6284
6284, 15674
10399, 6285
6285, 23806
6285, 12586
6285, 23285
17581, 6286
6286, 18992
22875, 6287
6287, 15369
16301, 6288
7589, 6288
6288, 14146
23423, 6289
6289, 11478
25187, 6290
9941, 6290
6290, 20904
8908, 6291
6291, 13795
22598, 6292
8378, 6292
7757, 6292
7311, 6292
25174, 6292
9537, 6292
19463, 6292
14126, 6292
6292, 8215
6292, 23595
6292, 18557
13809, 6293
6293, 13045
8775, 6294
6294, 23722
8926, 6295
6295, 14707
13047, 6296
6296, 16913
9945, 6297
6297, 13294
22218, 6298
6298, 20505
19061, 6299
16531, 6299
6299, 11629
6299, 17044
6299, 9408
6299, 24270
6299, 8966
22208, 6300
6300, 19067
14500, 6301
6301, 25359
6301, 15848
19314, 6302
19371, 6302
6302, 19252
13325, 6303
6303, 7855
19828, 6304
6304, 13299
11582, 6305
6305, 16086
19724, 6306
6306, 15184
10596, 6307
6307, 14121
12676, 6308
6308, 9170
12407, 6309
6309, 25296
25193, 6310
6310, 23358
6310, 17170
6310, 9265
24230, 6311
6311, 25224
13771, 6312
6312, 21352
14911, 6313
6313, 11220
6313, 11763
18993, 6314
6314, 22499
24823, 6315
6315, 23876
18453, 6316
6316, 13694
8958, 6317
6317, 11940
22119, 6318
6318, 14934
24522, 6319
6319, 17706
6319, 12688
6319, 24945
13246, 6320
6320, 19428
19346, 6321
6321, 21431
20576, 6322
6322, 17396
19061, 6323
6323, 15723
20239, 6324
6324, 24447
13270, 6325
6325, 14290
24106, 6326
6326, 21571
18614, 6327
6327, 15583
21081, 6328
6328, 16624
8202, 6329
11657, 6329
22605, 6329
19452, 6329
24528, 6329
6329, 15660
24403, 6330
6330, 23749
23768, 6331
6331, 7500
6331, 11199
6331, 14059
6331, 15617
16974, 6332
6332, 12706
22137, 6333
6333, 19081
6333, 22760
6333, 22052
6333, 17577
6333, 22561
6333, 15448
6333, 7536
6333, 13310
6333, 17434
6333, 13154
6333, 19404
6333, 15078
6333, 15056
6333, 19895
6333, 24753
6333, 18167
6333, 21185
6333, 11781
6333, 9229
6333, 10801
6333, 8665
6333, 24041
6333, 18653
6333, 11104
6333, 22787
6333, 17628
6333, 16406
6333, 8852
6333, 7939
6333, 25202
6333, 9630
6333, 11038
6333, 23751
6333, 11014
6333, 12910
6333, 7965
6333, 14730
6333, 12943
6333, 15561
6333, 7382
6333, 20279
6333, 8793
6333, 9455
6333, 24318
6333, 18675
6333, 21019
6333, 12973
6333, 9328
6333, 16447
6333, 7860
6333, 7755
6333, 10895
6333, 23361
6333, 12519
6333, 13858
6333, 13104
6333, 10614
6333, 7398
6333, 14958
6333, 11002
6333, 23661
6333, 24965
6333, 13466
6333, 15709
6333, 17264
6333, 23376
6333, 15329
6333, 12044
6333, 23256
6333, 7730
6333, 19470
6333, 13317
6333, 10500
6333, 21721
6333, 8011
6333, 22496
6333, 22405
6333, 17563
6333, 20710
6333, 11373
6333, 9162
6333, 14884
6333, 20485
6333, 19885
6333, 15743
6333, 19958
6333, 21634
6333, 20438
6333, 23199
23101, 6334
6334, 13519
21413, 6335
15726, 6335
6335, 9714
10612, 6336
6336, 19602
10467, 6337
6337, 10945
9677, 6338
6338, 10506
24483, 6339
6339, 13669
14283, 6340
6340, 16167
24458, 6341
6341, 7269
6341, 13451
19828, 6342
6342, 17271
6342, 13385
11303, 6343
22083, 6343
21575, 6343
10140, 6343
8629, 6343
17172, 6343
12494, 6343
6343, 24222
6343, 11977
6343, 20639
9189, 6344
6344, 21105
6344, 11996
22151, 6345
6345, 15932
21752, 6346
6346, 7646
16807, 6347
6347, 14807
14827, 6348
19875, 6348
6348, 11755
20208, 6349
6349, 9253
14013, 6350
6350, 14266
16477, 6351
6351, 11115
19724, 6352
6352, 12019
16129, 6353
6353, 18478
14230, 6354
6354, 16440
13258, 6355
6355, 10311
22143, 6356
18883, 6356
11444, 6356
9123, 6356
6356, 16228
19724, 6357
6357, 24341
10734, 6358
6358, 18549
19077, 6359
6359, 19742
19724, 6360
6360, 9514
18729, 6361
6361, 17938
15237, 6362
6362, 16302
7617, 6363
6363, 7803
24649, 6364
6364, 14948
23027, 6365
6365, 21691
23001, 6366
6366, 7689
17348, 6367
6367, 9087
21874, 6368
6368, 13585
15836, 6369
15511, 6369
21426, 6369
23126, 6369
18127, 6369
21070, 6369
22839, 6369
18491, 6369
23826, 6369
13861, 6369
17207, 6369
19419, 6369
24773, 6369
6369, 10111
11060, 6370
19883, 6370
6370, 24360
20797, 6371
6371, 20571
14526, 6372
6372, 12538
6372, 16679
20552, 6373
6373, 8267
24890, 6374
6374, 8317
6374, 14757
12407, 6375
6375, 21466
10310, 6376
6376, 23723
11860, 6377
6377, 18885
19061, 6378
6378, 16058
12716, 6379
6379, 7378
9610, 6380
6380, 8411
11363, 6381
8525, 6381
6381, 25054
8090, 6382
6382, 10286
19724, 6383
6383, 10578
8976, 6384
17079, 6384
6384, 8038
8086, 6385
6385, 17866
9663, 6386
6386, 20089
23677, 6387
6387, 8515
20962, 6388
6388, 22949
18318, 6389
19268, 6389
6389, 8727
6389, 10239
6389, 19817
6389, 19079
6389, 20559
6389, 18995
17499, 6390
6390, 20890
15234, 6391
6391, 15518
11707, 6392
11368, 6392
13785, 6392
6392, 24435
20686, 6393
6393, 25469
6393, 7479
6393, 10253
12628, 6394
6394, 7443
15446, 6395
6395, 14707
16461, 6396
6396, 19900
15745, 6397
6397, 11449
23451, 6398
6398, 14948
12084, 6399
18831, 6399
6399, 18159
21306, 6400
6400, 7336
13437, 6401
11669, 6401
6401, 16386
6401, 12893
7846, 6402
6402, 24350
9467, 6403
21930, 6403
6403, 15370
18067, 6404
6404, 10075
21074, 6405
6405, 14266
8086, 6406
6406, 8008
12457, 6407
6407, 7912
14618, 6408
7628, 6408
6408, 11825
6408, 7967
17335, 6409
18664, 6409
6409, 12006
6409, 13540
11975, 6410
6410, 17600
8826, 6411
6411, 10786
12719, 6412
6412, 15739
15680, 6413
6413, 19670
21814, 6414
6414, 16919
8173, 6415
6415, 24575
12924, 6416
6416, 9560
12097, 6417
15930, 6417
6417, 10165
24645, 6418
6418, 22070
9185, 6419
14635, 6419
18739, 6419
6419, 18852
24251, 6420
6420, 8753
19724, 6421
6421, 7832
22811, 6422
6422, 22171
21017, 6423
6423, 13702
25020, 6424
9839, 6424
18037, 6424
14752, 6424
13978, 6424
6424, 19408
22199, 6425
6425, 17934
7383, 6426
6426, 24602
23365, 6427
6427, 18693
12924, 6428
6428, 21337
10509, 6429
6429, 24515
19724, 6430
6430, 14420
20547, 6431
6431, 19976
8702, 6432
6432, 18893
17929, 6433
6433, 20340
12491, 6434
6434, 16751
22813, 6435
6435, 20775
24887, 6436
6436, 11949
10299, 6437
6437, 8830
23454, 6438
6438, 19574
24140, 6439
6439, 16171
17427, 6440
6440, 15804
25428, 6441
6441, 14503
8009, 6442
6442, 22596
10383, 6443
6443, 20775
24976, 6444
6444, 12164
17335, 6445
6445, 10582
20757, 6446
6446, 13497
20798, 6447
6447, 10074
25495, 6448
6448, 12373
22732, 6449
12096, 6449
23062, 6449
6449, 17755
6449, 19562
19724, 6450
6450, 14431
23727, 6451
6451, 16249
6451, 24693
14716, 6452
6452, 7190
16159, 6453
6453, 7845
12970, 6454
6454, 20981
22452, 6455
6455, 9045
13430, 6456
6456, 12306
6456, 9720
6456, 13645
6456, 9695
6456, 9117
6456, 20067
6456, 20707
6456, 11376
6456, 15414
6456, 9209
6456, 24452
6456, 18259
6456, 8690
6456, 12977
6456, 17034
6456, 24006
6456, 25534
6456, 15381
6456, 23503
6456, 12047
6456, 17747
6456, 16734
20755, 6457
6457, 11777
24915, 6458
6458, 24986
15999, 6459
6459, 18352
17429, 6460
6460, 10502
16450, 6461
6461, 22026
6461, 20791
9986, 6462
6462, 23530
9545, 6463
6463, 25248
14675, 6464
6464, 22380
12924, 6465
6465, 17014
22468, 6466
6466, 13448
6466, 10930
6466, 14513
6466, 19380
18341, 6467
6467, 11621
23757, 6468
6468, 20036
23081, 6469
21835, 6469
13225, 6469
20108, 6469
21402, 6469
17259, 6469
14165, 6469
23658, 6469
18911, 6469
17613, 6469
15434, 6469
21883, 6469
11209, 6469
20778, 6469
8294, 6469
6469, 20178
24792, 6470
6470, 22491
10571, 6471
6471, 7251
19828, 6472
6472, 12430
6472, 22526
6472, 18021
17568, 6473
21272, 6473
6473, 12280
11512, 6474
6474, 17332
24618, 6475
6475, 9468
14253, 6476
14760, 6476
6476, 16751
22862, 6477
6477, 13578
12838, 6478
6478, 24007
21689, 6479
6479, 13067
6479, 15526
12670, 6480
6480, 24818
21049, 6481
6481, 20210
18074, 6482
13981, 6482
10615, 6482
12537, 6482
21209, 6482
6482, 19369
8086, 6483
6483, 17451
7922, 6484
6484, 17890
21599, 6485
6485, 13384
17154, 6486
6486, 21244
12028, 6487
6487, 10007
6487, 20391
14906, 6488
6488, 12871
19504, 6489
24720, 6489
6489, 23056
6489, 20509
8353, 6490
6490, 22451
20011, 6491
6491, 14845
25502, 6492
6492, 8859
13132, 6493
6493, 25452
12527, 6494
6494, 10793
13446, 6495
6495, 9378
12220, 6496
6496, 17580
23696, 6497
6497, 15730
10067, 6498
19283, 6498
22202, 6498
6498, 24420
25428, 6499
6499, 22668
21933, 6500
6500, 23646
6500, 20775
17429, 6501
6501, 16721
6501, 8271
6501, 16340
14933, 6502
6502, 16020
19604, 6503
6503, 9518
24131, 6504
6504, 17396
19724, 6505
6505, 8551
17335, 6506
6506, 23856
25140, 6507
20192, 6507
6507, 20125
21165, 6508
6508, 24983
6508, 25499
6508, 20600
6508, 11418
6508, 12704
6508, 15837
6508, 11538
6508, 18483
6508, 15590
6508, 17133
6508, 23838
6508, 17582
6508, 14504
6508, 20100
6508, 18012
6508, 25519
6508, 7331
6508, 20744
6508, 8684
6508, 7124
6508, 17502
6508, 20521
6508, 16085
6508, 22586
6508, 13864
6508, 17222
6508, 9972
6508, 10138
6508, 13559
6508, 21276
14191, 6509
6509, 25366
9393, 6510
6510, 17344
10048, 6511
6511, 22722
7486, 6512
21228, 6512
6512, 23033
6512, 20702
20137, 6513
23775, 6513
6513, 17384
14703, 6514
6514, 22757
15021, 6515
6515, 16113
12732, 6516
12471, 6516
9765, 6516
23687, 6516
7265, 6516
11623, 6516
6516, 13392
13091, 6517
6517, 15753
15372, 6518
6518, 22906
21859, 6519
6519, 16727
18664, 6520
6520, 8119
23567, 6521
6521, 16109
7353, 6522
6522, 11787
25490, 6523
6523, 10387
7800, 6524
21551, 6524
21030, 6524
21840, 6524
15304, 6524
6524, 12280
17409, 6525
6525, 25292
9509, 6526
21180, 6526
20760, 6526
6526, 10780
8322, 6527
6527, 19790
21524, 6528
6528, 10904
14546, 6529
24545, 6529
22816, 6529
6529, 10483
20750, 6530
6530, 8112
17678, 6531
6531, 14805
13716, 6532
6532, 10664
12589, 6533
6533, 24287
24792, 6534
6534, 21481
23621, 6535
6535, 10914
13890, 6536
6536, 10226
18664, 6537
6537, 19261
6537, 11738
19724, 6538
6538, 8134
6538, 20414
18152, 6539
6539, 17396
14806, 6540
6540, 12280
20212, 6541
6541, 9235
9638, 6542
6542, 12899
24367, 6543
6543, 21098
9031, 6544
6544, 8406
24374, 6545
11699, 6545
19969, 6545
6545, 18473
24344, 6546
7263, 6546
24195, 6546
13705, 6546
6546, 17396
7605, 6547
6547, 9792
6547, 10873
6547, 24428
9705, 6548
6548, 11567
15036, 6549
21870, 6549
6549, 10441
9532, 6550
6550, 12008
12924, 6551
6551, 11094
12481, 6552
6552, 18844
20336, 6553
6553, 7662
11108, 6554
6554, 13983
8229, 6555
7510, 6555
15310, 6555
20592, 6555
6555, 16663
25010, 6556
6556, 16558
21756, 6557
6557, 9120
8086, 6558
6558, 21313
22390, 6559
24449, 6559
9267, 6559
6559, 12013
6559, 7710
6559, 21594
6559, 19813
8157, 6560
6560, 17417
20755, 6561
6561, 22413
20690, 6562
6562, 13759
14639, 6563
6563, 17895
16140, 6564
10096, 6564
14206, 6564
6564, 13168
6564, 23038
6564, 20654
6564, 10366
6564, 25581
6564, 7092
23101, 6565
6565, 24253
8137, 6566
6566, 7899
6566, 24325
6566, 18578
6566, 13982
6566, 17590
10992, 6567
21752, 6567
6567, 23779
21146, 6568
22185, 6568
12959, 6568
17141, 6568
23101, 6568
6568, 10799
21937, 6569
6569, 9988
7761, 6570
6570, 7629
22048, 6571
6571, 14266
23839, 6572
19177, 6572
25168, 6572
14631, 6572
16948, 6572
13847, 6572
7751, 6572
16100, 6572
16797, 6572
12571, 6572
24651, 6572
21633, 6572
12249, 6572
24224, 6572
22147, 6572
17332, 6572
16679, 6572
20539, 6572
15433, 6572
20622, 6572
18425, 6572
20630, 6572
7596, 6572
7269, 6572
10212, 6572
21098, 6572
11475, 6572
17014, 6572
15610, 6572
8781, 6572
17514, 6572
18885, 6572
9774, 6572
19059, 6572
9721, 6572
23959, 6572
24821, 6572
23194, 6572
8910, 6572
10147, 6572
18381, 6572
7855, 6572
20966, 6572
21008, 6572
17832, 6572
24360, 6572
17227, 6572
7587, 6572
10209, 6572
16858, 6572
12893, 6572
13007, 6572
17783, 6572
17802, 6572
17705, 6572
19894, 6572
23870, 6572
23821, 6572
25248, 6572
24280, 6572
21323, 6572
23926, 6572
20904, 6572
14916, 6572
17396, 6572
19430, 6572
18225, 6572
21818, 6572
19322, 6572
12834, 6572
14548, 6572
13299, 6572
20775, 6572
12606, 6572
8386, 6572
10559, 6572
20995, 6572
14458, 6572
18569, 6572
21503, 6572
7378, 6572
7190, 6572
16070, 6572
15333, 6572
14322, 6572
13779, 6572
24685, 6572
9815, 6572
13658, 6572
24101, 6572
13868, 6572
18009, 6572
21425, 6572
20527, 6572
15617, 6572
24724, 6572
13498, 6572
25413, 6572
19279, 6572
16896, 6572
22188, 6572
16727, 6572
12280, 6572
15620, 6572
11080, 6572
17115, 6572
21365, 6572
18723, 6572
20492, 6572
10565, 6572
6572, 9220
6572, 19724
24837, 6573
6573, 22911
20143, 6574
6574, 20775
23591, 6575
21855, 6575
6575, 23931
17429, 6576
6576, 8087
8086, 6577
6577, 17076
12167, 6578
21786, 6578
6578, 25572
19724, 6579
6579, 16836
16414, 6580
13668, 6580
20984, 6580
6580, 7281
10509, 6581
6581, 13249
10136, 6582
6582, 13497
23489, 6583
6583, 11783
16502, 6584
6584, 10996
15522, 6585
6585, 18746
22329, 6586
6586, 18504
12924, 6587
6587, 11094
6587, 19060
14438, 6588
6588, 20844
14319, 6589
17128, 6589
8548, 6589
6589, 11029
23696, 6590
6590, 23813
18269, 6591
6591, 17756
23640, 6592
6592, 21318
19566, 6593
6593, 12280
23024, 6594
6594, 23700
6594, 23501
6594, 16274
6594, 13000
6594, 7391
6594, 19830
6594, 25004
6594, 8538
6594, 21779
6594, 16488
6594, 22244
6594, 15115
24519, 6595
21871, 6595
14350, 6595
13318, 6595
21137, 6595
18473, 6595
24224, 6595
17305, 6595
11755, 6595
14287, 6595
13932, 6595
15475, 6595
17418, 6595
16294, 6595
20310, 6595
19373, 6595
10086, 6595
18478, 6595
16987, 6595
10163, 6595
12163, 6595
8279, 6595
17396, 6595
21816, 6595
19749, 6595
25516, 6595
19635, 6595
12280, 6595
15660, 6595
22381, 6595
8972, 6595
6595, 19724
6595, 9112
19724, 6596
6596, 18246
6596, 18935
8315, 6597
6597, 14707
16616, 6598
6598, 7269
11480, 6599
6599, 7385
14469, 6600
6600, 18701
14382, 6601
6601, 19473
12924, 6602
6602, 20756
14941, 6603
6603, 14634
8756, 6604
6604, 15802
8086, 6605
6605, 11419
15542, 6606
6606, 19299
7568, 6607
6607, 12293
24525, 6608
6608, 20381
9492, 6609
6609, 7643
24589, 6610
6610, 11763
9622, 6611
6611, 14623
10382, 6612
6612, 11074
23612, 6613
6613, 12021
19724, 6614
6614, 21177
16305, 6615
6615, 17396
10116, 6616
6616, 9587
8908, 6617
6617, 11786
18474, 6618
6618, 8386
15794, 6619
6619, 16335
10151, 6620
6620, 14541
16349, 6621
6621, 9206
13428, 6622
6622, 21010
10971, 6623
6623, 22855
16159, 6624
6624, 10248
19096, 6625
21220, 6625
24918, 6625
15765, 6625
9196, 6625
13441, 6625
16018, 6625
6625, 7134
20755, 6626
6626, 12336
16975, 6627
6627, 24651
8900, 6628
6628, 13120
10018, 6629
6629, 15204
12924, 6630
6630, 17855
6630, 23926
6630, 8108
19724, 6631
6631, 8954
25406, 6632
6632, 19541
9217, 6633
8504, 6633
14564, 6633
6633, 12131
6633, 10637
6633, 23495
6633, 23915
6633, 13284
6633, 21428
6633, 22365
6633, 8007
6633, 7101
6633, 7937
6633, 17431
6633, 20087
6633, 19057
6633, 7100
6633, 18640
6633, 24527
13058, 6634
6634, 23227
21373, 6635
12663, 6635
6635, 9135
6635, 24360
6635, 7297
18729, 6636
6636, 14881
22739, 6637
6637, 16442
23623, 6638
6638, 20775
23868, 6639
6639, 20382
14069, 6640
6640, 22390
24510, 6641
6641, 11548
6641, 18804
6641, 23437
16985, 6642
6642, 18692
17091, 6643
6643, 17105
14996, 6644
6644, 22308
15236, 6645
6645, 24739
10777, 6646
6646, 23854
18910, 6647
6647, 12332
8376, 6648
20591, 6648
14194, 6648
19880, 6648
21689, 6648
20215, 6648
13927, 6648
8864, 6648
24524, 6648
6648, 24445
19724, 6649
6649, 8700
19550, 6650
6650, 8636
13565, 6651
6651, 23490
12407, 6652
6652, 9307
14483, 6653
6653, 17396
24104, 6654
6654, 14152
12347, 6655
6655, 15798
15661, 6656
6656, 23243
14102, 6657
8404, 6657
14440, 6657
12425, 6657
6657, 23116
12407, 6658
6658, 24008
7316, 6659
6659, 15194
19724, 6660
6660, 14002
6660, 17132
10527, 6661
6661, 22430
23768, 6662
6662, 15606
22390, 6663
6663, 8888
6663, 9263
6663, 17559
6663, 8564
6663, 22816
10874, 6664
6664, 24532
21247, 6665
11627, 6665
6665, 15620
16672, 6666
6666, 10250
23492, 6667
6667, 24058
16531, 6668
6668, 9838
10061, 6669
6669, 14088
8086, 6670
6670, 17076
10537, 6671
6671, 19840
7683, 6672
6672, 10452
20978, 6673
6673, 9860
6673, 8752
18729, 6674
6674, 16979
16589, 6675
12912, 6675
6675, 20943
21432, 6676
6676, 14082
16159, 6677
6677, 24672
14741, 6678
6678, 15165
22948, 6679
6679, 23309
9729, 6680
13722, 6680
18730, 6680
17322, 6680
10939, 6680
25181, 6680
15061, 6680
8385, 6680
6680, 19782
12577, 6681
6681, 7259
16635, 6682
19913, 6682
7170, 6682
6682, 17452
6682, 7422
6682, 10192
6682, 22755
6682, 23604
6682, 12004
6682, 12029
6682, 7894
6682, 14380
16060, 6683
6683, 25248
14695, 6684
6684, 8239
23344, 6685
6685, 14110
6685, 22727
6685, 25255
6685, 19271
6685, 9911
6685, 16080
11528, 6686
6686, 23871
8086, 6687
6687, 17451
17335, 6688
6688, 15159
6688, 18394
6688, 9529
6688, 20882
6688, 10397
22534, 6689
6689, 13578
17375, 6690
6690, 10314
8729, 6691
6691, 24460
8977, 6692
6692, 15790
19692, 6693
18798, 6693
6693, 25248
11908, 6694
6694, 20582
22514, 6695
6695, 22669
16159, 6696
6696, 10639
13692, 6697
6697, 9274
16531, 6698
6698, 22003
6698, 20903
6698, 19068
24510, 6699
6699, 21224
6699, 16336
9251, 6700
19202, 6700
6700, 22852
7441, 6701
8142, 6701
6701, 9345
19221, 6702
6702, 14539
21385, 6703
6703, 7223
22884, 6704
6704, 22748
14115, 6705
6705, 21424
19724, 6706
6706, 18305
16531, 6707
6707, 7985
6707, 18156
7497, 6708
6708, 20657
12924, 6709
6709, 25371
23550, 6710
11834, 6710
18902, 6710
21609, 6710
20198, 6710
12371, 6710
11994, 6710
14417, 6710
22052, 6710
7626, 6710
24284, 6710
22686, 6710
14189, 6710
18667, 6710
12718, 6710
21201, 6710
10386, 6710
19351, 6710
24962, 6710
11581, 6710
12336, 6710
10678, 6710
11304, 6710
22192, 6710
8026, 6710
17465, 6710
23355, 6710
10219, 6710
8125, 6710
13546, 6710
7827, 6710
25286, 6710
16259, 6710
23549, 6710
14039, 6710
7853, 6710
16627, 6710
13531, 6710
15487, 6710
15397, 6710
14782, 6710
16763, 6710
18212, 6710
23500, 6710
18632, 6710
14668, 6710
16628, 6710
14457, 6710
14826, 6710
21625, 6710
16600, 6710
12492, 6710
13421, 6710
24290, 6710
21955, 6710
11004, 6710
8405, 6710
17755, 6710
18311, 6710
23964, 6710
11119, 6710
22518, 6710
25103, 6710
21278, 6710
16724, 6710
9372, 6710
22349, 6710
22314, 6710
13323, 6710
8552, 6710
12416, 6710
10534, 6710
11225, 6710
14654, 6710
11447, 6710
12550, 6710
12066, 6710
15932, 6710
21979, 6710
22468, 6710
24810, 6710
22981, 6710
8258, 6710
14348, 6710
16954, 6710
23033, 6710
12277, 6710
10101, 6710
20172, 6710
13726, 6710
16545, 6710
14955, 6710
15978, 6710
10483, 6710
16614, 6710
20534, 6710
20233, 6710
10807, 6710
7965, 6710
17676, 6710
13579, 6710
20986, 6710
15767, 6710
16183, 6710
17293, 6710
22248, 6710
17700, 6710
25449, 6710
25036, 6710
22177, 6710
20274, 6710
14334, 6710
18608, 6710
9495, 6710
7395, 6710
21363, 6710
11257, 6710
10916, 6710
13930, 6710
7303, 6710
15863, 6710
14998, 6710
23911, 6710
19320, 6710
11735, 6710
14305, 6710
7996, 6710
12683, 6710
19247, 6710
11487, 6710
24437, 6710
16919, 6710
20226, 6710
24336, 6710
8101, 6710
15853, 6710
16885, 6710
8159, 6710
22774, 6710
7622, 6710
23161, 6710
8699, 6710
17265, 6710
10231, 6710
18562, 6710
13291, 6710
25000, 6710
22386, 6710
20980, 6710
18895, 6710
15187, 6710
25163, 6710
8849, 6710
22377, 6710
8117, 6710
16737, 6710
15782, 6710
22339, 6710
11547, 6710
19640, 6710
15340, 6710
10938, 6710
22880, 6710
25445, 6710
10882, 6710
16219, 6710
18876, 6710
20841, 6710
16687, 6710
15209, 6710
18189, 6710
12255, 6710
9835, 6710
19681, 6710
23764, 6710
10802, 6710
18640, 6710
18793, 6710
20635, 6710
9103, 6710
9444, 6710
22053, 6710
17566, 6710
13661, 6710
13206, 6710
22462, 6710
13572, 6710
7914, 6710
6710, 18368
25543, 6711
21223, 6711
6711, 8689
16382, 6712
8749, 6712
6712, 17465
19938, 6713
6713, 9170
25335, 6714
19694, 6714
6714, 7216
19724, 6715
6715, 10837
21231, 6716
6716, 19164
15321, 6717
6717, 20605
11321, 6718
13463, 6718
16317, 6718
11325, 6718
22134, 6718
21368, 6718
13286, 6718
8359, 6718
17296, 6718
8132, 6718
12226, 6718
16719, 6718
11516, 6718
13643, 6718
18226, 6718
6718, 17396
23768, 6719
6719, 25576
10442, 6720
6720, 17098
6720, 15274
12594, 6721
10866, 6721
20566, 6721
12010, 6721
20112, 6721
11065, 6721
21451, 6721
8964, 6721
19904, 6721
8625, 6721
9754, 6721
18147, 6721
12421, 6721
7626, 6721
8411, 6721
18342, 6721
14862, 6721
12503, 6721
21201, 6721
7673, 6721
24353, 6721
15616, 6721
22027, 6721
24368, 6721
16083, 6721
21541, 6721
12359, 6721
12648, 6721
19086, 6721
22892, 6721
20617, 6721
25348, 6721
21054, 6721
8947, 6721
13546, 6721
15135, 6721
21132, 6721
10180, 6721
15461, 6721
13531, 6721
11988, 6721
13837, 6721
16657, 6721
18834, 6721
15397, 6721
8990, 6721
24222, 6721
17137, 6721
24852, 6721
7092, 6721
20748, 6721
15788, 6721
22857, 6721
18418, 6721
20553, 6721
14950, 6721
23416, 6721
16745, 6721
19809, 6721
24433, 6721
16782, 6721
10950, 6721
24768, 6721
24534, 6721
23446, 6721
25467, 6721
21636, 6721
24453, 6721
10448, 6721
21304, 6721
12381, 6721
9050, 6721
14026, 6721
24139, 6721
19799, 6721
11193, 6721
22513, 6721
18957, 6721
22541, 6721
14575, 6721
15102, 6721
22349, 6721
10786, 6721
13323, 6721
15045, 6721
8361, 6721
8763, 6721
12116, 6721
12281, 6721
19201, 6721
21412, 6721
14538, 6721
13180, 6721
21177, 6721
21632, 6721
24203, 6721
8421, 6721
14628, 6721
22168, 6721
22390, 6721
17109, 6721
9561, 6721
22078, 6721
11874, 6721
19985, 6721
19743, 6721
8950, 6721
20954, 6721
24647, 6721
15621, 6721
18888, 6721
15563, 6721
8145, 6721
24427, 6721
17244, 6721
16086, 6721
19355, 6721
8477, 6721
17857, 6721
15767, 6721
19041, 6721
21159, 6721
23046, 6721
13339, 6721
18357, 6721
8523, 6721
10850, 6721
14139, 6721
21171, 6721
15417, 6721
22425, 6721
10913, 6721
8804, 6721
12173, 6721
13717, 6721
20264, 6721
7372, 6721
24069, 6721
8769, 6721
13043, 6721
9288, 6721
15552, 6721
9232, 6721
11621, 6721
15137, 6721
13929, 6721
18323, 6721
12683, 6721
20888, 6721
23226, 6721
11854, 6721
17351, 6721
22974, 6721
21981, 6721
22775, 6721
9158, 6721
18871, 6721
11496, 6721
10645, 6721
21031, 6721
15373, 6721
22373, 6721
24226, 6721
7622, 6721
19673, 6721
24592, 6721
7238, 6721
9316, 6721
23379, 6721
12614, 6721
23097, 6721
14999, 6721
14446, 6721
10249, 6721
16940, 6721
20656, 6721
10938, 6721
24578, 6721
16451, 6721
21406, 6721
11365, 6721
12301, 6721
13728, 6721
11945, 6721
14529, 6721
13402, 6721
20253, 6721
12008, 6721
12013, 6721
24527, 6721
18264, 6721
8838, 6721
22053, 6721
19107, 6721
7505, 6721
11869, 6721
6721, 20863
21421, 6722
6722, 14926
19724, 6723
6723, 12406
19724, 6724
6724, 15802
10218, 6725
6725, 22888
21226, 6726
6726, 16598
8324, 6727
16620, 6727
9827, 6727
20951, 6727
21307, 6727
9717, 6727
20343, 6727
14381, 6727
19824, 6727
23413, 6727
10763, 6727
7306, 6727
7579, 6727
22473, 6727
7358, 6727
9971, 6727
7218, 6727
24395, 6727
23472, 6727
6727, 15032
7082, 6728
6728, 21469
18340, 6729
6729, 21282
17188, 6730
22470, 6730
25240, 6730
7572, 6730
10007, 6730
10769, 6730
12948, 6730
17751, 6730
18119, 6730
10897, 6730
8231, 6730
10030, 6730
22901, 6730
18006, 6730
11658, 6730
13408, 6730
24600, 6730
15179, 6730
10547, 6730
15739, 6730
16288, 6730
10012, 6730
13587, 6730
18854, 6730
8080, 6730
19457, 6730
18320, 6730
17388, 6730
11648, 6730
16675, 6730
14040, 6730
11654, 6730
16063, 6730
22777, 6730
16601, 6730
6730, 11102
12999, 6731
6731, 14684
13561, 6732
6732, 17538
20799, 6733
6733, 13213
7214, 6734
6734, 22333
6734, 23327
17859, 6735
6735, 23785
18010, 6736
6736, 8616
11755, 6737
15143, 6737
8331, 6737
17396, 6737
6737, 17778
6737, 19724
10265, 6738
6738, 25312
18664, 6739
24510, 6739
6739, 11391
6739, 23177
19399, 6740
6740, 23883
23235, 6741
11510, 6741
6741, 15412
25193, 6742
6742, 11581
24506, 6743
6743, 22211
25254, 6744
6744, 16890
6744, 15727
24067, 6745
6745, 14012
18218, 6746
16989, 6746
6746, 18470
14985, 6747
8997, 6747
6747, 23215
7288, 6748
6748, 23753
22875, 6749
6749, 12483
6749, 15569
17010, 6750
6750, 17378
17892, 6751
6751, 18887
18664, 6752
17678, 6752
6752, 22342
9121, 6753
6753, 10950
9223, 6754
6754, 17396
16400, 6755
6755, 14178
7753, 6756
6756, 20310
17039, 6757
6757, 17624
23372, 6758
24973, 6758
6758, 25138
20143, 6759
6759, 20775
8250, 6760
6760, 11589
18135, 6761
6761, 24300
22021, 6762
6762, 24998
14612, 6763
25231, 6763
6763, 15111
23337, 6764
6764, 18192
15907, 6765
6765, 24842
15614, 6766
6766, 20160
21822, 6767
6767, 24537
24663, 6768
6768, 7913
9271, 6769
6769, 21104
24835, 6770
23005, 6770
21285, 6770
8890, 6770
6770, 15166
6770, 7526
6770, 25131
12298, 6771
21538, 6771
6771, 22934
6771, 12114
6771, 23736
23442, 6772
19415, 6772
8281, 6772
11398, 6772
20188, 6772
18797, 6772
20298, 6772
6772, 12131
6772, 24656
6772, 16179
6772, 8803
6772, 22365
6772, 16763
6772, 13128
6772, 16220
6772, 22297
6772, 22866
6772, 15681
6772, 14180
6772, 18984
6772, 15683
6772, 24392
6772, 13043
6772, 20519
6772, 13999
15780, 6773
6773, 21621
9009, 6774
6774, 12571
10137, 6775
6775, 16585
20437, 6776
11491, 6776
6776, 13679
10509, 6777
6777, 10736
25327, 6778
6778, 14178
6778, 17624
22246, 6779
6779, 20775
18131, 6780
6780, 8671
7338, 6781
6781, 17961
14065, 6782
6782, 14305
9435, 6783
6783, 9413
23024, 6784
6784, 22025
17208, 6785
6785, 13337
18729, 6786
17429, 6786
6786, 7305
6786, 13254
6786, 18021
6786, 23746
14256, 6787
6787, 18136
19395, 6788
6788, 20775
12407, 6789
6789, 9382
10208, 6790
8578, 6790
6790, 17332
17910, 6791
13031, 6791
6791, 24662
9868, 6792
6792, 25476
22229, 6793
17191, 6793
6793, 15973
18216, 6794
6794, 13819
9237, 6795
6795, 17389
13594, 6796
6796, 9717
24854, 6797
6797, 20775
6797, 19781
24096, 6798
6798, 10131
10342, 6799
23101, 6799
6799, 15560
18359, 6800
6800, 7407
16159, 6801
6801, 23467
22959, 6802
6802, 17711
19291, 6803
6803, 14942
23996, 6804
10531, 6804
7545, 6804
9717, 6804
23173, 6804
10783, 6804
16333, 6804
13647, 6804
21210, 6804
13822, 6804
21789, 6804
23682, 6804
24383, 6804
12888, 6804
22654, 6804
14563, 6804
24116, 6804
16530, 6804
6804, 15032
23828, 6805
6805, 12554
14197, 6806
6806, 18190
14528, 6807
18064, 6807
12039, 6807
6807, 21789
6807, 24939
6807, 8016
8050, 6808
6808, 18703
15236, 6809
6809, 25194
12518, 6810
6810, 9675
19724, 6811
6811, 14027
11890, 6812
6812, 12806
15236, 6813
6813, 16542
19724, 6814
6814, 12326
17335, 6815
6815, 21613
12407, 6816
6816, 8387
21964, 6817
6817, 17270
8020, 6818
11702, 6818
6818, 11755
24510, 6819
6819, 12193
22487, 6820
6820, 20886
18603, 6821
13979, 6821
6821, 13451
11404, 6822
9135, 6822
10326, 6822
21882, 6822
20395, 6822
11395, 6822
21969, 6822
22283, 6822
20184, 6822
9022, 6822
19270, 6822
9222, 6822
16136, 6822
23378, 6822
14175, 6822
10486, 6822
21521, 6822
21335, 6822
11027, 6822
23457, 6822
22331, 6822
24181, 6822
11141, 6822
19877, 6822
20881, 6822
18504, 6822
21344, 6822
10918, 6822
10864, 6822
8724, 6822
14893, 6822
15835, 6822
9300, 6822
7962, 6822
20211, 6822
18542, 6822
7793, 6822
12000, 6822
20070, 6822
8200, 6822
11308, 6822
20178, 6822
18022, 6822
17146, 6822
17744, 6822
12076, 6822
24472, 6822
21295, 6822
25123, 6822
21243, 6822
15920, 6822
12258, 6822
11818, 6822
19442, 6822
14705, 6822
19879, 6822
17599, 6822
8636, 6822
11342, 6822
22878, 6822
19299, 6822
7637, 6822
13772, 6822
25002, 6822
10349, 6822
8922, 6822
18005, 6822
20713, 6822
19076, 6822
16602, 6822
11603, 6822
25484, 6822
24303, 6822
21965, 6822
17999, 6822
7273, 6822
15165, 6822
11992, 6822
20625, 6822
6822, 11102
11183, 6823
6823, 22759
19711, 6824
6824, 24939
19204, 6825
6825, 12613
17852, 6826
6826, 16533
6826, 20401
6826, 19453
6826, 24413
6826, 10997
6826, 24679
6826, 22184
6826, 20927
6826, 21746
6826, 16777
6826, 9287
6826, 23397
6826, 22869
6826, 23849
6826, 10423
6826, 21540
6826, 23512
6826, 20012
6826, 15550
6826, 23792
6826, 15132
6826, 19753
6826, 20520
6826, 18962
6826, 22276
6826, 11926
6826, 18308
6826, 13888
6826, 21530
6826, 25313
6826, 20492
6826, 20488
18664, 6827
6827, 17990
7761, 6828
6828, 10395
20755, 6829
6829, 7822
19614, 6830
17435, 6830
13233, 6830
22481, 6830
10183, 6830
8938, 6830
12839, 6830
18254, 6830
21563, 6830
25393, 6830
9165, 6830
18347, 6830
13173, 6830
25580, 6830
17664, 6830
22319, 6830
10716, 6830
13321, 6830
6830, 19093
24522, 6831
6831, 11266
6831, 23137
6831, 17706
22743, 6832
6832, 18311
17975, 6833
6833, 10829
6833, 15575
6833, 15658
19390, 6834
6834, 24425
10726, 6835
6835, 13141
17852, 6836
6836, 18147
6836, 22341
6836, 15724
6836, 16678
6836, 10249
6836, 13576
6836, 24066
6836, 13117
6836, 14549
6836, 20997
6836, 24776
6836, 23782
6836, 10000
6836, 14031
6836, 13491
6836, 15335
6836, 23044
6836, 9308
6836, 16095
6836, 14179
6836, 25523
6836, 17163
6836, 8660
6836, 8099
6836, 22087
6836, 18202
6836, 9199
6836, 16549
6836, 21616
6836, 23031
6836, 14625
6836, 13616
6836, 7644
6836, 20704
6836, 17361
6836, 15284
6836, 9599
6836, 12079
23568, 6837
6837, 20651
6837, 13577
13446, 6838
6838, 15669
17678, 6839
6839, 22637
6839, 21869
6839, 19499
22675, 6840
6840, 8300
22361, 6841
6841, 8766
18904, 6842
6842, 24081
8086, 6843
6843, 7572
13786, 6844
6844, 19316
9442, 6845
6845, 11119
24556, 6846
6846, 20303
7697, 6847
25374, 6847
10787, 6847
9416, 6847
12111, 6847
6847, 15802
17429, 6848
6848, 13138
6848, 14708
10665, 6849
6849, 25381
20601, 6850
6850, 13083
20429, 6851
6851, 22913
12717, 6852
6852, 11754
19724, 6853
6853, 21812
7761, 6854
6854, 16979
6854, 19003
11785, 6855
6855, 10163
12792, 6856
6856, 16727
15197, 6857
6857, 24681
9424, 6858
6858, 10653
12947, 6859
6859, 16210
6859, 17369
13050, 6860
13298, 6860
6860, 17960
13200, 6861
6861, 13318
15482, 6862
6862, 8990
19444, 6863
6863, 12871
24237, 6864
6864, 19377
14377, 6865
6865, 7688
22214, 6866
14166, 6866
8410, 6866
10050, 6866
6866, 10635
11910, 6867
6867, 11098
23365, 6868
6868, 18693
8911, 6869
6869, 22431
14871, 6870
6870, 24001
19724, 6871
6871, 7903
19677, 6872
6872, 17396
15251, 6873
23758, 6873
6873, 9964
12924, 6874
6874, 14548
23689, 6875
6875, 23812
22044, 6876
6876, 14808
9255, 6877
12815, 6877
6877, 7984
17371, 6878
6878, 8144
11995, 6879
6879, 20694
8517, 6880
6880, 18723
15524, 6881
6881, 22265
20078, 6882
6882, 16727
13915, 6883
6883, 25176
6883, 16378
6883, 18721
6883, 20513
14222, 6884
20057, 6884
6884, 15281
20661, 6885
6885, 19892
22927, 6886
13296, 6886
6886, 23367
14414, 6887
10965, 6887
6887, 7374
23315, 6888
6888, 19409
12407, 6889
6889, 23326
18729, 6890
6890, 8787
16502, 6891
6891, 13323
7138, 6892
6892, 12560
10862, 6893
6893, 23407
24979, 6894
6894, 10676
20435, 6895
24448, 6895
17481, 6895
6895, 16727
7572, 6896
18861, 6896
17797, 6896
14798, 6896
20560, 6896
15125, 6896
19585, 6896
8965, 6896
9109, 6896
17257, 6896
18624, 6896
11658, 6896
14386, 6896
25320, 6896
8560, 6896
18140, 6896
24048, 6896
15083, 6896
18706, 6896
21029, 6896
21124, 6896
23767, 6896
12939, 6896
22766, 6896
18443, 6896
13807, 6896
22528, 6896
17744, 6896
18786, 6896
24862, 6896
24209, 6896
20478, 6896
21100, 6896
15786, 6896
25521, 6896
23313, 6896
23301, 6896
15058, 6896
18230, 6896
10548, 6896
22196, 6896
15440, 6896
20640, 6896
19704, 6896
24019, 6896
25194, 6896
14622, 6896
17493, 6896
20169, 6896
7202, 6896
8903, 6896
10767, 6896
7140, 6896
14531, 6896
9834, 6896
6896, 11102
17678, 6897
6897, 15124
6897, 9200
6897, 24791
6897, 17670
6897, 21529
17413, 6898
6898, 18886
17335, 6899
6899, 8632
7636, 6900
6900, 13243
13419, 6901
6901, 9157
11519, 6902
6902, 23198
10766, 6903
6903, 17385
16392, 6904
6904, 7660
22551, 6905
13192, 6905
23529, 6905
10130, 6905
6905, 22221
10309, 6906
6906, 18382
9329, 6907
6907, 17976
12924, 6908
6908, 23734
6908, 22849
6908, 15093
12924, 6909
6909, 8994
6909, 21536
16168, 6910
6910, 8284
11649, 6911
16906, 6911
6911, 16512
6911, 17396
21489, 6912
6912, 15866
13359, 6913
6913, 10586
8921, 6914
6914, 8386
19106, 6915
20864, 6915
22989, 6915
7314, 6915
6915, 25317
6915, 13323
10745, 6916
6916, 21133
24391, 6917
13828, 6917
15314, 6917
6917, 21488
20894, 6918
6918, 7910
20544, 6919
6919, 7114
16114, 6920
6920, 13025
9757, 6921
6921, 22058
19724, 6922
6922, 8096
11417, 6923
6923, 20303
23312, 6924
6924, 20329
12407, 6925
6925, 7355
9359, 6926
6926, 11050
18729, 6927
6927, 20343
6927, 7306
6927, 7218
6927, 18875
6927, 16912
6927, 14353
9705, 6928
6928, 16590
12309, 6929
6929, 17342
25012, 6930
6930, 8993
11528, 6931
6931, 9739
15236, 6932
6932, 18873
25173, 6933
6933, 7137
21257, 6934
6934, 13116
18778, 6935
6935, 18318
6935, 22858
6935, 18261
6935, 15538
6935, 14601
6935, 12205
6935, 22346
6935, 18114
6935, 13236
6935, 17103
6935, 7907
6935, 16056
7197, 6936
6936, 19355
6936, 24069
6936, 21031
6936, 11798
6936, 11439
11210, 6937
6937, 16052
13242, 6938
6938, 22196
21868, 6939
23480, 6939
6939, 22269
21164, 6940
6940, 14337
24414, 6941
6941, 10435
19332, 6942
6942, 11842
18560, 6943
6943, 20168
20907, 6944
6944, 23367
18333, 6945
6945, 12280
13155, 6946
13866, 6946
22394, 6946
9350, 6946
23670, 6946
10161, 6946
18718, 6946
17709, 6946
23803, 6946
19211, 6946
23617, 6946
21319, 6946
6946, 24595
11991, 6947
6947, 13095
25485, 6948
6948, 24368
19039, 6949
19722, 6949
6949, 24169
12513, 6950
6950, 11658
14507, 6951
6951, 20322
6951, 15902
17335, 6952
6952, 15758
6952, 15617
17837, 6953
6953, 21131
12040, 6954
6954, 11071
20799, 6955
6955, 17831
24913, 6956
6956, 10897
9825, 6957
21961, 6957
11448, 6957
15798, 6957
12035, 6957
13194, 6957
11822, 6957
10532, 6957
15124, 6957
7719, 6957
24176, 6957
16715, 6957
20041, 6957
23292, 6957
22832, 6957
17255, 6957
20697, 6957
6957, 15032
18748, 6958
6958, 11885
24501, 6959
6959, 12913
18555, 6960
6960, 7471
8963, 6961
6961, 12906
18583, 6962
6962, 13294
19724, 6963
6963, 16403
8086, 6964
6964, 15785
19724, 6965
6965, 11733
25338, 6966
6966, 11394
6966, 10977
11946, 6967
13222, 6967
6967, 14012
18729, 6968
6968, 20658
6968, 17823
6968, 15723
18104, 6969
6969, 20449
7614, 6970
6970, 23391
12262, 6971
6971, 11620
20685, 6972
6972, 19773
19724, 6973
6973, 9495
19495, 6974
6974, 17536
6974, 9019
6974, 20207
6974, 8534
6974, 20708
6974, 10332
6974, 18862
12672, 6975
6975, 17063
19724, 6976
6976, 24600
11757, 6977
6977, 19791
14873, 6978
6978, 21371
21457, 6979
6979, 14527
19828, 6980
6980, 8923
6980, 25334
17047, 6981
6981, 22183
8818, 6982
6982, 22150
17847, 6983
6983, 19017
19441, 6984
6984, 17396
22931, 6985
6985, 18885
7811, 6986
6986, 7646
19821, 6987
6987, 19605
13313, 6988
6988, 9755
16522, 6989
6989, 12392
6989, 23270
6989, 10189
19724, 6990
6990, 13917
6990, 18145
12924, 6991
6991, 13600
23802, 6992
6992, 11983
17985, 6993
7502, 6993
23135, 6993
10005, 6993
25293, 6993
22545, 6993
25172, 6993
15359, 6993
20913, 6993
6993, 16902
16159, 6994
6994, 13449
12303, 6995
6995, 10231
12924, 6996
6996, 7371
12725, 6997
6997, 10242
23438, 6998
6998, 21244
11120, 6999
6999, 16310
6999, 21467
15090, 7000
7000, 13652
14943, 7001
7001, 11047
18088, 7002
7002, 25216
7002, 12234
7002, 7166
14611, 7003
7003, 8230
22454, 7004
7004, 16424
23242, 7005
7376, 7005
22600, 7005
25351, 7005
24978, 7005
8186, 7005
22621, 7005
20126, 7005
11015, 7005
19328, 7005
21850, 7005
23787, 7005
9644, 7005
16356, 7005
18515, 7005
8901, 7005
9856, 7005
18163, 7005
23352, 7005
7260, 7005
23627, 7005
15011, 7005
12568, 7005
22430, 7005
14465, 7005
14983, 7005
20164, 7005
22661, 7005
20990, 7005
21744, 7005
18548, 7005
20981, 7005
20132, 7005
22315, 7005
21427, 7005
10380, 7005
12207, 7005
20953, 7005
14501, 7005
8652, 7005
12405, 7005
12074, 7005
9380, 7005
19776, 7005
14074, 7005
13447, 7005
20340, 7005
25227, 7005
15069, 7005
18042, 7005
19893, 7005
17031, 7005
16005, 7005
17398, 7005
22025, 7005
7187, 7005
21389, 7005
23813, 7005
20382, 7005
24341, 7005
15802, 7005
9675, 7005
16181, 7005
14435, 7005
19622, 7005
15074, 7005
19908, 7005
20021, 7005
24515, 7005
23660, 7005
24424, 7005
16423, 7005
9323, 7005
7688, 7005
10320, 7005
19250, 7005
16673, 7005
25009, 7005
18346, 7005
14633, 7005
15737, 7005
11233, 7005
7440, 7005
19806, 7005
12132, 7005
14285, 7005
21110, 7005
15507, 7005
11240, 7005
20825, 7005
22431, 7005
15478, 7005
17246, 7005
19900, 7005
12283, 7005
13243, 7005
21045, 7005
19533, 7005
22307, 7005
17471, 7005
16091, 7005
7832, 7005
10062, 7005
13267, 7005
7422, 7005
10192, 7005
7894, 7005
12004, 7005
14380, 7005
23604, 7005
22755, 7005
17452, 7005
12029, 7005
23299, 7005
16804, 7005
12077, 7005
13578, 7005
11085, 7005
16791, 7005
14160, 7005
7778, 7005
10031, 7005
18338, 7005
16250, 7005
8448, 7005
11127, 7005
17093, 7005
8370, 7005
15302, 7005
22107, 7005
8937, 7005
23793, 7005
7223, 7005
21865, 7005
9517, 7005
15730, 7005
14623, 7005
18452, 7005
13889, 7005
20303, 7005
16052, 7005
22764, 7005
20293, 7005
14557, 7005
8388, 7005
18661, 7005
9382, 7005
9460, 7005
22045, 7005
18059, 7005
22338, 7005
16836, 7005
10855, 7005
7121, 7005
17629, 7005
14434, 7005
10854, 7005
23197, 7005
10354, 7005
15706, 7005
16736, 7005
11856, 7005
7385, 7005
16663, 7005
12355, 7005
22392, 7005
21735, 7005
9891, 7005
11277, 7005
8396, 7005
17846, 7005
10188, 7005
20403, 7005
16839, 7005
21663, 7005
17993, 7005
18928, 7005
21192, 7005
20565, 7005
15776, 7005
18240, 7005
23596, 7005
12224, 7005
25513, 7005
20410, 7005
10269, 7005
8387, 7005
19062, 7005
13382, 7005
7005, 13152
7005, 15244
19724, 7006
7006, 16422
17548, 7007
7007, 22101
7007, 25337
7007, 10920
7007, 10147
7007, 23554
10533, 7008
7008, 11473
8086, 7009
7009, 9091
25160, 7010
7010, 13214
12407, 7011
7011, 22107
16449, 7012
10685, 7012
17419, 7012
14664, 7012
23091, 7012
23719, 7012
11578, 7012
22420, 7012
7830, 7012
17750, 7012
20118, 7012
24569, 7012
15031, 7012
16385, 7012
15427, 7012
24037, 7012
7012, 17305
8086, 7013
7013, 11263
14532, 7014
7014, 10122
23626, 7015
7015, 22109
16159, 7016
7016, 12088
19046, 7017
7017, 11027
14173, 7018
7018, 21844
7097, 7019
7019, 24406
9799, 7020
7020, 16127
19724, 7021
7021, 22240
22684, 7022
7022, 7821
18180, 7023
7023, 24690
13629, 7024
7024, 23447
21977, 7025
20834, 7025
7025, 16928
17852, 7026
7026, 12173
7026, 15373
7026, 21166
7026, 24413
7026, 10772
7026, 22299
7026, 12181
7026, 12134
7026, 24396
7026, 24212
7026, 10824
7026, 13603
7026, 14755
7026, 7404
7026, 19666
7026, 13333
7026, 25355
7026, 16507
7026, 14824
7026, 22869
7026, 13944
7026, 15530
7026, 18413
7026, 25523
7026, 7558
7026, 15132
7026, 22080
7026, 19753
7026, 19526
7026, 16540
7026, 15549
7026, 16976
7026, 11870
7026, 25007
7026, 12363
7026, 20308
7026, 10020
7026, 18842
7026, 12830
7026, 8024
7026, 10359
7026, 19777
7026, 9715
7026, 12901
7026, 22188
7026, 25383
7026, 22069
20595, 7027
7027, 21538
19998, 7028
7028, 21269
13446, 7029
7029, 16544
7345, 7030
7030, 14647
19033, 7031
7031, 7739
13495, 7032
7032, 7752
22382, 7033
7033, 18857
15273, 7034
7034, 9899
15025, 7035
7035, 22252
15211, 7036
12593, 7036
7036, 21292
22321, 7037
7037, 22053
9784, 7038
7038, 19269
19951, 7039
7039, 11163
21841, 7040
8814, 7040
7040, 11517
15236, 7041
7041, 18062
9329, 7042
7042, 10021
21995, 7043
7043, 20174
7043, 9652
23768, 7044
7044, 15757
7044, 18972
7044, 15617
21665, 7045
12958, 7045
7045, 14067
19724, 7046
7046, 23793
25209, 7047
7047, 20832
8086, 7048
7048, 17451
19724, 7049
7049, 11191
9075, 7050
7050, 13575
7623, 7051
7051, 23642
9959, 7052
11369, 7052
7052, 15620
16892, 7053
7053, 19031
9384, 7054
13212, 7054
7054, 24685
12924, 7055
7055, 18703
17657, 7056
7056, 10166
25368, 7057
7057, 22058
16531, 7058
7058, 22639
19724, 7059
7059, 11496
10463, 7060
7060, 10212
19061, 7061
7061, 23173
7061, 23017
20782, 7062
7062, 13263
15118, 7063
7063, 15278
14878, 7064
7064, 11198
18050, 7065
7065, 25277
15022, 7066
7066, 13757
7786, 7067
7067, 15179
25285, 7068
7068, 12280
11672, 7069
7069, 16132
7069, 24248
15570, 7070
7070, 20451
17533, 7071
7071, 7741
13783, 7072
7072, 24279
