22388, 1
13501, 1
1, 18940
14457, 2
29913, 2
20841, 2
15652, 2
22147, 2
14597, 2
2, 11763
2, 10507
29787, 3
3, 12058
29890, 4
4, 12179
9974, 5
5, 27915
27700, 6
6, 14197
18282, 7
7, 18632
20286, 8
8057, 8
8, 16618
27857, 9
15169, 9
9108, 9
9, 8814
11099, 10
10, 18990
13617, 11
11, 26901
12868, 12
12, 9539
12, 24663
17107, 13
13, 11821
8954, 14
14, 11269
29344, 15
15, 25005
24456, 16
16, 11668
25468, 17
17, 28489
14640, 18
10838, 18
15508, 18
10178, 18
18, 19368
8223, 19
19, 25754
17194, 20
20, 23882
17358, 21
21, 25958
27687, 22
22, 21981
26816, 23
19563, 23
28729, 23
7992, 23
15014, 23
12761, 23
8580, 23
19063, 23
8622, 23
13528, 23
22350, 23
15402, 23
18802, 23
15969, 23
23, 13719
17358, 24
24, 22438
24, 26969
21522, 25
25, 19446
16956, 26
26, 16822
11162, 27
27, 16523
29117, 28
28, 19990
28, 17152
28, 18522
14609, 29
29, 28362
29, 21109
29, 24459
29661, 30
21525, 30
20444, 30
22532, 30
12107, 30
16165, 30
30, 7622
27475, 31
31, 29833
29625, 32
23755, 32
32, 8814
18080, 33
33, 14247
33, 24405
19553, 34
34, 17323
10072, 35
35, 20049
19588, 36
36, 21981
26354, 37
37, 22117
26446, 38
38, 22079
15128, 39
15172, 39
15778, 39
39, 28195
12603, 40
40, 21683
28737, 41
41, 11564
17358, 42
42, 20107
42, 24999
12706, 43
26026, 43
43, 18788
21878, 44
44, 26989
13468, 45
45, 14190
22378, 46
46, 21981
12951, 47
47, 11257
17803, 48
48, 16002
11345, 49
49, 18789
19850, 50
50, 20934
20897, 51
51, 21846
19042, 52
15900, 52
52, 22428
16289, 53
53, 25049
23463, 54
54, 15671
54, 28938
54, 27660
54, 13935
54, 13696
54, 24833
54, 21594
54, 7683
54, 23421
54, 9966
54, 13986
54, 22577
54, 10337
54, 23229
54, 18090
54, 9666
54, 22595
54, 27156
54, 18978
54, 11095
54, 15691
54, 15917
54, 15064
54, 9898
54, 18279
54, 9601
54, 9706
54, 23880
54, 26713
54, 27498
54, 8070
54, 12777
54, 22835
54, 29417
54, 17559
54, 13183
54, 21833
54, 23527
54, 19969
54, 11225
54, 24505
54, 22867
54, 9942
54, 23979
54, 27094
54, 13394
54, 26909
54, 12528
54, 10007
54, 21563
54, 17467
54, 28380
54, 29203
54, 26326
54, 18544
54, 28127
54, 26454
54, 9538
54, 10090
54, 7800
54, 11749
54, 19449
54, 12422
54, 23372
54, 18888
54, 16781
54, 28657
54, 25892
54, 8694
54, 15640
54, 26920
54, 23343
54, 10251
54, 15899
54, 10662
54, 22930
54, 16550
54, 27103
54, 13277
54, 12886
54, 15589
54, 13907
54, 28232
54, 21703
54, 13316
54, 22972
54, 15631
54, 26762
54, 19834
54, 22878
54, 27655
54, 22514
54, 19268
54, 22605
54, 13921
54, 26936
54, 22953
54, 17643
54, 28696
54, 20129
54, 21721
54, 27095
54, 19146
54, 21097
54, 16750
54, 11346
18833, 55
28547, 55
28405, 55
55, 25941
15357, 56
56, 20540
28453, 57
57, 15857
29835, 58
58, 18170
12384, 59
18462, 59
59, 25049
59, 26630
27172, 60
60, 25166
21637, 61
61, 26991
22342, 62
62, 18195
13756, 63
63, 22836
23645, 64
64, 19858
21720, 65
25685, 65
65, 9361
16720, 66
66, 24131
12882, 67
15557, 67
67, 21368
10945, 68
68, 16850
18282, 69
69, 24573
20735, 70
17997, 70
70, 26569
18311, 71
71, 18055
22137, 72
72, 27491
21337, 73
73, 18821
73, 18371
12122, 74
74, 27130
74, 24740
74, 10559
74, 8360
74, 14548
22003, 75
75, 9000
18842, 76
76, 20341
23365, 77
77, 30267
26002, 78
78, 30134
11221, 79
20147, 79
79, 25049
20414, 80
80, 8122
19766, 81
81, 19688
10587, 82
82, 28887
10864, 83
15962, 83
26299, 83
9590, 83
16949, 83
9868, 83
10061, 83
26491, 83
22012, 83
29491, 83
9944, 83
8862, 83
9180, 83
26403, 83
18179, 83
19918, 83
8298, 83
18188, 83
26826, 83
28938, 83
21714, 83
18953, 83
18912, 83
7522, 83
9782, 83
9561, 83
26584, 83
13173, 83
18638, 83
27126, 83
22346, 83
17351, 83
30069, 83
26645, 83
19644, 83
24783, 83
25593, 83
29564, 83
15648, 83
29025, 83
29133, 83
13701, 83
25250, 83
16280, 83
14735, 83
8738, 83
25536, 83
22084, 83
18853, 83
28186, 83
10447, 83
12687, 83
19871, 83
15443, 83
8827, 83
18771, 83
21686, 83
20485, 83
12618, 83
20461, 83
24619, 83
19409, 83
16274, 83
24894, 83
14195, 83
21665, 83
22912, 83
13002, 83
20600, 83
18867, 83
23559, 83
27140, 83
15189, 83
15432, 83
28438, 83
19655, 83
13317, 83
9443, 83
14202, 83
15033, 83
12544, 83
12703, 83
24799, 83
29658, 83
19700, 83
12895, 83
16997, 83
25103, 83
12463, 83
30051, 83
13133, 83
26356, 83
24589, 83
17670, 83
15115, 83
7929, 83
11364, 83
26805, 83
29817, 83
15739, 83
9327, 83
28411, 83
28284, 83
24014, 83
12905, 83
17230, 83
24267, 83
28746, 83
21560, 83
25732, 83
24767, 83
28348, 83
21020, 83
15339, 83
8487, 83
21442, 83
16278, 83
12627, 83
11510, 83
28110, 83
23991, 83
16978, 83
17476, 83
8527, 83
21240, 83
25215, 83
24833, 83
16494, 83
21556, 83
22268, 83
26529, 83
20104, 83
29883, 83
16287, 83
8284, 83
9100, 83
28070, 83
26779, 83
17031, 83
14517, 83
29015, 83
13667, 83
18116, 83
26284, 83
11447, 83
12788, 83
22276, 83
29988, 83
13500, 83
13370, 83
28973, 83
15062, 83
18286, 83
26475, 83
25649, 83
20203, 83
12400, 83
15729, 83
28559, 83
25905, 83
20633, 83
13363, 83
23704, 83
9086, 83
16828, 83
28450, 83
23628, 83
20022, 83
10073, 83
30296, 83
11740, 83
22504, 83
30380, 83
16611, 83
19807, 83
17520, 83
29825, 83
16665, 83
29522, 83
11310, 83
11275, 83
21709, 83
22768, 83
29681, 83
9742, 83
26003, 83
28190, 83
26112, 83
7924, 83
15604, 83
20905, 83
15102, 83
13454, 83
19314, 83
16531, 83
16309, 83
22958, 83
10123, 83
16779, 83
9966, 83
25842, 83
19308, 83
18351, 83
25155, 83
22523, 83
10329, 83
27229, 83
20433, 83
16821, 83
22529, 83
12623, 83
29985, 83
10337, 83
26687, 83
16638, 83
22961, 83
26549, 83
28896, 83
21937, 83
21279, 83
26240, 83
29155, 83
26267, 83
29264, 83
9314, 83
22751, 83
26065, 83
22965, 83
30041, 83
22177, 83
18283, 83
18830, 83
14929, 83
8544, 83
14773, 83
18709, 83
26980, 83
26282, 83
17617, 83
29324, 83
22951, 83
29180, 83
10231, 83
12109, 83
20493, 83
7686, 83
13620, 83
8371, 83
16830, 83
9636, 83
11043, 83
16427, 83
14653, 83
27716, 83
18978, 83
8445, 83
8254, 83
8851, 83
9833, 83
24917, 83
13216, 83
9345, 83
27635, 83
18467, 83
13000, 83
8932, 83
24906, 83
15097, 83
10732, 83
17533, 83
15224, 83
21658, 83
12530, 83
9746, 83
12556, 83
25838, 83
28716, 83
27280, 83
16393, 83
10312, 83
11095, 83
10440, 83
11474, 83
20443, 83
28772, 83
16534, 83
9902, 83
19312, 83
25023, 83
10931, 83
14555, 83
23362, 83
21921, 83
19863, 83
27777, 83
15918, 83
26962, 83
15775, 83
13880, 83
15914, 83
15160, 83
11367, 83
20739, 83
21393, 83
28100, 83
20865, 83
14795, 83
12215, 83
8762, 83
24567, 83
18695, 83
30415, 83
18103, 83
27927, 83
15633, 83
8118, 83
12224, 83
19727, 83
16715, 83
28918, 83
9741, 83
9593, 83
16336, 83
10704, 83
28349, 83
11269, 83
22234, 83
16690, 83
7843, 83
14031, 83
24526, 83
17796, 83
16657, 83
13452, 83
27855, 83
10445, 83
21870, 83
18641, 83
14848, 83
16082, 83
29509, 83
22874, 83
17015, 83
16933, 83
24517, 83
28273, 83
7490, 83
7655, 83
23899, 83
10790, 83
22516, 83
24965, 83
28524, 83
27166, 83
17089, 83
16128, 83
15210, 83
15501, 83
27608, 83
25279, 83
17105, 83
24488, 83
27184, 83
26518, 83
11578, 83
18845, 83
11145, 83
18034, 83
8830, 83
13160, 83
27448, 83
9230, 83
16095, 83
12739, 83
21265, 83
13766, 83
21108, 83
28332, 83
25800, 83
20257, 83
23216, 83
14270, 83
18719, 83
19475, 83
28930, 83
10563, 83
17853, 83
21309, 83
10757, 83
83, 13719
15595, 84
84, 8092
12561, 85
85, 11827
12267, 86
86, 24136
25210, 87
87, 10116
16111, 88
88, 29911
10836, 89
89, 11827
16796, 90
90, 10942
10549, 91
91, 27169
91, 20234
21878, 92
92, 15969
92, 17318
92, 10382
22221, 93
13949, 93
27520, 93
10850, 93
14705, 93
21713, 93
27848, 93
10322, 93
9741, 93
11269, 93
16525, 93
20259, 93
20229, 93
93, 13719
17211, 94
94, 29259
10156, 95
95, 30367
9881, 96
96, 10010
14714, 97
97, 15503
11648, 98
98, 20057
29344, 99
99, 18679
18225, 100
9220, 100
100, 17867
12473, 101
101, 30267
14124, 102
102, 19892
18282, 103
103, 17921
25524, 104
17433, 104
104, 17172
104, 23402
29787, 105
18282, 105
105, 17852
15416, 106
106, 13977
30284, 107
107, 16000
9057, 108
108, 22690
12114, 109
109, 25306
13038, 110
110, 9939
23240, 111
11060, 111
27643, 111
24355, 111
10062, 111
111, 9756
29784, 112
112, 13404
22396, 113
113, 13899
17224, 114
114, 21453
11874, 115
115, 24293
21317, 116
116, 15185
20041, 117
13325, 117
117, 13579
24224, 118
118, 30185
27683, 119
119, 20480
11030, 120
20090, 120
18399, 120
19704, 120
13243, 120
16838, 120
22189, 120
15136, 120
120, 13719
29117, 121
121, 26463
121, 8761
121, 27951
121, 22434
121, 8490
121, 28501
21373, 122
122, 8355
122, 19594
122, 13245
122, 9167
122, 26740
122, 25367
122, 14478
122, 9640
122, 13529
122, 28322
122, 9482
122, 21079
122, 17722
122, 14695
26292, 123
26338, 123
14426, 123
18620, 123
123, 17323
15651, 124
124, 14606
11678, 125
125, 8557
11774, 126
126, 28720
19297, 127
127, 13080
29765, 128
128, 22759
12561, 129
129, 11827
9853, 130
29112, 130
130, 15484
9033, 131
131, 25166
7652, 132
15625, 132
12601, 132
24436, 132
132, 8814
14382, 133
21878, 133
133, 28765
24873, 134
134, 11668
9426, 135
27233, 135
135, 13622
13861, 136
136, 21981
25962, 137
137, 21299
25538, 138
138, 7778
18388, 139
139, 17207
17764, 140
140, 18602
9161, 141
141, 11484
30236, 142
142, 22656
26835, 143
15295, 143
143, 11728
18668, 144
11739, 144
144, 19368
30242, 145
145, 21756
13816, 146
146, 14348
24610, 147
16201, 147
147, 29911
21328, 148
148, 24856
20709, 149
149, 27574
9161, 150
150, 17051
26233, 151
151, 20852
20174, 152
29363, 152
17809, 152
7777, 152
24141, 152
23863, 152
20828, 152
28083, 152
20520, 152
24549, 152
27195, 152
18755, 152
20025, 152
25444, 152
20009, 152
19861, 152
22898, 152
13940, 152
26039, 152
11690, 152
19594, 152
8594, 152
12236, 152
27437, 152
21050, 152
22259, 152
10441, 152
7710, 152
25574, 152
8151, 152
21908, 152
16488, 152
13145, 152
28638, 152
20248, 152
8975, 152
23734, 152
13761, 152
21299, 152
23183, 152
19854, 152
17625, 152
14720, 152
25567, 152
11573, 152
28886, 152
24171, 152
20119, 152
152, 13719
27515, 153
14936, 153
23904, 153
153, 19368
13555, 154
154, 16700
154, 15860
12330, 155
155, 25306
23831, 156
156, 9114
29258, 157
28165, 157
15802, 157
7654, 157
16189, 157
16134, 157
20830, 157
23528, 157
28154, 157
12833, 157
30386, 157
24880, 157
13080, 157
14852, 157
12555, 157
8673, 157
14354, 157
13859, 157
29759, 157
12847, 157
16903, 157
25264, 157
29943, 157
11804, 157
19856, 157
25049, 157
17706, 157
25908, 157
22836, 157
16825, 157
10962, 157
19315, 157
28773, 157
20871, 157
26464, 157
13054, 157
10097, 157
11456, 157
11628, 157
21103, 157
29833, 157
23578, 157
13502, 157
19866, 157
12604, 157
24359, 157
14620, 157
26925, 157
23728, 157
15303, 157
14275, 157
27975, 157
26196, 157
27810, 157
19368, 157
9390, 157
14723, 157
21327, 157
28398, 157
28032, 157
22321, 157
7636, 157
13070, 157
9734, 157
9484, 157
15976, 157
14168, 157
24912, 157
17763, 157
16466, 157
28508, 157
13149, 157
28771, 157
25797, 157
20934, 157
16950, 157
30352, 157
18011, 157
13312, 157
26049, 157
15615, 157
20750, 157
17400, 157
20725, 157
17051, 157
24293, 157
21683, 157
19115, 157
9264, 157
28480, 157
16684, 157
14142, 157
19869, 157
26442, 157
10426, 157
9790, 157
7512, 157
16460, 157
11614, 157
13727, 157
29107, 157
29355, 157
14472, 157
27200, 157
10129, 157
8718, 157
26331, 157
28893, 157
15892, 157
28294, 157
18055, 157
10489, 157
26797, 157
28922, 157
11795, 157
19171, 157
13912, 157
27279, 157
29911, 157
9165, 157
8814, 157
23605, 157
19463, 157
10069, 157
17522, 157
14143, 157
10507, 157
29391, 157
25875, 157
27010, 157
11548, 157
14343, 157
18491, 157
20598, 157
21145, 157
23680, 157
22617, 157
15570, 157
19858, 157
27327, 157
14934, 157
8265, 157
11564, 157
27361, 157
21981, 157
12912, 157
20807, 157
19638, 157
12613, 157
20662, 157
157, 21636
12745, 158
158, 16224
23464, 159
159, 9533
21073, 160
160, 29099
8399, 161
161, 26843
19249, 162
162, 22804
10706, 163
12852, 163
163, 24532
11868, 164
9420, 164
164, 9718
13516, 165
165, 25283
25703, 166
166, 29794
22166, 167
12856, 167
21943, 167
8587, 167
16659, 167
29066, 167
22829, 167
19565, 167
10163, 167
26014, 167
167, 25127
19249, 168
168, 27604
30285, 169
169, 9478
23766, 170
170, 14817
170, 16823
170, 17303
170, 26062
26395, 171
171, 12837
29117, 172
172, 19864
172, 25845
172, 12193
172, 14416
21530, 173
173, 12783
15021, 174
174, 12965
174, 21545
22430, 175
28672, 175
175, 30267
8894, 176
176, 21120
14317, 177
177, 21579
22839, 178
11987, 178
178, 19368
13233, 179
22029, 179
179, 10039
23818, 180
180, 9289
11814, 181
181, 11025
12122, 182
182, 21896
182, 11572
13241, 183
183, 25095
22979, 184
184, 11564
19874, 185
185, 28849
19930, 186
186, 14247
10591, 187
187, 14010
16106, 188
188, 15044
15764, 189
189, 24765
29465, 190
190, 13960
190, 13131
190, 26998
190, 23301
22488, 191
191, 21396
12252, 192
192, 15541
8142, 193
193, 12686
19849, 194
194, 20715
13939, 195
195, 24854
15821, 196
196, 21818
26787, 197
197, 20569
20794, 198
198, 22334
7907, 199
199, 12988
10925, 200
19119, 200
200, 24765
23766, 201
201, 21045
201, 10668
10646, 202
15345, 202
17846, 202
9519, 202
202, 7512
14615, 203
203, 22453
26456, 204
204, 15694
15104, 205
205, 25049
14667, 206
29665, 206
26541, 206
29074, 206
206, 10809
14816, 207
207, 12648
12553, 208
208, 27615
15159, 209
19017, 209
23727, 209
18023, 209
17471, 209
25671, 209
25802, 209
11965, 209
19634, 209
27092, 209
8328, 209
13351, 209
30313, 209
28424, 209
11021, 209
8163, 209
21098, 209
15468, 209
14637, 209
15781, 209
209, 12961
11569, 210
210, 20851
16340, 211
211, 23401
11644, 212
212, 15303
21585, 213
213, 17542
29117, 214
214, 20982
214, 23956
8763, 215
24579, 215
215, 29401
28902, 216
216, 10719
29547, 217
23088, 217
27299, 217
20107, 217
21223, 217
27224, 217
24999, 217
29293, 217
30333, 217
27020, 217
23017, 217
13176, 217
28492, 217
20176, 217
30360, 217
29140, 217
20808, 217
24838, 217
23494, 217
13778, 217
13604, 217
11386, 217
21075, 217
18739, 217
13436, 217
20253, 217
12239, 217
12356, 217
8883, 217
15049, 217
15390, 217
19089, 217
19252, 217
22853, 217
24755, 217
23140, 217
29582, 217
23314, 217
19100, 217
28889, 217
18005, 217
10307, 217
10941, 217
24405, 217
17957, 217
217, 20917
8146, 218
218, 21683
15208, 219
219, 29636
219, 11728
12741, 220
220, 28922
30244, 221
221, 29070
29344, 222
222, 9705
10367, 223
223, 14069
12937, 224
224, 26370
20591, 225
225, 14197
16536, 226
28499, 226
24438, 226
7742, 226
226, 19688
15783, 227
227, 24293
27741, 228
228, 11671
29845, 229
229, 22486
9305, 230
230, 29580
230, 10213
23155, 231
231, 22538
231, 11984
231, 21390
15132, 232
232, 17920
29917, 233
21197, 233
233, 14359
13447, 234
234, 11546
10656, 235
235, 25263
17220, 236
236, 8092
7588, 237
237, 14866
21332, 238
238, 11214
15821, 239
239, 18045
28589, 240
240, 17688
27416, 241
241, 13409
13939, 242
242, 12636
29818, 243
243, 14268
12795, 244
244, 13136
29830, 245
245, 30410
7786, 246
246, 18195
25741, 247
247, 17783
8684, 248
7798, 248
9671, 248
248, 13727
17358, 249
249, 14066
249, 30176
249, 23562
249, 16431
249, 13564
28455, 250
250, 24343
29008, 251
251, 14670
251, 18696
10465, 252
252, 18055
8870, 253
253, 24255
23806, 254
254, 27361
27175, 255
11998, 255
255, 20830
17976, 256
256, 22622
8706, 257
257, 10283
23150, 258
258, 20092
7949, 259
25213, 259
29499, 259
259, 22943
16516, 260
260, 15801
22170, 261
261, 19368
29344, 262
262, 14148
8469, 263
28643, 263
263, 12025
263, 22587
263, 21807
263, 11289
263, 14399
263, 17049
263, 14564
263, 29693
263, 24487
263, 9655
263, 21232
263, 25600
263, 26735
263, 7583
263, 28872
263, 22711
263, 23208
263, 18511
263, 29555
263, 26389
12586, 264
15614, 264
264, 19284
264, 22820
264, 22866
264, 7887
264, 22403
264, 12549
20228, 265
265, 19199
24675, 266
24743, 266
13040, 266
25238, 266
266, 24293
13211, 267
16163, 267
20210, 267
267, 12587
25108, 268
268, 28965
17145, 269
269, 25978
13062, 270
270, 29484
24280, 271
271, 18055
11734, 272
272, 24167
29767, 273
273, 10039
30244, 274
274, 20493
274, 16082
274, 17353
274, 14465
274, 21041
274, 25019
274, 25133
274, 14707
19915, 275
275, 11827
29765, 276
276, 21579
17358, 277
277, 20614
13235, 278
278, 26204
19716, 279
279, 28052
16745, 280
280, 9635
25814, 281
281, 13969
11975, 282
23933, 282
8443, 282
15807, 282
15449, 282
19982, 282
25893, 282
15540, 282
20908, 282
11988, 282
13112, 282
19112, 282
24651, 282
20976, 282
16871, 282
7495, 282
20817, 282
22571, 282
23712, 282
11196, 282
19726, 282
19350, 282
19298, 282
10150, 282
17265, 282
17330, 282
22077, 282
28957, 282
23711, 282
19016, 282
18274, 282
15389, 282
19806, 282
15605, 282
17659, 282
14855, 282
16687, 282
282, 26494
27707, 283
283, 24219
11814, 284
284, 9925
22328, 285
285, 13388
28059, 286
286, 28827
19599, 287
287, 23053
17358, 288
288, 29647
24733, 289
7693, 289
8083, 289
289, 25797
20354, 290
290, 15593
13360, 291
291, 30414
291, 22935
291, 8682
27445, 292
292, 13409
9041, 293
25285, 293
24884, 293
18066, 293
21810, 293
25556, 293
20841, 293
10845, 293
9846, 293
293, 11712
293, 8814
293, 9138
24455, 294
294, 25941
8012, 295
295, 16297
13939, 296
11888, 296
296, 27010
23678, 297
297, 8541
21966, 298
298, 12238
29117, 299
299, 19811
299, 25940
22198, 300
300, 11668
20457, 301
301, 22656
12795, 302
302, 29502
27250, 303
303, 12947
21622, 304
304, 13785
26353, 305
305, 12766
26428, 306
7643, 306
306, 23605
16088, 307
307, 24513
10578, 308
308, 19503
23463, 309
309, 25418
309, 27888
309, 15626
309, 23535
309, 13696
309, 20419
309, 21923
309, 17557
309, 16120
309, 8249
309, 8748
309, 10922
309, 9294
309, 8368
309, 26070
309, 8225
309, 29717
309, 12692
309, 17256
309, 15917
309, 17364
309, 25861
309, 23109
309, 27205
309, 21141
309, 18222
309, 12567
309, 8070
309, 8808
309, 25085
309, 22835
309, 7748
309, 29283
309, 9455
309, 13942
309, 14611
309, 9130
309, 13393
309, 17039
309, 17973
309, 21715
309, 11980
309, 12226
309, 23666
309, 16102
309, 9510
309, 28380
309, 26326
309, 15997
309, 24374
309, 16926
309, 19601
309, 17886
309, 24975
309, 27508
309, 29978
309, 10224
309, 28220
309, 9380
309, 14983
309, 22791
309, 13029
309, 20769
309, 29448
309, 11184
309, 12282
309, 21994
309, 15317
309, 11067
309, 17103
309, 19035
309, 25093
309, 29299
309, 10698
309, 30137
309, 21482
309, 10853
309, 29042
309, 28655
309, 28038
309, 14944
309, 7890
309, 22953
309, 11911
309, 13652
309, 13911
309, 28496
309, 21216
15821, 310
310, 26638
21336, 311
25233, 311
311, 10069
8496, 312
312, 9541
312, 21433
29197, 313
313, 11473
19716, 314
314, 9570
28317, 315
315, 28398
9669, 316
8355, 316
22323, 316
8479, 316
8345, 316
22988, 316
10315, 316
24392, 316
13231, 316
9452, 316
25104, 316
10246, 316
18612, 316
17678, 316
13334, 316
8874, 316
8022, 316
14479, 316
9142, 316
27389, 316
9606, 316
29793, 316
27623, 316
10034, 316
26327, 316
21919, 316
30013, 316
11834, 316
26578, 316
12630, 316
17702, 316
13245, 316
316, 13719
20020, 317
15572, 317
19721, 317
9143, 317
10849, 317
15569, 317
317, 13149
16664, 318
318, 28721
14272, 319
8958, 319
319, 14852
10424, 320
320, 10205
18942, 321
321, 12443
19472, 322
322, 26863
19953, 323
323, 29360
22492, 324
22141, 324
28880, 324
16652, 324
12671, 324
26254, 324
324, 25097
27967, 325
28421, 325
17615, 325
24901, 325
325, 13279
7625, 326
326, 24131
26219, 327
327, 25849
22579, 328
328, 18908
24329, 329
8378, 329
28951, 329
8976, 329
20405, 329
29339, 329
13760, 329
28503, 329
10803, 329
27580, 329
27853, 329
18345, 329
19217, 329
27995, 329
16740, 329
19607, 329
17075, 329
10403, 329
21115, 329
22920, 329
19681, 329
22123, 329
15886, 329
22464, 329
19222, 329
29434, 329
26142, 329
21782, 329
7779, 329
15035, 329
10948, 329
16302, 329
16511, 329
10397, 329
28151, 329
11969, 329
13623, 329
9277, 329
29044, 329
30303, 329
25702, 329
10878, 329
12214, 329
22307, 329
7705, 329
8745, 329
20882, 329
15641, 329
27542, 329
24377, 329
20140, 329
9566, 329
12649, 329
15439, 329
329, 27523
13240, 330
330, 29947
29008, 331
331, 29728
331, 19951
331, 26555
331, 11879
15386, 332
332, 9417
332, 27887
19075, 333
29242, 333
333, 12619
20903, 334
30452, 334
29138, 334
27195, 334
16522, 334
24527, 334
16732, 334
8717, 334
11531, 334
24391, 334
21958, 334
13478, 334
11472, 334
8059, 334
19180, 334
28638, 334
24916, 334
21656, 334
10477, 334
11269, 334
14692, 334
10860, 334
9780, 334
22061, 334
334, 13719
19333, 335
335, 30329
25281, 336
336, 13579
15821, 337
337, 12679
27399, 338
338, 24765
29273, 339
26281, 339
339, 25049
14680, 340
340, 18292
13939, 341
341, 27091
18226, 342
10854, 342
342, 24264
9837, 343
343, 25916
26374, 344
344, 15367
29008, 345
345, 14557
345, 25456
13756, 346
346, 22836
17358, 347
347, 9123
347, 29282
29344, 348
348, 18663
24953, 349
11038, 349
17001, 349
349, 24631
21351, 350
350, 26256
16556, 351
351, 19742
29344, 352
352, 15266
14903, 353
353, 11294
29205, 354
354, 13070
11246, 355
355, 23741
23155, 356
356, 17454
13215, 357
357, 14286
26353, 358
358, 29689
23766, 359
359, 8229
30081, 360
360, 14014
29344, 361
361, 22334
22427, 362
15985, 362
362, 13845
23829, 363
363, 14243
24416, 364
364, 18787
24748, 365
365, 20626
18282, 366
366, 25264
16589, 367
19363, 367
367, 17967
13413, 368
12728, 368
368, 27715
7926, 369
369, 14100
30097, 370
370, 18086
25679, 371
371, 14515
10108, 372
15225, 372
21664, 372
18128, 372
372, 12303
20396, 373
373, 29833
28361, 374
374, 20480
11038, 375
12369, 375
375, 12021
10028, 376
29230, 376
376, 17688
11734, 377
377, 18234
14550, 378
378, 18423
29818, 379
379, 26721
17562, 380
380, 29880
20848, 381
18149, 381
16493, 381
8055, 381
27009, 381
23931, 381
13080, 381
16291, 381
24519, 381
13432, 381
25264, 381
15448, 381
25049, 381
19872, 381
29467, 381
27637, 381
17126, 381
9772, 381
11267, 381
11727, 381
18384, 381
21267, 381
26863, 381
14267, 381
13799, 381
19368, 381
20851, 381
20776, 381
9845, 381
22321, 381
17109, 381
18326, 381
13149, 381
17606, 381
26559, 381
14172, 381
25611, 381
15615, 381
21500, 381
14067, 381
22256, 381
24293, 381
16968, 381
8379, 381
9805, 381
18971, 381
11689, 381
17525, 381
26740, 381
26790, 381
11696, 381
9790, 381
23327, 381
13727, 381
21579, 381
25891, 381
23131, 381
26339, 381
12303, 381
29934, 381
24031, 381
16121, 381
20093, 381
10669, 381
22656, 381
7604, 381
13844, 381
14610, 381
28922, 381
29637, 381
25245, 381
22021, 381
29414, 381
8814, 381
14757, 381
23775, 381
14886, 381
24285, 381
14223, 381
15570, 381
18459, 381
19858, 381
27598, 381
16356, 381
11564, 381
20480, 381
21981, 381
22334, 381
12912, 381
18292, 381
28721, 381
26057, 381
381, 19737
19986, 382
15471, 382
382, 12729
9010, 383
383, 11025
28204, 384
384, 16456
26523, 385
385, 17293
385, 19401
385, 17996
11315, 386
386, 11942
14867, 387
387, 20296
14995, 388
29470, 388
388, 17051
9864, 389
389, 7480
29924, 390
15843, 390
390, 22380
28814, 391
30175, 391
391, 25306
11734, 392
392, 11134
22286, 393
393, 24760
24473, 394
394, 28140
13154, 395
395, 15207
9684, 396
396, 16290
26161, 397
27567, 397
397, 22321
29252, 398
398, 11668
20614, 399
17747, 399
22324, 399
28242, 399
12443, 399
15077, 399
24309, 399
20162, 399
399, 13719
24476, 400
8375, 400
25480, 400
10350, 400
10607, 400
400, 9302
9599, 401
401, 25783
29117, 402
402, 15077
402, 29034
13360, 403
403, 7552
13465, 404
404, 18384
13882, 405
405, 30267
20064, 406
406, 28984
8574, 407
407, 21662
29818, 408
408, 30456
29806, 409
409, 22656
29501, 410
410, 25049
29344, 411
411, 27010
411, 20222
19431, 412
15546, 412
9306, 412
7836, 412
412, 28614
412, 21807
412, 16035
412, 19810
412, 14527
412, 11387
412, 25001
412, 18932
30270, 413
413, 8814
15003, 414
414, 23619
414, 23839
414, 7858
414, 10053
414, 22831
414, 23304
414, 13936
25117, 415
30435, 415
415, 16292
415, 13176
25523, 416
22300, 416
12396, 416
29882, 416
30271, 416
24297, 416
17369, 416
11853, 416
29195, 416
14169, 416
29321, 416
19019, 416
28367, 416
23922, 416
10874, 416
15348, 416
18384, 416
10259, 416
7474, 416
26869, 416
8148, 416
13323, 416
7994, 416
23026, 416
12007, 416
19368, 416
30130, 416
8893, 416
22538, 416
22321, 416
13283, 416
10339, 416
13149, 416
20934, 416
30352, 416
8939, 416
19473, 416
19209, 416
8885, 416
15615, 416
20725, 416
24293, 416
9954, 416
17457, 416
21683, 416
10342, 416
11052, 416
22019, 416
10024, 416
17688, 416
22745, 416
21805, 416
28234, 416
13727, 416
13318, 416
14118, 416
21120, 416
18838, 416
23692, 416
21163, 416
25383, 416
27350, 416
8718, 416
22915, 416
27918, 416
15892, 416
10489, 416
22588, 416
28922, 416
13357, 416
7510, 416
24538, 416
26494, 416
11294, 416
23036, 416
14343, 416
19990, 416
27318, 416
11564, 416
27361, 416
22334, 416
28793, 416
20662, 416
28721, 416
416, 20780
28365, 417
417, 19479
417, 21247
8892, 418
418, 29391
19986, 419
26745, 419
25192, 419
7747, 419
19448, 419
18731, 419
12831, 419
14762, 419
15920, 419
25123, 419
24588, 419
7882, 419
20811, 419
16535, 419
14530, 419
24123, 419
14588, 419
26622, 419
13003, 419
419, 12729
29818, 420
420, 21154
11798, 421
421, 30307
12579, 422
422, 22915
9652, 423
423, 7582
12795, 424
424, 12925
7865, 425
12683, 425
425, 27662
17355, 426
18457, 426
24117, 426
28051, 426
26603, 426
10715, 426
12125, 426
10083, 426
15098, 426
27435, 426
426, 19019
26079, 427
427, 21981
26045, 428
11759, 428
17579, 428
17248, 428
428, 14620
19722, 429
11405, 429
12419, 429
30338, 429
10883, 429
27591, 429
25193, 429
28784, 429
30007, 429
17658, 429
13916, 429
12770, 429
12213, 429
17516, 429
26951, 429
26433, 429
14756, 429
429, 23661
25034, 430
20637, 430
430, 10322
24875, 431
27356, 431
27436, 431
22345, 431
10236, 431
431, 19856
14328, 432
432, 25715
25663, 433
433, 28743
22621, 434
434, 8739
28005, 435
435, 27057
10154, 436
14800, 436
10773, 436
7545, 436
9351, 436
29232, 436
17885, 436
18680, 436
9689, 436
11763, 436
14670, 436
20352, 436
436, 13719
27133, 437
21369, 437
28329, 437
10087, 437
437, 20725
19884, 438
438, 25049
7816, 439
20627, 439
9002, 439
9497, 439
439, 29321
439, 13323
19026, 440
440, 24649
18125, 441
19741, 441
23568, 441
8456, 441
441, 13324
26885, 442
20186, 442
11116, 442
15988, 442
19729, 442
23927, 442
12417, 442
442, 28887
17226, 443
443, 14979
29465, 444
444, 11463
444, 14860
21209, 445
445, 24848
16836, 446
446, 29121
8503, 447
447, 15004
21133, 448
448, 13070
12952, 449
14296, 449
449, 20852
8857, 450
450, 13346
17246, 451
451, 19584
24472, 452
452, 11564
19144, 453
453, 27471
19313, 454
21875, 454
454, 29084
24827, 455
455, 15570
455, 24716
455, 29636
29315, 456
456, 16801
456, 20889
29285, 457
457, 27546
457, 13070
457, 19732
26523, 458
458, 11772
29718, 459
22032, 459
19601, 459
28127, 459
24546, 459
17890, 459
14263, 459
13148, 459
30357, 459
11517, 459
7791, 459
7913, 459
12807, 459
11915, 459
24797, 459
16011, 459
25330, 459
23589, 459
17886, 459
19931, 459
12240, 459
30112, 459
11749, 459
23612, 459
19449, 459
27048, 459
23710, 459
24110, 459
22916, 459
24975, 459
27508, 459
30055, 459
13365, 459
14538, 459
19203, 459
21565, 459
24627, 459
14061, 459
19377, 459
20813, 459
28789, 459
19616, 459
14284, 459
7699, 459
22280, 459
19072, 459
15366, 459
12163, 459
29978, 459
23372, 459
11714, 459
12358, 459
26815, 459
28969, 459
15314, 459
29017, 459
13955, 459
26873, 459
17725, 459
16781, 459
14207, 459
7629, 459
19288, 459
24372, 459
28124, 459
25167, 459
21693, 459
25892, 459
24896, 459
21041, 459
23360, 459
30017, 459
27571, 459
18941, 459
8585, 459
23380, 459
14987, 459
8577, 459
10280, 459
16018, 459
7750, 459
18526, 459
22111, 459
30005, 459
13176, 459
19461, 459
29884, 459
19294, 459
10224, 459
19204, 459
12195, 459
10662, 459
22018, 459
25019, 459
17847, 459
20763, 459
14048, 459
28782, 459
16550, 459
26535, 459
23714, 459
20885, 459
11948, 459
12382, 459
13463, 459
10305, 459
13194, 459
25135, 459
28220, 459
12727, 459
9380, 459
27069, 459
21982, 459
8637, 459
12299, 459
12881, 459
11372, 459
25247, 459
15533, 459
7909, 459
18877, 459
7574, 459
11537, 459
10731, 459
27884, 459
9069, 459
18392, 459
26400, 459
25048, 459
22675, 459
17276, 459
8228, 459
25552, 459
10221, 459
27052, 459
28337, 459
14983, 459
10872, 459
10213, 459
30255, 459
19474, 459
14967, 459
22791, 459
16001, 459
30248, 459
25180, 459
29058, 459
13029, 459
11399, 459
17011, 459
21297, 459
20769, 459
22186, 459
11042, 459
19597, 459
21075, 459
17314, 459
28403, 459
20701, 459
15980, 459
29448, 459
12189, 459
22472, 459
7504, 459
26736, 459
11184, 459
14447, 459
9799, 459
8030, 459
20812, 459
18798, 459
14955, 459
25558, 459
24985, 459
12282, 459
7813, 459
8810, 459
9768, 459
23635, 459
13316, 459
14387, 459
9164, 459
21994, 459
26744, 459
20523, 459
27522, 459
15317, 459
29001, 459
15989, 459
13717, 459
29758, 459
10020, 459
28152, 459
27582, 459
26107, 459
11067, 459
20003, 459
16277, 459
23965, 459
15631, 459
26762, 459
23034, 459
19783, 459
20079, 459
29290, 459
11999, 459
26932, 459
12392, 459
17103, 459
19035, 459
20971, 459
10851, 459
30138, 459
15331, 459
17466, 459
9929, 459
17465, 459
8650, 459
27041, 459
25093, 459
17673, 459
9285, 459
17090, 459
30149, 459
25133, 459
16883, 459
29299, 459
10698, 459
11698, 459
12293, 459
21944, 459
19268, 459
26534, 459
30137, 459
15269, 459
25348, 459
24564, 459
17363, 459
22949, 459
24105, 459
13103, 459
21482, 459
9148, 459
19370, 459
13544, 459
13549, 459
26362, 459
18742, 459
13921, 459
10853, 459
29042, 459
8876, 459
28655, 459
22063, 459
12441, 459
15511, 459
20435, 459
11049, 459
28038, 459
19964, 459
10135, 459
13224, 459
11525, 459
13863, 459
14944, 459
17580, 459
7890, 459
24981, 459
20005, 459
13545, 459
25601, 459
13954, 459
8402, 459
22953, 459
27682, 459
9967, 459
17643, 459
14707, 459
19763, 459
26879, 459
22517, 459
14352, 459
12972, 459
9374, 459
11911, 459
15316, 459
15451, 459
30122, 459
19055, 459
25357, 459
29142, 459
28230, 459
7493, 459
11062, 459
13652, 459
28696, 459
20129, 459
9150, 459
13911, 459
9648, 459
12901, 459
28496, 459
13359, 459
17268, 459
19146, 459
20894, 459
17523, 459
8109, 459
24715, 459
9119, 459
29730, 459
16339, 459
28887, 459
25706, 459
21216, 459
19852, 459
12340, 459
459, 20917
22839, 460
460, 19368
13959, 461
28147, 461
27937, 461
21223, 461
15770, 461
9191, 461
13286, 461
15418, 461
18486, 461
21277, 461
30074, 461
20922, 461
21933, 461
17792, 461
23888, 461
25121, 461
15141, 461
28662, 461
21388, 461
22435, 461
16431, 461
20641, 461
27587, 461
11318, 461
21075, 461
14430, 461
13948, 461
14955, 461
18430, 461
13564, 461
19699, 461
12014, 461
22120, 461
9357, 461
11577, 461
24656, 461
16083, 461
18086, 461
17188, 461
11001, 461
14947, 461
7540, 461
21780, 461
28576, 461
26018, 461
14160, 461
22828, 461
23344, 461
28887, 461
461, 20917
24164, 462
12810, 462
462, 25269
16057, 463
463, 27615
26254, 464
25779, 464
464, 27960
15953, 465
465, 9774
21691, 466
466, 20980
10261, 467
467, 21981
8598, 468
19398, 468
468, 13080
12863, 469
469, 15280
14854, 470
470, 16587
14220, 471
10924, 471
18146, 471
16539, 471
18468, 471
20353, 471
471, 26806
471, 21075
18534, 472
472, 13070
27956, 473
28748, 473
473, 23113
11655, 474
474, 21480
474, 29678
29392, 475
475, 27015
18282, 476
476, 15544
18490, 477
477, 10314
18993, 478
10443, 478
478, 25049
11644, 479
479, 15303
27521, 480
480, 18706
7676, 481
481, 29842
21329, 482
482, 22612
10935, 483
483, 27657
29818, 484
484, 30456
13350, 485
18997, 485
12034, 485
14000, 485
19965, 485
25242, 485
24845, 485
29348, 485
485, 9395
485, 13455
14111, 486
486, 29554
13428, 487
487, 22915
21321, 488
488, 29870
29241, 489
489, 23555
489, 26307
22999, 490
490, 22656
9848, 491
491, 18055
27308, 492
492, 13464
29090, 493
493, 22981
11638, 494
494, 7619
7975, 495
17352, 495
29373, 495
495, 11827
26775, 496
496, 11202
22331, 497
497, 29911
22922, 498
498, 9902
24528, 499
499, 22915
14382, 500
500, 12727
500, 22063
26881, 501
501, 27615
18282, 502
502, 19563
30244, 503
503, 30189
503, 12647
22290, 504
504, 30121
27633, 505
505, 12475
30081, 506
506, 25770
23766, 507
507, 23536
507, 12055
507, 20518
507, 14599
507, 11466
16847, 508
508, 25264
21878, 509
509, 11258
509, 24347
23198, 510
510, 14911
26038, 511
511, 9641
20726, 512
512, 8839
22772, 513
513, 14852
14933, 514
514, 19368
29344, 515
515, 21047
17297, 516
516, 22373
8573, 517
517, 10310
8933, 518
518, 12912
24196, 519
29268, 519
519, 26273
11598, 520
520, 19230
24867, 521
521, 13070
15252, 522
12037, 522
522, 30352
22667, 523
523, 8126
14382, 524
524, 29136
524, 30360
524, 15390
524, 19252
25392, 525
8684, 525
12283, 525
525, 13727
17823, 526
526, 29365
19297, 527
527, 13080
7959, 528
528, 19688
24895, 529
19279, 529
21370, 529
529, 8072
17976, 530
530, 7916
20790, 531
27717, 531
531, 18434
16254, 532
20206, 532
24601, 532
29561, 532
20347, 532
16281, 532
27372, 532
8138, 532
532, 13877
29351, 533
11377, 533
533, 26880
23809, 534
534, 24293
19134, 535
535, 15556
19716, 536
536, 29983
29818, 537
537, 19011
7835, 538
538, 13070
27494, 539
16908, 539
539, 20937
18282, 540
540, 13080
26365, 541
541, 17051
16250, 542
29818, 542
542, 17423
15213, 543
25026, 543
543, 21630
8977, 544
7620, 544
18959, 544
9199, 544
544, 8687
21707, 545
545, 28721
10156, 546
546, 30091
21003, 547
10160, 547
22357, 547
547, 20990
20362, 548
548, 27903
13771, 549
549, 9756
22401, 550
550, 19504
18693, 551
551, 28743
17780, 552
552, 22976
11198, 553
23917, 553
26709, 553
553, 25049
14575, 554
19558, 554
17961, 554
29850, 554
554, 25162
21869, 555
555, 17870
19249, 556
556, 18145
10451, 557
557, 8022
20595, 558
558, 28660
558, 17814
11983, 559
559, 22974
29787, 560
560, 13691
22875, 561
561, 22659
7667, 562
562, 13432
12778, 563
563, 7722
15580, 564
564, 14332
9760, 565
12397, 565
25789, 565
12069, 565
27349, 565
10040, 565
18154, 565
22630, 565
17323, 565
25131, 565
25306, 565
7499, 565
24998, 565
565, 20835
565, 29344
23769, 566
566, 10507
20020, 567
21889, 567
567, 13149
25243, 568
568, 29170
16025, 569
29229, 569
24738, 569
30110, 569
26737, 569
569, 15349
29172, 570
570, 21276
22814, 571
571, 15782
571, 10534
27928, 572
572, 11564
13616, 573
11448, 573
29818, 573
573, 30456
29344, 574
574, 27010
21472, 575
575, 18971
29818, 576
576, 20875
18324, 577
577, 26237
16072, 578
578, 18012
11934, 579
579, 14247
13292, 580
580, 24293
27290, 581
581, 18308
18261, 582
29003, 582
582, 25264
582, 19234
582, 13969
22278, 583
583, 19704
27338, 584
21838, 584
11040, 584
21310, 584
584, 13948
27501, 585
585, 26559
8684, 586
586, 13727
12066, 587
25295, 587
11823, 587
587, 26725
8763, 588
22892, 588
10038, 588
15838, 588
12412, 588
17572, 588
588, 18810
21337, 589
14382, 589
589, 13281
7784, 590
18550, 590
13402, 590
21001, 590
15543, 590
13562, 590
18564, 590
22072, 590
590, 23283
26680, 591
591, 19858
12095, 592
592, 22091
16572, 593
593, 11827
30244, 594
594, 15264
594, 29228
29344, 595
595, 13809
13056, 596
13341, 596
11555, 596
596, 17690
22507, 597
597, 15271
18655, 598
598, 28133
21928, 599
19798, 599
7634, 599
25351, 599
16843, 599
20114, 599
29111, 599
20338, 599
19546, 599
8356, 599
7705, 599
14321, 599
29393, 599
20369, 599
29510, 599
13927, 599
27584, 599
18345, 599
9402, 599
26691, 599
22371, 599
30004, 599
28725, 599
12746, 599
13287, 599
24823, 599
11667, 599
12336, 599
14646, 599
14018, 599
15927, 599
23726, 599
26688, 599
13973, 599
20264, 599
26230, 599
25760, 599
16346, 599
21417, 599
15835, 599
13328, 599
24385, 599
23579, 599
15396, 599
30303, 599
10550, 599
21463, 599
22484, 599
22944, 599
26838, 599
27397, 599
22142, 599
8852, 599
20976, 599
24872, 599
28648, 599
16701, 599
27037, 599
19112, 599
9739, 599
599, 13315
22440, 600
600, 20099
12795, 601
601, 27598
18590, 602
602, 22321
26799, 603
603, 26572
10104, 604
604, 21981
14959, 605
14315, 605
605, 15892
28156, 606
606, 26797
18993, 607
7920, 607
607, 25049
14840, 608
608, 30029
28477, 609
609, 27153
609, 21954
24594, 610
610, 25049
12700, 611
611, 18764
11877, 612
612, 24369
7478, 613
613, 9987
29966, 614
614, 24293
24632, 615
20393, 615
10682, 615
615, 19683
8763, 616
616, 14290
16093, 617
617, 10291
26632, 618
8763, 618
618, 10874
16720, 619
619, 24131
15766, 620
620, 12278
21878, 621
621, 25627
621, 15465
23623, 622
622, 14777
19910, 623
623, 25431
24177, 624
624, 27714
20576, 625
28832, 625
28592, 625
24957, 625
625, 13853
27606, 626
17134, 626
626, 11564
8956, 627
627, 15892
28979, 628
628, 26822
23352, 629
9387, 629
22223, 629
9240, 629
7757, 629
19175, 629
12396, 629
29450, 629
11827, 629
21501, 629
8612, 629
9601, 629
9870, 629
14492, 629
9986, 629
20289, 629
23493, 629
9706, 629
26123, 629
22091, 629
13090, 629
25049, 629
10676, 629
18713, 629
23880, 629
15155, 629
21141, 629
13405, 629
26713, 629
12232, 629
11628, 629
19019, 629
29274, 629
30451, 629
14585, 629
23922, 629
29022, 629
27618, 629
29833, 629
21761, 629
23960, 629
16438, 629
29033, 629
19984, 629
18234, 629
24668, 629
30008, 629
26863, 629
17545, 629
22466, 629
19490, 629
19371, 629
15857, 629
22564, 629
21110, 629
26187, 629
17272, 629
22321, 629
14209, 629
9734, 629
21205, 629
18015, 629
14017, 629
13149, 629
21039, 629
30352, 629
18961, 629
8633, 629
24932, 629
12914, 629
25159, 629
30329, 629
29632, 629
18308, 629
20725, 629
17051, 629
24293, 629
13346, 629
11583, 629
9265, 629
21683, 629
23834, 629
8783, 629
23946, 629
27057, 629
16778, 629
12350, 629
12318, 629
14511, 629
25296, 629
9790, 629
12124, 629
29107, 629
12938, 629
14600, 629
12118, 629
10927, 629
17339, 629
19260, 629
26501, 629
30185, 629
8718, 629
27498, 629
25809, 629
22915, 629
13762, 629
30456, 629
8070, 629
18055, 629
26797, 629
22656, 629
24072, 629
8302, 629
28922, 629
18519, 629
16142, 629
16206, 629
10818, 629
11257, 629
8808, 629
13896, 629
8814, 629
9980, 629
22986, 629
28965, 629
29391, 629
24253, 629
16595, 629
14343, 629
29457, 629
14042, 629
27640, 629
8560, 629
16147, 629
14037, 629
14223, 629
14902, 629
13221, 629
19858, 629
9653, 629
18524, 629
22715, 629
11564, 629
27361, 629
21981, 629
12912, 629
17561, 629
28970, 629
22998, 629
20662, 629
18623, 629
23737, 629
13867, 629
24183, 629
11903, 629
629, 26512
15168, 630
630, 21489
25114, 631
631, 25306
29117, 632
632, 13881
632, 7617
632, 21460
632, 8567
21082, 633
17672, 633
13598, 633
25264, 633
13498, 633
20751, 633
13180, 633
30414, 633
11790, 633
18384, 633
16447, 633
18782, 633
21996, 633
17118, 633
8533, 633
14311, 633
18062, 633
30109, 633
27614, 633
25262, 633
13431, 633
7593, 633
22915, 633
18055, 633
22656, 633
17482, 633
24494, 633
25500, 633
11294, 633
13396, 633
22539, 633
25935, 633
633, 20556
12993, 634
634, 20899
29344, 635
635, 29107
20722, 636
27261, 636
636, 24911
14423, 637
637, 21500
15793, 638
638, 14800
18851, 639
7704, 639
26941, 639
639, 12303
14534, 640
640, 19602
14837, 641
9434, 641
641, 27838
23766, 642
642, 20671
642, 18548
642, 25934
21100, 643
19374, 643
643, 8939
21405, 644
20381, 644
644, 11035
26353, 645
645, 29502
16048, 646
646, 28057
25273, 647
647, 15520
9823, 648
648, 8022
8933, 649
21508, 649
17934, 649
649, 12912
25100, 650
650, 29678
12284, 651
27275, 651
12285, 651
15001, 651
26027, 651
14986, 651
651, 19019
25916, 652
8775, 652
8646, 652
22083, 652
12443, 652
24262, 652
652, 13719
10086, 653
15459, 653
24012, 653
23132, 653
11659, 653
15872, 653
25499, 653
11201, 653
10953, 653
20532, 653
22473, 653
16603, 653
7729, 653
25014, 653
29065, 653
17458, 653
14386, 653
14576, 653
29222, 653
27264, 653
23859, 653
7931, 653
24352, 653
20112, 653
653, 20917
29008, 654
654, 13478
654, 9488
654, 22994
654, 10639
654, 15214
7513, 655
655, 16977
28045, 656
23926, 656
656, 14139
29344, 657
657, 17061
657, 21828
21878, 658
658, 17245
658, 12240
658, 24261
10455, 659
659, 11052
20020, 660
12844, 660
660, 13149
27979, 661
661, 16911
18785, 662
662, 28759
16264, 663
663, 9906
27765, 664
664, 28922
12020, 665
665, 21888
13098, 666
666, 11035
26353, 667
667, 11388
11736, 668
11149, 668
18395, 668
9019, 668
30200, 668
12454, 668
668, 13080
18781, 669
17380, 669
669, 10507
11278, 670
670, 19521
14938, 671
671, 9790
13360, 672
672, 19658
672, 10941
20810, 673
16856, 673
30002, 673
15888, 673
16639, 673
30264, 673
16351, 673
15122, 673
12497, 673
13483, 673
26144, 673
25094, 673
7788, 673
26546, 673
25698, 673
24148, 673
30015, 673
26832, 673
673, 14836
18194, 674
674, 27350
19716, 675
675, 23775
19814, 676
676, 10800
676, 28919
21878, 677
677, 17628
26467, 678
24073, 678
9015, 678
17426, 678
21486, 678
678, 9665
678, 26560
30263, 679
9507, 679
679, 27312
14440, 680
18725, 680
680, 20662
24978, 681
681, 7480
22395, 682
682, 29957
11613, 683
29818, 683
683, 27918
683, 22334
29344, 684
684, 26009
19688, 685
28487, 685
21762, 685
14218, 685
17028, 685
20852, 685
17004, 685
16167, 685
26166, 685
26495, 685
12679, 685
21750, 685
17070, 685
23207, 685
15004, 685
26273, 685
18098, 685
30171, 685
16297, 685
13713, 685
18397, 685
21449, 685
14874, 685
15709, 685
21879, 685
30160, 685
7838, 685
20201, 685
30029, 685
10137, 685
27638, 685
21489, 685
22769, 685
18163, 685
10432, 685
30028, 685
13579, 685
18045, 685
11501, 685
28195, 685
9717, 685
27181, 685
10396, 685
14332, 685
14225, 685
20835, 685
18580, 685
8122, 685
8341, 685
9138, 685
18227, 685
22055, 685
25306, 685
18779, 685
21818, 685
24998, 685
13311, 685
17451, 685
25162, 685
16399, 685
21851, 685
685, 20821
685, 29344
14382, 686
686, 17456
14156, 687
687, 25900
27945, 688
688, 13409
23338, 689
10937, 689
689, 20942
22485, 690
690, 25049
21022, 691
691, 26339
8111, 692
8684, 692
692, 13727
15497, 693
12410, 693
693, 9302
10384, 694
694, 26795
16172, 695
695, 21242
28448, 696
696, 18555
25774, 697
697, 24293
20513, 698
698, 14874
12493, 699
699, 20395
22320, 700
700, 23207
10921, 701
701, 17850
27991, 702
702, 19870
24387, 703
12046, 703
703, 18104
9444, 704
22127, 704
18874, 704
704, 24798
15110, 705
705, 8814
22152, 706
706, 30396
17358, 707
707, 29328
10546, 708
708, 17690
21358, 709
709, 8009
18619, 710
710, 18701
9469, 711
711, 24244
8464, 712
712, 21451
712, 15638
712, 13791
712, 20111
712, 27889
712, 22620
712, 20252
712, 26228
29341, 713
713, 25056
21118, 714
714, 13294
19289, 715
715, 27996
15671, 716
28960, 716
21034, 716
11030, 716
11527, 716
25418, 716
27964, 716
27888, 716
23517, 716
24156, 716
15626, 716
22102, 716
17698, 716
23368, 716
20700, 716
13728, 716
19580, 716
23535, 716
13696, 716
10580, 716
12192, 716
22153, 716
21923, 716
23480, 716
24642, 716
10611, 716
24591, 716
8675, 716
17709, 716
16120, 716
8249, 716
12705, 716
16581, 716
9294, 716
13218, 716
8915, 716
8368, 716
24386, 716
11580, 716
26070, 716
30020, 716
20139, 716
14678, 716
8225, 716
24941, 716
22595, 716
14561, 716
29717, 716
12183, 716
21487, 716
26590, 716
13281, 716
17592, 716
17256, 716
26618, 716
14659, 716
19747, 716
25906, 716
15917, 716
20230, 716
17364, 716
17440, 716
25861, 716
20623, 716
23274, 716
18394, 716
22754, 716
20162, 716
15397, 716
27611, 716
23109, 716
18684, 716
716, 13719
12553, 717
717, 27127
11678, 718
718, 8557
27897, 719
719, 9734
14382, 720
720, 8646
720, 18306
17472, 721
721, 21672
27278, 722
10402, 722
20058, 722
16295, 722
24531, 722
9926, 722
722, 14836
22352, 723
723, 18880
30244, 724
724, 26060
18631, 725
725, 27389
725, 8640
725, 14311
725, 28935
725, 25500
725, 15140
725, 24892
725, 18704
725, 9481
725, 8959
725, 9506
725, 19881
18967, 726
726, 20067
18077, 727
727, 14129
23150, 728
728, 20229
12079, 729
729, 30332
8506, 730
730, 13886
29008, 731
731, 28701
731, 12212
11854, 732
732, 22546
15821, 733
733, 17382
29344, 734
734, 22100
26254, 735
735, 15615
19551, 736
736, 28203
736, 17232
24068, 737
737, 29813
14145, 738
738, 13070
17464, 739
739, 28039
7542, 740
740, 10507
29927, 741
12962, 741
741, 7516
30093, 742
742, 19050
30006, 743
743, 20154
743, 22626
27232, 744
744, 17172
744, 24614
744, 16050
30244, 745
745, 22916
23743, 746
746, 14902
25362, 747
747, 12346
14260, 748
748, 24297
25256, 749
749, 19368
18361, 750
750, 28398
27251, 751
751, 8092
22405, 752
752, 27637
13806, 753
753, 29182
10156, 754
754, 16799
29567, 755
755, 22656
13582, 756
756, 8615
15868, 757
757, 7727
7755, 758
758, 19315
8489, 759
759, 15771
24534, 760
24592, 760
17664, 760
29452, 760
28621, 760
27943, 760
16797, 760
21554, 760
25883, 760
12234, 760
13382, 760
20134, 760
24956, 760
8237, 760
12816, 760
760, 26959
21337, 761
761, 11032
11104, 762
762, 27970
24269, 763
763, 17070
27313, 764
764, 29137
764, 20968
764, 18574
764, 10610
764, 28120
764, 21914
764, 27115
764, 8481
764, 13826
764, 12203
764, 10859
764, 10110
764, 13132
764, 21282
764, 18397
764, 24719
764, 25541
764, 23269
764, 16542
764, 28726
764, 21825
764, 8440
764, 11123
764, 23657
764, 21710
764, 23893
764, 20494
764, 10271
764, 8688
764, 16580
764, 11697
764, 12481
764, 21221
764, 8178
29008, 765
765, 10950
765, 29062
765, 29302
765, 25583
12795, 766
766, 16789
12538, 767
20015, 767
28414, 767
24789, 767
11191, 767
767, 24647
16880, 768
768, 21320
8074, 769
769, 17451
28831, 770
770, 13080
15821, 771
771, 18045
9723, 772
30206, 772
772, 11483
18631, 773
773, 29821
773, 18782
773, 7593
773, 15799
773, 29969
773, 12052
773, 18385
773, 8270
773, 30044
773, 25938
17358, 774
774, 9528
774, 12345
774, 29067
774, 28000
774, 27751
774, 26217
774, 21292
774, 17106
774, 20487
774, 20380
774, 22741
27671, 775
19526, 775
18451, 775
12537, 775
775, 19357
9252, 776
776, 14852
28861, 777
777, 24072
17345, 778
778, 25306
22249, 779
779, 17100
25036, 780
780, 9789
19983, 781
781, 25049
17358, 782
782, 15981
13388, 783
20169, 783
24013, 783
29093, 783
14526, 783
25049, 783
11126, 783
25677, 783
13960, 783
22836, 783
17201, 783
23073, 783
9934, 783
18384, 783
13131, 783
16000, 783
17412, 783
18360, 783
28615, 783
19371, 783
15857, 783
19368, 783
27615, 783
28585, 783
12254, 783
28878, 783
9734, 783
16466, 783
13149, 783
18836, 783
22690, 783
10182, 783
29626, 783
9930, 783
18829, 783
29082, 783
9790, 783
20876, 783
29107, 783
30305, 783
27731, 783
15892, 783
18055, 783
26998, 783
13788, 783
28922, 783
12166, 783
27279, 783
20938, 783
13095, 783
8814, 783
17522, 783
24169, 783
24857, 783
30124, 783
19479, 783
15570, 783
11564, 783
21981, 783
12912, 783
24794, 783
783, 27712
30389, 784
784, 27936
10130, 785
785, 18055
10814, 786
9246, 786
24048, 786
22568, 786
21905, 786
786, 8358
8763, 787
787, 28691
25060, 788
788, 19371
788, 27783
26839, 789
789, 15947
12586, 790
15614, 790
790, 19972
790, 27745
790, 28949
13741, 791
8802, 791
12461, 791
8907, 791
791, 9240
791, 24183
791, 14443
23952, 792
792, 10512
11452, 793
28297, 793
8314, 793
19379, 793
26328, 793
23081, 793
18078, 793
23204, 793
26366, 793
11229, 793
11165, 793
7805, 793
23337, 793
26085, 793
29894, 793
29881, 793
26451, 793
13495, 793
14893, 793
7862, 793
21502, 793
22938, 793
15483, 793
12266, 793
8528, 793
18859, 793
16217, 793
26640, 793
24406, 793
12523, 793
9053, 793
29086, 793
27227, 793
13684, 793
27384, 793
12614, 793
17362, 793
25801, 793
27789, 793
28301, 793
19954, 793
11504, 793
23607, 793
14258, 793
9505, 793
20818, 793
9423, 793
28441, 793
22702, 793
19894, 793
29998, 793
23798, 793
13541, 793
13551, 793
14262, 793
30251, 793
22928, 793
18559, 793
12546, 793
28471, 793
17072, 793
28795, 793
20984, 793
23121, 793
17223, 793
8353, 793
8996, 793
20514, 793
13034, 793
26235, 793
19844, 793
28735, 793
9480, 793
25134, 793
21760, 793
20275, 793
14633, 793
25615, 793
26347, 793
9762, 793
20962, 793
23168, 793
21723, 793
20383, 793
11586, 793
14988, 793
14691, 793
17979, 793
12569, 793
8776, 793
10766, 793
28521, 793
20773, 793
8727, 793
28777, 793
10481, 793
29507, 793
10786, 793
22900, 793
9785, 793
9832, 793
22410, 793
9804, 793
22727, 793
30453, 793
21422, 793
18854, 793
14173, 793
25413, 793
16294, 793
16886, 793
24560, 793
13461, 793
9211, 793
17319, 793
24046, 793
8756, 793
12818, 793
22024, 793
23699, 793
12986, 793
14136, 793
8724, 793
7744, 793
14796, 793
19556, 793
9226, 793
13147, 793
14900, 793
27757, 793
26188, 793
30170, 793
24249, 793
20702, 793
10783, 793
23747, 793
11244, 793
23215, 793
24691, 793
24060, 793
22451, 793
19758, 793
20839, 793
25350, 793
17259, 793
29292, 793
13035, 793
17455, 793
10726, 793
7578, 793
24572, 793
9707, 793
22175, 793
17148, 793
19458, 793
16408, 793
25077, 793
23632, 793
26329, 793
7646, 793
18752, 793
793, 27437
793, 21765
15198, 794
794, 22510
8943, 795
795, 21926
24868, 796
796, 13811
9006, 797
11334, 797
16065, 797
9249, 797
797, 8352
11706, 798
798, 14911
26249, 799
799, 27195
799, 26251
15559, 800
800, 13110
21302, 801
10000, 801
27359, 801
801, 25490
7667, 802
9893, 802
802, 13432
12122, 803
803, 27110
803, 21067
19813, 804
804, 11936
28457, 805
805, 19199
24914, 806
806, 21014
8763, 807
8221, 807
807, 25397
13024, 808
7549, 808
24115, 808
808, 23911
14259, 809
809, 12396
21844, 810
11863, 810
810, 19368
12970, 811
811, 16050
30321, 812
812, 11674
29495, 813
813, 9771
21517, 814
814, 25102
19756, 815
11775, 815
815, 22616
14769, 816
816, 25049
11921, 817
12458, 817
817, 13875
19493, 818
818, 30205
818, 19947
29602, 819
819, 20860
27790, 820
820, 11827
23300, 821
821, 15314
25106, 822
822, 22769
24805, 823
823, 9245
11440, 824
11301, 824
22644, 824
26082, 824
824, 20751
11438, 825
825, 18829
825, 27731
825, 13156
825, 21247
10606, 826
826, 9358
27355, 827
827, 14768
14382, 828
828, 14378
27534, 829
9628, 829
829, 13487
9624, 830
830, 11668
29344, 831
831, 29945
18761, 832
832, 10600
13031, 833
833, 25455
833, 20915
15233, 834
834, 27844
23463, 835
835, 25536
835, 11066
835, 24715
16054, 836
836, 13444
28407, 837
837, 22769
11012, 838
838, 29947
20020, 839
17064, 839
839, 13149
21918, 840
19635, 840
840, 26646
8644, 841
841, 24493
28956, 842
21798, 842
842, 26630
12409, 843
843, 29892
19462, 844
844, 10173
21288, 845
845, 24293
27301, 846
846, 16009
23812, 847
12718, 847
22722, 847
847, 30120
29117, 848
848, 19550
848, 12205
848, 24525
848, 13125
11767, 849
849, 24293
16712, 850
850, 9245
26754, 851
851, 20662
19206, 852
17978, 852
12344, 852
852, 28670
20442, 853
853, 19984
14304, 854
854, 14362
29344, 855
855, 26895
25126, 856
9633, 856
19333, 856
856, 30329
22633, 857
857, 12592
21598, 858
858, 8718
29465, 859
859, 24312
859, 12157
21878, 860
860, 9520
860, 20289
860, 15459
860, 29782
860, 10889
29131, 861
861, 11511
29212, 862
862, 16825
862, 18491
23679, 863
863, 14223
27207, 864
24370, 864
864, 11616
21012, 865
17477, 865
865, 25128
865, 15004
12997, 866
866, 9610
18598, 867
867, 11786
29784, 868
868, 14037
24639, 869
17427, 869
869, 22581
10589, 870
870, 17100
29492, 871
871, 16023
17644, 872
872, 19143
11030, 873
29441, 873
13462, 873
14581, 873
13165, 873
21722, 873
26434, 873
12474, 873
16784, 873
7966, 873
12128, 873
7710, 873
26297, 873
30176, 873
28078, 873
9353, 873
24368, 873
22609, 873
25816, 873
21580, 873
15908, 873
18828, 873
24093, 873
17456, 873
873, 13719
30244, 874
874, 19467
874, 12609
874, 18235
874, 29456
874, 23614
23021, 875
875, 30171
21976, 876
876, 25458
19156, 877
877, 29674
13792, 878
878, 17140
12814, 879
879, 23922
19690, 880
880, 29991
880, 19281
20069, 881
881, 10255
881, 24242
26195, 882
882, 29954
11971, 883
883, 21981
11462, 884
884, 17797
19045, 885
12738, 885
28838, 885
885, 20023
29428, 886
21080, 886
17908, 886
20155, 886
7723, 886
24705, 886
13435, 886
886, 10962
21542, 887
887, 21859
15516, 888
888, 21981
23347, 889
889, 18376
889, 26295
889, 23279
889, 25780
889, 14101
889, 13801
889, 8728
889, 22739
889, 27282
889, 27817
889, 10759
889, 28915
889, 9875
16057, 890
890, 27615
890, 12130
24778, 891
891, 26237
26656, 892
892, 8746
892, 15681
892, 28483
892, 13932
892, 18669
892, 10759
892, 14527
892, 24109
892, 17133
892, 18938
892, 24925
892, 21029
7577, 893
893, 17924
9978, 894
894, 15298
894, 26863
13806, 895
895, 29182
19296, 896
896, 29880
13465, 897
897, 18384
29492, 898
898, 16023
29219, 899
29235, 899
899, 30352
15157, 900
900, 11205
12371, 901
901, 8136
17891, 902
29818, 902
902, 18060
11398, 903
903, 21740
28847, 904
904, 20802
21007, 905
26793, 905
905, 10712
22839, 906
22652, 906
906, 19368
15226, 907
907, 15560
20020, 908
908, 13149
9881, 909
909, 27850
7648, 910
10709, 910
28520, 910
21945, 910
22703, 910
910, 10670
23580, 911
25716, 911
911, 27810
19688, 912
24114, 912
17858, 912
29137, 912
18422, 912
30455, 912
13754, 912
10518, 912
13522, 912
14781, 912
11672, 912
30217, 912
26314, 912
9859, 912
20968, 912
16205, 912
23619, 912
15763, 912
16760, 912
25866, 912
25310, 912
26630, 912
20953, 912
18574, 912
12744, 912
13747, 912
27609, 912
20193, 912
13608, 912
22903, 912
29908, 912
7597, 912
9104, 912
12348, 912
24403, 912
28120, 912
10467, 912
9005, 912
24979, 912
26194, 912
24131, 912
10918, 912
7569, 912
23145, 912
8848, 912
22271, 912
10036, 912
20759, 912
7572, 912
7505, 912
12921, 912
18393, 912
12009, 912
17354, 912
12998, 912
25105, 912
20033, 912
22244, 912
15308, 912
12423, 912
8850, 912
24937, 912
20939, 912
15444, 912
13571, 912
25629, 912
9239, 912
24467, 912
19728, 912
17559, 912
20359, 912
16453, 912
15994, 912
27509, 912
14266, 912
19169, 912
21471, 912
16977, 912
24711, 912
15970, 912
15187, 912
13116, 912
17099, 912
21481, 912
28943, 912
22863, 912
13819, 912
16605, 912
22470, 912
16372, 912
18469, 912
16055, 912
25736, 912
29200, 912
19602, 912
20373, 912
28486, 912
26101, 912
27107, 912
21433, 912
18433, 912
21493, 912
23527, 912
12622, 912
13828, 912
23716, 912
17417, 912
24255, 912
16713, 912
8123, 912
10273, 912
8773, 912
21822, 912
30064, 912
19969, 912
13956, 912
17655, 912
27557, 912
24104, 912
19183, 912
28542, 912
22902, 912
24734, 912
20438, 912
10679, 912
29868, 912
12539, 912
23422, 912
25904, 912
12659, 912
30238, 912
30171, 912
13745, 912
11590, 912
9425, 912
20798, 912
23471, 912
12472, 912
13826, 912
11593, 912
14870, 912
11619, 912
30402, 912
11409, 912
13415, 912
25545, 912
26213, 912
27413, 912
9455, 912
28238, 912
10193, 912
9315, 912
17994, 912
20431, 912
8586, 912
24128, 912
10362, 912
19113, 912
18219, 912
9942, 912
23979, 912
7728, 912
23778, 912
9789, 912
7783, 912
27117, 912
19661, 912
11005, 912
29185, 912
20302, 912
14149, 912
27674, 912
23534, 912
12973, 912
14824, 912
12942, 912
7506, 912
22008, 912
27713, 912
11907, 912
8764, 912
25000, 912
29328, 912
19667, 912
27094, 912
14348, 912
20436, 912
27526, 912
11383, 912
14520, 912
7487, 912
24394, 912
16108, 912
20455, 912
14957, 912
16486, 912
15106, 912
21215, 912
22043, 912
14611, 912
10157, 912
22009, 912
25541, 912
20494, 912
10271, 912
28053, 912
11697, 912
19686, 912
13366, 912
27593, 912
28821, 912
18313, 912
24466, 912
16150, 912
13001, 912
21952, 912
24401, 912
9510, 912
25625, 912
13969, 912
29377, 912
19092, 912
10139, 912
29309, 912
21226, 912
19426, 912
16257, 912
29007, 912
22769, 912
20646, 912
18417, 912
24121, 912
26733, 912
12811, 912
10289, 912
11980, 912
19095, 912
8285, 912
21769, 912
27653, 912
21818, 912
10613, 912
7525, 912
25162, 912
19422, 912
29387, 912
26372, 912
24897, 912
18046, 912
30120, 912
23557, 912
27693, 912
27935, 912
28102, 912
25166, 912
26368, 912
23914, 912
27143, 912
11219, 912
29888, 912
26519, 912
17039, 912
11094, 912
16790, 912
11904, 912
29029, 912
13875, 912
14728, 912
23107, 912
22194, 912
22925, 912
25361, 912
20408, 912
22954, 912
15023, 912
12143, 912
23333, 912
8047, 912
28964, 912
24271, 912
27303, 912
21156, 912
13338, 912
8647, 912
20040, 912
26422, 912
8031, 912
13989, 912
25306, 912
19128, 912
19579, 912
14746, 912
16809, 912
17671, 912
16182, 912
9647, 912
17467, 912
11066, 912
10439, 912
26326, 912
12445, 912
8217, 912
17494, 912
23999, 912
15486, 912
26954, 912
10065, 912
8596, 912
8191, 912
16653, 912
21877, 912
12226, 912
29490, 912
19764, 912
18675, 912
25086, 912
25137, 912
24866, 912
16573, 912
26984, 912
14366, 912
26909, 912
19720, 912
9214, 912
24658, 912
7964, 912
17035, 912
28884, 912
7501, 912
15458, 912
16592, 912
15665, 912
8107, 912
8125, 912
20597, 912
17225, 912
26147, 912
19081, 912
10296, 912
23752, 912
12774, 912
13403, 912
25486, 912
9229, 912
19621, 912
15183, 912
20185, 912
17933, 912
8530, 912
21715, 912
10695, 912
26420, 912
29304, 912
12049, 912
25164, 912
8184, 912
24165, 912
19402, 912
8140, 912
16313, 912
29840, 912
13944, 912
15347, 912
29678, 912
9778, 912
15433, 912
24077, 912
24620, 912
8561, 912
18045, 912
8352, 912
19751, 912
16222, 912
29746, 912
10938, 912
20158, 912
26644, 912
10971, 912
23249, 912
8654, 912
29794, 912
24624, 912
18337, 912
10070, 912
18796, 912
10282, 912
14583, 912
8440, 912
9415, 912
30108, 912
8341, 912
17768, 912
26411, 912
27585, 912
15997, 912
23893, 912
14563, 912
16154, 912
13409, 912
20057, 912
13583, 912
27258, 912
8178, 912
28257, 912
12084, 912
14873, 912
14485, 912
29504, 912
26369, 912
10623, 912
15328, 912
21000, 912
29647, 912
27097, 912
23294, 912
13394, 912
22669, 912
8930, 912
16926, 912
16310, 912
21429, 912
17917, 912
28571, 912
17636, 912
10834, 912
26405, 912
13626, 912
9483, 912
29856, 912
17718, 912
14359, 912
19875, 912
28590, 912
27803, 912
29666, 912
912, 29344
912, 8945
27702, 913
8887, 913
13089, 913
913, 15763
12800, 914
914, 9947
20572, 915
915, 22567
12799, 916
8218, 916
17161, 916
12289, 916
11505, 916
916, 28511
12328, 917
917, 25049
15112, 918
918, 8474
19253, 919
13805, 919
17799, 919
11665, 919
14039, 919
27195, 919
23271, 919
19870, 919
22862, 919
28939, 919
30016, 919
23968, 919
21461, 919
7710, 919
22200, 919
15077, 919
11080, 919
11691, 919
10720, 919
9490, 919
919, 13719
25735, 920
920, 26600
18504, 921
921, 18966
29465, 922
922, 11126
922, 17522
922, 24169
12699, 923
923, 23058
21357, 924
924, 17150
28911, 925
16569, 925
925, 29084
12900, 926
926, 21489
30081, 927
927, 17369
29344, 928
928, 21267
11978, 929
929, 9362
21337, 930
930, 29858
930, 12890
7635, 931
931, 22987
15021, 932
932, 14122
932, 10503
932, 19100
22957, 933
933, 17966
22881, 934
934, 25909
12122, 935
935, 24349
935, 28828
935, 9863
935, 22006
935, 16620
935, 29329
935, 27490
935, 18525
30362, 936
10709, 936
23057, 936
14026, 936
10093, 936
11461, 936
27532, 936
25349, 936
8067, 936
19233, 936
18327, 936
25821, 936
14189, 936
8288, 936
13449, 936
28485, 936
14928, 936
936, 17913
20724, 937
937, 13827
21920, 938
938, 15570
12122, 939
939, 18287
939, 27763
20288, 940
940, 18086
22860, 941
941, 22630
8931, 942
942, 17150
29344, 943
943, 24702
23155, 944
944, 17080
16996, 945
945, 16590
23091, 946
946, 14014
26310, 947
947, 13070
13152, 948
948, 23328
15643, 949
12047, 949
949, 25306
22551, 950
950, 11827
26002, 951
951, 27624
26262, 952
952, 17100
17358, 953
953, 26551
953, 9333
21333, 954
954, 28235
27729, 955
955, 10426
17808, 956
956, 11392
30135, 957
957, 11616
20809, 958
958, 24293
10476, 959
959, 14160
22893, 960
16921, 960
960, 18055
8432, 961
961, 24131
17543, 962
962, 22976
15517, 963
963, 18434
12841, 964
964, 21981
17069, 965
28635, 965
965, 29880
19688, 966
23870, 966
29580, 966
10349, 966
20852, 966
24652, 966
30143, 966
13455, 966
17870, 966
26665, 966
19380, 966
15004, 966
16610, 966
24663, 966
12961, 966
8945, 966
24349, 966
18896, 966
25896, 966
13622, 966
9533, 966
24202, 966
27968, 966
14689, 966
7582, 966
16023, 966
15424, 966
29343, 966
23518, 966
18500, 966
14332, 966
29482, 966
14836, 966
25263, 966
26600, 966
25306, 966
11728, 966
9270, 966
21818, 966
28354, 966
22146, 966
8790, 966
8312, 966
7579, 966
966, 29344
966, 25664
18631, 967
967, 22323
967, 17678
967, 27623
967, 18782
967, 10422
967, 22700
967, 24404
967, 16334
967, 30044
967, 17907
15029, 968
14998, 968
968, 18810
29344, 969
969, 11030
22634, 970
970, 19021
970, 20872
970, 14626
14703, 971
971, 27526
20897, 972
972, 12925
29039, 973
973, 16838
16179, 974
974, 23655
11634, 975
30266, 975
10035, 975
27872, 975
975, 15892
17507, 976
976, 27195
976, 23350
976, 11472
976, 17189
976, 25486
21371, 977
977, 13070
16959, 978
978, 17945
24177, 979
979, 25452
23155, 980
980, 12504
980, 20727
980, 19491
14594, 981
19668, 981
12150, 981
28928, 981
19197, 981
7826, 981
29178, 981
981, 10507
17321, 982
982, 22838
30001, 983
983, 16520
983, 11639
11030, 984
14378, 984
29864, 984
24650, 984
25024, 984
15845, 984
11269, 984
18654, 984
24309, 984
984, 13719
27292, 985
28296, 985
985, 21059
20689, 986
11746, 986
986, 27358
986, 11444
986, 13547
986, 22033
986, 27333
986, 16334
986, 9384
986, 27357
986, 29773
986, 21056
986, 20881
986, 16387
986, 9388
17728, 987
987, 12926
23425, 988
988, 26960
29344, 989
989, 28965
27417, 990
990, 8901
24846, 991
991, 20094
24288, 992
28340, 992
992, 22982
28270, 993
27111, 993
993, 23323
29344, 994
994, 22656
17577, 995
995, 28212
30244, 996
996, 15603
996, 16747
11644, 997
27144, 997
14915, 997
997, 15303
29679, 998
12321, 998
12331, 998
21631, 998
11237, 998
27234, 998
19110, 998
25599, 998
29572, 998
19698, 998
20814, 998
25869, 998
25254, 998
15882, 998
15690, 998
21741, 998
30340, 998
11717, 998
12573, 998
20397, 998
27196, 998
29807, 998
9811, 998
19423, 998
8523, 998
9928, 998
24496, 998
19583, 998
26001, 998
998, 11763
19716, 999
999, 8570
28056, 1000
1000, 10349
11922, 1001
1001, 16462
22628, 1002
1002, 16399
11541, 1003
1003, 21696
12667, 1004
1004, 7848
14382, 1005
1005, 18182
1005, 29379
27700, 1006
1006, 14197
11502, 1007
1007, 21981
17548, 1008
1008, 19368
23155, 1009
1009, 19877
1009, 18326
1009, 10872
29344, 1010
1010, 11030
1010, 26204
21325, 1011
1011, 24887
29344, 1012
1012, 22058
19846, 1013
13049, 1013
1013, 11728
22240, 1014
1014, 19010
29344, 1015
1015, 27546
29008, 1016
1016, 23474
1016, 30361
1016, 19385
19190, 1017
10761, 1017
10194, 1017
22160, 1017
30233, 1017
10992, 1017
9754, 1017
21063, 1017
14407, 1017
12490, 1017
20278, 1017
18983, 1017
11565, 1017
9020, 1017
25354, 1017
1017, 26405
15559, 1018
1018, 30179
18184, 1019
1019, 15206
18282, 1020
29787, 1020
1020, 19563
16971, 1021
1021, 12769
18232, 1022
1022, 14053
11117, 1023
1023, 12847
25843, 1024
17145, 1024
1024, 13799
20012, 1025
1025, 20626
28252, 1026
1026, 28487
13258, 1027
11485, 1027
12501, 1027
1027, 11614
8038, 1028
21829, 1028
1028, 19858
28201, 1029
25696, 1029
21307, 1029
10437, 1029
25367, 1029
27428, 1029
10579, 1029
10146, 1029
23866, 1029
30412, 1029
19788, 1029
23448, 1029
30405, 1029
24602, 1029
15928, 1029
14478, 1029
12193, 1029
16197, 1029
20815, 1029
9851, 1029
11506, 1029
23132, 1029
22697, 1029
27610, 1029
20551, 1029
17475, 1029
30042, 1029
11100, 1029
17435, 1029
19103, 1029
9640, 1029
11995, 1029
24017, 1029
24127, 1029
21067, 1029
28266, 1029
24404, 1029
12812, 1029
13550, 1029
14568, 1029
18704, 1029
15945, 1029
20234, 1029
26459, 1029
7736, 1029
26942, 1029
25236, 1029
30084, 1029
28512, 1029
10554, 1029
12071, 1029
14587, 1029
15737, 1029
9223, 1029
14468, 1029
16475, 1029
27072, 1029
25135, 1029
30297, 1029
15686, 1029
29642, 1029
15760, 1029
13529, 1029
28322, 1029
25403, 1029
21208, 1029
17303, 1029
10782, 1029
10556, 1029
19803, 1029
28264, 1029
24106, 1029
8743, 1029
22696, 1029
20757, 1029
23290, 1029
15016, 1029
27444, 1029
9481, 1029
9482, 1029
30361, 1029
16334, 1029
11235, 1029
12155, 1029
11778, 1029
28283, 1029
10957, 1029
12287, 1029
15095, 1029
14700, 1029
20779, 1029
17726, 1029
20298, 1029
20481, 1029
21024, 1029
22134, 1029
29712, 1029
12657, 1029
17777, 1029
26062, 1029
9598, 1029
21075, 1029
22039, 1029
10253, 1029
25364, 1029
8959, 1029
28875, 1029
15264, 1029
29774, 1029
25252, 1029
17959, 1029
16862, 1029
23773, 1029
14027, 1029
23948, 1029
19385, 1029
16528, 1029
26905, 1029
23099, 1029
18014, 1029
23005, 1029
12175, 1029
21079, 1029
17503, 1029
24015, 1029
9185, 1029
23593, 1029
24078, 1029
29228, 1029
10571, 1029
21606, 1029
29949, 1029
14794, 1029
8628, 1029
7500, 1029
16852, 1029
12206, 1029
9563, 1029
10684, 1029
12053, 1029
12018, 1029
10318, 1029
13201, 1029
27552, 1029
11811, 1029
24989, 1029
29493, 1029
22465, 1029
17340, 1029
26169, 1029
14462, 1029
20553, 1029
12462, 1029
8190, 1029
18696, 1029
21412, 1029
15406, 1029
17375, 1029
15074, 1029
29375, 1029
15391, 1029
17229, 1029
16911, 1029
28600, 1029
26322, 1029
28533, 1029
28640, 1029
9506, 1029
23339, 1029
20775, 1029
9203, 1029
17704, 1029
12759, 1029
30044, 1029
17907, 1029
8531, 1029
11497, 1029
7684, 1029
12923, 1029
8103, 1029
21614, 1029
23389, 1029
18726, 1029
23458, 1029
17722, 1029
18475, 1029
7556, 1029
25878, 1029
24199, 1029
10360, 1029
13731, 1029
14160, 1029
8426, 1029
19096, 1029
16407, 1029
30351, 1029
28707, 1029
24384, 1029
25438, 1029
10941, 1029
21087, 1029
16794, 1029
23885, 1029
29795, 1029
22706, 1029
29961, 1029
14416, 1029
22081, 1029
10082, 1029
19881, 1029
27008, 1029
9937, 1029
26521, 1029
14695, 1029
24800, 1029
20269, 1029
1029, 20917
7586, 1030
30227, 1030
1030, 30308
9393, 1031
1031, 27904
15624, 1032
1032, 11696
21748, 1033
1033, 11804
14573, 1034
27957, 1034
28855, 1034
20202, 1034
1034, 21666
12740, 1035
1035, 25049
26168, 1036
1036, 25626
19525, 1037
1037, 21981
8452, 1038
1038, 16169
15118, 1039
1039, 24653
23779, 1040
1040, 20547
21337, 1041
1041, 7541
19874, 1042
1042, 28849
18117, 1043
17279, 1043
1043, 20934
11030, 1044
19704, 1044
1044, 13719
7867, 1045
1045, 17466
28023, 1046
1046, 10489
11947, 1047
1047, 8854
26069, 1048
1048, 14772
28738, 1049
7621, 1049
21963, 1049
1049, 8814
12794, 1050
1050, 18557
1050, 25138
1050, 22612
16959, 1051
1051, 24929
18455, 1052
1052, 14103
20488, 1053
1053, 17789
10187, 1054
1054, 23741
1054, 25138
8090, 1055
1055, 13315
27843, 1056
1056, 27831
16062, 1057
1057, 9018
16771, 1058
1058, 11668
12468, 1059
1059, 25162
17062, 1060
27488, 1060
1060, 13237
11108, 1061
1061, 13482
14382, 1062
1062, 27339
19319, 1063
25828, 1063
12415, 1063
7753, 1063
7530, 1063
8635, 1063
1063, 19636
27173, 1064
1064, 9808
1064, 18422
9040, 1065
23475, 1065
7562, 1065
29300, 1065
1065, 27617
17402, 1066
1066, 30160
25425, 1067
1067, 19793
19533, 1068
21231, 1068
11827, 1068
9289, 1068
22540, 1068
14852, 1068
23594, 1068
14979, 1068
25264, 1068
15519, 1068
20767, 1068
25908, 1068
22639, 1068
12925, 1068
13770, 1068
18384, 1068
19984, 1068
23474, 1068
25142, 1068
19316, 1068
23323, 1068
25666, 1068
19658, 1068
26409, 1068
15857, 1068
12872, 1068
21811, 1068
13070, 1068
26643, 1068
27169, 1068
13149, 1068
9589, 1068
20899, 1068
10248, 1068
17051, 1068
16661, 1068
16517, 1068
8084, 1068
16912, 1068
11291, 1068
13727, 1068
27768, 1068
22915, 1068
16704, 1068
11671, 1068
8600, 1068
18657, 1068
17310, 1068
1068, 23902
22606, 1069
1069, 11827
15021, 1070
1070, 30213
1070, 23140
1070, 10941
29008, 1071
1071, 13762
30094, 1072
1072, 11827
24669, 1073
1073, 10789
19333, 1074
21356, 1074
14885, 1074
16524, 1074
1074, 30329
8859, 1075
1075, 29880
16188, 1076
1076, 24293
9692, 1077
29320, 1077
19342, 1077
14224, 1077
26718, 1077
15506, 1077
20374, 1077
17746, 1077
22087, 1077
11314, 1077
12649, 1077
9382, 1077
7664, 1077
19457, 1077
19112, 1077
15605, 1077
7946, 1077
12877, 1077
21700, 1077
16480, 1077
9310, 1077
11660, 1077
23621, 1077
20859, 1077
17727, 1077
19280, 1077
27691, 1077
20299, 1077
18246, 1077
12869, 1077
26540, 1077
22767, 1077
12099, 1077
1077, 25854
28237, 1078
1078, 29414
27778, 1079
1079, 28721
23150, 1080
1080, 17470
19027, 1081
1081, 21446
23682, 1082
1082, 14957
21498, 1083
28703, 1083
1083, 21624
29008, 1084
1084, 16320
7521, 1085
1085, 9083
8291, 1086
1086, 21223
29008, 1087
1087, 10594
1087, 20747
7667, 1088
9893, 1088
1088, 13432
27216, 1089
1089, 15570
18282, 1090
1090, 23834
26639, 1091
1091, 8741
23155, 1092
1092, 17212
13004, 1093
1093, 12938
11038, 1094
1094, 15892
29117, 1095
1095, 8004
1095, 29442
1095, 24151
26985, 1096
1096, 30352
16833, 1097
1097, 18353
20410, 1098
1098, 24293
16948, 1099
1099, 14400
23875, 1100
1100, 16800
1100, 29580
22354, 1101
21424, 1101
1101, 25049
15022, 1102
1102, 14585
22312, 1103
1103, 16466
12122, 1104
1104, 30260
1104, 16967
1104, 25124
1104, 10865
1104, 26672
9847, 1105
1105, 22656
17513, 1106
1106, 14042
17169, 1107
25694, 1107
1107, 28353
29008, 1108
1108, 10129
29117, 1109
1109, 17456
1109, 13020
1109, 15142
1109, 17397
1109, 15355
1109, 12083
16686, 1110
24949, 1110
16386, 1110
24976, 1110
9914, 1110
21227, 1110
12653, 1110
10764, 1110
1110, 29937
24814, 1111
23993, 1111
1111, 29400
9919, 1112
1112, 20725
14921, 1113
1113, 22915
19725, 1114
1114, 10507
20242, 1115
1115, 19368
29344, 1116
1116, 22334
29060, 1117
1117, 21489
28434, 1118
1118, 16422
26149, 1119
11743, 1119
24696, 1119
18545, 1119
23317, 1119
1119, 9950
1119, 26863
1119, 29391
20004, 1120
1120, 28044
23284, 1121
23754, 1121
28774, 1121
11766, 1121
11148, 1121
22910, 1121
27753, 1121
11182, 1121
24945, 1121
7607, 1121
27730, 1121
10368, 1121
27326, 1121
23800, 1121
14138, 1121
27736, 1121
25811, 1121
11830, 1121
17295, 1121
1121, 28721
29008, 1122
1122, 23110
1122, 8157
1122, 24656
8224, 1123
1123, 25225
1123, 7672
22152, 1124
1124, 26150
1124, 15933
13162, 1125
1125, 19636
26111, 1126
1126, 25366
29611, 1127
1127, 14215
15821, 1128
1128, 18045
13861, 1129
1129, 21981
26387, 1130
1130, 19368
13939, 1131
1131, 25383
8763, 1132
29421, 1132
9818, 1132
1132, 16147
16316, 1133
1133, 9805
21878, 1134
1134, 26297
1134, 23072
24802, 1135
1135, 21981
15129, 1136
1136, 27361
22896, 1137
1137, 12474
1137, 12128
1137, 28078
1137, 13436
1137, 12356
1137, 10307
10998, 1138
19150, 1138
1138, 28922
1138, 13853
1138, 14540
22724, 1139
1139, 20990
24335, 1140
1140, 28993
21195, 1141
21239, 1141
1141, 24966
16562, 1142
17436, 1142
11884, 1142
1142, 11542
9301, 1143
1143, 16950
8684, 1144
1144, 13727
28848, 1145
1145, 8084
12507, 1146
1146, 17405
14188, 1147
1147, 14874
20144, 1148
1148, 21653
21878, 1149
17358, 1149
29117, 1149
1149, 29868
21243, 1150
1150, 12619
19761, 1151
24070, 1151
22858, 1151
14248, 1151
1151, 23360
11996, 1152
17325, 1152
1152, 30254
13891, 1153
1153, 25204
8638, 1154
1154, 10860
28114, 1155
1155, 25049
23599, 1156
1156, 27975
25744, 1157
1157, 29107
15789, 1158
1158, 25178
7524, 1159
1159, 10892
8185, 1160
1160, 25510
15047, 1161
1161, 19368
18374, 1162
1162, 24131
20625, 1163
1163, 27547
15456, 1164
1164, 29457
23501, 1165
7547, 1165
1165, 14103
10727, 1166
1166, 22292
26254, 1167
18354, 1167
1167, 15615
10633, 1168
1168, 25948
23573, 1169
18247, 1169
1169, 9866
20797, 1170
1170, 11472
11734, 1171
1171, 25049
13861, 1172
1172, 21981
28695, 1173
1173, 14955
22848, 1174
1174, 18055
20606, 1175
1175, 12396
26270, 1176
1176, 22915
13155, 1177
1177, 22690
19333, 1178
1178, 30329
10881, 1179
1179, 8434
19130, 1180
1180, 16234
1180, 26740
1180, 25483
1180, 19405
1180, 30446
16959, 1181
1181, 29231
15821, 1182
1182, 15780
15821, 1183
1183, 18045
15821, 1184
1184, 18045
28745, 1185
1185, 15537
12795, 1186
1186, 16616
26083, 1187
22560, 1187
11554, 1187
12994, 1187
20047, 1187
18196, 1187
1187, 13867
9770, 1188
1188, 14513
29211, 1189
1189, 12930
25468, 1190
1190, 28489
24232, 1191
1191, 20826
11764, 1192
1192, 29430
16038, 1193
1193, 9120
29116, 1194
1194, 11269
19194, 1195
17652, 1195
1195, 28965
22273, 1196
10051, 1196
1196, 18292
21992, 1197
9816, 1197
17554, 1197
9281, 1197
28278, 1197
1197, 22639
28082, 1198
1198, 15385
15742, 1199
18266, 1199
1199, 10818
16118, 1200
1200, 22321
23995, 1201
1201, 29908
18265, 1202
18413, 1202
1202, 28508
1202, 19638
18282, 1203
1203, 27361
8661, 1204
1204, 11291
14097, 1205
1205, 7808
14089, 1206
1206, 9790
29344, 1207
1207, 21956
29707, 1208
1208, 28536
16642, 1209
1209, 11668
29722, 1210
24388, 1210
1210, 9449
9026, 1211
1211, 17136
15832, 1212
1212, 20852
13668, 1213
1213, 20174
1213, 9868
1213, 10061
1213, 9944
1213, 26403
1213, 17809
1213, 9782
1213, 9561
1213, 22346
1213, 19644
1213, 13701
1213, 28186
1213, 8827
1213, 20485
1213, 21665
1213, 15432
1213, 12544
1213, 12463
1213, 15115
1213, 7929
1213, 26805
1213, 29817
1213, 15739
1213, 12905
1213, 17230
1213, 20025
1213, 28348
1213, 15339
1213, 16278
1213, 12627
1213, 28110
1213, 20104
1213, 16287
1213, 26779
1213, 26284
1213, 13500
1213, 25501
1213, 18286
1213, 13363
1213, 16828
1213, 20022
1213, 11740
1213, 17520
1213, 29825
1213, 7924
1213, 15102
1213, 22958
1213, 22523
1213, 21050
1213, 21279
1213, 26267
1213, 25442
1213, 14929
1213, 26980
1213, 26282
1213, 21908
1213, 18467
1213, 13000
1213, 8932
1213, 24906
1213, 9124
1213, 17533
1213, 21658
1213, 9746
1213, 27280
1213, 16393
1213, 16534
1213, 19312
1213, 19863
1213, 8918
1213, 21856
1213, 18826
1213, 27927
1213, 19727
1213, 16715
1213, 16336
1213, 10704
1213, 22234
1213, 16690
1213, 7843
1213, 21870
1213, 23183
1213, 24517
1213, 28273
1213, 7490
1213, 22516
1213, 28524
1213, 27166
1213, 16128
1213, 11578
1213, 11145
1213, 21108
1213, 28332
1213, 9662
1213, 25800
1213, 23216
1213, 18719
1213, 28930
1213, 19816
26127, 1214
1214, 18055
9074, 1215
1215, 29580
10483, 1216
1216, 13686
1216, 11024
11802, 1217
1217, 15155
23992, 1218
1218, 13323
1218, 16145
29008, 1219
1219, 26816
1219, 21253
17358, 1220
1220, 23350
1220, 28069
29117, 1221
1221, 15849
1221, 30083
1221, 18107
1221, 28869
1221, 27527
1221, 13901
19957, 1222
1222, 18975
23043, 1223
15616, 1223
20764, 1223
1223, 15179
8653, 1224
1224, 14845
16636, 1225
1225, 16649
9234, 1226
29828, 1226
1226, 19368
13939, 1227
1227, 16142
22633, 1228
1228, 19759
11793, 1229
1229, 28922
23766, 1230
1230, 25414
1230, 13778
10088, 1231
23162, 1231
18363, 1231
22135, 1231
1231, 14546
15821, 1232
1232, 21818
12534, 1233
1233, 10954
21839, 1234
1234, 19688
19705, 1235
1235, 29450
15281, 1236
16827, 1236
27183, 1236
14868, 1236
15361, 1236
24082, 1236
1236, 18486
29117, 1237
1237, 27054
12093, 1238
1238, 13857
8430, 1239
1239, 11035
21355, 1240
1240, 23271
12714, 1241
1241, 13090
19002, 1242
24431, 1242
29056, 1242
9036, 1242
1242, 18161
14123, 1243
1243, 13785
27825, 1244
1244, 29307
15703, 1245
1245, 27699
26072, 1246
1246, 8814
21351, 1247
1247, 19354
18396, 1248
1248, 22340
22145, 1249
1249, 11417
13101, 1250
1250, 11531
26851, 1251
1251, 29675
22666, 1252
13714, 1252
1252, 14023
29344, 1253
1253, 19019
20442, 1254
1254, 19984
22839, 1255
28581, 1255
22908, 1255
9131, 1255
1255, 19368
22176, 1256
1256, 25306
25974, 1257
1257, 22656
23463, 1258
1258, 19918
1258, 7522
1258, 30069
1258, 16280
1258, 12895
1258, 17670
1258, 13454
1258, 16531
1258, 19308
1258, 29985
1258, 10337
1258, 28896
1258, 7686
1258, 14653
1258, 18978
1258, 11474
1258, 27777
1258, 28100
1258, 22874
1258, 24965
1258, 27184
1258, 17489
1258, 13230
1258, 27498
1258, 26498
1258, 13896
1258, 17310
1258, 30455
1258, 12028
1258, 12423
1258, 30136
1258, 21471
1258, 13745
1258, 20313
1258, 10362
1258, 14701
1258, 22867
1258, 27674
1258, 23534
1258, 15521
1258, 22494
1258, 18181
1258, 28010
1258, 26909
1258, 26984
1258, 24866
1258, 12445
1258, 8910
1258, 10938
1258, 10007
1258, 16641
1258, 29565
1258, 9647
1258, 17185
1258, 15968
1258, 26147
1258, 20967
1258, 24546
1258, 19931
1258, 14538
1258, 7699
1258, 22280
1258, 12358
1258, 21693
1258, 14987
1258, 16018
1258, 7750
1258, 10662
1258, 17847
1258, 16550
1258, 20885
1258, 25135
1258, 27069
1258, 8228
1258, 25552
1258, 19474
1258, 11399
1258, 19597
1258, 22472
1258, 25558
1258, 8810
1258, 9164
1258, 13717
1258, 16277
1258, 17465
1258, 9285
1258, 25348
1258, 19370
1258, 26362
1258, 13921
1258, 13954
1258, 9967
1258, 17643
1258, 15316
1258, 9648
1258, 19146
1258, 9119
19333, 1259
20500, 1259
1259, 30329
15120, 1260
1260, 25306
7675, 1261
1261, 13622
13913, 1262
1262, 25049
16795, 1263
1263, 12871
15477, 1264
1264, 15694
15713, 1265
26956, 1265
22075, 1265
20659, 1265
7616, 1265
1265, 24187
20020, 1266
21104, 1266
1266, 13149
14815, 1267
1267, 12430
26990, 1268
1268, 13080
24492, 1269
1269, 19688
25519, 1270
1270, 19316
11221, 1271
1271, 25049
13200, 1272
1272, 29999
18490, 1273
1273, 10314
14388, 1274
11827, 1274
21603, 1274
13080, 1274
14852, 1274
23833, 1274
13432, 1274
13110, 1274
25264, 1274
29195, 1274
26806, 1274
25049, 1274
21957, 1274
22836, 1274
19315, 1274
26843, 1274
18434, 1274
29833, 1274
18640, 1274
21590, 1274
18209, 1274
26895, 1274
14922, 1274
20676, 1274
28212, 1274
23903, 1274
16349, 1274
26863, 1274
12729, 1274
25666, 1274
25815, 1274
25410, 1274
15857, 1274
19368, 1274
18353, 1274
11607, 1274
22321, 1274
13070, 1274
26417, 1274
13149, 1274
20934, 1274
7751, 1274
17333, 1274
15537, 1274
20937, 1274
17051, 1274
24293, 1274
21683, 1274
9417, 1274
17688, 1274
7932, 1274
23182, 1274
25589, 1274
9790, 1274
14419, 1274
24815, 1274
10269, 1274
29355, 1274
24666, 1274
23706, 1274
22656, 1274
12106, 1274
27248, 1274
18753, 1274
28922, 1274
10500, 1274
18255, 1274
30308, 1274
10913, 1274
8814, 1274
12021, 1274
20099, 1274
10507, 1274
9592, 1274
29391, 1274
14343, 1274
23407, 1274
22653, 1274
20788, 1274
18182, 1274
18482, 1274
11564, 1274
27361, 1274
30267, 1274
17561, 1274
21230, 1274
1274, 29049
29117, 1275
1275, 15845
15190, 1276
25140, 1276
1276, 15800
12221, 1277
1277, 13785
1277, 15406
25459, 1278
1278, 16167
18282, 1279
29787, 1279
1279, 12124
17571, 1280
1280, 28048
29344, 1281
1281, 11030
15821, 1282
1282, 15780
10423, 1283
1283, 27258
18858, 1284
1284, 26694
15821, 1285
1285, 24998
10371, 1286
1286, 9939
8684, 1287
25711, 1287
1287, 13727
27924, 1288
1288, 21320
29344, 1289
1289, 10078
24537, 1290
1290, 18671
9567, 1291
14997, 1291
17346, 1291
16148, 1291
1291, 8814
15621, 1292
12185, 1292
1292, 27662
14880, 1293
1293, 29999
29548, 1294
1294, 10507
13917, 1295
1295, 10507
13555, 1296
1296, 16700
18546, 1297
1297, 19157
26471, 1298
1298, 16349
13939, 1299
1299, 8055
11644, 1300
1300, 15303
10821, 1301
20472, 1301
1301, 25049
25705, 1302
1302, 25278
19929, 1303
1303, 17187
24997, 1304
1304, 21985
10401, 1305
1305, 15321
10366, 1306
1306, 29911
29344, 1307
1307, 18679
13465, 1308
1308, 18384
7703, 1309
1309, 24138
27230, 1310
12366, 1310
10141, 1310
27406, 1310
16762, 1310
1310, 13318
24176, 1311
1311, 19870
1311, 12830
15628, 1312
1312, 9734
8763, 1313
28798, 1313
8947, 1313
10895, 1313
22016, 1313
18708, 1313
26402, 1313
1313, 19992
14135, 1314
10691, 1314
27208, 1314
27819, 1314
14590, 1314
1314, 9059
26758, 1315
1315, 13622
13514, 1316
1316, 29082
16598, 1317
1317, 8814
18428, 1318
1318, 30428
9557, 1319
19568, 1319
28180, 1319
1319, 29002
14458, 1320
1320, 27350
16504, 1321
1321, 29391
13938, 1322
1322, 13324
12857, 1323
1323, 10209
13861, 1324
1324, 21981
14687, 1325
1325, 21235
24826, 1326
1326, 22091
26071, 1327
1327, 10605
29437, 1328
28287, 1328
1328, 16356
15923, 1329
1329, 16493
25731, 1330
1330, 16290
14510, 1331
1331, 14852
20724, 1332
1332, 12396
25101, 1333
1333, 13276
16333, 1334
1334, 19368
19688, 1335
8329, 1335
29897, 1335
14218, 1335
10314, 1335
27101, 1335
20852, 1335
28849, 1335
24535, 1335
30171, 1335
16297, 1335
13818, 1335
14957, 1335
29813, 1335
23276, 1335
11236, 1335
13622, 1335
7661, 1335
23427, 1335
8113, 1335
10711, 1335
24493, 1335
21242, 1335
30120, 1335
25263, 1335
26901, 1335
21607, 1335
29059, 1335
21818, 1335
1335, 29344
1335, 10916
28101, 1336
1336, 22760
20469, 1337
1337, 17125
19664, 1338
1338, 29678
28289, 1339
1339, 21473
9450, 1340
1340, 16298
11908, 1341
14804, 1341
27029, 1341
1341, 25049
14970, 1342
1342, 15892
27099, 1343
1343, 8669
23463, 1344
1344, 28938
1344, 18853
1344, 15033
1344, 8487
1344, 8527
1344, 16494
1344, 26529
1344, 8284
1344, 17031
1344, 22504
1344, 10329
1344, 22951
1344, 15775
1344, 20865
1344, 30415
1344, 18641
1344, 27608
1344, 14270
1344, 19508
1344, 15515
1344, 21577
1344, 21423
1344, 17034
1344, 29931
1344, 23716
1344, 11590
1344, 19566
1344, 7487
1344, 14583
1344, 22812
1344, 29204
1344, 29801
1344, 29377
1344, 7923
1344, 25625
1344, 10157
1344, 8366
1344, 17890
1344, 14263
1344, 7913
1344, 24797
1344, 16011
1344, 19449
1344, 24110
1344, 13365
1344, 19377
1344, 28969
1344, 13955
1344, 28124
1344, 8577
1344, 18526
1344, 30005
1344, 19204
1344, 13463
1344, 18877
1344, 10731
1344, 27884
1344, 9069
1344, 17276
1344, 10221
1344, 25180
1344, 22186
1344, 24985
1344, 7813
1344, 26107
1344, 12392
1344, 10851
1344, 30138
1344, 9929
1344, 13544
1344, 8876
1344, 20435
1344, 10135
1344, 24981
1344, 8402
1344, 26879
1344, 22517
1344, 11062
1344, 28696
1344, 29730
23569, 1345
23847, 1345
13236, 1345
18592, 1345
24051, 1345
1345, 19947
1345, 14503
28941, 1346
1346, 22308
13360, 1347
11930, 1347
1347, 11379
17155, 1348
1348, 28198
12621, 1349
1349, 12585
30145, 1350
1350, 23402
22896, 1351
1351, 27085
1351, 12255
23155, 1352
1352, 23072
1352, 12834
14434, 1353
1353, 27699
25876, 1354
1354, 13785
22563, 1355
1355, 13785
19949, 1356
1356, 8730
22022, 1357
1357, 28793
25602, 1358
1358, 8509
18282, 1359
1359, 21683
21337, 1360
1360, 19572
30244, 1361
1361, 20922
24003, 1362
1362, 14511
18256, 1363
25765, 1363
1363, 18806
14978, 1364
1364, 9275
8928, 1365
1365, 28887
23978, 1366
1366, 18664
25591, 1367
11529, 1367
12261, 1367
1367, 14852
20690, 1368
13565, 1368
1368, 13405
8684, 1369
1369, 13727
15480, 1370
1370, 19688
24225, 1371
1371, 23541
19558, 1372
17597, 1372
1372, 25162
21559, 1373
1373, 11564
8321, 1374
1374, 25866
26481, 1375
1375, 24029
16075, 1376
16338, 1376
1376, 12619
23155, 1377
1377, 21284
1377, 11914
27627, 1378
1378, 28236
27367, 1379
13114, 1379
1379, 25891
21149, 1380
1380, 10507
29344, 1381
1381, 12574
22448, 1382
1382, 12613
29971, 1383
1383, 14379
16263, 1384
19639, 1384
14082, 1384
24218, 1384
10722, 1384
26425, 1384
26993, 1384
8680, 1384
30322, 1384
28058, 1384
27898, 1384
13961, 1384
21431, 1384
18818, 1384
1384, 25049
24186, 1385
1385, 9790
13259, 1386
1386, 25049
10279, 1387
1387, 20937
25703, 1388
1388, 29794
10438, 1389
1389, 8732
20945, 1390
8997, 1390
17981, 1390
24126, 1390
27755, 1390
24111, 1390
14614, 1390
11838, 1390
26305, 1390
26254, 1390
1390, 15615
26447, 1391
29163, 1391
1391, 22915
13069, 1392
1392, 15645
30072, 1393
1393, 28632
14289, 1394
26323, 1394
17613, 1394
20222, 1394
30347, 1394
26247, 1394
20476, 1394
26545, 1394
24020, 1394
7570, 1394
29928, 1394
29476, 1394
30074, 1394
20919, 1394
21634, 1394
24036, 1394
11024, 1394
14722, 1394
26920, 1394
23343, 1394
12000, 1394
9524, 1394
14163, 1394
11053, 1394
28079, 1394
29785, 1394
22970, 1394
18634, 1394
27811, 1394
18268, 1394
25728, 1394
18168, 1394
11051, 1394
25823, 1394
13739, 1394
9863, 1394
8091, 1394
22457, 1394
20816, 1394
30144, 1394
18161, 1394
14598, 1394
7864, 1394
26436, 1394
14599, 1394
12866, 1394
15096, 1394
28627, 1394
11466, 1394
26995, 1394
27992, 1394
21294, 1394
12496, 1394
15716, 1394
18471, 1394
10321, 1394
7958, 1394
24274, 1394
24195, 1394
9661, 1394
14522, 1394
9347, 1394
16942, 1394
16124, 1394
23011, 1394
27239, 1394
28531, 1394
23520, 1394
17856, 1394
7539, 1394
15599, 1394
18474, 1394
10207, 1394
25757, 1394
1394, 20917
29784, 1395
1395, 14037
20622, 1396
1396, 20085
16959, 1397
1397, 13775
21044, 1398
1398, 30267
8935, 1399
1399, 14332
23445, 1400
1400, 17723
10156, 1401
1401, 8006
8709, 1402
20718, 1402
26182, 1402
16815, 1402
1402, 7661
19412, 1403
23376, 1403
1403, 21477
16622, 1404
26352, 1404
1404, 16286
15485, 1405
1405, 15560
25850, 1406
1406, 11726
11363, 1407
1407, 26705
12122, 1408
1408, 30190
9360, 1409
1409, 11619
12910, 1410
22020, 1410
1410, 28306
21878, 1411
1411, 11124
1411, 10207
12684, 1412
21434, 1412
1412, 25300
16831, 1413
1413, 25049
23509, 1414
12891, 1414
1414, 10507
20240, 1415
1415, 18971
12100, 1416
1416, 11025
26032, 1417
9976, 1417
1417, 11564
24563, 1418
12733, 1418
1418, 25049
11877, 1419
1419, 24369
12209, 1420
1420, 14852
9686, 1421
1421, 13046
26861, 1422
14565, 1422
1422, 22508
13939, 1423
1423, 27473
29344, 1424
1424, 20079
14127, 1425
1425, 8541
30038, 1426
1426, 26183
27572, 1427
1427, 14913
19249, 1428
1428, 17076
15539, 1429
30090, 1429
28605, 1429
27164, 1429
1429, 13218
15821, 1430
1430, 12679
23585, 1431
1431, 20959
23697, 1432
1432, 24131
16804, 1433
1433, 27327
25981, 1434
1434, 11181
11195, 1435
1435, 14606
29008, 1436
23155, 1436
1436, 29102
1436, 10687
20442, 1437
1437, 19984
29344, 1438
1438, 11030
23155, 1439
1439, 11169
27368, 1440
15022, 1440
1440, 14585
16188, 1441
1441, 24293
21137, 1442
1442, 25555
28813, 1443
1443, 22334
24801, 1444
1444, 29908
29686, 1445
1445, 18747
24043, 1446
17129, 1446
1446, 27523
25506, 1447
1447, 25264
23281, 1448
1448, 23310
22195, 1449
1449, 19315
23772, 1450
1450, 11827
11851, 1451
1451, 26868
1451, 19368
22333, 1452
1452, 14498
22152, 1453
1453, 13362
1453, 14333
23155, 1454
1454, 26981
1454, 26061
1454, 26392
22257, 1455
1455, 24754
8722, 1456
1456, 9657
8641, 1457
21640, 1457
26573, 1457
1457, 30120
16067, 1458
26381, 1458
11480, 1458
14696, 1458
1458, 28922
19829, 1459
1459, 15367
24089, 1460
28890, 1460
1460, 12912
11734, 1461
1461, 12753
26268, 1462
1462, 12073
27814, 1463
1463, 11728
20730, 1464
1464, 14275
7711, 1465
1465, 9912
29787, 1466
1466, 15127
30407, 1467
1467, 13749
1467, 11392
27545, 1468
1468, 13409
20138, 1469
1469, 28396
19235, 1470
1470, 23922
12160, 1471
1471, 24023
26254, 1472
1472, 7794
21376, 1473
1473, 16651
10355, 1474
1474, 22169
14580, 1475
1475, 11564
19841, 1476
1476, 17706
12892, 1477
1477, 12568
28101, 1478
1478, 22760
23766, 1479
1479, 11704
28161, 1480
24707, 1480
1480, 13080
18973, 1481
22282, 1481
1481, 24086
29356, 1482
1482, 21981
8579, 1483
25506, 1483
1483, 25264
9808, 1484
8769, 1484
25660, 1484
17336, 1484
28827, 1484
13080, 1484
14852, 1484
18104, 1484
20999, 1484
25264, 1484
7516, 1484
25049, 1484
25432, 1484
30283, 1484
23922, 1484
20130, 1484
13967, 1484
29833, 1484
12769, 1484
12505, 1484
19984, 1484
21400, 1484
15371, 1484
9541, 1484
17869, 1484
11192, 1484
19371, 1484
11035, 1484
15857, 1484
19903, 1484
19368, 1484
15370, 1484
17896, 1484
28024, 1484
13149, 1484
21962, 1484
24824, 1484
20429, 1484
30329, 1484
10474, 1484
15276, 1484
14129, 1484
24293, 1484
17257, 1484
17389, 1484
26763, 1484
30254, 1484
21557, 1484
13811, 1484
13727, 1484
22428, 1484
21579, 1484
8865, 1484
14003, 1484
25147, 1484
19707, 1484
22915, 1484
19205, 1484
23706, 1484
18171, 1484
20093, 1484
18055, 1484
21926, 1484
22656, 1484
17130, 1484
28922, 1484
29136, 1484
8262, 1484
16616, 1484
13934, 1484
10507, 1484
19274, 1484
27170, 1484
14343, 1484
28143, 1484
12165, 1484
21772, 1484
24083, 1484
15570, 1484
11564, 1484
27361, 1484
21981, 1484
22334, 1484
24483, 1484
27875, 1484
1484, 21167
20897, 1485
1485, 19739
22731, 1486
21112, 1486
1486, 24135
1486, 21649
1486, 28668
1486, 26078
1486, 7743
1486, 25894
1486, 23248
1486, 16530
1486, 11070
1486, 10793
1486, 17817
1486, 14770
1486, 23998
1486, 14158
1486, 7980
1486, 22285
1486, 13570
16959, 1487
1487, 17770
9428, 1488
1488, 9196
22335, 1489
18411, 1489
1489, 8092
11720, 1490
1490, 22564
14571, 1491
17335, 1491
1491, 13080
9399, 1492
1492, 28922
22814, 1493
1493, 10534
29765, 1494
1494, 9805
1494, 11668
18282, 1495
1495, 11269
23615, 1496
14482, 1496
28843, 1496
26635, 1496
12444, 1496
15792, 1496
1496, 23036
17219, 1497
1497, 30267
10067, 1498
1498, 25049
10742, 1499
1499, 22301
1499, 24319
22634, 1500
1500, 11828
1500, 15550
1500, 30088
1500, 13970
30422, 1501
1501, 13808
21973, 1502
13164, 1502
1502, 29833
17146, 1503
1503, 22355
1503, 16024
18282, 1504
1504, 21683
29344, 1505
1505, 18323
23969, 1506
1506, 28072
11268, 1507
1507, 11818
29344, 1508
1508, 19733
20103, 1509
1509, 17308
24810, 1510
1510, 24896
1510, 11050
17875, 1511
1511, 12368
23318, 1512
1512, 24293
24420, 1513
1513, 20170
1513, 17298
1513, 13522
1513, 16713
1513, 22967
1513, 27593
1513, 19241
1513, 14917
28945, 1514
1514, 11501
14693, 1515
1515, 24792
9028, 1516
1516, 27223
17620, 1517
21494, 1517
13959, 1517
28892, 1517
9777, 1517
10325, 1517
16322, 1517
25278, 1517
15981, 1517
20872, 1517
25980, 1517
10001, 1517
9634, 1517
26455, 1517
16212, 1517
14531, 1517
15355, 1517
8753, 1517
17080, 1517
20356, 1517
14046, 1517
13564, 1517
27934, 1517
23540, 1517
26061, 1517
25502, 1517
22914, 1517
19109, 1517
26392, 1517
21378, 1517
9158, 1517
16484, 1517
18727, 1517
15804, 1517
10135, 1517
14215, 1517
14553, 1517
21785, 1517
27194, 1517
8459, 1517
10317, 1517
27870, 1517
14626, 1517
28887, 1517
12083, 1517
24133, 1517
25111, 1517
1517, 20917
30077, 1518
1518, 20341
11186, 1519
1519, 29636
29784, 1520
1520, 30442
11349, 1521
1521, 24293
21646, 1522
28030, 1522
1522, 27231
29765, 1523
1523, 11668
10788, 1524
1524, 7955
28702, 1525
1525, 18975
1525, 14069
13169, 1526
1526, 11564
18165, 1527
1527, 21808
13656, 1528
1528, 8814
17535, 1529
10516, 1529
11581, 1529
1529, 27880
7733, 1530
1530, 24293
12719, 1531
15655, 1531
21836, 1531
29037, 1531
1531, 20934
22157, 1532
1532, 25049
24043, 1533
1533, 27523
17443, 1534
11216, 1534
22694, 1534
19124, 1534
1534, 18219
15103, 1535
1535, 17880
17252, 1536
15573, 1536
20016, 1536
1536, 13080
27981, 1537
1537, 8210
27521, 1538
1538, 12413
14694, 1539
1539, 8912
12702, 1540
23924, 1540
25441, 1540
1540, 27361
25201, 1541
1541, 27000
26947, 1542
22882, 1542
1542, 25049
29398, 1543
1543, 18139
19168, 1544
1544, 28036
17756, 1545
8018, 1545
20654, 1545
9475, 1545
14286, 1545
15679, 1545
20747, 1545
24896, 1545
16943, 1545
11032, 1545
17235, 1545
15412, 1545
21671, 1545
20071, 1545
17527, 1545
18086, 1545
23733, 1545
22638, 1545
13868, 1545
11050, 1545
1545, 20917
26886, 1546
12502, 1546
1546, 29833
22701, 1547
10829, 1547
28304, 1547
17486, 1547
23052, 1547
1547, 25875
19716, 1548
1548, 25933
12825, 1549
1549, 27810
1549, 23246
1549, 17933
9102, 1550
12088, 1550
10354, 1550
1550, 25057
15286, 1551
1551, 22808
1551, 14601
29753, 1552
1552, 13409
21878, 1553
1553, 9606
1553, 14568
19173, 1554
1554, 18621
11974, 1555
1555, 19368
25565, 1556
1556, 26893
9663, 1557
1557, 18292
10873, 1558
1558, 9385
13794, 1559
1559, 22656
22931, 1560
1560, 24794
9400, 1561
1561, 27890
23832, 1562
1562, 18019
8648, 1563
29818, 1563
1563, 18060
1563, 21739
20442, 1564
1564, 19984
12304, 1565
1565, 28662
14759, 1566
1566, 11628
16749, 1567
1567, 27785
29344, 1568
1568, 23833
23599, 1569
1569, 27975
16496, 1570
1570, 23132
21351, 1571
1571, 8730
26429, 1572
1572, 14028
19306, 1573
1573, 16495
8086, 1574
1574, 21592
1574, 15727
8979, 1575
1575, 25049
25581, 1576
1576, 8250
9530, 1577
1577, 20497
17328, 1578
1578, 14852
7875, 1579
1579, 21002
24445, 1580
17755, 1580
1580, 21059
23155, 1581
1581, 9983
12743, 1582
1582, 17645
23272, 1583
13929, 1583
10005, 1583
1583, 9302
29905, 1584
1584, 16937
13050, 1585
27334, 1585
13401, 1585
16503, 1585
21123, 1585
20996, 1585
1585, 27361
17358, 1586
1586, 23910
1586, 20654
1586, 17527
24821, 1587
1587, 7710
29765, 1588
1588, 11668
14300, 1589
1589, 30387
11090, 1590
10674, 1590
1590, 22656
16265, 1591
23789, 1591
25175, 1591
26821, 1591
8882, 1591
17420, 1591
28853, 1591
14299, 1591
17108, 1591
18406, 1591
19985, 1591
10208, 1591
27666, 1591
15618, 1591
9356, 1591
14533, 1591
14318, 1591
21643, 1591
11467, 1591
28588, 1591
20331, 1591
25072, 1591
1591, 20999
24408, 1592
1592, 23710
22330, 1593
1593, 15223
19649, 1594
14110, 1594
13042, 1594
24697, 1594
19158, 1594
23212, 1594
18710, 1594
1594, 15767
20663, 1595
28372, 1595
1595, 13663
1595, 22343
7770, 1596
1596, 9366
23938, 1597
1597, 10047
18272, 1598
15715, 1598
12427, 1598
9427, 1598
8906, 1598
11159, 1598
1598, 8622
22743, 1599
24837, 1599
11174, 1599
23677, 1599
28543, 1599
19500, 1599
21229, 1599
26288, 1599
1599, 8814
29344, 1600
1600, 22748
29710, 1601
1601, 10711
16875, 1602
1602, 16628
10884, 1603
1603, 9582
24098, 1604
1604, 21981
13938, 1605
1605, 24659
15340, 1606
1606, 25306
8691, 1607
1607, 30151
14846, 1608
1608, 19702
23717, 1609
21435, 1609
28017, 1609
21266, 1609
17679, 1609
22419, 1609
1609, 11215
12946, 1610
1610, 30107
8889, 1611
1611, 17905
28001, 1612
1612, 15406
15009, 1613
21880, 1613
1613, 12276
29618, 1614
1614, 23518
17145, 1615
1615, 24116
23153, 1616
7573, 1616
16721, 1616
1616, 21926
17358, 1617
1617, 9959
1617, 28075
29344, 1618
1618, 22019
11920, 1619
1619, 9790
22896, 1620
1620, 7893
1620, 30444
14382, 1621
1621, 14531
20658, 1622
13425, 1622
28506, 1622
16005, 1622
1622, 12303
14395, 1623
1623, 24720
8416, 1624
27986, 1624
20610, 1624
29146, 1624
10041, 1624
1624, 18779
19883, 1625
1625, 9790
8344, 1626
8410, 1626
1626, 18493
15610, 1627
1627, 18094
18278, 1628
1628, 27826
24302, 1629
1629, 17253
25429, 1630
19941, 1630
9824, 1630
15192, 1630
25158, 1630
1630, 10507
27894, 1631
1631, 25306
26353, 1632
1632, 21788
7546, 1633
13360, 1633
1633, 23658
1633, 11412
23150, 1634
1634, 24527
16959, 1635
1635, 29033
17929, 1636
10710, 1636
1636, 8078
1636, 19620
1636, 23055
1636, 14373
1636, 20297
1636, 14238
1636, 13537
1636, 21258
1636, 26078
1636, 14072
1636, 16530
1636, 26117
1636, 17068
1636, 25712
1636, 16895
1636, 11843
1636, 13988
1636, 26735
1636, 11594
1636, 21013
1636, 27769
1636, 11273
1636, 13570
1636, 8099
16505, 1637
13278, 1637
1637, 26797
11567, 1638
1638, 29911
22896, 1639
1639, 24034
20847, 1640
24850, 1640
27042, 1640
15462, 1640
28602, 1640
7785, 1640
20478, 1640
26829, 1640
9201, 1640
23297, 1640
12660, 1640
23515, 1640
25873, 1640
22623, 1640
22942, 1640
11087, 1640
17376, 1640
19662, 1640
9242, 1640
27497, 1640
11415, 1640
1640, 30329
18950, 1641
26254, 1641
16411, 1641
1641, 10920
22406, 1642
1642, 18227
15104, 1643
1643, 25049
15942, 1644
1644, 24104
24498, 1645
1645, 21058
24464, 1646
1646, 25978
10383, 1647
1647, 14874
22776, 1648
1648, 26567
25566, 1649
1649, 20852
14310, 1650
1650, 9260
1650, 23246
21181, 1651
21372, 1651
15883, 1651
20544, 1651
10048, 1651
13492, 1651
17331, 1651
9781, 1651
27300, 1651
8925, 1651
12864, 1651
17987, 1651
23420, 1651
23861, 1651
26581, 1651
30265, 1651
30447, 1651
20335, 1651
22254, 1651
12915, 1651
15581, 1651
1651, 17789
8485, 1652
24234, 1652
1652, 10182
22689, 1653
1653, 7555
29117, 1654
1654, 23782
20941, 1655
1655, 10433
24170, 1656
1656, 17763
9127, 1657
11517, 1657
10170, 1657
12052, 1657
13118, 1657
15082, 1657
29544, 1657
29062, 1657
18385, 1657
26056, 1657
19425, 1657
26818, 1657
9481, 1657
13688, 1657
10746, 1657
8682, 1657
8173, 1657
12686, 1657
25687, 1657
15057, 1657
29302, 1657
8270, 1657
15827, 1657
8126, 1657
19142, 1657
25011, 1657
19659, 1657
30044, 1657
17907, 1657
20146, 1657
9307, 1657
25583, 1657
30312, 1657
19881, 1657
25938, 1657
1657, 20917
15200, 1658
10267, 1658
17450, 1658
1658, 23903
10779, 1659
1659, 27840
10185, 1660
1660, 20662
26784, 1661
1661, 9689
22113, 1662
1662, 10342
23542, 1663
1663, 22471
28942, 1664
1664, 23922
15526, 1665
1665, 19858
15702, 1666
1666, 21981
24463, 1667
1667, 16364
18346, 1668
1668, 22158
12795, 1669
1669, 22733
26911, 1670
1670, 21230
17948, 1671
1671, 22769
10857, 1672
9855, 1672
1672, 9638
14879, 1673
1673, 29391
12320, 1674
24222, 1674
17608, 1674
15869, 1674
11204, 1674
7819, 1674
25029, 1674
1674, 24293
26116, 1675
1675, 14540
16959, 1676
1676, 13380
19544, 1677
1677, 28834
10493, 1678
1678, 27361
23114, 1679
21759, 1679
18095, 1679
30408, 1679
14851, 1679
1679, 12613
14020, 1680
1680, 19365
1680, 12876
26180, 1681
1681, 20626
21878, 1682
1682, 9076
8548, 1683
29951, 1683
15865, 1683
15365, 1683
24628, 1683
1683, 15195
9133, 1684
1684, 10396
16097, 1685
1685, 28154
23634, 1686
1686, 29314
1686, 13858
1686, 12354
13356, 1687
1687, 13065
26667, 1688
1688, 9790
11076, 1689
1689, 19684
11788, 1690
1690, 24621
28077, 1691
1691, 27908
29344, 1692
1692, 21981
24862, 1693
20680, 1693
1693, 25400
23150, 1694
1694, 24527
21032, 1695
1695, 19707
8179, 1696
1696, 24983
15596, 1697
1697, 22468
20897, 1698
1698, 24870
12939, 1699
16231, 1699
10871, 1699
28523, 1699
20570, 1699
23219, 1699
24381, 1699
23498, 1699
22042, 1699
1699, 14374
7918, 1700
18599, 1700
23211, 1700
10200, 1700
29192, 1700
8460, 1700
23947, 1700
23435, 1700
1700, 16777
19333, 1701
1701, 30329
15746, 1702
1702, 13021
18282, 1703
1703, 17744
27982, 1704
1704, 12571
16685, 1705
28841, 1705
26141, 1705
24571, 1705
27806, 1705
28399, 1705
23172, 1705
29474, 1705
24782, 1705
29250, 1705
1705, 28922
16956, 1706
27139, 1706
1706, 16822
18653, 1707
1707, 13080
16006, 1708
20462, 1708
9576, 1708
17985, 1708
25697, 1708
23980, 1708
14990, 1708
28580, 1708
11251, 1708
20898, 1708
13153, 1708
1708, 19368
13470, 1709
11039, 1709
15733, 1709
25059, 1709
10595, 1709
19073, 1709
8241, 1709
12416, 1709
11130, 1709
26198, 1709
16239, 1709
18341, 1709
12032, 1709
13810, 1709
24803, 1709
23259, 1709
29030, 1709
10345, 1709
25983, 1709
11486, 1709
23391, 1709
29183, 1709
13438, 1709
8500, 1709
19339, 1709
14683, 1709
24958, 1709
19005, 1709
23316, 1709
20638, 1709
15405, 1709
12642, 1709
25096, 1709
1709, 10275
17401, 1710
20272, 1710
1710, 14086
11038, 1711
1711, 17896
27167, 1712
16156, 1712
1712, 15448
24555, 1713
21779, 1713
14154, 1713
28447, 1713
1713, 26012
9216, 1714
1714, 25789
22650, 1715
21667, 1715
17041, 1715
8789, 1715
22762, 1715
16363, 1715
1715, 29678
14382, 1716
1716, 26683
1716, 15788
7702, 1717
1717, 24293
25395, 1718
1718, 19631
23351, 1719
8763, 1719
14895, 1719
20973, 1719
1719, 22478
9886, 1720
1720, 27618
19976, 1721
1721, 22671
9325, 1722
1722, 19234
16954, 1723
1723, 13080
8108, 1724
23909, 1724
1724, 23525
11331, 1725
1725, 18055
24482, 1726
1726, 30401
10068, 1727
1727, 22656
16391, 1728
1728, 27361
25016, 1729
1729, 17905
21878, 1730
1730, 22260
1730, 9303
1730, 23859
12075, 1731
1731, 13796
18030, 1732
1732, 10159
12880, 1733
1733, 22656
28018, 1734
1734, 23680
19688, 1735
19652, 1735
20852, 1735
10228, 1735
10039, 1735
30029, 1735
9018, 1735
12090, 1735
21818, 1735
26567, 1735
18045, 1735
21320, 1735
11818, 1735
7661, 1735
1735, 29344
1735, 10442
20784, 1736
12113, 1736
22242, 1736
23533, 1736
29295, 1736
14297, 1736
17141, 1736
14446, 1736
1736, 21075
7761, 1737
1737, 22915
29344, 1738
1738, 28531
13756, 1739
1739, 15079
9321, 1740
1740, 16790
14971, 1741
25765, 1741
26855, 1741
1741, 18811
21337, 1742
1742, 13737
1742, 25124
22634, 1743
1743, 25613
26002, 1744
1744, 30134
18523, 1745
1745, 30451
29344, 1746
1746, 13679
20120, 1747
1747, 8866
17003, 1748
8504, 1748
1748, 27638
9450, 1749
1749, 29674
18862, 1750
8751, 1750
1750, 18055
22933, 1751
1751, 26566
15658, 1752
1752, 29999
1752, 8199
19755, 1753
1753, 14791
28141, 1754
23764, 1754
23273, 1754
15772, 1754
1754, 16973
15538, 1755
1755, 18626
12861, 1756
1756, 9620
8591, 1757
1757, 27512
14095, 1758
1758, 20554
27019, 1759
1759, 25264
1759, 24532
25744, 1760
1760, 29107
11223, 1761
1761, 8718
27534, 1762
1762, 11008
27521, 1763
1763, 27756
25633, 1764
1764, 14753
8695, 1765
8334, 1765
27821, 1765
22578, 1765
1765, 16212
8767, 1766
1766, 12650
18282, 1767
1767, 13064
29344, 1768
1768, 22300
30262, 1769
1769, 24345
11363, 1770
1770, 19229
19007, 1771
9494, 1771
9212, 1771
25819, 1771
28476, 1771
13754, 1771
20006, 1771
10386, 1771
17206, 1771
13522, 1771
24647, 1771
29931, 1771
12777, 1771
8782, 1771
20160, 1771
22582, 1771
18578, 1771
13608, 1771
29908, 1771
25690, 1771
20802, 1771
13252, 1771
9631, 1771
10467, 1771
27453, 1771
24131, 1771
10734, 1771
7748, 1771
19584, 1771
18919, 1771
8216, 1771
11893, 1771
20886, 1771
12423, 1771
12820, 1771
28558, 1771
8545, 1771
28658, 1771
21187, 1771
13776, 1771
12262, 1771
24024, 1771
15006, 1771
16981, 1771
25028, 1771
10952, 1771
25073, 1771
8792, 1771
24573, 1771
19038, 1771
29690, 1771
25668, 1771
13183, 1771
12836, 1771
13185, 1771
19997, 1771
19430, 1771
20909, 1771
22863, 1771
13892, 1771
21833, 1771
22158, 1771
15748, 1771
18469, 1771
26703, 1771
27115, 1771
12246, 1771
19905, 1771
22742, 1771
14101, 1771
24095, 1771
25297, 1771
19743, 1771
24029, 1771
18570, 1771
10018, 1771
21464, 1771
26101, 1771
11835, 1771
18433, 1771
21493, 1771
21755, 1771
23716, 1771
9714, 1771
30021, 1771
25704, 1771
20320, 1771
24255, 1771
16323, 1771
16725, 1771
12459, 1771
15004, 1771
22645, 1771
22272, 1771
29533, 1771
26915, 1771
9874, 1771
28042, 1771
16022, 1771
13630, 1771
17255, 1771
9564, 1771
24137, 1771
27675, 1771
14176, 1771
29622, 1771
10037, 1771
9219, 1771
10460, 1771
16575, 1771
30171, 1771
19947, 1771
17669, 1771
30054, 1771
9425, 1771
20626, 1771
27349, 1771
8275, 1771
27680, 1771
19566, 1771
11619, 1771
20068, 1771
8300, 1771
20342, 1771
16406, 1771
8278, 1771
28637, 1771
20313, 1771
10712, 1771
13390, 1771
29551, 1771
22764, 1771
14420, 1771
15771, 1771
24128, 1771
27826, 1771
29601, 1771
24505, 1771
26272, 1771
22976, 1771
25887, 1771
22867, 1771
20696, 1771
24679, 1771
24172, 1771
15228, 1771
9942, 1771
24500, 1771
16583, 1771
23979, 1771
9657, 1771
28343, 1771
26742, 1771
7645, 1771
13942, 1771
9789, 1771
13132, 1771
27117, 1771
19952, 1771
30354, 1771
24345, 1771
15341, 1771
27206, 1771
13052, 1771
16635, 1771
12070, 1771
8764, 1771
16509, 1771
22140, 1771
22816, 1771
29455, 1771
27094, 1771
10572, 1771
11288, 1771
21037, 1771
27079, 1771
27822, 1771
15560, 1771
23115, 1771
26560, 1771
29792, 1771
25541, 1771
23096, 1771
30223, 1771
8031, 1771
17920, 1771
15963, 1771
19232, 1771
8654, 1771
24250, 1771
26350, 1771
8346, 1771
30425, 1771
11710, 1771
13899, 1771
27653, 1771
25714, 1771
20970, 1771
20550, 1771
25075, 1771
26405, 1771
29995, 1771
22812, 1771
10562, 1771
7775, 1771
15993, 1771
13338, 1771
22494, 1771
20042, 1771
10690, 1771
18241, 1771
26497, 1771
16542, 1771
9702, 1771
18622, 1771
19254, 1771
26439, 1771
23513, 1771
25911, 1771
14711, 1771
24401, 1771
22192, 1771
30029, 1771
28122, 1771
23031, 1771
28010, 1771
11649, 1771
18630, 1771
29204, 1771
13393, 1771
22479, 1771
17632, 1771
25745, 1771
25386, 1771
27213, 1771
24570, 1771
25443, 1771
19624, 1771
22992, 1771
27258, 1771
16541, 1771
28488, 1771
19277, 1771
16246, 1771
28481, 1771
8316, 1771
18145, 1771
27028, 1771
16425, 1771
28726, 1771
30385, 1771
24897, 1771
29801, 1771
10896, 1771
12291, 1771
29384, 1771
28747, 1771
8285, 1771
25486, 1771
15738, 1771
11832, 1771
28617, 1771
8217, 1771
19781, 1771
9118, 1771
11037, 1771
13875, 1771
14909, 1771
23872, 1771
9939, 1771
18793, 1771
12445, 1771
19290, 1771
20311, 1771
24918, 1771
21584, 1771
13376, 1771
25978, 1771
27396, 1771
14276, 1771
20084, 1771
21825, 1771
22212, 1771
25825, 1771
16102, 1771
7656, 1771
16561, 1771
8085, 1771
11968, 1771
16841, 1771
10007, 1771
19053, 1771
21710, 1771
23893, 1771
24435, 1771
18131, 1771
28590, 1771
11773, 1771
14359, 1771
19683, 1771
9166, 1771
24005, 1771
18551, 1771
7964, 1771
8846, 1771
23459, 1771
24081, 1771
28659, 1771
13417, 1771
10586, 1771
15893, 1771
17970, 1771
13777, 1771
20819, 1771
28222, 1771
16692, 1771
22557, 1771
22436, 1771
16024, 1771
21320, 1771
22923, 1771
29860, 1771
8688, 1771
13969, 1771
21840, 1771
29497, 1771
19102, 1771
29114, 1771
16416, 1771
17195, 1771
10521, 1771
10645, 1771
12138, 1771
22508, 1771
23375, 1771
15347, 1771
16207, 1771
10175, 1771
29327, 1771
29678, 1771
17913, 1771
28835, 1771
29395, 1771
11728, 1771
27321, 1771
27641, 1771
16352, 1771
8714, 1771
26379, 1771
13534, 1771
20967, 1771
15997, 1771
18187, 1771
15460, 1771
9759, 1771
14917, 1771
28763, 1771
25162, 1771
21783, 1771
16926, 1771
25166, 1771
17170, 1771
15292, 1771
24038, 1771
23469, 1771
20237, 1771
10056, 1771
19127, 1771
14041, 1771
29203, 1771
10496, 1771
13409, 1771
14141, 1771
21901, 1771
28136, 1771
14808, 1771
15353, 1771
28989, 1771
8605, 1771
26217, 1771
13403, 1771
18964, 1771
8226, 1771
27803, 1771
22343, 1771
30195, 1771
14232, 1771
11928, 1771
24282, 1771
15913, 1771
24600, 1771
18790, 1771
10275, 1771
9912, 1771
1771, 17859
1771, 29344
17358, 1772
1772, 27072
12957, 1773
1773, 7474
11157, 1774
14301, 1774
1774, 13283
18282, 1775
1775, 22275
22188, 1776
1776, 17195
10705, 1777
25647, 1777
29461, 1777
1777, 27327
20897, 1778
1778, 11583
27142, 1779
1779, 20950
8396, 1780
1780, 26797
20958, 1781
1781, 14934
27288, 1782
1782, 20737
12734, 1783
1783, 20662
7532, 1784
1784, 17606
23199, 1785
1785, 16023
25109, 1786
1786, 17957
29495, 1787
25469, 1787
23695, 1787
16885, 1787
19400, 1787
1787, 13476
23000, 1788
1788, 16643
23155, 1789
1789, 10369
1789, 13266
1789, 26842
17878, 1790
1790, 9790
21196, 1791
1791, 20876
8933, 1792
1792, 12912
25380, 1793
1793, 14359
13637, 1794
1794, 24293
11430, 1795
1795, 28309
15496, 1796
1796, 24258
11620, 1797
1797, 14343
11644, 1798
1798, 15303
23155, 1799
1799, 18741
1799, 20727
1799, 29380
29344, 1800
1800, 26785
10106, 1801
1801, 13070
17115, 1802
9209, 1802
1802, 9734
29640, 1803
12456, 1803
12726, 1803
24289, 1803
1803, 8265
29996, 1804
1804, 24146
26254, 1805
1805, 15615
27882, 1806
1806, 29897
8809, 1807
19365, 1807
25949, 1807
30009, 1807
28511, 1807
9753, 1807
15754, 1807
21970, 1807
12443, 1807
11989, 1807
1807, 13719
23155, 1808
1808, 11109
1808, 28207
1808, 24909
1808, 14462
1808, 19096
15197, 1809
1809, 18055
23766, 1810
1810, 29290
1810, 12441
10357, 1811
1811, 8654
18243, 1812
15623, 1812
1812, 21981
8146, 1813
1813, 21683
13894, 1814
9106, 1814
21685, 1814
1814, 27361
15941, 1815
1815, 15247
21753, 1816
1816, 15804
23886, 1817
1817, 8963
18712, 1818
25300, 1818
22651, 1818
11217, 1818
28454, 1818
29174, 1818
24021, 1818
17172, 1818
11827, 1818
28272, 1818
18649, 1818
13080, 1818
13881, 1818
25421, 1818
9280, 1818
13054, 1818
12925, 1818
12025, 1818
18701, 1818
16266, 1818
14546, 1818
11417, 1818
29033, 1818
26295, 1818
7477, 1818
15767, 1818
10744, 1818
18764, 1818
18214, 1818
24831, 1818
12729, 1818
15000, 1818
22820, 1818
23525, 1818
19739, 1818
15535, 1818
10692, 1818
17896, 1818
17719, 1818
26140, 1818
25797, 1818
24687, 1818
14126, 1818
15615, 1818
7617, 1818
19959, 1818
18756, 1818
27996, 1818
21544, 1818
10132, 1818
20088, 1818
22100, 1818
10426, 1818
23483, 1818
24815, 1818
29107, 1818
26649, 1818
15854, 1818
14424, 1818
18055, 1818
9154, 1818
12806, 1818
23402, 1818
19271, 1818
25596, 1818
14282, 1818
17341, 1818
21146, 1818
27361, 1818
7807, 1818
1818, 18410
14314, 1819
13965, 1819
1819, 24293
14480, 1820
1820, 25502
10484, 1821
25064, 1821
1821, 17688
15042, 1822
1822, 25049
12626, 1823
1823, 22408
15456, 1824
1824, 15288
12506, 1825
18666, 1825
18297, 1825
1825, 18353
11125, 1826
29409, 1826
1826, 20934
23324, 1827
1827, 22869
15815, 1828
21183, 1828
19181, 1828
22670, 1828
27045, 1828
22756, 1828
16934, 1828
22879, 1828
10226, 1828
21269, 1828
21847, 1828
22097, 1828
11056, 1828
17056, 1828
7814, 1828
27830, 1828
16343, 1828
15346, 1828
21564, 1828
21191, 1828
25478, 1828
21135, 1828
17639, 1828
19936, 1828
26386, 1828
28709, 1828
17631, 1828
19414, 1828
26465, 1828
27586, 1828
23774, 1828
12393, 1828
25115, 1828
22795, 1828
24790, 1828
13467, 1828
28312, 1828
15579, 1828
10169, 1828
13187, 1828
1828, 26616
22896, 1829
1829, 12402
1829, 20111
1829, 15679
21447, 1830
1830, 15298
29035, 1831
1831, 15687
15427, 1832
1832, 23436
1832, 24839
1832, 25658
1832, 29201
22896, 1833
1833, 10190
18070, 1834
18907, 1834
1834, 9635
11797, 1835
1835, 11827
11937, 1836
1836, 16452
7820, 1837
1837, 19371
8657, 1838
1838, 25795
16959, 1839
1839, 17016
15456, 1840
1840, 15535
19410, 1841
1841, 29195
21932, 1842
1842, 8479
1842, 10315
1842, 9452
1842, 25104
1842, 16326
1842, 30013
1842, 11834
1842, 9167
1842, 30287
1842, 21340
1842, 25758
1842, 8379
1842, 18270
1842, 29135
1842, 12644
1842, 11226
1842, 20096
1842, 19623
1842, 28201
1842, 25696
1842, 21307
1842, 10437
1842, 25367
1842, 23866
1842, 30412
1842, 19788
1842, 23448
1842, 30405
1842, 24602
1842, 16197
1842, 20815
1842, 9851
1842, 11506
1842, 22697
1842, 27610
1842, 20551
1842, 17475
1842, 30042
1842, 11100
1842, 17435
1842, 19103
1842, 24127
1842, 28266
1842, 13550
1842, 15945
1842, 26459
1842, 7736
1842, 25236
1842, 10554
1842, 12071
1842, 14587
1842, 15737
1842, 9223
1842, 27072
1842, 30297
1842, 15686
1842, 29642
1842, 15760
1842, 25403
1842, 21208
1842, 10782
1842, 10556
1842, 19803
1842, 28264
1842, 24106
1842, 8743
1842, 22696
1842, 20757
1842, 23290
1842, 15016
1842, 27444
1842, 11235
1842, 12155
1842, 11778
1842, 12287
1842, 15095
1842, 14700
1842, 20779
1842, 20481
1842, 21024
1842, 17777
1842, 9598
1842, 22039
1842, 10253
1842, 25364
1842, 28875
1842, 29774
1842, 25252
1842, 17959
1842, 16862
1842, 14027
1842, 23948
1842, 26905
1842, 18014
1842, 23005
1842, 12175
1842, 17503
1842, 24015
1842, 9185
1842, 23593
1842, 21606
1842, 29949
1842, 14794
1842, 7500
1842, 16852
1842, 12206
1842, 9563
1842, 12053
1842, 12018
1842, 10318
1842, 13201
1842, 29493
1842, 22465
1842, 26169
1842, 20553
1842, 12462
1842, 8190
1842, 15074
1842, 29375
1842, 15391
1842, 17229
1842, 28600
1842, 26322
1842, 28533
1842, 28640
1842, 23339
1842, 9203
1842, 12759
1842, 11497
1842, 7684
1842, 12923
1842, 21614
1842, 23389
1842, 18726
1842, 23458
1842, 18475
1842, 7556
1842, 25878
1842, 24199
1842, 10360
1842, 13731
1842, 8426
1842, 16407
1842, 28707
1842, 24384
1842, 25438
1842, 21087
1842, 16794
1842, 23885
1842, 29795
1842, 22706
1842, 22081
1842, 10082
1842, 9937
1842, 26521
1842, 24800
25106, 1843
9062, 1843
1843, 19688
12586, 1844
1844, 21544
1844, 25337
1844, 26537
1844, 28806
1844, 14553
24001, 1845
1845, 10500
28695, 1846
1846, 14955
10723, 1847
1847, 25959
1847, 22146
19525, 1848
1848, 21981
19022, 1849
1849, 7767
1849, 27926
1849, 25453
1849, 20844
1849, 18648
1849, 22069
1849, 11457
1849, 22255
1849, 20966
1849, 15306
1849, 13880
1849, 14755
1849, 12963
1849, 22053
1849, 25505
1849, 14368
1849, 15601
1849, 14334
1849, 26030
1849, 14302
1849, 10181
1849, 28080
1849, 8205
1849, 17240
1849, 29374
1849, 19542
1849, 18040
1849, 17484
1849, 12186
1849, 12500
1849, 12772
1849, 29719
1849, 28210
1849, 28995
1849, 23892
1849, 17583
1849, 28903
1849, 12149
1849, 16241
1849, 26624
1849, 22646
1849, 21969
1849, 8312
1849, 15005
1849, 14732
1849, 14174
1849, 23601
1849, 15094
1849, 27892
1849, 15858
1849, 22031
1849, 19893
1849, 18733
1849, 28027
1849, 7743
1849, 20758
1849, 23084
1849, 11731
1849, 27776
1849, 27105
1849, 20986
1849, 27535
1849, 15259
1849, 9025
1849, 28561
1849, 15555
1849, 20822
1849, 25924
15821, 1850
1850, 21818
8387, 1851
24327, 1851
20507, 1851
1851, 11154
24428, 1852
1852, 29585
19558, 1853
21751, 1853
23994, 1853
1853, 25162
14809, 1854
1854, 19368
13360, 1855
1855, 13243
1855, 19658
29344, 1856
1856, 18734
25682, 1857
23850, 1857
19424, 1857
27038, 1857
22225, 1857
1857, 14549
15456, 1858
1858, 19739
8995, 1859
1859, 18714
8247, 1860
1860, 13837
20608, 1861
1861, 12443
14878, 1862
1862, 12229
28221, 1863
11071, 1863
17422, 1863
29909, 1863
12838, 1863
8556, 1863
16552, 1863
1863, 11563
16178, 1864
1864, 10433
20724, 1865
1865, 28376
29023, 1866
13601, 1866
29150, 1866
11991, 1866
1866, 11827
1866, 9790
17370, 1867
1867, 8031
13802, 1868
1868, 14247
1868, 16700
24055, 1869
1869, 22301
21128, 1870
18088, 1870
1870, 13844
19938, 1871
1871, 17502
13395, 1872
27525, 1872
13979, 1872
1872, 16417
29592, 1873
1873, 25049
10464, 1874
1874, 15694
8050, 1875
15474, 1875
16865, 1875
1875, 9790
24228, 1876
25408, 1876
1876, 18055
23766, 1877
1877, 18399
1877, 10939
1877, 28492
21337, 1878
1878, 10441
1878, 21067
1878, 16528
12566, 1879
1879, 12974
20148, 1880
1880, 19368
24792, 1881
21126, 1881
17447, 1881
10110, 1881
7859, 1881
1881, 29344
21504, 1882
1882, 24165
13774, 1883
1883, 27585
20239, 1884
13352, 1884
1884, 24131
23463, 1885
1885, 9894
1885, 26491
1885, 16699
1885, 17421
1885, 21826
1885, 11815
1885, 17670
1885, 20714
1885, 21784
1885, 8487
1885, 20419
1885, 16531
1885, 24386
1885, 11580
1885, 30020
1885, 14653
1885, 9560
1885, 25614
1885, 8052
1885, 19358
1885, 18641
1885, 19471
1885, 17942
1885, 27205
1885, 30371
1885, 27430
1885, 8021
1885, 9810
1885, 12567
1885, 21639
1885, 26865
1885, 19007
1885, 29931
1885, 7748
1885, 29283
1885, 12423
1885, 23716
1885, 20438
1885, 14583
1885, 22479
1885, 17039
1885, 16102
1885, 28590
1885, 16011
1885, 21745
1885, 21922
1885, 24975
1885, 21565
1885, 24627
1885, 19377
1885, 7679
1885, 13523
1885, 22791
1885, 14306
1885, 9121
1885, 13309
1885, 12866
1885, 12301
1885, 25063
1885, 12392
1885, 17465
1885, 15716
1885, 13544
1885, 18742
1885, 13863
1885, 7890
1885, 26879
1885, 11911
1885, 13821
1885, 7539
1885, 13911
1885, 8451
1885, 24007
1885, 21216
1885, 10013
29008, 1886
1886, 9606
1886, 8893
19249, 1887
1887, 11652
26480, 1888
1888, 30445
13127, 1889
1889, 27195
22579, 1890
24593, 1890
1890, 30171
28977, 1891
1891, 11181
13189, 1892
21451, 1892
28913, 1892
22324, 1892
29699, 1892
20671, 1892
27130, 1892
8004, 1892
15638, 1892
28057, 1892
14347, 1892
10468, 1892
29954, 1892
19010, 1892
1892, 13719
18772, 1893
12985, 1893
1893, 25049
29364, 1894
19369, 1894
1894, 13691
17416, 1895
15301, 1895
7520, 1895
19090, 1895
1895, 24597
13124, 1896
1896, 13849
7863, 1897
1897, 16590
29344, 1898
1898, 7507
7681, 1899
1899, 18789
16975, 1900
11591, 1900
7690, 1900
26526, 1900
15310, 1900
17112, 1900
26158, 1900
29269, 1900
22688, 1900
23997, 1900
20153, 1900
9263, 1900
7492, 1900
8516, 1900
16706, 1900
1900, 22869
16379, 1901
1901, 17688
25054, 1902
24510, 1902
1902, 18657
8909, 1903
1903, 16469
1903, 11818
23423, 1904
10202, 1904
29818, 1904
1904, 16460
16720, 1905
1905, 24131
29117, 1906
17358, 1906
1906, 15770
1906, 15418
1906, 16083
13253, 1907
1907, 28721
9550, 1908
1908, 17417
10470, 1909
1909, 29937
17163, 1910
1910, 25661
26743, 1911
1911, 16486
26997, 1912
1912, 28042
29345, 1913
8429, 1913
25681, 1913
25708, 1913
1913, 19368
30244, 1914
1914, 30239
1914, 21609
15851, 1915
1915, 12619
20116, 1916
1916, 13080
29540, 1917
29936, 1917
19730, 1917
21268, 1917
1917, 22656
22611, 1918
12980, 1918
16245, 1918
22585, 1918
18797, 1918
1918, 22915
26923, 1919
1919, 19399
15413, 1920
1920, 18336
22551, 1921
1921, 11827
30081, 1922
1922, 23594
14115, 1923
1923, 27859
8763, 1924
1924, 8809
26711, 1925
1925, 28083
1925, 19594
1925, 17625
1925, 26740
1925, 19149
1925, 7841
1925, 13952
1925, 22783
1925, 20091
1925, 13943
1925, 14792
1925, 25927
1925, 21161
1925, 16514
1925, 13466
1925, 22959
1925, 9482
1925, 27242
1925, 24426
1925, 22129
1925, 25483
1925, 19159
1925, 13787
1925, 16069
1925, 24779
1925, 17193
24480, 1926
1926, 28293
23942, 1927
1927, 22321
23966, 1928
1928, 28562
9502, 1929
1929, 16693
28727, 1930
1930, 9805
18282, 1931
1931, 19533
20020, 1932
1932, 13149
10099, 1933
1933, 22677
10949, 1934
1934, 20424
1934, 28083
1934, 8479
1934, 13322
1934, 12755
1934, 12564
1934, 10486
1934, 25567
1934, 20119
1934, 24519
1934, 25918
1934, 20277
1934, 17237
1934, 23871
1934, 14757
1934, 8147
1934, 9571
1934, 26515
1934, 28261
1934, 19177
1934, 28711
1934, 15068
1934, 16630
1934, 26803
1934, 25030
1934, 23082
1934, 17874
1934, 19868
1934, 14973
1934, 27089
1934, 13420
1934, 24706
1934, 11963
1934, 8824
1934, 23817
1934, 27150
1934, 20843
1934, 14415
1934, 16376
1934, 10254
1934, 29780
1934, 23361
1934, 28322
1934, 29217
1934, 18760
1934, 21188
1934, 19323
1934, 7548
1934, 29078
1934, 22636
1934, 18109
1934, 23620
1934, 8490
1934, 9439
1934, 15037
1934, 20989
1934, 20188
1934, 28972
1934, 27296
1934, 19097
1934, 28229
1934, 15998
1934, 27277
1934, 24200
1934, 29650
1934, 14964
1934, 24725
1934, 23770
1934, 13855
1934, 11896
1934, 13271
1934, 21248
1934, 18029
1934, 16413
1934, 24755
1934, 8444
1934, 21318
1934, 23654
1934, 18607
1934, 17229
1934, 12338
1934, 13706
1934, 13884
1934, 28125
1934, 7556
1934, 14810
1934, 12120
1934, 29196
1934, 18921
1934, 27378
17398, 1935
1935, 21570
17094, 1936
1936, 13947
12122, 1937
1937, 18612
1937, 16372
1937, 12812
15852, 1938
8763, 1938
1938, 22412
23766, 1939
1939, 16798
18722, 1940
19309, 1940
24204, 1940
13784, 1940
13669, 1940
12689, 1940
27726, 1940
20427, 1940
16576, 1940
15965, 1940
29406, 1940
22179, 1940
27203, 1940
9284, 1940
9473, 1940
16924, 1940
15757, 1940
20552, 1940
11188, 1940
1940, 18086
18849, 1941
12752, 1941
18869, 1941
10747, 1941
1941, 21684
28389, 1942
1942, 17690
10219, 1943
1943, 30352
18230, 1944
1944, 19260
15821, 1945
1945, 21818
29849, 1946
1946, 27279
1946, 11818
21204, 1947
1947, 18055
11030, 1948
29429, 1948
14066, 1948
16850, 1948
8022, 1948
30167, 1948
30176, 1948
17633, 1948
26887, 1948
8374, 1948
20793, 1948
12038, 1948
15699, 1948
1948, 13719
19427, 1949
1949, 22169
1949, 11432
7979, 1950
1950, 22458
15672, 1951
1951, 27395
18282, 1952
1952, 14119
21645, 1953
1953, 21595
26190, 1954
1954, 20827
18835, 1955
16980, 1955
1955, 21038
11117, 1956
1956, 24031
17753, 1957
1957, 16477
24735, 1958
14671, 1958
20323, 1958
8978, 1958
23803, 1958
14222, 1958
8246, 1958
26953, 1958
22463, 1958
1958, 14332
14883, 1959
24550, 1959
28899, 1959
1959, 20273
12527, 1960
1960, 25049
29777, 1961
1961, 14209
20020, 1962
1962, 13149
29008, 1963
1963, 27896
24177, 1964
1964, 23864
12122, 1965
1965, 12898
1965, 22613
28108, 1966
17800, 1966
17656, 1966
1966, 27850
29194, 1967
1967, 26341
26788, 1968
1968, 12604
11641, 1969
1969, 22656
27136, 1970
19155, 1970
1970, 17984
16139, 1971
22864, 1971
1971, 18434
17644, 1972
1972, 22292
13610, 1973
1973, 11564
29545, 1974
1974, 25268
1974, 17149
1974, 28934
27180, 1975
1975, 25306
29901, 1976
15374, 1976
1976, 30171
21799, 1977
1977, 24319
15116, 1978
1978, 26869
12466, 1979
1979, 27826
10022, 1980
7614, 1980
20143, 1980
22977, 1980
30129, 1980
1980, 29391
17925, 1981
1981, 14343
10693, 1982
1982, 25264
7933, 1983
1983, 22825
19001, 1984
1984, 13168
17358, 1985
1985, 23314
23683, 1986
10855, 1986
18366, 1986
1986, 23922
22114, 1987
1987, 18104
29344, 1988
1988, 30370
12198, 1989
1989, 22038
22379, 1990
14466, 1990
1990, 20906
11233, 1991
28142, 1991
1991, 19911
26013, 1992
1992, 29343
10473, 1993
1993, 18895
29344, 1994
1994, 24359
25379, 1995
1995, 8612
21337, 1996
1996, 15647
26232, 1997
1997, 25264
21674, 1998
1998, 23392
29344, 1999
1999, 13679
24119, 2000
16344, 2000
26408, 2000
22065, 2000
29634, 2000
25309, 2000
27457, 2000
21326, 2000
11574, 2000
21438, 2000
13330, 2000
23756, 2000
24376, 2000
20231, 2000
9532, 2000
19570, 2000
18970, 2000
8234, 2000
7497, 2000
23193, 2000
27786, 2000
7857, 2000
11203, 2000
23644, 2000
29586, 2000
10416, 2000
13639, 2000
11031, 2000
25156, 2000
22199, 2000
13045, 2000
13117, 2000
12154, 2000
21432, 2000
23094, 2000
24424, 2000
21874, 2000
19470, 2000
12421, 2000
29436, 2000
21548, 2000
17897, 2000
13188, 2000
27247, 2000
14761, 2000
25332, 2000
29362, 2000
19460, 2000
8261, 2000
28761, 2000
22720, 2000
8819, 2000
29606, 2000
28209, 2000
9014, 2000
21787, 2000
11526, 2000
30204, 2000
25255, 2000
18217, 2000
29253, 2000
16938, 2000
15704, 2000
21775, 2000
7972, 2000
29653, 2000
19080, 2000
7911, 2000
28936, 2000
17892, 2000
24033, 2000
14825, 2000
2000, 25170
26814, 2001
20266, 2001
24891, 2001
28586, 2001
20567, 2001
12315, 2001
2001, 27405
11029, 2002
2002, 23402
15379, 2003
2003, 11668
16763, 2004
2004, 12396
11262, 2005
2005, 25049
12139, 2006
23415, 2006
10199, 2006
28175, 2006
29818, 2006
2006, 8965
23519, 2007
29990, 2007
25402, 2007
19273, 2007
15338, 2007
19223, 2007
20039, 2007
2007, 15014
2007, 25680
2007, 27742
2007, 29472
2007, 19454
29344, 2008
2008, 16903
8472, 2009
2009, 11269
13558, 2010
2010, 21539
28146, 2011
2011, 21981
19525, 2012
11311, 2012
2012, 21981
26558, 2013
2013, 8675
21585, 2014
2014, 14168
30417, 2015
18577, 2015
20398, 2015
16432, 2015
18202, 2015
22182, 2015
2015, 14479
2015, 10034
22655, 2016
12082, 2016
2016, 9790
10781, 2017
2017, 12657
12885, 2018
2018, 13431
28378, 2019
2019, 9372
17040, 2020
2020, 23973
24595, 2021
2021, 23661
9764, 2022
23652, 2022
2022, 10507
11923, 2023
2023, 14886
20059, 2024
10976, 2024
8564, 2024
2024, 15767
2024, 13853
2024, 29908
26477, 2025
2025, 8848
22005, 2026
2026, 25049
17851, 2027
2027, 27826
15456, 2028
2028, 7974
26712, 2029
2029, 27361
19098, 2030
2030, 19127
27088, 2031
25462, 2031
8414, 2031
28505, 2031
28783, 2031
21978, 2031
22002, 2031
15088, 2031
22431, 2031
26254, 2031
2031, 15615
29308, 2032
29289, 2032
2032, 15854
2032, 9232
2032, 9315
2032, 8981
2032, 14305
2032, 22394
2032, 9958
2032, 9330
2032, 23746
2032, 19321
2032, 26502
2032, 8096
2032, 12849
2032, 17221
2032, 20428
2032, 19768
2032, 21806
2032, 26907
28950, 2033
2033, 27543
13301, 2034
2034, 13323
18440, 2035
2035, 15570
12016, 2036
2036, 18434
18174, 2037
2037, 15892
18314, 2038
2038, 8454
12308, 2039
2039, 15763
12122, 2040
2040, 20449
2040, 30213
2040, 30333
2040, 12928
2040, 21116
2040, 23970
27521, 2041
2041, 13912
10156, 2042
2042, 15722
18865, 2043
2043, 14737
21140, 2044
2044, 23468
9346, 2045
2045, 10431
19408, 2046
2046, 8113
28914, 2047
2047, 11855
25829, 2048
2048, 22321
29541, 2049
10374, 2049
2049, 22386
26121, 2050
2050, 21579
7989, 2051
2051, 25476
16891, 2052
2052, 27640
18749, 2053
14766, 2053
10848, 2053
19898, 2053
28664, 2053
23685, 2053
2053, 16986
19026, 2054
2054, 24649
29008, 2055
2055, 15371
2055, 15460
2055, 13725
2055, 10899
2055, 19808
9373, 2056
29460, 2056
2056, 26926
30111, 2057
16451, 2057
2057, 17884
27197, 2058
2058, 17688
9815, 2059
25971, 2059
2059, 9440
2059, 25286
2059, 29960
2059, 15842
2059, 13025
2059, 11566
2059, 15681
2059, 14729
2059, 29122
2059, 30350
2059, 17521
2059, 11992
2059, 27442
2059, 19552
2059, 25157
2059, 10759
2059, 9009
2059, 11577
2059, 17133
2059, 28129
2059, 12243
2059, 18938
2059, 16783
2059, 24925
20724, 2060
2060, 19739
18282, 2061
2061, 26269
21869, 2062
2062, 17870
13740, 2063
2063, 29274
2063, 24932
10951, 2064
26011, 2064
20346, 2064
23013, 2064
11240, 2064
15069, 2064
30065, 2064
27370, 2064
28468, 2064
13119, 2064
26041, 2064
2064, 16422
18422, 2065
28487, 2065
15657, 2065
13947, 2065
29580, 2065
17723, 2065
22835, 2065
19822, 2065
22385, 2065
15763, 2065
27523, 2065
29099, 2065
15046, 2065
27454, 2065
24740, 2065
16364, 2065
21642, 2065
12606, 2065
13191, 2065
23627, 2065
29908, 2065
12483, 2065
24882, 2065
27123, 2065
9880, 2065
27110, 2065
21859, 2065
18806, 2065
29417, 2065
26769, 2065
11549, 2065
24131, 2065
9925, 2065
21324, 2065
10036, 2065
25959, 2065
11611, 2065
18393, 2065
25520, 2065
7778, 2065
26176, 2065
24328, 2065
25437, 2065
18493, 2065
19234, 2065
17448, 2065
19454, 2065
10031, 2065
9923, 2065
26016, 2065
19728, 2065
17203, 2065
29957, 2065
25780, 2065
17785, 2065
10997, 2065
22325, 2065
28670, 2065
15247, 2065
27890, 2065
29690, 2065
19646, 2065
15930, 2065
18662, 2065
28489, 2065
16372, 2065
23722, 2065
21122, 2065
11459, 2065
9890, 2065
21455, 2065
22567, 2065
29200, 2065
21740, 2065
10389, 2065
25493, 2065
22486, 2065
26370, 2065
28375, 2065
27432, 2065
15127, 2065
26335, 2065
14379, 2065
19281, 2065
26487, 2065
17812, 2065
15004, 2065
11663, 2065
24268, 2065
23303, 2065
28042, 2065
22698, 2065
29179, 2065
14864, 2065
26567, 2065
29259, 2065
21025, 2065
27834, 2065
15312, 2065
12475, 2065
21477, 2065
23432, 2065
27680, 2065
7872, 2065
28995, 2065
16711, 2065
29084, 2065
16469, 2065
22136, 2065
17542, 2065
8746, 2065
21014, 2065
16114, 2065
24319, 2065
27826, 2065
25090, 2065
17353, 2065
17729, 2065
22355, 2065
30033, 2065
25644, 2065
20501, 2065
17973, 2065
21489, 2065
23657, 2065
29794, 2065
24720, 2065
13969, 2065
19859, 2065
18558, 2065
18031, 2065
7559, 2065
21529, 2065
10813, 2065
25625, 2065
23910, 2065
20110, 2065
12615, 2065
16777, 2065
11123, 2065
10121, 2065
13066, 2065
24719, 2065
28630, 2065
28135, 2065
8031, 2065
24116, 2065
29776, 2065
24138, 2065
8092, 2065
16023, 2065
9300, 2065
29282, 2065
18626, 2065
29880, 2065
22671, 2065
16138, 2065
9687, 2065
13964, 2065
19114, 2065
29636, 2065
25306, 2065
25124, 2065
11236, 2065
7661, 2065
30385, 2065
28235, 2065
16158, 2065
20960, 2065
18671, 2065
17208, 2065
18107, 2065
19241, 2065
11864, 2065
22546, 2065
16961, 2065
9365, 2065
11242, 2065
11650, 2065
9081, 2065
15734, 2065
25771, 2065
16723, 2065
12974, 2065
14069, 2065
9842, 2065
13409, 2065
15753, 2065
12837, 2065
10769, 2065
26410, 2065
26647, 2065
29823, 2065
20111, 2065
16200, 2065
25783, 2065
8313, 2065
27258, 2065
28380, 2065
18544, 2065
11391, 2065
8352, 2065
30120, 2065
21818, 2065
17313, 2065
14225, 2065
15709, 2065
10685, 2065
13875, 2065
25770, 2065
20497, 2065
12354, 2065
21117, 2065
14768, 2065
25162, 2065
11904, 2065
22769, 2065
19636, 2065
29059, 2065
12760, 2065
18876, 2065
24374, 2065
13785, 2065
17185, 2065
8910, 2065
17323, 2065
21756, 2065
9000, 2065
21649, 2065
18630, 2065
26623, 2065
25428, 2065
29727, 2065
29552, 2065
8144, 2065
25120, 2065
13837, 2065
25845, 2065
16286, 2065
10534, 2065
16373, 2065
21571, 2065
30029, 2065
20547, 2065
29820, 2065
22987, 2065
10902, 2065
28919, 2065
18697, 2065
23358, 2065
14487, 2065
9498, 2065
30121, 2065
23630, 2065
14014, 2065
16145, 2065
16050, 2065
8017, 2065
24864, 2065
13899, 2065
15681, 2065
7502, 2065
11728, 2065
23058, 2065
29182, 2065
20518, 2065
19062, 2065
10192, 2065
24532, 2065
21453, 2065
26795, 2065
11289, 2065
21807, 2065
27049, 2065
28510, 2065
25388, 2065
15520, 2065
20574, 2065
14362, 2065
8199, 2065
9940, 2065
13012, 2065
26411, 2065
11134, 2065
17100, 2065
24165, 2065
8605, 2065
16585, 2065
26439, 2065
24986, 2065
9543, 2065
15534, 2065
7823, 2065
21320, 2065
18069, 2065
27585, 2065
12265, 2065
11181, 2065
26708, 2065
18249, 2065
21452, 2065
15043, 2065
17451, 2065
9413, 2065
28308, 2065
13324, 2065
2065, 29370
2065, 29344
9282, 2066
16992, 2066
2066, 30171
20913, 2067
2067, 12894
7970, 2068
26229, 2068
2068, 24293
14799, 2069
2069, 28327
24205, 2070
2070, 15897
12002, 2071
9342, 2071
26798, 2071
9129, 2071
2071, 14992
29344, 2072
2072, 22300
27447, 2073
2073, 13070
29812, 2074
2074, 9386
19906, 2075
2075, 19368
11395, 2076
2076, 23960
15188, 2077
2077, 24268
25069, 2078
2078, 9412
30344, 2079
2079, 18312
29008, 2080
2080, 9401
18282, 2081
2081, 24293
7635, 2082
2082, 22987
7601, 2083
2083, 26960
2083, 13337
16787, 2084
2084, 29191
12512, 2085
2085, 12938
8424, 2086
19563, 2086
11304, 2086
19911, 2086
25824, 2086
13476, 2086
11269, 2086
2086, 13719
10826, 2087
2087, 11564
11642, 2088
13560, 2088
12791, 2088
13479, 2088
26553, 2088
11033, 2088
22224, 2088
22173, 2088
26472, 2088
10085, 2088
22014, 2088
18660, 2088
16214, 2088
30186, 2088
10450, 2088
23897, 2088
9820, 2088
2088, 25923
2088, 18239
2088, 8540
2088, 21464
21878, 2089
2089, 19807
24113, 2090
2090, 10246
2090, 13334
2090, 9142
2090, 17458
11657, 2091
28282, 2091
27034, 2091
12591, 2091
22013, 2091
2091, 13969
29344, 2092
2092, 19796
8464, 2093
2093, 9581
2093, 25148
2093, 19218
2093, 22071
28845, 2094
2094, 29571
24177, 2095
2095, 25432
17710, 2096
26858, 2096
2096, 19994
10812, 2097
2097, 24831
2097, 12806
2097, 19271
29207, 2098
2098, 16041
17667, 2099
2099, 25049
23048, 2100
2100, 11027
14358, 2101
19867, 2101
16974, 2101
14648, 2101
18924, 2101
29293, 2101
30333, 2101
23135, 2101
23651, 2101
24817, 2101
25003, 2101
8152, 2101
18287, 2101
12928, 2101
18358, 2101
15465, 2101
21116, 2101
25658, 2101
10503, 2101
28606, 2101
29674, 2101
16710, 2101
19089, 2101
19252, 2101
12647, 2101
20727, 2101
18086, 2101
19491, 2101
30159, 2101
24347, 2101
7541, 2101
11633, 2101
29201, 2101
27516, 2101
23970, 2101
26500, 2101
19100, 2101
25260, 2101
14827, 2101
17957, 2101
26265, 2101
2101, 20917
17881, 2102
12117, 2102
15475, 2102
2102, 15570
28263, 2103
21084, 2103
19442, 2103
2103, 13455
23841, 2104
8417, 2104
2104, 26487
23243, 2105
27302, 2105
16990, 2105
25272, 2105
16487, 2105
8486, 2105
8627, 2105
2105, 27336
12565, 2106
2106, 11269
9948, 2107
2107, 13021
29950, 2108
11507, 2108
2108, 25049
24177, 2109
2109, 21999
13227, 2110
2110, 22239
18281, 2111
28162, 2111
2111, 22818
15427, 2112
2112, 22837
22684, 2113
2113, 14003
12080, 2114
2114, 15921
2114, 16145
29465, 2115
2115, 18114
2115, 9208
2115, 14451
2115, 29516
22389, 2116
9371, 2116
2116, 10097
23766, 2117
2117, 9353
2117, 20253
15889, 2118
2118, 26771
10390, 2119
2119, 23930
17337, 2120
2120, 14957
8239, 2121
13542, 2121
19815, 2121
17575, 2121
23814, 2121
25803, 2121
24311, 2121
28626, 2121
8493, 2121
2121, 22616
13861, 2122
2122, 21981
29117, 2123
2123, 20970
2123, 10957
2123, 27552
2123, 20775
8177, 2124
2124, 17098
20031, 2125
2125, 30352
30062, 2126
14690, 2126
2126, 27294
28700, 2127
2127, 18041
11902, 2128
21296, 2128
21229, 2128
26503, 2128
27310, 2128
24045, 2128
22358, 2128
14812, 2128
11245, 2128
23796, 2128
14403, 2128
22872, 2128
30218, 2128
2128, 28922
16359, 2129
24198, 2129
8034, 2129
18667, 2129
17909, 2129
19946, 2129
23184, 2129
8984, 2129
13374, 2129
11279, 2129
19291, 2129
11234, 2129
28616, 2129
23467, 2129
23604, 2129
26627, 2129
7978, 2129
23546, 2129
25753, 2129
29096, 2129
15730, 2129
7944, 2129
22106, 2129
16655, 2129
15350, 2129
16014, 2129
11028, 2129
10699, 2129
20052, 2129
24362, 2129
7658, 2129
22649, 2129
25586, 2129
17408, 2129
8256, 2129
22955, 2129
27424, 2129
2129, 18539
13088, 2130
18647, 2130
24439, 2130
15680, 2130
2130, 26273
25910, 2131
2131, 24293
16418, 2132
2132, 26742
18354, 2133
26254, 2133
23393, 2133
2133, 15615
21924, 2134
23051, 2134
23767, 2134
2134, 23661
23037, 2135
2135, 15990
15024, 2136
2136, 22698
13864, 2137
10630, 2137
11752, 2137
20783, 2137
25089, 2137
8618, 2137
19522, 2137
25882, 2137
13646, 2137
18269, 2137
9509, 2137
18309, 2137
12204, 2137
29530, 2137
15707, 2137
9050, 2137
27220, 2137
29419, 2137
26615, 2137
12390, 2137
26840, 2137
12250, 2137
8386, 2137
16324, 2137
2137, 17950
24869, 2138
2138, 14424
14335, 2139
2139, 22146
24444, 2140
2140, 25049
12540, 2141
10999, 2141
2141, 22178
14542, 2142
13905, 2142
18450, 2142
20002, 2142
29028, 2142
9001, 2142
8913, 2142
2142, 12555
23928, 2143
2143, 22334
26287, 2144
2144, 29414
16448, 2145
2145, 17517
18173, 2146
2146, 26650
16299, 2147
2147, 22656
10095, 2148
2148, 28294
30291, 2149
21383, 2149
2149, 9907
29248, 2150
7825, 2150
27539, 2150
17876, 2150
27268, 2150
16429, 2150
14025, 2150
2150, 13318
10341, 2151
13815, 2151
2151, 26926
14294, 2152
2152, 8572
2152, 16469
2152, 27699
10839, 2153
2153, 8772
8075, 2154
2154, 9615
11756, 2155
2155, 26926
8495, 2156
2156, 29678
29344, 2157
2157, 22334
13489, 2158
2158, 28585
12122, 2159
2159, 24321
2159, 14548
2159, 18050
2159, 13736
2159, 26677
16614, 2160
2160, 19368
10970, 2161
2161, 10426
29344, 2162
2162, 11030
13178, 2163
2163, 16694
16631, 2164
14820, 2164
2164, 12833
27679, 2165
2165, 29157
11730, 2166
7660, 2166
11972, 2166
25737, 2166
23390, 2166
18610, 2166
2166, 18353
2166, 24663
9795, 2167
21338, 2167
2167, 10182
29344, 2168
2168, 15031
25571, 2169
2169, 19704
19539, 2170
12987, 2170
2170, 29911
24382, 2171
10968, 2171
16994, 2171
16181, 2171
25319, 2171
11929, 2171
29313, 2171
21644, 2171
2171, 27032
2171, 21075
29529, 2172
2172, 13556
24434, 2173
19328, 2173
28849, 2173
8481, 2173
9275, 2173
24720, 2173
23167, 2173
18736, 2173
11818, 2173
11432, 2173
15544, 2173
29999, 2173
27391, 2173
27395, 2173
27132, 2173
14514, 2173
15388, 2173
14732, 2173
11025, 2173
2173, 29344
2173, 26710
16099, 2174
2174, 20110
25342, 2175
11809, 2175
30188, 2175
8419, 2175
22891, 2175
14106, 2175
10281, 2175
17326, 2175
24664, 2175
25683, 2175
28092, 2175
11597, 2175
17845, 2175
2175, 14374
19630, 2176
2176, 14023
14962, 2177
11535, 2177
2177, 19030
2177, 22343
17358, 2178
2178, 13805
2178, 22665
2178, 8838
2178, 11682
29827, 2179
14064, 2179
2179, 23400
23150, 2180
2180, 20229
21712, 2181
2181, 24293
30398, 2182
2182, 27649
21878, 2183
21337, 2183
2183, 14077
2183, 24986
26100, 2184
2184, 25433
19333, 2185
2185, 30329
28268, 2186
17453, 2186
13773, 2186
2186, 29059
29008, 2187
2187, 17871
2187, 22791
2187, 16991
24177, 2188
2188, 18294
27764, 2189
2189, 7823
23463, 2190
2190, 7674
2190, 11527
2190, 19580
2190, 13353
2190, 9443
2190, 17709
2190, 7553
2190, 10922
2190, 29985
2190, 17674
2190, 16326
2190, 27777
2190, 7780
2190, 20230
2190, 10486
2190, 9986
2190, 16778
2190, 8808
2190, 18623
2190, 13783
2190, 15930
2190, 18469
2190, 16406
2190, 13723
2190, 7487
2190, 14611
2190, 8192
2190, 22812
2190, 28752
2190, 17973
2190, 16641
2190, 24081
2190, 30230
2190, 10645
2190, 22032
2190, 21503
2190, 19061
2190, 28981
2190, 12767
2190, 12807
2190, 23846
2190, 8868
2190, 9396
2190, 19613
2190, 30055
2190, 20344
2190, 26545
2190, 7699
2190, 26594
2190, 17725
2190, 23380
2190, 21589
2190, 18526
2190, 26448
2190, 21153
2190, 12382
2190, 15404
2190, 10731
2190, 16103
2190, 16284
2190, 14447
2190, 20233
2190, 20604
2190, 8810
2190, 9093
2190, 26152
2190, 29092
2190, 12222
2190, 9611
2190, 19865
2190, 19221
2190, 21541
2190, 12293
2190, 26819
2190, 21482
2190, 14495
2190, 13549
2190, 21894
2190, 17431
2190, 15287
2190, 26772
2190, 10758
2190, 8480
2190, 22517
2190, 27905
2190, 30122
2190, 23520
2190, 28188
2190, 23618
2190, 28433
2190, 28496
2190, 17268
2190, 12662
2190, 29730
15805, 2191
2191, 16737
28646, 2192
2192, 24255
11131, 2193
2193, 14852
23954, 2194
2194, 12021
8520, 2195
25185, 2195
2195, 27361
29344, 2196
2196, 12914
25424, 2197
2197, 21981
17833, 2198
2198, 12258
9865, 2199
2199, 21601
18808, 2200
14104, 2200
2200, 24297
23015, 2201
2201, 22988
22633, 2202
2202, 18593
22396, 2203
2203, 14074
21726, 2204
2204, 14343
29465, 2205
2205, 16700
20232, 2206
2206, 25075
8259, 2207
2207, 28767
10741, 2208
28645, 2208
18982, 2208
13342, 2208
2208, 24857
28219, 2209
2209, 9351
18282, 2210
2210, 20848
21337, 2211
2211, 27676
2211, 15459
2211, 14386
2211, 14576
2211, 29222
9522, 2212
2212, 24368
12208, 2213
2213, 9511
29163, 2214
29733, 2214
2214, 22915
21609, 2215
21223, 2215
14911, 2215
15636, 2215
17835, 2215
8398, 2215
9401, 2215
14322, 2215
17318, 2215
27597, 2215
25003, 2215
17308, 2215
9312, 2215
10201, 2215
15603, 2215
21261, 2215
27684, 2215
28182, 2215
25658, 2215
28536, 2215
11882, 2215
11726, 2215
16747, 2215
24153, 2215
21075, 2215
17454, 2215
22887, 2215
22757, 2215
10635, 2215
15987, 2215
13315, 2215
29674, 2215
17410, 2215
27849, 2215
9972, 2215
15296, 2215
17638, 2215
20580, 2215
17555, 2215
14386, 2215
10382, 2215
23078, 2215
14549, 2215
23072, 2215
24786, 2215
27465, 2215
17058, 2215
2215, 20917
20613, 2216
2216, 19689
27521, 2217
2217, 9760
12271, 2218
2218, 9635
13594, 2219
2219, 18555
11514, 2220
12873, 2220
2220, 7661
10969, 2221
2221, 9584
26778, 2222
18359, 2222
27800, 2222
9432, 2222
2222, 20341
11925, 2223
2223, 16023
19151, 2224
2224, 27015
29579, 2225
2225, 7482
25703, 2226
2226, 29794
10501, 2227
2227, 26468
8721, 2228
2228, 14225
2228, 22509
29344, 2229
2229, 17964
24177, 2230
2230, 20429
21363, 2231
2231, 21624
9350, 2232
2232, 9790
25637, 2233
2233, 9726
25259, 2234
2234, 10507
12103, 2235
28607, 2235
2235, 15892
25037, 2236
2236, 11564
26698, 2237
17366, 2237
29682, 2237
14976, 2237
19666, 2237
12919, 2237
16901, 2237
23462, 2237
11106, 2237
23729, 2237
15630, 2237
20729, 2237
14767, 2237
23461, 2237
20734, 2237
22067, 2237
2237, 15694
9257, 2238
14032, 2238
2238, 15220
10995, 2239
15663, 2239
14812, 2239
14603, 2239
10091, 2239
21496, 2239
13205, 2239
21526, 2239
2239, 29485
24177, 2240
2240, 27820
27112, 2241
2241, 27735
19351, 2242
13568, 2242
24604, 2242
25723, 2242
12826, 2242
29834, 2242
11172, 2242
8351, 2242
24863, 2242
7682, 2242
12681, 2242
14896, 2242
25420, 2242
9204, 2242
21182, 2242
28891, 2242
10837, 2242
7906, 2242
28344, 2242
23326, 2242
12085, 2242
28096, 2242
13539, 2242
17473, 2242
2242, 23209
22138, 2243
2243, 21316
26254, 2244
2244, 18519
27218, 2245
2245, 13957
19530, 2246
2246, 12119
28566, 2247
29325, 2247
2247, 18055
23544, 2248
2248, 29099
22607, 2249
2249, 30120
12735, 2250
2250, 8865
13493, 2251
22666, 2251
11476, 2251
13714, 2251
2251, 11463
2251, 10043
18288, 2252
2252, 24293
17358, 2253
2253, 9634
2253, 16484
29737, 2254
21165, 2254
29026, 2254
14155, 2254
11038, 2254
27766, 2254
2254, 22656
29244, 2255
2255, 12443
11117, 2256
2256, 15976
11121, 2257
2257, 30205
19052, 2258
2258, 19368
23214, 2259
19776, 2259
2259, 25010
24669, 2260
2260, 10789
13587, 2261
22545, 2261
2261, 21075
22409, 2262
2262, 12982
30348, 2263
2263, 12035
8990, 2264
2264, 14343
16739, 2265
2265, 20226
8933, 2266
2266, 12912
19510, 2267
2267, 14514
29344, 2268
2268, 20021
16652, 2269
26254, 2269
24484, 2269
2269, 15615
16228, 2270
2270, 27953
20294, 2271
29863, 2271
2271, 11728
13897, 2272
2272, 10259
25569, 2273
2273, 19368
17347, 2274
2274, 10339
8407, 2275
2275, 19688
29036, 2276
2276, 9790
8437, 2277
2277, 11564
24819, 2278
2278, 20298
21177, 2279
2279, 10248
17358, 2280
2280, 17799
2280, 21461
2280, 19057
20020, 2281
28603, 2281
2281, 13149
29344, 2282
2282, 24687
28271, 2283
2283, 18992
9279, 2284
2284, 7654
29344, 2285
2285, 22617
10832, 2286
2286, 12161
26010, 2287
2287, 24582
13721, 2288
2288, 9800
23155, 2289
2289, 8385
2289, 16967
2289, 23671
21359, 2290
9867, 2290
2290, 25397
8576, 2291
2291, 22015
10912, 2292
2292, 21059
21887, 2293
25143, 2293
2293, 13705
25744, 2294
2294, 29107
12795, 2295
2295, 22730
15217, 2296
2296, 13070
19908, 2297
2297, 10269
9755, 2298
2298, 19000
9155, 2299
2299, 13408
10628, 2300
2300, 25306
30244, 2301
2301, 22061
2301, 25343
2301, 22852
30058, 2302
2302, 21683
27521, 2303
2303, 18651
28159, 2304
2304, 25291
8464, 2305
2305, 11577
2305, 28576
20020, 2306
17864, 2306
2306, 13149
12421, 2307
2307, 27279
10306, 2308
19576, 2308
18101, 2308
2308, 28306
24955, 2309
2309, 9708
25923, 2310
11030, 2310
22073, 2310
24881, 2310
17783, 2310
18239, 2310
16056, 2310
19563, 2310
16234, 2310
14438, 2310
15149, 2310
28624, 2310
25327, 2310
22988, 2310
18212, 2310
27520, 2310
14924, 2310
28762, 2310
19877, 2310
8540, 2310
25993, 2310
15173, 2310
27058, 2310
12443, 2310
22180, 2310
11220, 2310
25517, 2310
9091, 2310
9715, 2310
8045, 2310
28933, 2310
11763, 2310
23771, 2310
20229, 2310
2310, 13719
21337, 2311
2311, 22180
19919, 2312
2312, 20955
22220, 2313
2313, 30352
14081, 2314
2314, 14079
11553, 2315
2315, 7700
7596, 2316
2316, 26567
27332, 2317
2317, 28068
12795, 2318
2318, 15761
24201, 2319
2319, 30352
27847, 2320
2320, 11872
8722, 2321
2321, 9657
12122, 2322
2322, 21714
2322, 25103
2322, 8445
2322, 20812
2322, 9374
26715, 2323
2323, 15544
10119, 2324
27528, 2324
13997, 2324
25888, 2324
14274, 2324
8999, 2324
8323, 2324
2324, 16966
18881, 2325
2325, 11083
2325, 27512
17217, 2326
2326, 23427
22159, 2327
2327, 28536
11113, 2328
2328, 17922
23155, 2329
2329, 20200
2329, 9972
2329, 20580
9202, 2330
2330, 26567
23395, 2331
2331, 24241
16758, 2332
2332, 14054
25744, 2333
2333, 29107
8621, 2334
2334, 30182
16748, 2335
2335, 21977
11221, 2336
30226, 2336
2336, 25049
17145, 2337
2337, 15963
14382, 2338
2338, 8753
2338, 21378
13067, 2339
2339, 30283
23796, 2340
11752, 2340
13199, 2340
16312, 2340
17705, 2340
30035, 2340
23386, 2340
2340, 8814
28339, 2341
24910, 2341
15383, 2341
18582, 2341
25725, 2341
2341, 10507
24044, 2342
2342, 8809
20469, 2343
2343, 14740
29344, 2344
2344, 24028
22857, 2345
2345, 25437
17358, 2346
2346, 10201
2346, 15296
26443, 2347
21119, 2347
2347, 13080
28593, 2348
20805, 2348
11434, 2348
2348, 15570
26894, 2349
2349, 8670
20897, 2350
2350, 17164
22300, 2351
14186, 2351
13791, 2351
13080, 2351
24462, 2351
18104, 2351
25049, 2351
29502, 2351
28551, 2351
26959, 2351
13273, 2351
16009, 2351
13464, 2351
11283, 2351
13967, 2351
26606, 2351
28743, 2351
12346, 2351
8457, 2351
23797, 2351
9906, 2351
18940, 2351
12822, 2351
23495, 2351
22321, 2351
9734, 2351
17896, 2351
30256, 2351
13749, 2351
19567, 2351
30329, 2351
22598, 2351
21965, 2351
24293, 2351
11392, 2351
19605, 2351
27160, 2351
10342, 2351
16661, 2351
23661, 2351
9930, 2351
9395, 2351
9790, 2351
11557, 2351
13727, 2351
22439, 2351
16101, 2351
23524, 2351
10947, 2351
19796, 2351
22915, 2351
14162, 2351
29435, 2351
18055, 2351
13408, 2351
28922, 2351
24702, 2351
29911, 2351
21666, 2351
13021, 2351
24900, 2351
21008, 2351
17889, 2351
21981, 2351
30267, 2351
30428, 2351
18532, 2351
28721, 2351
2351, 23949
13939, 2352
2352, 20370
15559, 2353
2353, 12043
20236, 2354
27780, 2354
2354, 28922
18315, 2355
2355, 13080
26254, 2356
2356, 15615
23599, 2357
2357, 27975
28740, 2358
15019, 2358
2358, 11294
18758, 2359
2359, 7661
19716, 2360
2360, 14843
20897, 2361
2361, 17164
23155, 2362
2362, 16684
2362, 23540
2362, 8459
22054, 2363
2363, 29580
21225, 2364
11881, 2364
10596, 2364
26723, 2364
19265, 2364
20291, 2364
20017, 2364
27954, 2364
10444, 2364
2364, 8741
12964, 2365
2365, 25782
29117, 2366
2366, 22177
2366, 21729
2366, 14352
29344, 2367
2367, 8424
30153, 2368
2368, 26016
15667, 2369
2369, 21341
15912, 2370
2370, 20874
13756, 2371
2371, 15079
8258, 2372
2372, 26123
10591, 2373
2373, 9278
18067, 2374
2374, 19368
8831, 2375
20351, 2375
2375, 14852
18282, 2376
2376, 25306
15896, 2377
2377, 10719
21852, 2378
2378, 30267
26134, 2379
2379, 13444
17023, 2380
18092, 2380
27948, 2380
2380, 18063
29344, 2381
2381, 29405
24430, 2382
15664, 2382
18868, 2382
2382, 25049
23119, 2383
2383, 19368
19617, 2384
17305, 2384
2384, 19368
28677, 2385
27944, 2385
21617, 2385
2385, 20162
16510, 2386
18817, 2386
23587, 2386
30423, 2386
13485, 2386
27098, 2386
2386, 25574
21726, 2387
2387, 14343
19136, 2388
2388, 29833
15118, 2389
2389, 15067
29008, 2390
2390, 12630
2390, 20537
2390, 23773
8796, 2391
2391, 20887
2391, 19281
28540, 2392
2392, 10364
21803, 2393
21550, 2393
2393, 7730
20736, 2394
23162, 2394
20557, 2394
22602, 2394
2394, 8814
26353, 2395
2395, 23073
15821, 2396
2396, 26638
20315, 2397
23780, 2397
2397, 30140
19188, 2398
2398, 17843
10993, 2399
2399, 25611
19688, 2400
9212, 2400
17088, 2400
22576, 2400
29520, 2400
24613, 2400
28619, 2400
17723, 2400
7963, 2400
23381, 2400
8507, 2400
26630, 2400
20914, 2400
29234, 2400
28713, 2400
27941, 2400
19014, 2400
10328, 2400
9440, 2400
21663, 2400
29908, 2400
14593, 2400
19933, 2400
9614, 2400
10610, 2400
16454, 2400
13536, 2400
21392, 2400
18741, 2400
26093, 2400
9916, 2400
24131, 2400
21914, 2400
20089, 2400
29816, 2400
7748, 2400
19584, 2400
16922, 2400
29283, 2400
18022, 2400
11079, 2400
12098, 2400
27060, 2400
7888, 2400
22788, 2400
24521, 2400
25286, 2400
30330, 2400
17448, 2400
13571, 2400
8545, 2400
9923, 2400
27214, 2400
19728, 2400
26631, 2400
27739, 2400
14772, 2400
13597, 2400
9139, 2400
25305, 2400
30311, 2400
21430, 2400
15463, 2400
11936, 2400
10334, 2400
26175, 2400
28927, 2400
15135, 2400
23279, 2400
11639, 2400
14764, 2400
25572, 2400
20661, 2400
24497, 2400
8273, 2400
22301, 2400
19038, 2400
15741, 2400
7707, 2400
20909, 2400
15748, 2400
24913, 2400
28489, 2400
23530, 2400
28712, 2400
9232, 2400
22238, 2400
19318, 2400
21455, 2400
14975, 2400
15983, 2400
17409, 2400
23161, 2400
29261, 2400
16232, 2400
10647, 2400
20951, 2400
27493, 2400
26370, 2400
22337, 2400
12061, 2400
22387, 2400
10115, 2400
12257, 2400
10016, 2400
23503, 2400
17684, 2400
22883, 2400
27656, 2400
27432, 2400
30107, 2400
24255, 2400
19538, 2400
22967, 2400
24268, 2400
18099, 2400
27469, 2400
10508, 2400
24104, 2400
9383, 2400
25288, 2400
24283, 2400
16279, 2400
28116, 2400
23873, 2400
26273, 2400
28944, 2400
20786, 2400
19684, 2400
18588, 2400
23062, 2400
18566, 2400
12205, 2400
14870, 2400
25543, 2400
25312, 2400
12203, 2400
20906, 2400
17274, 2400
29084, 2400
13870, 2400
10369, 2400
9757, 2400
10859, 2400
28034, 2400
19620, 2400
25289, 2400
18203, 2400
16610, 2400
16583, 2400
7923, 2400
12528, 2400
20699, 2400
24374, 2400
9454, 2400
21221, 2400
19574, 2400
14525, 2400
22845, 2400
19241, 2400
16313, 2400
23666, 2400
21817, 2400
22608, 2400
28128, 2400
13969, 2400
8031, 2400
15206, 2400
17095, 2400
8834, 2400
8442, 2400
28787, 2400
19322, 2400
29636, 2400
29214, 2400
26160, 2400
14798, 2400
11629, 2400
10583, 2400
21287, 2400
21796, 2400
15929, 2400
14918, 2400
17648, 2400
11225, 2400
20043, 2400
29511, 2400
29885, 2400
25393, 2400
21605, 2400
27910, 2400
8647, 2400
10033, 2400
22343, 2400
12333, 2400
20268, 2400
20111, 2400
25412, 2400
25306, 2400
10816, 2400
10394, 2400
16288, 2400
29666, 2400
14114, 2400
13222, 2400
10789, 2400
13376, 2400
12492, 2400
8654, 2400
20295, 2400
29869, 2400
7715, 2400
23055, 2400
14373, 2400
23249, 2400
16621, 2400
24079, 2400
22769, 2400
10834, 2400
13803, 2400
25853, 2400
12476, 2400
8388, 2400
19598, 2400
18863, 2400
20673, 2400
11181, 2400
15377, 2400
27647, 2400
19734, 2400
19343, 2400
7582, 2400
21818, 2400
23024, 2400
10597, 2400
24920, 2400
26964, 2400
19791, 2400
16729, 2400
10748, 2400
14063, 2400
26470, 2400
18661, 2400
19021, 2400
8303, 2400
20260, 2400
28898, 2400
19330, 2400
27282, 2400
30125, 2400
10242, 2400
30212, 2400
25717, 2400
13801, 2400
17379, 2400
18633, 2400
26605, 2400
18613, 2400
24018, 2400
10301, 2400
19200, 2400
26697, 2400
23915, 2400
15735, 2400
15859, 2400
9130, 2400
15560, 2400
28140, 2400
13409, 2400
8313, 2400
14652, 2400
24897, 2400
19198, 2400
30410, 2400
24490, 2400
26178, 2400
13875, 2400
25388, 2400
8547, 2400
17002, 2400
19968, 2400
8352, 2400
27054, 2400
14016, 2400
17697, 2400
16222, 2400
13520, 2400
10478, 2400
27258, 2400
19276, 2400
13919, 2400
10604, 2400
11054, 2400
12273, 2400
24761, 2400
8266, 2400
14360, 2400
23879, 2400
20237, 2400
26156, 2400
20550, 2400
7642, 2400
20548, 2400
12133, 2400
22510, 2400
7722, 2400
22233, 2400
12774, 2400
15963, 2400
21807, 2400
12768, 2400
20940, 2400
24879, 2400
10387, 2400
29678, 2400
25560, 2400
16246, 2400
27015, 2400
19636, 2400
10697, 2400
9043, 2400
19195, 2400
29145, 2400
11812, 2400
16590, 2400
29379, 2400
12481, 2400
21808, 2400
15270, 2400
15320, 2400
20215, 2400
26439, 2400
14984, 2400
29960, 2400
20367, 2400
28864, 2400
26377, 2400
28050, 2400
17521, 2400
27989, 2400
14729, 2400
11820, 2400
17923, 2400
17991, 2400
28917, 2400
20534, 2400
20896, 2400
21285, 2400
13043, 2400
18745, 2400
16896, 2400
19971, 2400
14342, 2400
22508, 2400
17788, 2400
25896, 2400
17781, 2400
13138, 2400
28374, 2400
10121, 2400
7823, 2400
26561, 2400
23239, 2400
25162, 2400
25166, 2400
28910, 2400
15438, 2400
28728, 2400
17494, 2400
23731, 2400
13629, 2400
20628, 2400
28260, 2400
9913, 2400
8141, 2400
10898, 2400
27014, 2400
21416, 2400
23377, 2400
18508, 2400
29404, 2400
12654, 2400
22947, 2400
20753, 2400
13626, 2400
27985, 2400
24693, 2400
29965, 2400
24173, 2400
16913, 2400
28459, 2400
16641, 2400
23842, 2400
30000, 2400
23143, 2400
17933, 2400
20970, 2400
16645, 2400
9792, 2400
15825, 2400
17323, 2400
9625, 2400
9406, 2400
14957, 2400
13932, 2400
13025, 2400
13490, 2400
22801, 2400
2400, 28637
2400, 29344
29708, 2401
2401, 14852
26120, 2402
2402, 9091
12795, 2403
2403, 16588
28754, 2404
2404, 23591
25739, 2405
2405, 13048
18001, 2406
2406, 13347
29787, 2407
2407, 20934
26254, 2408
2408, 15615
20863, 2409
2409, 26863
24818, 2410
2410, 26578
2410, 15519
2410, 16704
2410, 18657
2410, 10192
19999, 2411
2411, 11025
28803, 2412
2412, 24020
18322, 2413
23449, 2413
11007, 2413
22274, 2413
21893, 2413
21462, 2413
22631, 2413
2413, 26797
7720, 2414
2414, 8542
18282, 2415
2415, 29880
19527, 2416
13013, 2416
25747, 2416
28920, 2416
2416, 12675
8568, 2417
2417, 27595
19509, 2418
2418, 12388
25345, 2419
2419, 21474
29458, 2420
2420, 22083
17358, 2421
2421, 16304
21101, 2422
2422, 28887
25989, 2423
2423, 27009
27439, 2424
2424, 14142
19802, 2425
2425, 17257
22781, 2426
2426, 27361
14216, 2427
2427, 10900
25744, 2428
2428, 29107
19249, 2429
2429, 15424
10908, 2430
2430, 8290
2430, 24732
26254, 2431
2431, 15615
18377, 2432
2432, 9805
17358, 2433
2433, 30009
2433, 9753
20897, 2434
2434, 7657
18408, 2435
21553, 2435
2435, 21068
17691, 2436
16814, 2436
11939, 2436
26626, 2436
2436, 11827
9961, 2437
2437, 13054
14804, 2438
8071, 2438
2438, 17688
2438, 12021
26802, 2439
26756, 2439
19536, 2439
2439, 25783
26774, 2440
2440, 19605
9812, 2441
11757, 2441
2441, 24776
17442, 2442
2442, 10018
26620, 2443
2443, 13885
17928, 2444
2444, 9449
29344, 2445
2445, 21291
2445, 16190
26730, 2446
2446, 8814
27050, 2447
2447, 20681
13214, 2448
2448, 15803
18732, 2449
15877, 2449
17047, 2449
15653, 2449
2449, 19368
15717, 2450
14130, 2450
2450, 11564
26174, 2451
21854, 2451
2451, 25264
30046, 2452
26813, 2452
17349, 2452
14444, 2452
11096, 2452
22526, 2452
26050, 2452
7938, 2452
28502, 2452
14308, 2452
8902, 2452
13707, 2452
28591, 2452
16365, 2452
17716, 2452
17361, 2452
2452, 30180
22316, 2453
2453, 20852
26047, 2454
2454, 13440
23206, 2455
2455, 21981
16390, 2456
22589, 2456
2456, 25049
27550, 2457
2457, 16307
19786, 2458
2458, 8081
13614, 2459
2459, 21981
8253, 2460
2460, 25644
29583, 2461
2461, 17457
12784, 2462
2462, 15909
17925, 2463
2463, 14343
15821, 2464
2464, 15780
14437, 2465
11020, 2465
2465, 8276
29147, 2466
2466, 27248
10210, 2467
17174, 2467
27540, 2467
2467, 15857
21409, 2468
2468, 15857
30244, 2469
14382, 2469
2469, 25013
2469, 26699
10553, 2470
2470, 24771
29344, 2471
2471, 26763
8951, 2472
2472, 29002
9163, 2473
10626, 2473
2473, 19384
27135, 2474
21809, 2474
11177, 2474
2474, 10507
23766, 2475
2475, 29860
28466, 2476
2476, 30182
27599, 2477
2477, 25908
29765, 2478
2478, 26643
18605, 2479
2479, 11668
16959, 2480
2480, 29940
8684, 2481
25643, 2481
9162, 2481
2481, 13727
29344, 2482
2482, 17051
29344, 2483
2483, 11030
29344, 2484
2484, 11030
2484, 16141
22150, 2485
12294, 2485
2485, 29084
27668, 2486
2486, 14833
2486, 9807
29765, 2487
2487, 26643
23015, 2488
2488, 22988
13327, 2489
2489, 8778
10388, 2490
2490, 16890
18383, 2491
2491, 21648
2491, 7598
21660, 2492
2492, 9790
29117, 2493
2493, 15291
29344, 2494
2494, 8277
15721, 2495
2495, 28368
19549, 2496
18199, 2496
2496, 18963
17863, 2497
2497, 24284
11827, 2498
11632, 2498
27719, 2498
16940, 2498
17164, 2498
13080, 2498
19191, 2498
25407, 2498
20296, 2498
24678, 2498
14740, 2498
29330, 2498
9800, 2498
21068, 2498
25264, 2498
23647, 2498
25049, 2498
18706, 2498
20868, 2498
18584, 2498
29833, 2498
27862, 2498
19984, 2498
15484, 2498
27455, 2498
15303, 2498
12897, 2498
27810, 2498
19368, 2498
18353, 2498
13070, 2498
9734, 2498
16466, 2498
13149, 2498
17606, 2498
20554, 2498
26960, 2498
7794, 2498
20725, 2498
28816, 2498
24293, 2498
17257, 2498
12587, 2498
28293, 2498
19030, 2498
17688, 2498
13663, 2498
10426, 2498
23137, 2498
29355, 2498
7848, 2498
28123, 2498
14374, 2498
30456, 2498
18055, 2498
22656, 2498
26012, 2498
22089, 2498
28922, 2498
22677, 2498
29414, 2498
25448, 2498
10507, 2498
21788, 2498
29391, 2498
13337, 2498
9449, 2498
22079, 2498
26880, 2498
14037, 2498
21445, 2498
14934, 2498
11564, 2498
27361, 2498
21981, 2498
25661, 2498
8795, 2498
2498, 25248
13856, 2499
2499, 17482
8208, 2500
2500, 21145
29008, 2501
2501, 12091
24358, 2502
2502, 24293
11734, 2503
2503, 26606
12460, 2504
2504, 17688
11908, 2505
14804, 2505
2505, 17896
2505, 30428
30119, 2506
2506, 15452
17358, 2507
2507, 21722
2507, 27020
2507, 23494
13838, 2508
2508, 8741
29787, 2509
2509, 25264
16931, 2510
2510, 23797
2510, 19567
2510, 23524
9843, 2511
2511, 20688
26845, 2512
2512, 19195
11122, 2513
2513, 8313
18629, 2514
10840, 2514
16898, 2514
17713, 2514
8538, 2514
2514, 23663
18677, 2515
16377, 2515
18670, 2515
23485, 2515
17538, 2515
2515, 19636
22807, 2516
2516, 18055
21468, 2517
2517, 22899
18282, 2518
2518, 16423
15262, 2519
23783, 2519
12147, 2519
20685, 2519
17782, 2519
14508, 2519
10164, 2519
13755, 2519
13377, 2519
29425, 2519
9703, 2519
26324, 2519
28401, 2519
15795, 2519
28788, 2519
18824, 2519
15237, 2519
24625, 2519
7878, 2519
28873, 2519
7741, 2519
19345, 2519
17695, 2519
19305, 2519
9683, 2519
10011, 2519
13797, 2519
19419, 2519
21743, 2519
26824, 2519
29438, 2519
19352, 2519
21862, 2519
24763, 2519
9304, 2519
23346, 2519
27051, 2519
30142, 2519
11670, 2519
27760, 2519
21157, 2519
9250, 2519
9516, 2519
9045, 2519
14414, 2519
22678, 2519
11150, 2519
17751, 2519
26741, 2519
28022, 2519
14203, 2519
8002, 2519
14346, 2519
15297, 2519
13306, 2519
8543, 2519
21130, 2519
16969, 2519
27507, 2519
24400, 2519
19924, 2519
12158, 2519
20281, 2519
2519, 25044
22522, 2520
2520, 23493
19263, 2521
2521, 27350
12983, 2522
2522, 18836
11013, 2523
2523, 18423
2523, 11904
17394, 2524
2524, 12749
23112, 2525
2525, 19088
26353, 2526
2526, 17412
21587, 2527
2527, 22656
8632, 2528
2528, 13666
15472, 2529
2529, 12225
10025, 2530
11724, 2530
2530, 25264
22679, 2531
2531, 25049
19836, 2532
24586, 2532
2532, 17690
27210, 2533
2533, 8126
26466, 2534
2534, 22862
2534, 20421
2534, 24562
2534, 13522
2534, 20914
2534, 20953
2534, 27509
2534, 20661
2534, 22967
2534, 9564
2534, 26213
2534, 16308
2534, 25541
2534, 11710
2534, 25714
2534, 12084
2534, 27593
2534, 9543
2534, 24466
2534, 13366
2534, 19686
2534, 28726
2534, 21688
2534, 15534
2534, 28053
2534, 21825
2534, 23731
2534, 28821
2534, 22845
2534, 19422
2534, 24907
2534, 14525
2534, 15347
8660, 2535
2535, 11827
25527, 2536
2536, 18055
9183, 2537
2537, 20327
24338, 2538
26757, 2538
2538, 15570
29011, 2539
2539, 27361
12260, 2540
2540, 19368
19716, 2541
2541, 16523
9084, 2542
2542, 22656
12328, 2543
22365, 2543
2543, 26560
23155, 2544
30244, 2544
2544, 9779
2544, 16555
2544, 12027
2544, 15081
7829, 2545
2545, 20406
29344, 2546
2546, 11948
9418, 2547
21066, 2547
2547, 25935
24161, 2548
2548, 20177
16074, 2549
2549, 18649
28444, 2550
2550, 18697
24427, 2551
2551, 8730
16614, 2552
7584, 2552
2552, 19368
28081, 2553
2553, 21327
10412, 2554
29749, 2554
13832, 2554
23672, 2554
2554, 15673
19902, 2555
2555, 10692
2555, 26140
2555, 28967
2555, 8477
2555, 18756
2555, 26649
2555, 25596
2555, 14282
2555, 17341
2555, 27703
2555, 7528
12750, 2556
15148, 2556
2556, 17381
28739, 2557
2557, 8433
14221, 2558
2558, 9892
13861, 2559
2559, 21981
12794, 2560
2560, 29314
29344, 2561
2561, 25568
20382, 2562
2562, 7838
29754, 2563
2563, 22383
9491, 2564
2564, 11707
13058, 2565
2565, 13494
19179, 2566
2566, 29937
29344, 2567
2567, 20045
14445, 2568
2568, 8199
14049, 2569
22149, 2569
2569, 25049
25468, 2570
2570, 28489
23766, 2571
2571, 11989
2571, 27194
2571, 10317
26002, 2572
2572, 15393
10815, 2573
2573, 8397
26654, 2574
2574, 25264
2574, 27147
18431, 2575
13445, 2575
14133, 2575
22570, 2575
26982, 2575
14394, 2575
23860, 2575
9160, 2575
18134, 2575
26563, 2575
20326, 2575
9609, 2575
2575, 14336
25948, 2576
10939, 2576
13480, 2576
11822, 2576
20483, 2576
22869, 2576
19944, 2576
25799, 2576
29149, 2576
17412, 2576
18441, 2576
19658, 2576
22825, 2576
19368, 2576
14023, 2576
13276, 2576
23786, 2576
13070, 2576
13149, 2576
14177, 2576
28775, 2576
17916, 2576
15811, 2576
20083, 2576
15892, 2576
18454, 2576
25414, 2576
10507, 2576
15570, 2576
11564, 2576
2576, 13336
18381, 2577
2577, 25799
23027, 2578
2578, 9892
30104, 2579
16157, 2579
15093, 2579
20391, 2579
22456, 2579
2579, 24391
15777, 2580
2580, 25955
2580, 18975
8698, 2581
2581, 8768
19688, 2582
18422, 2582
28487, 2582
30455, 2582
9103, 2582
21480, 2582
11672, 2582
26724, 2582
14785, 2582
27604, 2582
29580, 2582
23310, 2582
27523, 2582
26630, 2582
29872, 2582
7995, 2582
19505, 2582
13608, 2582
14103, 2582
29908, 2582
8899, 2582
14838, 2582
18975, 2582
10559, 2582
9104, 2582
10610, 2582
10161, 2582
25810, 2582
20802, 2582
13536, 2582
22117, 2582
18741, 2582
16145, 2582
19281, 2582
8255, 2582
15694, 2582
25651, 2582
29794, 2582
12783, 2582
28086, 2582
27931, 2582
11611, 2582
16297, 2582
17323, 2582
24734, 2582
25306, 2582
21375, 2582
13629, 2582
9487, 2582
23093, 2582
14957, 2582
21977, 2582
25388, 2582
27674, 2582
23348, 2582
15656, 2582
27141, 2582
26250, 2582
28498, 2582
25323, 2582
28825, 2582
18111, 2582
15305, 2582
29389, 2582
8361, 2582
9337, 2582
19499, 2582
24470, 2582
20516, 2582
19200, 2582
18707, 2582
25676, 2582
13540, 2582
17632, 2582
27047, 2582
12137, 2582
28034, 2582
9068, 2582
26641, 2582
29962, 2582
22533, 2582
23716, 2582
7487, 2582
8366, 2582
10789, 2582
14069, 2582
23197, 2582
26237, 2582
23562, 2582
25655, 2582
18393, 2582
16713, 2582
18789, 2582
7480, 2582
7661, 2582
12203, 2582
18313, 2582
19574, 2582
28374, 2582
21914, 2582
16580, 2582
27432, 2582
23657, 2582
21282, 2582
17721, 2582
14100, 2582
7622, 2582
23911, 2582
19719, 2582
27826, 2582
29675, 2582
15997, 2582
27107, 2582
18566, 2582
9789, 2582
7964, 2582
13666, 2582
25162, 2582
21059, 2582
14503, 2582
29678, 2582
15560, 2582
26213, 2582
9564, 2582
14525, 2582
27509, 2582
16150, 2582
20661, 2582
15534, 2582
22769, 2582
9756, 2582
25283, 2582
13875, 2582
9196, 2582
14086, 2582
24342, 2582
19947, 2582
14054, 2582
8229, 2582
16716, 2582
27880, 2582
28489, 2582
20628, 2582
21595, 2582
19892, 2582
25366, 2582
21051, 2582
7727, 2582
19584, 2582
29120, 2582
27914, 2582
23207, 2582
25978, 2582
15963, 2582
26575, 2582
30190, 2582
7971, 2582
17070, 2582
27638, 2582
15859, 2582
20313, 2582
12619, 2582
17382, 2582
28157, 2582
17030, 2582
15673, 2582
16967, 2582
11605, 2582
15385, 2582
15503, 2582
22967, 2582
21677, 2582
17871, 2582
24582, 2582
29084, 2582
19195, 2582
29888, 2582
20413, 2582
15948, 2582
28530, 2582
13969, 2582
21320, 2582
21624, 2582
14552, 2582
28790, 2582
27147, 2582
10911, 2582
23392, 2582
22468, 2582
25856, 2582
24255, 2582
22355, 2582
8360, 2582
28766, 2582
16573, 2582
14366, 2582
15004, 2582
27258, 2582
29200, 2582
15836, 2582
15509, 2582
30396, 2582
25460, 2582
16817, 2582
25726, 2582
24626, 2582
8036, 2582
11688, 2582
30211, 2582
20786, 2582
11547, 2582
20394, 2582
21832, 2582
20955, 2582
11490, 2582
9361, 2582
27512, 2582
14303, 2582
10586, 2582
15782, 2582
20023, 2582
13878, 2582
15602, 2582
12028, 2582
15968, 2582
23979, 2582
13183, 2582
9942, 2582
12528, 2582
13409, 2582
19636, 2582
29473, 2582
22821, 2582
21545, 2582
12262, 2582
12205, 2582
19160, 2582
27859, 2582
28327, 2582
26588, 2582
21676, 2582
16523, 2582
11231, 2582
25530, 2582
10813, 2582
25768, 2582
30180, 2582
26901, 2582
19793, 2582
24131, 2582
12131, 2582
26937, 2582
23411, 2582
13775, 2582
27699, 2582
19276, 2582
21729, 2582
23666, 2582
29283, 2582
9436, 2582
21539, 2582
26984, 2582
30136, 2582
29565, 2582
15521, 2582
14701, 2582
28688, 2582
26592, 2582
7678, 2582
24135, 2582
21627, 2582
13796, 2582
17542, 2582
14689, 2582
26217, 2582
27698, 2582
13203, 2582
22247, 2582
15993, 2582
18815, 2582
20273, 2582
14266, 2582
24820, 2582
22343, 2582
9288, 2582
13697, 2582
7974, 2582
26981, 2582
8654, 2582
27450, 2582
27904, 2582
15842, 2582
29516, 2582
9232, 2582
22661, 2582
25166, 2582
10435, 2582
17825, 2582
14361, 2582
20192, 2582
16081, 2582
22816, 2582
26683, 2582
22681, 2582
24663, 2582
25025, 2582
9641, 2582
29002, 2582
24716, 2582
29677, 2582
17870, 2582
14132, 2582
28767, 2582
28358, 2582
11000, 2582
19746, 2582
19669, 2582
23891, 2582
8605, 2582
12679, 2582
18618, 2582
8960, 2582
16907, 2582
21509, 2582
20102, 2582
9245, 2582
26567, 2582
23375, 2582
20889, 2582
26560, 2582
18195, 2582
13105, 2582
27831, 2582
17208, 2582
26679, 2582
25617, 2582
18132, 2582
20626, 2582
26048, 2582
28658, 2582
15367, 2582
10490, 2582
28752, 2582
18469, 2582
22812, 2582
30230, 2582
8192, 2582
13783, 2582
16590, 2582
11818, 2582
7781, 2582
27312, 2582
11728, 2582
25220, 2582
25896, 2582
20932, 2582
28072, 2582
10670, 2582
18463, 2582
14443, 2582
10858, 2582
29870, 2582
15433, 2582
13932, 2582
16314, 2582
28197, 2582
24421, 2582
22178, 2582
27015, 2582
30401, 2582
22239, 2582
12988, 2582
16023, 2582
12055, 2582
7479, 2582
11901, 2582
23479, 2582
26538, 2582
9372, 2582
8009, 2582
23055, 2582
25455, 2582
18264, 2582
27785, 2582
13444, 2582
10765, 2582
20497, 2582
22587, 2582
22009, 2582
9923, 2582
19641, 2582
13507, 2582
8755, 2582
18730, 2582
19627, 2582
12898, 2582
23558, 2582
13579, 2582
16385, 2582
14710, 2582
15399, 2582
18632, 2582
17312, 2582
28726, 2582
21221, 2582
18644, 2582
15349, 2582
12036, 2582
21346, 2582
9774, 2582
16469, 2582
20537, 2582
29125, 2582
28874, 2582
14874, 2582
19833, 2582
30290, 2582
21877, 2582
25625, 2582
15925, 2582
27471, 2582
12876, 2582
21402, 2582
13387, 2582
10458, 2582
20540, 2582
16577, 2582
28299, 2582
20990, 2582
16618, 2582
27745, 2582
8434, 2582
24765, 2582
15751, 2582
21449, 2582
27395, 2582
14077, 2582
28656, 2582
20438, 2582
16102, 2582
15185, 2582
13535, 2582
10039, 2582
24466, 2582
24907, 2582
21688, 2582
12084, 2582
25961, 2582
23543, 2582
20561, 2582
24806, 2582
8094, 2582
9691, 2582
30282, 2582
24268, 2582
16508, 2582
16977, 2582
7714, 2582
29073, 2582
24284, 2582
23481, 2582
15312, 2582
28036, 2582
11258, 2582
19102, 2582
25446, 2582
20084, 2582
13048, 2582
15735, 2582
21653, 2582
30350, 2582
8092, 2582
20512, 2582
18235, 2582
29912, 2582
29370, 2582
24897, 2582
28753, 2582
2582, 27101
2582, 29344
23701, 2583
2583, 25017
24555, 2584
23065, 2584
2584, 26012
21763, 2585
2585, 7575
15582, 2586
2586, 9665
23553, 2587
2587, 16114
15821, 2588
2588, 21818
11143, 2589
2589, 7964
16952, 2590
2590, 25049
2590, 26336
21641, 2591
2591, 8433
23320, 2592
2592, 22757
16931, 2593
2593, 22222
2593, 23922
2593, 12485
2593, 17323
2593, 23247
8408, 2594
2594, 22355
17096, 2595
2595, 20023
16380, 2596
2596, 20192
24809, 2597
18885, 2597
2597, 17051
13242, 2598
2598, 17672
18037, 2599
2599, 16314
30244, 2600
2600, 10009
2600, 18425
2600, 12516
2600, 20793
2600, 14046
2600, 9158
2600, 24133
28610, 2601
2601, 29833
8506, 2602
2602, 29330
22293, 2603
2603, 22854
8157, 2604
10997, 2604
19602, 2604
28172, 2604
18500, 2604
28395, 2604
30120, 2604
2604, 25564
2604, 29344
18259, 2605
2605, 14605
2605, 26309
2605, 26937
15409, 2606
2606, 24293
16959, 2607
2607, 15431
29818, 2608
2608, 30456
19828, 2609
16357, 2609
2609, 26560
20541, 2610
7564, 2610
18387, 2610
24939, 2610
24514, 2610
2610, 22656
23502, 2611
2611, 12539
29303, 2612
2612, 12590
21351, 2613
2613, 13357
29008, 2614
2614, 12044
2614, 10901
2614, 19783
27549, 2615
2615, 16661
28575, 2616
12033, 2616
2616, 25896
17165, 2617
22834, 2617
22760, 2617
24194, 2617
14852, 2617
26888, 2617
13380, 2617
25264, 2617
25049, 2617
13494, 2617
22836, 2617
27618, 2617
29833, 2617
11958, 2617
29033, 2617
23665, 2617
24453, 2617
17980, 2617
15767, 2617
26863, 2617
25941, 2617
22265, 2617
19368, 2617
23387, 2617
21176, 2617
11388, 2617
13070, 2617
9734, 2617
13238, 2617
25568, 2617
13149, 2617
18825, 2617
15615, 2617
20826, 2617
28759, 2617
27903, 2617
20937, 2617
17051, 2617
24293, 2617
26926, 2617
29574, 2617
22019, 2617
23661, 2617
17688, 2617
10906, 2617
9790, 2617
9302, 2617
21154, 2617
13727, 2617
29107, 2617
26566, 2617
18664, 2617
10205, 2617
18636, 2617
30196, 2617
8718, 2617
22915, 2617
22656, 2617
22552, 2617
15947, 2617
29503, 2617
13556, 2617
8814, 2617
8704, 2617
8081, 2617
10507, 2617
29391, 2617
24433, 2617
9449, 2617
11294, 2617
13021, 2617
17534, 2617
7672, 2617
16220, 2617
11564, 2617
28800, 2617
21981, 2617
22334, 2617
12912, 2617
12541, 2617
18672, 2617
20662, 2617
2617, 23120
21736, 2618
18118, 2618
2618, 24306
2618, 9947
2618, 25473
2618, 14428
2618, 20270
24398, 2619
2619, 8266
15973, 2620
2620, 22834
29765, 2621
2621, 11668
26780, 2622
2622, 25287
23766, 2623
2623, 25444
2623, 22259
2623, 25514
25335, 2624
2624, 19468
15839, 2625
2625, 29619
21459, 2626
2626, 24820
19651, 2627
14339, 2627
2627, 25306
22921, 2628
11976, 2628
10966, 2628
17995, 2628
9697, 2628
14673, 2628
2628, 13080
2628, 24077
12586, 2629
2629, 18712
2629, 10132
2629, 23483
18591, 2630
21237, 2630
2630, 21683
13850, 2631
2631, 28922
27371, 2632
2632, 25162
19376, 2633
13176, 2633
15788, 2633
26991, 2633
23762, 2633
9594, 2633
13315, 2633
20727, 2633
12126, 2633
18170, 2633
29380, 2633
13845, 2633
17957, 2633
2633, 20917
30252, 2634
2634, 7545
23280, 2635
2635, 10395
10868, 2636
2636, 12434
2636, 29972
28003, 2637
2637, 22656
22300, 2638
25948, 2638
17797, 2638
12430, 2638
8612, 2638
21995, 2638
24880, 2638
26341, 2638
7692, 2638
14852, 2638
20887, 2638
21068, 2638
27546, 2638
13432, 2638
15448, 2638
18409, 2638
23398, 2638
25049, 2638
22808, 2638
29983, 2638
20328, 2638
15372, 2638
19696, 2638
22836, 2638
16464, 2638
14556, 2638
13054, 2638
20672, 2638
13679, 2638
16009, 2638
16155, 2638
23922, 2638
29833, 2638
27715, 2638
20994, 2638
17828, 2638
13486, 2638
20873, 2638
15767, 2638
22458, 2638
10259, 2638
13857, 2638
17967, 2638
20761, 2638
7619, 2638
26863, 2638
14783, 2638
22555, 2638
24076, 2638
29394, 2638
7555, 2638
9539, 2638
19368, 2638
14400, 2638
20489, 2638
28398, 2638
18690, 2638
17921, 2638
21708, 2638
11348, 2638
19739, 2638
22974, 2638
13070, 2638
26417, 2638
12592, 2638
13149, 2638
7954, 2638
11913, 2638
30352, 2638
16422, 2638
30329, 2638
15615, 2638
21500, 2638
27756, 2638
24293, 2638
26922, 2638
14601, 2638
19759, 2638
28236, 2638
10892, 2638
9930, 2638
17688, 2638
14148, 2638
27574, 2638
13886, 2638
9790, 2638
13811, 2638
18891, 2638
27243, 2638
22498, 2638
16101, 2638
28563, 2638
8563, 2638
12926, 2638
14003, 2638
30332, 2638
22915, 2638
18055, 2638
22656, 2638
8209, 2638
12581, 2638
7886, 2638
13429, 2638
11606, 2638
8814, 2638
30394, 2638
13849, 2638
14343, 2638
21350, 2638
20211, 2638
14902, 2638
12633, 2638
18541, 2638
11564, 2638
8920, 2638
20662, 2638
2638, 11085
17831, 2639
2639, 19371
20165, 2640
2640, 20852
10522, 2641
2641, 30267
27316, 2642
2642, 24138
13509, 2643
2643, 13796
14884, 2644
25202, 2644
2644, 30116
2644, 29083
28061, 2645
17000, 2645
27013, 2645
28842, 2645
2645, 15247
7896, 2646
23129, 2646
21190, 2646
17899, 2646
2646, 11619
2646, 21478
29413, 2647
2647, 8817
29344, 2648
2648, 22300
2648, 20211
13578, 2649
2649, 17838
17012, 2650
2650, 11903
15003, 2651
2651, 21958
2651, 24831
2651, 12806
2651, 19271
2651, 29876
2651, 22261
2651, 23012
2651, 11185
2651, 13936
2651, 8986
2651, 22713
2651, 14008
2651, 11806
2651, 14591
29890, 2652
2652, 27479
15542, 2653
2653, 27863
23766, 2654
2654, 18741
2654, 17729
30032, 2655
2655, 16466
21878, 2656
2656, 26818
2656, 15827
2656, 9307
12672, 2657
2657, 11827
29672, 2658
2658, 29636
29839, 2659
17054, 2659
23505, 2659
23923, 2659
26536, 2659
2659, 9085
18390, 2660
2660, 10744
15456, 2661
2661, 15146
12598, 2662
2662, 27450
10843, 2663
23451, 2663
2663, 28293
2663, 19030
2663, 8031
17358, 2664
2664, 10471
17644, 2665
2665, 14037
26938, 2666
2666, 25865
16972, 2667
2667, 28235
20650, 2668
24788, 2668
25840, 2668
2668, 14003
9599, 2669
2669, 25783
29008, 2670
2670, 8946
2670, 9904
19293, 2671
2671, 8018
18777, 2672
2672, 17869
19571, 2673
27314, 2673
24212, 2673
27829, 2673
2673, 18063
26945, 2674
30246, 2674
15870, 2674
2674, 29391
12122, 2675
2675, 25327
2675, 15341
2675, 9168
12794, 2676
2676, 22782
7792, 2677
2677, 10507
10429, 2678
2678, 25375
20288, 2679
2679, 14566
8771, 2680
2680, 18204
18329, 2681
2681, 20767
18314, 2682
2682, 11696
22152, 2683
2683, 11890
2683, 20988
2683, 17312
2683, 15812
23150, 2684
2684, 27520
11048, 2685
2685, 26272
20724, 2686
2686, 9151
22046, 2687
2687, 28893
20255, 2688
2688, 9689
10526, 2689
2689, 20088
25744, 2690
2690, 24791
17882, 2691
2691, 19368
29117, 2692
2692, 11517
2692, 10020
2692, 27041
2692, 19964
30244, 2693
2693, 7708
2693, 17613
2693, 21634
2693, 20816
2693, 24195
30244, 2694
2694, 16754
2694, 29620
15171, 2695
20995, 2695
11576, 2695
21419, 2695
2695, 19178
26789, 2696
2696, 25262
11343, 2697
2697, 15004
2697, 15206
29051, 2698
2698, 21683
14668, 2699
14029, 2699
24188, 2699
2699, 25797
24477, 2700
2700, 13144
27626, 2701
2701, 19368
17358, 2702
2702, 25148
25447, 2703
20418, 2703
2703, 28958
30314, 2704
2704, 29580
25790, 2705
2705, 25306
20108, 2706
13599, 2706
28519, 2706
15319, 2706
11519, 2706
17377, 2706
2706, 30028
8181, 2707
2707, 10137
26358, 2708
2708, 11994
28174, 2709
2709, 10433
26013, 2710
2710, 23641
15154, 2711
2711, 21579
24367, 2712
2712, 22184
2712, 16364
26881, 2713
2713, 27127
17609, 2714
2714, 8814
18282, 2715
2715, 18922
22400, 2716
2716, 18422
11787, 2717
15952, 2717
11933, 2717
23066, 2717
10988, 2717
29687, 2717
8307, 2717
20577, 2717
8781, 2717
24603, 2717
9171, 2717
19078, 2717
16501, 2717
23894, 2717
8702, 2717
23972, 2717
22894, 2717
20189, 2717
27084, 2717
18794, 2717
16962, 2717
12227, 2717
28315, 2717
23648, 2717
28808, 2717
23189, 2717
24040, 2717
28288, 2717
14153, 2717
9888, 2717
19420, 2717
14256, 2717
21625, 2717
17629, 2717
17081, 2717
9262, 2717
8780, 2717
28194, 2717
21727, 2717
11127, 2717
27860, 2717
22797, 2717
9088, 2717
16362, 2717
17413, 2717
21072, 2717
28504, 2717
19785, 2717
29162, 2717
7795, 2717
25018, 2717
20474, 2717
10348, 2717
12398, 2717
14071, 2717
24144, 2717
29202, 2717
16293, 2717
29558, 2717
15411, 2717
18284, 2717
20437, 2717
23537, 2717
20840, 2717
8170, 2717
17593, 2717
26716, 2717
26469, 2717
7567, 2717
21077, 2717
22901, 2717
17827, 2717
11568, 2717
19116, 2717
9189, 2717
10568, 2717
13860, 2717
25173, 2717
26924, 2717
30341, 2717
25946, 2717
8805, 2717
20998, 2717
15250, 2717
23275, 2717
16900, 2717
9099, 2717
21203, 2717
22203, 2717
27330, 2717
18237, 2717
27352, 2717
18089, 2717
8683, 2717
28462, 2717
26106, 2717
24615, 2717
7833, 2717
28708, 2717
17807, 2717
27513, 2717
22035, 2717
12790, 2717
18754, 2717
8980, 2717
8941, 2717
24149, 2717
15061, 2717
16329, 2717
16879, 2717
20820, 2717
18473, 2717
17485, 2717
27001, 2717
23040, 2717
26151, 2717
20806, 2717
24692, 2717
29451, 2717
29635, 2717
26674, 2717
28601, 2717
26077, 2717
11401, 2717
26759, 2717
15547, 2717
10745, 2717
16388, 2717
8404, 2717
24419, 2717
29168, 2717
18303, 2717
14084, 2717
26749, 2717
14664, 2717
20028, 2717
24905, 2717
26928, 2717
22811, 2717
24657, 2717
23735, 2717
15442, 2717
19842, 2717
14803, 2717
11366, 2717
19775, 2717
11559, 2717
14236, 2717
15407, 2717
11512, 2717
20879, 2717
9221, 2717
20584, 2717
23497, 2717
16109, 2717
22594, 2717
15375, 2717
18572, 2717
24919, 2717
17904, 2717
13071, 2717
26957, 2717
14974, 2717
11516, 2717
15055, 2717
17306, 2717
8677, 2717
8037, 2717
17518, 2717
7719, 2717
19320, 2717
16515, 2717
8590, 2717
28865, 2717
29944, 2717
11618, 2717
17977, 2717
13344, 2717
10915, 2717
11213, 2717
10284, 2717
14150, 2717
11600, 2717
21289, 2717
24402, 2717
13974, 2717
25390, 2717
21168, 2717
9066, 2717
9724, 2717
16216, 2717
19560, 2717
7881, 2717
17570, 2717
18160, 2717
20364, 2717
23516, 2717
16656, 2717
30324, 2717
23128, 2717
16835, 2717
13716, 2717
23405, 2717
14636, 2717
22162, 2717
26625, 2717
28145, 2717
17192, 2717
28130, 2717
13992, 2717
18617, 2717
28168, 2717
22074, 2717
20399, 2717
23757, 2717
20631, 2717
10265, 2717
25657, 2717
21967, 2717
14383, 2717
7632, 2717
20389, 2717
27191, 2717
13654, 2717
22657, 2717
17953, 2717
29358, 2717
25161, 2717
20525, 2717
22506, 2717
29257, 2717
29987, 2717
17071, 2717
25165, 2717
28118, 2717
19336, 2717
21730, 2717
16742, 2717
9973, 2717
24360, 2717
8948, 2717
14589, 2717
19519, 2717
28692, 2717
18947, 2717
10980, 2717
23250, 2717
14083, 2717
27725, 2717
19228, 2717
17481, 2717
20054, 2717
17939, 2717
23035, 2717
17273, 2717
10778, 2717
21789, 2717
28854, 2717
12677, 2717
21728, 2717
18751, 2717
28653, 2717
21113, 2717
21777, 2717
19812, 2717
23257, 2717
15906, 2717
14865, 2717
16846, 2717
18627, 2717
23103, 2717
10632, 2717
13915, 2717
14618, 2717
24648, 2717
28105, 2717
14330, 2717
24236, 2717
13525, 2717
30194, 2717
2717, 26385
20325, 2718
2718, 14902
11954, 2719
11827, 2719
21592, 2719
25049, 2719
27695, 2719
29515, 2719
20219, 2719
9260, 2719
14247, 2719
25817, 2719
29937, 2719
9570, 2719
16764, 2719
30116, 2719
29225, 2719
19368, 2719
15358, 2719
16141, 2719
13073, 2719
7818, 2719
22169, 2719
13070, 2719
30213, 2719
11821, 2719
15615, 2719
30372, 2719
9362, 2719
13104, 2719
9790, 2719
23246, 2719
25555, 2719
29019, 2719
22738, 2719
29981, 2719
7879, 2719
11324, 2719
25490, 2719
18787, 2719
18063, 2719
17690, 2719
11772, 2719
26761, 2719
8814, 2719
16966, 2719
10507, 2719
27492, 2719
17635, 2719
19285, 2719
12119, 2719
24808, 2719
2719, 10042
10714, 2720
27812, 2720
22631, 2720
23449, 2720
16235, 2720
2720, 26797
29344, 2721
2721, 21176
23881, 2722
2722, 21683
19996, 2723
2723, 29908
17976, 2724
2724, 7916
13924, 2725
2725, 22334
11266, 2726
2726, 27127
29094, 2727
24316, 2727
2727, 12448
17358, 2728
2728, 25993
2728, 28542
2728, 22277
10784, 2729
19361, 2729
2729, 13073
2729, 17957
23805, 2730
2730, 10036
14763, 2731
2731, 29911
16051, 2732
2732, 13608
2732, 27258
10982, 2733
2733, 19315
18605, 2734
2734, 22759
23463, 2735
2735, 23442
2735, 11410
2735, 23535
2735, 29280
2735, 28532
2735, 16581
2735, 28768
2735, 18873
2735, 13854
2735, 18481
2735, 27663
2735, 13028
2735, 9456
2735, 29040
2735, 14579
2735, 14904
2735, 19591
2735, 12030
2735, 19517
2735, 14488
2735, 17837
2735, 13252
2735, 29622
2735, 15312
2735, 11590
2735, 24500
2735, 19859
2735, 27674
2735, 12973
2735, 22194
2735, 9647
2735, 24038
2735, 23348
2735, 13403
2735, 24374
2735, 17890
2735, 29978
2735, 26726
2735, 17739
2735, 28124
2735, 24896
2735, 17855
2735, 15668
2735, 22111
2735, 22569
2735, 23908
2735, 25135
2735, 28020
2735, 27341
2735, 11673
2735, 11372
2735, 18168
2735, 14967
2735, 25180
2735, 30391
2735, 11184
2735, 8030
2735, 26995
2735, 10700
2735, 29123
2735, 12228
2735, 28495
2735, 10636
2735, 10377
2735, 11875
2735, 26696
2735, 12651
2735, 25357
2735, 24125
2735, 15806
2735, 13161
2735, 9648
2735, 12901
2735, 20894
2735, 19355
17854, 2736
2736, 16182
16445, 2737
17493, 2737
26254, 2737
2737, 15615
8763, 2738
2738, 9265
29117, 2739
2739, 19210
2739, 22566
2739, 19288
2739, 11999
29549, 2740
2740, 11494
30240, 2741
2741, 27195
2741, 25116
2741, 17189
11753, 2742
2742, 30162
16959, 2743
2743, 8921
26337, 2744
2744, 17171
8944, 2745
2745, 30267
16215, 2746
2746, 16671
10149, 2747
2747, 24324
11292, 2748
9117, 2748
19749, 2748
2748, 9005
9596, 2749
26781, 2749
24484, 2749
11453, 2749
26254, 2749
2749, 15615
11678, 2750
2750, 8557
18446, 2751
2751, 29506
11979, 2752
2752, 27980
12508, 2753
2753, 28353
20724, 2754
2754, 12396
9719, 2755
2755, 19281
15523, 2756
15943, 2756
28352, 2756
2756, 21075
22235, 2757
2757, 8654
21528, 2758
2758, 11564
13871, 2759
2759, 29989
19026, 2760
2760, 24649
10903, 2761
2761, 28098
12795, 2762
2762, 15762
20897, 2763
2763, 19065
11640, 2764
11917, 2764
2764, 29355
12487, 2765
2765, 7582
18899, 2766
16265, 2766
14105, 2766
14318, 2766
25072, 2766
21513, 2766
2766, 20999
24143, 2767
2767, 29723
23808, 2768
2768, 12633
11664, 2769
2769, 15829
14751, 2770
2770, 16792
12551, 2771
25551, 2771
24226, 2771
8763, 2771
19545, 2771
27762, 2771
27744, 2771
8244, 2771
22686, 2771
2771, 8092
29465, 2772
2772, 21049
8124, 2773
2773, 18209
25384, 2774
8390, 2774
2774, 13176
11819, 2775
2775, 28922
2775, 24175
23112, 2776
2776, 8204
29495, 2777
2777, 12443
9894, 2778
11030, 2778
27375, 2778
7674, 2778
11527, 2778
26491, 2778
16699, 2778
27888, 2778
19918, 2778
9779, 2778
20655, 2778
23442, 2778
29335, 2778
17421, 2778
11410, 2778
21826, 2778
16036, 2778
19580, 2778
13353, 2778
23535, 2778
11815, 2778
29280, 2778
10375, 2778
17558, 2778
9443, 2778
12895, 2778
26550, 2778
17670, 2778
8871, 2778
23110, 2778
20714, 2778
28532, 2778
21784, 2778
8487, 2778
30118, 2778
20419, 2778
21923, 2778
30099, 2778
23480, 2778
19466, 2778
17709, 2778
15755, 2778
24210, 2778
12859, 2778
13505, 2778
16581, 2778
22504, 2778
7553, 2778
10922, 2778
28768, 2778
28701, 2778
18873, 2778
13854, 2778
16531, 2778
24386, 2778
11580, 2778
29985, 2778
30020, 2778
18481, 2778
24580, 2778
26000, 2778
14653, 2778
25246, 2778
9531, 2778
17674, 2778
16326, 2778
12443, 2778
9560, 2778
27663, 2778
22017, 2778
28170, 2778
25614, 2778
9089, 2778
13028, 2778
8052, 2778
16555, 2778
28982, 2778
20392, 2778
16485, 2778
9456, 2778
29040, 2778
27777, 2778
19358, 2778
7780, 2778
11269, 2778
14579, 2778
20230, 2778
26732, 2778
18641, 2778
13769, 2778
12387, 2778
10486, 2778
19471, 2778
20623, 2778
14904, 2778
14184, 2778
11609, 2778
22754, 2778
17942, 2778
10353, 2778
23984, 2778
2778, 13719
28799, 2779
27484, 2779
2779, 7995
26357, 2780
20782, 2780
2780, 22146
13092, 2781
25411, 2781
2781, 27258
11117, 2782
2782, 24031
13861, 2783
2783, 21981
23463, 2784
2784, 27375
2784, 17558
2784, 12895
2784, 30118
2784, 19466
2784, 24580
2784, 26000
2784, 25246
2784, 9531
2784, 16485
2784, 20623
2784, 11609
2784, 22754
2784, 10353
2784, 21423
2784, 26610
2784, 9693
2784, 11072
2784, 17310
2784, 30455
2784, 20313
2784, 15859
2784, 21715
2784, 18131
2784, 16573
2784, 9510
2784, 25999
2784, 13001
2784, 16416
2784, 18533
2784, 20467
2784, 20476
2784, 17901
2784, 20018
2784, 22052
2784, 24447
2784, 21770
2784, 14094
2784, 19227
2784, 19248
2784, 28627
2784, 12496
2784, 16883
2784, 26534
2784, 19907
2784, 8785
2784, 13545
2784, 23626
25528, 2785
30199, 2785
2785, 28717
7961, 2786
7734, 2786
27235, 2786
18006, 2786
14925, 2786
19675, 2786
20324, 2786
27086, 2786
2786, 25908
23766, 2787
2787, 13612
12503, 2788
2788, 25306
20744, 2789
2789, 26204
8340, 2790
2790, 24293
23835, 2791
2791, 23207
7488, 2792
2792, 10997
28464, 2793
2793, 14215
26382, 2794
2794, 16327
14004, 2795
15940, 2795
14584, 2795
16042, 2795
27605, 2795
21274, 2795
20621, 2795
8763, 2795
11081, 2795
18984, 2795
2795, 21683
27434, 2796
23983, 2796
27864, 2796
2796, 15433
16180, 2797
2797, 19048
24722, 2798
2798, 18459
8455, 2799
2799, 23276
22839, 2800
11189, 2800
2800, 19368
14174, 2801
20297, 2801
17480, 2801
22512, 2801
11444, 2801
28562, 2801
26251, 2801
21223, 2801
14238, 2801
27442, 2801
24275, 2801
14157, 2801
23601, 2801
30150, 2801
12480, 2801
16741, 2801
19810, 2801
15094, 2801
8176, 2801
15847, 2801
23616, 2801
15105, 2801
27892, 2801
13537, 2801
15858, 2801
12691, 2801
14286, 2801
17214, 2801
8788, 2801
21258, 2801
28351, 2801
26078, 2801
22031, 2801
19893, 2801
18733, 2801
19219, 2801
24030, 2801
10057, 2801
26695, 2801
28027, 2801
13171, 2801
16608, 2801
24634, 2801
17438, 2801
7743, 2801
23367, 2801
13547, 2801
13804, 2801
29884, 2801
21440, 2801
29810, 2801
23012, 2801
14305, 2801
19552, 2801
20758, 2801
23084, 2801
9796, 2801
27817, 2801
14072, 2801
11731, 2801
24217, 2801
26537, 2801
27333, 2801
16693, 2801
21384, 2801
16530, 2801
15089, 2801
27776, 2801
26117, 2801
10421, 2801
11136, 2801
16334, 2801
11185, 2801
23356, 2801
25157, 2801
15909, 2801
24102, 2801
27105, 2801
15585, 2801
15650, 2801
17068, 2801
25691, 2801
23667, 2801
9384, 2801
10759, 2801
25712, 2801
13936, 2801
24701, 2801
20986, 2801
29836, 2801
29119, 2801
7729, 2801
21075, 2801
10793, 2801
27535, 2801
15259, 2801
16015, 2801
28491, 2801
22403, 2801
13730, 2801
27672, 2801
9025, 2801
26989, 2801
29271, 2801
14527, 2801
17817, 2801
9009, 2801
15627, 2801
21979, 2801
15553, 2801
29773, 2801
21232, 2801
28806, 2801
13920, 2801
23746, 2801
16895, 2801
22713, 2801
9228, 2801
28561, 2801
20982, 2801
11843, 2801
11400, 2801
30243, 2801
28565, 2801
24363, 2801
8096, 2801
11577, 2801
16806, 2801
17731, 2801
25600, 2801
27114, 2801
20220, 2801
15492, 2801
13988, 2801
7839, 2801
20881, 2801
17133, 2801
11387, 2801
20428, 2801
20602, 2801
19497, 2801
23370, 2801
26735, 2801
11545, 2801
7583, 2801
15555, 2801
13712, 2801
28915, 2801
23956, 2801
18931, 2801
9875, 2801
11594, 2801
10687, 2801
21806, 2801
26666, 2801
26399, 2801
30178, 2801
21013, 2801
24108, 2801
27769, 2801
9388, 2801
20822, 2801
20223, 2801
25001, 2801
14553, 2801
28129, 2801
12243, 2801
15072, 2801
18932, 2801
18938, 2801
27046, 2801
25924, 2801
25514, 2801
16783, 2801
15031, 2801
11273, 2801
8165, 2801
24925, 2801
16872, 2801
18189, 2801
9267, 2801
12549, 2801
13570, 2801
17539, 2801
28887, 2801
8099, 2801
8008, 2801
2801, 20917
23766, 2802
2802, 15136
9060, 2803
2803, 24293
26212, 2804
2804, 24293
23202, 2805
2805, 13052
21757, 2806
2806, 13796
29479, 2807
2807, 27304
7680, 2808
15229, 2808
20801, 2808
2808, 25797
24154, 2809
15873, 2809
27942, 2809
19789, 2809
2809, 22915
2809, 12619
10565, 2810
2810, 29867
30043, 2811
2811, 7947
22591, 2812
2812, 28988
16381, 2813
20078, 2813
22341, 2813
26154, 2813
2813, 7604
29890, 2814
2814, 8649
29161, 2815
14828, 2815
23383, 2815
10528, 2815
16682, 2815
2815, 27010
26702, 2816
2816, 28939
20251, 2817
2817, 13070
24134, 2818
2818, 20110
17227, 2819
2819, 23455
23155, 2820
2820, 18430
30081, 2821
2821, 25770
23599, 2822
2822, 27975
25720, 2823
2823, 8031
2823, 17195
21737, 2824
2824, 10039
16720, 2825
2825, 24131
18282, 2826
2826, 27170
24775, 2827
2827, 29886
25701, 2828
20987, 2828
8398, 2828
28357, 2828
27440, 2828
28885, 2828
13725, 2828
13753, 2828
25278, 2828
12906, 2828
25051, 2828
29884, 2828
14363, 2828
26020, 2828
8475, 2828
12364, 2828
13739, 2828
27913, 2828
11323, 2828
7956, 2828
10974, 2828
29604, 2828
21075, 2828
8844, 2828
11871, 2828
20322, 2828
30039, 2828
13873, 2828
29674, 2828
11243, 2828
18086, 2828
30149, 2828
10791, 2828
10899, 2828
8126, 2828
15804, 2828
14898, 2828
23576, 2828
23223, 2828
14349, 2828
14876, 2828
10609, 2828
26739, 2828
19925, 2828
14009, 2828
26764, 2828
13206, 2828
22789, 2828
19808, 2828
26051, 2828
12843, 2828
2828, 20917
20694, 2829
11961, 2829
2829, 11564
25764, 2830
2830, 15399
12992, 2831
12076, 2831
2831, 11607
26254, 2832
2832, 16248
27589, 2833
2833, 8084
24266, 2834
2834, 20329
2834, 30084
9464, 2835
19534, 2835
2835, 14677
24177, 2836
2836, 20270
22359, 2837
18886, 2837
2837, 20285
23112, 2838
2838, 12403
11644, 2839
2839, 15303
25744, 2840
2840, 26876
16219, 2841
2841, 16047
20459, 2842
2842, 28135
20442, 2843
2843, 19984
28866, 2844
2844, 12619
23228, 2845
2845, 11199
7828, 2846
2846, 25047
12656, 2847
2847, 8982
15493, 2848
2848, 24736
18839, 2849
2849, 25049
8603, 2850
2850, 24293
21878, 2851
2851, 26645
2851, 14266
2851, 18798
2851, 25601
24968, 2852
2852, 30310
2852, 26937
7651, 2853
27566, 2853
21928, 2853
10591, 2853
24329, 2853
2853, 7729
30053, 2854
2854, 20110
29344, 2855
2855, 30352
13782, 2856
2856, 15857
10820, 2857
2857, 13070
23766, 2858
2858, 9880
2858, 18076
2858, 14178
2858, 27363
29344, 2859
2859, 16976
11627, 2860
2860, 27361
12495, 2861
26084, 2861
7973, 2861
14107, 2861
10822, 2861
23173, 2861
2861, 27837
12945, 2862
14914, 2862
2862, 13878
16959, 2863
2863, 8272
15634, 2864
2864, 11608
20864, 2865
29977, 2865
2865, 16297
14818, 2866
2866, 11053
21351, 2867
2867, 13975
23602, 2868
8784, 2868
20243, 2868
20466, 2868
17471, 2868
11138, 2868
22927, 2868
13484, 2868
24300, 2868
16708, 2868
24245, 2868
17300, 2868
10392, 2868
29595, 2868
18496, 2868
14432, 2868
23286, 2868
21207, 2868
25518, 2868
14932, 2868
17020, 2868
18501, 2868
14675, 2868
24265, 2868
28867, 2868
24000, 2868
10569, 2868
15733, 2868
30209, 2868
22600, 2868
19523, 2868
25972, 2868
10155, 2868
15718, 2868
22245, 2868
30183, 2868
17651, 2868
13937, 2868
27306, 2868
17737, 2868
16982, 2868
11865, 2868
24608, 2868
27616, 2868
26508, 2868
22122, 2868
16374, 2868
22294, 2868
19710, 2868
11662, 2868
10718, 2868
22126, 2868
14093, 2868
24847, 2868
18527, 2868
27289, 2868
20529, 2868
27481, 2868
19480, 2868
17682, 2868
17750, 2868
8664, 2868
10870, 2868
20678, 2868
17536, 2868
27380, 2868
26132, 2868
21618, 2868
25653, 2868
28549, 2868
11329, 2868
16213, 2868
19138, 2868
15054, 2868
25006, 2868
28818, 2868
8991, 2868
7928, 2868
26278, 2868
13822, 2868
9023, 2868
28776, 2868
12325, 2868
24787, 2868
18656, 2868
19837, 2868
19341, 2868
12343, 2868
10944, 2868
17665, 2868
21249, 2868
28966, 2868
24407, 2868
20831, 2868
25376, 2868
10077, 2868
15600, 2868
24022, 2868
18008, 2868
13369, 2868
12218, 2868
9729, 2868
29512, 2868
19421, 2868
27551, 2868
23792, 2868
27906, 2868
23523, 2868
27331, 2868
28811, 2868
12005, 2868
27754, 2868
16096, 2868
21175, 2868
11684, 2868
20834, 2868
11212, 2868
16979, 2868
27193, 2868
7669, 2868
17304, 2868
26486, 2868
13800, 2868
14881, 2868
30139, 2868
25079, 2868
9612, 2868
21382, 2868
28181, 2868
19307, 2868
12305, 2868
15817, 2868
10461, 2868
13265, 2868
10122, 2868
13831, 2868
11173, 2868
26406, 2868
29459, 2868
21940, 2868
17291, 2868
21732, 2868
25642, 2868
8116, 2868
21698, 2868
23016, 2868
11952, 2868
12244, 2868
17008, 2868
13473, 2868
24507, 2868
8294, 2868
16929, 2868
23366, 2868
8645, 2868
11918, 2868
27654, 2868
18507, 2868
25422, 2868
29103, 2868
9523, 2868
12414, 2868
16914, 2868
25931, 2868
7677, 2868
19148, 2868
18341, 2868
11207, 2868
26304, 2868
15629, 2868
10810, 2868
25373, 2868
20411, 2868
2868, 24010
15363, 2869
2869, 21683
16634, 2870
20061, 2870
18740, 2870
9996, 2870
28364, 2870
2870, 13323
16615, 2871
2871, 28721
16959, 2872
2872, 16752
21099, 2873
12022, 2873
2873, 19794
20036, 2874
2874, 23761
22839, 2875
2875, 19368
14862, 2876
2876, 18461
10475, 2877
2877, 22468
10644, 2878
2878, 19562
28285, 2879
2879, 11689
21094, 2880
13546, 2880
18857, 2880
2880, 13021
21497, 2881
2881, 29690
2881, 26405
9680, 2882
2882, 28487
11917, 2883
20475, 2883
2883, 29355
21878, 2884
2884, 15322
2884, 27472
2884, 22313
2884, 25040
15846, 2885
11518, 2885
2885, 20830
28940, 2886
2886, 21402
20131, 2887
2887, 26237
17358, 2888
2888, 24557
2888, 13648
2888, 11826
21303, 2889
2889, 10507
26975, 2890
2890, 24131
7866, 2891
2891, 28234
22250, 2892
2892, 20715
8032, 2893
17238, 2893
2893, 13969
23748, 2894
2894, 27361
14804, 2895
27029, 2895
9685, 2895
2895, 17496
29276, 2896
2896, 11160
23707, 2897
24988, 2897
2897, 21008
9147, 2898
2898, 15509
28160, 2899
23378, 2899
23550, 2899
14108, 2899
2899, 19653
19688, 2900
15670, 2900
29254, 2900
25886, 2900
21284, 2900
16364, 2900
29778, 2900
8157, 2900
18975, 2900
11436, 2900
8676, 2900
26769, 2900
24131, 2900
21672, 2900
24175, 2900
8848, 2900
21476, 2900
15140, 2900
23401, 2900
13676, 2900
13718, 2900
25662, 2900
17843, 2900
28658, 2900
14772, 2900
19670, 2900
24673, 2900
18144, 2900
11936, 2900
11328, 2900
12722, 2900
10996, 2900
27345, 2900
19015, 2900
26602, 2900
24913, 2900
30445, 2900
12679, 2900
18632, 2900
19972, 2900
11302, 2900
27885, 2900
9771, 2900
8960, 2900
8760, 2900
10555, 2900
9704, 2900
24255, 2900
29314, 2900
19281, 2900
20125, 2900
17812, 2900
26236, 2900
25789, 2900
19653, 2900
29775, 2900
12640, 2900
26671, 2900
15780, 2900
12539, 2900
30171, 2900
19537, 2900
19550, 2900
25626, 2900
20906, 2900
30273, 2900
10624, 2900
15452, 2900
15336, 2900
22665, 2900
29669, 2900
29407, 2900
29360, 2900
11010, 2900
11610, 2900
19127, 2900
8326, 2900
20575, 2900
12619, 2900
12693, 2900
16826, 2900
20569, 2900
16175, 2900
25306, 2900
18181, 2900
15209, 2900
7774, 2900
16050, 2900
20177, 2900
9543, 2900
29880, 2900
22630, 2900
14874, 2900
29591, 2900
25879, 2900
8570, 2900
24559, 2900
18163, 2900
25999, 2900
25162, 2900
18452, 2900
14957, 2900
21059, 2900
7605, 2900
14768, 2900
10039, 2900
18908, 2900
13488, 2900
26462, 2900
10940, 2900
17460, 2900
21563, 2900
23359, 2900
13785, 2900
15279, 2900
11856, 2900
15825, 2900
29543, 2900
12924, 2900
17583, 2900
16290, 2900
12965, 2900
9083, 2900
23010, 2900
28353, 2900
25575, 2900
8654, 2900
14225, 2900
10809, 2900
8119, 2900
20110, 2900
19384, 2900
10029, 2900
15590, 2900
12339, 2900
25598, 2900
15509, 2900
17627, 2900
14281, 2900
18714, 2900
29820, 2900
26405, 2900
17814, 2900
17323, 2900
14332, 2900
27479, 2900
27032, 2900
12646, 2900
8352, 2900
19246, 2900
27258, 2900
13723, 2900
24765, 2900
27887, 2900
7661, 2900
23375, 2900
25859, 2900
11951, 2900
10047, 2900
13839, 2900
15548, 2900
28014, 2900
13065, 2900
26599, 2900
21910, 2900
13026, 2900
23657, 2900
19899, 2900
13196, 2900
16023, 2900
7722, 2900
19521, 2900
23233, 2900
22146, 2900
10973, 2900
17905, 2900
16203, 2900
25253, 2900
22239, 2900
9635, 2900
7964, 2900
8772, 2900
11729, 2900
14035, 2900
13409, 2900
18312, 2900
8537, 2900
10702, 2900
9806, 2900
8415, 2900
14913, 2900
11872, 2900
15206, 2900
2900, 29344
2900, 21627
12008, 2901
2901, 10877
7953, 2902
2902, 18312
17086, 2903
7873, 2903
2903, 11726
14076, 2904
2904, 11391
16490, 2905
2905, 20662
20943, 2906
8453, 2906
2906, 27015
12122, 2907
2907, 11318
2907, 22120
2907, 26018
8478, 2908
2908, 14902
26013, 2909
2909, 21314
17145, 2910
2910, 25493
28040, 2911
2911, 8718
29350, 2912
11030, 2912
24527, 2912
16076, 2912
15571, 2912
24279, 2912
23499, 2912
17212, 2912
11955, 2912
17759, 2912
9579, 2912
15969, 2912
2912, 13719
12404, 2913
25820, 2913
26418, 2913
2913, 9219
2913, 11619
17374, 2914
2914, 14852
18282, 2915
2915, 8415
12199, 2916
2916, 16476
20172, 2917
2917, 28887
11917, 2918
2918, 29355
19575, 2919
2919, 14702
11877, 2920
2920, 24369
24177, 2921
2921, 13502
16848, 2922
2922, 15903
20897, 2923
2923, 20270
17365, 2924
2924, 7618
26165, 2925
19609, 2925
2925, 25264
8617, 2926
2926, 26602
24304, 2927
12196, 2927
18349, 2927
27893, 2927
24353, 2927
29907, 2927
23936, 2927
15344, 2927
30161, 2927
8093, 2927
20677, 2927
2927, 14852
11171, 2928
2928, 18055
18120, 2929
19157, 2929
26183, 2929
20852, 2929
7803, 2929
22380, 2929
15004, 2929
27344, 2929
24719, 2929
11411, 2929
13622, 2929
12041, 2929
21489, 2929
18045, 2929
22838, 2929
10262, 2929
29002, 2929
16499, 2929
29331, 2929
10159, 2929
2929, 29344
2929, 29439
24865, 2930
2930, 13057
22850, 2931
21257, 2931
2931, 19274
22662, 2932
2932, 9734
18016, 2933
2933, 8718
11460, 2934
2934, 27015
23150, 2935
2935, 27520
20925, 2936
2936, 29391
12122, 2937
2937, 17183
2937, 14358
2937, 19867
21878, 2938
2938, 9934
13817, 2939
2939, 26797
25118, 2940
26006, 2940
29311, 2940
25718, 2940
24766, 2940
13767, 2940
18339, 2940
14521, 2940
18614, 2940
9027, 2940
22993, 2940
17962, 2940
12763, 2940
21678, 2940
11176, 2940
15430, 2940
16627, 2940
23406, 2940
13779, 2940
24578, 2940
24440, 2940
10653, 2940
22747, 2940
20044, 2940
19928, 2940
8525, 2940
21858, 2940
8517, 2940
23564, 2940
16202, 2940
27842, 2940
25693, 2940
23681, 2940
12978, 2940
9394, 2940
14357, 2940
20014, 2940
15784, 2940
23203, 2940
22391, 2940
27846, 2940
18823, 2940
15747, 2940
17500, 2940
23945, 2940
30438, 2940
28987, 2940
22004, 2940
27177, 2940
19329, 2940
10131, 2940
14219, 2940
11431, 2940
22832, 2940
26930, 2940
14327, 2940
27040, 2940
23827, 2940
16276, 2940
19378, 2940
14931, 2940
14406, 2940
29169, 2940
8592, 2940
26423, 2940
9391, 2940
28149, 2940
12697, 2940
23123, 2940
8131, 2940
22765, 2940
9949, 2940
22635, 2940
26576, 2940
11723, 2940
28243, 2940
20070, 2940
16382, 2940
14324, 2940
12144, 2940
10547, 2940
15119, 2940
8897, 2940
8752, 2940
27738, 2940
14632, 2940
16446, 2940
9654, 2940
9668, 2940
22766, 2940
11063, 2940
19040, 2940
18424, 2940
22796, 2940
11133, 2940
19101, 2940
11179, 2940
18105, 2940
28150, 2940
14109, 2940
24607, 2940
8336, 2940
14098, 2940
27409, 2940
14748, 2940
27365, 2940
22521, 2940
14045, 2940
23583, 2940
9970, 2940
16532, 2940
2940, 13318
15875, 2941
2941, 9319
18404, 2942
11384, 2942
21532, 2942
22906, 2942
18718, 2942
2942, 11564
29424, 2943
2943, 29580
17918, 2944
19269, 2944
13450, 2944
11002, 2944
7935, 2944
2944, 13070
13802, 2945
2945, 14247
2945, 16700
2945, 30114
19333, 2946
2946, 30329
12710, 2947
18611, 2947
2947, 7661
7667, 2948
10232, 2948
9893, 2948
2948, 13432
26668, 2949
2949, 29544
26483, 2950
2950, 20852
11164, 2951
13163, 2951
2951, 27350
20596, 2952
2952, 15735
13958, 2953
2953, 23375
27477, 2954
2954, 12842
29964, 2955
2955, 17688
13939, 2956
2956, 11523
27529, 2957
2957, 25049
19663, 2958
2958, 19371
11309, 2959
2959, 15892
8325, 2960
2960, 17051
2960, 12350
20290, 2961
13437, 2961
2961, 16849
2961, 14218
29008, 2962
2962, 26623
2962, 25514
7817, 2963
2963, 24088
30092, 2964
2964, 14487
23766, 2965
30244, 2965
29008, 2965
2965, 21555
2965, 29547
7942, 2966
2966, 15767
14058, 2967
2967, 26257
26777, 2968
16282, 2968
2968, 9005
12359, 2969
2969, 21962
10156, 2970
2970, 9340
19718, 2971
2971, 21995
18282, 2972
2972, 23630
14047, 2973
2973, 16438
15118, 2974
2974, 15067
21802, 2975
2975, 21981
10665, 2976
2976, 27350
9437, 2977
2977, 12339
22884, 2978
2978, 7710
22480, 2979
2979, 27200
26225, 2980
27569, 2980
2980, 27000
22151, 2981
30232, 2981
21767, 2981
2981, 25049
11862, 2982
2982, 25049
12054, 2983
2983, 19769
15480, 2984
2984, 30171
13260, 2985
2985, 23375
13261, 2986
26490, 2986
20127, 2986
23086, 2986
20388, 2986
17085, 2986
16404, 2986
19310, 2986
17367, 2986
26253, 2986
8011, 2986
26473, 2986
26562, 2986
27664, 2986
20336, 2986
16888, 2986
18342, 2986
17902, 2986
19415, 2986
15309, 2986
18898, 2986
14231, 2986
18081, 2986
25632, 2986
14244, 2986
26059, 2986
24542, 2986
29505, 2986
10218, 2986
25152, 2986
12408, 2986
11224, 2986
17446, 2986
19589, 2986
2986, 12377
12578, 2987
2987, 9280
10807, 2988
2988, 11668
28494, 2989
2989, 28036
20878, 2990
12145, 2990
22315, 2990
12439, 2990
20509, 2990
18799, 2990
25987, 2990
2990, 25584
12101, 2991
2991, 19368
25833, 2992
23487, 2992
11503, 2992
2992, 21926
21797, 2993
12779, 2993
2993, 28922
24257, 2994
26008, 2994
11464, 2994
24069, 2994
2994, 13080
17552, 2995
2995, 14852
29904, 2996
2996, 13770
25942, 2997
2997, 11335
19847, 2998
2998, 15892
19247, 2999
9058, 2999
2999, 11827
14433, 3000
3000, 25754
26254, 3001
15967, 3001
3001, 15615
14897, 3002
3002, 22508
13605, 3003
3003, 8255
15808, 3004
3004, 10176
29101, 3005
29762, 3005
8089, 3005
17307, 3005
3005, 9622
21869, 3006
3006, 17870
14431, 3007
3007, 14911
28661, 3008
3008, 12376
29590, 3009
13993, 3009
3009, 24037
28507, 3010
3010, 11324
19840, 3011
3011, 10094
3011, 13315
29267, 3012
29578, 3012
3012, 8654
9299, 3013
3013, 24535
11128, 3014
3014, 27258
29667, 3015
3015, 28624
18129, 3016
3016, 13791
18744, 3017
3017, 14069
20752, 3018
3018, 25049
8526, 3019
3019, 12539
13682, 3020
3020, 21500
12586, 3021
3021, 22820
3021, 16203
3021, 28295
3021, 7691
29270, 3022
3022, 14852
28146, 3023
3023, 21981
25930, 3024
3024, 17711
22347, 3025
14765, 3025
3025, 20934
9326, 3026
10235, 3026
3026, 27438
17646, 3027
16126, 3027
3027, 16023
29402, 3028
3028, 20219
16086, 3029
3029, 17627
7767, 3030
20200, 3030
27926, 3030
26565, 3030
24527, 3030
25453, 3030
20844, 3030
18648, 3030
22069, 3030
11457, 3030
22255, 3030
20966, 3030
15306, 3030
13880, 3030
18456, 3030
14755, 3030
13140, 3030
12177, 3030
13563, 3030
17456, 3030
12963, 3030
3030, 13719
13030, 3031
3031, 11827
15821, 3032
3032, 18045
23315, 3033
3033, 27248
30244, 3034
3034, 9515
3034, 14363
3034, 19925
29818, 3035
3035, 11612
11118, 3036
3036, 15921
16954, 3037
3037, 13080
29386, 3038
3038, 19368
21852, 3039
3039, 23922
17176, 3040
16766, 3040
3040, 13192
21612, 3041
3041, 18206
15499, 3042
3042, 8352
21868, 3043
3043, 30162
28574, 3044
3044, 22656
11455, 3045
3045, 14002
21069, 3046
3046, 13238
18913, 3047
3047, 25264
24230, 3048
7489, 3048
8690, 3048
9377, 3048
25846, 3048
10575, 3048
25899, 3048
3048, 26771
3048, 9219
28336, 3049
3049, 8612
21869, 3050
3050, 17870
12250, 3051
25837, 3051
24540, 3051
16964, 3051
28541, 3051
28350, 3051
10506, 3051
15876, 3051
3051, 24742
16959, 3052
3052, 13713
23186, 3053
25526, 3053
3053, 25049
9178, 3054
13820, 3054
3054, 13859
3054, 11831
3054, 20750
3054, 19171
3054, 8960
3054, 13956
3054, 9425
3054, 9454
3054, 11649
3054, 16907
3054, 23657
3054, 28257
3054, 19092
8731, 3055
3055, 23132
18639, 3056
3056, 28165
8149, 3057
17213, 3057
25713, 3057
3057, 8101
21337, 3058
3058, 28835
3058, 22044
8933, 3059
3059, 12912
28004, 3060
3060, 11668
27221, 3061
3061, 14957
3061, 22475
16077, 3062
3062, 9790
21206, 3063
3063, 28719
3063, 18114
30224, 3064
17707, 3064
3064, 19426
28377, 3065
16667, 3065
3065, 17561
26355, 3066
3066, 10282
13732, 3067
23490, 3067
28090, 3067
10677, 3067
24654, 3067
3067, 21075
21934, 3068
3068, 9496
18282, 3069
3069, 8775
19978, 3070
3070, 17937
8088, 3071
3071, 10342
20020, 3072
26856, 3072
16526, 3072
3072, 13149
16959, 3073
3073, 24678
3073, 18228
30244, 3074
3074, 8231
3074, 16559
3074, 18720
3074, 27681
3074, 30164
22376, 3075
11967, 3075
12944, 3075
9576, 3075
15916, 3075
22743, 3075
23162, 3075
21342, 3075
3075, 16036
22096, 3076
26210, 3076
3076, 14044
18875, 3077
3077, 21095
30244, 3078
3078, 24700
18432, 3079
3079, 20491
10302, 3080
3080, 19488
14062, 3081
3081, 12265
16707, 3082
3082, 18055
15736, 3083
15697, 3083
3083, 14852
26770, 3084
3084, 18191
25759, 3085
3085, 13021
18540, 3086
3086, 19315
8046, 3087
3087, 27969
15821, 3088
3088, 12679
26361, 3089
3089, 10876
21629, 3090
3090, 30352
12853, 3091
3091, 21579
24420, 3092
3092, 13859
3092, 20750
3092, 19171
3092, 8960
3092, 13956
3092, 9425
3092, 9454
3092, 18618
3092, 11649
3092, 16907
3092, 23657
3092, 28257
3092, 19092
21704, 3093
30102, 3093
3093, 25049
25870, 3094
3094, 20852
23705, 3095
11437, 3095
9607, 3095
27743, 3095
14087, 3095
16191, 3095
9343, 3095
17619, 3095
18906, 3095
12535, 3095
21414, 3095
8961, 3095
9730, 3095
28035, 3095
3095, 20983
19444, 3096
3096, 22457
17654, 3097
3097, 19584
30086, 3098
3098, 17257
23177, 3099
3099, 20520
3099, 20575
12532, 3100
18848, 3100
3100, 27195
24903, 3101
3101, 14126
26894, 3102
3102, 18083
21841, 3103
3103, 11564
18157, 3104
9297, 3104
3104, 24889
29117, 3105
3105, 22536
3105, 29984
24773, 3106
3106, 9722
14961, 3107
3107, 23931
3107, 19139
23766, 3108
3108, 9087
3108, 12038
3108, 17235
13710, 3109
3109, 12165
14450, 3110
3110, 29258
21436, 3111
3111, 19195
11786, 3112
15894, 3112
11069, 3112
11827, 3112
27823, 3112
13080, 3112
14852, 3112
16849, 3112
29992, 3112
24364, 3112
15921, 3112
27546, 3112
25264, 3112
29689, 3112
12913, 3112
24887, 3112
8349, 3112
18621, 3112
25049, 3112
13711, 3112
22246, 3112
28522, 3112
30375, 3112
29126, 3112
29833, 3112
30179, 3112
18384, 3112
7969, 3112
11910, 3112
9665, 3112
10102, 3112
15607, 3112
18814, 3112
15959, 3112
25937, 3112
15857, 3112
19368, 3112
21327, 3112
10198, 3112
25066, 3112
19739, 3112
13070, 3112
19932, 3112
16466, 3112
13149, 3112
30352, 3112
11821, 3112
9728, 3112
12323, 3112
29632, 3112
9735, 3112
22690, 3112
27662, 3112
21683, 3112
9930, 3112
19030, 3112
17688, 3112
20827, 3112
28039, 3112
9790, 3112
23785, 3112
16688, 3112
13727, 3112
28388, 3112
29355, 3112
25782, 3112
16965, 3112
26662, 3112
16298, 3112
28370, 3112
18055, 3112
17775, 3112
23402, 3112
28922, 3112
10094, 3112
27000, 3112
23046, 3112
12434, 3112
18811, 3112
8814, 3112
12632, 3112
10507, 3112
11294, 3112
29213, 3112
28306, 3112
24848, 3112
23680, 3112
26259, 3112
20942, 3112
11564, 3112
21981, 3112
24086, 3112
12912, 3112
23468, 3112
23113, 3112
13853, 3112
20662, 3112
3112, 13167
13360, 3113
3113, 9980
20629, 3114
19201, 3114
3114, 14354
10943, 3115
23159, 3115
3115, 29833
10886, 3116
3116, 26933
21593, 3117
14616, 3117
14597, 3117
14319, 3117
24304, 3117
22565, 3117
3117, 10039
21574, 3118
3118, 29833
21107, 3119
3119, 23612
21738, 3120
15034, 3120
3120, 24815
24585, 3121
3121, 9191
21819, 3122
3122, 20725
22633, 3123
3123, 12106
29291, 3124
3124, 18672
29344, 3125
3125, 13148
17097, 3126
3126, 19528
18127, 3127
3127, 20904
15790, 3128
3128, 22800
19950, 3129
25966, 3129
17372, 3129
8843, 3129
28049, 3129
3129, 13585
24312, 3130
17057, 3130
19742, 3130
17117, 3130
28719, 3130
11154, 3130
8159, 3130
15661, 3130
29405, 3130
7615, 3130
17016, 3130
11616, 3130
16649, 3130
27387, 3130
10255, 3130
18747, 3130
18401, 3130
18114, 3130
9620, 3130
9892, 3130
18679, 3130
20517, 3130
9208, 3130
24732, 3130
17919, 3130
15601, 3130
29525, 3130
13070, 3130
9079, 3130
14334, 3130
23572, 3130
26030, 3130
14302, 3130
10181, 3130
16881, 3130
8205, 3130
22373, 3130
17688, 3130
24334, 3130
24599, 3130
24242, 3130
12157, 3130
25795, 3130
14451, 3130
8718, 3130
19542, 3130
22656, 3130
26380, 3130
23402, 3130
28133, 3130
17484, 3130
27279, 3130
12186, 3130
27127, 3130
27644, 3130
16270, 3130
11294, 3130
24638, 3130
14190, 3130
23741, 3130
22610, 3130
27113, 3130
11140, 3130
28925, 3130
21038, 3130
13744, 3130
3130, 22339
10174, 3131
3131, 20852
22424, 3132
25689, 3132
12908, 3132
9740, 3132
9441, 3132
3132, 17747
14804, 3133
11908, 3133
3133, 9734
3133, 28042
20020, 3134
19989, 3134
3134, 13149
12940, 3135
3135, 13697
22839, 3136
3136, 19368
13659, 3137
3137, 11628
25382, 3138
3138, 15756
19600, 3139
3139, 19050
24177, 3140
3140, 17738
23285, 3141
3141, 29957
13750, 3142
3142, 18580
24341, 3143
3143, 21926
23766, 3144
3144, 19114
30131, 3145
3145, 13868
20566, 3146
3146, 19608
21971, 3147
3147, 24649
7986, 3148
3148, 18055
17102, 3149
3149, 18602
28539, 3150
3150, 11025
12231, 3151
3151, 22239
21491, 3152
3152, 11302
17508, 3153
27869, 3153
3153, 9574
3153, 19062
16045, 3154
7855, 3154
12034, 3154
21810, 3154
3154, 29699
14647, 3155
3155, 16466
20897, 3156
3156, 20066
7544, 3157
16699, 3157
27223, 3157
27470, 3157
20106, 3157
8383, 3157
23507, 3157
14953, 3157
8521, 3157
20154, 3157
16002, 3157
20419, 3157
17296, 3157
17557, 3157
25501, 3157
11695, 3157
8748, 3157
10433, 3157
29524, 3157
10922, 3157
16420, 3157
7595, 3157
15935, 3157
18340, 3157
7708, 3157
9696, 3157
13074, 3157
26000, 3157
23470, 3157
23536, 3157
9950, 3157
25614, 3157
12692, 3157
13028, 3157
26113, 3157
10471, 3157
7799, 3157
28568, 3157
16586, 3157
21856, 3157
16715, 3157
14621, 3157
9741, 3157
17287, 3157
28016, 3157
11124, 3157
19622, 3157
9965, 3157
23133, 3157
18499, 3157
7945, 3157
3157, 13719
23825, 3158
24723, 3158
12711, 3158
26185, 3158
25088, 3158
3158, 21075
22406, 3159
3159, 18227
20460, 3160
16437, 3160
17042, 3160
26514, 3160
12351, 3160
11585, 3160
9061, 3160
3160, 15811
21778, 3161
23085, 3161
3161, 10151
28567, 3162
16010, 3162
3162, 25049
18967, 3163
3163, 25306
15821, 3164
3164, 28024
29344, 3165
3165, 11030
17191, 3166
10601, 3166
3166, 14361
13756, 3167
3167, 22836
11944, 3168
21930, 3168
3168, 20937
15058, 3169
3169, 17014
28779, 3170
8604, 3170
3170, 30352
20020, 3171
3171, 13149
22163, 3172
3172, 8741
12789, 3173
27833, 3173
3173, 19371
12893, 3174
26042, 3174
3174, 27470
3174, 17128
18598, 3175
3175, 16965
11119, 3176
10570, 3176
3176, 20402
21790, 3177
3177, 25049
9961, 3178
3178, 13054
14804, 3179
11038, 3179
3179, 7757
26104, 3180
3180, 9790
22940, 3181
3181, 21500
17993, 3182
3182, 14960
3182, 13110
3182, 24629
3182, 29433
3182, 23144
29726, 3183
3183, 28638
24215, 3184
3184, 16508
26254, 3185
3185, 15615
25672, 3186
3186, 22344
21569, 3187
3187, 12254
12152, 3188
12086, 3188
10335, 3188
11687, 3188
3188, 16166
24318, 3189
3189, 13444
18282, 3190
3190, 19563
16959, 3191
3191, 25066
15174, 3192
3192, 18055
28680, 3193
3193, 25049
29818, 3194
3194, 29656
26353, 3195
3195, 24870
14980, 3196
3196, 11024
11977, 3197
3197, 22239
29020, 3198
12515, 3198
3198, 23786
24749, 3199
3199, 27810
27322, 3200
3200, 28790
18999, 3201
3201, 19364
26659, 3202
3202, 18249
27901, 3203
3203, 20237
13030, 3204
3204, 11827
25409, 3205
3205, 8741
29095, 3206
3206, 13156
11776, 3207
3207, 13080
21972, 3208
3208, 11668
9126, 3209
12936, 3209
24828, 3209
3209, 25049
10032, 3210
3210, 26567
3210, 9717
17147, 3211
3211, 22143
26894, 3212
3212, 11573
9651, 3213
3213, 27000
14241, 3214
3214, 10507
10277, 3215
3215, 11236
11734, 3216
3216, 8130
27723, 3217
3217, 28922
8716, 3218
3218, 28139
25917, 3219
3219, 11668
13662, 3220
24617, 3220
15834, 3220
14731, 3220
13670, 3220
29612, 3220
12874, 3220
20902, 3220
26105, 3220
19577, 3220
30334, 3220
18018, 3220
11276, 3220
10079, 3220
19373, 3220
29697, 3220
11210, 3220
25928, 3220
8955, 3220
29921, 3220
17642, 3220
20256, 3220
20190, 3220
17010, 3220
22057, 3220
22318, 3220
19131, 3220
10810, 3220
26844, 3220
7912, 3220
11389, 3220
21794, 3220
10494, 3220
27067, 3220
11538, 3220
13834, 3220
23124, 3220
14356, 3220
10392, 3220
8710, 3220
10616, 3220
29237, 3220
18737, 3220
11390, 3220
16864, 3220
24147, 3220
23388, 3220
19243, 3220
24520, 3220
15191, 3220
21915, 3220
30059, 3220
10991, 3220
12680, 3220
24130, 3220
10158, 3220
20678, 3220
23758, 3220
9501, 3220
16044, 3220
9268, 3220
9621, 3220
24860, 3220
9518, 3220
10658, 3220
15999, 3220
26189, 3220
11700, 3220
29993, 3220
15352, 3220
16271, 3220
11441, 3220
27016, 3220
24927, 3220
21334, 3220
19647, 3220
10313, 3220
8878, 3220
9713, 3220
18816, 3220
11533, 3220
25956, 3220
23265, 3220
27031, 3220
14881, 3220
9931, 3220
18878, 3220
12519, 3220
28008, 3220
13475, 3220
7662, 3220
25451, 3220
29103, 3220
7951, 3220
27306, 3220
12245, 3220
20416, 3220
27171, 3220
7962, 3220
15961, 3220
12717, 3220
9024, 3220
10398, 3220
18252, 3220
28385, 3220
15330, 3220
9580, 3220
26950, 3220
12218, 3220
27912, 3220
16816, 3220
17536, 3220
14287, 3220
20243, 3220
18465, 3220
18665, 3220
29006, 3220
26750, 3220
15733, 3220
25045, 3220
30231, 3220
23768, 3220
23951, 3220
16609, 3220
28612, 3220
16714, 3220
26738, 3220
27621, 3220
23508, 3220
17512, 3220
21469, 3220
19395, 3220
12006, 3220
12383, 3220
24233, 3220
11837, 3220
11962, 3220
7831, 3220
24074, 3220
10932, 3220
10545, 3220
9952, 3220
3220, 19533
17241, 3221
8372, 3221
14371, 3221
23596, 3221
28509, 3221
18569, 3221
3221, 15536
3221, 28670
25727, 3222
26874, 3222
3222, 27607
26608, 3223
3223, 19285
27988, 3224
3224, 28166
12122, 3225
3225, 16112
3225, 9594
24277, 3226
3226, 13070
8335, 3227
3227, 29544
9886, 3228
3228, 27618
19264, 3229
20861, 3229
3229, 11490
17046, 3230
3230, 14091
28955, 3231
3231, 27414
17029, 3232
17424, 3232
19438, 3232
17037, 3232
18837, 3232
12012, 3232
3232, 27861
11850, 3233
3233, 11827
12586, 3234
3234, 21544
3234, 17175
3234, 24202
3234, 20074
20149, 3235
3235, 19368
7868, 3236
3236, 25049
10981, 3237
3237, 26999
19723, 3238
3238, 22453
15456, 3239
3239, 23282
18958, 3240
3240, 22508
9408, 3241
3241, 22651
3241, 19717
3241, 27138
3241, 7696
20468, 3242
3242, 16977
3242, 24913
29344, 3243
3243, 28781
26523, 3244
3244, 29293
3244, 13604
3244, 12239
3244, 19089
3244, 24755
14596, 3245
29206, 3245
20601, 3245
17793, 3245
10880, 3245
27556, 3245
17399, 3245
7717, 3245
20949, 3245
11255, 3245
19862, 3245
25405, 3245
29553, 3245
3245, 11619
13757, 3246
21984, 3246
13966, 3246
3246, 25049
27547, 3247
25680, 3247
14852, 3247
18423, 3247
25049, 3247
30356, 3247
12766, 3247
22869, 3247
29848, 3247
14139, 3247
30181, 3247
14922, 3247
25719, 3247
24649, 3247
28048, 3247
26863, 3247
9385, 3247
11330, 3247
19371, 3247
7916, 3247
15179, 3247
15211, 3247
20506, 3247
20395, 3247
13070, 3247
18895, 3247
12043, 3247
15615, 3247
19050, 3247
20937, 3247
24293, 3247
28309, 3247
21683, 3247
15990, 3247
11696, 3247
27908, 3247
17966, 3247
17690, 3247
26648, 3247
28922, 3247
25900, 3247
10507, 3247
16637, 3247
11294, 3247
9751, 3247
17139, 3247
24501, 3247
13752, 3247
21981, 3247
27742, 3247
3247, 17391
14015, 3248
3248, 17499
29465, 3249
3249, 27615
18282, 3250
3250, 11375
21890, 3251
3251, 29384
25224, 3252
3252, 14338
16984, 3253
3253, 24501
13861, 3254
3254, 21981
15364, 3255
3255, 24973
15578, 3256
8987, 3256
16863, 3256
25342, 3256
23506, 3256
3256, 8814
26754, 3257
3257, 20662
25409, 3258
3258, 26057
9670, 3259
19773, 3259
3259, 14902
27521, 3260
3260, 12323
11870, 3261
3261, 24483
27815, 3262
3262, 10389
9646, 3263
3263, 16223
21366, 3264
15574, 3264
3264, 25057
15821, 3265
3265, 17382
18282, 3266
3266, 26442
19106, 3267
3267, 24924
11115, 3268
3268, 13409
8684, 3269
9711, 3269
3269, 13727
24506, 3270
3270, 20852
23416, 3271
3271, 26252
21263, 3272
19210, 3272
11942, 3272
17628, 3272
15849, 3272
23255, 3272
17245, 3272
22398, 3272
8927, 3272
22566, 3272
3272, 13719
23171, 3273
3273, 10507
19573, 3274
28881, 3274
3274, 29002
25548, 3275
3275, 29414
23804, 3276
3276, 27587
27711, 3277
3277, 23165
11312, 3278
3278, 25049
17955, 3279
3279, 11564
27347, 3280
3280, 8144
29251, 3281
3281, 25421
29412, 3282
3282, 17460
8777, 3283
14073, 3283
3283, 24037
12754, 3284
3284, 10435
9994, 3285
3285, 14424
23003, 3286
19880, 3286
30427, 3286
3286, 29544
24473, 3287
3287, 28140
19249, 3288
3288, 9565
18354, 3289
17373, 3289
26254, 3289
8707, 3289
3289, 15615
7947, 3290
9316, 3290
29483, 3290
20072, 3290
17830, 3290
22916, 3290
23431, 3290
8934, 3290
19843, 3290
22438, 3290
17152, 3290
18602, 3290
29728, 3290
26060, 3290
11914, 3290
18076, 3290
14942, 3290
26289, 3290
12253, 3290
14178, 3290
24948, 3290
11521, 3290
28689, 3290
30454, 3290
12657, 3290
24034, 3290
29796, 3290
11984, 3290
29456, 3290
13315, 3290
22613, 3290
22297, 3290
18522, 3290
14548, 3290
7790, 3290
27087, 3290
19951, 3290
21224, 3290
18050, 3290
10990, 3290
26555, 3290
27363, 3290
29170, 3290
9512, 3290
21028, 3290
23975, 3290
20005, 3290
23782, 3290
13736, 3290
19535, 3290
10648, 3290
16472, 3290
26969, 3290
26677, 3290
23614, 3290
11879, 3290
28396, 3290
8969, 3290
21390, 3290
3290, 20917
24185, 3291
3291, 11654
14068, 3292
26276, 3292
9286, 3292
16135, 3292
29016, 3292
3292, 22425
16106, 3293
3293, 24328
11011, 3294
3294, 23375
11114, 3295
3295, 18422
3295, 13875
19091, 3296
3296, 24754
23101, 3297
3297, 14225
18917, 3298
3298, 9627
28019, 3299
3299, 19175
3299, 14902
26013, 3300
3300, 29004
14382, 3301
3301, 23135
3301, 24817
3301, 25003
3301, 19089
3301, 27516
19939, 3302
3302, 24326
15995, 3303
3303, 15979
3303, 8625
9797, 3304
16546, 3304
27422, 3304
11765, 3304
16414, 3304
12450, 3304
29761, 3304
14112, 3304
22374, 3304
18369, 3304
29372, 3304
27337, 3304
18979, 3304
16187, 3304
8786, 3304
16092, 3304
27565, 3304
8295, 3304
23222, 3304
11601, 3304
25784, 3304
3304, 11160
9110, 3305
23935, 3305
3305, 17323
22790, 3306
3306, 12753
12122, 3307
3307, 15272
9961, 3308
3308, 13054
14502, 3309
3309, 19209
23588, 3310
3310, 20672
17524, 3311
3311, 29678
11223, 3312
3312, 27361
19478, 3313
3313, 10114
17840, 3314
7594, 3314
3314, 18541
14377, 3315
15204, 3315
23855, 3315
3315, 20110
14382, 3316
29117, 3316
3316, 23499
7650, 3317
3317, 23838
15012, 3318
3318, 17938
16328, 3319
3319, 16784
27938, 3320
14608, 3320
20195, 3320
17932, 3320
3320, 12464
20173, 3321
3321, 24434
15186, 3322
3322, 16200
24547, 3323
3323, 14852
12967, 3324
22107, 3324
3324, 8433
26921, 3325
9213, 3325
23409, 3325
21365, 3325
3325, 8605
21495, 3326
11950, 3326
3326, 25264
3326, 13969
22823, 3327
29227, 3327
3327, 26380
29344, 3328
3328, 12132
21055, 3329
3329, 21957
13861, 3330
3330, 21981
17079, 3331
3331, 14343
13524, 3332
15382, 3332
3332, 9790
27781, 3333
15219, 3333
8914, 3333
3333, 14374
23152, 3334
3334, 17896
14382, 3335
3335, 22555
3335, 30394
3335, 16183
28750, 3336
24092, 3336
27678, 3336
16774, 3336
10823, 3336
10831, 3336
26485, 3336
15356, 3336
25324, 3336
18138, 3336
29922, 3336
12031, 3336
3336, 30267
8763, 3337
3337, 9924
29705, 3338
3338, 8814
28418, 3339
3339, 25105
18945, 3340
3340, 23922
9850, 3341
3341, 25049
15283, 3342
7606, 3342
3342, 29678
8087, 3343
14161, 3343
3343, 24652
12776, 3344
3344, 15017
23794, 3345
3345, 20852
20180, 3346
3346, 23137
3346, 10490
22737, 3347
3347, 9930
12795, 3348
3348, 13596
22849, 3349
13295, 3349
30339, 3349
3349, 24293
15123, 3350
28387, 3350
20349, 3350
15881, 3350
22497, 3350
9984, 3350
11867, 3350
24206, 3350
22799, 3350
23522, 3350
12127, 3350
9429, 3350
12916, 3350
9932, 3350
24346, 3350
12674, 3350
16999, 3350
19266, 3350
10499, 3350
12823, 3350
16133, 3350
28442, 3350
17868, 3350
24670, 3350
22709, 3350
19888, 3350
11161, 3350
28104, 3350
9094, 3350
21596, 3350
11424, 3350
23178, 3350
14165, 3350
28647, 3350
9828, 3350
23018, 3350
14656, 3350
13296, 3350
19548, 3350
24533, 3350
23023, 3350
28805, 3350
30298, 3350
14920, 3350
23319, 3350
25968, 3350
28671, 3350
14384, 3350
14519, 3350
23210, 3350
20479, 3350
30221, 3350
11073, 3350
17591, 3350
24548, 3350
8672, 3350
21610, 3350
16874, 3350
8833, 3350
7898, 3350
10144, 3350
23218, 3350
14641, 3350
23597, 3350
26611, 3350
13300, 3350
21538, 3350
22918, 3350
20686, 3350
11344, 3350
15901, 3350
15050, 3350
26244, 3350
19703, 3350
28046, 3350
8128, 3350
8293, 3350
23822, 3350
11015, 3350
10227, 3350
14140, 3350
20430, 3350
30429, 3350
16098, 3350
30085, 3350
15861, 3350
16013, 3350
23187, 3350
19396, 3350
23157, 3350
20013, 3350
26866, 3350
8065, 3350
17776, 3350
11733, 3350
15558, 3350
30268, 3350
29534, 3350
13887, 3350
26794, 3350
9677, 3350
8740, 3350
8555, 3350
13872, 3350
11407, 3350
10819, 3350
14380, 3350
28067, 3350
20216, 3350
20975, 3350
17685, 3350
24874, 3350
28248, 3350
13698, 3350
18135, 3350
20846, 3350
7638, 3350
12353, 3350
19079, 3350
27068, 3350
20166, 3350
7666, 3350
29742, 3350
23570, 3350
8513, 3350
16951, 3350
10696, 3350
12690, 3350
27690, 3350
16824, 3350
10457, 3350
13143, 3350
16283, 3350
26330, 3350
10842, 3350
13893, 3350
10463, 3350
29550, 3350
11777, 3350
28862, 3350
30025, 3350
17647, 3350
18402, 3350
28883, 3350
23857, 3350
24448, 3350
10914, 3350
18192, 3350
19023, 3350
12902, 3350
18233, 3350
16810, 3350
16861, 3350
25542, 3350
13724, 3350
22749, 3350
8041, 3350
10247, 3350
14543, 3350
17762, 3350
8937, 3350
14211, 3350
22144, 3350
20082, 3350
28667, 3350
11308, 3350
8446, 3350
20447, 3350
22119, 3350
25570, 3350
12713, 3350
14613, 3350
18370, 3350
19642, 3350
26979, 3350
22289, 3350
16579, 3350
23020, 3350
17551, 3350
26215, 3350
21623, 3350
9765, 3350
17018, 3350
27705, 3350
17419, 3350
8220, 3350
27706, 3350
13434, 3350
27801, 3350
24688, 3350
24315, 3350
10319, 3350
28829, 3350
8425, 3350
9341, 3350
28171, 3350
13504, 3350
16680, 3350
13272, 3350
25062, 3350
18334, 3350
8725, 3350
24672, 3350
22758, 3350
15611, 3350
19963, 3350
27390, 3350
14507, 3350
11297, 3350
26601, 3350
3350, 12443
16819, 3351
3351, 17208
25700, 3352
21421, 3352
3352, 29678
24622, 3353
3353, 12300
12122, 3354
3354, 18802
3354, 13661
13075, 3355
3355, 21981
10961, 3356
3356, 22915
21383, 3357
3357, 9907
11631, 3358
3358, 9892
24717, 3359
15343, 3359
3359, 26643
29166, 3360
25889, 3360
3360, 25049
3360, 15751
20579, 3361
28192, 3361
22463, 3361
28239, 3361
17623, 3361
22592, 3361
28954, 3361
22680, 3361
8639, 3361
26394, 3361
24902, 3361
7849, 3361
29072, 3361
8028, 3361
26940, 3361
7856, 3361
23708, 3361
27685, 3361
17462, 3361
3361, 19019
20649, 3362
3362, 25618
9457, 3363
3363, 25049
22381, 3364
23127, 3364
8308, 3364
11084, 3364
9513, 3364
14454, 3364
3364, 25049
19085, 3365
3365, 22593
16117, 3366
3366, 11564
20724, 3367
3367, 12925
26254, 3368
3368, 15615
16959, 3369
3369, 22191
27606, 3370
21604, 3370
3370, 11564
12122, 3371
3371, 15755
3371, 16988
18318, 3372
3372, 24379
11644, 3373
3373, 15303
8238, 3374
3374, 12613
22559, 3375
3375, 22656
28734, 3376
3376, 20842
25965, 3377
3377, 20852
27145, 3378
12024, 3378
20929, 3378
3378, 28922
9065, 3379
3379, 11668
21180, 3380
3380, 13934
18951, 3381
3381, 29678
25744, 3382
3382, 29107
17515, 3383
3383, 15570
16887, 3384
12297, 3384
8156, 3384
26860, 3384
30235, 3384
25456, 3384
10833, 3384
24223, 3384
24062, 3384
20972, 3384
26264, 3384
14730, 3384
18367, 3384
29698, 3384
11491, 3384
8274, 3384
8283, 3384
18087, 3384
26850, 3384
17560, 3384
29763, 3384
19139, 3384
16867, 3384
16322, 3384
16140, 3384
21547, 3384
23242, 3384
21820, 3384
19891, 3384
20167, 3384
24718, 3384
27159, 3384
11924, 3384
22619, 3384
27570, 3384
10340, 3384
23817, 3384
17266, 3384
29544, 3384
21837, 3384
27590, 3384
8139, 3384
25236, 3384
22616, 3384
25467, 3384
20503, 3384
19818, 3384
28305, 3384
12377, 3384
20617, 3384
16658, 3384
13398, 3384
8801, 3384
10379, 3384
21638, 3384
22232, 3384
20568, 3384
23374, 3384
27215, 3384
11653, 3384
22291, 3384
17839, 3384
7548, 3384
22393, 3384
25119, 3384
19821, 3384
29859, 3384
30369, 3384
12302, 3384
18884, 3384
10872, 3384
24446, 3384
24324, 3384
27560, 3384
28342, 3384
9445, 3384
11898, 3384
19004, 3384
25149, 3384
28536, 3384
10190, 3384
9572, 3384
18372, 3384
27393, 3384
8696, 3384
12657, 3384
7729, 3384
14666, 3384
21075, 3384
8311, 3384
10162, 3384
8095, 3384
27296, 3384
11931, 3384
28804, 3384
14654, 3384
28371, 3384
18148, 3384
29381, 3384
8946, 3384
7768, 3384
21929, 3384
27688, 3384
15987, 3384
9398, 3384
11539, 3384
25483, 3384
15768, 3384
22827, 3384
18685, 3384
19405, 3384
22277, 3384
24475, 3384
9678, 3384
27977, 3384
14793, 3384
20360, 3384
23014, 3384
8813, 3384
21747, 3384
19559, 3384
11896, 3384
13271, 3384
19185, 3384
19572, 3384
10495, 3384
18721, 3384
18310, 3384
7801, 3384
18086, 3384
28412, 3384
22465, 3384
16519, 3384
22723, 3384
16267, 3384
22664, 3384
20605, 3384
21246, 3384
16028, 3384
27269, 3384
8126, 3384
9431, 3384
25952, 3384
15406, 3384
29156, 3384
17229, 3384
14750, 3384
24094, 3384
22044, 3384
14469, 3384
19777, 3384
28640, 3384
24235, 3384
13843, 3384
11183, 3384
23226, 3384
18513, 3384
15056, 3384
23878, 3384
10673, 3384
20423, 3384
27061, 3384
7623, 3384
27441, 3384
8553, 3384
23565, 3384
9168, 3384
17757, 3384
19998, 3384
7877, 3384
27568, 3384
30446, 3384
14264, 3384
30421, 3384
9904, 3384
15394, 3384
23986, 3384
28707, 3384
27404, 3384
16300, 3384
20274, 3384
14298, 3384
25497, 3384
15919, 3384
22081, 3384
14355, 3384
17271, 3384
27004, 3384
28634, 3384
19477, 3384
27163, 3384
23126, 3384
3384, 20917
29818, 3385
3385, 15828
20848, 3386
21231, 3386
11827, 3386
25009, 3386
25264, 3386
11804, 3386
25049, 3386
28069, 3386
13064, 3386
16548, 3386
23922, 3386
21570, 3386
19984, 3386
9665, 3386
18234, 3386
25044, 3386
24938, 3386
17774, 3386
24831, 3386
7955, 3386
15829, 3386
19864, 3386
15053, 3386
7718, 3386
26458, 3386
25042, 3386
17111, 3386
20981, 3386
13149, 3386
9422, 3386
30329, 3386
15615, 3386
21500, 3386
20725, 3386
14791, 3386
26926, 3386
17257, 3386
9805, 3386
11375, 3386
29355, 3386
21579, 3386
18055, 3386
14866, 3386
22656, 3386
8557, 3386
12806, 3386
27482, 3386
13136, 3386
27649, 3386
29911, 3386
11668, 3386
19271, 3386
10507, 3386
23282, 3386
18521, 3386
25688, 3386
29685, 3386
21981, 3386
30267, 3386
3386, 12370
18282, 3387
3387, 24293
21834, 3388
27018, 3388
3388, 9799
24252, 3389
3389, 28236
3389, 13785
13414, 3390
15070, 3390
3390, 22512
7810, 3391
3391, 19368
11560, 3392
24329, 3392
8169, 3392
21928, 3392
17478, 3392
11692, 3392
9116, 3392
19112, 3392
23253, 3392
8212, 3392
8104, 3392
24308, 3392
19619, 3392
19238, 3392
21290, 3392
9274, 3392
15823, 3392
8924, 3392
24450, 3392
30040, 3392
11551, 3392
24310, 3392
26036, 3392
23235, 3392
29760, 3392
14350, 3392
9075, 3392
21062, 3392
24967, 3392
25004, 3392
15087, 3392
11986, 3392
22241, 3392
14954, 3392
28578, 3392
25039, 3392
3392, 17686
30288, 3393
10195, 3393
16046, 3393
14036, 3393
18538, 3393
20117, 3393
3393, 21445
15195, 3394
28570, 3394
27526, 3394
21396, 3394
11652, 3394
20261, 3394
14147, 3394
18019, 3394
13606, 3394
15239, 3394
15897, 3394
3394, 29344
3394, 26598
23766, 3395
3395, 29740
3395, 24545
26845, 3396
3396, 19195
9266, 3397
3397, 14212
12664, 3398
18466, 3398
9132, 3398
24565, 3398
3398, 22445
29117, 3399
3399, 15292
9140, 3400
3400, 11564
17358, 3401
3401, 14801
21585, 3402
3402, 17542
27521, 3403
3403, 10220
12263, 3404
3404, 25306
13939, 3405
3405, 13486
21878, 3406
3406, 15302
3406, 16653
3406, 7956
3406, 12843
13756, 3407
3407, 22836
9188, 3408
3408, 16661
25834, 3409
3409, 25049
12631, 3410
30193, 3410
3410, 30250
3410, 24135
3410, 17095
3410, 29342
3410, 25328
3410, 14157
3410, 8176
3410, 23367
3410, 21384
3410, 23356
3410, 10793
3410, 17817
3410, 21232
3410, 13920
3410, 28565
3410, 17731
3410, 25600
3410, 20602
3410, 11545
3410, 7583
3410, 26666
13939, 3411
3411, 27010
11102, 3412
3412, 21035
24972, 3413
20705, 3413
3413, 21981
27353, 3414
13250, 3414
3414, 22233
3414, 22343
10027, 3415
16654, 3415
18213, 3415
26817, 3415
3415, 11656
23749, 3416
12995, 3416
3416, 14359
11111, 3417
27973, 3417
15165, 3417
7563, 3417
29423, 3417
24835, 3417
27431, 3417
29930, 3417
12201, 3417
22729, 3417
15395, 3417
9736, 3417
26914, 3417
19819, 3417
12956, 3417
29660, 3417
14375, 3417
14365, 3417
24276, 3417
29009, 3417
15337, 3417
29489, 3417
22338, 3417
23964, 3417
18112, 3417
28923, 3417
16444, 3417
10930, 3417
29652, 3417
22780, 3417
10419, 3417
12482, 3417
16311, 3417
22197, 3417
7571, 3417
28334, 3417
19317, 3417
20697, 3417
9237, 3417
7922, 3417
16970, 3417
26186, 3417
20486, 3417
22469, 3417
23379, 3417
18616, 3417
23329, 3417
18442, 3417
10075, 3417
16718, 3417
15776, 3417
28733, 3417
16497, 3417
24660, 3417
26303, 3417
18681, 3417
19926, 3417
24946, 3417
23574, 3417
17461, 3417
26457, 3417
23313, 3417
13511, 3417
12056, 3417
20866, 3417
19945, 3417
17324, 3417
13903, 3417
22253, 3417
14899, 3417
10166, 3417
11427, 3417
22542, 3417
12451, 3417
8137, 3417
25979, 3417
14993, 3417
29071, 3417
10211, 3417
25479, 3417
25325, 3417
22187, 3417
14494, 3417
10983, 3417
23102, 3417
29933, 3417
16772, 3417
17388, 3417
8063, 3417
22490, 3417
15111, 3417
11596, 3417
28205, 3417
16064, 3417
17092, 3417
12180, 3417
20571, 3417
22785, 3417
19054, 3417
19625, 3417
9021, 3417
26525, 3417
11981, 3417
26811, 3417
29584, 3417
11768, 3417
22407, 3417
21475, 3417
8565, 3417
27544, 3417
14234, 3417
10285, 3417
24684, 3417
28484, 3417
17960, 3417
12264, 3417
10215, 3417
24213, 3417
26334, 3417
11141, 3417
28085, 3417
19643, 3417
17060, 3417
26055, 3417
28206, 3417
12326, 3417
10794, 3417
23810, 3417
22784, 3417
15507, 3417
8058, 3417
27201, 3417
21064, 3417
14227, 3417
18110, 3417
29781, 3417
17677, 3417
9381, 3417
23890, 3417
14612, 3417
16502, 3417
12599, 3417
18515, 3417
21936, 3417
15253, 3417
20445, 3417
14834, 3417
23221, 3417
16184, 3417
15996, 3417
18415, 3417
27262, 3417
24566, 3417
22418, 3417
19632, 3417
11646, 3417
16439, 3417
16560, 3417
17573, 3417
22326, 3417
15911, 3417
28177, 3417
18054, 3417
20533, 3417
18561, 3417
13181, 3417
25129, 3417
10266, 3417
10260, 3417
19486, 3417
30249, 3417
15566, 3417
10410, 3417
22094, 3417
18072, 3417
17971, 3417
23637, 3417
29633, 3417
19782, 3417
22725, 3417
26902, 3417
20562, 3417
23353, 3417
28758, 3417
24633, 3417
12367, 3417
12888, 3417
17261, 3417
15464, 3417
30294, 3417
14784, 3417
24313, 3417
24982, 3417
9995, 3417
27317, 3417
13005, 3417
20691, 3417
15403, 3417
27267, 3417
21899, 3417
9446, 3417
18375, 3417
10672, 3417
15554, 3417
12547, 3417
13443, 3417
25113, 3417
20141, 3417
19125, 3417
20334, 3417
25082, 3417
24904, 3417
15446, 3417
10453, 3417
9630, 3417
21387, 3417
20535, 3417
9367, 3417
25365, 3417
30315, 3417
15083, 3417
17715, 3417
10987, 3417
30063, 3417
25292, 3417
23989, 3417
21415, 3417
20198, 3417
16483, 3417
12411, 3417
25798, 3417
16066, 3417
16268, 3417
27802, 3417
14595, 3417
28463, 3417
18036, 3417
15454, 3417
21048, 3417
18378, 3417
8320, 3417
7976, 3417
13284, 3417
22496, 3417
19547, 3417
15203, 3417
10204, 3417
11800, 3417
16866, 3417
8357, 3417
11286, 3417
12976, 3417
29109, 3417
18988, 3417
12625, 3417
10126, 3417
13298, 3417
26239, 3417
19074, 3417
29631, 3417
28314, 3417
20355, 3417
30449, 3417
17931, 3417
28427, 3417
13619, 3417
12072, 3417
28622, 3417
9869, 3417
16233, 3417
15818, 3417
21298, 3417
8832, 3417
22491, 3417
21791, 3417
15193, 3417
25475, 3417
17927, 3417
22229, 3417
16256, 3417
3417, 28241
27474, 3418
3418, 8633
9411, 3419
3419, 17184
8385, 3420
28458, 3420
25401, 3420
19563, 3420
18028, 3420
26550, 3420
26463, 3420
8761, 3420
14385, 3420
13737, 3420
10433, 3420
19807, 3420
28939, 3420
23042, 3420
8022, 3420
23252, 3420
11750, 3420
12675, 3420
29571, 3420
30260, 3420
24336, 3420
13332, 3420
16166, 3420
27828, 3420
17772, 3420
20162, 3420
3420, 13719
26353, 3421
3421, 25407
18282, 3422
3422, 11558
10455, 3423
3423, 11052
29117, 3424
3424, 22455
3424, 26164
3424, 19008
7561, 3425
3425, 25049
12596, 3426
3426, 24131
11528, 3427
3427, 8313
9731, 3428
3428, 29287
11796, 3429
13985, 3429
28824, 3429
3429, 16637
29344, 3430
3430, 29945
8933, 3431
3431, 12912
22281, 3432
3432, 16052
17765, 3433
3433, 8877
18691, 3434
3434, 18441
10112, 3435
3435, 24944
21337, 3436
3436, 8068
3436, 13422
17392, 3437
3437, 30352
13379, 3438
3438, 22656
18282, 3439
3439, 13691
15307, 3440
3440, 20852
10535, 3441
3441, 17339
12795, 3442
3442, 26259
20020, 3443
3443, 13149
7494, 3444
3444, 11728
25785, 3445
22108, 3445
25299, 3445
8370, 3445
21842, 3445
30049, 3445
26906, 3445
21490, 3445
19039, 3445
15798, 3445
27799, 3445
3445, 29137
3445, 20968
3445, 18574
3445, 10610
3445, 28120
3445, 21914
3445, 27115
3445, 8481
3445, 27432
3445, 13826
3445, 12203
3445, 10859
3445, 24128
3445, 10110
3445, 13132
3445, 21282
3445, 18397
3445, 24719
3445, 23269
3445, 16542
3445, 17721
3445, 13066
3445, 8440
3445, 11123
3445, 23657
3445, 21710
3445, 23893
3445, 20494
3445, 10271
3445, 10121
3445, 16150
3445, 8688
3445, 16580
3445, 11697
3445, 18313
3445, 28374
3445, 12481
3445, 19574
3445, 21221
3445, 8178
14775, 3446
3446, 23432
3446, 15084
3446, 13196
3446, 21346
11825, 3447
3447, 14295
17587, 3448
13193, 3448
16506, 3448
21540, 3448
17199, 3448
18000, 3448
19112, 3448
19044, 3448
29790, 3448
24378, 3448
15342, 3448
25594, 3448
18987, 3448
30309, 3448
14991, 3448
25485, 3448
20745, 3448
26227, 3448
17162, 3448
28292, 3448
26804, 3448
18400, 3448
19590, 3448
13672, 3448
26791, 3448
24698, 3448
24640, 3448
16724, 3448
30303, 3448
9985, 3448
22366, 3448
18347, 3448
14977, 3448
15445, 3448
20029, 3448
13526, 3448
21427, 3448
21706, 3448
15453, 3448
13790, 3448
25755, 3448
3448, 28791
3448, 13026
15020, 3449
3449, 15709
20891, 3450
3450, 12339
12122, 3451
3451, 13218
3451, 7603
3451, 15269
22685, 3452
7626, 3452
24682, 3452
18689, 3452
19182, 3452
13397, 3452
13274, 3452
20703, 3452
24712, 3452
25604, 3452
12620, 3452
12352, 3452
12362, 3452
11866, 3452
28200, 3452
22499, 3452
26294, 3452
8080, 3452
12809, 3452
11120, 3452
30416, 3452
23205, 3452
12159, 3452
13978, 3452
17234, 3452
15752, 3452
13326, 3452
18224, 3452
25549, 3452
13603, 3452
20920, 3452
20109, 3452
29371, 3452
26916, 3452
27652, 3452
22779, 3452
18497, 3452
19762, 3452
11478, 3452
28959, 3452
25007, 3452
20196, 3452
24685, 3452
28290, 3452
22349, 3452
23526, 3452
19324, 3452
8384, 3452
26597, 3452
26841, 3452
8053, 3452
26438, 3452
9578, 3452
20221, 3452
30060, 3452
16563, 3452
10817, 3452
8020, 3452
28986, 3452
23611, 3452
23554, 3452
22154, 3452
13945, 3452
26184, 3452
14402, 3452
17005, 3452
27276, 3452
27866, 3452
28618, 3452
27158, 3452
7756, 3452
15030, 3452
21018, 3452
26765, 3452
13931, 3452
15205, 3452
23345, 3452
9826, 3452
7713, 3452
20924, 3452
10331, 3452
24118, 3452
11317, 3452
11023, 3452
11403, 3452
17067, 3452
11261, 3452
19516, 3452
22181, 3452
18167, 3452
26492, 3452
9878, 3452
13111, 3452
27620, 3452
25516, 3452
15939, 3452
7812, 3452
11342, 3452
14196, 3452
24795, 3452
18995, 3452
26731, 3452
9369, 3452
27787, 3452
14871, 3452
16252, 3452
17439, 3452
16676, 3452
22040, 3452
27379, 3452
15654, 3452
9862, 3452
30037, 3452
18445, 3452
10026, 3452
13220, 3452
21986, 3452
16238, 3452
18338, 3452
27204, 3452
8666, 3452
14323, 3452
15013, 3452
10052, 3452
18800, 3452
29902, 3452
22305, 3452
12176, 3452
12347, 3452
30420, 3452
27562, 3452
29076, 3452
26245, 3452
27165, 3452
28065, 3452
12597, 3452
18604, 3452
15130, 3452
7987, 3452
16537, 3452
13994, 3452
20609, 3452
25670, 3452
27697, 3452
20137, 3452
16633, 3452
24746, 3452
16551, 3452
8331, 3452
19189, 3452
17104, 3452
10588, 3452
19839, 3452
29046, 3452
22449, 3452
9243, 3452
21505, 3452
26752, 3452
21615, 3452
22909, 3452
20001, 3452
20716, 3452
24933, 3452
29444, 3452
12096, 3452
19995, 3452
19391, 3452
18140, 3452
17624, 3452
29731, 3452
7919, 3452
9331, 3452
17121, 3452
19993, 3452
17894, 3452
16565, 3452
8522, 3452
20723, 3452
18121, 3452
14518, 3452
17414, 3452
18676, 3452
14877, 3452
18296, 3452
24449, 3452
27408, 3452
17694, 3452
17602, 3452
15285, 3452
22554, 3452
8082, 3452
22251, 3452
8668, 3452
8317, 3452
13373, 3452
18368, 3452
25313, 3452
30269, 3452
9442, 3452
25189, 3452
20748, 3452
14906, 3452
30030, 3452
17771, 3452
14853, 3452
12334, 3452
16410, 3452
28994, 3452
15335, 3452
15632, 3452
27202, 3452
28833, 3452
30216, 3452
29080, 3452
16412, 3452
28093, 3452
27246, 3452
19404, 3452
25052, 3452
14807, 3452
16168, 3452
23595, 3452
21786, 3452
15101, 3452
30450, 3452
10046, 3452
19166, 3452
16894, 3452
17497, 3452
28400, 3452
15278, 3452
25032, 3452
10893, 3452
17802, 3452
26522, 3452
7746, 3452
7837, 3452
27003, 3452
25752, 3452
29671, 3452
14331, 3452
11845, 3452
14337, 3452
26976, 3452
22243, 3452
27039, 3452
24190, 3452
28253, 3452
20309, 3452
3452, 20162
20897, 3453
3453, 12040
16897, 3454
3454, 20871
25381, 3455
3455, 29793
18291, 3456
3456, 25000
23766, 3457
3457, 19807
3457, 17528
3457, 15975
11461, 3458
19693, 3458
8806, 3458
12903, 3458
16236, 3458
3458, 29727
17316, 3459
3459, 21981
29117, 3460
3460, 17839
12322, 3461
3461, 24293
27949, 3462
11555, 3462
8120, 3462
3462, 25797
17027, 3463
3463, 29626
23491, 3464
3464, 19115
8321, 3465
3465, 25866
22541, 3466
3466, 20434
20448, 3467
12280, 3467
7518, 3467
21255, 3467
8054, 3467
3467, 12379
21074, 3468
3468, 9718
8730, 3469
21222, 3469
15393, 3469
9718, 3469
24911, 3469
12830, 3469
25237, 3469
22836, 3469
23736, 3469
26252, 3469
15598, 3469
30141, 3469
21316, 3469
7916, 3469
29231, 3469
9615, 3469
14734, 3469
8689, 3469
7700, 3469
26162, 3469
23137, 3469
14374, 3469
12930, 3469
26012, 3469
13385, 3469
20546, 3469
24457, 3469
10507, 3469
29391, 3469
15862, 3469
3469, 29593
15216, 3470
3470, 20934
27521, 3471
3471, 10960
18262, 3472
15329, 3472
3472, 26162
23350, 3473
12545, 3473
10203, 3473
11269, 3473
22593, 3473
10594, 3473
3473, 13719
8286, 3474
3474, 21386
29167, 3475
3475, 25799
12153, 3476
3476, 19368
9992, 3477
3477, 23328
15821, 3478
3478, 24998
15821, 3479
3479, 28358
21878, 3480
3480, 22073
3480, 15149
3480, 28762
3480, 29698
3480, 13398
3480, 21929
3480, 7877
18510, 3481
3481, 12760
15821, 3482
3482, 18045
8554, 3483
3483, 23943
20020, 3484
19251, 3484
3484, 13149
8423, 3485
3485, 21683
22810, 3486
3486, 27454
14703, 3487
3487, 27526
29013, 3488
24990, 3488
14159, 3488
3488, 9264
24810, 3489
3489, 18028
3489, 23042
3489, 11750
23270, 3490
3490, 25306
27601, 3491
3491, 19793
29344, 3492
3492, 19242
8363, 3493
15299, 3493
10050, 3493
13733, 3493
3493, 22736
11463, 3494
13080, 3494
8159, 3494
13432, 3494
26204, 3494
25049, 3494
11616, 3494
25709, 3494
8744, 3494
9260, 3494
16764, 3494
23838, 3494
8397, 3494
30214, 3494
22171, 3494
10877, 3494
22748, 3494
11563, 3494
27810, 3494
25291, 3494
19368, 3494
10762, 3494
17136, 3494
14023, 3494
13070, 3494
13149, 3494
24193, 3494
22982, 3494
28430, 3494
15532, 3494
17257, 3494
21683, 3494
12470, 3494
28293, 3494
9395, 3494
29446, 3494
24286, 3494
9790, 3494
12938, 3494
23246, 3494
26653, 3494
16079, 3494
12585, 3494
18055, 3494
25047, 3494
17690, 3494
8541, 3494
26797, 3494
8250, 3494
9997, 3494
15937, 3494
16224, 3494
8814, 3494
27127, 3494
14713, 3494
17522, 3494
10507, 3494
29484, 3494
22262, 3494
11564, 3494
3494, 29284
16333, 3495
3495, 19368
21311, 3496
3496, 26898
12521, 3497
3497, 21683
13555, 3498
3498, 16700
3498, 17405
3498, 15860
3498, 22143
18419, 3499
3499, 27063
12900, 3500
3500, 21489
9492, 3501
14183, 3501
23476, 3501
3501, 11882
22896, 3502
3502, 9844
3502, 23418
25573, 3503
9549, 3503
19555, 3503
3503, 24324
10713, 3504
3504, 23690
11347, 3505
3505, 21683
18780, 3506
3506, 29820
8933, 3507
17215, 3507
3507, 12912
12584, 3508
3508, 15994
13939, 3509
3509, 10217
21533, 3510
3510, 11479
22798, 3511
3511, 8349
15498, 3512
3512, 24250
29344, 3513
3513, 26888
18282, 3514
3514, 19966
10385, 3515
3515, 19371
3515, 19368
27917, 3516
3516, 23233
14382, 3517
3517, 28656
3517, 14722
3517, 15599
8720, 3518
26126, 3518
3518, 19368
26075, 3519
9105, 3519
3519, 14187
14644, 3520
3520, 24666
28073, 3521
3521, 19922
10820, 3522
3522, 13070
11129, 3523
7612, 3523
29655, 3523
7732, 3523
29994, 3523
16744, 3523
11089, 3523
13798, 3523
23298, 3523
26254, 3523
3523, 15615
30061, 3524
21964, 3524
3524, 18055
21907, 3525
3525, 22321
16936, 3526
3526, 11200
3526, 14957
3526, 26237
8699, 3527
3527, 15544
29664, 3528
23689, 3528
26280, 3528
16405, 3528
20366, 3528
12406, 3528
3528, 15590
18767, 3529
11038, 3529
12867, 3529
3529, 26888
29344, 3530
3530, 10537
18989, 3531
3531, 20379
13981, 3532
3532, 12262
21148, 3533
3533, 21500
16040, 3534
3534, 25049
17696, 3535
3535, 27395
16776, 3536
3536, 20071
24177, 3537
3537, 14713
26657, 3538
3538, 26439
8186, 3539
3539, 14526
14382, 3540
3540, 21961
3540, 29058
23766, 3541
3541, 26565
16813, 3542
28705, 3542
25503, 3542
26221, 3542
29184, 3542
10612, 3542
23234, 3542
3542, 8814
3542, 7480
24947, 3543
13133, 3543
22324, 3543
23793, 3543
13705, 3543
11124, 3543
16242, 3543
19428, 3543
19913, 3543
3543, 13719
20339, 3544
3544, 15223
11489, 3545
3545, 26080
18937, 3546
29079, 3546
3546, 15857
3546, 17323
3546, 22146
11211, 3547
19086, 3547
3547, 28293
8809, 3548
16112, 3548
9496, 3548
23350, 3548
10767, 3548
22324, 3548
24665, 3548
9905, 3548
9087, 3548
20162, 3548
3548, 13719
10156, 3549
3549, 16722
15821, 3550
3550, 18045
26313, 3551
3551, 9734
11038, 3552
14804, 3552
8071, 3552
3552, 21242
29344, 3553
3553, 29127
29365, 3554
13080, 3554
9582, 3554
14852, 3554
28231, 3554
16822, 3554
11469, 3554
8768, 3554
13432, 3554
16016, 3554
25264, 3554
24181, 3554
29943, 3554
8277, 3554
18621, 3554
25049, 3554
29249, 3554
8276, 3554
7983, 3554
13640, 3554
19019, 3554
29274, 3554
16752, 3554
29937, 3554
12403, 3554
20341, 3554
20862, 3554
16315, 3554
24010, 3554
19371, 3554
19230, 3554
19368, 3554
20704, 3554
27615, 3554
27085, 3554
12132, 3554
19711, 3554
29886, 3554
21581, 3554
13070, 3554
24348, 3554
22813, 3554
10735, 3554
13149, 3554
25797, 3554
21473, 3554
12608, 3554
15615, 3554
20937, 3554
9622, 3554
24293, 3554
21683, 3554
18204, 3554
13411, 3554
15220, 3554
16160, 3554
9907, 3554
10426, 3554
9790, 3554
9302, 3554
21154, 3554
22392, 3554
26785, 3554
13318, 3554
13649, 3554
27350, 3554
12035, 3554
21999, 3554
23209, 3554
20978, 3554
14882, 3554
20491, 3554
11584, 3554
27000, 3554
24050, 3554
24870, 3554
22691, 3554
29414, 3554
8814, 3554
26359, 3554
11294, 3554
26876, 3554
24146, 3554
19011, 3554
14606, 3554
15570, 3554
11215, 3554
11564, 3554
21981, 3554
27548, 3554
15142, 3554
30267, 3554
23382, 3554
28721, 3554
3554, 10196
29060, 3555
3555, 21489
11917, 3556
27025, 3556
3556, 29355
8845, 3557
18957, 3557
3557, 15570
23112, 3558
3558, 29277
21151, 3559
3559, 11564
27478, 3560
30197, 3560
3560, 14610
10530, 3561
3561, 18055
19978, 3562
3562, 17937
20122, 3563
3563, 9790
28416, 3564
3564, 28613
25860, 3565
3565, 30220
14395, 3566
3566, 24720
8049, 3567
3567, 25049
21884, 3568
3568, 11294
14439, 3569
3569, 19947
11117, 3570
3570, 21734
29117, 3571
3571, 7790
26496, 3572
3572, 13429
18343, 3573
12563, 3573
3573, 25302
12742, 3574
3574, 24786
17358, 3575
3575, 19276
3575, 28134
27006, 3576
3576, 23137
26849, 3577
3577, 12262
29344, 3578
3578, 28367
18282, 3579
3579, 13718
9109, 3580
17463, 3580
3580, 26910
13453, 3581
3581, 9857
16727, 3582
22614, 3582
23791, 3582
3582, 17139
14353, 3583
3583, 27914
20564, 3584
3584, 21683
18560, 3585
3585, 24293
28109, 3586
3586, 18602
19498, 3587
3587, 20934
10728, 3588
3588, 8184
8539, 3589
3589, 12646
18716, 3590
3590, 12337
28119, 3591
22082, 3591
10338, 3591
29559, 3591
21061, 3591
24859, 3591
21824, 3591
3591, 15570
10344, 3592
3592, 17111
20384, 3593
3593, 23838
7883, 3594
3594, 13853
26820, 3595
3595, 28423
14500, 3596
3596, 24131
10965, 3597
3597, 25306
12748, 3598
13812, 3598
8552, 3598
26707, 3598
20157, 3598
9035, 3598
3598, 27318
26130, 3599
30336, 3599
18464, 3599
29088, 3599
16162, 3599
10774, 3599
28997, 3599
23074, 3599
25508, 3599
17990, 3599
27245, 3599
21955, 3599
8306, 3599
19046, 3599
7738, 3599
3599, 24663
22454, 3600
3600, 9700
29465, 3601
3601, 21247
3601, 14676
19927, 3602
3602, 28773
25322, 3603
3603, 8718
3603, 18975
27119, 3604
3604, 16851
22950, 3605
3605, 17257
8129, 3606
3606, 29636
22640, 3607
3607, 27361
27521, 3608
3608, 25709
11946, 3609
3609, 29347
12639, 3610
3610, 14069
19529, 3611
21379, 3611
3611, 10426
10454, 3612
3612, 29713
24019, 3613
3613, 7639
24699, 3614
3614, 25049
25136, 3615
3615, 11696
27701, 3616
3616, 16023
24008, 3617
3617, 21981
11018, 3618
9308, 3618
3618, 19371
17358, 3619
3619, 9905
29344, 3620
3620, 22298
23054, 3621
3621, 14343
23787, 3622
29432, 3622
8282, 3622
23090, 3622
13202, 3622
19827, 3622
11669, 3622
25439, 3622
3622, 26012
11513, 3623
3623, 14360
23691, 3624
3624, 11564
21913, 3625
3625, 29833
21549, 3626
3626, 25068
25607, 3627
3627, 19368
29344, 3628
3628, 19368
10541, 3629
3629, 24345
20100, 3630
3630, 23843
23622, 3631
3631, 28800
11940, 3632
3632, 23358
18597, 3633
3633, 18171
25786, 3634
3634, 23836
3634, 24831
3634, 28731
3634, 19916
3634, 19271
14070, 3635
3635, 27361
8601, 3636
19084, 3636
27793, 3636
20850, 3636
13655, 3636
3636, 18422
8464, 3637
3637, 25121
12286, 3638
3638, 14852
25775, 3639
29500, 3639
10968, 3639
16994, 3639
8013, 3639
3639, 21075
28323, 3640
29255, 3640
3640, 21446
15821, 3641
3641, 18045
8665, 3642
3642, 8126
9540, 3643
22377, 3643
13657, 3643
3643, 28293
16818, 3644
21883, 3644
29952, 3644
3644, 9154
3644, 20909
3644, 12640
3644, 14554
3644, 15199
3644, 24102
3644, 12424
3644, 28224
3644, 19349
3644, 11791
26013, 3645
3645, 20873
24071, 3646
3646, 29947
14382, 3647
3647, 21711
3647, 27264
29344, 3648
3648, 21506
3648, 30267
8597, 3649
3649, 11668
24442, 3650
3650, 13165
15021, 3651
3651, 24093
3651, 23017
10376, 3652
3652, 25258
21878, 3653
3653, 12126
30299, 3654
3654, 19376
17358, 3655
3655, 29961
8763, 3656
3656, 27719
22365, 3657
3657, 18055
9673, 3658
10716, 3658
28780, 3658
3658, 25049
25742, 3659
3659, 7477
8763, 3660
17263, 3660
22309, 3660
15940, 3660
8492, 3660
26753, 3660
16619, 3660
3660, 21205
28326, 3661
11827, 3661
16017, 3661
13080, 3661
27861, 3661
8542, 3661
11313, 3661
25049, 3661
22818, 3661
15298, 3661
22659, 3661
21349, 3661
7663, 3661
23922, 3661
24369, 3661
28743, 3661
29940, 3661
30214, 3661
14677, 3661
29974, 3661
14295, 3661
19368, 3661
21956, 3661
28398, 3661
24088, 3661
25473, 3661
7821, 3661
10719, 3661
18321, 3661
15536, 3661
21683, 3661
26257, 3661
13925, 3661
18971, 3661
12171, 3661
20688, 3661
9302, 3661
16937, 3661
15892, 3661
18055, 3661
20742, 3661
24753, 3661
23624, 3661
16456, 3661
27294, 3661
8814, 3661
12871, 3661
10507, 3661
22079, 3661
11294, 3661
14343, 3661
29608, 3661
8687, 3661
14606, 3661
21981, 3661
7754, 3661
3661, 10252
20288, 3662
3662, 27010
15456, 3663
3663, 12925
15955, 3664
3664, 10990
22030, 3665
27121, 3665
20287, 3665
26660, 3665
3665, 9000
27851, 3666
3666, 26273
29646, 3667
3667, 13080
9558, 3668
3668, 14852
15109, 3669
3669, 23453
19890, 3670
3670, 10507
16173, 3671
3671, 13070
26002, 3672
3672, 15420
25744, 3673
3673, 29107
28876, 3674
3674, 18674
3674, 10631
23305, 3675
3675, 14389
23136, 3676
3676, 9079
21827, 3677
3677, 22617
24727, 3678
3678, 20990
3678, 30385
10089, 3679
3679, 16009
28857, 3680
20669, 3680
3680, 14492
11744, 3681
3681, 22450
25339, 3682
3682, 13095
28741, 3683
3683, 11564
29047, 3684
3684, 11501
17449, 3685
3685, 19506
30244, 3686
3686, 18924
24811, 3687
3687, 29480
26254, 3688
7759, 3688
20974, 3688
20205, 3688
3688, 24457
13939, 3689
3689, 28388
10234, 3690
3690, 14343
16959, 3691
3691, 17914
8763, 3692
18847, 3692
3692, 25397
25228, 3693
3693, 30256
16470, 3694
3694, 13291
11658, 3695
3695, 20598
18068, 3696
3696, 28443
12589, 3697
3697, 30182
15606, 3698
16860, 3698
30448, 3698
3698, 28489
19688, 3699
19689, 3699
9319, 3699
22158, 3699
18051, 3699
18045, 3699
25306, 3699
24852, 3699
22769, 3699
23898, 3699
30261, 3699
3699, 9487
3699, 29344
16928, 3700
23698, 3700
29684, 3700
3700, 16943
8879, 3701
3701, 21470
20795, 3702
3702, 20676
23188, 3703
3703, 19947
15960, 3704
3704, 10161
11117, 3705
3705, 30372
16164, 3706
3706, 9005
16568, 3707
3707, 7932
18295, 3708
14436, 3708
3708, 11469
13063, 3709
3709, 29200
11228, 3710
21852, 3710
3710, 30352
12771, 3711
3711, 20862
17495, 3712
3712, 10349
11869, 3713
25398, 3713
19767, 3713
3713, 24753
21873, 3714
26378, 3714
8000, 3714
15931, 3714
9882, 3714
7860, 3714
16341, 3714
16632, 3714
28611, 3714
13175, 3714
27185, 3714
15617, 3714
3714, 23815
19676, 3715
3715, 21223
23584, 3716
3716, 25162
28392, 3717
3717, 25049
30061, 3718
3718, 18055
13014, 3719
3719, 14374
8464, 3720
3720, 13711
22417, 3721
3721, 23392
22809, 3722
3722, 16912
12395, 3723
3723, 21579
18631, 3724
3724, 8345
3724, 24392
3724, 26686
3724, 8953
3724, 30109
3724, 13396
3724, 10940
3724, 26462
3724, 24078
3724, 17375
3724, 20269
8405, 3725
3725, 14852
23942, 3726
3726, 22321
26931, 3727
13208, 3727
3727, 29833
11408, 3728
3728, 26390
22444, 3729
3729, 19348
29344, 3730
3730, 26009
15257, 3731
26254, 3731
3731, 15615
15456, 3732
3732, 9653
8330, 3733
3733, 9790
18315, 3734
3734, 13080
26029, 3735
3735, 7474
14901, 3736
3736, 17257
26510, 3737
18892, 3737
11487, 3737
3737, 13839
9125, 3738
13835, 3738
3738, 22321
9659, 3739
3739, 10507
21337, 3740
3740, 22324
3740, 28357
3740, 29884
18478, 3741
3741, 20852
7948, 3742
3742, 23350
9798, 3743
23625, 3743
3743, 20083
20724, 3744
3744, 10510
15891, 3745
9809, 3745
3745, 19368
20957, 3746
3746, 29600
10868, 3747
3747, 21016
9159, 3748
3748, 19368
17055, 3749
3749, 21489
18282, 3750
3750, 14035
12933, 3751
9424, 3751
17144, 3751
23858, 3751
3751, 12081
3751, 23342
3751, 11254
3751, 10001
30081, 3752
3752, 28064
27796, 3753
3753, 7718
17881, 3754
3754, 15570
20724, 3755
3755, 22539
25884, 3756
3756, 25049
16137, 3757
25616, 3757
3757, 14874
23196, 3758
13559, 3758
20756, 3758
23452, 3758
16920, 3758
16743, 3758
16617, 3758
21142, 3758
8393, 3758
22447, 3758
24209, 3758
29532, 3758
29822, 3758
11813, 3758
28639, 3758
26482, 3758
28029, 3758
26837, 3758
29301, 3758
8202, 3758
17983, 3758
24655, 3758
25511, 3758
20377, 3758
19301, 3758
27784, 3758
28074, 3758
29979, 3758
14292, 3758
22047, 3758
29724, 3758
30174, 3758
21155, 3758
10308, 3758
28482, 3758
13426, 3758
24251, 3758
25445, 3758
16678, 3758
29900, 3758
23232, 3758
13123, 3758
19804, 3758
14340, 3758
28250, 3758
9763, 3758
10661, 3758
10276, 3758
23751, 3758
26275, 3758
17290, 3758
9311, 3758
21927, 3758
25474, 3758
28384, 3758
12552, 3758
16463, 3758
19912, 3758
25509, 3758
18929, 3758
19006, 3758
27634, 3758
22010, 3758
20225, 3758
13459, 3758
26878, 3758
25936, 3758
21088, 3758
20618, 3758
24437, 3758
17790, 3758
20706, 3758
18421, 3758
13996, 3758
25265, 3758
13077, 3758
29317, 3758
28319, 3758
12765, 3758
7665, 3758
13653, 3758
26577, 3758
17861, 3758
19771, 3758
26028, 3758
13879, 3758
24397, 3758
18688, 3758
17526, 3758
30210, 3758
8389, 3758
29199, 3758
28534, 3758
29837, 3758
13078, 3758
23438, 3758
27728, 3758
19465, 3758
7685, 3758
30098, 3758
27386, 3758
11498, 3758
18543, 3758
10694, 3758
17301, 3758
19282, 3758
18059, 3758
12432, 3758
20521, 3758
22443, 3758
26748, 3758
15819, 3758
22531, 3758
19207, 3758
9329, 3758
9626, 3758
13275, 3758
9750, 3758
19857, 3758
16104, 3758
15820, 3758
16192, 3758
26311, 3758
16218, 3758
28663, 3758
17576, 3758
12616, 3758
16599, 3758
12105, 3758
24952, 3758
9993, 3758
11365, 3758
27253, 3758
26966, 3758
22929, 3758
21271, 3758
9748, 3758
10327, 3758
21313, 3758
21536, 3758
12426, 3758
14422, 3758
11579, 3758
25182, 3758
8529, 3758
21184, 3758
21534, 3758
29799, 3758
29683, 3758
10466, 3758
10904, 3758
17653, 3758
23231, 3758
12959, 3758
21733, 3758
21583, 3758
23185, 3758
25465, 3758
9971, 3758
13177, 3758
21774, 3758
13321, 3758
15884, 3758
13592, 3758
27878, 3758
19359, 3758
16449, 3758
24744, 3758
26852, 3758
14684, 3758
10323, 3758
16080, 3758
10153, 3758
10536, 3758
17720, 3758
15619, 3758
22601, 3758
12173, 3758
22673, 3758
10634, 3758
26004, 3758
8100, 3758
12931, 3758
21172, 3758
12306, 3758
17418, 3758
18905, 3758
27429, 3758
10237, 3758
22642, 3758
22983, 3758
29643, 3758
16845, 3758
30079, 3758
19838, 3758
10780, 3758
16919, 3758
17490, 3758
22227, 3758
26396, 3758
12310, 3758
30353, 3758
8535, 3758
27952, 3758
16060, 3758
11735, 3758
17595, 3758
29915, 3758
10680, 3758
24260, 3758
12808, 3758
9276, 3758
16177, 3758
12878, 3758
25318, 3758
26867, 3758
13371, 3758
16770, 3758
28415, 3758
8671, 3758
28683, 3758
28216, 3758
29153, 3758
20249, 3758
25813, 3758
18298, 3758
16935, 3758
22266, 3758
28844, 3758
13053, 3758
10514, 3758
23721, 3758
21467, 3758
14075, 3758
11370, 3758
24305, 3758
18552, 3758
9884, 3758
19153, 3758
12971, 3758
12990, 3758
13197, 3758
13651, 3758
11336, 3758
15745, 3758
21537, 3758
19135, 3758
25804, 3758
19496, 3758
16925, 3758
18933, 3758
15698, 3758
10936, 3758
22299, 3758
23266, 3758
18218, 3758
8993, 3758
18356, 3758
25529, 3758
28445, 3758
15982, 3758
18960, 3758
25562, 3758
29397, 3758
24695, 3758
12381, 3758
16032, 3758
23008, 3758
19362, 3758
15562, 3758
21454, 3758
21516, 3758
29973, 3758
7637, 3758
11394, 3758
22871, 3758
14619, 3758
8729, 3758
9461, 3758
11429, 3758
3758, 21959
9072, 3759
13506, 3759
3759, 24671
9712, 3760
3760, 22617
7787, 3761
3761, 11472
12600, 3762
3762, 15066
27588, 3763
3763, 16764
21810, 3764
7671, 3764
15344, 3764
3764, 22917
15398, 3765
3765, 26505
29344, 3766
3766, 27010
16954, 3767
28316, 3767
3767, 13080
30349, 3768
20032, 3768
10985, 3768
11360, 3768
18416, 3768
8281, 3768
22876, 3768
9773, 3768
27773, 3768
3768, 23661
9586, 3769
3769, 30352
12795, 3770
3770, 23624
18490, 3771
3771, 10314
18624, 3772
3772, 29911
16004, 3773
3773, 24285
29008, 3774
3774, 26614
3774, 25261
3774, 18713
14629, 3775
3775, 24016
13950, 3776
3776, 22769
10378, 3777
24082, 3777
10336, 3777
24415, 3777
3777, 25498
14505, 3778
3778, 13946
25022, 3779
3779, 27132
16956, 3780
13574, 3780
3780, 16822
26965, 3781
21510, 3781
3781, 24268
29272, 3782
3782, 15987
8510, 3783
3783, 7661
9961, 3784
3784, 13054
29784, 3785
3785, 14037
29403, 3786
3786, 24364
17358, 3787
3787, 26981
3787, 18815
3787, 28926
3787, 25706
17641, 3788
16650, 3788
21620, 3788
3788, 29943
27283, 3789
3789, 18055
8242, 3790
3790, 13429
14382, 3791
21878, 3791
3791, 29379
3791, 10971
3791, 21494
3791, 21785
25791, 3792
23941, 3792
30280, 3792
23399, 3792
3792, 18422
3792, 13875
23111, 3793
14506, 3793
8686, 3793
14823, 3793
10796, 3793
25222, 3793
17038, 3793
25733, 3793
29670, 3793
15796, 3793
27592, 3793
13720, 3793
29158, 3793
19152, 3793
13319, 3793
23852, 3793
15447, 3793
12019, 3793
28623, 3793
22204, 3793
12312, 3793
29623, 3793
11381, 3793
8812, 3793
8992, 3793
20282, 3793
14476, 3793
12202, 3793
26414, 3793
12996, 3793
29732, 3793
18528, 3793
27852, 3793
30172, 3793
28393, 3793
18625, 3793
15315, 3793
13017, 3793
30100, 3793
21586, 3793
24728, 3793
14927, 3793
12405, 3793
22889, 3793
26345, 3793
24843, 3793
20836, 3793
11905, 3793
17488, 3793
29587, 3793
26583, 3793
28894, 3793
19255, 3793
7773, 3793
19784, 3793
12438, 3793
18855, 3793
18038, 3793
18909, 3793
25454, 3793
8343, 3793
20667, 3793
17940, 3793
26108, 3793
20008, 3793
23777, 3793
29298, 3793
29323, 3793
22000, 3793
25336, 3793
15277, 3793
28554, 3793
30390, 3793
28904, 3793
28572, 3793
10707, 3793
13618, 3793
20515, 3793
9889, 3793
29743, 3793
30237, 3793
28373, 3793
13313, 3793
22596, 3793
28021, 3793
9642, 3793
13641, 3793
17958, 3793
18010, 3793
23750, 3793
10278, 3793
25724, 3793
18554, 3793
25489, 3793
14120, 3793
22164, 3793
27922, 3793
16807, 3793
19353, 3793
18004, 3793
15333, 3793
14537, 3793
19961, 3793
19694, 3793
8026, 3793
8183, 3793
15794, 3793
9179, 3793
11681, 3793
11709, 3793
15725, 3793
15227, 3793
23921, 3793
12934, 3793
22865, 3793
18300, 3793
15567, 3793
21758, 3793
19069, 3793
30304, 3793
17510, 3793
17083, 3793
23332, 3793
28797, 3793
28681, 3793
26889, 3793
7943, 3793
30411, 3793
13734, 3793
16473, 3793
19417, 3793
30147, 3793
18025, 3793
19360, 3793
19070, 3793
18652, 3793
25065, 3793
11587, 3793
24511, 3793
11107, 3793
8420, 3793
18458, 3793
23067, 3793
7997, 3793
11296, 3793
9639, 3793
19145, 3793
29874, 3793
11253, 3793
21164, 3793
23385, 3793
25895, 3793
23443, 3793
16889, 3793
17284, 3793
11666, 3793
21860, 3793
27993, 3793
19193, 3793
20804, 3793
14544, 3793
14467, 3793
29536, 3793
9899, 3793
17887, 3793
8471, 3793
19082, 3793
9320, 3793
7811, 3793
28819, 3793
17182, 3793
28564, 3793
12522, 3793
12762, 3793
29513, 3793
24383, 3793
20713, 3793
15028, 3793
27900, 3793
30068, 3793
10268, 3793
10558, 3793
28164, 3793
28678, 3793
18571, 3793
11500, 3793
12077, 3793
25331, 3793
13866, 3793
29851, 3793
21558, 3793
28189, 3793
8280, 3793
11439, 3793
24214, 3793
17530, 3793
21377, 3793
13234, 3793
8482, 3793
29418, 3793
17612, 3793
15018, 3793
14649, 3793
8916, 3793
19202, 3793
12391, 3793
13658, 3793
21567, 3793
14718, 3793
29939, 3793
8039, 3793
26261, 3793
18948, 3793
28756, 3793
17601, 3793
20213, 3793
25998, 3793
22332, 3793
24796, 3793
19724, 3793
23561, 3793
18056, 3793
17315, 3793
15797, 3793
11402, 3793
27152, 3793
8431, 3793
29797, 3793
21418, 3793
29134, 3793
10752, 3793
16458, 3793
12704, 3793
30031, 3793
25532, 3793
21033, 3793
23241, 3793
11899, 3793
30409, 3793
9235, 3793
9900, 3793
8409, 3793
27451, 3793
24605, 3793
22888, 3793
11290, 3793
19411, 3793
13019, 3793
10469, 3793
25970, 3793
16482, 3793
12435, 3793
30075, 3793
26755, 3793
9190, 3793
28859, 3793
24162, 3793
17791, 3793
10573, 3793
18517, 3793
10330, 3793
16185, 3793
28778, 3793
11876, 3793
15255, 3793
13217, 3793
24489, 3793
13591, 3793
17982, 3793
8938, 3793
28331, 3793
8774, 3793
23160, 3793
25761, 3793
12899, 3793
26155, 3793
16059, 3793
17935, 3793
24686, 3793
28962, 3793
3793, 21968
19249, 3794
3794, 17076
14547, 3795
3795, 28721
26894, 3796
3796, 11304
27895, 3797
3797, 11958
3797, 14957
3797, 25388
10216, 3798
3798, 19627
22913, 3799
3799, 11416
3799, 27496
19140, 3800
3800, 22327
11552, 3801
3801, 16364
20473, 3802
3802, 21926
22772, 3803
3803, 24120
29075, 3804
3804, 25049
14908, 3805
3805, 7861
18263, 3806
3806, 11294
18860, 3807
3807, 11821
30403, 3808
3808, 8626
30076, 3809
3809, 19050
21351, 3810
3810, 19354
29344, 3811
3811, 18753
13938, 3812
3812, 8829
22880, 3813
3813, 7793
15274, 3814
3814, 24342
22662, 3815
3815, 9734
30081, 3816
3816, 29783
13756, 3817
3817, 22836
16689, 3818
3818, 9790
29914, 3819
17501, 3819
26124, 3819
7874, 3819
7558, 3819
3819, 18409
22839, 3820
12909, 3820
3820, 9372
13157, 3821
3821, 18776
23766, 3822
3822, 15699
3822, 19102
3822, 21933
3822, 9357
9259, 3823
3823, 8061
14972, 3824
18785, 3824
18314, 3824
3824, 12686
14242, 3825
27183, 3825
3825, 15607
20024, 3826
3826, 29414
17818, 3827
3827, 22654
29784, 3828
3828, 21126
30418, 3829
8763, 3829
3829, 17110
19299, 3830
3830, 7754
26254, 3831
9960, 3831
25107, 3831
12943, 3831
3831, 15615
21726, 3832
3832, 14343
13555, 3833
3833, 26998
3833, 14253
15821, 3834
3834, 12679
22734, 3835
3835, 26183
20586, 3836
26506, 3836
3836, 25049
22988, 3837
13218, 3837
29334, 3837
23669, 3837
14254, 3837
26578, 3837
17098, 3837
3837, 13719
13129, 3838
3838, 10507
29344, 3839
3839, 19018
15957, 3840
3840, 22343
9363, 3841
3841, 13671
9886, 3842
3842, 27618
9908, 3843
3843, 12722
26353, 3844
3844, 16548
8640, 3845
21082, 3845
20329, 3845
14852, 3845
25049, 3845
17126, 3845
25095, 3845
17849, 3845
10283, 3845
23922, 3845
27618, 3845
14010, 3845
9167, 3845
18782, 3845
24037, 3845
22321, 3845
9734, 3845
29651, 3845
30287, 3845
13149, 3845
21340, 3845
25758, 3845
24293, 3845
14311, 3845
8379, 3845
26686, 3845
9805, 3845
14536, 3845
20827, 3845
26740, 3845
18270, 3845
28098, 3845
8953, 3845
30109, 3845
21579, 3845
13517, 3845
29135, 3845
13671, 3845
28935, 3845
7593, 3845
12644, 3845
11226, 3845
14374, 3845
22915, 3845
21446, 3845
18055, 3845
11668, 3845
16370, 3845
8814, 3845
20010, 3845
17789, 3845
25500, 3845
10507, 3845
28546, 3845
14343, 3845
20096, 3845
13396, 3845
19623, 3845
21981, 3845
30267, 3845
23113, 3845
28721, 3845
3845, 22131
22303, 3846
14930, 3846
27696, 3846
10964, 3846
23901, 3846
27619, 3846
8711, 3846
16691, 3846
29141, 3846
20895, 3846
26371, 3846
26179, 3846
29471, 3846
19987, 3846
27974, 3846
16033, 3846
10225, 3846
15158, 3846
8324, 3846
30095, 3846
29496, 3846
17585, 3846
30034, 3846
9725, 3846
20375, 3846
17866, 3846
16003, 3846
20524, 3846
22156, 3846
25098, 3846
10428, 3846
8655, 3846
29337, 3846
17614, 3846
12104, 3846
27748, 3846
21632, 3846
29316, 3846
17657, 3846
19706, 3846
19381, 3846
24063, 3846
12272, 3846
23877, 3846
17009, 3846
25021, 3846
16398, 3846
20184, 3846
15895, 3846
28823, 3846
26461, 3846
25743, 3846
9526, 3846
21725, 3846
20209, 3846
27722, 3846
28439, 3846
3846, 9734
9097, 3847
3847, 13785
16931, 3848
3848, 18814
3848, 29213
15426, 3849
3849, 26308
21281, 3850
3850, 10417
26996, 3851
3851, 18690
24177, 3852
3852, 29898
20020, 3853
3853, 13149
9077, 3854
3854, 28922
9886, 3855
3855, 27618
16917, 3856
22423, 3856
25656, 3856
3856, 26005
23263, 3857
12457, 3857
26216, 3857
12835, 3857
19123, 3857
18100, 3857
3857, 16881
14852, 3858
29597, 3858
26751, 3858
15298, 3858
19088, 3858
20916, 3858
14247, 3858
30181, 3858
13131, 3858
11617, 3858
15484, 3858
26863, 3858
27975, 3858
25212, 3858
30073, 3858
25635, 3858
18831, 3858
16700, 3858
28820, 3858
13149, 3858
18593, 3858
15615, 3858
17051, 3858
22412, 3858
16661, 3858
27576, 3858
9907, 3858
10078, 3858
26119, 3858
18563, 3858
14175, 3858
22327, 3858
16195, 3858
7610, 3858
15032, 3858
7534, 3858
22782, 3858
12303, 3858
11324, 3858
13126, 3858
18055, 3858
18063, 3858
17690, 3858
26797, 3858
29136, 3858
17522, 3858
24169, 3858
25619, 3858
20000, 3858
18245, 3858
9478, 3858
19479, 3858
14474, 3858
16792, 3858
18292, 3858
9467, 3858
11674, 3858
3858, 14441
29344, 3859
3859, 26501
23155, 3860
3860, 22297
3860, 21028
23925, 3861
3861, 9735
17884, 3862
8532, 3862
14057, 3862
13080, 3862
14852, 3862
9303, 3862
25049, 3862
29892, 3862
22836, 3862
12146, 3862
10960, 3862
19733, 3862
13486, 3862
15303, 3862
19371, 3862
19368, 3862
12802, 3862
22321, 3862
16248, 3862
30329, 3862
24293, 3862
8358, 3862
27563, 3862
28958, 3862
13318, 3862
9051, 3862
26917, 3862
20980, 3862
23864, 3862
18267, 3862
12568, 3862
10507, 3862
11294, 3862
12065, 3862
14343, 3862
13691, 3862
9751, 3862
22617, 3862
15570, 3862
11564, 3862
21981, 3862
3862, 8911
13063, 3863
3863, 29200
18211, 3864
3864, 21683
27036, 3865
3865, 13388
14541, 3866
3866, 20084
17578, 3867
3867, 16723
23531, 3868
3868, 12067
10497, 3869
3869, 22656
11414, 3870
3870, 11564
17730, 3871
3871, 25306
9146, 3872
3872, 28922
15821, 3873
3873, 24998
10934, 3874
12904, 3874
3874, 13644
13169, 3875
3875, 11564
27109, 3876
3876, 21374
23971, 3877
3877, 11790
11734, 3878
3878, 8066
24205, 3879
3879, 25771
19604, 3880
3880, 22321
27521, 3881
3881, 24076
3881, 27756
28625, 3882
28417, 3882
20656, 3882
27329, 3882
24373, 3882
16070, 3882
3882, 24936
16073, 3883
3883, 27615
21214, 3884
14367, 3884
3884, 9422
3884, 10579
3884, 11995
20693, 3885
19955, 3885
29818, 3885
3885, 14388
18216, 3886
3886, 11564
19013, 3887
3887, 16812
18712, 3888
11422, 3888
20999, 3888
25264, 3888
22590, 3888
22639, 3888
16672, 3888
18376, 3888
16266, 3888
20994, 3888
26295, 3888
18879, 3888
20341, 3888
24649, 3888
15280, 3888
23903, 3888
19994, 3888
15303, 3888
12225, 3888
11035, 3888
19368, 3888
22820, 3888
8078, 3888
11654, 3888
10692, 3888
13070, 3888
26140, 3888
28967, 3888
8477, 3888
17207, 3888
15615, 3888
17051, 3888
18756, 3888
21544, 3888
10132, 3888
28236, 3888
9775, 3888
7552, 3888
23483, 3888
29355, 3888
15828, 3888
14515, 3888
26649, 3888
15854, 3888
27071, 3888
21446, 3888
14424, 3888
8541, 3888
22656, 3888
27294, 3888
20049, 3888
8814, 3888
25596, 3888
10507, 3888
14282, 3888
29457, 3888
16851, 3888
17341, 3888
14037, 3888
11027, 3888
11564, 3888
18503, 3888
24219, 3888
21981, 3888
19801, 3888
12613, 3888
28721, 3888
27703, 3888
3888, 25665
17292, 3889
9628, 3889
3889, 21426
11363, 3890
3890, 30167
22839, 3891
3891, 19368
11337, 3892
3892, 18640
7967, 3893
3893, 20110
21878, 3894
3894, 29779
3894, 9347
11945, 3895
3895, 21653
25606, 3896
3896, 7582
20453, 3897
3897, 26863
13861, 3898
3898, 21981
26629, 3899
12612, 3899
22264, 3899
21742, 3899
14092, 3899
3899, 20868
3899, 11864
29344, 3900
3900, 21635
15826, 3901
3901, 29084
3901, 13964
20588, 3902
3902, 24490
16105, 3903
3903, 23350
17531, 3904
3904, 19315
28246, 3905
3905, 13967
18791, 3906
3906, 7969
21270, 3907
3907, 26556
16959, 3908
3908, 15656
10087, 3909
18301, 3909
23321, 3909
20933, 3909
29535, 3909
3909, 9395
25673, 3910
3910, 22325
14814, 3911
3911, 10507
9047, 3912
3912, 13622
23155, 3913
3913, 28375
3913, 25120
26300, 3914
3914, 27455
29008, 3915
3915, 9999
3915, 10321
29465, 3916
3916, 27615
21661, 3917
23001, 3917
9463, 3917
26254, 3917
20952, 3917
25206, 3917
7752, 3917
26720, 3917
26068, 3917
3917, 16331
12141, 3918
3918, 20176
12488, 3919
3919, 11373
13219, 3920
21801, 3920
3920, 7764
22979, 3921
3921, 11564
16956, 3922
26552, 3922
3922, 16822
15732, 3923
3923, 26630
24177, 3924
3924, 16251
8401, 3925
10161, 3925
10314, 3925
10430, 3925
22501, 3925
20737, 3925
17228, 3925
8921, 3925
12753, 3925
13455, 3925
29711, 3925
26848, 3925
14737, 3925
9866, 3925
15004, 3925
17496, 3925
9386, 3925
13007, 3925
24936, 3925
22976, 3925
16290, 3925
19608, 3925
9000, 3925
14874, 3925
16327, 3925
18966, 3925
7582, 3925
30187, 3925
12464, 3925
30162, 3925
10711, 3925
12067, 3925
27181, 3925
23392, 3925
29002, 3925
25707, 3925
21320, 3925
21049, 3925
30401, 3925
24138, 3925
9059, 3925
20715, 3925
24998, 3925
25162, 3925
13409, 3925
23301, 3925
3925, 29344
3925, 24992
29344, 3926
3926, 29107
13244, 3927
30397, 3927
3927, 10685
11260, 3928
3928, 24638
30244, 3929
3929, 17620
29818, 3930
3930, 26915
23108, 3931
3931, 21489
23642, 3932
24899, 3932
8763, 3932
27162, 3932
10725, 3932
13991, 3932
8435, 3932
25827, 3932
3932, 23254
13939, 3933
3933, 16142
19731, 3934
3934, 17048
26659, 3935
3935, 18249
27521, 3936
3936, 26435
24163, 3937
10703, 3937
3937, 28563
9554, 3938
3938, 28688
19025, 3939
3939, 18401
3939, 20517
3939, 28430
22985, 3940
3940, 23922
19372, 3941
15866, 3941
29215, 3941
3941, 18055
15821, 3942
3942, 12679
25749, 3943
21228, 3943
14663, 3943
27178, 3943
3943, 29002
13060, 3944
3944, 10349
26302, 3945
3945, 9195
17969, 3946
11376, 3946
3946, 15570
29344, 3947
3947, 18532
15821, 3948
3948, 21818
17124, 3949
3949, 17704
16507, 3950
7988, 3950
3950, 19368
25346, 3951
19896, 3951
9975, 3951
17407, 3951
3951, 12606
25304, 3952
25275, 3952
3952, 24559
29008, 3953
3953, 17772
3953, 21876
3953, 27412
3953, 28685
28609, 3954
3954, 11411
12795, 3955
3955, 20555
23071, 3956
29265, 3956
3956, 9734
21523, 3957
3957, 18055
15182, 3958
3958, 18961
18910, 3959
24042, 3959
3959, 14911
26783, 3960
3960, 19328
16959, 3961
3961, 12007
17898, 3962
8098, 3962
3962, 29738
3962, 24734
3962, 11728
3962, 29678
7602, 3963
3963, 30171
25037, 3964
3964, 11564
21186, 3965
3965, 13409
23147, 3966
3966, 16125
19436, 3967
22283, 3967
29052, 3967
13263, 3967
10446, 3967
3967, 12162
7996, 3968
8679, 3968
3968, 20049
15201, 3969
3969, 21059
29008, 3970
3970, 9579
3970, 17835
3970, 27465
9247, 3971
3971, 16857
12594, 3972
21793, 3972
20522, 3972
20241, 3972
16597, 3972
12504, 3972
17689, 3972
25116, 3972
17189, 3972
26676, 3972
25627, 3972
17302, 3972
28984, 3972
3972, 13719
23709, 3973
3973, 9687
15326, 3974
3974, 15570
3974, 27258
3974, 22343
18893, 3975
3975, 26449
11363, 3976
3976, 24207
27044, 3977
3977, 15650
23002, 3978
3978, 16661
19392, 3979
3979, 25049
29000, 3980
3980, 29992
28214, 3981
3981, 14332
16899, 3982
3982, 13070
18201, 3983
3983, 27510
27036, 3984
3984, 11243
20007, 3985
3985, 13041
3985, 26901
26574, 3986
3986, 15223
9945, 3987
3987, 27737
28422, 3988
9466, 3988
3988, 10203
23840, 3989
3989, 13080
19041, 3990
3990, 14723
27701, 3991
3991, 16023
14545, 3992
3992, 25507
3992, 17688
29447, 3993
3993, 25448
25415, 3994
3994, 8605
18123, 3995
3995, 21683
17848, 3996
9915, 3996
3996, 10507
26661, 3997
3997, 16466
29526, 3998
23577, 3998
8534, 3998
14397, 3998
3998, 30428
8153, 3999
16842, 3999
7936, 3999
25880, 3999
21199, 3999
28946, 3999
14271, 3999
9172, 3999
29240, 3999
17582, 3999
3999, 22343
22474, 4000
4000, 18646
25744, 4001
4001, 29107
11970, 4002
25533, 4002
4002, 22816
20926, 4003
4003, 28901
11187, 4004
17760, 4004
24423, 4004
25282, 4004
4004, 14705
11761, 4005
4005, 20574
27167, 4006
4006, 15448
21878, 4007
4007, 22324
4007, 24900
4007, 29282
4007, 23567
4007, 7485
29344, 4008
4008, 28816
19494, 4009
4009, 29157
18282, 4010
4010, 8610
23942, 4011
4011, 22321
19333, 4012
4012, 30329
15425, 4013
4013, 13528
27692, 4014
4014, 24131
29018, 4015
4015, 18841
13372, 4016
4016, 8922
13976, 4017
4017, 24293
11413, 4018
4018, 24124
20710, 4019
4019, 25908
26241, 4020
4020, 13598
12486, 4021
4021, 19191
18282, 4022
4022, 19984
28335, 4023
4023, 19034
12887, 4024
21275, 4024
29279, 4024
20463, 4024
25399, 4024
17437, 4024
4024, 22380
24811, 4025
4025, 29480
20954, 4026
4026, 24293
26254, 4027
4027, 25921
12941, 4028
4028, 23392
30061, 4029
4029, 18055
26617, 4030
4030, 18055
23179, 4031
4031, 27071
13874, 4032
4032, 22745
21348, 4033
4033, 9591
20599, 4034
4034, 19543
21812, 4035
4035, 28585
9194, 4036
4036, 18069
17949, 4037
4037, 12619
25976, 4038
4038, 13785
20724, 4039
4039, 16548
17145, 4040
4040, 29872
14559, 4041
4041, 13070
18362, 4042
15584, 4042
29275, 4042
4042, 9302
29765, 4043
4043, 21579
12122, 4044
4044, 19253
4044, 11691
4044, 21892
4044, 11386
13096, 4045
4045, 18990
18282, 4046
4046, 15857
18438, 4047
4047, 17451
14607, 4048
4048, 19368
24091, 4049
28736, 4049
4049, 19371
26730, 4050
4050, 8814
10686, 4051
14429, 4051
21718, 4051
17084, 4051
4051, 24293
21450, 4052
28644, 4052
7940, 4052
13361, 4052
11098, 4052
22520, 4052
19051, 4052
18166, 4052
19187, 4052
28620, 4052
20992, 4052
21015, 4052
11781, 4052
25788, 4052
14461, 4052
29570, 4052
8758, 4052
12017, 4052
10332, 4052
18350, 4052
22599, 4052
30393, 4052
8749, 4052
29800, 4052
16049, 4052
12673, 4052
24829, 4052
9370, 4052
11816, 4052
22452, 4052
26171, 4052
9292, 4052
29262, 4052
7508, 4052
20390, 4052
19900, 4052
16909, 4052
16305, 4052
20977, 4052
8974, 4052
16489, 4052
19851, 4052
23830, 4052
24474, 4052
27257, 4052
15249, 4052
18328, 4052
18330, 4052
16884, 4052
11964, 4052
9963, 4052
16198, 4052
8462, 4052
28755, 4052
10127, 4052
18472, 4052
12954, 4052
8015, 4052
15674, 4052
22422, 4052
20582, 4052
20246, 4052
21251, 4052
14811, 4052
24541, 4052
13270, 4052
16606, 4052
23033, 4052
21535, 4052
4052, 9656
8684, 4053
4053, 13727
23019, 4054
4054, 13622
24667, 4055
4055, 11610
21991, 4056
4056, 29778
12380, 4057
4057, 16370
29344, 4058
4058, 10086
27642, 4059
4059, 20512
8106, 4060
4060, 29947
29344, 4061
4061, 14162
19787, 4062
4062, 16364
26073, 4063
4063, 11910
23296, 4064
4064, 15804
16533, 4065
4065, 17030
4065, 28157
17758, 4066
4066, 20093
19615, 4067
4067, 30275
25835, 4068
4068, 22656
25932, 4069
4069, 13409
23155, 4070
4070, 15974
4070, 16355
4070, 19800
4070, 20832
4070, 27609
4070, 19728
4070, 17620
14411, 4071
14199, 4071
4071, 29690
29117, 4072
4072, 9436
18282, 4073
4073, 21683
8019, 4074
4074, 13149
29344, 4075
4075, 24462
19259, 4076
4076, 14922
22984, 4077
26067, 4077
18583, 4077
4077, 27344
11644, 4078
25960, 4078
8438, 4078
12576, 4078
13772, 4078
4078, 15303
11792, 4079
23703, 4079
4079, 15532
19688, 4080
29580, 4080
9771, 4080
9219, 4080
12059, 4080
11943, 4080
13858, 4080
29713, 4080
8017, 4080
11818, 4080
18601, 4080
8285, 4080
10534, 4080
19973, 4080
4080, 29344
4080, 26109
22088, 4081
4081, 30305
12725, 4082
4082, 16142
14946, 4083
11252, 4083
4083, 22915
18003, 4084
4084, 10808
25144, 4085
4085, 26181
16518, 4086
4086, 21441
26384, 4087
4087, 28793
21599, 4088
4088, 17150
12658, 4089
10659, 4089
23955, 4089
23640, 4089
4089, 9790
18282, 4090
4090, 24880
28041, 4091
25588, 4091
4091, 22777
18812, 4092
16332, 4092
4092, 18962
16057, 4093
4093, 27615
4093, 12130
29164, 4094
4094, 13517
26002, 4095
4095, 15420
25748, 4096
4096, 18491
26254, 4097
4097, 15615
24681, 4098
4098, 9665
23916, 4099
4099, 13070
17594, 4100
4100, 24293
23354, 4101
11929, 4101
11499, 4101
11468, 4101
10798, 4101
4101, 22439
15434, 4102
4102, 25964
24502, 4103
4103, 17323
29569, 4104
4104, 7600
7990, 4105
4105, 29711
24465, 4106
4106, 16145
17358, 4107
4107, 25982
4107, 14405
4107, 20343
4107, 17947
4107, 11458
17358, 4108
4108, 12761
18354, 4109
26254, 4109
4109, 17504
15025, 4110
4110, 19348
22634, 4111
4111, 18654
4111, 24309
11265, 4112
4112, 20023
26900, 4113
4113, 23431
25496, 4114
4114, 19688
9450, 4115
4115, 29674
7667, 4116
4116, 13432
12122, 4117
4117, 25048
4117, 27582
17114, 4118
4118, 27350
20161, 4119
4119, 7774
30328, 4120
4120, 19371
16253, 4121
4121, 15570
23555, 4122
9156, 4122
15974, 4122
10671, 4122
10009, 4122
24731, 4122
18425, 4122
12516, 4122
10552, 4122
11416, 4122
30310, 4122
14212, 4122
11269, 4122
14390, 4122
16355, 4122
19800, 4122
20793, 4122
27496, 4122
17456, 4122
20259, 4122
4122, 13719
22611, 4123
4123, 22915
21337, 4124
4124, 16472
16123, 4125
22817, 4125
25885, 4125
26076, 4125
26426, 4125
10333, 4125
8962, 4125
12588, 4125
4125, 16755
26167, 4126
4126, 24543
14382, 4127
4127, 22905
16467, 4128
4128, 24193
26862, 4129
29752, 4129
11293, 4129
4129, 12822
14787, 4130
4130, 7661
29545, 4131
4131, 13066
4131, 7768
18460, 4132
4132, 14464
27533, 4133
4133, 28143
10643, 4134
4134, 8304
15176, 4135
4135, 16961
16793, 4136
4136, 24342
8701, 4137
4137, 18904
28101, 4138
4138, 22760
14830, 4139
4139, 23722
8870, 4140
4140, 24255
24203, 4141
28642, 4141
4141, 22321
15401, 4142
4142, 10676
4142, 19490
22365, 4143
27854, 4143
4143, 25049
24915, 4144
13182, 4144
4144, 12065
12122, 4145
4145, 8398
4145, 21261
19786, 4146
4146, 8081
9335, 4147
20636, 4147
7937, 4147
14624, 4147
17703, 4147
20912, 4147
4147, 13969
13984, 4148
4148, 30352
10618, 4149
4149, 21683
16730, 4150
4150, 27614
30081, 4151
4151, 15897
12122, 4152
4152, 12205
4152, 27934
17025, 4153
4153, 21677
22658, 4154
4154, 20852
11055, 4155
4155, 25555
11036, 4156
4156, 28658
8174, 4157
4157, 23922
19249, 4158
4158, 25131
17074, 4159
4159, 16590
28866, 4160
4160, 12619
17309, 4161
4161, 23099
21337, 4162
4162, 11617
4162, 14322
4162, 27684
4162, 10635
4162, 17410
24674, 4163
4163, 25000
13543, 4164
4164, 14852
25197, 4165
4165, 15239
8964, 4166
4166, 29911
11325, 4167
4167, 8126
25826, 4168
10776, 4168
4168, 10507
4168, 11160
20020, 4169
4169, 13149
29012, 4170
27531, 4170
15864, 4170
18273, 4170
19240, 4170
4170, 20719
10751, 4171
4171, 8934
29963, 4172
13195, 4172
8195, 4172
18177, 4172
28715, 4172
19904, 4172
17289, 4172
8674, 4172
7853, 4172
15890, 4172
16987, 4172
20648, 4172
23095, 4172
15078, 4172
14572, 4172
12317, 4172
16471, 4172
14786, 4172
27382, 4172
8040, 4172
29546, 4172
26125, 4172
27920, 4172
10615, 4172
10608, 4172
27886, 4172
13888, 4172
8182, 4172
30229, 4172
8189, 4172
8800, 4172
8863, 4172
14170, 4172
28054, 4172
16027, 4172
23414, 4172
27325, 4172
9969, 4172
28307, 4172
7565, 4172
17805, 4172
11833, 4172
28176, 4172
15007, 4172
14166, 4172
23307, 4172
18254, 4172
14657, 4172
10288, 4172
21524, 4172
25577, 4172
30424, 4172
8512, 4172
21754, 4172
20530, 4172
16247, 4172
9613, 4172
12094, 4172
13282, 4172
13256, 4172
14463, 4172
26767, 4172
19592, 4172
9344, 4172
8200, 4172
21139, 4172
20080, 4172
27506, 4172
26943, 4172
18505, 4172
23759, 4172
28596, 4172
7796, 4172
19923, 4172
22761, 4172
29854, 4172
29739, 4172
14307, 4172
10538, 4172
20508, 4172
26595, 4172
14875, 4172
20652, 4172
20651, 4172
29367, 4172
12385, 4172
29340, 4172
13289, 4172
30326, 4172
27879, 4172
24888, 4172
15362, 4172
19443, 4172
22815, 4172
20073, 4172
16820, 4172
21863, 4172
23488, 4172
12220, 4172
18047, 4172
15238, 4172
28472, 4172
11316, 4172
8236, 4172
27721, 4172
23426, 4172
14733, 4172
10928, 4172
26102, 4172
28394, 4172
13141, 4172
4172, 20162
14085, 4173
4173, 15893
24612, 4174
4174, 19157
23985, 4175
4175, 28658
11917, 4176
4176, 29355
15153, 4177
15964, 4177
4177, 25049
17988, 4178
4178, 16364
11175, 4179
4179, 11564
17142, 4180
4180, 25264
12695, 4181
4181, 14638
22441, 4182
4182, 10551
8198, 4183
4183, 22656
23105, 4184
4184, 16911
23224, 4185
16733, 4185
4185, 17690
8077, 4186
4186, 15804
13433, 4187
4187, 23325
11917, 4188
4188, 29355
15414, 4189
4189, 20852
27445, 4190
4190, 13409
22211, 4191
4191, 19368
20558, 4192
4192, 17683
4192, 18587
25991, 4193
13789, 4193
12292, 4193
15457, 4193
23801, 4193
10300, 4193
11779, 4193
11446, 4193
17910, 4193
14364, 4193
29916, 4193
22209, 4193
13174, 4193
29106, 4193
10566, 4193
21792, 4193
10066, 4193
22500, 4193
13254, 4193
4193, 10834
27199, 4194
4194, 13708
18698, 4195
8279, 4195
13521, 4195
12449, 4195
29865, 4195
22368, 4195
7709, 4195
20407, 4195
27788, 4195
10523, 4195
26532, 4195
30365, 4195
19481, 4195
23977, 4195
27238, 4195
30383, 4195
17693, 4195
8467, 4195
23146, 4195
9840, 4195
22370, 4195
22547, 4195
22099, 4195
17568, 4195
14949, 4195
12332, 4195
9137, 4195
21546, 4195
20768, 4195
21861, 4195
22228, 4195
15268, 4195
7776, 4195
28870, 4195
19452, 4195
29014, 4195
25078, 4195
28998, 4195
27053, 4195
20076, 4195
20583, 4195
26298, 4195
16905, 4195
17879, 4195
11844, 4195
29469, 4195
27632, 4195
12042, 4195
22112, 4195
12851, 4195
27961, 4195
13566, 4195
22295, 4195
26145, 4195
23022, 4195
10675, 4195
15392, 4195
18738, 4195
12425, 4195
14486, 4195
18852, 4195
15139, 4195
26722, 4195
16780, 4195
12123, 4195
30027, 4195
9542, 4195
22699, 4195
20250, 4195
19067, 4195
9681, 4195
22750, 4195
10223, 4195
29463, 4195
23802, 4195
22732, 4195
27816, 4195
19283, 4195
17975, 4195
14313, 4195
27281, 4195
8849, 4195
26828, 4195
11259, 4195
21457, 4195
17714, 4195
14078, 4195
11065, 4195
21633, 4195
9903, 4195
26685, 4195
30437, 4195
16071, 4195
24002, 4195
25071, 4195
18801, 4195
19058, 4195
30208, 4195
29750, 4195
18565, 4195
24158, 4195
17662, 4195
17209, 4195
26234, 4195
13027, 4195
20499, 4195
17270, 4195
25329, 4195
28529, 4195
9829, 4195
17829, 4195
17168, 4195
19375, 4195
28320, 4195
8723, 4195
12918, 4195
19141, 4195
11784, 4195
10548, 4195
8301, 4195
22037, 4195
24756, 4195
30323, 4195
19459, 4195
27930, 4195
9927, 4195
17247, 4195
27056, 4195
8463, 4195
7712, 4195
13100, 4195
13647, 4195
26939, 4195
10917, 4195
25160, 4195
16939, 4195
25863, 4195
20400, 4195
26044, 4195
24836, 4195
16751, 4195
24417, 4195
17794, 4195
28674, 4195
10760, 4195
17468, 4195
16430, 4195
28426, 4195
18645, 4195
27836, 4195
25841, 4195
12562, 4195
12148, 4195
12708, 4195
13987, 4195
28587, 4195
11758, 4195
9644, 4195
26192, 4195
17567, 4195
17653, 4195
24240, 4195
18562, 4195
28328, 4195
29932, 4195
23122, 4195
28718, 4195
19071, 4195
24962, 4195
28961, 4195
18143, 4195
18911, 4195
7871, 4195
27659, 4195
29216, 4195
13735, 4195
11361, 4195
20538, 4195
26670, 4195
18242, 4195
22411, 4195
20145, 4195
10825, 4195
26977, 4195
30318, 4195
20051, 4195
9821, 4195
15134, 4195
25369, 4195
22322, 4195
18807, 4195
24987, 4195
29826, 4195
29942, 4195
8750, 4195
18762, 4195
23556, 4195
29542, 4195
21361, 4195
25830, 4195
9721, 4195
24452, 4195
21746, 4195
8797, 4195
23482, 4195
21262, 4195
12277, 4195
10590, 4195
21551, 4195
26131, 4195
14715, 4195
15692, 4195
22936, 4195
22822, 4195
22459, 4195
22306, 4195
11340, 4195
17998, 4195
15986, 4195
17668, 4195
14698, 4195
26218, 4195
14182, 4195
13329, 4195
7884, 4195
21483, 4195
20762, 4195
26882, 4195
21903, 4195
18480, 4195
15723, 4195
25550, 4195
21917, 4195
21939, 4195
22503, 4195
13457, 4195
19083, 4195
15682, 4195
26511, 4195
21306, 4195
24509, 4195
8609, 4195
28629, 4195
15769, 4195
23227, 4195
19677, 4195
17267, 4195
27078, 4195
14560, 4195
25603, 4195
17650, 4195
29310, 4195
20333, 4195
8880, 4195
14121, 4195
28604, 4195
21479, 4195
23139, 4195
14372, 4195
22415, 4195
10456, 4195
7789, 4195
14448, 4195
27407, 4195
11623, 4195
29038, 4195
26948, 4195
13032, 4195
13093, 4195
13251, 4195
21989, 4195
25195, 4195
20670, 4195
10802, 4195
18930, 4195
21380, 4195
19304, 4195
21009, 4195
18049, 4195
12984, 4195
4195, 19795
23155, 4196
4196, 18680
4196, 24017
4196, 10684
26290, 4197
4197, 24293
18277, 4198
4198, 20574
29344, 4199
4199, 11030
11341, 4200
4200, 18120
19444, 4201
4201, 14289
9738, 4202
4202, 24131
17537, 4203
9941, 4203
30399, 4203
4203, 25264
22437, 4204
4204, 29945
19520, 4205
4205, 28790
13939, 4206
4206, 22714
14200, 4207
4207, 15348
4207, 26495
22049, 4208
8121, 4208
20884, 4208
27476, 4208
18769, 4208
23551, 4208
4208, 7821
26859, 4209
4209, 10997
8201, 4210
4210, 30352
28573, 4211
4211, 13149
15003, 4212
4212, 29663
4212, 8584
4212, 28971
4212, 25208
4212, 30241
4212, 14193
4212, 23616
4212, 23012
4212, 11185
4212, 13936
4212, 22713
25624, 4213
19680, 4213
4213, 26744
9737, 4214
4214, 29580
4214, 28658
20712, 4215
25751, 4215
27758, 4215
26086, 4215
23961, 4215
4215, 27361
26353, 4216
4216, 11583
22296, 4217
4217, 20616
25951, 4218
4218, 19696
13830, 4219
4219, 29820
12093, 4220
4220, 22588
12557, 4221
9776, 4221
17607, 4221
4221, 26157
29176, 4222
4222, 14556
18183, 4223
4223, 24348
21006, 4224
4224, 22252
16854, 4225
4225, 17382
10617, 4226
21749, 4226
29128, 4226
11505, 4226
14055, 4226
13135, 4226
28706, 4226
14812, 4226
8651, 4226
4226, 8814
16773, 4227
4227, 26048
12795, 4228
4228, 23609
22662, 4229
14246, 4229
4229, 9734
15041, 4230
4230, 8094
23766, 4231
4231, 23734
19934, 4232
4232, 10507
29818, 4233
4233, 14472
13164, 4234
4234, 29833
15063, 4235
27553, 4235
4235, 30352
23538, 4236
20179, 4236
4236, 20169
20717, 4237
4237, 30171
13184, 4238
4238, 11564
21185, 4239
24085, 4239
4239, 30352
24680, 4240
14273, 4240
4240, 27258
25744, 4241
4241, 26876
22219, 4242
9822, 4242
4242, 27160
11900, 4243
4243, 18159
23463, 4244
4244, 27888
4244, 19918
4244, 20655
4244, 29335
4244, 10375
4244, 21923
4244, 23480
4244, 24210
4244, 22504
4244, 28170
4244, 9089
4244, 28982
4244, 20392
4244, 26732
4244, 12387
4244, 14184
4244, 23984
4244, 21141
4244, 21761
4244, 14600
4244, 10927
4244, 25809
4244, 24253
4244, 22715
4244, 23737
4244, 15046
4244, 26093
4244, 9923
4244, 27107
4244, 22272
4244, 18566
4244, 16635
4244, 27653
4244, 27931
4244, 18181
4244, 10439
4244, 21952
4244, 28571
4244, 13606
4244, 29776
4244, 15997
4244, 20646
4244, 19640
4244, 26854
4244, 14284
4244, 25578
4244, 16161
4244, 24036
4244, 13573
4244, 26373
4244, 18877
4244, 19237
4244, 26974
4244, 21626
4244, 13009
4244, 23278
4244, 11399
4244, 11042
4244, 14598
4244, 25177
4244, 15902
4244, 15096
4244, 15027
4244, 16225
4244, 17021
4244, 30138
4244, 27955
4244, 24552
4244, 23900
4244, 16358
4244, 20435
4244, 12786
4244, 12972
4244, 24231
4244, 15451
4244, 15608
4244, 12433
11718, 4245
4245, 13875
8143, 4246
4246, 21579
22078, 4247
4247, 28638
4247, 16373
11877, 4248
4248, 24369
16767, 4249
4249, 16155
29818, 4250
4250, 29574
19754, 4251
29416, 4251
4251, 21231
11703, 4252
29575, 4252
17692, 4252
4252, 24936
29818, 4253
4253, 30456
16543, 4254
4254, 24293
19671, 4255
23547, 4255
26728, 4255
29818, 4255
4255, 8920
17965, 4256
4256, 28721
17358, 4257
4257, 13262
4257, 7499
15556, 4258
24255, 4258
22736, 4258
17232, 4258
30162, 4258
15332, 4258
20640, 4258
24924, 4258
4258, 8692
4258, 29344
17158, 4259
8043, 4259
4259, 22769
20420, 4260
4260, 13885
25973, 4261
4261, 9741
16461, 4262
4262, 30271
4262, 22915
13590, 4263
4263, 28887
26807, 4264
4264, 21981
24971, 4265
4265, 30047
14144, 4266
4266, 20110
18142, 4267
10178, 4267
21848, 4267
12442, 4267
24303, 4267
20316, 4267
16927, 4267
16221, 4267
12583, 4267
4267, 18172
9273, 4268
4268, 19932
21405, 4269
20381, 4269
4269, 11035
22543, 4270
28850, 4270
14539, 4270
26096, 4270
8571, 4270
4270, 11227
4270, 24275
4270, 27987
4270, 8613
4270, 28351
4270, 9796
4270, 25691
4270, 29329
4270, 27114
4270, 14180
4270, 19497
4270, 15072
4270, 25191
29171, 4271
4271, 25995
11378, 4272
4272, 18730
14382, 4273
23766, 4273
29008, 4273
4273, 9787
4273, 8502
14787, 4274
4274, 7661
25046, 4275
4275, 20301
30222, 4276
4276, 19371
19660, 4277
23512, 4277
4277, 25817
30202, 4278
4278, 13070
7533, 4279
29124, 4279
4279, 20662
9468, 4280
4280, 23359
21611, 4281
4281, 24554
16063, 4282
19750, 4282
9447, 4282
4282, 15433
20020, 4283
4283, 13149
15821, 4284
4284, 15894
22207, 4285
24710, 4285
4285, 16158
23549, 4286
8667, 4286
14940, 4286
17873, 4286
4286, 25264
4286, 10507
29765, 4287
4287, 17812
25240, 4288
4288, 25306
13939, 4289
4289, 13486
24350, 4290
4290, 19368
29890, 4291
4291, 27624
10708, 4292
4292, 12663
19824, 4293
29077, 4293
26935, 4293
20217, 4293
19889, 4293
30325, 4293
16859, 4293
13151, 4293
13333, 4293
25534, 4293
9029, 4293
9248, 4293
23950, 4293
23403, 4293
10393, 4293
17546, 4293
18936, 4293
29154, 4293
9981, 4293
8793, 4293
29498, 4293
15926, 4293
4293, 26575
20470, 4294
13577, 4294
8010, 4294
17888, 4294
20247, 4294
20620, 4294
15871, 4294
24908, 4294
21353, 4294
12296, 4294
12721, 4294
30201, 4294
10014, 4294
28406, 4294
23744, 4294
13693, 4294
16640, 4294
16491, 4294
9287, 4294
23937, 4294
13869, 4294
11264, 4294
18009, 4294
11861, 4294
27265, 4294
24576, 4294
10186, 4294
13928, 4294
22384, 4294
15124, 4294
23560, 4294
27343, 4294
23373, 4294
22051, 4294
27222, 4294
28356, 4294
27462, 4294
4294, 10507
30082, 4295
4295, 15857
17857, 4296
4296, 25908
12249, 4297
4297, 24804
13044, 4298
4298, 29833
25540, 4299
4299, 8814
11990, 4300
4300, 27965
8132, 4301
4301, 29926
27244, 4302
4302, 24293
26325, 4303
4303, 17382
29819, 4304
4304, 21035
22363, 4305
4305, 15223
29808, 4306
23884, 4306
4306, 11951
26955, 4307
4307, 14874
9500, 4308
10298, 4308
10885, 4308
4308, 17051
29764, 4309
25267, 4309
22560, 4309
8483, 4309
28202, 4309
4309, 19456
30244, 4310
4310, 17340
22361, 4311
4311, 25410
25301, 4312
9961, 4312
4312, 13054
22421, 4313
4313, 11024
18977, 4314
4314, 12514
4314, 17356
20098, 4315
4315, 17957
10667, 4316
4316, 21571
30292, 4317
4317, 20889
26523, 4318
4318, 13649
4318, 17756
4318, 21671
10420, 4319
4319, 18422
27502, 4320
4320, 10480
12188, 4321
4321, 11490
29649, 4322
4322, 22498
4322, 26411
15944, 4323
4323, 24369
22218, 4324
4324, 15892
29008, 4325
4325, 23793
4325, 11323
8763, 4326
28815, 4326
4326, 8148
25506, 4327
4327, 25264
20310, 4328
14669, 4328
4328, 7534
4328, 18403
11532, 4329
4329, 27810
25464, 4330
4330, 8119
11077, 4331
13602, 4331
4331, 17208
10436, 4332
4332, 23387
22672, 4333
4333, 27826
12907, 4334
4334, 19447
4334, 13337
26704, 4335
10479, 4335
23087, 4335
19878, 4335
28304, 4335
24590, 4335
4335, 25875
29344, 4336
4336, 24050
27104, 4337
4337, 23826
21647, 4338
4338, 29669
8872, 4339
4339, 15509
13972, 4340
19214, 4340
4340, 15854
4340, 10386
4340, 9315
4340, 16741
4340, 15847
4340, 8788
4340, 24030
4340, 10057
4340, 13171
4340, 17438
4340, 14305
4340, 23667
4340, 13730
4340, 29271
4340, 23746
4340, 30243
4340, 8096
4340, 7839
4340, 20428
4340, 13712
4340, 21806
4340, 26399
4340, 16872
23720, 4341
4341, 21981
24322, 4342
4342, 9734
14090, 4343
4343, 9930
11588, 4344
4344, 25166
16963, 4345
4345, 29833
24630, 4346
4346, 15510
4346, 8341
29787, 4347
4347, 23182
17640, 4348
4348, 10911
12314, 4349
4349, 26679
21381, 4350
4350, 8159
4350, 13744
25744, 4351
4351, 15977
20796, 4352
16122, 4352
4352, 9790
26517, 4353
4353, 23255
25881, 4354
4354, 17747
25190, 4355
4355, 30356
25512, 4356
7575, 4356
8260, 4356
17711, 4356
12396, 4356
8732, 4356
13080, 4356
28443, 4356
13212, 4356
25754, 4356
12081, 4356
8210, 4356
13432, 4356
14290, 4356
25049, 4356
23342, 4356
11701, 4356
25908, 4356
10962, 4356
19315, 4356
17201, 4356
13054, 4356
20421, 4356
29833, 4356
22429, 4356
27543, 4356
15767, 4356
20832, 4356
13225, 4356
15803, 4356
25618, 4356
27975, 4356
26968, 4356
25937, 4356
11855, 4356
19371, 4356
17048, 4356
19368, 4356
13020, 4356
11254, 4356
18841, 4356
20066, 4356
12238, 4356
12368, 4356
26307, 4356
22321, 4356
8734, 4356
19739, 4356
13070, 4356
9734, 4356
13149, 4356
20934, 4356
18461, 4356
30352, 4356
22708, 4356
26556, 4356
13482, 4356
14577, 4356
27863, 4356
15615, 4356
23484, 4356
12663, 4356
8901, 4356
21683, 4356
25005, 4356
15977, 4356
23661, 4356
22275, 4356
9395, 4356
17688, 4356
24562, 4356
17852, 4356
14369, 4356
10426, 4356
29107, 4356
14464, 4356
30182, 4356
29355, 4356
28379, 4356
9638, 4356
14210, 4356
26226, 4356
8718, 4356
25849, 4356
22656, 4356
12947, 4356
20065, 4356
17113, 4356
29911, 4356
21635, 4356
29989, 4356
8814, 4356
12021, 4356
8081, 4356
25448, 4356
9504, 4356
27837, 4356
29427, 4356
9449, 4356
27010, 4356
13021, 4356
14343, 4356
13691, 4356
18491, 4356
13474, 4356
12513, 4356
12633, 4356
30156, 4356
11564, 4356
24124, 4356
27361, 4356
21981, 4356
12912, 4356
15142, 4356
30289, 4356
23930, 4356
20662, 4356
28721, 4356
4356, 23417
9062, 4357
25106, 4357
4357, 30171
8989, 4358
4358, 8814
22115, 4359
4359, 14069
14717, 4360
4360, 30162
15514, 4361
4361, 24293
17943, 4362
23059, 4362
15613, 4362
7527, 4362
17445, 4362
4362, 25264
24159, 4363
4363, 20626
15563, 4364
4364, 24293
10405, 4365
22433, 4365
20471, 4365
4365, 23113
7917, 4366
4366, 29104
14382, 4367
4367, 26983
4367, 15267
4367, 8125
4367, 8152
4367, 11633
27741, 4368
4368, 29174
15456, 4369
4369, 27761
22161, 4370
20101, 4370
4370, 26272
20020, 4371
26146, 4371
4371, 13149
17848, 4372
4372, 10507
25763, 4373
4373, 29870
10311, 4374
4374, 15763
29344, 4375
4375, 20916
26043, 4376
4376, 12063
10140, 4377
4377, 14210
11873, 4378
4378, 14143
13748, 4379
4379, 25049
23919, 4380
4380, 24293
21573, 4381
4381, 14874
29344, 4382
4382, 30159
22718, 4383
4383, 8783
27665, 4384
4384, 28398
12122, 4385
4385, 20072
4385, 23975
17358, 4386
12122, 4386
4386, 18178
4386, 8927
4386, 29809
15256, 4387
4387, 9484
26579, 4388
4388, 25009
12884, 4389
4389, 20348
11119, 4390
21456, 4390
4390, 20402
10180, 4391
4391, 17968
8508, 4392
4392, 13149
26636, 4393
28877, 4393
21690, 4393
4393, 7537
17821, 4394
4394, 24673
15440, 4395
4395, 28123
21871, 4396
4396, 13969
15455, 4397
26663, 4397
4397, 28227
18631, 4398
4398, 27389
4398, 13180
4398, 17118
4398, 7707
4398, 10170
4398, 9481
4398, 17907
14034, 4399
4399, 16364
9618, 4400
4400, 11827
8377, 4401
9946, 4401
4401, 13176
20403, 4402
4402, 17933
21337, 4403
4403, 8580
4403, 15969
4403, 8519
4403, 7897
21864, 4404
4404, 28172
21030, 4405
4405, 14852
28005, 4406
4406, 9412
29390, 4407
4407, 23922
18485, 4408
4408, 15857
19716, 4409
4409, 29525
12122, 4410
30244, 4410
4410, 19657
4410, 16974
4410, 14648
4410, 29293
4410, 19252
4410, 26500
23788, 4411
4411, 15962
4411, 26299
4411, 21904
4411, 9590
4411, 29491
4411, 26826
4411, 18912
4411, 26584
4411, 13173
4411, 24783
4411, 15648
4411, 29133
4411, 14735
4411, 8738
4411, 22084
4411, 12618
4411, 14195
4411, 19655
4411, 24799
4411, 16997
4411, 30051
4411, 26356
4411, 9327
4411, 24014
4411, 24267
4411, 28746
4411, 24767
4411, 21442
4411, 11510
4411, 23991
4411, 16978
4411, 21240
4411, 29015
4411, 12788
4411, 20009
4411, 13370
4411, 28973
4411, 13940
4411, 20203
4411, 15729
4411, 28559
4411, 25905
4411, 9086
4411, 11690
4411, 10073
4411, 30380
4411, 21709
4411, 29681
4411, 28190
4411, 20905
4411, 15102
4411, 28431
4411, 10123
4411, 16779
4411, 18351
4411, 25155
4411, 16821
4411, 29264
4411, 18830
4411, 14773
4411, 17617
4411, 29180
4411, 8371
4411, 16830
4411, 16427
4411, 16488
4411, 8851
4411, 13216
4411, 15097
4411, 10312
4411, 20443
4411, 25975
4411, 25023
4411, 20739
4411, 12736
4411, 21393
4411, 8975
4411, 8762
4411, 24567
4411, 18695
4411, 15633
4411, 8118
4411, 12224
4411, 9741
4411, 28349
4411, 16690
4411, 28016
4411, 24526
4411, 13452
4411, 14848
4411, 29509
4411, 16933
4411, 15501
4411, 18845
4411, 12739
4411, 13766
4411, 24171
4411, 10563
4411, 21309
27602, 4412
30128, 4412
4412, 30352
24411, 4413
16255, 4413
4413, 22769
25506, 4414
4414, 25264
19176, 4415
4415, 20356
20948, 4416
4416, 21571
7701, 4417
4417, 8814
16389, 4418
4418, 14197
28456, 4419
4419, 27361
23015, 4420
4420, 22988
11117, 4421
4421, 16121
20194, 4422
22201, 4422
12839, 4422
15779, 4422
4422, 11584
8315, 4423
4423, 16134
13722, 4424
4424, 13865
25352, 4425
4425, 12657
29344, 4426
4426, 7830
28840, 4427
4427, 23844
4427, 22334
21878, 4428
4428, 24650
4428, 25024
12792, 4429
14179, 4429
26520, 4429
4429, 20197
15400, 4430
26903, 4430
10264, 4430
16648, 4430
24331, 4430
29220, 4430
25050, 4430
12845, 4430
29982, 4430
23295, 4430
22573, 4430
25172, 4430
12827, 4430
27266, 4430
19441, 4430
28690, 4430
10772, 4430
23440, 4430
19416, 4430
29045, 4430
17196, 4430
19967, 4430
25132, 4430
17687, 4430
22586, 4430
21238, 4430
21669, 4430
22996, 4430
9187, 4430
18903, 4430
28710, 4430
9376, 4430
23260, 4430
26201, 4430
18822, 4430
20265, 4430
15242, 4430
10701, 4430
19561, 4430
30426, 4430
25378, 4430
26547, 4430
19335, 4430
10096, 4430
28694, 4430
20754, 4430
11966, 4430
12669, 4430
28552, 4430
20589, 4430
12026, 4430
4430, 20932
4430, 25356
15456, 4431
4431, 8533
20401, 4432
4432, 11269
23176, 4433
4433, 25212
27554, 4434
4434, 18500
14198, 4435
4435, 13080
13756, 4436
4436, 22027
25230, 4437
21147, 4437
4437, 22656
20020, 4438
19382, 4438
4438, 13149
17404, 4439
9465, 4439
26137, 4439
4439, 19368
16091, 4440
4440, 22453
17396, 4441
4441, 23137
29784, 4442
4442, 28025
24344, 4443
4443, 15223
9917, 4444
18692, 4444
4444, 11751
9161, 4445
4445, 17051
14816, 4446
4446, 12648
26607, 4447
4447, 12004
11734, 4448
4448, 13059
19557, 4449
4449, 29678
12911, 4450
4450, 14934
21726, 4451
4451, 14343
26427, 4452
4452, 12036
29624, 4453
16662, 4453
21795, 4453
23258, 4453
29138, 4453
29297, 4453
14012, 4453
27195, 4453
18774, 4453
23271, 4453
19513, 4453
8051, 4453
23350, 4453
17120, 4453
26593, 4453
12832, 4453
17432, 4453
26246, 4453
19594, 4453
25311, 4453
14329, 4453
15302, 4453
11357, 4453
23166, 4453
10737, 4453
16837, 4453
11472, 4453
25239, 4453
21121, 4453
29793, 4453
12316, 4453
17189, 4453
16041, 4453
14856, 4453
12448, 4453
11307, 4453
25579, 4453
24238, 4453
7998, 4453
17708, 4453
24931, 4453
9091, 4453
9515, 4453
19854, 4453
26578, 4453
18275, 4453
30317, 4453
19010, 4453
26509, 4453
4453, 13719
28245, 4454
27583, 4454
30404, 4454
11006, 4454
4454, 27147
13042, 4455
9831, 4455
28350, 4455
15972, 4455
26827, 4455
25298, 4455
12211, 4455
21401, 4455
12250, 4455
23162, 4455
4455, 8814
26544, 4456
4456, 25049
28107, 4457
4457, 13584
15143, 4458
4458, 25049
24011, 4459
15378, 4459
25269, 4459
20852, 4459
11599, 4459
9842, 4459
26638, 4459
22581, 4459
30120, 4459
18159, 4459
17506, 4459
21314, 4459
21489, 4459
13763, 4459
29880, 4459
26664, 4459
7661, 4459
10622, 4459
18962, 4459
4459, 29344
4459, 16646
27064, 4460
29755, 4460
4460, 12014
16435, 4461
4461, 25321
29545, 4462
4462, 24012
4462, 11201
4462, 22473
4462, 25014
4462, 29065
27100, 4463
9784, 4463
8841, 4463
4463, 25049
4463, 15004
17934, 4464
11078, 4464
9389, 4464
28514, 4464
25988, 4464
4464, 12912
29805, 4465
4465, 19944
9587, 4466
26135, 4466
4466, 20852
23155, 4467
4467, 14758
4467, 25961
17358, 4468
4468, 12560
4468, 11517
29117, 4469
4469, 24665
4469, 28254
18914, 4470
4470, 22656
29765, 4471
4471, 21579
28218, 4472
10897, 4472
4472, 28852
25872, 4473
22420, 4473
8287, 4473
10770, 4473
4473, 16618
16020, 4474
4474, 9790
10909, 4475
4475, 21449
4475, 11728
25762, 4476
4476, 12118
11163, 4477
4477, 17004
9003, 4478
27108, 4478
4478, 14281
13756, 4479
4479, 22836
18819, 4480
4480, 21443
7641, 4481
4481, 27361
8582, 4482
4482, 14267
4482, 14067
4482, 26790
17620, 4483
25013, 4483
28423, 4483
14333, 4483
11024, 4483
25174, 4483
15812, 4483
11003, 4483
14674, 4483
12313, 4483
13448, 4483
26699, 4483
21378, 4483
25958, 4483
28254, 4483
25127, 4483
14215, 4483
26705, 4483
28781, 4483
23733, 4483
23072, 4483
12834, 4483
25514, 4483
7824, 4483
28887, 4483
4483, 20917
17547, 4484
28268, 4484
22056, 4484
14840, 4484
10168, 4484
4484, 29059
22152, 4485
4485, 17830
12795, 4486
4486, 29249
24980, 4487
19682, 4487
4487, 10507
29667, 4488
17544, 4488
17444, 4488
4488, 22102
9007, 4489
4489, 26236
21169, 4490
4490, 11728
14382, 4491
4491, 8717
4491, 10477
27456, 4492
4492, 15959
13423, 4493
4493, 12545
17603, 4494
4494, 16590
29818, 4495
4495, 30456
24842, 4496
10574, 4496
14887, 4496
8631, 4496
8840, 4496
18332, 4496
27168, 4496
24307, 4496
26128, 4496
12184, 4496
24885, 4496
24893, 4496
23592, 4496
14251, 4496
10188, 4496
18151, 4496
17743, 4496
24380, 4496
4496, 16395
16538, 4497
4497, 26226
30168, 4498
4498, 17688
4498, 22301
13392, 4499
24422, 4499
4499, 11782
8464, 4500
4500, 23106
4500, 18828
27521, 4501
4501, 12323
19688, 4502
23619, 4502
20738, 4502
16364, 4502
20956, 4502
24700, 4502
27708, 4502
24264, 4502
15247, 4502
30250, 4502
16052, 4502
16722, 4502
26567, 4502
26273, 4502
13007, 4502
28999, 4502
28995, 4502
23882, 4502
7735, 4502
24663, 4502
24777, 4502
23541, 4502
10138, 4502
29157, 4502
10239, 4502
17179, 4502
14874, 4502
20110, 4502
13025, 4502
13622, 4502
29480, 4502
17850, 4502
18181, 4502
18539, 4502
11432, 4502
14768, 4502
29999, 4502
7861, 4502
12258, 4502
11501, 4502
29342, 4502
22838, 4502
29585, 4502
7964, 4502
29430, 4502
29972, 4502
21247, 4502
9635, 4502
26237, 4502
26901, 4502
15897, 4502
29083, 4502
24690, 4502
11728, 4502
23944, 4502
21818, 4502
29852, 4502
14338, 4502
13442, 4502
14888, 4502
9082, 4502
15005, 4502
8433, 4502
4502, 18102
4502, 29344
28402, 4503
12850, 4503
24246, 4503
4503, 18503
22481, 4504
4504, 13788
10352, 4505
4505, 16246
16959, 4506
4506, 22641
21953, 4507
4507, 23668
22721, 4508
11626, 4508
4508, 9484
8162, 4509
22839, 4509
17033, 4509
26651, 4509
19564, 4509
4509, 19368
12324, 4510
4510, 11134
17210, 4511
4511, 21059
10581, 4512
4512, 18626
23150, 4513
4513, 20229
28425, 4514
4514, 29093
15693, 4515
8511, 4515
4515, 10527
25767, 4516
4516, 13469
25241, 4517
4517, 10198
10372, 4518
4518, 25306
29344, 4519
4519, 25066
4519, 22690
25576, 4520
19809, 4520
14113, 4520
25435, 4520
29481, 4520
11685, 4520
13439, 4520
9215, 4520
26260, 4520
7965, 4520
24877, 4520
9989, 4520
12010, 4520
27284, 4520
28251, 4520
26019, 4520
28897, 4520
16350, 4520
15950, 4520
8498, 4520
21974, 4520
18902, 4520
7496, 4520
14551, 4520
21652, 4520
23686, 4520
22130, 4520
14945, 4520
8536, 4520
14826, 4520
16604, 4520
10356, 4520
8794, 4520
18197, 4520
27354, 4520
20283, 4520
9313, 4520
11339, 4520
15359, 4520
16403, 4520
21027, 4520
26364, 4520
29165, 4520
9414, 4520
28856, 4520
21654, 4520
16361, 4520
11635, 4520
17469, 4520
29986, 4520
21946, 4520
10754, 4520
21259, 4520
4520, 9734
18750, 4521
4521, 30392
20765, 4522
4522, 21683
28346, 4523
28028, 4523
4523, 9302
7483, 4524
27401, 4524
4524, 8814
25227, 4525
4525, 10507
25046, 4526
10165, 4526
4526, 20301
29117, 4527
4527, 13076
16677, 4528
4528, 25568
9569, 4529
13122, 4529
4529, 25049
28360, 4530
4530, 20056
16959, 4531
4531, 20732
29765, 4532
4532, 9805
27521, 4533
4533, 26968
23150, 4534
4534, 24527
15885, 4535
4535, 20890
19213, 4536
4536, 22656
25746, 4537
4537, 8017
16265, 4538
16768, 4538
15618, 4538
9356, 4538
14318, 4538
21260, 4538
21643, 4538
28853, 4538
17954, 4538
25072, 4538
11139, 4538
23789, 4538
21134, 4538
4538, 20704
8998, 4539
26015, 4539
4539, 21241
15759, 4540
4540, 29157
17441, 4541
4541, 29911
19930, 4542
4542, 26751
4542, 26119
25043, 4543
4543, 21579
27320, 4544
28687, 4544
21428, 4544
4544, 19688
14660, 4545
4545, 11818
9339, 4546
4546, 20097
13166, 4547
4547, 25049
15236, 4548
4548, 21509
4548, 20102
30081, 4549
4549, 20201
20607, 4550
4550, 25049
23828, 4551
11321, 4551
4551, 13080
15821, 4552
4552, 21818
27521, 4553
4553, 21305
19765, 4554
4554, 25926
9209, 4555
18715, 4555
4555, 9734
15319, 4556
22135, 4556
13307, 4556
4556, 8814
26682, 4557
4557, 21592
4557, 12533
25674, 4558
4558, 19903
9034, 4559
4559, 18255
4559, 20788
4559, 12014
7847, 4560
4560, 24237
19469, 4561
4561, 21117
21089, 4562
4562, 28721
21351, 4563
4563, 27548
13097, 4564
11443, 4564
21990, 4564
12815, 4564
10294, 4564
25274, 4564
9619, 4564
17338, 4564
29692, 4564
20087, 4564
14935, 4564
17327, 4564
23982, 4564
8549, 4564
4564, 18104
15712, 4565
4565, 25856
24174, 4566
4566, 17606
24816, 4567
4567, 13273
24361, 4568
28548, 4568
27012, 4568
16019, 4568
4568, 24936
29560, 4569
15678, 4569
30155, 4569
30378, 4569
4569, 11328
22643, 4570
4570, 17916
11022, 4571
10827, 4571
23394, 4571
18071, 4571
4571, 23407
24994, 4572
4572, 17850
9435, 4573
4573, 19368
14916, 4574
4574, 12396
18282, 4575
4575, 19434
14658, 4576
4576, 22843
14059, 4577
4577, 22656
14382, 4578
4578, 9436
4578, 15082
21645, 4579
4579, 21595
22317, 4580
20849, 4580
4580, 9591
29344, 4581
4581, 27546
4581, 15536
28087, 4582
17019, 4582
4582, 24293
24785, 4583
4583, 19315
18282, 4584
4584, 19984
15437, 4585
4585, 28430
29465, 4586
4586, 11616
4586, 10043
4586, 25859
29919, 4587
4587, 16618
14460, 4588
4588, 13070
23245, 4589
4589, 24255
25725, 4590
14812, 4590
16602, 4590
8428, 4590
10539, 4590
4590, 19541
4590, 9395
18530, 4591
4591, 22525
9102, 4592
18949, 4592
4592, 25057
26875, 4593
4593, 22656
24129, 4594
4594, 29981
25146, 4595
25359, 4595
22270, 4595
4595, 12723
10908, 4596
4596, 29775
18282, 4597
4597, 13691
20870, 4598
25008, 4598
4598, 24912
24458, 4599
4599, 7964
26523, 4600
4600, 15142
18282, 4601
4601, 11436
29431, 4602
4602, 22656
25257, 4603
4603, 10432
16775, 4604
4604, 27768
27411, 4605
4605, 13080
12274, 4606
12548, 4606
21315, 4606
26571, 4606
25990, 4606
9493, 4606
11263, 4606
20371, 4606
15051, 4606
10602, 4606
23563, 4606
20498, 4606
22076, 4606
9783, 4606
27394, 4606
24155, 4606
24075, 4606
8642, 4606
8798, 4606
26972, 4606
30376, 4606
22629, 4606
13625, 4606
28921, 4606
23887, 4606
10956, 4606
20787, 4606
23355, 4606
29605, 4606
28817, 4606
16301, 4606
12595, 4606
27630, 4606
17611, 4606
24041, 4606
21931, 4606
21675, 4606
15126, 4606
29256, 4606
12550, 4606
21017, 4606
14080, 4606
14704, 4606
27923, 4606
8867, 4606
29873, 4606
14493, 4606
11074, 4606
23478, 4606
22648, 4606
8412, 4606
14401, 4606
30345, 4606
18946, 4606
13477, 4606
7991, 4606
22487, 4606
18804, 4606
10619, 4606
11374, 4606
18994, 4606
20276, 4606
22205, 4606
21385, 4606
18980, 4606
11699, 4606
25836, 4606
18271, 4606
21898, 4606
8765, 4606
26360, 4606
11059, 4606
19713, 4606
18026, 4606
12989, 4606
23869, 4606
13213, 4606
18595, 4606
12129, 4606
18603, 4606
25901, 4606
10756, 4606
15163, 4606
27330, 4606
7491, 4606
26316, 4606
9290, 4606
18939, 4606
28786, 4606
9012, 4606
9936, 4606
19047, 4606
8318, 4606
18156, 4606
23104, 4606
22792, 4606
24191, 4606
20224, 4606
28579, 4606
23194, 4606
26170, 4606
30106, 4606
27797, 4606
26747, 4606
8421, 4606
11284, 4606
13091, 4606
10292, 4606
26834, 4606
22530, 4606
11745, 4606
21619, 4606
9317, 4606
28435, 4606
16354, 4606
27027, 4606
12922, 4606
9359, 4606
28060, 4606
7721, 4606
10585, 4606
15151, 4606
16998, 4606
16186, 4606
23598, 4606
27446, 4606
28473, 4606
14065, 4606
9639, 4606
18013, 4606
23511, 4606
10531, 4606
25650, 4606
26570, 4606
11686, 4606
24080, 4606
13115, 4606
18215, 4606
13702, 4606
27925, 4606
18981, 4606
13572, 4606
8700, 4606
10879, 4606
13386, 4606
22682, 4606
19876, 4606
28011, 4606
27832, 4606
28179, 4606
25684, 4606
17621, 4606
8411, 4606
20124, 4606
9553, 4606
25546, 4606
14052, 4606
24441, 4606
28325, 4606
21800, 4606
8898, 4606
9145, 4606
9254, 4606
28676, 4606
20432, 4606
28698, 4606
19792, 4606
30364, 4606
9197, 4606
17236, 4606
22226, 4606
16226, 4606
27315, 4606
7627, 4606
26655, 4606
17712, 4606
19799, 4606
29748, 4606
12116, 4606
24523, 4606
8207, 4606
10740, 4606
18658, 4606
13120, 4606
8112, 4606
10567, 4606
13538, 4606
16953, 4606
21899, 4606
24292, 4606
21005, 4606
9819, 4606
12927, 4606
10407, 4606
20527, 4606
10002, 4606
12709, 4606
13848, 4606
30191, 4606
20304, 4606
29831, 4606
13609, 4606
18344, 4606
16089, 4606
10598, 4606
13576, 4606
29208, 4606
19043, 4606
15325, 4606
15261, 4606
21804, 4606
15015, 4606
17676, 4606
23164, 4606
10414, 4606
21960, 4606
10777, 4606
9836, 4606
29097, 4606
8611, 4606
27827, 4606
24636, 4606
13764, 4606
27467, 4606
10491, 4606
25284, 4606
28538, 4606
28810, 4606
15591, 4606
24703, 4606
20674, 4606
24290, 4606
14099, 4606
22183, 4606
13909, 4606
20181, 4606
8551, 4606
11973, 4606
12896, 4606
22048, 4606
11147, 4606
8936, 4606
27433, 4606
10797, 4606
29027, 4606
12536, 4606
15676, 4606
29110, 4606
11158, 4606
18735, 4606
28043, 4606
30247, 4606
24495, 4606
28436, 4606
19133, 4606
29061, 4606
26701, 4606
25436, 4606
14628, 4606
23813, 4606
12817, 4606
15683, 4606
20464, 4606
18364, 4606
14194, 4606
11721, 4606
20357, 4606
9860, 4606
15423, 4606
29043, 4606
14712, 4606
13567, 4606
25041, 4606
25449, 4606
17491, 4606
9101, 4606
29630, 4606
10525, 4606
18389, 4606
8589, 4606
4606, 27443
25740, 4607
4607, 11481
18236, 4608
4608, 25049
16593, 4609
4609, 17257
15198, 4610
4610, 22510
14743, 4611
4611, 8744
25108, 4612
4612, 28965
14240, 4613
4613, 14911
27972, 4614
19797, 4614
4614, 22055
7657, 4615
19528, 4615
11886, 4615
12413, 4615
11827, 4615
8145, 4615
13080, 4615
15164, 4615
14685, 4615
16822, 4615
20296, 4615
19975, 4615
12650, 4615
13432, 4615
13237, 4615
25049, 4615
29502, 4615
27735, 4615
19887, 4615
13054, 4615
27951, 4615
28513, 4615
16548, 4615
19019, 4615
14585, 4615
23922, 4615
18434, 4615
25321, 4615
16251, 4615
18384, 4615
28121, 4615
9726, 4615
11828, 4615
21470, 4615
24771, 4615
10482, 4615
9834, 4615
22171, 4615
25375, 4615
19769, 4615
18810, 4615
14919, 4615
18382, 4615
27810, 4615
22714, 4615
23967, 4615
15857, 4615
19368, 4615
12723, 4615
23455, 4615
25458, 4615
12855, 4615
25056, 4615
24754, 4615
27500, 4615
30275, 4615
22321, 4615
12151, 4615
20395, 4615
24348, 4615
9734, 4615
17896, 4615
18294, 4615
26643, 4615
18060, 4615
13149, 4615
10733, 4615
29945, 4615
23668, 4615
30352, 4615
24167, 4615
27628, 4615
8963, 4615
30329, 4615
30387, 4615
15615, 4615
21876, 4615
29694, 4615
10212, 4615
19654, 4615
24293, 4615
11392, 4615
16694, 4615
17257, 4615
25920, 4615
21734, 4615
29734, 4615
27160, 4615
17688, 4615
23328, 4615
20688, 4615
15223, 4615
28052, 4615
26589, 4615
9790, 4615
12938, 4615
8779, 4615
16651, 4615
12574, 4615
10942, 4615
21579, 4615
22128, 4615
8865, 4615
14515, 4615
27350, 4615
20370, 4615
22915, 4615
27510, 4615
15892, 4615
26450, 4615
18055, 4615
22656, 4615
27412, 4615
18074, 4615
8557, 4615
17150, 4615
27248, 4615
21058, 4615
17945, 4615
21739, 4615
29911, 4615
25355, 4615
8814, 4615
8081, 4615
28166, 4615
30152, 4615
8629, 4615
10507, 4615
13033, 4615
14343, 4615
12848, 4615
22308, 4615
28469, 4615
26880, 4615
23056, 4615
25470, 4615
14223, 4615
27327, 4615
11008, 4615
11564, 4615
27361, 4615
21981, 4615
22334, 4615
12912, 4615
9581, 4615
13469, 4615
12613, 4615
28721, 4615
4615, 8705
21950, 4616
4616, 21059
17406, 4617
4617, 17415
17732, 4618
4618, 16499
9175, 4619
4619, 26272
15108, 4620
4620, 10273
15456, 4621
4621, 23629
11630, 4622
4622, 16904
21998, 4623
18872, 4623
4623, 30267
16557, 4624
4624, 29580
23236, 4625
4625, 22540
16303, 4626
4626, 9734
17911, 4627
22556, 4627
4627, 20934
9269, 4628
4628, 21672
11971, 4629
14497, 4629
4629, 21981
30343, 4630
4630, 11335
10156, 4631
4631, 8211
13825, 4632
25561, 4632
4632, 13505
15894, 4633
21254, 4633
11382, 4633
24966, 4633
22252, 4633
11827, 4633
23931, 4633
14852, 4633
12958, 4633
25049, 4633
17386, 4633
25476, 4633
16544, 4633
23922, 4633
29833, 4633
29104, 4633
18083, 4633
24776, 4633
18384, 4633
19984, 4633
9536, 4633
21174, 4633
20341, 4633
12428, 4633
21305, 4633
21395, 4633
19178, 4633
8148, 4633
19371, 4633
9366, 4633
19368, 4633
19456, 4633
9627, 4633
22191, 4633
14293, 4633
28227, 4633
13070, 4633
9734, 4633
20402, 4633
25902, 4633
28281, 4633
13149, 4633
20934, 4633
29945, 4633
19354, 4633
9295, 4633
8963, 4633
15615, 4633
24293, 4633
21683, 4633
20406, 4633
15223, 4633
15593, 4633
13727, 4633
13885, 4633
27350, 4633
18055, 4633
22656, 4633
26012, 4633
17150, 4633
28922, 4633
17930, 4633
29911, 4633
8814, 4633
9951, 4633
14753, 4633
29391, 4633
22038, 4633
14343, 4633
13691, 4633
29619, 4633
27327, 4633
12633, 4633
21981, 4633
22334, 4633
12912, 4633
13262, 4633
29735, 4633
20904, 4633
4633, 14651
14635, 4634
4634, 29274
9637, 4635
4635, 16022
8754, 4636
7591, 4636
21398, 4636
25417, 4636
17974, 4636
16210, 4636
10888, 4636
29818, 4636
4636, 23543
29787, 4637
4637, 18267
15293, 4638
4638, 16009
22068, 4639
4639, 11827
9458, 4640
4640, 21126
17723, 4641
17356, 4641
20852, 4641
10015, 4641
21126, 4641
12679, 4641
20301, 4641
9771, 4641
26272, 4641
10137, 4641
18045, 4641
11134, 4641
19348, 4641
15694, 4641
14836, 4641
17859, 4641
10173, 4641
29059, 4641
11026, 4641
19794, 4641
7579, 4641
4641, 11016
4641, 29344
27612, 4642
4642, 7595
12421, 4643
4643, 27563
27480, 4644
4644, 15937
4644, 29999
19860, 4645
4645, 27810
23150, 4646
4646, 20171
15710, 4647
4647, 15894
26353, 4648
4648, 28002
16738, 4649
4649, 25520
9450, 4650
4650, 29674
14532, 4651
4651, 8184
9675, 4652
4652, 22089
23244, 4653
4653, 12300
28837, 4654
4654, 11829
18631, 4655
4655, 23068
4655, 21082
4655, 20628
4655, 9127
4655, 8173
22814, 4656
4656, 10534
28649, 4657
4657, 18621
24152, 4658
4658, 9790
19786, 4659
4659, 13149
16131, 4660
4660, 24131
22034, 4661
4661, 25080
22367, 4662
4662, 11732
21719, 4663
4663, 8537
23155, 4664
4664, 14385
4664, 23252
4664, 28121
4664, 22728
23150, 4665
4665, 27520
12235, 4666
9628, 4666
4666, 18512
29589, 4667
25495, 4667
15695, 4667
27212, 4667
8042, 4667
7905, 4667
21997, 4667
24508, 4667
22215, 4667
23702, 4667
22460, 4667
16318, 4667
15504, 4667
26141, 4667
25002, 4667
27211, 4667
18169, 4667
26693, 4667
27157, 4667
20417, 4667
9042, 4667
16478, 4667
30087, 4667
11249, 4667
28527, 4667
25722, 4667
14597, 4667
19099, 4667
11927, 4667
11465, 4667
10107, 4667
28807, 4667
22726, 4667
24713, 4667
21343, 4667
20081, 4667
25183, 4667
24351, 4667
23784, 4667
14269, 4667
12575, 4667
29891, 4667
7576, 4667
30384, 4667
27775, 4667
24168, 4667
17153, 4667
23934, 4667
29741, 4667
29557, 4667
18844, 4667
16360, 4667
23412, 4667
29941, 4667
8929, 4667
20853, 4667
14326, 4667
4667, 10507
19930, 4668
4668, 27576
4668, 24169
4668, 14474
4668, 23010
29953, 4669
4669, 21981
22839, 4670
20653, 4670
21689, 4670
4670, 19368
29117, 4671
4671, 10447
4671, 28230
29344, 4672
4672, 22019
14418, 4673
4673, 8814
26847, 4674
4674, 22656
22041, 4675
30337, 4675
4675, 24293
12465, 4676
4676, 13225
17239, 4677
7523, 4677
26967, 4677
4677, 8730
4677, 24175
4677, 14768
17434, 4678
4678, 13418
29008, 4679
4679, 29718
4679, 19072
4679, 11698
21076, 4680
4680, 7869
15373, 4681
4681, 15602
19478, 4682
4682, 15388
27076, 4683
4683, 14692
27415, 4684
4684, 12102
14455, 4685
14213, 4685
4685, 28922
29053, 4686
12164, 4686
25986, 4686
16893, 4686
10488, 4686
18723, 4686
21515, 4686
23262, 4686
10919, 4686
4686, 29632
23206, 4687
4687, 21981
16342, 4688
12805, 4688
28974, 4688
4688, 9775
4688, 27358
4688, 11444
4688, 13547
4688, 27333
4688, 15089
4688, 16334
4688, 9384
4688, 29773
4688, 20881
4688, 9388
4688, 9267
11193, 4689
4689, 19866
15551, 4690
4690, 18163
4690, 22343
26148, 4691
4691, 11668
16196, 4692
4692, 7480
9134, 4693
28094, 4693
24757, 4693
28226, 4693
28654, 4693
29818, 4693
4693, 27536
23116, 4694
4694, 20162
20182, 4695
26460, 4695
4695, 26736
23463, 4696
4696, 10864
4696, 26491
4696, 8298
4696, 25250
4696, 20600
4696, 18867
4696, 23559
4696, 13317
4696, 9443
4696, 19700
4696, 21560
4696, 24833
4696, 28070
4696, 22768
4696, 16309
4696, 9966
4696, 12623
4696, 24917
4696, 27635
4696, 10732
4696, 11095
4696, 11367
4696, 18103
4696, 23899
4696, 25279
4696, 27448
4696, 7802
4696, 10177
4696, 15824
4696, 17545
4696, 22190
4696, 14488
4696, 12048
4696, 8302
4696, 23737
4696, 29417
4696, 27453
4696, 19743
4696, 14524
4696, 8123
4696, 22645
4696, 10037
4696, 27834
4696, 18588
4696, 15228
4696, 12973
4696, 30425
4696, 8930
4696, 24897
4696, 26372
4696, 10289
4696, 17970
4696, 28753
4696, 28127
4696, 12807
4696, 23589
4696, 12240
4696, 27048
4696, 19203
4696, 20813
4696, 28789
4696, 19616
4696, 14284
4696, 29017
4696, 26873
4696, 25892
4696, 12195
4696, 28782
4696, 7909
4696, 22675
4696, 14967
4696, 17011
4696, 28403
4696, 15980
4696, 7504
4696, 14447
4696, 13316
4696, 20523
4696, 28152
4696, 26762
4696, 16883
4696, 17363
4696, 13103
4696, 9148
4696, 13549
4696, 30122
4696, 19055
4696, 12901
4696, 17268
4696, 20894
4696, 16339
4696, 12340
18282, 4697
4697, 21919
28311, 4698
4698, 10400
29668, 4699
4699, 17828
4699, 29580
4699, 28766
29890, 4700
4700, 27708
24609, 4701
4701, 15892
20724, 4702
4702, 9051
20724, 4703
4703, 27823
15671, 4704
19446, 4704
28938, 4704
29514, 4704
23076, 4704
11712, 4704
19811, 4704
16280, 4704
27660, 4704
18260, 4704
13317, 4704
20833, 4704
13935, 4704
13696, 4704
21961, 4704
21560, 4704
24527, 4704
12013, 4704
24833, 4704
21594, 4704
7683, 4704
9520, 4704
27732, 4704
20681, 4704
18178, 4704
15194, 4704
24478, 4704
23421, 4704
13454, 4704
26614, 4704
9966, 4704
13986, 4704
21045, 4704
22577, 4704
10337, 4704
28896, 4704
23229, 4704
18090, 4704
9666, 4704
22595, 4704
10564, 4704
23180, 4704
19708, 4704
27156, 4704
14561, 4704
21487, 4704
10876, 4704
18978, 4704
11152, 4704
23454, 4704
25261, 4704
22719, 4704
11095, 4704
22663, 4704
8927, 4704
16586, 4704
25906, 4704
15691, 4704
15917, 4704
15064, 4704
8033, 4704
9898, 4704
18279, 4704
9120, 4704
9397, 4704
25194, 4704
4704, 13719
13532, 4705
30320, 4705
4705, 8814
25145, 4706
4706, 11564
10811, 4707
4707, 12483
21337, 4708
4708, 18456
4708, 13140
4708, 15636
4708, 22887
14901, 4709
4709, 17257
24512, 4710
4710, 25677
23289, 4711
4711, 18563
14382, 4712
4712, 21793
4712, 17689
4712, 23651
10021, 4713
4713, 19746
19300, 4714
4714, 11932
24551, 4715
4715, 10426
30148, 4716
4716, 10259
21878, 4717
4717, 26887
4717, 8374
4717, 17792
4717, 15141
4717, 23344
8588, 4718
18683, 4718
4718, 13104
24810, 4719
4719, 13462
4719, 23088
4719, 29140
4719, 24838
15003, 4720
4720, 23619
4720, 8676
4720, 8760
4720, 19537
4720, 15336
4720, 29997
4720, 18463
4720, 23920
14277, 4721
4721, 28032
13624, 4722
4722, 25908
13098, 4723
28985, 4723
28836, 4723
4723, 11035
23529, 4724
4724, 11668
16877, 4725
24054, 4725
4725, 15370
21337, 4726
4726, 15077
4726, 25651
18220, 4727
4727, 19652
13939, 4728
4728, 25635
11034, 4729
4729, 28398
23075, 4730
13690, 4730
4730, 29937
14382, 4731
4731, 9087
28479, 4732
4732, 15963
20536, 4733
30374, 4733
4733, 17690
21102, 4734
26255, 4734
20365, 4734
4734, 18891
21878, 4735
4735, 20633
4735, 7655
4735, 14710
4735, 20003
4735, 8650
26507, 4736
16624, 4736
4736, 14852
20746, 4737
4737, 29467
26197, 4738
16110, 4738
4738, 16674
18882, 4739
4739, 14874
29085, 4740
4740, 11025
13780, 4741
4741, 21676
27646, 4742
4742, 13818
15714, 4743
4743, 15209
24780, 4744
4744, 9361
10856, 4745
4745, 8865
14688, 4746
4746, 11822
24458, 4747
4747, 7964
15856, 4748
4748, 11025
17254, 4749
4749, 29408
10230, 4750
4750, 15053
21133, 4751
4751, 13070
11326, 4752
4752, 30352
25994, 4753
4753, 30214
4753, 27395
10156, 4754
4754, 18954
15821, 4755
4755, 21818
24025, 4756
4756, 8633
30440, 4757
4757, 22392
29344, 4758
4758, 11330
25221, 4759
4759, 21103
13519, 4760
4760, 28500
27966, 4761
4761, 10702
16954, 4762
4762, 13080
12122, 4763
4763, 24141
4763, 20248
9568, 4764
4764, 26543
4764, 16000
30434, 4765
9433, 4765
24878, 4765
26173, 4765
20668, 4765
27461, 4765
26684, 4765
4765, 15004
4765, 27258
12437, 4766
4766, 9790
9210, 4767
4767, 25908
22236, 4768
4768, 16566
13030, 4769
4769, 11827
23150, 4770
4770, 20229
7815, 4771
18020, 4771
4771, 21981
11891, 4772
9629, 4772
4772, 18443
29415, 4773
4773, 9504
20573, 4774
4774, 7751
9699, 4775
11194, 4775
4775, 16315
11455, 4776
4776, 14002
18136, 4777
4777, 27466
18600, 4778
4778, 24334
19558, 4779
4779, 25162
17372, 4780
4780, 10431
11248, 4781
23302, 4781
4781, 19315
29599, 4782
4782, 29246
16995, 4783
4783, 21843
27187, 4784
4784, 24194
14382, 4785
4785, 12038
4785, 24114
10576, 4786
4786, 11827
23155, 4787
4787, 8531
19882, 4788
4788, 21579
11917, 4789
9897, 4789
4789, 29355
29702, 4790
4790, 23392
12401, 4791
4791, 28398
9521, 4792
4792, 23903
20724, 4793
4793, 9728
28577, 4794
4794, 24293
27813, 4795
4795, 8963
12968, 4796
4796, 15892
14233, 4797
4797, 11156
18305, 4798
17556, 4798
10406, 4798
24035, 4798
20050, 4798
9037, 4798
4798, 23137
17883, 4799
4799, 29225
8763, 4800
22770, 4800
4800, 14172
27881, 4801
28900, 4801
28259, 4801
19920, 4801
18379, 4801
10958, 4801
10363, 4801
29466, 4801
4801, 16834
11397, 4802
4802, 15959
29344, 4803
4803, 29107
9177, 4804
4804, 21579
23818, 4805
4805, 17165
22172, 4806
15351, 4806
30274, 4806
23849, 4806
4806, 17274
19593, 4807
4807, 19711
19817, 4808
4808, 26411
19120, 4809
4809, 19195
12484, 4810
21194, 4810
8737, 4810
4810, 24293
15568, 4811
17724, 4811
4811, 29794
15273, 4812
28440, 4812
25710, 4812
13781, 4812
4812, 18644
28138, 4813
4813, 16189
24723, 4814
11191, 4814
25083, 4814
10505, 4814
18097, 4814
15121, 4814
4814, 21075
13249, 4815
4815, 15032
27024, 4816
4816, 30171
10603, 4817
4817, 20000
18724, 4818
27189, 4818
18918, 4818
4818, 22932
12586, 4819
4819, 18712
4819, 10132
4819, 23483
4819, 19219
15215, 4820
4820, 14118
14396, 4821
4821, 21386
14421, 4822
4822, 17534
12795, 4823
4823, 25473
28007, 4824
4824, 25049
30036, 4825
12365, 4825
15696, 4825
22941, 4825
16802, 4825
4825, 8532
7581, 4826
17565, 4826
4826, 26671
14726, 4827
21170, 4827
4827, 29626
16983, 4828
4828, 23237
8518, 4829
9918, 4829
11615, 4829
4829, 11469
28673, 4830
26949, 4830
14780, 4830
12051, 4830
12981, 4830
9217, 4830
4830, 13471
13384, 4831
4831, 11696
14643, 4832
4832, 24293
29344, 4833
4833, 12299
20439, 4834
4834, 29120
22839, 4835
4835, 19368
19917, 4836
4836, 30352
25994, 4837
4837, 19199
7765, 4838
16321, 4838
26312, 4838
15502, 4838
25944, 4838
4838, 26431
26090, 4839
4839, 20422
15422, 4840
4840, 28391
27976, 4841
25427, 4841
13983, 4841
4841, 18055
15954, 4842
4842, 25245
11571, 4843
11748, 4843
4843, 26797
23150, 4844
4844, 24527
15500, 4845
19347, 4845
14679, 4845
19823, 4845
4845, 27695
15230, 4846
8968, 4846
4846, 21981
19433, 4847
4847, 16811
8940, 4848
4848, 30329
10910, 4849
4849, 19450
14096, 4850
4850, 24535
11137, 4851
26524, 4851
4851, 25049
11917, 4852
4852, 29355
12960, 4853
4853, 30352
10861, 4854
4854, 12969
20020, 4855
4855, 13149
29495, 4856
4856, 9771
9056, 4857
18276, 4857
4857, 19533
22875, 4858
24942, 4858
4858, 22659
14013, 4859
4859, 29880
23766, 4860
4860, 14254
21508, 4861
4861, 12912
18976, 4862
16623, 4862
13895, 4862
30257, 4862
4862, 20725
20823, 4863
4863, 29580
18082, 4864
4864, 13763
8395, 4865
4865, 22246
8815, 4866
4866, 27783
18717, 4867
4867, 13080
24297, 4868
28827, 4868
13080, 4868
25754, 4868
25068, 4868
24369, 4868
7474, 4868
19368, 4868
19357, 4868
20477, 4868
9734, 4868
13149, 4868
17606, 4868
7639, 4868
29747, 4868
24270, 4868
27350, 4868
16143, 4868
29723, 4868
23165, 4868
29911, 4868
11668, 4868
10507, 4868
15420, 4868
12300, 4868
18292, 4868
4868, 24840
12295, 4869
13139, 4869
19338, 4869
7806, 4869
21916, 4869
4869, 19368
29117, 4870
4870, 18709
4870, 27680
4870, 7939
4870, 27682
12694, 4871
8957, 4871
8763, 4871
21938, 4871
4871, 25397
23724, 4872
4872, 28732
25703, 4873
4873, 29794
13824, 4874
24861, 4874
23912, 4874
11959, 4874
28592, 4874
26421, 4874
17741, 4874
16261, 4874
4874, 9790
4874, 25166
20888, 4875
4875, 21981
27999, 4876
4876, 8779
16209, 4877
4877, 21579
23155, 4878
4878, 26020
4878, 27913
4878, 10609
26557, 4879
4879, 21043
26609, 4880
4880, 19535
19462, 4881
4881, 10173
27367, 4882
4882, 25891
17915, 4883
4883, 16949
4883, 7777
4883, 29564
4883, 21686
4883, 24619
4883, 13002
4883, 27140
4883, 15189
4883, 14202
4883, 12703
4883, 21556
4883, 11447
4883, 25649
4883, 12400
4883, 28450
4883, 30296
4883, 16611
4883, 11275
4883, 19942
4883, 9742
4883, 26112
4883, 19314
4883, 12236
4883, 26240
4883, 29155
4883, 26065
4883, 22965
4883, 8544
4883, 12109
4883, 13620
4883, 8254
4883, 14555
4883, 21921
4883, 15914
4883, 9593
4883, 17015
4883, 17105
4883, 13160
4883, 28886
10058, 4884
21330, 4884
4884, 16911
25992, 4885
4885, 29715
7724, 4886
23571, 4886
25406, 4886
4886, 27361
26342, 4887
4887, 18245
4887, 9467
4887, 21247
9953, 4888
4888, 9295
27521, 4889
4889, 12319
18282, 4890
4890, 19563
26953, 4891
25110, 4891
16941, 4891
24059, 4891
17036, 4891
12097, 4891
11250, 4891
16808, 4891
11622, 4891
13963, 4891
17605, 4891
16078, 4891
12701, 4891
20038, 4891
14319, 4891
12110, 4891
4891, 26925
4891, 20725
4891, 12613
16868, 4892
28233, 4892
17649, 4892
4892, 25049
29344, 4893
4893, 23661
24951, 4894
4894, 27656
13130, 4895
4895, 12657
14481, 4896
4896, 15570
20855, 4897
4897, 18730
10638, 4898
4898, 10482
21150, 4899
4899, 26769
29976, 4900
17087, 4900
22414, 4900
4900, 29138
4900, 14438
4900, 16522
4900, 7992
4900, 16732
4900, 15173
4900, 27058
4900, 11220
4900, 8045
4900, 18149
4900, 16291
4900, 24519
4900, 17126
4900, 9772
4900, 16968
4900, 8379
4900, 17525
4900, 29934
4900, 10669
4900, 22021
4900, 14757
4900, 16887
4900, 12297
4900, 8156
4900, 26860
4900, 30235
4900, 10833
4900, 24223
4900, 24062
4900, 20972
4900, 26264
4900, 14730
4900, 18367
4900, 11491
4900, 8274
4900, 18087
4900, 26850
4900, 17560
4900, 29763
4900, 16867
4900, 16322
4900, 21547
4900, 23242
4900, 21820
4900, 19891
4900, 20167
4900, 24718
4900, 27159
4900, 11924
4900, 22619
4900, 27570
4900, 10340
4900, 23817
4900, 17266
4900, 21837
4900, 27590
4900, 8139
4900, 25236
4900, 25467
4900, 20503
4900, 19818
4900, 28305
4900, 20617
4900, 16658
4900, 8801
4900, 10379
4900, 21638
4900, 22232
4900, 20568
4900, 23374
4900, 27215
4900, 11653
4900, 22291
4900, 7548
4900, 22393
4900, 25119
4900, 19821
4900, 29859
4900, 30369
4900, 12302
4900, 18884
4900, 24446
4900, 27560
4900, 28342
4900, 9445
4900, 11898
4900, 19004
4900, 25149
4900, 9572
4900, 18372
4900, 27393
4900, 8696
4900, 14666
4900, 8311
4900, 10162
4900, 8095
4900, 27296
4900, 11931
4900, 28804
4900, 14654
4900, 28371
4900, 29381
4900, 27688
4900, 9398
4900, 11539
4900, 15768
4900, 22827
4900, 18685
4900, 24475
4900, 9678
4900, 27977
4900, 14793
4900, 20360
4900, 23014
4900, 8813
4900, 21747
4900, 19559
4900, 11896
4900, 13271
4900, 19185
4900, 10495
4900, 18721
4900, 18310
4900, 7801
4900, 28412
4900, 22723
4900, 16267
4900, 22664
4900, 20605
4900, 21246
4900, 16028
4900, 27269
4900, 9431
4900, 29156
4900, 17229
4900, 14750
4900, 24094
4900, 14469
4900, 19777
4900, 28640
4900, 24235
4900, 13843
4900, 11183
4900, 23226
4900, 18513
4900, 15056
4900, 23878
4900, 10673
4900, 20423
4900, 27061
4900, 7623
4900, 27441
4900, 8553
4900, 23565
4900, 17757
4900, 19998
4900, 27568
4900, 14264
4900, 30421
4900, 15394
4900, 23986
4900, 28707
4900, 27404
4900, 20274
4900, 25497
4900, 15919
4900, 22081
4900, 14355
4900, 17271
4900, 27004
4900, 28634
4900, 27163
4900, 23126
26986, 4901
4901, 30023
18605, 4902
4902, 21449
29356, 4903
4903, 21981
14567, 4904
9938, 4904
27670, 4904
4904, 26926
21670, 4905
4905, 15597
24772, 4906
4906, 13080
9299, 4907
24047, 4907
4907, 24535
14404, 4908
4908, 28291
24294, 4909
4909, 9800
4909, 21445
23766, 4910
4910, 29334
4910, 13118
4910, 26056
4910, 25011
4910, 19659
9604, 4911
4911, 10521
28693, 4912
4912, 30047
16415, 4913
27340, 4913
4913, 19368
23766, 4914
4914, 23586
4914, 8109
13068, 4915
4915, 11668
15635, 4916
4916, 18747
9645, 4917
27578, 4917
26301, 4917
21865, 4917
20037, 4917
15971, 4917
11204, 4917
11540, 4917
11170, 4917
25029, 4917
10584, 4917
23896, 4917
24991, 4917
25266, 4917
8550, 4917
25913, 4917
26908, 4917
30279, 4917
21234, 4917
10649, 4917
27272, 4917
19196, 4917
23424, 4917
29628, 4917
7608, 4917
12879, 4917
13016, 4917
12355, 4917
24222, 4917
28089, 4917
4917, 29677
22007, 4918
4918, 15709
30436, 4919
4919, 29617
30433, 4920
4920, 23197
8662, 4921
4921, 19368
22753, 4922
4922, 20934
27295, 4923
4923, 9704
22861, 4924
4924, 21484
14459, 4925
4925, 17774
21201, 4926
15816, 4926
4926, 24852
8917, 4927
8079, 4927
4927, 29636
29312, 4928
4928, 8022
22351, 4929
4929, 17672
20907, 4930
4930, 20639
26353, 4931
4931, 17412
26254, 4932
15932, 4932
4932, 15615
19249, 4933
4933, 7971
27984, 4934
12491, 4934
4934, 23578
13756, 4935
4935, 22836
16931, 4936
4936, 25159
4936, 23303
4936, 26263
28682, 4937
4937, 7654
26342, 4938
4938, 18245
26580, 4939
4939, 28721
19673, 4940
4940, 20978
15592, 4941
4941, 21970
16959, 4942
4942, 29033
26413, 4943
17173, 4943
8836, 4943
4943, 25264
17459, 4944
19163, 4944
17135, 4944
27809, 4944
25481, 4944
25472, 4944
7476, 4944
12394, 4944
21411, 4944
4944, 27449
17630, 4945
14570, 4945
28062, 4945
29616, 4945
29741, 4945
29703, 4945
22463, 4945
29535, 4945
11320, 4945
9817, 4945
23335, 4945
7698, 4945
24993, 4945
9218, 4945
7731, 4945
12813, 4945
19648, 4945
15887, 4945
9078, 4945
7517, 4945
10721, 4945
28996, 4945
22870, 4945
29139, 4945
24574, 4945
25807, 4945
14937, 4945
26689, 4945
10651, 4945
14829, 4945
28467, 4945
13621, 4945
4945, 22639
23720, 4946
4946, 21981
18180, 4947
20829, 4947
13207, 4947
4947, 25943
28631, 4948
4948, 10973
9861, 4949
4949, 25049
11170, 4950
12320, 4950
25358, 4950
4950, 19368
4950, 24293
21053, 4951
25070, 4951
25344, 4951
4951, 29678
9727, 4952
8903, 4952
27418, 4952
24544, 4952
4952, 9484
19366, 4953
20263, 4953
12417, 4953
11926, 4953
15916, 4953
20612, 4953
13813, 4953
12846, 4953
28215, 4953
13836, 4953
19068, 4953
14665, 4953
13039, 4953
23297, 4953
27899, 4953
28599, 4953
4953, 26550
29344, 4954
4954, 28546
26992, 4955
25925, 4955
4955, 12513
27727, 4956
4956, 30452
21816, 4957
4957, 28570
15427, 4958
4958, 20615
4958, 19295
8606, 4959
4959, 28570
21878, 4960
4960, 15935
4960, 23470
4960, 23011
29818, 4961
4961, 10996
13715, 4962
4962, 10146
17753, 4963
22214, 4963
4963, 11696
17992, 4964
4964, 18055
23410, 4965
27752, 4965
4965, 26880
13589, 4966
4966, 28469
9039, 4967
24132, 4967
25353, 4967
13008, 4967
10887, 4967
24142, 4967
25622, 4967
4967, 25264
21878, 4968
4968, 28458
4968, 26450
4968, 10627
12526, 4969
17813, 4969
4969, 8885
22633, 4970
4970, 23736
9709, 4971
24375, 4971
4971, 18657
18388, 4972
4972, 18838
9170, 4973
4973, 18055
24337, 4974
15879, 4974
27183, 4974
29221, 4974
19090, 4974
24082, 4974
4974, 9300
22152, 4975
4975, 21324
4975, 9316
4975, 28689
8763, 4976
21947, 4976
14958, 4976
19981, 4976
4976, 19654
24032, 4977
4977, 9790
18453, 4978
4978, 25049
12795, 4979
4979, 19895
26452, 4980
9679, 4980
17275, 4980
23981, 4980
4980, 9302
17218, 4981
19225, 4981
4981, 10507
10716, 4982
4982, 25049
21173, 4983
19760, 4983
24399, 4983
4983, 18011
9479, 4984
4984, 22656
12309, 4985
4985, 17688
18207, 4986
4986, 17606
19533, 4987
18651, 4987
26729, 4987
7654, 4987
14186, 4987
12396, 4987
22777, 4987
11827, 4987
16801, 4987
17336, 4987
27205, 4987
13080, 4987
14852, 4987
29563, 4987
11335, 4987
13859, 4987
26435, 4987
19503, 4987
25750, 4987
25264, 4987
27607, 4987
13708, 4987
19856, 4987
25049, 4987
11831, 4987
30371, 4987
22836, 4987
25097, 4987
19315, 4987
29400, 4987
28203, 4987
16660, 4987
19019, 4987
23922, 4987
27936, 4987
29833, 4987
13809, 4987
22382, 4987
29937, 4987
12571, 4987
15767, 4987
16890, 4987
24649, 4987
10900, 4987
15303, 4987
26863, 4987
19591, 4987
11782, 4987
27975, 4987
13323, 4987
24037, 4987
25057, 4987
18940, 4987
20434, 4987
12030, 4987
19371, 4987
24028, 4987
16674, 4987
15857, 4987
19368, 4987
29127, 4987
18353, 4987
7830, 4987
17190, 4987
11481, 4987
20791, 4987
29855, 4987
21423, 4987
22321, 4987
12894, 4987
23609, 4987
13070, 4987
9734, 4987
8912, 4987
26610, 4987
20170, 4987
25797, 4987
20934, 4987
28167, 4987
19517, 4987
16422, 4987
27430, 4987
21341, 4987
30329, 4987
14488, 4987
15304, 4987
7751, 4987
19543, 4987
15615, 4987
20750, 4987
27662, 4987
11202, 4987
24293, 4987
11583, 4987
26926, 4987
18449, 4987
14601, 4987
8021, 4987
11052, 4987
14734, 4987
27348, 4987
9810, 4987
22622, 4987
17837, 4987
15175, 4987
24562, 4987
12567, 4987
15223, 4987
24026, 4987
21639, 4987
23943, 4987
12212, 4987
9693, 4987
13727, 4987
23246, 4987
25128, 4987
24851, 4987
25555, 4987
9085, 4987
11624, 4987
17964, 4987
11379, 4987
8866, 4987
21120, 4987
29135, 4987
11072, 4987
23674, 4987
25010, 4987
22915, 4987
24944, 4987
15892, 4987
8669, 4987
18055, 4987
15956, 4987
17298, 4987
21926, 4987
22656, 4987
15762, 4987
11479, 4987
16462, 4987
19171, 4987
16142, 4987
19631, 4987
26865, 4987
29911, 4987
11542, 4987
28002, 4987
16370, 4987
16966, 4987
25921, 4987
19018, 4987
28965, 4987
10507, 4987
10537, 4987
29391, 4987
29427, 4987
28139, 4987
11294, 4987
14343, 4987
9616, 4987
17984, 4987
23753, 4987
18491, 4987
28306, 4987
25955, 4987
11895, 4987
23453, 4987
14606, 4987
15570, 4987
19858, 4987
17310, 4987
16356, 4987
28068, 4987
27361, 4987
21981, 4987
12912, 4987
30267, 4987
19992, 4987
30428, 4987
13853, 4987
24554, 4987
16988, 4987
19948, 4987
4987, 12136
23397, 4988
4988, 15892
8900, 4989
4989, 25049
13465, 4990
4990, 18384
8933, 4991
4991, 12912
21407, 4992
4992, 29864
25203, 4993
4993, 27361
10485, 4994
21766, 4994
21872, 4994
29818, 4994
4994, 29706
15427, 4995
4995, 20146
16598, 4996
4996, 10507
18229, 4997
4997, 26497
25623, 4998
4998, 29391
29440, 4999
27176, 4999
7827, 4999
4999, 14785
30244, 5000
5000, 27597
5000, 28182
5000, 27849
23766, 5001
5001, 22189
29802, 5002
5002, 28658
22786, 5003
5003, 14451
5003, 13685
8807, 5004
5004, 13622
27497, 5005
9336, 5005
20458, 5005
10128, 5005
28013, 5005
13358, 5005
18492, 5005
5005, 24527
11860, 5006
25200, 5006
20027, 5006
24898, 5006
29918, 5006
9964, 5006
15905, 5006
9404, 5006
7551, 5006
26952, 5006
5006, 27102
22842, 5007
5007, 26405
29344, 5008
5008, 11624
24145, 5009
16731, 5009
5009, 17825
26346, 5010
5010, 19528
28146, 5011
5011, 21981
27410, 5012
5012, 24293
23444, 5013
5013, 29678
8636, 5014
5014, 25619
5014, 13156
18282, 5015
5015, 18521
29899, 5016
5016, 29084
20923, 5017
5017, 13969
16481, 5018
5018, 25049
13793, 5019
21244, 5019
8381, 5019
18813, 5019
8427, 5019
5019, 24275
5019, 12480
5019, 28351
5019, 29810
5019, 9796
5019, 25691
5019, 27672
5019, 15553
5019, 27114
5019, 19497
5019, 15072
30081, 5020
5020, 16443
24177, 5021
5021, 17738
19688, 5022
18990, 5022
19157, 5022
27438, 5022
25269, 5022
20852, 5022
14074, 5022
25394, 5022
13636, 5022
7480, 5022
19118, 5022
15709, 5022
21818, 5022
22769, 5022
15004, 5022
26431, 5022
8817, 5022
13796, 5022
30120, 5022
19488, 5022
17937, 5022
27336, 5022
14874, 5022
25306, 5022
30171, 5022
8304, 5022
11636, 5022
5022, 26848
5022, 29344
25301, 5023
9961, 5023
5023, 13054
18282, 5024
5024, 15767
9849, 5025
5025, 16297
17836, 5026
10399, 5026
5026, 18086
14582, 5027
5027, 29848
26254, 5028
5028, 15615
19855, 5029
5029, 18360
8048, 5030
8763, 5030
5030, 29685
8271, 5031
5031, 30187
16663, 5032
18435, 5032
18065, 5032
5032, 22429
17634, 5033
5033, 16356
8382, 5034
5034, 9930
22890, 5035
5035, 22612
28573, 5036
20020, 5036
26857, 5036
5036, 13149
12617, 5037
5037, 30156
24229, 5038
5038, 22681
28550, 5039
5039, 13070
27650, 5040
5040, 24293
29344, 5041
5041, 26039
5041, 17480
24004, 5042
5042, 8826
29857, 5043
17167, 5043
19688, 5043
12255, 5043
29580, 5043
15763, 5043
25609, 5043
9319, 5043
10349, 5043
13596, 5043
14218, 5043
10314, 5043
26771, 5043
13297, 5043
11936, 5043
12593, 5043
12753, 5043
16755, 5043
22158, 5043
28489, 5043
11205, 5043
9219, 5043
30171, 5043
11450, 5043
28691, 5043
11619, 5043
16737, 5043
24663, 5043
11732, 5043
24345, 5043
16973, 5043
26468, 5043
28291, 5043
13796, 5043
25178, 5043
26560, 5043
24720, 5043
14069, 5043
17770, 5043
8877, 5043
22769, 5043
7661, 5043
13785, 5043
12479, 5043
13066, 5043
19147, 5043
11208, 5043
25845, 5043
18765, 5043
21242, 5043
15893, 5043
15510, 5043
14197, 5043
18646, 5043
12619, 5043
21346, 5043
12278, 5043
19186, 5043
21595, 5043
22987, 5043
9474, 5043
25162, 5043
28497, 5043
5043, 22402
5043, 29344
22856, 5044
5044, 22769
22348, 5045
5045, 27644
29091, 5046
5046, 10947
23766, 5047
5047, 13070
5047, 12111
5047, 30014
14235, 5048
29346, 5048
5048, 27361
29344, 5049
5049, 8521
5049, 8814
8933, 5050
5050, 12912
17588, 5051
5051, 21713
28669, 5052
23874, 5052
5052, 29793
22310, 5053
5053, 26033
30244, 5054
5054, 23863
5054, 22898
5054, 10369
5054, 12691
7904, 5055
5055, 18778
5055, 28300
5055, 18615
5055, 18280
5055, 24127
20505, 5056
5056, 8017
25015, 5057
5057, 16595
23760, 5058
16498, 5058
28410, 5058
18293, 5058
5058, 10120
30244, 5059
5059, 23078
22165, 5060
5060, 23382
29008, 5061
5061, 24421
5061, 7502
29573, 5062
5062, 18260
10105, 5063
27129, 5063
18969, 5063
14968, 5063
12327, 5063
8562, 5063
19701, 5063
28184, 5063
29598, 5063
15093, 5063
16119, 5063
5063, 25264
5063, 18384
10532, 5064
5064, 19368
22877, 5065
5065, 11564
29008, 5066
5066, 17447
15940, 5067
24849, 5067
28992, 5067
15677, 5067
14948, 5067
11303, 5067
23653, 5067
11836, 5067
27950, 5067
8763, 5067
5067, 15370
5067, 17389
8465, 5068
5068, 30171
9430, 5069
5069, 23944
23463, 5070
5070, 15671
5070, 28960
5070, 21034
5070, 20106
5070, 23517
5070, 17698
5070, 23368
5070, 20700
5070, 19580
5070, 10580
5070, 12192
5070, 22153
5070, 23480
5070, 24642
5070, 24591
5070, 17709
5070, 12705
5070, 24386
5070, 11580
5070, 14678
5070, 22595
5070, 14561
5070, 13074
5070, 21487
5070, 26590
5070, 25906
5070, 20230
5070, 19622
5070, 20623
5070, 23133
5070, 22754
5070, 15397
5070, 18684
5070, 9601
5070, 9870
5070, 9706
5070, 21761
5070, 26610
5070, 9810
5070, 21639
5070, 8233
5070, 10328
5070, 26093
5070, 9923
5070, 13183
5070, 18566
5070, 11225
5070, 9942
5070, 15486
5070, 27049
5070, 13394
5070, 27931
5070, 13338
5070, 24401
5070, 28510
5070, 22009
5070, 19641
5070, 22194
5070, 13507
5070, 12528
5070, 22043
5070, 23459
5070, 13001
5070, 8047
5070, 16416
5070, 22032
5070, 30357
5070, 25330
5070, 30055
5070, 24627
5070, 12163
5070, 23372
5070, 17725
5070, 24896
5070, 27571
5070, 8585
5070, 22018
5070, 14048
5070, 26535
5070, 23714
5070, 12382
5070, 10305
5070, 12881
5070, 11372
5070, 25247
5070, 15533
5070, 26400
5070, 30255
5070, 29058
5070, 17314
5070, 23635
5070, 14387
5070, 29001
5070, 20971
5070, 15331
5070, 26534
5070, 22949
5070, 24105
5070, 18742
5070, 13224
5070, 11525
5070, 13863
5070, 13545
5070, 19763
5070, 12972
5070, 7493
5070, 20129
5070, 13359
22579, 5071
5071, 27010
22045, 5072
9182, 5072
29967, 5072
5072, 28679
19672, 5073
5073, 21981
20168, 5074
5074, 7656
7846, 5075
5075, 25499
25631, 5076
5076, 8814
23155, 5077
5077, 11913
17806, 5078
5078, 15276
8422, 5079
5079, 16610
29344, 5080
5080, 29734
5080, 14226
26890, 5081
5081, 24348
29344, 5082
5082, 22677
23150, 5083
5083, 24527
11047, 5084
20312, 5084
13700, 5084
11694, 5084
26891, 5084
11082, 5084
26499, 5084
15660, 5084
30303, 5084
14725, 5084
21602, 5084
20684, 5084
20774, 5084
12602, 5084
15525, 5084
16736, 5084
29420, 5084
19112, 5084
25333, 5084
15327, 5084
11362, 5084
19049, 5084
28262, 5084
23404, 5084
20426, 5084
25317, 5084
21211, 5084
10023, 5084
26681, 5084
10147, 5084
14280, 5084
10830, 5084
9030, 5084
13980, 5084
29798, 5084
7769, 5084
9583, 5084
18155, 5084
5084, 11677
22287, 5085
5085, 19801
23528, 5086
23931, 5086
19364, 5086
14852, 5086
8615, 5086
14833, 5086
24244, 5086
11083, 5086
9722, 5086
9807, 5086
22639, 5086
25709, 5086
12514, 5086
25321, 5086
10220, 5086
15767, 5086
7764, 5086
18679, 5086
7507, 5086
16566, 5086
19065, 5086
10600, 5086
18810, 5086
22450, 5086
22907, 5086
19371, 5086
19368, 5086
24754, 5086
22191, 5086
13070, 5086
9484, 5086
29945, 5086
16395, 5086
19354, 5086
20875, 5086
13471, 5086
17400, 5086
24293, 5086
27466, 5086
28632, 5086
9700, 5086
9930, 5086
17688, 5086
29600, 5086
24854, 5086
26157, 5086
23137, 5086
22428, 5086
8310, 5086
22915, 5086
27918, 5086
15892, 5086
18055, 5086
26092, 5086
26572, 5086
22656, 5086
25630, 5086
8272, 5086
29911, 5086
19715, 5086
10507, 5086
29391, 5086
19399, 5086
9076, 5086
15420, 5086
28025, 5086
11564, 5086
27361, 5086
21981, 5086
5086, 14806
29818, 5087
5087, 14966
13416, 5088
5088, 19428
9216, 5089
5089, 25789
9472, 5090
5090, 15576
19333, 5091
5091, 30329
15821, 5092
5092, 18045
27319, 5093
25347, 5093
19596, 5093
10409, 5093
23460, 5093
11425, 5093
8110, 5093
24644, 5093
13665, 5093
16436, 5093
8167, 5093
11956, 5093
5093, 23922
15241, 5094
5094, 7994
21852, 5095
5095, 17051
10513, 5096
28429, 5096
5096, 15734
29344, 5097
5097, 18323
25871, 5098
5098, 25269
24414, 5099
5099, 22169
15783, 5100
5100, 24293
21278, 5101
5101, 17606
18232, 5102
5102, 27492
5102, 11432
13348, 5103
15649, 5103
26836, 5103
27240, 5103
16368, 5103
29709, 5103
22515, 5103
19501, 5103
28556, 5103
5103, 22552
9802, 5104
5104, 12146
10125, 5105
5105, 26901
15002, 5106
5106, 18927
29344, 5107
5107, 26417
23306, 5108
5108, 25953
23766, 5109
5109, 11110
5109, 18494
5109, 11227
5109, 22575
14504, 5110
5110, 22656
19786, 5111
5111, 8081
28652, 5112
5112, 25296
5112, 19015
20877, 5113
14116, 5113
27270, 5113
12720, 5113
26734, 5113
11351, 5113
17872, 5113
29098, 5113
9555, 5113
16695, 5113
16136, 5113
25777, 5113
25903, 5113
7908, 5113
15481, 5113
19437, 5113
12057, 5113
21628, 5113
5113, 27258
30067, 5114
15487, 5114
27351, 5114
5114, 29943
10347, 5115
16455, 5115
7981, 5115
10905, 5115
27581, 5115
26591, 5115
28382, 5115
29714, 5115
21867, 5115
13746, 5115
5115, 19533
15168, 5116
14776, 5116
5116, 21489
30244, 5117
5117, 11605
11492, 5118
5118, 20960
29344, 5119
5119, 16300
17986, 5120
5120, 9771
23688, 5121
24555, 5121
16844, 5121
8476, 5121
5121, 26012
23192, 5122
5122, 24131
13846, 5123
5123, 17188
28317, 5124
5124, 13513
17143, 5125
15728, 5125
5125, 24270
8693, 5126
23220, 5126
22744, 5126
12676, 5126
27346, 5126
26254, 5126
5126, 15615
8835, 5127
5127, 19688
29641, 5128
5128, 8289
16269, 5129
5129, 28487
18137, 5130
5130, 14535
5130, 14503
5130, 30047
11734, 5131
5131, 15709
13229, 5132
25244, 5132
5132, 17208
25389, 5133
5133, 9416
29223, 5134
5134, 19157
13345, 5135
5135, 16764
5135, 14332
10049, 5136
5136, 11294
17282, 5137
5137, 7661
16959, 5138
5138, 18753
29895, 5139
5139, 17690
25280, 5140
5140, 24293
25308, 5141
5141, 13070
5141, 29115
13939, 5142
5142, 24854
29344, 5143
5143, 22300
13367, 5144
24561, 5144
13055, 5144
21448, 5144
16679, 5144
5144, 29678
20020, 5145
5145, 13149
29545, 5146
5146, 26588
5146, 28892
5146, 26455
8582, 5147
27891, 5147
5147, 11561
5147, 14267
5147, 18856
7550, 5148
5148, 27510
24052, 5149
5149, 8654
30081, 5150
5150, 10623
13756, 5151
5151, 22836
12210, 5152
5152, 27009
21736, 5153
5153, 24883
5153, 22537
5153, 20869
18248, 5154
5154, 29911
27335, 5155
5155, 20296
26585, 5156
5156, 9734
15763, 5157
21489, 5157
26994, 5157
8305, 5157
10173, 5157
9635, 5157
5157, 29344
5157, 17999
30081, 5158
5158, 17167
17841, 5159
5159, 27826
19249, 5160
5160, 29552
12542, 5161
5161, 19371
30244, 5162
5162, 26676
5162, 18287
5162, 18358
21575, 5163
28097, 5163
28598, 5163
11941, 5163
18650, 5163
5163, 21676
7834, 5164
5164, 22598
26929, 5165
5165, 25042
17549, 5166
5166, 9165
26657, 5167
5167, 26439
8520, 5168
24747, 5168
5168, 27361
21337, 5169
5169, 17702
16734, 5170
8825, 5170
18007, 5170
10361, 5170
10100, 5170
22011, 5170
18043, 5170
5170, 20130
28860, 5171
5171, 22976
5171, 29636
27978, 5172
5172, 23762
21695, 5173
5173, 15570
20409, 5174
14586, 5174
27524, 5174
18887, 5174
20284, 5174
5174, 23728
23201, 5175
5175, 21247
22417, 5176
5176, 23392
24444, 5177
5177, 25049
18282, 5178
5178, 19984
8235, 5179
5179, 26593
5179, 21772
5179, 18154
5179, 26051
10808, 5180
30442, 5180
26493, 5180
8730, 5180
7850, 5180
11827, 5180
24889, 5180
23590, 5180
27192, 5180
14079, 5180
27838, 5180
25049, 5180
21696, 5180
22298, 5180
19315, 5180
11420, 5180
23922, 5180
9947, 5180
24023, 5180
19468, 5180
27618, 5180
29833, 5180
18209, 5180
16588, 5180
23844, 5180
20711, 5180
19371, 5180
19368, 5180
13070, 5180
19242, 5180
13149, 5180
17606, 5180
20934, 5180
30352, 5180
26960, 5180
8839, 5180
11656, 5180
23655, 5180
8342, 5180
15615, 5180
22690, 5180
17051, 5180
24293, 5180
21683, 5180
17816, 5180
29706, 5180
25715, 5180
27820, 5180
7932, 5180
15223, 5180
24854, 5180
15541, 5180
20988, 5180
9790, 5180
28376, 5180
13727, 5180
10269, 5180
23629, 5180
15146, 5180
22654, 5180
26390, 5180
26336, 5180
17686, 5180
9584, 5180
14374, 5180
30456, 5180
15892, 5180
26913, 5180
29656, 5180
16121, 5180
18055, 5180
27091, 5180
26797, 5180
22656, 5180
27248, 5180
12648, 5180
14992, 5180
10304, 5180
18012, 5180
23826, 5180
8814, 5180
8965, 5180
12021, 5180
10507, 5180
11294, 5180
14343, 5180
19922, 5180
12040, 5180
15570, 5180
11564, 5180
27361, 5180
21981, 5180
22334, 5180
20226, 5180
27840, 5180
5180, 15235
9617, 5181
5181, 26335
8134, 5182
9744, 5182
14558, 5182
19239, 5182
28952, 5182
8372, 5182
26548, 5182
5182, 19856
18944, 5183
5183, 8031
25907, 5184
5184, 25049
15065, 5185
5185, 22656
8175, 5186
5186, 21762
29700, 5187
5187, 11827
18282, 5188
5188, 19563
18282, 5189
5189, 23967
30081, 5190
5190, 20201
27381, 5191
5191, 18632
22896, 5192
5192, 12436
5192, 15147
27077, 5193
5193, 19014
20178, 5194
5194, 14147
22364, 5195
20133, 5195
5195, 11886
21900, 5196
5196, 12848
30430, 5197
5197, 30352
26658, 5198
5198, 8654
25608, 5199
14857, 5199
26103, 5199
27871, 5199
9841, 5199
16260, 5199
13650, 5199
19331, 5199
8166, 5199
19012, 5199
18768, 5199
5199, 13080
19387, 5200
9471, 5200
29896, 5200
21090, 5200
5200, 18353
22896, 5201
5201, 19184
5201, 10763
5201, 19477
11906, 5202
5202, 15987
29245, 5203
5203, 10913
7763, 5204
5204, 24293
19258, 5205
5205, 19636
8014, 5206
24049, 5206
22001, 5206
11885, 5206
16272, 5206
5206, 18321
12828, 5207
5207, 12021
10156, 5208
5208, 11046
25468, 5209
5209, 28489
29644, 5210
5210, 23375
10852, 5211
13406, 5211
29517, 5211
20132, 5211
10736, 5211
27306, 5211
15417, 5211
27845, 5211
7952, 5211
22990, 5211
5211, 11269
12172, 5212
5212, 13070
23206, 5213
10847, 5213
5213, 21981
28895, 5214
5214, 14515
9218, 5215
9895, 5215
8245, 5215
5215, 25049
20244, 5216
5216, 10269
8933, 5217
24089, 5217
17862, 5217
5217, 12912
23155, 5218
5218, 24731
5218, 13474
5218, 13959
5218, 25980
5218, 19109
8430, 5219
5219, 11035
9852, 5220
5220, 29360
24822, 5221
5221, 10771
13232, 5222
13290, 5222
23929, 5222
5222, 25356
10425, 5223
5223, 18132
16570, 5224
5224, 19368
19915, 5225
5225, 11827
11363, 5226
5226, 12500
5226, 9098
5226, 26531
16738, 5227
5227, 24690
13384, 5228
5228, 27968
20020, 5229
23261, 5229
5229, 13149
17177, 5230
5230, 17688
25209, 5231
5231, 11256
20720, 5232
5232, 20688
8367, 5233
5233, 24131
17754, 5234
13673, 5234
5234, 26662
26918, 5235
5235, 17688
24339, 5236
16440, 5236
13441, 5236
5236, 21025
9791, 5237
5237, 7932
12122, 5238
5238, 20489
5238, 9413
5238, 29758
5238, 20005
9508, 5239
5239, 19688
20303, 5240
5240, 9214
12374, 5241
5241, 15358
10561, 5242
5242, 24131
12407, 5243
27320, 5243
15689, 5243
21428, 5243
5243, 19688
29946, 5244
5244, 24293
8506, 5245
5245, 15598
29811, 5246
17264, 5246
5246, 21320
25303, 5247
14456, 5247
5247, 25305
8263, 5248
5248, 30162
7589, 5249
5249, 28721
22397, 5250
5250, 24156
10346, 5251
5251, 29149
11144, 5252
5252, 27361
15774, 5253
14719, 5253
5253, 13010
19003, 5254
5254, 12613
17332, 5255
17205, 5255
5255, 28771
22070, 5256
5256, 29945
28948, 5257
5257, 29391
27791, 5258
5258, 9548
21337, 5259
5259, 14303
20803, 5260
5260, 18055
23818, 5261
5261, 11606
22311, 5262
26202, 5262
5262, 20951
13530, 5263
5263, 24293
17357, 5264
5264, 12174
21878, 5265
30244, 5265
5265, 16525
5265, 28147
25290, 5266
5266, 9907
25648, 5267
5267, 21223
15505, 5268
25130, 5268
18846, 5268
29108, 5268
26074, 5268
27883, 5268
5268, 19368
28018, 5269
5269, 23680
9153, 5270
5270, 14175
29861, 5271
5271, 30431
16547, 5272
5272, 11294
23154, 5273
5273, 18694
9667, 5274
9841, 5274
5274, 13080
24207, 5275
17293, 5275
9537, 5275
10865, 5275
17528, 5275
15933, 5275
21046, 5275
25613, 5275
18904, 5275
27889, 5275
10297, 5275
26672, 5275
25805, 5275
10654, 5275
17149, 5275
15756, 5275
28685, 5275
9844, 5275
29527, 5275
19184, 5275
7793, 5275
13137, 5275
28535, 5275
15975, 5275
11201, 5275
28126, 5275
19401, 5275
23673, 5275
29442, 5275
20615, 5275
19295, 5275
15550, 5275
25148, 5275
19218, 5275
20151, 5275
29239, 5275
22434, 5275
8490, 5275
9610, 5275
22620, 5275
22071, 5275
30088, 5275
13315, 5275
21507, 5275
12014, 5275
13451, 5275
22728, 5275
23567, 5275
28993, 5275
23418, 5275
14548, 5275
20252, 5275
13970, 5275
18323, 5275
27932, 5275
21158, 5275
23671, 5275
15406, 5275
28934, 5275
24151, 5275
18548, 5275
26228, 5275
7485, 5275
12637, 5275
19287, 5275
25934, 5275
10627, 5275
15086, 5275
10763, 5275
14226, 5275
14250, 5275
28501, 5275
19477, 5275
28887, 5275
17996, 5275
24065, 5275
5275, 20917
11218, 5276
10637, 5276
5276, 21350
10257, 5277
5277, 11313
23656, 5278
25645, 5278
5278, 20065
30057, 5279
16170, 5279
5279, 17984
21351, 5280
5280, 11663
15075, 5281
5281, 21222
17358, 5282
5282, 30099
5282, 7536
5282, 30302
5282, 15156
19009, 5283
5283, 21595
17761, 5284
13638, 5284
28801, 5284
29347, 5284
17747, 5284
29102, 5284
9857, 5284
23237, 5284
12102, 5284
9195, 5284
14699, 5284
11829, 5284
19284, 5284
20162, 5284
5284, 13719
10716, 5285
5285, 25049
22365, 5286
5286, 15694
30244, 5287
5287, 7983
5287, 9475
19009, 5288
5288, 21595
23267, 5289
5289, 15767
21869, 5290
5290, 17870
16061, 5291
22847, 5291
5291, 24777
16959, 5292
5292, 20110
29465, 5293
5293, 18401
5293, 20517
5293, 28133
5293, 29629
5293, 13676
16058, 5294
5294, 24432
7697, 5295
5295, 9589
25169, 5296
5296, 22524
30132, 5297
5297, 24554
20121, 5298
11760, 5298
5298, 25929
29468, 5299
5299, 25049
27376, 5300
5300, 20662
25772, 5301
5301, 7722
18058, 5302
18542, 5302
17077, 5302
11298, 5302
8246, 5302
5302, 19541
11103, 5303
5303, 29768
19154, 5304
24296, 5304
20105, 5304
11496, 5304
13890, 5304
17160, 5304
9055, 5304
19117, 5304
13908, 5304
21527, 5304
20946, 5304
29721, 5304
11522, 5304
7647, 5304
9181, 5304
13615, 5304
13607, 5304
18444, 5304
17912, 5304
18965, 5304
5304, 20994
16558, 5305
14797, 5305
5305, 13080
16500, 5306
5306, 18162
12509, 5307
5307, 9669
5307, 17126
5307, 29651
27794, 5308
5308, 17323
29545, 5309
5309, 15412
23149, 5310
26782, 5310
8578, 5310
5310, 29943
19665, 5311
10511, 5311
24645, 5311
15144, 5311
5311, 21075
29344, 5312
5312, 19425
14341, 5313
5313, 24011
21220, 5314
5314, 17930
14923, 5315
5315, 16145
29765, 5316
5316, 21579
15821, 5317
5317, 21818
11916, 5318
5318, 22656
23766, 5319
5319, 8157
5319, 20641
23291, 5320
5320, 18055
11143, 5321
5321, 7964
17378, 5322
5322, 9930
15473, 5323
5323, 9805
18282, 5324
5324, 26538
21878, 5325
5325, 13387
11419, 5326
5326, 25678
15907, 5327
5327, 23922
15821, 5328
5328, 26638
19388, 5329
5329, 18392
13841, 5330
5330, 16466
17358, 5331
5331, 15467
5331, 23499
5331, 28606
5331, 14827
5331, 26265
23816, 5332
5332, 11026
29766, 5333
21198, 5333
20619, 5333
21717, 5333
5333, 15000
5333, 19620
5333, 23055
5333, 14238
5333, 8613
5333, 13083
5333, 14602
5333, 28583
5333, 11470
5333, 21613
5333, 26117
5333, 19367
5333, 29562
5333, 20749
5333, 8240
5333, 15992
5333, 10828
5333, 15527
5333, 27083
5333, 8719
5333, 16895
5333, 11843
5333, 25487
5333, 13988
5333, 28244
5333, 26735
5333, 21013
5333, 27769
5333, 27046
5333, 18864
12785, 5334
5334, 18452
16084, 5335
17387, 5335
26987, 5335
9206, 5335
18673, 5335
5335, 20937
19161, 5336
5336, 19975
23064, 5337
5337, 14037
20560, 5338
5338, 29911
23808, 5339
5339, 12633
19540, 5340
5340, 24024
23766, 5341
5341, 16711
5341, 11729
5341, 25805
5341, 10654
5341, 15086
16954, 5342
5342, 13080
15565, 5343
5343, 27127
5343, 12821
5343, 18549
5343, 16050
14192, 5344
25067, 5344
5344, 27294
11530, 5345
5345, 21501
16211, 5346
5346, 22321
15821, 5347
5347, 18045
26983, 5348
23436, 5348
15467, 5348
20449, 5348
20857, 5348
19657, 5348
30189, 5348
15267, 5348
10431, 5348
14122, 5348
29738, 5348
23499, 5348
12448, 5348
17183, 5348
17187, 5348
5348, 13719
25858, 5349
5349, 26493
21444, 5350
22375, 5350
5350, 10507
18016, 5351
5351, 8718
9122, 5352
5352, 12613
17032, 5353
5353, 19368
25725, 5354
19250, 5354
11957, 5354
13531, 5354
5354, 20857
10074, 5355
26564, 5355
14952, 5355
17022, 5355
18832, 5355
23958, 5355
15874, 5355
18775, 5355
25898, 5355
14237, 5355
10792, 5355
13458, 5355
8292, 5355
18594, 5355
13491, 5355
17277, 5355
12698, 5355
25234, 5355
5355, 16966
29177, 5356
11380, 5356
8822, 5356
27273, 5356
27403, 5356
5356, 10507
25340, 5357
20164, 5357
5357, 29911
12256, 5358
5358, 26129
22695, 5359
5359, 14957
24247, 5360
5360, 19371
13695, 5361
5361, 30066
26768, 5362
5362, 21581
23650, 5363
5363, 20833
17294, 5364
5364, 26092
18447, 5365
5365, 23733
21852, 5366
5366, 13070
14391, 5367
5367, 18491
18153, 5368
26727, 5368
18048, 5368
5368, 19858
10044, 5369
5369, 22769
13756, 5370
5370, 22836
13244, 5371
14137, 5371
5371, 10685
30081, 5372
5372, 15897
9602, 5373
25314, 5373
10081, 5373
10006, 5373
30115, 5373
5373, 26863
22885, 5374
5374, 21981
16698, 5375
5375, 25049
21904, 5376
10365, 5376
23492, 5376
8413, 5376
10433, 5376
19942, 5376
14243, 5376
13041, 5376
28431, 5376
20171, 5376
21765, 5376
10515, 5376
16838, 5376
25442, 5376
13159, 5376
9124, 5376
25975, 5376
8918, 5376
12736, 5376
18826, 5376
29554, 5376
12747, 5376
15938, 5376
15524, 5376
9662, 5376
20229, 5376
5376, 13719
23437, 5377
5377, 8741
8684, 5378
12156, 5378
5378, 13727
19107, 5379
5379, 16464
12115, 5380
5380, 25448
29344, 5381
5381, 16447
9293, 5382
5382, 22136
11092, 5383
5383, 9789
16171, 5384
23937, 5384
18894, 5384
9090, 5384
23047, 5384
21699, 5384
18952, 5384
25391, 5384
15609, 5384
19492, 5384
27559, 5384
29319, 5384
16882, 5384
20156, 5384
8029, 5384
14604, 5384
13577, 5384
13635, 5384
17483, 5384
28406, 5384
24813, 5384
24977, 5384
28665, 5384
17425, 5384
17742, 5384
10801, 5384
26110, 5384
24724, 5384
28275, 5384
20565, 5384
22952, 5384
11475, 5384
29305, 5384
28333, 5384
17733, 5384
17344, 5384
27002, 5384
9955, 5384
13738, 5384
14969, 5384
16786, 5384
25168, 5384
12281, 5384
22846, 5384
12242, 5384
26719, 5384
27096, 5384
28770, 5384
28928, 5384
20247, 5384
30368, 5384
5384, 10507
14847, 5385
5385, 8814
21301, 5386
5386, 17382
21465, 5387
5387, 21982
15708, 5388
5388, 9641
30173, 5389
5389, 13818
26353, 5390
5390, 28002
26523, 5391
5391, 28913
5391, 10297
5391, 13137
5391, 29239
5391, 27932
8608, 5392
5392, 17816
24287, 5393
5393, 13640
25416, 5394
5394, 19719
9438, 5395
5395, 11647
24177, 5396
5396, 30017
21668, 5397
20559, 5397
27259, 5397
9716, 5397
24764, 5397
25377, 5397
27795, 5397
22476, 5397
28321, 5397
9251, 5397
24298, 5397
30303, 5397
8439, 5397
13581, 5397
12363, 5397
24676, 5397
9409, 5397
30355, 5397
25969, 5397
19886, 5397
12001, 5397
17186, 5397
8952, 5397
23837, 5397
19112, 5397
10959, 5397
13113, 5397
30004, 5397
11057, 5397
8447, 5397
18126, 5397
10517, 5397
12668, 5397
15726, 5397
25151, 5397
9354, 5397
25139, 5397
24781, 5397
23466, 5397
27460, 5397
20368, 5397
14496, 5397
14749, 5397
30117, 5397
29486, 5397
10750, 5397
21700, 5397
20854, 5397
16144, 5397
5397, 12171
21869, 5398
5398, 17870
27369, 5399
13889, 5399
25729, 5399
13310, 5399
18476, 5399
16113, 5399
10989, 5399
20979, 5399
9608, 5399
13851, 5399
13267, 5399
18687, 5399
23473, 5399
16030, 5399
12140, 5399
23330, 5399
23868, 5399
9032, 5399
29218, 5399
17529, 5399
5399, 30019
14043, 5400
5400, 28172
14869, 5401
5401, 19257
5401, 13688
29344, 5402
5402, 29019
19211, 5403
5403, 24050
14206, 5404
12775, 5404
18250, 5404
9710, 5404
5404, 25162
27521, 5405
5405, 25709
23766, 5406
5406, 20139
5406, 14659
5406, 23312
5406, 10280
5406, 10872
5406, 17090
5406, 25706
16918, 5407
5407, 11294
14562, 5408
5408, 17201
20236, 5409
26792, 5409
10054, 5409
27780, 5409
5409, 28922
16584, 5410
5410, 22026
29862, 5411
5411, 17336
29344, 5412
5412, 30351
8856, 5413
5413, 15892
26800, 5414
5414, 18524
22611, 5415
5415, 12619
22157, 5416
25947, 5416
5416, 25049
19786, 5417
30377, 5417
5417, 8081
20020, 5418
5418, 13149
10449, 5419
5419, 28272
5419, 26295
5419, 11672
5419, 8507
5419, 21642
5419, 9104
5419, 16554
5419, 26176
5419, 18707
5419, 30311
5419, 25780
5419, 24497
5419, 20516
5419, 21122
5419, 21455
5419, 20947
5419, 29962
5419, 18111
5419, 19380
5419, 8361
5419, 27141
5419, 26641
5419, 28034
5419, 10624
5419, 9068
5419, 13801
5419, 25323
5419, 10239
5419, 29389
5419, 7559
5419, 19200
5419, 26250
5419, 28498
5419, 10813
5419, 17632
5419, 27047
5419, 12693
5419, 19499
5419, 15305
5419, 18558
5419, 9337
5419, 13540
5419, 25676
5419, 21529
5419, 24470
5419, 18031
5419, 9474
5419, 28825
5419, 12137
5419, 13626
5419, 16947
5419, 12652
5419, 10759
5419, 16895
5419, 20220
5419, 27046
5419, 8967
5419, 8165
21337, 5420
5420, 20289
5420, 9318
8347, 5421
5421, 20711
11285, 5422
5422, 16023
18728, 5423
5423, 24293
25363, 5424
23089, 5424
8905, 5424
17736, 5424
18547, 5424
22841, 5424
14484, 5424
25035, 5424
27313, 5424
5424, 29427
5424, 19118
5424, 19997
5424, 22470
5424, 21375
5424, 13629
5424, 30074
26441, 5425
5425, 21500
22868, 5426
5426, 13080
25954, 5427
5427, 7758
5427, 23375
23334, 5428
5428, 15484
5428, 25707
14382, 5429
5429, 21277
27309, 5430
7749, 5430
29041, 5430
5430, 23360
10945, 5431
5431, 20090
13134, 5432
17822, 5432
5432, 25049
23463, 5433
5433, 29514
5433, 23076
5433, 16280
5433, 13317
5433, 21560
5433, 12013
5433, 27732
5433, 24478
5433, 13454
5433, 28896
5433, 10564
5433, 23180
5433, 19708
5433, 14561
5433, 21487
5433, 11152
5433, 23454
5433, 22719
5433, 22663
5433, 16586
5433, 25906
5433, 9397
5433, 22223
5433, 9870
5433, 12232
5433, 30008
5433, 17545
5433, 26187
5433, 18015
5433, 23946
5433, 8302
5433, 13896
5433, 10328
5433, 10918
5433, 11611
5433, 28343
5433, 27713
5433, 15925
5433, 28010
5433, 19833
5433, 30290
5433, 21877
5433, 25625
5433, 17970
5433, 27803
5433, 29497
5433, 15968
5433, 28076
5433, 30198
5433, 25338
5433, 30357
5433, 10136
5433, 23447
5433, 26633
5433, 19531
5433, 8585
5433, 13268
5433, 27841
5433, 28764
5433, 18518
5433, 13194
5433, 28220
5433, 25247
5433, 26637
5433, 24812
5433, 27499
5433, 8886
5433, 12399
5433, 25823
5433, 12715
5433, 12217
5433, 23854
5433, 30144
5433, 15408
5433, 26436
5433, 9768
5433, 20740
5433, 21651
5433, 13554
5433, 20901
5433, 21086
5433, 7960
5433, 15831
5433, 13383
5433, 19763
5433, 24762
5433, 27022
5433, 7529
5433, 18474
5433, 29130
13170, 5434
5434, 30149
10894, 5435
5435, 19371
30295, 5436
5436, 7808
21512, 5437
5437, 18144
12380, 5438
5438, 16370
8861, 5439
5439, 28721
29756, 5440
5440, 14343
9911, 5441
8730, 5441
7758, 5441
23761, 5441
11473, 5441
19447, 5441
20830, 5441
9718, 5441
11827, 5441
27719, 5441
17125, 5441
17164, 5441
13080, 5441
14852, 5441
12555, 5441
26488, 5441
20197, 5441
16822, 5441
16916, 5441
27546, 5441
25264, 5441
29195, 5441
29943, 5441
21235, 5441
25049, 5441
20719, 5441
22184, 5441
16671, 5441
25908, 5441
10962, 5441
23922, 5441
18747, 5441
14605, 5441
14139, 5441
25799, 5441
14535, 5441
9151, 5441
29937, 5441
11511, 5441
16000, 5441
24326, 5441
20860, 5441
15303, 5441
15431, 5441
26863, 5441
13323, 5441
26309, 5441
26910, 5441
19371, 5441
27810, 5441
18512, 5441
27536, 5441
19368, 5441
9390, 5441
22383, 5441
20704, 5441
18353, 5441
24754, 5441
22321, 5441
25473, 5441
13070, 5441
9734, 5441
11373, 5441
17606, 5441
20934, 5441
30352, 5441
27538, 5441
22471, 5441
30329, 5441
17014, 5441
10151, 5441
15615, 5441
21500, 5441
25498, 5441
15536, 5441
19000, 5441
17051, 5441
24293, 5441
9114, 5441
8649, 5441
15647, 5441
12073, 5441
17916, 5441
13977, 5441
21241, 5441
21426, 5441
17950, 5441
16834, 5441
10920, 5441
9805, 5441
9790, 5441
22641, 5441
29355, 5441
13885, 5441
11546, 5441
24666, 5441
27350, 5441
15892, 5441
20270, 5441
18055, 5441
21368, 5441
21926, 5441
22656, 5441
26012, 5441
13844, 5441
13487, 5441
18753, 5441
28922, 5441
30392, 5441
28732, 5441
29911, 5441
11668, 5441
8814, 5441
13808, 5441
8081, 5441
10507, 5441
13337, 5441
27010, 5441
20056, 5441
15570, 5441
18657, 5441
11564, 5441
27361, 5441
21981, 5441
30267, 5441
12613, 5441
20662, 5441
28721, 5441
5441, 10452
30080, 5442
11269, 5442
17140, 5442
9689, 5442
5442, 13719
22248, 5443
9514, 5443
29627, 5443
11993, 5443
27035, 5443
22574, 5443
16433, 5443
9200, 5443
24964, 5443
18506, 5443
12373, 5443
19440, 5443
24243, 5443
9788, 5443
20280, 5443
11044, 5443
15545, 5443
9597, 5443
24390, 5443
15177, 5443
27228, 5443
28978, 5443
22518, 5443
15387, 5443
16746, 5443
20963, 5443
24112, 5443
27997, 5443
30373, 5443
17786, 5443
15478, 5443
23865, 5443
18985, 5443
13022, 5443
22604, 5443
25484, 5443
17474, 5443
19487, 5443
27963, 5443
11742, 5443
15240, 5443
8391, 5443
8616, 5443
30234, 5443
23694, 5443
27364, 5443
26415, 5443
15435, 5443
16130, 5443
21179, 5443
22625, 5443
19744, 5443
21354, 5443
24166, 5443
12216, 5443
19066, 5443
9883, 5443
11153, 5443
22535, 5443
11222, 5443
15561, 5443
27921, 5443
26286, 5443
26586, 5443
21814, 5443
25639, 5443
27594, 5443
7999, 5443
11146, 5443
9943, 5443
11058, 5443
22997, 5443
15133, 5443
22773, 5443
13085, 5443
11014, 5443
12670, 5443
27771, 5443
24443, 5443
28006, 5443
22462, 5443
26786, 5443
22971, 5443
29366, 5443
18027, 5443
22231, 5443
17787, 5443
27330, 5443
12335, 5443
29704, 5443
10799, 5443
26479, 5443
29349, 5443
11271, 5443
9838, 5443
20682, 5443
9747, 5443
22966, 5443
13692, 5443
18238, 5443
15637, 5443
17550, 5443
14681, 5443
9141, 5443
10650, 5443
27564, 5443
23138, 5443
21815, 5443
14490, 5443
24248, 5443
23918, 5443
29399, 5443
17766, 5443
23456, 5443
21566, 5443
9233, 5443
21404, 5443
24807, 5443
10529, 5443
11142, 5443
15284, 5443
24157, 5443
29021, 5443
17877, 5443
15080, 5443
17749, 5443
13419, 5443
30281, 5443
15180, 5443
7832, 5443
29803, 5443
23030, 5443
14789, 5443
29518, 5443
26927, 5443
21773, 5443
23419, 5443
24536, 5443
16873, 5443
27749, 5443
18348, 5443
11817, 5443
24396, 5443
21499, 5443
8715, 5443
13084, 5443
13664, 5443
20378, 5443
22125, 5443
13681, 5443
27298, 5443
24769, 5443
22562, 5443
13759, 5443
29151, 5443
17834, 5443
18258, 5443
28310, 5443
15131, 5443
8023, 5443
21389, 5443
16735, 5443
12716, 5443
16527, 5443
26321, 5443
25270, 5443
12361, 5443
25294, 5443
9044, 5443
22627, 5443
10862, 5443
23486, 5443
7611, 5443
9525, 5443
21951, 5443
9577, 5443
22660, 5443
20581, 5443
23049, 5443
15966, 5443
13340, 5443
16026, 5443
25628, 5443
21106, 5443
28413, 5443
14409, 5443
13982, 5443
29487, 5443
18085, 5443
10717, 5443
23976, 5443
29296, 5443
28931, 5443
21394, 5443
27271, 5443
25084, 5443
24272, 5443
22962, 5443
14249, 5443
12259, 5443
29648, 5443
19980, 5443
9476, 5443
25387, 5443
23006, 5443
10753, 5443
23732, 5443
8515, 5443
25610, 5443
15251, 5443
9136, 5443
27297, 5443
13410, 5443
11019, 5443
26024, 5443
12678, 5443
25585, 5443
13910, 5443
19515, 5443
27328, 5443
24067, 5443
26293, 5443
19332, 5443
28826, 5443
25721, 5443
20126, 5443
8923, 5443
29352, 5443
17053, 5443
14779, 5443
13255, 5443
27274, 5443
28255, 5443
25188, 5443
12357, 5443
10641, 5443
29338, 5443
12108, 5443
16129, 5443
24825, 5443
18889, 5443
17734, 5443
27188, 5443
30103, 5443
21312, 5443
30300, 5443
26208, 5443
27805, 5443
18418, 5443
27065, 5443
17819, 5443
20279, 5443
29673, 5443
10274, 5443
29539, 5443
25038, 5443
7531, 5443
27485, 5443
20150, 5443
9956, 5443
23670, 5443
21543, 5443
11894, 5443
20314, 5443
16153, 5443
22202, 5443
25488, 5443
22897, 5443
8376, 5443
26628, 5443
7726, 5443
14181, 5443
20867, 5443
8187, 5443
19687, 5443
29521, 5443
14771, 5443
24096, 5443
26291, 5443
17285, 5443
5443, 18061
20020, 5444
27530, 5444
5444, 13149
13694, 5445
5445, 20376
14782, 5446
18763, 5446
5446, 12479
11734, 5447
5447, 16175
12572, 5448
5448, 21163
24616, 5449
5449, 9842
20724, 5450
5450, 24026
25839, 5451
5451, 14601
26833, 5452
5452, 17522
12862, 5453
5453, 24734
19974, 5454
28330, 5454
11780, 5454
5454, 23137
5454, 29678
16944, 5455
5455, 7859
16748, 5456
5456, 9890
27241, 5457
5457, 29099
26223, 5458
5458, 7510
25852, 5459
5459, 28658
5459, 27746
12586, 5460
5460, 17175
5460, 24202
5460, 20074
14217, 5461
5461, 27862
12421, 5462
5462, 27279
29008, 5463
5463, 29582
14315, 5464
5464, 15892
27225, 5465
5465, 22735
25744, 5466
5466, 8305
11734, 5467
5467, 10024
8766, 5468
5468, 21158
18185, 5469
5469, 15570
21852, 5470
5470, 13231
9534, 5471
5471, 14852
18282, 5472
5472, 26538
27316, 5473
5473, 24138
23039, 5474
9258, 5474
5474, 25306
25463, 5475
5475, 21981
16600, 5476
5476, 24538
30293, 5477
5477, 27127
29008, 5478
5478, 21263
5478, 30112
5478, 19461
5478, 29884
5478, 28337
15150, 5479
26249, 5479
23028, 5479
15644, 5479
10019, 5479
5479, 27195
5479, 23350
5479, 25486
14255, 5480
5480, 29126
19444, 5481
5481, 7900
29008, 5482
5482, 11069
20372, 5483
5483, 24293
15245, 5484
5484, 10426
23449, 5485
5485, 26797
11588, 5486
5486, 25166
20930, 5487
5487, 22256
29024, 5488
5488, 27628
28815, 5489
8763, 5489
5489, 14186
17811, 5490
5490, 25049
17252, 5491
5491, 13080
17145, 5492
5492, 20501
11693, 5493
11713, 5493
27463, 5493
29243, 5493
16428, 5493
5493, 27391
28397, 5494
5494, 27615
5494, 27127
14682, 5495
5495, 29580
5495, 16145
12122, 5496
5496, 16761
5496, 30070
12795, 5497
5497, 30141
15867, 5498
5498, 14888
23106, 5499
9087, 5499
18788, 5499
12402, 5499
28933, 5499
18828, 5499
12038, 5499
5499, 13719
15456, 5500
5500, 27538
22755, 5501
5501, 17916
19637, 5502
5502, 29350
23170, 5503
20965, 5503
5503, 8145
25868, 5504
5504, 16206
25812, 5505
5505, 7710
5505, 7739
29344, 5506
5506, 29503
14639, 5507
5507, 27361
12233, 5508
5508, 18876
9623, 5509
5509, 29427
5509, 19118
5509, 19997
5509, 22470
5509, 25714
5509, 13629
5509, 30074
11091, 5510
5510, 26761
22413, 5511
5511, 9741
17752, 5512
5512, 15223
18699, 5513
5513, 23922
13510, 5514
5514, 23674
13030, 5515
5515, 11827
28742, 5516
5516, 28313
11038, 5517
21319, 5517
8418, 5517
5517, 24131
29745, 5518
5518, 25688
21351, 5519
5519, 11632
19094, 5520
5520, 22610
19558, 5521
5521, 25162
25450, 5522
5522, 14126
17131, 5523
26474, 5523
25055, 5523
5523, 22343
30244, 5524
5524, 14864
5524, 21388
5524, 22828
20664, 5525
23083, 5525
16348, 5525
9761, 5525
17123, 5525
18871, 5525
20128, 5525
5525, 20110
11734, 5526
5526, 13286
15809, 5527
5527, 30352
14645, 5528
5528, 20550
9073, 5529
14413, 5529
5529, 20738
29198, 5530
5530, 23200
13465, 5531
5531, 18384
17430, 5532
10540, 5532
5532, 17109
13756, 5533
5533, 22836
26277, 5534
5534, 8704
13968, 5535
5535, 14957
22482, 5536
5536, 26724
27155, 5537
5537, 24720
21878, 5538
5538, 28889
29008, 5539
12122, 5539
5539, 10135
11877, 5540
5540, 24369
28595, 5541
26401, 5541
21352, 5541
27818, 5541
27033, 5541
8602, 5541
12431, 5541
10191, 5541
19897, 5541
22216, 5541
10238, 5541
19270, 5541
15583, 5541
11912, 5541
30253, 5541
12498, 5541
16989, 5541
15841, 5541
9421, 5541
8804, 5541
19093, 5541
27452, 5541
13995, 5541
30327, 5541
11068, 5541
15166, 5541
17553, 5541
9720, 5541
20944, 5541
11604, 5541
19453, 5541
15810, 5541
8060, 5541
27260, 5541
23292, 5541
12520, 5541
26642, 5541
27911, 5541
24221, 5541
24739, 5541
14146, 5541
10620, 5541
17581, 5541
21835, 5541
24491, 5541
16258, 5541
16571, 5541
16549, 5541
26023, 5541
13424, 5541
22404, 5541
20634, 5541
26961, 5541
11737, 5541
8339, 5541
9378, 5541
27070, 5541
25419, 5541
19873, 5541
20060, 5541
18198, 5541
14841, 5541
23687, 5541
18147, 5541
23649, 5541
17320, 5541
24751, 5541
27929, 5541
26706, 5541
16394, 5541
18809, 5541
8448, 5541
24356, 5541
29935, 5541
5541, 14979
15530, 5542
5542, 27810
7903, 5543
19678, 5543
5543, 27015
15168, 5544
5544, 21489
25184, 5545
29609, 5545
11783, 5545
14569, 5545
15830, 5545
19366, 5545
29508, 5545
10986, 5545
29596, 5545
5545, 15857
27090, 5546
11445, 5546
26746, 5546
28863, 5546
11493, 5546
17101, 5546
5546, 13561
10984, 5547
5547, 11827
9255, 5548
5548, 17272
13339, 5549
5549, 25306
11239, 5550
5550, 17333
26444, 5551
5551, 14926
25587, 5552
5552, 20093
21152, 5553
5553, 27327
11038, 5554
5554, 19368
20381, 5555
21405, 5555
5555, 11035
30081, 5556
5556, 11061
10217, 5557
11954, 5557
19143, 5557
18104, 5557
8130, 5557
24120, 5557
13054, 5557
19702, 5557
10143, 5557
27980, 5557
27617, 5557
15484, 5557
21888, 5557
13294, 5557
27615, 5557
30370, 5557
19739, 5557
16700, 5557
30134, 5557
19048, 5557
20725, 5557
30239, 5557
17688, 5557
22058, 5557
17405, 5557
15067, 5557
21374, 5557
7514, 5557
27231, 5557
26998, 5557
24479, 5557
8814, 5557
27127, 5557
10507, 5557
24653, 5557
14253, 5557
23741, 5557
10120, 5557
21662, 5557
12912, 5557
12130, 5557
5557, 21264
23581, 5558
5558, 17606
11883, 5559
5559, 23268
29344, 5560
5560, 22300
29523, 5561
5561, 25049
18900, 5562
5562, 29666
5562, 29888
5562, 11219
23740, 5563
5563, 18454
5563, 19853
20245, 5564
5564, 10507
10599, 5565
5565, 28443
21845, 5566
12011, 5566
5566, 23552
27603, 5567
5567, 19371
19104, 5568
5568, 13007
13061, 5569
5569, 26917
28584, 5570
25430, 5570
18537, 5570
5570, 29736
28953, 5571
5571, 11269
9701, 5572
16839, 5572
26440, 5572
29411, 5572
26095, 5572
25235, 5572
12478, 5572
26254, 5572
5572, 15615
25877, 5573
5573, 21805
20785, 5574
10907, 5574
12756, 5574
10233, 5574
14889, 5574
27613, 5574
5574, 21075
8394, 5575
5575, 22813
8803, 5576
11785, 5576
26220, 5576
11801, 5576
28447, 5576
5576, 26012
27629, 5577
5577, 26708
29055, 5578
5578, 20934
22461, 5579
5579, 26196
19921, 5580
5580, 11804
13802, 5581
5581, 13131
5581, 30073
5581, 7610
17216, 5582
5582, 7672
18605, 5583
5583, 21579
17358, 5584
5584, 8594
5584, 8151
5584, 13804
5584, 29884
8135, 5585
5585, 30385
5585, 25306
22513, 5586
5586, 25306
29344, 5587
5587, 24433
17661, 5588
5588, 24293
15318, 5589
5589, 17941
21679, 5590
8763, 5590
5590, 25397
27947, 5591
5591, 20162
17604, 5592
5592, 21500
17452, 5593
5593, 19368
29318, 5594
5594, 21683
11734, 5595
5595, 27428
19334, 5596
8763, 5596
5596, 8148
8684, 5597
5597, 13727
18631, 5598
5598, 13498
5598, 30109
5598, 24494
5598, 25500
5598, 13396
5598, 15057
5598, 19881
25196, 5599
21882, 5599
5599, 22742
23867, 5600
14021, 5600
5600, 8575
16397, 5601
5601, 20852
17358, 5602
5602, 7633
5602, 11003
5602, 14674
22467, 5603
19451, 5603
5603, 8022
24929, 5604
7730, 5604
24880, 5604
27714, 5604
17395, 5604
26009, 5604
21592, 5604
25049, 5604
17645, 5604
22836, 5604
17423, 5604
19019, 5604
12379, 5604
29833, 5604
14247, 5604
30179, 5604
13847, 5604
18208, 5604
27153, 5604
10544, 5604
17061, 5604
19371, 5604
19368, 5604
21954, 5604
28398, 5604
13070, 5604
16466, 5604
21828, 5604
13149, 5604
24241, 5604
29945, 5604
10209, 5604
8633, 5604
22026, 5604
8066, 5604
19050, 5604
27624, 5604
21683, 5604
13411, 5604
16661, 5604
21043, 5604
12062, 5604
9930, 5604
11017, 5604
17688, 5604
18162, 5604
20379, 5604
9790, 5604
10189, 5604
21047, 5604
14268, 5604
11482, 5604
18055, 5604
17690, 5604
22656, 5604
24973, 5604
9674, 5604
27000, 5604
24050, 5604
7613, 5604
29188, 5604
26933, 5604
12533, 5604
20085, 5604
7537, 5604
15761, 5604
11564, 5604
20480, 5604
17820, 5604
21439, 5604
12912, 5604
24959, 5604
22478, 5604
5604, 12780
12829, 5605
5605, 13579
24611, 5606
5606, 23922
8406, 5607
5607, 9834
22975, 5608
5608, 25598
16073, 5609
5609, 12130
8935, 5610
5610, 9940
17137, 5611
5611, 24852
20770, 5612
5612, 25666
5612, 20413
25027, 5613
5613, 25049
11509, 5614
5614, 14942
28991, 5615
9355, 5615
5615, 15570
21233, 5616
5616, 27181
17334, 5617
14578, 5617
18487, 5617
12840, 5617
22553, 5617
22210, 5617
27724, 5617
7695, 5617
10487, 5617
21339, 5617
26122, 5617
11435, 5617
26285, 5617
8024, 5617
23939, 5617
27342, 5617
14370, 5617
13645, 5617
27305, 5617
7585, 5617
7624, 5617
15167, 5617
14892, 5617
11880, 5617
12875, 5617
8983, 5617
15011, 5617
5617, 29195
29948, 5618
13807, 5618
17066, 5618
14822, 5618
21383, 5618
24750, 5618
22064, 5618
27017, 5618
10785, 5618
5618, 10102
9830, 5619
5619, 24293
8403, 5620
22304, 5620
5620, 22769
26203, 5621
5621, 21452
15021, 5622
5622, 7931
5622, 20112
30061, 5623
5623, 18055
30133, 5624
5624, 11269
20095, 5625
5625, 21493
22839, 5626
5626, 19368
20594, 5627
5627, 17201
26254, 5628
15429, 5628
24484, 5628
5628, 21174
29344, 5629
5629, 25851
15162, 5630
5630, 11701
10593, 5631
5631, 23706
23413, 5632
5632, 25049
13756, 5633
5633, 22836
15039, 5634
25967, 5634
5634, 25049
25832, 5635
30050, 5635
18897, 5635
26021, 5635
5635, 29394
15456, 5636
5636, 12925
27124, 5637
5637, 19368
23696, 5638
12420, 5638
26388, 5638
26891, 5638
25531, 5638
7705, 5638
30207, 5638
18253, 5638
22087, 5638
30303, 5638
10629, 5638
15949, 5638
23726, 5638
26634, 5638
24577, 5638
25563, 5638
13112, 5638
19112, 5638
16513, 5638
18803, 5638
11471, 5638
10142, 5638
17824, 5638
24640, 5638
11338, 5638
14278, 5638
15495, 5638
24310, 5638
22105, 5638
8828, 5638
11300, 5638
26896, 5638
11368, 5638
24340, 5638
15540, 5638
30004, 5638
23730, 5638
28641, 5638
30011, 5638
9698, 5638
5638, 18086
28153, 5639
5639, 11727
23766, 5640
5640, 30406
5640, 21911
5640, 14552
5640, 7791
5640, 22916
15010, 5641
13580, 5641
20496, 5641
15924, 5641
21492, 5641
25996, 5641
22196, 5641
15469, 5641
5641, 15948
23155, 5642
5642, 9156
5642, 14512
5642, 24864
5642, 9777
5642, 16322
5642, 25111
9227, 5643
5643, 29636
15231, 5644
5644, 28217
28169, 5645
5645, 24293
25765, 5646
5646, 18811
20441, 5647
5647, 24364
26776, 5648
5648, 28721
16955, 5649
5649, 22321
23679, 5650
5650, 14223
23309, 5651
14523, 5651
5651, 9734
12586, 5652
5652, 17310
29594, 5653
5653, 28102
9013, 5654
5654, 10507
24291, 5655
5655, 18055
11897, 5656
5656, 18879
25744, 5657
5657, 17400
22752, 5658
22803, 5658
5658, 27850
28084, 5659
5659, 22321
20020, 5660
5660, 13149
17540, 5661
5661, 17635
22208, 5662
5662, 29937
19188, 5663
5663, 12177
5663, 14291
23566, 5664
8299, 5664
28650, 5664
20425, 5664
5664, 25355
23077, 5665
5665, 28887
19909, 5666
5666, 17671
25216, 5667
5667, 8113
10092, 5668
5668, 13899
16090, 5669
21300, 5669
21084, 5669
26063, 5669
9672, 5669
13305, 5669
25091, 5669
25217, 5669
11327, 5669
21948, 5669
28286, 5669
12751, 5669
10533, 5669
27256, 5669
10343, 5669
11625, 5669
5669, 10507
17159, 5670
5670, 22321
7870, 5671
5671, 19315
24581, 5672
17748, 5672
27256, 5672
10309, 5672
23539, 5672
23032, 5672
12730, 5672
29657, 5672
15045, 5672
15059, 5672
25186, 5672
8712, 5672
15622, 5672
20707, 5672
9198, 5672
18302, 5672
13018, 5672
5672, 16838
22258, 5673
15731, 5673
28908, 5673
15898, 5673
5673, 23352
12122, 5674
5674, 14625
18766, 5675
5675, 7579
20020, 5676
18703, 5676
5676, 13149
17242, 5677
5677, 25306
16325, 5678
5678, 25630
11281, 5679
27808, 5679
10869, 5679
12798, 5679
5679, 13480
16847, 5680
5680, 25264
29117, 5681
5681, 11217
5681, 16199
16457, 5682
5682, 24293
11734, 5683
5683, 9674
14345, 5684
5684, 13189
20267, 5685
5685, 29833
20630, 5686
5686, 29135
21293, 5687
5687, 18896
22549, 5688
5688, 19636
19026, 5689
5689, 24649
22580, 5690
5690, 21851
24708, 5691
5691, 23922
9793, 5692
5692, 14293
20350, 5693
5693, 14957
23766, 5694
5694, 20461
5694, 17476
5694, 26518
5694, 25220
5694, 16001
17358, 5695
5695, 17856
21681, 5696
5696, 19947
17926, 5697
8855, 5697
5697, 13012
26349, 5698
5698, 24634
22483, 5699
21193, 5699
5699, 27349
26963, 5700
5700, 21345
21397, 5701
13354, 5701
10542, 5701
28355, 5701
20492, 5701
18502, 5701
25320, 5701
5701, 14514
26523, 5702
5702, 29441
5702, 15908
5702, 18739
5702, 8883
23322, 5703
5703, 28939
27216, 5704
5704, 15570
19340, 5705
8763, 5705
12477, 5705
30010, 5705
15853, 5705
19879, 5705
5705, 14186
18427, 5706
14774, 5706
5706, 25719
9767, 5707
5707, 8629
22558, 5708
5708, 13070
15222, 5709
5709, 13070
18320, 5710
5710, 16890
28183, 5711
5711, 9270
13861, 5712
5712, 21981
10286, 5713
15580, 5713
5713, 14332
26430, 5714
11488, 5714
5714, 19463
28091, 5715
5715, 23870
24587, 5716
5716, 11936
26391, 5717
5717, 13385
29344, 5718
5718, 20871
18795, 5719
5719, 11728
13923, 5720
5720, 10512
29756, 5721
5721, 14343
17599, 5722
5722, 21981
22152, 5723
5723, 16385
22080, 5724
5724, 24599
14470, 5725
8908, 5725
5725, 8814
24876, 5726
29866, 5726
5726, 22171
24469, 5727
5727, 24293
18589, 5728
5728, 8814
8619, 5729
5729, 27181
25409, 5730
5730, 23931
15821, 5731
5731, 18045
15855, 5732
14261, 5732
5732, 24293
18175, 5733
5733, 21254
29008, 5734
5734, 26434
5734, 25816
5734, 19100
29787, 5735
18282, 5735
5735, 24880
29117, 5736
5736, 10154
5736, 15928
5736, 29712
15118, 5737
5737, 15067
29432, 5738
7554, 5738
12953, 5738
5738, 26012
29818, 5739
5739, 17785
30081, 5740
5740, 10029
23766, 5741
5741, 15194
5741, 21680
5741, 25659
18221, 5742
5742, 14169
26760, 5743
20208, 5743
5743, 24663
22946, 5744
8441, 5744
5744, 25049
11433, 5745
24009, 5745
15881, 5745
5745, 9536
28493, 5746
5746, 27698
21351, 5747
5747, 27192
17368, 5748
5748, 24777
17145, 5749
5749, 27123
21735, 5750
5750, 7954
16132, 5751
5751, 25142
29765, 5752
5752, 11668
13742, 5753
5753, 15802
18282, 5754
5754, 20934
7910, 5755
5755, 24663
23142, 5756
5756, 11490
23369, 5757
5757, 25660
22335, 5758
16174, 5758
5758, 16121
21065, 5759
5759, 25575
27720, 5760
5760, 19688
26582, 5761
24273, 5761
9688, 5761
5761, 28879
29344, 5762
5762, 10507
29344, 5763
5763, 23753
21531, 5764
5764, 25178
21514, 5765
5765, 28878
5765, 19479
5765, 23010
23853, 5766
5766, 15894
26853, 5767
12782, 5767
17360, 5767
20300, 5767
24553, 5767
21866, 5767
9664, 5767
5767, 13847
24058, 5768
5768, 26901
25756, 5769
5769, 21500
14907, 5770
5770, 8310
29008, 5771
5771, 7966
5771, 17308
5771, 24153
5771, 17555
15821, 5772
5772, 21818
22093, 5773
5773, 14536
15958, 5774
5774, 16143
24410, 5775
5775, 16420
10206, 5776
5776, 25810
29818, 5777
5777, 27918
17052, 5778
12531, 5778
17180, 5778
15749, 5778
19105, 5778
24006, 5778
5778, 13875
20724, 5779
5779, 27538
29383, 5780
5780, 13729
27814, 5781
5781, 11728
9174, 5782
5782, 16826
15666, 5783
5783, 25948
13360, 5784
5784, 13070
23429, 5785
10979, 5785
29326, 5785
11064, 5785
24646, 5785
5785, 19368
5785, 20937
17972, 5786
5786, 29759
5786, 29580
28523, 5787
14283, 5787
23862, 5787
24371, 5787
12975, 5787
27254, 5787
5787, 9059
14206, 5788
5788, 25162
13456, 5789
5789, 18422
5789, 18493
28237, 5790
5790, 29414
27120, 5791
5791, 19887
26894, 5792
5792, 8172
21295, 5793
5793, 24293
14627, 5794
5794, 26926
26353, 5795
5795, 21902
20020, 5796
5796, 13149
19278, 5797
5797, 10137
29333, 5798
5798, 25049
17951, 5799
5799, 23375
27759, 5800
5800, 17699
13756, 5801
5801, 22836
8634, 5802
5802, 16151
14582, 5803
5803, 29848
16116, 5804
5804, 14197
16959, 5805
5805, 30289
29770, 5806
5806, 19368
10320, 5807
5807, 27699
19418, 5808
5808, 26567
11038, 5809
27021, 5809
5809, 29391
18282, 5810
5810, 25087
13146, 5811
20456, 5811
5811, 20852
18282, 5812
5812, 13691
20913, 5813
5813, 22221
11734, 5814
5814, 13105
18088, 5815
8359, 5815
21128, 5815
19262, 5815
23238, 5815
5815, 13844
19885, 5816
5816, 21433
20964, 5817
5817, 11818
14996, 5818
7566, 5818
20657, 5818
28769, 5818
5818, 30171
23025, 5819
19518, 5819
5819, 25264
21093, 5820
5820, 13070
13223, 5821
5821, 27000
5821, 7803
17222, 5822
5822, 17502
13904, 5823
5823, 29608
8624, 5824
5824, 26359
25271, 5825
5825, 30214
5825, 30143
29118, 5826
5826, 25049
11143, 5827
5827, 7964
28858, 5828
5828, 13411
23502, 5829
23349, 5829
5829, 12539
13430, 5830
5830, 17723
17358, 5831
5831, 22017
5831, 13769
5831, 13070
5831, 9365
5831, 19072
23700, 5832
7762, 5832
5832, 20938
30358, 5833
5833, 27395
23155, 5834
5834, 26327
9054, 5835
14835, 5835
5835, 17257
16959, 5836
5836, 30181
16959, 5837
5837, 29435
20019, 5838
8985, 5838
5838, 18644
17281, 5839
5839, 13225
24689, 5840
5840, 23692
11355, 5841
5841, 13070
27167, 5842
5842, 15448
23341, 5843
17700, 5843
5843, 23627
5843, 13536
5843, 17448
5843, 11949
5843, 10555
5843, 30211
5843, 20786
5843, 20394
5843, 25090
5843, 14412
5843, 11688
5843, 26647
5843, 21832
5843, 8036
5843, 26410
5843, 29823
5843, 25726
5843, 25460
5843, 11547
5843, 13488
5843, 24626
5843, 16817
5843, 24217
5843, 26037
8161, 5844
5844, 29637
22558, 5845
5845, 13070
7644, 5846
5846, 11409
5846, 15406
11734, 5847
5847, 15862
12122, 5848
5848, 16710
12199, 5849
5849, 15402
20142, 5850
5850, 28014
8062, 5851
5851, 30445
23155, 5852
5852, 18275
5852, 24095
5852, 14824
5852, 29327
5852, 13206
12122, 5853
5853, 9780
5853, 26217
26881, 5854
5854, 27615
29980, 5855
5855, 14042
23118, 5856
5856, 16590
15624, 5857
5857, 22630
18956, 5858
5858, 25049
21878, 5859
5859, 27239
13593, 5860
27946, 5860
29050, 5860
16863, 5860
11770, 5860
23883, 5860
29621, 5860
9825, 5860
24304, 5860
9545, 5860
14376, 5860
9368, 5860
9499, 5860
17681, 5860
25012, 5860
18916, 5860
12418, 5860
15787, 5860
14403, 5860
5860, 27810
12378, 5861
5861, 23785
11396, 5862
8267, 5862
26141, 5862
26159, 5862
5862, 10430
10214, 5863
9676, 5863
26988, 5863
20235, 5863
9517, 5863
5863, 25817
29378, 5864
20075, 5864
28516, 5864
26870, 5864
20510, 5864
24333, 5864
13407, 5864
27648, 5864
16545, 5864
5864, 23965
22148, 5865
5865, 19186
14174, 5866
14399, 5866
30220, 5866
29858, 5866
28668, 5866
18494, 5866
11227, 5866
11444, 5866
16947, 5866
17049, 5866
21223, 5866
14238, 5866
24275, 5866
12167, 5866
14554, 5866
15161, 5866
28949, 5866
14911, 5866
27987, 5866
8613, 5866
14564, 5866
8981, 5866
10664, 5866
9979, 5866
15858, 5866
12652, 5866
13083, 5866
22261, 5866
12611, 5866
22455, 5866
15199, 5866
28351, 5866
26078, 5866
21283, 5866
20519, 5866
19893, 5866
18669, 5866
14602, 5866
18733, 5866
19219, 5866
21067, 5866
26551, 5866
25343, 5866
11572, 5866
7743, 5866
26164, 5866
28583, 5866
13547, 5866
22033, 5866
11470, 5866
8231, 5866
28295, 5866
8196, 5866
23012, 5866
14305, 5866
21460, 5866
25894, 5866
21613, 5866
22852, 5866
27072, 5866
8567, 5866
20204, 5866
16559, 5866
9796, 5866
10152, 5866
29693, 5866
16798, 5866
9333, 5866
24217, 5866
22394, 5866
21413, 5866
27333, 5866
23248, 5866
16530, 5866
20915, 5866
9958, 5866
27776, 5866
26117, 5866
22710, 5866
16334, 5866
11185, 5866
19367, 5866
19057, 5866
18720, 5866
25592, 5866
29562, 5866
25400, 5866
28828, 5866
24102, 5866
27105, 5866
9272, 5866
7876, 5866
9863, 5866
12424, 5866
25691, 5866
9488, 5866
11070, 5866
22006, 5866
16620, 5866
24487, 5866
9384, 5866
29329, 5866
10759, 5866
27681, 5866
12686, 5866
13936, 5866
22302, 5866
21075, 5866
10793, 5866
22994, 5866
9330, 5866
20749, 5866
9025, 5866
8240, 5866
14527, 5866
15992, 5866
17817, 5866
9655, 5866
27357, 5866
10828, 5866
8986, 5866
28224, 5866
29773, 5866
15527, 5866
27083, 5866
8719, 5866
21232, 5866
27490, 5866
23746, 5866
19321, 5866
25423, 5866
16895, 5866
22713, 5866
21056, 5866
16199, 5866
28561, 5866
11843, 5866
10400, 5866
25487, 5866
26502, 5866
8096, 5866
19008, 5866
27138, 5866
19349, 5866
12849, 5866
12890, 5866
24109, 5866
13355, 5866
25600, 5866
27114, 5866
14180, 5866
20220, 5866
17221, 5866
14770, 5866
13988, 5866
28244, 5866
26675, 5866
20881, 5866
10639, 5866
17133, 5866
20428, 5866
23998, 5866
14158, 5866
11280, 5866
13865, 5866
19497, 5866
26735, 5866
7583, 5866
19768, 5866
10256, 5866
16387, 5866
20376, 5866
28872, 5866
8392, 5866
18525, 5866
21806, 5866
20262, 5866
28409, 5866
9987, 5866
22711, 5866
21013, 5866
7980, 5866
22285, 5866
29910, 5866
11791, 5866
27769, 5866
15214, 5866
16229, 5866
9388, 5866
27915, 5866
23208, 5866
20063, 5866
7957, 5866
10434, 5866
15072, 5866
26907, 5866
18938, 5866
7691, 5866
26037, 5866
14008, 5866
11241, 5866
18511, 5866
27046, 5866
29089, 5866
11806, 5866
22575, 5866
8967, 5866
16960, 5866
30164, 5866
7696, 5866
8165, 5866
24418, 5866
24925, 5866
25191, 5866
29555, 5866
18864, 5866
16587, 5866
21029, 5866
26389, 5866
13570, 5866
22932, 5866
10241, 5866
17253, 5866
28071, 5866
14591, 5866
5866, 20917
8697, 5867
5867, 8814
24182, 5868
5868, 22915
17358, 5869
5869, 30108
5869, 24570
24974, 5870
5870, 7969
27521, 5871
5871, 27459
13750, 5872
5872, 15586
27814, 5873
5873, 11728
20771, 5874
5874, 17323
22124, 5875
9854, 5875
24834, 5875
5875, 29690
14167, 5876
29680, 5876
5876, 23207
8102, 5877
5877, 13785
22964, 5878
5878, 21552
20020, 5879
8508, 5879
5879, 13149
18405, 5880
5880, 10507
26172, 5881
5881, 12062
17359, 5882
5882, 10262
23155, 5883
5883, 29232
5883, 28069
5883, 25135
5883, 27008
20692, 5884
5884, 26488
13226, 5885
5885, 13796
20337, 5886
5886, 9616
28432, 5887
23953, 5887
5887, 22769
18282, 5888
5888, 27361
13099, 5889
9184, 5889
26143, 5889
13633, 5889
5889, 30120
15384, 5890
5890, 9390
5890, 28530
8708, 5891
5891, 27361
27233, 5892
5892, 13622
10738, 5893
24256, 5893
5893, 19988
18792, 5894
29818, 5894
5894, 30456
24177, 5895
5895, 9387
12586, 5896
5896, 16266
9605, 5897
5897, 13875
19390, 5898
5898, 11000
10640, 5899
5899, 25049
16765, 5900
5900, 8413
10978, 5901
5901, 11269
14382, 5902
5902, 30016
5902, 24160
5902, 17509
23155, 5903
5903, 26271
5903, 11853
5903, 27087
18282, 5904
5904, 23572
20135, 5905
5905, 25306
14410, 5906
5906, 11942
29344, 5907
5907, 19287
17644, 5908
5908, 7514
20724, 5909
5909, 27657
7587, 5910
5910, 14197
12999, 5911
5911, 13070
25634, 5912
13465, 5912
5912, 18384
26523, 5913
5913, 27848
5913, 21933
5913, 19699
5913, 21780
21485, 5914
5914, 29833
29818, 5915
5915, 29005
22240, 5916
5916, 19010
21673, 5917
5917, 29580
11734, 5918
5918, 27010
7535, 5919
8873, 5919
21853, 5919
20880, 5919
5919, 19608
25219, 5920
5920, 29391
18414, 5921
5921, 13949
10755, 5922
5922, 15767
13503, 5923
5923, 13785
25076, 5924
27131, 5924
5924, 13021
7590, 5925
5925, 14511
12787, 5926
5926, 12854
23599, 5927
5927, 27975
19960, 5928
5928, 10507
13751, 5929
5929, 8605
21768, 5930
22881, 5930
14662, 5930
10841, 5930
5930, 25589
22707, 5931
29955, 5931
26138, 5931
10243, 5931
24774, 5931
9600, 5931
11675, 5931
27011, 5931
16717, 5931
16259, 5931
11197, 5931
29639, 5931
17860, 5931
12389, 5931
29354, 5931
11287, 5931
10946, 5931
10316, 5931
24499, 5931
30443, 5931
18883, 5931
17745, 5931
21054, 5931
5931, 14132
29603, 5932
5932, 22171
21878, 5933
5933, 18033
5933, 29361
5933, 26383
5933, 25099
13861, 5934
5934, 21981
27537, 5935
5935, 14218
8595, 5936
23856, 5936
5936, 29727
18282, 5937
5937, 9751
28156, 5938
16505, 5938
5938, 26797
14982, 5939
5939, 8433
19249, 5940
5940, 13116
14891, 5941
5941, 13080
26877, 5942
9632, 5942
5942, 10769
14724, 5943
5943, 30386
17384, 5944
5944, 21039
24066, 5945
5945, 11083
13756, 5946
5946, 22836
25573, 5947
5947, 10762
26527, 5948
26513, 5948
5948, 26380
25977, 5949
5949, 15406
14382, 5950
5950, 20903
5950, 17203
5950, 28409
10197, 5951
5951, 17057
23015, 5952
5952, 22988
13605, 5953
5953, 24582
23990, 5954
5954, 8154
8369, 5955
5955, 21500
28929, 5956
25477, 5956
5956, 17130
19231, 5957
5957, 27361
30245, 5958
5958, 15615
28704, 5959
5959, 15892
29344, 5960
5960, 21349
29478, 5961
5961, 19482
16031, 5962
5962, 28820
22839, 5963
8248, 5963
25580, 5963
5963, 19368
22263, 5964
5964, 23132
26002, 5965
5965, 24395
29691, 5966
5966, 14546
24084, 5967
5967, 23026
17934, 5968
26539, 5968
5968, 12912
26087, 5969
5969, 13811
27518, 5970
5970, 13070
14398, 5971
14741, 5971
5971, 24663
19786, 5972
19937, 5972
22534, 5972
17411, 5972
19164, 5972
5972, 8081
19825, 5973
5973, 22712
25154, 5974
5974, 11564
27167, 5975
5975, 18449
14788, 5976
5976, 22247
19709, 5977
5977, 14874
27677, 5978
5978, 29694
29426, 5979
25251, 5979
30277, 5979
25997, 5979
26846, 5979
9485, 5979
29843, 5979
5979, 23430
11363, 5980
5980, 7479
21776, 5981
22989, 5981
5981, 13875
21924, 5982
5982, 26589
15170, 5983
10882, 5983
5983, 12059
25847, 5984
5984, 25264
20897, 5985
5985, 16220
10263, 5986
5986, 27510
22495, 5987
5987, 21476
23155, 5988
5988, 13728
5988, 24941
5988, 11714
5988, 10280
5988, 8637
5988, 15511
9813, 5989
5989, 9082
17157, 5990
5990, 18055
16959, 5991
5991, 28370
27521, 5992
5992, 16160
14821, 5993
5993, 30335
18585, 5994
5994, 15378
24295, 5995
17026, 5995
5995, 19315
11715, 5996
28597, 5996
20883, 5996
13971, 5996
27782, 5996
8488, 5996
5996, 19371
14776, 5997
5997, 21489
21925, 5998
5998, 16577
18064, 5999
8763, 5999
5999, 20845
20386, 6000
11393, 6000
16993, 6000
6000, 25166
29181, 6001
6001, 16101
27733, 6002
16726, 6002
20053, 6002
11575, 6002
29696, 6002
19697, 6002
15662, 6002
28341, 6002
26296, 6002
20152, 6002
11206, 6002
14844, 6002
12712, 6002
13508, 6002
8333, 6002
16869, 6002
18426, 6002
27804, 6002
17487, 6002
8726, 6002
17701, 6002
8881, 6002
9144, 6002
20175, 6002
29538, 6002
26554, 6002
11282, 6002
15324, 6002
29614, 6002
29846, 6002
28137, 6002
10795, 6002
18075, 6002
13302, 6002
11935, 6002
19779, 6002
20207, 6002
23738, 6002
26205, 6002
15491, 6002
19831, 6002
16087, 6002
8027, 6002
13953, 6002
9551, 6002
12499, 6002
12197, 6002
23256, 6002
7921, 6002
23340, 6002
14739, 6002
29958, 6002
6002, 9656
20136, 6003
15531, 6003
14716, 6003
12241, 6003
21125, 6003
13660, 6003
20440, 6003
19991, 6003
27388, 6003
16146, 6003
12643, 6003
29676, 6003
27486, 6003
18108, 6003
25326, 6003
10381, 6003
22824, 6003
20361, 6003
10592, 6003
29815, 6003
28111, 6003
22603, 6003
22314, 6003
13569, 6003
8919, 6003
20186, 6003
13634, 6003
12605, 6003
28651, 6003
14910, 6003
13642, 6003
16785, 6003
17801, 6003
14890, 6003
17946, 6003
18729, 6003
29263, 6003
15773, 6003
10145, 6003
21031, 6003
12386, 6003
28249, 6003
6003, 20725
6003, 28922
16034, 6004
6004, 22590
13204, 6005
6005, 14483
6005, 26211
6005, 10043
21906, 6006
6006, 19368
27026, 6007
9364, 6007
6007, 14286
20318, 6008
6008, 23327
21360, 6009
6009, 24621
18682, 6010
6010, 20852
11808, 6011
6011, 23733
9348, 6012
6012, 25473
27704, 6013
6013, 10902
29344, 6014
6014, 30159
14943, 6015
6015, 23310
24458, 6016
6016, 7964
13806, 6017
6017, 29182
22839, 6018
6018, 19368
10063, 6019
6019, 15484
21993, 6020
7902, 6020
8895, 6020
6020, 21683
29344, 6021
6021, 23590
19688, 6022
16957, 6022
11209, 6022
22783, 6022
23639, 6022
30171, 6022
28213, 6022
12961, 6022
21818, 6022
20238, 6022
11515, 6022
28518, 6022
26081, 6022
13015, 6022
28995, 6022
10427, 6022
6022, 10679
6022, 29344
15606, 6023
6023, 28489
21889, 6024
6024, 13149
10678, 6025
6025, 7850
19286, 6026
6026, 25902
15021, 6027
6027, 21046
12645, 6028
6028, 7727
14534, 6029
6029, 19602
24759, 6030
6030, 14874
8656, 6031
6031, 20761
24177, 6032
6032, 17386
11794, 6033
6033, 14553
17429, 6034
6034, 13176
11306, 6035
20055, 6035
6035, 13221
30081, 6036
6036, 8326
24425, 6037
6037, 25049
8147, 6038
9571, 6038
20091, 6038
26515, 6038
13943, 6038
28261, 6038
19177, 6038
28711, 6038
14792, 6038
15068, 6038
23658, 6038
16630, 6038
26803, 6038
25030, 6038
23082, 6038
17874, 6038
19868, 6038
14973, 6038
25927, 6038
27089, 6038
13420, 6038
24706, 6038
11963, 6038
8824, 6038
23817, 6038
21161, 6038
18287, 6038
16514, 6038
27150, 6038
20843, 6038
13466, 6038
8061, 6038
14415, 6038
16376, 6038
10254, 6038
29780, 6038
22959, 6038
23361, 6038
28322, 6038
29217, 6038
18760, 6038
21188, 6038
19323, 6038
7548, 6038
29078, 6038
22636, 6038
9482, 6038
11412, 6038
18371, 6038
27242, 6038
24426, 6038
18109, 6038
23620, 6038
8490, 6038
9439, 6038
15037, 6038
20989, 6038
20188, 6038
12657, 6038
28972, 6038
29506, 6038
21075, 6038
22129, 6038
27296, 6038
19097, 6038
28229, 6038
15998, 6038
27277, 6038
25483, 6038
19159, 6038
24200, 6038
29650, 6038
14964, 6038
30066, 6038
24725, 6038
23770, 6038
13855, 6038
11896, 6038
13271, 6038
21248, 6038
18029, 6038
16413, 6038
30159, 6038
24755, 6038
8444, 6038
21318, 6038
28044, 6038
23654, 6038
18607, 6038
15406, 6038
17229, 6038
16911, 6038
27763, 6038
12338, 6038
13787, 6038
13706, 6038
13884, 6038
28125, 6038
7556, 6038
13347, 6038
16069, 6038
14810, 6038
24779, 6038
12120, 6038
29196, 6038
18921, 6038
27378, 6038
17957, 6038
17193, 6038
6038, 20917
17644, 6039
6039, 9556
7667, 6040
9893, 6040
6040, 13432
26064, 6041
6041, 25609
16178, 6042
6042, 10433
13680, 6043
6043, 27996
11748, 6044
10775, 6044
22631, 6044
24768, 6044
20660, 6044
23449, 6044
13389, 6044
6044, 26797
10098, 6045
6045, 15892
18746, 6046
6046, 7751
6046, 14689
19614, 6047
9046, 6047
6047, 10507
23766, 6048
6048, 27998
14007, 6049
26091, 6049
6049, 20934
28869, 6050
12240, 6050
27527, 6050
12111, 6050
7900, 6050
13612, 6050
13901, 6050
11024, 6050
18602, 6050
22616, 6050
25148, 6050
12969, 6050
10310, 6050
24324, 6050
28679, 6050
24261, 6050
7809, 6050
27965, 6050
29070, 6050
16476, 6050
13280, 6050
18323, 6050
7740, 6050
21597, 6050
13107, 6050
16183, 6050
30014, 6050
6050, 20917
22718, 6051
6051, 12958
7706, 6052
6052, 7718
26353, 6053
6053, 9954
7668, 6054
6054, 11236
13678, 6055
6055, 19224
16330, 6056
6056, 15727
24412, 6057
6057, 26922
16910, 6058
6058, 10622
20910, 6059
6059, 25049
29117, 6060
6060, 25517
6060, 23771
6060, 18148
7772, 6061
6061, 29391
19656, 6062
6062, 25049
13918, 6063
6063, 13070
27939, 6064
6064, 21576
29344, 6065
6065, 8262
12655, 6066
19077, 6066
6066, 8814
22095, 6067
6067, 19371
17147, 6068
6068, 27615
23150, 6069
6069, 30080
19464, 6070
6070, 13158
25948, 6071
8101, 6071
11827, 6071
13080, 6071
28443, 6071
14852, 6071
22066, 6071
25049, 6071
25908, 6071
20871, 6071
12636, 6071
23843, 6071
19512, 6071
8610, 6071
29615, 6071
17128, 6071
29779, 6071
19371, 6071
11035, 6071
15857, 6071
22292, 6071
14498, 6071
28398, 6071
26187, 6071
13070, 6071
16466, 6071
20934, 6071
30352, 6071
14051, 6071
8206, 6071
30329, 6071
12323, 6071
16757, 6071
24293, 6071
27783, 6071
26999, 6071
10426, 6071
9790, 6071
9302, 6071
21095, 6071
25087, 6071
7982, 6071
14003, 6071
8572, 6071
15892, 6071
20270, 6071
22656, 6071
25995, 6071
10229, 6071
23815, 6071
16143, 6071
27449, 6071
29414, 6071
21895, 6071
12021, 6071
23299, 6071
10507, 6071
11637, 6071
24253, 6071
27010, 6071
15288, 6071
18491, 6071
14606, 6071
15570, 6071
11564, 6071
27361, 6071
30267, 6071
9999, 6071
6071, 29659
20997, 6072
19429, 6072
13829, 6072
14312, 6072
12467, 6072
24122, 6072
22090, 6072
29701, 6072
24064, 6072
21621, 6072
25553, 6072
16337, 6072
6072, 8600
20629, 6073
6073, 14354
19489, 6074
6074, 22656
17146, 6075
6075, 11024
24329, 6076
6076, 17957
29477, 6077
6077, 25049
12819, 6078
6078, 17150
25092, 6079
6079, 28354
29186, 6080
6080, 13080
16159, 6081
6081, 20626
11524, 6082
6082, 25049
23662, 6083
6083, 21345
20594, 6084
6084, 17201
20721, 6085
6085, 22838
19502, 6086
6086, 16466
24729, 6087
6087, 27361
14500, 6088
23264, 6088
28276, 6088
6088, 24131
8816, 6089
6089, 9091
23739, 6090
8473, 6090
6090, 13080
10109, 6091
6091, 28306
29048, 6092
19586, 6092
17748, 6092
6092, 24262
10977, 6093
6093, 24815
9801, 6094
18955, 6094
6094, 25920
23063, 6095
12247, 6095
23293, 6095
30113, 6095
6095, 25049
9758, 6096
6096, 14017
8684, 6097
7631, 6097
11358, 6097
6097, 13727
26209, 6098
10017, 6098
6098, 28570
19532, 6099
8950, 6099
20644, 6099
12801, 6099
6099, 13796
6099, 28887
29172, 6100
6100, 12757
9876, 6101
6101, 22086
17057, 6102
26493, 6102
25948, 6102
17172, 6102
15272, 6102
13080, 6102
28719, 6102
14852, 6102
21601, 6102
24519, 6102
11469, 6102
15921, 6102
25918, 6102
11083, 6102
25264, 6102
22206, 6102
25049, 6102
22836, 6102
22659, 6102
30335, 6102
23922, 6102
20277, 6102
8290, 6102
23200, 6102
18401, 6102
18114, 6102
24369, 6102
8204, 6102
19984, 6102
10502, 6102
24798, 6102
16000, 6102
17237, 6102
21902, 6102
21470, 6102
13877, 6102
8982, 6102
27761, 6102
20517, 6102
23973, 6102
17231, 6102
15959, 6102
16976, 6102
24732, 6102
19368, 6102
9957, 6102
22321, 6102
28383, 6102
13070, 6102
24258, 6102
30352, 6102
24409, 6102
19224, 6102
10151, 6102
26893, 6102
28430, 6102
26926, 6102
21683, 6102
26650, 6102
17922, 6102
23690, 6102
27657, 6102
29401, 6102
26740, 6102
23871, 6102
18694, 6102
9907, 6102
9790, 6102
16495, 6102
29107, 6102
16320, 6102
24136, 6102
11523, 6102
25510, 6102
29287, 6102
18206, 6102
19149, 6102
29277, 6102
14451, 6102
28901, 6102
8072, 6102
22915, 6102
18055, 6102
10417, 6102
21926, 6102
26797, 6102
22656, 6102
7841, 6102
13952, 6102
28922, 6102
28133, 6102
14702, 6102
27000, 6102
22677, 6102
18811, 6102
8814, 6102
9980, 6102
29246, 6102
19895, 6102
27127, 6102
14757, 6102
28965, 6102
10507, 6102
22340, 6102
21386, 6102
21648, 6102
11294, 6102
17880, 6102
14343, 6102
15570, 6102
27361, 6102
21981, 6102
6102, 18164
19679, 6103
6103, 30223
28452, 6104
6104, 24453
29613, 6105
6105, 13080
14491, 6106
6106, 12396
29117, 6107
6107, 11955
6107, 17058
18113, 6108
6108, 10586
19716, 6109
6109, 18382
26407, 6110
25669, 6110
6110, 24220
27772, 6111
6111, 25049
17358, 6112
6112, 28088
10454, 6113
6113, 29713
12122, 6114
6114, 25360
6114, 13081
6114, 13109
11734, 6115
6115, 28398
23942, 6116
6116, 22321
28947, 6117
6117, 21068
13632, 6118
6118, 25428
16829, 6119
6119, 26653
15038, 6120
6120, 28775
14382, 6121
6121, 17761
6121, 15585
23163, 6122
6122, 11702
23318, 6123
6123, 24293
28723, 6124
6124, 18422
27146, 6125
6125, 22079
16375, 6126
6126, 15597
15021, 6127
6127, 13248
6127, 24192
6127, 14939
24332, 6128
19059, 6128
25855, 6128
10863, 6128
11426, 6128
21731, 6128
9111, 6128
9052, 6128
11477, 6128
14721, 6128
19111, 6128
21561, 6128
19272, 6128
27625, 6128
9752, 6128
6128, 20162
30244, 6129
6129, 22769
27669, 6130
6130, 29382
30363, 6131
6131, 9790
22519, 6132
6132, 16977
19930, 6133
6133, 17522
29744, 6134
6134, 8329
11938, 6135
29224, 6135
27324, 6135
9486, 6135
24429, 6135
6135, 29632
21878, 6136
6136, 25949
6136, 11548
6136, 27870
19628, 6137
6137, 18570
26191, 6138
6138, 23922
22978, 6139
6139, 20342
18972, 6140
6140, 13739
10156, 6141
6141, 16578
17358, 6142
6142, 14709
6142, 24352
23217, 6143
13375, 6143
6143, 21470
29081, 6144
6144, 19854
10287, 6145
6145, 24881
20502, 6146
25426, 6146
6146, 22981
13247, 6147
16265, 6147
29829, 6147
8882, 6147
17954, 6147
28158, 6147
12269, 6147
27666, 6147
28853, 6147
23789, 6147
28822, 6147
24575, 6147
9682, 6147
8213, 6147
14299, 6147
11803, 6147
21134, 6147
17108, 6147
9356, 6147
15750, 6147
6147, 20704
19736, 6148
18923, 6148
24844, 6148
19970, 6148
7934, 6148
20731, 6148
11645, 6148
16791, 6148
6148, 15590
19633, 6149
6149, 30267
28345, 6150
20030, 6150
6150, 28922
10272, 6151
6151, 20852
23636, 6152
6152, 15004
28112, 6153
6153, 7729
19533, 6154
10364, 6154
9240, 6154
22843, 6154
22760, 6154
29768, 6154
22425, 6154
15017, 6154
17489, 6154
27205, 6154
25507, 6154
9601, 6154
9870, 6154
14852, 6154
29563, 6154
17504, 6154
24364, 6154
9706, 6154
7802, 6154
15594, 6154
28660, 6154
25049, 6154
26543, 6154
16800, 6154
8289, 6154
23283, 6154
7603, 6154
25908, 6154
23880, 6154
10177, 6154
19508, 6154
12162, 6154
21141, 6154
15515, 6154
14279, 6154
14336, 6154
17517, 6154
20285, 6154
13561, 6154
30406, 6154
9924, 6154
8168, 6154
21761, 6154
11561, 6154
25170, 6154
20936, 6154
15824, 6154
14001, 6154
14620, 6154
23552, 6154
15767, 6154
16000, 6154
7600, 6154
30008, 6154
9892, 6154
24649, 6154
25909, 6154
17545, 6154
19591, 6154
11621, 6154
25941, 6154
15880, 6154
15597, 6154
14267, 6154
23254, 6154
28615, 6154
29394, 6154
22692, 6154
21577, 6154
19371, 6154
22442, 6154
19368, 6154
21110, 6154
16292, 6154
21423, 6154
22321, 6154
24856, 6154
13070, 6154
26610, 6154
20170, 6154
22190, 6154
30352, 6154
16422, 6154
30329, 6154
14488, 6154
15615, 6154
27756, 6154
24293, 6154
29588, 6154
17257, 6154
21683, 6154
18222, 6154
23946, 6154
27414, 6154
22015, 6154
12842, 6154
8350, 6154
9810, 6154
20616, 6154
25929, 6154
17837, 6154
17688, 6154
23586, 6154
12567, 6154
15223, 6154
22453, 6154
18856, 6154
11696, 6154
21639, 6154
14028, 6154
16460, 6154
26157, 6154
29107, 6154
25452, 6154
23312, 6154
13230, 6154
13975, 6154
13440, 6154
12044, 6154
27350, 6154
12048, 6154
27498, 6154
15892, 6154
20842, 6154
8070, 6154
17298, 6154
26505, 6154
24597, 6154
8302, 6154
26498, 6154
13059, 6154
8233, 6154
28922, 6154
10901, 6154
16142, 6154
24220, 6154
13192, 6154
17034, 6154
8808, 6154
15903, 6154
29911, 6154
21635, 6154
13896, 6154
18191, 6154
8081, 6154
13585, 6154
8778, 6154
29391, 6154
13021, 6154
28834, 6154
14037, 6154
21911, 6154
17310, 6154
8265, 6154
11564, 6154
27361, 6154
9708, 6154
21981, 6154
18292, 6154
30267, 6154
8920, 6154
25085, 6154
12613, 6154
30428, 6154
13853, 6154
20662, 6154
23737, 6154
28721, 6154
24183, 6154
6154, 23824
22895, 6155
25818, 6155
6155, 24293
23763, 6156
6156, 25394
14435, 6157
6157, 22915
11230, 6158
6158, 21579
27080, 6159
6159, 29678
12696, 6160
6160, 19371
20897, 6161
6161, 7886
27962, 6162
6162, 25049
9470, 6163
21578, 6163
6163, 14768
29117, 6164
6164, 17302
12665, 6165
6165, 19505
18631, 6166
6166, 9419
6166, 21996
6166, 14311
6166, 18062
6166, 21212
6166, 17610
6166, 8949
6166, 10746
6166, 19142
20020, 6167
6167, 13149
9244, 6168
28103, 6168
21849, 6168
12089, 6168
27182, 6168
17492, 6168
9375, 6168
22833, 6168
20772, 6168
30228, 6168
14842, 6168
22830, 6168
27770, 6168
14230, 6168
23191, 6168
22269, 6168
28446, 6168
14861, 6168
24259, 6168
11846, 6168
8663, 6168
25341, 6168
21591, 6168
28628, 6168
18335, 6168
16902, 6168
22683, 6168
18231, 6168
13108, 6168
10012, 6168
16840, 6168
8842, 6168
20118, 6168
9732, 6168
15791, 6168
11771, 6168
11755, 6168
14516, 6168
30123, 6168
28633, 6168
24140, 6168
17596, 6168
13209, 6168
26652, 6168
18974, 6168
19020, 6168
9459, 6168
17832, 6168
17798, 6168
24662, 6168
8127, 6168
9405, 6168
16107, 6168
23723, 6168
27514, 6168
12804, 6168
12251, 6168
28636, 6168
13941, 6168
25734, 6168
9169, 6168
26883, 6168
23080, 6168
21502, 6168
26478, 6168
8436, 6168
29537, 6168
24598, 6168
11602, 6168
23845, 6168
9547, 6168
30306, 6168
16564, 6168
12134, 6168
27236, 6168
11536, 6168
9241, 6168
11849, 6168
29791, 6168
16450, 6168
26066, 6168
21942, 6168
13047, 6168
15368, 6168
29832, 6168
21273, 6168
19244, 6168
22674, 6168
12682, 6168
7845, 6168
26279, 6168
12510, 6168
11075, 6168
26542, 6168
22572, 6168
21042, 6168
17082, 6168
25831, 6168
23045, 6168
23940, 6168
24413, 6168
6168, 12316
15910, 6169
6169, 17257
18329, 6170
6170, 20767
17280, 6171
6171, 7615
26115, 6172
6172, 22465
29172, 6173
6173, 21276
10076, 6174
6174, 26578
6174, 15519
6174, 16704
6174, 18657
6174, 10192
14382, 6175
29008, 6175
6175, 17633
6175, 20793
6175, 8401
6175, 22435
18042, 6176
6176, 12913
24317, 6177
6177, 10118
6177, 16317
29344, 6178
6178, 20934
29929, 6179
6179, 26211
6179, 19344
14228, 6180
6180, 26863
9193, 6181
20698, 6181
6181, 28522
11985, 6182
6182, 14734
29344, 6183
6183, 21395
18868, 6184
7716, 6184
13343, 6184
6184, 25049
20918, 6185
6185, 17502
22493, 6186
6186, 26648
15482, 6187
6187, 11294
18705, 6188
6188, 23931
6188, 29735
17251, 6189
6189, 9245
10101, 6190
6190, 19581
18805, 6191
6191, 14177
22693, 6192
6192, 30352
29556, 6193
7628, 6193
9207, 6193
6193, 29908
8869, 6194
6194, 18044
18288, 6195
6195, 24293
18579, 6196
6196, 24293
18843, 6197
6197, 20305
13094, 6198
6198, 22789
18282, 6199
6199, 20848
29068, 6200
6200, 27585
10492, 6201
29531, 6201
6201, 29615
30101, 6202
29454, 6202
18304, 6202
14011, 6202
21935, 6202
6202, 16657
22763, 6203
15060, 6203
6203, 27810
29765, 6204
6204, 11668
15456, 6205
6205, 13502
9450, 6206
6206, 29674
15410, 6207
6207, 29563
13037, 6208
6208, 24293
14509, 6209
6209, 22321
21136, 6210
6210, 13070
29818, 6211
6211, 27885
20020, 6212
6212, 13149
25590, 6213
17618, 6213
27426, 6213
26891, 6213
21830, 6213
20687, 6213
9990, 6213
21466, 6213
29278, 6213
17233, 6213
12074, 6213
16442, 6213
10415, 6213
8056, 6213
19112, 6213
20271, 6213
19327, 6213
21572, 6213
14288, 6213
26810, 6213
13051, 6213
14999, 6213
21700, 6213
19695, 6213
14622, 6213
25641, 6213
26919, 6213
16782, 6213
15837, 6213
18000, 6213
9022, 6213
29087, 6213
26484, 6213
27263, 6213
20976, 6213
6213, 20204
22637, 6214
6214, 13165
7930, 6215
6215, 9805
16959, 6216
6216, 30181
10113, 6217
6217, 8092
13023, 6218
6218, 10681
13939, 6219
6219, 25845
18631, 6220
6220, 28630
6220, 22134
6220, 8628
6220, 8103
25703, 6221
6221, 29794
27790, 6222
6222, 11827
24596, 6223
21178, 6223
19611, 6223
15490, 6223
6223, 14001
8160, 6224
15380, 6224
26318, 6224
28785, 6224
18190, 6224
6224, 25049
10729, 6225
26669, 6225
25597, 6225
28318, 6225
6225, 17051
26254, 6226
6226, 15615
27741, 6227
6227, 18208
14817, 6228
28760, 6228
11109, 6228
16823, 6228
13165, 6228
28207, 6228
10433, 6228
8739, 6228
21896, 6228
28557, 6228
10441, 6228
23477, 6228
9224, 6228
24909, 6228
26822, 6228
11110, 6228
6228, 13719
15427, 6229
6229, 8457
6229, 11459
6229, 25617
12122, 6230
6230, 10671
6230, 10552
6230, 14390
6230, 23484
6230, 14369
6230, 19276
6230, 10325
15008, 6231
24468, 6231
6231, 23669
27415, 6232
6232, 12102
25264, 6233
21592, 6233
19541, 6233
30019, 6233
25049, 6233
24839, 6233
22836, 6233
10133, 6233
19988, 6233
29033, 6233
17499, 6233
15280, 6233
16125, 6233
20305, 6233
8172, 6233
10118, 6233
16466, 6233
13149, 6233
30213, 6233
21975, 6233
15615, 6233
16317, 6233
17051, 6233
28293, 6233
9395, 6233
17688, 6233
27657, 6233
11696, 6233
14483, 6233
24760, 6233
26211, 6233
12303, 6233
17690, 6233
20045, 6233
17914, 6233
8814, 6233
12021, 6233
27127, 6233
26876, 6233
10642, 6233
29867, 6233
19344, 6233
12161, 6233
6233, 13472
9885, 6234
6234, 8350
16345, 6235
8362, 6235
28592, 6235
8733, 6235
6235, 25049
6235, 24734
8787, 6236
6236, 20791
26243, 6237
29610, 6237
6237, 9734
15275, 6238
6238, 13080
29975, 6239
6239, 10460
12661, 6240
6240, 22146
14252, 6241
6241, 24532
21337, 6242
6242, 22324
14257, 6243
6243, 29084
8007, 6244
6244, 24293
11644, 6245
27005, 6245
6245, 15303
15246, 6246
6246, 13212
28544, 6247
6247, 15164
15700, 6248
6248, 11192
24208, 6249
6249, 12505
30272, 6250
24696, 6250
16521, 6250
15587, 6250
16479, 6250
20760, 6250
13086, 6250
17013, 6250
10084, 6250
7498, 6250
10003, 6250
22824, 6250
15036, 6250
22787, 6250
15125, 6250
6250, 26863
28064, 6251
20169, 6251
19528, 6251
13791, 6251
20021, 6251
12063, 6251
15448, 6251
26868, 6251
25049, 6251
25908, 6251
19872, 6251
17201, 6251
13679, 6251
21630, 6251
13502, 6251
14044, 6251
18384, 6251
15303, 6251
12749, 6251
13323, 6251
19371, 6251
19368, 6251
12854, 6251
24515, 6251
28398, 6251
16417, 6251
22321, 6251
13070, 6251
27102, 6251
9734, 6251
19932, 6251
26643, 6251
25568, 6251
22899, 6251
14126, 6251
8468, 6251
15615, 6251
20725, 6251
17110, 6251
24293, 6251
20950, 6251
23661, 6251
14511, 6251
9790, 6251
13727, 6251
17744, 6251
18306, 6251
30203, 6251
16811, 6251
20732, 6251
24522, 6251
21659, 6251
27896, 6251
8718, 6251
22915, 6251
25371, 6251
27473, 6251
18055, 6251
21441, 6251
28922, 6251
13957, 6251
18519, 6251
16857, 6251
29911, 6251
28002, 6251
8814, 6251
28965, 6251
10507, 6251
13021, 6251
25851, 6251
17838, 6251
22334, 6251
28793, 6251
10480, 6251
13853, 6251
6251, 22819
11839, 6252
6252, 21500
8859, 6253
6253, 29880
23125, 6254
8658, 6254
29568, 6254
18017, 6254
29716, 6254
18158, 6254
25440, 6254
6254, 10806
21143, 6255
6255, 22653
25307, 6256
6256, 21344
18743, 6257
6257, 14343
7640, 6258
6258, 15767
29344, 6259
6259, 17726
26904, 6260
6260, 10544
16152, 6261
6261, 14528
6261, 22466
17147, 6262
6262, 13858
28386, 6263
6263, 14838
25796, 6264
20545, 6264
29132, 6264
25725, 6264
13303, 6264
6264, 19019
20035, 6265
6265, 12505
10373, 6266
6266, 15767
26393, 6267
27075, 6267
6267, 11231
15494, 6268
12610, 6268
17385, 6268
23181, 6268
11805, 6268
12494, 6268
22103, 6268
30040, 6268
24721, 6268
9529, 6268
12948, 6268
24556, 6268
20358, 6268
30303, 6268
22911, 6268
11277, 6268
19132, 6268
30004, 6268
12737, 6268
19484, 6268
11986, 6268
9839, 6268
19112, 6268
19327, 6268
27468, 6268
17663, 6268
9643, 6268
12649, 6268
20728, 6268
26613, 6268
18429, 6268
13481, 6268
12796, 6268
30316, 6268
12580, 6268
23633, 6268
10666, 6268
26891, 6268
19028, 6268
8322, 6268
18786, 6268
6268, 19948
13814, 6269
6269, 15694
15785, 6270
6270, 22691
23818, 6271
6271, 8689
29152, 6272
6272, 18975
11679, 6273
6273, 26273
9011, 6274
6274, 13729
23889, 6275
6275, 8654
7766, 6276
15642, 6276
6276, 30352
11776, 6277
13421, 6277
29878, 6277
6277, 13080
8546, 6278
6278, 14281
14989, 6279
6279, 9390
28279, 6280
6280, 25049
17893, 6281
6281, 13070
24694, 6282
6282, 27953
28906, 6283
21036, 6283
6283, 25797
29545, 6284
6284, 17080
6284, 13564
18678, 6285
6285, 27392
19172, 6286
20254, 6286
6286, 13102
14790, 6287
6287, 21653
23150, 6288
6288, 21588
27062, 6289
6289, 28480
16193, 6290
6290, 12541
21308, 6291
6291, 11382
6291, 9734
21026, 6292
6292, 10387
23821, 6293
6293, 14212
6293, 15836
16582, 6294
6294, 10730
15951, 6295
6295, 15509
27217, 6296
30259, 6296
6296, 27387
18186, 6297
6297, 26464
22859, 6298
6298, 14343
21219, 6299
6299, 16364
6299, 15993
23213, 6300
12187, 6300
6300, 18831
9489, 6301
6301, 21859
10008, 6302
6302, 9790
10380, 6303
6303, 23093
19236, 6304
11359, 6304
6304, 20807
28537, 6305
6305, 17957
13709, 6306
22432, 6306
6306, 15223
20412, 6307
6307, 10765
7892, 6308
9559, 6308
6308, 27350
29720, 6309
21897, 6309
6309, 29084
28113, 6310
27874, 6310
6310, 21708
7842, 6311
19033, 6311
27779, 6311
6311, 15894
6311, 19636
27307, 6312
6312, 12131
11088, 6313
6313, 17719
13497, 6314
10683, 6314
20317, 6314
6314, 30120
15360, 6315
6315, 9930
24950, 6316
6316, 14139
8354, 6317
21519, 6317
12452, 6317
26404, 6317
6317, 25049
22511, 6318
6318, 7950
23600, 6319
29877, 6319
6319, 18482
22121, 6320
6320, 11595
8988, 6321
6321, 25306
26619, 6322
6322, 13080
16748, 6323
6323, 7872
20330, 6324
6324, 9734
6324, 19932
22502, 6325
6325, 22656
20683, 6326
6326, 17849
12122, 6327
6327, 25824
15559, 6328
6328, 30179
8016, 6329
6329, 21439
16401, 6330
6330, 25049
27489, 6331
7745, 6331
6331, 11294
12797, 6332
23987, 6332
6332, 7579
20855, 6333
6333, 18730
18352, 6334
19582, 6334
6334, 24293
21218, 6335
6335, 26901
30286, 6336
6336, 13210
15334, 6337
6337, 13315
8875, 6338
6338, 23190
27639, 6339
15833, 6339
25309, 6339
18586, 6339
25316, 6339
16366, 6339
21060, 6339
13683, 6339
26034, 6339
24518, 6339
29069, 6339
17073, 6339
29449, 6339
23606, 6339
20563, 6339
24504, 6339
8158, 6339
11333, 6339
29841, 6339
14393, 6339
8150, 6339
21705, 6339
22991, 6339
24858, 6339
11354, 6339
12858, 6339
7481, 6339
27919, 6339
11009, 6339
24943, 6339
9575, 6339
7895, 6339
27909, 6339
8678, 6339
19129, 6339
27149, 6339
17505, 6339
8035, 6339
12421, 6339
24323, 6339
28256, 6339
18152, 6339
13898, 6339
21304, 6339
15073, 6339
22101, 6339
16669, 6339
16647, 6339
24107, 6339
11842, 6339
24830, 6339
9017, 6339
11101, 6339
18784, 6339
13951, 6339
8251, 6339
24301, 6339
27740, 6339
21111, 6339
22873, 6339
26242, 6339
7592, 6339
27285, 6339
30204, 6339
14117, 6339
17371, 6339
12455, 6339
7977, 6339
15704, 6339
30400, 6339
22426, 6339
30342, 6339
16938, 6339
26207, 6339
17127, 6339
18205, 6339
17350, 6339
10103, 6339
24227, 6339
21245, 6339
17944, 6339
6339, 29105
6339, 25334
30413, 6340
6340, 19234
20624, 6341
6341, 10906
30165, 6342
6342, 21223
20593, 6343
6343, 21683
14208, 6344
6344, 20110
28338, 6345
6345, 11727
15437, 6346
6346, 10502
6346, 16495
6346, 11592
12329, 6347
6347, 22066
10967, 6348
6348, 25049
25864, 6349
22372, 6349
29475, 6349
20611, 6349
20363, 6349
6349, 17688
6349, 13875
12360, 6350
6350, 21895
29662, 6351
10384, 6351
6351, 26795
18374, 6352
6352, 24131
29344, 6353
6353, 21440
26958, 6354
6354, 30124
14489, 6355
6355, 12166
9976, 6356
6356, 11564
29787, 6357
6357, 19646
19832, 6358
13926, 6358
6358, 11010
26587, 6359
6359, 19715
15669, 6360
6360, 18055
9328, 6361
6361, 9997
23988, 6362
6362, 14838
17043, 6363
6363, 24293
22193, 6364
6364, 24535
30127, 6365
25582, 6365
29818, 6365
6365, 25523
18850, 6366
6366, 9496
27055, 6367
6367, 11269
17532, 6368
12724, 6368
25537, 6368
27807, 6368
22528, 6368
8811, 6368
22945, 6368
8105, 6368
28267, 6368
16094, 6368
8888, 6368
8581, 6368
19650, 6368
24087, 6368
6368, 25049
25686, 6369
6369, 30096
21217, 6370
6370, 16364
29356, 6371
6371, 21981
28437, 6372
6372, 24730
7509, 6373
6373, 9845
23463, 6374
6374, 7544
6374, 16699
6374, 23507
6374, 14953
6374, 17296
6374, 11695
6374, 29524
6374, 18340
6374, 26000
6374, 25614
6374, 13028
6374, 26113
6374, 7799
6374, 28568
6374, 16586
6374, 14621
6374, 17287
6374, 18499
6374, 7945
6374, 26187
6374, 23299
6374, 24253
6374, 8782
6374, 24979
6374, 18919
6374, 27107
6374, 9757
6374, 19859
6374, 29328
6374, 12811
6374, 15859
6374, 29995
6374, 19833
6374, 10896
6374, 16573
6374, 14366
6374, 17467
6374, 14652
6374, 26323
6374, 30347
6374, 26247
6374, 20476
6374, 26545
6374, 7570
6374, 29928
6374, 29476
6374, 20919
6374, 24036
6374, 26920
6374, 23343
6374, 12000
6374, 9524
6374, 14163
6374, 28079
6374, 29785
6374, 22970
6374, 18634
6374, 27811
6374, 18268
6374, 25728
6374, 18168
6374, 11051
6374, 25823
6374, 9863
6374, 8091
6374, 30144
6374, 14598
6374, 7864
6374, 26436
6374, 12866
6374, 15096
6374, 28627
6374, 26995
6374, 27992
6374, 21294
6374, 12496
6374, 15716
6374, 18471
6374, 7958
6374, 24274
6374, 9661
6374, 14522
6374, 16942
6374, 16124
6374, 23520
6374, 7539
6374, 18474
6374, 25757
16847, 6375
6375, 25264
19022, 6376
6376, 11665
6376, 14039
6376, 23968
6376, 22200
6376, 11080
6376, 10720
6376, 9490
6376, 17117
6376, 15661
6376, 15601
6376, 14334
6376, 26030
6376, 14302
6376, 10181
6376, 8205
6376, 19542
6376, 17484
6376, 12186
6376, 27113
6376, 11140
6376, 28925
6376, 13186
6376, 25662
6376, 27345
6376, 17566
6376, 28995
6376, 30225
6376, 17583
6376, 15279
6376, 15825
6376, 29543
6376, 19495
6376, 11856
6376, 18765
6376, 12924
6376, 22821
6376, 8312
6376, 15005
6376, 14732
6376, 14174
6376, 12167
6376, 15161
6376, 10664
6376, 15858
6376, 12611
6376, 21283
6376, 20519
6376, 19893
6376, 18733
6376, 7743
6376, 8196
6376, 27776
6376, 22710
6376, 25592
6376, 27105
6376, 9272
6376, 22302
6376, 9025
6376, 25423
6376, 28561
6376, 26675
6376, 11280
6376, 10256
6376, 20262
6376, 29910
6376, 16229
6376, 20063
6376, 7957
6376, 10434
6376, 11241
6376, 29089
6376, 16960
6376, 24418
15456, 6377
6377, 12396
14205, 6378
6378, 20125
15821, 6379
6379, 21818
7804, 6380
6380, 17395
23851, 6381
13400, 6381
6381, 8718
9737, 6382
6382, 8059
24101, 6383
19835, 6383
8890, 6383
20900, 6383
7816, 6383
13446, 6383
26351, 6383
6383, 18086
12554, 6384
6384, 13828
25766, 6385
6385, 24293
7984, 6386
15513, 6386
6386, 20550
17778, 6387
6387, 7869
11352, 6388
6388, 28299
27521, 6389
6389, 22382
6389, 15956
6389, 27419
30154, 6390
6390, 18292
6390, 14069
12182, 6391
6391, 24808
30244, 6392
6392, 22442
6392, 15366
6392, 29142
24922, 6393
6393, 13070
11769, 6394
6394, 15372
24100, 6395
6395, 7692
10655, 6396
6396, 24623
19249, 6397
6397, 29482
19394, 6398
6398, 17028
6398, 7727
25482, 6399
6399, 21223
20724, 6400
6400, 19346
15758, 6401
6401, 22769
29117, 6402
23766, 6402
6402, 16140
6402, 25952
8614, 6403
6403, 9541
18282, 6404
6404, 28933
28851, 6405
6405, 21231
27577, 6406
6406, 29254
27093, 6407
28131, 6407
6407, 22907
26238, 6408
6408, 20328
6408, 11348
22844, 6409
6409, 30352
13465, 6410
6410, 18384
25468, 6411
6411, 28489
19674, 6412
6412, 9743
6412, 15753
28550, 6413
6413, 13070
15821, 6414
6414, 12679
11356, 6415
6415, 14874
29117, 6416
6416, 17759
6416, 9312
6416, 25658
6416, 17638
10739, 6417
6417, 15004
28268, 6418
22647, 6418
19476, 6418
19056, 6418
6418, 30029
22802, 6419
6419, 21159
21878, 6420
6420, 28197
6420, 22638
27074, 6421
6421, 13761
17046, 6422
6422, 14091
24180, 6423
6423, 12151
13349, 6424
7526, 6424
8117, 6424
26397, 6424
22969, 6424
26332, 6424
6424, 23246
6424, 26567
18934, 6425
6425, 16297
8464, 6426
6426, 22324
6426, 20111
9585, 6427
6427, 16661
26340, 6428
27558, 6428
9649, 6428
6428, 28922
23151, 6429
6429, 13070
23725, 6430
6430, 27348
15427, 6431
6431, 19063
6431, 20506
6431, 9064
21694, 6432
6432, 7781
23134, 6433
6433, 13323
19845, 6434
6434, 21223
29008, 6435
6435, 24309
10621, 6436
6436, 30160
21655, 6437
6437, 20561
14151, 6438
6438, 27248
7568, 6439
6439, 18971
20837, 6440
6440, 7807
16100, 6441
6441, 8874
20985, 6442
6442, 12913
8044, 6443
6443, 20640
16959, 6444
6444, 22692
16467, 6445
6445, 14023
16331, 6446
10430, 6446
26272, 6446
7661, 6446
21489, 6446
13785, 6446
15897, 6446
6446, 29344
6446, 15043
19752, 6447
6447, 14902
8142, 6448
6448, 28228
10179, 6449
6449, 23246
6449, 22301
6449, 11160
13914, 6450
6450, 17502
17166, 6451
6451, 8563
25950, 6452
18840, 6452
6452, 19872
27073, 6453
18412, 6453
16396, 6453
12064, 6453
18210, 6453
28475, 6453
7580, 6453
6453, 15004
22926, 6454
6454, 30126
19029, 6455
6455, 25049
26002, 6456
6456, 19205
29396, 6457
6457, 8814
15900, 6458
6458, 22428
29344, 6459
6459, 25984
29344, 6460
6460, 27383
24641, 6461
6461, 19610
11953, 6462
10004, 6462
15813, 6462
23331, 6462
22550, 6462
6462, 13608
19685, 6463
6463, 18491
14382, 6464
6464, 16585
6464, 27937
6464, 23888
29117, 6465
6465, 13880
6465, 30248
6465, 26932
8763, 6466
23070, 6466
6466, 23495
14941, 6467
6467, 14813
16805, 6468
6468, 18074
13795, 6469
6469, 26237
26604, 6470
6470, 23823
13686, 6471
14758, 6471
11704, 6471
6471, 13719
16996, 6472
6472, 16590
25915, 6473
13930, 6473
12624, 6473
19226, 6473
18553, 6473
29814, 6473
22489, 6473
6473, 26283
6473, 11000
23230, 6474
6474, 11450
25036, 6475
6475, 9789
13631, 6476
6476, 13007
8499, 6477
6477, 7661
24177, 6478
6478, 16916
13460, 6479
6479, 12657
9107, 6480
6480, 13448
14382, 6481
6481, 24665
20897, 6482
6482, 10133
19826, 6483
6483, 28308
25773, 6484
6484, 21500
21337, 6485
6485, 20322
6485, 13873
6485, 10791
6485, 14876
21821, 6486
6486, 17569
25315, 6487
6487, 19947
28163, 6488
6488, 28513
25621, 6489
6489, 21500
21166, 6490
6490, 13191
21869, 6491
6491, 17870
23848, 6492
26046, 6492
29695, 6492
6492, 25264
29492, 6493
6493, 16023
29344, 6494
6494, 10571
29821, 6495
12560, 6495
24527, 6495
23350, 6495
12276, 6495
23068, 6495
21588, 6495
27389, 6495
26080, 6495
27737, 6495
23836, 6495
9419, 6495
20092, 6495
6495, 13719
13378, 6496
6496, 12189
23007, 6497
6497, 17688
25867, 6498
6498, 29747
29844, 6499
6499, 26673
10245, 6500
6500, 23528
16073, 6501
6501, 27615
30081, 6502
6502, 13297
15620, 6503
6503, 25512
6503, 25908
29432, 6504
9323, 6504
13515, 6504
21362, 6504
12953, 6504
19827, 6504
16876, 6504
28968, 6504
8194, 6504
14154, 6504
6504, 26012
28225, 6505
6505, 9951
14744, 6506
26088, 6506
6506, 15570
16959, 6507
6507, 29033
19507, 6508
6508, 16384
12628, 6509
6509, 21656
16085, 6510
19208, 6510
6510, 13727
29344, 6511
6511, 25371
26424, 6512
6512, 21327
28912, 6513
6513, 18587
9477, 6514
6514, 22133
6514, 12517
17116, 6515
6515, 20906
9322, 6516
19087, 6516
13087, 6516
24643, 6516
22704, 6516
6516, 10189
20549, 6517
11725, 6517
19483, 6517
20214, 6517
20993, 6517
6517, 7678
29344, 6518
6518, 21400
19511, 6519
6519, 12859
8942, 6520
6520, 24286
18311, 6521
6521, 18055
9935, 6522
6522, 21975
22687, 6523
6523, 14605
24810, 6524
6524, 8033
6524, 25194
6524, 27636
11982, 6525
6525, 8468
21878, 6526
6526, 21378
16383, 6527
20800, 6527
6527, 25049
26823, 6528
27374, 6528
6528, 21320
29148, 6529
26568, 6529
6529, 26048
17767, 6530
13902, 6530
26971, 6530
25020, 6530
6530, 17747
25515, 6531
6531, 12906
12122, 6532
6532, 24549
6532, 19861
6532, 10441
6532, 16672
6532, 18931
6532, 24108
10045, 6533
6533, 11420
26375, 6534
6534, 7879
6534, 28999
24810, 6535
6535, 24181
19157, 6536
18975, 6536
21672, 6536
20852, 6536
8073, 6536
18596, 6536
28791, 6536
29191, 6536
18045, 6536
9059, 6536
6536, 25844
6536, 29344
20928, 6537
6537, 27361
7885, 6538
6538, 22583
7854, 6539
6539, 9219
6539, 11619
16262, 6540
6540, 10161
27573, 6541
6541, 26493
8222, 6542
6542, 23647
20163, 6543
6543, 26157
18357, 6544
6544, 14734
21337, 6545
6545, 21051
26333, 6546
6546, 16145
16193, 6547
6547, 12541
26342, 6548
6548, 29597
6548, 21247
21364, 6549
6549, 30052
19406, 6550
6550, 21683
26990, 6551
6551, 13080
9096, 6552
6552, 21059
18282, 6553
6553, 28933
28794, 6554
21458, 6554
21697, 6554
23174, 6554
27876, 6554
20113, 6554
6554, 29678
9737, 6555
6555, 26237
29306, 6556
6556, 24754
30301, 6557
6557, 27160
11232, 6558
6558, 8297
23150, 6559
6559, 20092
29117, 6560
6560, 26289
6560, 30454
9901, 6561
20123, 6561
6561, 16688
14878, 6562
6562, 16195
10104, 6563
6563, 21981
22028, 6564
6564, 14012
8970, 6565
6565, 24293
28569, 6566
29853, 6566
6566, 9734
23907, 6567
6567, 18491
8164, 6568
6568, 28398
17680, 6569
6569, 11294
25243, 6570
6570, 16961
19958, 6571
6571, 11827
29117, 6572
6572, 22954
23766, 6573
6573, 28801
6573, 11136
6573, 21979
6573, 9228
23818, 6574
6574, 7605
11589, 6575
6575, 27689
18024, 6576
30184, 6576
8884, 6576
6576, 19368
11909, 6577
6577, 28327
21585, 6578
6578, 29591
9603, 6579
6579, 21981
22032, 6580
28076, 6580
28127, 6580
21503, 6580
30198, 6580
17890, 6580
19640, 6580
25338, 6580
26454, 6580
27689, 6580
19061, 6580
9538, 6580
30357, 6580
15459, 6580
28981, 6580
12767, 6580
26854, 6580
10090, 6580
7800, 6580
12807, 6580
16011, 6580
14911, 6580
11749, 6580
21745, 6580
23846, 6580
8868, 6580
9396, 6580
18533, 6580
19449, 6580
21922, 6580
10136, 6580
24975, 6580
19613, 6580
20467, 6580
30055, 6580
20344, 6580
21565, 6580
20476, 6580
26545, 6580
24627, 6580
19377, 6580
17901, 6580
23447, 6580
14284, 6580
7699, 6580
19072, 6580
29978, 6580
12422, 6580
23372, 6580
18888, 6580
25578, 6580
26726, 6580
28765, 6580
20018, 6580
17739, 6580
26594, 6580
17725, 6580
22052, 6580
16781, 6580
28657, 6580
26633, 6580
10787, 6580
7679, 6580
16161, 6580
28124, 6580
25892, 6580
27636, 6580
24896, 6580
23360, 6580
19531, 6580
8585, 6580
24036, 6580
23380, 6580
24447, 6580
17855, 6580
7536, 6580
8694, 6580
15640, 6580
15668, 6580
26920, 6580
21589, 6580
18526, 6580
22111, 6580
23343, 6580
24525, 6580
22386, 6580
13268, 6580
26448, 6580
22569, 6580
10251, 6580
15899, 6580
10662, 6580
21153, 6580
22930, 6580
13573, 6580
16550, 6580
27841, 6580
11612, 6580
26373, 6580
12382, 6580
23908, 6580
28764, 6580
18518, 6580
13194, 6580
25135, 6580
12027, 6580
28220, 6580
28020, 6580
27341, 6580
27103, 6580
11673, 6580
11372, 6580
21770, 6580
25247, 6580
13277, 6580
26637, 6580
12886, 6580
15404, 6580
18877, 6580
24812, 6580
19237, 6580
14094, 6580
27499, 6580
28134, 6580
26974, 6580
10731, 6580
19227, 6580
18392, 6580
21626, 6580
8886, 6580
13009, 6580
23278, 6580
12399, 6580
13523, 6580
16103, 6580
28926, 6580
18168, 6580
16284, 6580
25823, 6580
14967, 6580
22791, 6580
12715, 6580
12217, 6580
15589, 6580
25180, 6580
30391, 6580
29058, 6580
11399, 6580
13266, 6580
13907, 6580
23854, 6580
28232, 6580
21680, 6580
19248, 6580
30144, 6580
11042, 6580
21075, 6580
14306, 6580
14598, 6580
9121, 6580
25177, 6580
11184, 6580
14447, 6580
21703, 6580
15408, 6580
8030, 6580
20233, 6580
15902, 6580
20604, 6580
26436, 6580
8810, 6580
9768, 6580
13309, 6580
13316, 6580
13315, 6580
9093, 6580
26152, 6580
12866, 6580
15096, 6580
29092, 6580
10668, 6580
20740, 6580
29782, 6580
28627, 6580
12222, 6580
29809, 6580
17171, 6580
9611, 6580
26995, 6580
10700, 6580
22972, 6580
9318, 6580
15027, 6580
15631, 6580
30302, 6580
26762, 6580
16225, 6580
12301, 6580
19865, 6580
25063, 6580
29123, 6580
12392, 6580
17021, 6580
25940, 6580
12496, 6580
30138, 6580
19221, 6580
19834, 6580
17465, 6580
14187, 6580
15716, 6580
22878, 6580
27655, 6580
27955, 6580
18086, 6580
21541, 6580
10889, 6580
22514, 6580
15081, 6580
16883, 6580
12228, 6580
12293, 6580
19268, 6580
26534, 6580
22605, 6580
26819, 6580
21482, 6580
13125, 6580
14495, 6580
26263, 6580
24552, 6580
20874, 6580
13544, 6580
13549, 6580
28391, 6580
15804, 6580
28495, 6580
18742, 6580
13921, 6580
19907, 6580
10636, 6580
8785, 6580
23900, 6580
26936, 6580
21651, 6580
16358, 6580
27746, 6580
13554, 6580
15156, 6580
21894, 6580
20435, 6580
20901, 6580
17431, 6580
21086, 6580
25659, 6580
15287, 6580
7960, 6580
12786, 6580
13863, 6580
7890, 6580
10377, 6580
13545, 6580
24187, 6580
11875, 6580
26772, 6580
23626, 6580
22953, 6580
15831, 6580
17643, 6580
13383, 6580
10758, 6580
19763, 6580
26879, 6580
26842, 6580
8480, 6580
22517, 6580
24762, 6580
27022, 6580
7529, 6580
26696, 6580
12972, 6580
27905, 6580
24231, 6580
11911, 6580
13821, 6580
15451, 6580
30122, 6580
12651, 6580
25357, 6580
23520, 6580
28188, 6580
7539, 6580
18474, 6580
24125, 6580
15806, 6580
28696, 6580
20129, 6580
21721, 6580
13161, 6580
13911, 6580
23618, 6580
9648, 6580
15608, 6580
14625, 6580
27095, 6580
28433, 6580
12433, 6580
12901, 6580
28496, 6580
17268, 6580
11105, 6580
19146, 6580
8451, 6580
21097, 6580
20894, 6580
12662, 6580
16750, 6580
24432, 6580
11346, 6580
17963, 6580
29130, 6580
19355, 6580
29730, 6580
28887, 6580
24007, 6580
25706, 6580
21216, 6580
10013, 6580
6580, 20917
12781, 6581
6581, 23375
8505, 6582
6582, 17980
28749, 6583
6583, 10509
20020, 6584
6584, 13149
30319, 6585
6585, 16651
8219, 6586
13958, 6586
29410, 6586
6586, 23375
26200, 6587
19126, 6587
11738, 6587
29528, 6587
13006, 6587
14650, 6587
18531, 6587
26891, 6587
18386, 6587
24056, 6587
14951, 6587
23041, 6587
29359, 6587
7705, 6587
15814, 6587
15675, 6587
27774, 6587
11722, 6587
21124, 6587
20632, 6587
22851, 6587
10520, 6587
28240, 6587
16626, 6587
28191, 6587
28298, 6587
28666, 6587
26153, 6587
21092, 6587
16696, 6587
20642, 6587
9588, 6587
9031, 6587
13257, 6587
23465, 6587
23450, 6587
24886, 6587
27249, 6587
28461, 6587
19691, 6587
25061, 6587
27023, 6587
12638, 6587
8001, 6587
22948, 6587
22213, 6587
29804, 6587
30303, 6587
19024, 6587
29175, 6587
13072, 6587
16208, 6587
19112, 6587
19901, 6587
19979, 6587
6587, 13315
25620, 6588
20679, 6588
7840, 6588
19757, 6588
6588, 13311
14381, 6589
6589, 20662
25547, 6590
6590, 11017
12865, 6591
6591, 17688
19311, 6592
6592, 25793
19037, 6593
6593, 16364
13518, 6594
6594, 26166
21192, 6595
6595, 11599
17441, 6596
6596, 24255
11495, 6597
6597, 9842
19467, 6598
20327, 6598
24321, 6598
9606, 6598
23357, 6598
8735, 6598
12609, 6598
26271, 6598
6598, 13719
19914, 6599
6599, 21341
23766, 6600
6600, 8269
6600, 11659
6600, 15872
24485, 6601
6601, 29473
26343, 6602
20585, 6602
12764, 6602
6602, 10173
7889, 6603
6603, 8741
25612, 6604
6604, 11267
19215, 6605
6605, 19732
19064, 6606
6606, 30375
6606, 20497
20020, 6607
10071, 6607
6607, 13149
10462, 6608
6608, 25283
11363, 6609
6609, 22609
6609, 21580
6609, 18828
6609, 27224
6609, 30333
6609, 20808
15456, 6610
6610, 13596
15415, 6611
6611, 12318
19478, 6612
6612, 13070
19261, 6613
28509, 6613
10955, 6613
30276, 6613
27356, 6613
16923, 6613
18538, 6613
6613, 17561
25539, 6614
20789, 6614
6614, 24720
13765, 6615
6615, 29099
7941, 6616
6616, 11564
10660, 6617
15564, 6617
20543, 6617
8818, 6617
18053, 6617
6617, 18063
30346, 6618
6618, 25049
21337, 6619
6619, 27286
8858, 6620
26254, 6620
6620, 12802
24278, 6621
6621, 9512
17299, 6622
6622, 20169
15263, 6623
18130, 6623
6623, 24336
30244, 6624
6624, 28512
9092, 6625
6625, 21160
18488, 6626
18141, 6626
6626, 20862
11708, 6627
6627, 27361
22839, 6628
6628, 19368
28313, 6629
14843, 6629
11827, 6629
17672, 6629
13279, 6629
13729, 6629
14979, 6629
20959, 6629
15519, 6629
22836, 6629
16009, 6629
24513, 6629
24369, 6629
23663, 6629
10482, 6629
23323, 6629
11035, 6629
26643, 6629
16335, 6629
25204, 6629
21160, 6629
9556, 6629
27960, 6629
22733, 6629
27969, 6629
11112, 6629
18922, 6629
11696, 6629
23325, 6629
30182, 6629
16651, 6629
29105, 6629
14515, 6629
26797, 6629
8557, 6629
23400, 6629
16704, 6629
29485, 6629
25933, 6629
10507, 6629
13691, 6629
12165, 6629
18657, 6629
27361, 6629
22943, 6629
6629, 7915
18282, 6630
6630, 29226
22618, 6631
28211, 6631
6631, 25049
29765, 6632
6632, 9805
14325, 6633
6633, 30140
30105, 6634
15113, 6634
30192, 6634
23311, 6634
6634, 14772
24832, 6635
16607, 6635
6635, 19195
16115, 6636
6636, 9790
15254, 6637
6637, 21659
7891, 6638
6638, 25049
29344, 6639
6639, 30312
11877, 6640
6640, 24369
15456, 6641
6641, 29457
29344, 6642
6642, 26417
30169, 6643
6643, 12021
22772, 6644
6644, 14852
29344, 6645
6645, 17190
6645, 15175
12525, 6646
6646, 14069
21213, 6647
6647, 24293
26419, 6648
17311, 6648
26892, 6648
13299, 6648
17748, 6648
29959, 6648
24304, 6648
10614, 6648
9349, 6648
23386, 6648
9008, 6648
21252, 6648
11878, 6648
15071, 6648
17554, 6648
6648, 15857
26872, 6649
6649, 17919
10593, 6650
6650, 18498
29787, 6651
6651, 11242
26353, 6652
6652, 14577
29247, 6653
12372, 6653
8155, 6653
6653, 8814
16855, 6654
6654, 10507
30419, 6655
6655, 22128
21337, 6656
6656, 28760
6656, 23477
6656, 25666
15577, 6657
6657, 13312
15743, 6658
26095, 6658
24484, 6658
18935, 6658
6658, 18519
18991, 6659
16540, 6659
29190, 6659
12003, 6659
8966, 6659
29332, 6659
7880, 6659
27718, 6659
16930, 6659
12015, 6659
9178, 6659
6659, 20170
6659, 17298
6659, 18393
6659, 16713
6659, 18203
6659, 20436
6659, 27213
6659, 12615
6659, 8217
6659, 19241
6659, 14917
6659, 25655
23613, 6660
6660, 17606
11747, 6661
17804, 6661
29751, 6661
20048, 6661
18928, 6661
12194, 6661
20258, 6661
9879, 6661
19326, 6661
13699, 6661
30012, 6661
13246, 6661
16644, 6661
9462, 6661
6661, 22265
17660, 6662
6662, 24039
6662, 11728
22059, 6663
6663, 9245
9891, 6664
6664, 28551
15456, 6665
6665, 20483
13499, 6666
6666, 17100
24097, 6667
20531, 6667
25491, 6667
6667, 16618
9064, 6668
25984, 6668
29210, 6668
14911, 6668
25982, 6668
13248, 6668
15878, 6668
18033, 6668
16761, 6668
14405, 6668
29544, 6668
29361, 6668
24139, 6668
24192, 6668
26383, 6668
15549, 6668
16666, 6668
22905, 6668
19167, 6668
8519, 6668
22791, 6668
8838, 6668
11726, 6668
11386, 6668
14939, 6668
24160, 6668
11682, 6668
18927, 6668
9983, 6668
29034, 6668
20343, 6668
27383, 6668
25099, 6668
7897, 6668
13661, 6668
17509, 6668
17947, 6668
21253, 6668
25640, 6668
16754, 6668
24557, 6668
16991, 6668
11458, 6668
25535, 6668
30070, 6668
13648, 6668
29620, 6668
11826, 6668
6668, 20917
29376, 6669
6669, 15763
21522, 6670
6670, 19446
29344, 6671
6671, 11030
7515, 6672
6672, 22769
20212, 6673
6673, 15211
28686, 6674
6674, 20956
22036, 6675
9933, 6675
6675, 24522
23155, 6676
6676, 29119
6676, 11400
6676, 8008
28407, 6677
6677, 30171
14477, 6678
6678, 18491
21608, 6679
6679, 25306
19830, 6680
6680, 17323
22167, 6681
6681, 14286
28905, 6682
6682, 20077
8458, 6683
6683, 23922
18032, 6684
6684, 20497
12489, 6685
6685, 17506
16039, 6686
28428, 6686
23664, 6686
17826, 6686
6686, 25750
10625, 6687
25112, 6687
21425, 6687
14716, 6687
11132, 6687
29032, 6687
28555, 6687
6687, 19368
27971, 6688
6688, 10304
18331, 6689
15114, 6689
28410, 6689
24890, 6689
6689, 18500
19413, 6690
6690, 10138
26808, 6691
6691, 18422
13586, 6692
6692, 17688
7543, 6693
6693, 25609
22793, 6694
30146, 6694
6694, 20994
23428, 6695
6695, 25937
11151, 6696
16012, 6696
6696, 25049
13906, 6697
6697, 30130
10926, 6698
6698, 14902
19745, 6699
6699, 8560
18866, 6700
6700, 17522
12421, 6701
6701, 28615
14532, 6702
6702, 8184
10404, 6703
6703, 18163
16275, 6704
6704, 15304
26621, 6705
14832, 6705
13179, 6705
6705, 19371
17074, 6706
6706, 16590
11520, 6707
25922, 6707
7659, 6707
21980, 6707
6707, 19688
30244, 6708
6708, 12897
6708, 12313
20020, 6709
6709, 13149
20191, 6710
6710, 29391
13079, 6711
9962, 6711
22840, 6711
8212, 6711
24184, 6711
9070, 6711
28465, 6711
11353, 6711
18391, 6711
18757, 6711
18925, 6711
19112, 6711
11799, 6711
17895, 6711
17810, 6711
14634, 6711
24486, 6711
23713, 6711
18770, 6711
24758, 6711
23548, 6711
29064, 6711
12268, 6711
27483, 6711
25857, 6711
10844, 6711
19174, 6711
15369, 6711
16007, 6711
12092, 6711
28724, 6711
22584, 6711
6711, 7729
17024, 6712
6712, 21603
23766, 6713
6713, 18745
6713, 16015
26973, 6714
6714, 11564
30045, 6715
14038, 6715
23004, 6715
16029, 6715
25554, 6715
8450, 6715
8332, 6715
17204, 6715
20319, 6715
18035, 6715
18084, 6715
6715, 22425
11917, 6716
6716, 29355
8802, 6717
17717, 6717
8907, 6717
13741, 6717
12461, 6717
6717, 9240
6717, 24183
25053, 6718
6718, 15004
9871, 6719
6719, 13752
6719, 9660
7560, 6720
6720, 21981
12122, 6721
6721, 25174
28095, 6722
6722, 25025
18282, 6723
6723, 8735
26342, 6724
6724, 18245
6724, 21247
11754, 6725
6725, 24479
24928, 6726
8853, 6726
22362, 6726
11550, 6726
11045, 6726
14392, 6726
15311, 6726
15984, 6726
6726, 25049
27474, 6727
6727, 26409
24923, 6728
6728, 29519
12219, 6729
6729, 24882
18282, 6730
6730, 24293
11917, 6731
20799, 6731
6731, 29355
13014, 6732
10303, 6732
6732, 14374
14006, 6733
6733, 22321
8230, 6734
6734, 8352
29956, 6735
6735, 26272
29117, 6736
6736, 29210
6736, 15878
6736, 15549
6736, 16666
8770, 6737
9766, 6737
25890, 6737
16149, 6737
21831, 6737
6737, 11564
9814, 6738
15724, 6738
23044, 6738
24314, 6738
22360, 6738
21091, 6738
6738, 20034
23169, 6739
6739, 30203
29193, 6740
6740, 27887
25695, 6741
6741, 13636
15244, 6742
6742, 19973
25492, 6743
6743, 20532
15456, 6744
6744, 16079
28888, 6745
6745, 11549
15419, 6746
8025, 6746
24320, 6746
6746, 15004
7538, 6747
25822, 6747
10846, 6747
11093, 6747
18711, 6747
21347, 6747
22237, 6747
21724, 6747
16400, 6747
19770, 6747
6747, 10962
19393, 6748
21881, 6748
28258, 6748
24709, 6748
16176, 6748
25171, 6748
28697, 6748
16353, 6748
14716, 6748
16127, 6748
24393, 6748
6748, 9395
12586, 6749
6749, 26599
6749, 21910
6749, 19219
10411, 6750
6750, 25049
18748, 6751
6751, 7824
15740, 6752
6752, 11668
8926, 6753
6753, 16081
15196, 6754
6754, 27350
9527, 6755
6755, 27015
7771, 6756
6756, 11112
22060, 6757
6757, 17258
16728, 6758
6758, 13969
8348, 6759
27902, 6759
17202, 6759
24254, 6759
20293, 6759
25781, 6759
20446, 6759
9261, 6759
15612, 6759
6759, 22385
9152, 6760
6760, 17922
29344, 6761
6761, 21395
18631, 6762
6762, 21082
6762, 7593
6762, 13368
6762, 25879
6762, 20628
6762, 26942
6762, 14468
6762, 28283
27128, 6763
6763, 27243
12341, 6764
6764, 25049
15646, 6765
15687, 6765
28553, 6765
29889, 6765
16788, 6765
23627, 6765
27747, 6765
21568, 6765
24131, 6765
20345, 6765
25963, 6765
23401, 6765
27209, 6765
27358, 6765
10184, 6765
21127, 6765
19943, 6765
16892, 6765
11949, 6765
16529, 6765
23472, 6765
14239, 6765
22301, 6765
15556, 6765
13595, 6765
17091, 6765
17278, 6765
21823, 6765
21122, 6765
20947, 6765
18686, 6765
18257, 6765
14524, 6765
25525, 6765
8361, 6765
24255, 6765
29824, 6765
7899, 6765
8569, 6765
30171, 6765
11647, 6765
19940, 6765
8746, 6765
27392, 6765
29968, 6765
14412, 6765
17541, 6765
25187, 6765
23336, 6765
19195, 6765
16081, 6765
29494, 6765
27505, 6765
21059, 6765
21807, 6765
8654, 6765
20983, 6765
13553, 6765
8728, 6765
13011, 6765
14016, 6765
22475, 6765
26795, 6765
7482, 6765
14747, 6765
22769, 6765
16719, 6765
8076, 6765
28871, 6765
8491, 6765
21855, 6765
26193, 6765
21085, 6765
29999, 6765
16369, 6765
29636, 6765
20062, 6765
24077, 6765
24761, 6765
27673, 6765
21769, 6765
14872, 6765
19569, 6765
14332, 6765
11603, 6765
18558, 6765
24855, 6765
16896, 6765
9004, 6765
18200, 6765
22174, 6765
20215, 6765
28812, 6765
7725, 6765
22284, 6765
29122, 6765
12635, 6765
23375, 6765
14197, 6765
19162, 6765
21529, 6765
12619, 6765
24138, 6765
29114, 6765
9324, 6765
25306, 6765
17323, 6765
10933, 6765
26588, 6765
27219, 6765
21910, 6765
24558, 6765
26411, 6765
25162, 6765
13969, 6765
22336, 6765
29678, 6765
25783, 6765
8380, 6765
6765, 18943
6765, 29344
14745, 6766
6766, 12581
25471, 6767
6767, 13785
24961, 6768
17705, 6768
11371, 6768
8214, 6768
30035, 6768
15040, 6768
9157, 6768
13364, 6768
10577, 6768
28809, 6768
6768, 30352
6768, 10430
14382, 6769
6769, 7714
6769, 22914
13758, 6770
6770, 30196
17586, 6771
6771, 15670
11247, 6772
6772, 29911
18223, 6773
6773, 10426
9988, 6774
6774, 27361
19692, 6775
6775, 30352
29344, 6776
6776, 15892
21333, 6777
13427, 6777
6777, 28235
29879, 6778
6778, 28557
27458, 6779
6779, 14298
21406, 6780
30439, 6780
6780, 13967
22633, 6781
6781, 14783
29008, 6782
6782, 9979
6782, 10152
6782, 21413
6782, 28071
29838, 6783
6783, 13070
17600, 6784
6784, 10040
24568, 6785
27323, 6785
6785, 21320
27907, 6786
6786, 23323
11295, 6787
25985, 6787
18920, 6787
30218, 6787
6787, 19368
11734, 6788
6788, 19858
8643, 6789
6789, 8097
15958, 6790
6790, 16143
13802, 6791
6791, 14247
25919, 6792
6792, 25049
12745, 6793
6793, 28383
21337, 6794
6794, 23357
6794, 20111
6794, 12253
6794, 24948
6794, 21224
6794, 20005
6794, 10648
21236, 6795
6795, 25401
25457, 6796
6796, 14160
23433, 6797
6797, 15313
29577, 6798
6798, 17323
16591, 6799
6799, 24515
6799, 19822
6799, 25306
23141, 6800
6800, 14689
6800, 29483
28858, 6801
6801, 13411
29566, 6802
6802, 10642
17900, 6803
6803, 25162
18901, 6804
6804, 10143
27651, 6805
6805, 18212
18827, 6806
6806, 11564
12586, 6807
6807, 16266
19267, 6808
6808, 18055
15821, 6809
6809, 20828
19386, 6810
19612, 6810
27555, 6810
26097, 6810
10972, 6810
27990, 6810
29236, 6810
22995, 6810
10923, 6810
30331, 6810
10172, 6810
8133, 6810
27198, 6810
14849, 6810
17343, 6810
8524, 6810
15850, 6810
15145, 6810
14024, 6810
25544, 6810
10171, 6810
11332, 6810
15052, 6810
8791, 6810
25232, 6810
20404, 6810
14427, 6810
26054, 6810
18039, 6810
21286, 6810
9769, 6810
18581, 6810
17390, 6810
27856, 6810
22740, 6810
22477, 6810
21701, 6810
22716, 6810
28882, 6810
9827, 6810
28846, 6810
11428, 6810
17956, 6810
22968, 6810
9562, 6810
11810, 6810
23776, 6810
27134, 6810
12966, 6810
26864, 6810
21010, 6810
12471, 6810
10299, 6810
30382, 6810
10250, 6810
9113, 6810
9544, 6810
12641, 6810
21518, 6810
16249, 6810
27423, 6810
24211, 6810
19439, 6810
19108, 6810
16629, 6810
28909, 6810
18861, 6810
16681, 6810
24926, 6810
21582, 6810
12275, 6810
26040, 6810
24921, 6810
18642, 6810
7557, 6810
12870, 6810
24714, 6810
14040, 6810
11807, 6810
25806, 6810
20526, 6810
11859, 6810
7760, 6810
23646, 6810
11889, 6810
24061, 6810
15522, 6810
17844, 6810
14022, 6810
27596, 6810
9451, 6810
25646, 6810
21437, 6810
26504, 6810
11852, 6810
13190, 6810
28420, 6810
23384, 6810
14417, 6810
23050, 6810
13840, 6810
18996, 6810
17936, 6810
9690, 6810
29445, 6810
26058, 6810
14529, 6810
15138, 6810
14171, 6810
23092, 6810
7689, 6810
27373, 6810
10359, 6810
30071, 6810
9573, 6810
15232, 6810
12200, 6810
22775, 6810
28792, 6810
23277, 6810
16601, 6810
22023, 6810
28033, 6810
16021, 6810
17584, 6810
19629, 6810
8268, 6810
17514, 6810
15376, 6810
29771, 6810
9048, 6810
19032, 6810
17093, 6810
7894, 6810
10064, 6810
23069, 6810
11004, 6810
24963, 6810
10929, 6810
24263, 6810
28924, 6810
14905, 6810
16053, 6810
22919, 6810
21083, 6810
17735, 6810
8681, 6810
8607, 6810
12935, 6810
12607, 6810
24683, 6810
27030, 6810
28545, 6810
22050, 6810
24529, 6810
7609, 6810
24741, 6810
25848, 6810
20451, 6810
28009, 6810
26231, 6810
26830, 6810
14473, 6810
9095, 6810
11451, 6810
9128, 6810
8338, 6810
16243, 6810
21272, 6810
25277, 6810
18759, 6810
7737, 6810
18355, 6810
13990, 6810
23905, 6810
8494, 6810
11643, 6810
26437, 6810
28132, 6810
29260, 6810
9236, 6810
18536, 6810
13883, 6810
19137, 6810
21988, 6810
12135, 6810
20490, 6810
23308, 6810
13082, 6810
8566, 6810
22717, 6810
14592, 6810
14164, 6810
9253, 6810
26432, 6810
24726, 6810
19735, 6810
12270, 6810
16378, 6810
14191, 6810
21096, 6810
27366, 6810
20452, 6810
15381, 6810
13998, 6810
15100, 6810
24451, 6810
28015, 6810
12446, 6810
8373, 6810
9309, 6810
19774, 6810
9392, 6810
6810, 22836
29344, 6811
6811, 11456
29893, 6812
6812, 11472
18990, 6813
16567, 6813
26771, 6813
29004, 6813
20852, 6813
25080, 6813
13046, 6813
16904, 6813
26673, 6813
28570, 6813
16151, 6813
18880, 6813
12207, 6813
24535, 6813
20626, 6813
11619, 6813
26272, 6813
24663, 6813
8826, 6813
24345, 6813
10039, 6813
26937, 6813
29157, 6813
23079, 6813
14874, 6813
10551, 6813
8017, 6813
22854, 6813
29480, 6813
18539, 6813
28717, 6813
21489, 6813
17502, 6813
10730, 6813
16023, 6813
29736, 6813
15509, 6813
23053, 6813
22626, 6813
20074, 6813
13785, 6813
24852, 6813
13579, 6813
20023, 6813
18045, 6813
19348, 6813
22759, 6813
16590, 6813
10176, 6813
10534, 6813
23375, 6813
16986, 6813
28613, 6813
27953, 6813
17323, 6813
26638, 6813
22146, 6813
11025, 6813
6813, 29344
6813, 20026
25031, 6814
6814, 21635
11716, 6815
9982, 6815
6815, 25049
18307, 6816
19618, 6816
12773, 6816
12447, 6816
6816, 19371
19325, 6817
24216, 6817
6817, 12613
16289, 6818
6818, 25049
14965, 6819
6819, 9790
27232, 6820
6820, 27127
6820, 24614
12122, 6821
6821, 16138
6821, 19843
6821, 11521
8466, 6822
6822, 29033
23363, 6823
6823, 14051
29818, 6824
6824, 21154
14285, 6825
6825, 21981
23009, 6826
6826, 12872
6826, 26769
27521, 6827
6827, 16940
6827, 18584
6827, 8795
24177, 6828
6828, 25473
17006, 6829
6829, 13126
13861, 6830
6830, 21981
11092, 6831
6831, 9789
24745, 6832
9896, 6832
14839, 6832
26136, 6832
6832, 17933
19333, 6833
23876, 6833
6833, 30329
23742, 6834
10413, 6834
10459, 6834
26809, 6834
6834, 25049
21520, 6835
6835, 16466
7985, 6836
24661, 6836
7927, 6836
9135, 6836
14900, 6836
18231, 6836
23081, 6836
30359, 6836
6836, 28729
23489, 6837
6837, 18697
28474, 6838
6838, 8260
23679, 6839
6839, 14223
26319, 6840
6840, 22656
14754, 6841
6841, 14760
23643, 6842
6842, 13070
19333, 6843
6843, 30329
23957, 6844
28274, 6844
6844, 14911
27385, 6845
6845, 14852
7486, 6846
6846, 29833
23766, 6847
6847, 24279
6847, 25003
6847, 14386
17059, 6848
6848, 8718
27421, 6849
15258, 6849
10805, 6849
24677, 6849
10519, 6849
22705, 6849
14475, 6849
18448, 6849
27867, 6849
14344, 6849
14630, 6849
24090, 6849
17119, 6849
12178, 6849
12288, 6849
29209, 6849
23504, 6849
27116, 6849
17065, 6849
11544, 6849
21138, 6849
28099, 6849
16409, 6849
20969, 6849
18380, 6849
30078, 6849
23819, 6849
11404, 6849
13726, 6849
9694, 6849
23439, 6849
22632, 6849
25699, 6849
29925, 6849
11534, 6849
23582, 6849
24516, 6849
8860, 6849
17249, 6849
10688, 6849
13412, 6849
25179, 6849
26717, 6849
23932, 6849
12045, 6849
20450, 6849
18021, 6849
19220, 6849
14452, 6849
26367, 6849
26222, 6849
22329, 6849
11153, 6849
15684, 6849
18470, 6849
12169, 6849
10724, 6849
16441, 6849
10975, 6849
12237, 6849
18407, 6849
10835, 6849
9749, 6849
29281, 6849
15528, 6849
22960, 6849
8215, 6849
8309, 6849
17317, 6849
14316, 6849
12029, 6849
18483, 6849
12190, 6849
7694, 6849
21987, 6849
28031, 6849
28470, 6849
28675, 6849
27839, 6849
9291, 6849
8203, 6849
15152, 6849
14185, 6849
11350, 6849
29010, 6849
21250, 6849
29031, 6849
18285, 6849
20893, 6849
18106, 6849
15248, 6849
9745, 6849
25211, 6849
17250, 6849
20675, 6849
16596, 6849
12511, 6849
11824, 6849
26094, 6849
10891, 6849
18437, 6849
29160, 6849
16673, 6849
7653, 6849
8994, 6849
15048, 6849
21716, 6849
11166, 6849
11097, 6849
17154, 6849
17181, 6849
12112, 6849
28185, 6849
12023, 6849
8188, 6849
19578, 6849
19740, 6849
10749, 6849
27066, 6849
16402, 6849
25466, 6849
25249, 6849
28594, 6849
8252, 6849
26025, 6849
14981, 6849
13496, 6849
26306, 6849
14320, 6849
28419, 6849
27504, 6849
9410, 6849
17403, 6849
15218, 6849
24984, 6849
27750, 6849
26114, 6849
12230, 6849
7599, 6849
15844, 6849
13862, 6849
21144, 6849
25385, 6849
11960, 6849
24189, 6849
20159, 6849
29357, 6849
20838, 6849
30166, 6849
18820, 6849
8114, 6849
16613, 6849
26258, 6849
22548, 6849
17616, 6849
21335, 6849
28528, 6849
14056, 6849
18568, 6849
29654, 6849
30366, 6849
16421, 6849
27659, 6849
21081, 6849
9922, 6849
12577, 6849
27377, 6849
14019, 6849
15085, 6849
29369, 6849
23038, 6849
24930, 6849
29187, 6849
12068, 6849
27710, 6849
15822, 6849
27291, 6849
18057, 6849
10524, 6849
22904, 6849
19389, 6849
23608, 6849
16697, 6849
15178, 6849
28730, 6849
16227, 6849
12949, 6849
29938, 6849
13852, 6849
28560, 6849
27622, 6849
27081, 6849
7901, 6849
18325, 6849
14050, 6849
24584, 6849
13687, 6849
12223, 6849
16068, 6849
17574, 6849
11305, 6849
8115, 6849
20484, 6849
25199, 6849
20778, 6849
23913, 6849
29488, 6849
17260, 6849
18643, 6849
13704, 6849
10270, 6849
30177, 6849
24053, 6849
16594, 6849
14778, 6849
20511, 6849
22416, 6849
21403, 6849
20927, 6849
26214, 6849
14752, 6849
21071, 6849
8837, 6849
19060, 6849
11178, 6849
9503, 6849
22168, 6849
11762, 6849
28408, 6849
27734, 6849
24461, 6849
26489, 6849
17740, 6849
9256, 6849
20708, 6849
8197, 6849
14686, 6849
13320, 6849
21687, 6849
17842, 6849
30219, 6849
22855, 6849
22062, 6849
27311, 6849
23158, 6849
15720, 6849
13552, 6849
7782, 6849
15512, 6849
14229, 6849
18093, 6849
8823, 6849
8757, 6849
26773, 6849
27495, 6849
27511, 6849
17675, 6849
26398, 6849
19603, 6849
18489, 6849
12060, 6849
17666, 6849
13293, 6849
16878, 6849
12559, 6849
23959, 6849
22446, 6849
19753, 6849
9186, 6849
14060, 6849
18176, 6849
23895, 6849
27792, 6849
16367, 6849
21114, 6849
26052, 6849
29757, 6849
21650, 6849
20183, 6849
16705, 6849
6849, 16459
25231, 6850
6850, 27810
8763, 6851
23781, 6851
6851, 18940
25522, 6852
6852, 14620
25939, 6853
6853, 22769
16574, 6854
6854, 10507
29344, 6855
6855, 11030
17637, 6856
6856, 15880
28303, 6857
12529, 6857
15076, 6857
20542, 6857
27661, 6857
29970, 6857
15294, 6857
6857, 10834
24330, 6858
6858, 10787
8713, 6859
6859, 24131
9546, 6860
26453, 6860
6860, 25264
9910, 6861
6861, 24989
14152, 6862
6862, 25896
23457, 6863
20647, 6863
6863, 14785
13938, 6864
6864, 8206
15936, 6865
6865, 11636
29887, 6866
15706, 6866
6866, 30267
10156, 6867
6867, 26274
9587, 6868
6868, 20852
26254, 6869
6869, 15615
26523, 6870
6870, 24851
6870, 14430
6870, 14947
6870, 7540
21983, 6871
6871, 21683
25176, 6872
6872, 15735
10994, 6873
6873, 29429
23765, 6874
29286, 6874
20539, 6874
10505, 6874
24618, 6874
24723, 6874
6874, 21075
29443, 6875
12349, 6875
13128, 6875
6875, 25049
12920, 6876
6876, 18264
26946, 6877
17511, 6877
6877, 13847
29388, 6878
6878, 23056
28404, 6879
6879, 28615
25744, 6880
6880, 17400
18514, 6881
6881, 25433
18354, 6882
23521, 6882
26254, 6882
25776, 6882
6882, 15615
28359, 6883
6883, 28887
13314, 6884
6884, 27255
17244, 6885
6885, 25049
29117, 6886
6886, 24701
23676, 6887
16194, 6887
6887, 25264
11734, 6888
6888, 7982
22826, 6889
6889, 11564
27998, 6890
18094, 6890
11169, 6890
18821, 6890
12755, 6890
19504, 6890
7808, 6890
6890, 13719
9495, 6891
6891, 25448
25207, 6892
6892, 26692
22839, 6893
17286, 6893
6893, 19368
18240, 6894
6894, 29666
6894, 29888
6894, 11219
19333, 6895
6895, 30329
27148, 6896
6896, 18736
20292, 6897
6897, 27195
6897, 20494
21337, 6898
6898, 12883
6898, 26592
20284, 6899
13933, 6899
25930, 6899
14863, 6899
7925, 6899
14736, 6899
26007, 6899
27007, 6899
9858, 6899
24635, 6899
27190, 6899
19275, 6899
22110, 6899
17243, 6899
12469, 6899
12950, 6899
6899, 27010
24354, 6900
6900, 23922
17993, 6901
6901, 20869
6901, 19714
6901, 20115
6901, 13121
6901, 15701
15198, 6902
6902, 22510
24458, 6903
12707, 6903
6903, 7964
29818, 6904
6904, 16544
13756, 6905
6905, 22836
26831, 6906
6906, 21445
18319, 6907
6907, 24959
20897, 6908
6908, 16335
13308, 6909
6909, 12637
8630, 6910
6910, 11283
17050, 6911
14655, 6911
6911, 22986
11238, 6912
29100, 6912
6912, 13080
29765, 6913
6913, 11668
23100, 6914
6914, 28884
18002, 6915
6915, 27850
21337, 6916
6916, 20151
6916, 24065
28265, 6917
6917, 27638
11734, 6918
6918, 30312
27174, 6919
6919, 13070
6919, 12470
6919, 21023
28582, 6920
6920, 10507
10134, 6921
6921, 8871
26530, 6922
14697, 6922
18150, 6922
26897, 6922
22356, 6922
22104, 6922
30278, 6922
26266, 6922
21912, 6922
25153, 6922
17784, 6922
24325, 6922
6922, 15004
12248, 6923
13142, 6923
6923, 12991
11299, 6924
6924, 21320
25434, 6925
6925, 14057
13939, 6926
6926, 29022
6926, 18234
8319, 6927
7968, 6927
18998, 6927
24935, 6927
6927, 30267
28302, 6928
6928, 15802
6928, 8673
16347, 6929
6929, 16056
7630, 6930
6930, 17417
21337, 6931
6931, 29868
6931, 18834
6931, 8193
22544, 6932
28990, 6932
29875, 6932
6932, 18055
16426, 6933
6933, 19688
18567, 6934
28144, 6934
6934, 10039
23766, 6935
6935, 20546
6935, 19167
6935, 25640
6935, 25535
11982, 6936
6936, 15754
10370, 6937
6937, 18422
6937, 18493
7941, 6938
18516, 6938
6938, 11564
29462, 6939
6939, 21500
12932, 6940
13962, 6940
6940, 29855
18251, 6941
21331, 6941
8365, 6941
14102, 6941
11086, 6941
6941, 17963
8005, 6942
6942, 20259
16932, 6943
6943, 10097
23532, 6944
6944, 27936
14831, 6945
6945, 13628
18420, 6946
6946, 16422
24178, 6947
6947, 19892
15323, 6948
29113, 6948
6948, 30267
21878, 6949
6949, 20970
11449, 6950
6950, 19869
7670, 6951
6951, 27195
16945, 6952
9008, 6952
18484, 6952
25494, 6952
21200, 6952
22319, 6952
14408, 6952
6952, 13455
29344, 6953
6953, 10850
24737, 6954
6954, 8605
25214, 6955
6955, 16716
18495, 6956
8972, 6956
12307, 6956
9238, 6956
6956, 25049
6956, 20662
6956, 24131
16756, 6957
29789, 6957
22139, 6957
6957, 20934
9403, 6958
6958, 26769
25792, 6959
6959, 19899
16959, 6960
6960, 18637
17383, 6961
6961, 29947
18282, 6962
6962, 24880
28117, 6963
6963, 27398
8558, 6964
6964, 26445
25198, 6965
6965, 18727
13743, 6966
28515, 6966
15639, 6966
15289, 6966
16853, 6966
19302, 6966
18773, 6966
17590, 6966
19245, 6966
11385, 6966
29288, 6966
9814, 6966
12955, 6966
26766, 6966
9733, 6966
21600, 6966
26970, 6966
29772, 6966
18122, 6966
15705, 6966
28280, 6966
25513, 6966
9658, 6966
28451, 6966
28199, 6966
9222, 6966
8243, 6966
20482, 6966
18133, 6966
16870, 6966
6966, 19180
29920, 6967
6967, 22012
6967, 9180
6967, 18179
6967, 9561
6967, 18638
6967, 27126
6967, 17351
6967, 25593
6967, 12687
6967, 12618
6967, 19409
6967, 24894
6967, 28438
6967, 24589
6967, 11364
6967, 28411
6967, 28284
6967, 23492
6967, 25732
6967, 9100
6967, 14517
6967, 13667
6967, 18116
6967, 22276
6967, 29988
6967, 15062
6967, 23704
6967, 23628
6967, 16665
6967, 29522
6967, 26003
6967, 15604
6967, 25842
6967, 20433
6967, 26687
6967, 16638
6967, 22961
6967, 26549
6967, 9314
6967, 22751
6967, 30041
6967, 29324
6967, 10231
6967, 13159
6967, 9636
6967, 11043
6967, 27716
6967, 9345
6967, 15224
6967, 12530
6967, 13145
6967, 25838
6967, 28716
6967, 10440
6967, 28772
6967, 10931
6967, 23362
6967, 15918
6967, 26962
6967, 15160
6967, 28918
6967, 14031
6967, 27855
6967, 10445
6967, 12747
6967, 10790
6967, 17089
6967, 18034
6967, 16095
6967, 21265
6967, 15524
6967, 10757
12795, 6968
6968, 15146
29368, 6969
6969, 25049
25058, 6970
29818, 6970
6970, 16460
14033, 6971
6971, 12594
27402, 6972
23117, 6972
25181, 6972
24299, 6972
23029, 6972
29923, 6972
11789, 6972
6972, 22533
6972, 14225
18282, 6973
6973, 9000
22098, 6974
18659, 6974
6974, 21811
14499, 6975
6975, 16076
6975, 15571
21878, 6976
6976, 20522
6976, 16597
6976, 25260
19165, 6977
6977, 29125
11848, 6978
7852, 6978
27161, 6978
18783, 6978
15202, 6978
26416, 6978
15991, 6978
17589, 6978
13675, 6978
6978, 18422
25769, 6979
6979, 20477
20897, 6980
6980, 10212
18096, 6981
6981, 26863
8973, 6982
6982, 26901
29581, 6983
21052, 6983
21256, 6983
7851, 6983
21202, 6983
11319, 6983
8685, 6983
29638, 6983
23148, 6983
13533, 6983
13842, 6983
24940, 6983
6983, 26376
14706, 6984
19514, 6984
18244, 6984
27933, 6984
10824, 6984
10324, 6984
26516, 6984
26017, 6984
10867, 6984
17795, 6984
15428, 6984
25461, 6984
23195, 6984
27940, 6984
27916, 6984
12803, 6984
22676, 6984
12298, 6984
24389, 6984
14802, 6984
29725, 6984
8364, 6984
9835, 6984
6984, 25808
22116, 6985
6985, 14515
19595, 6986
6986, 22262
8736, 6987
24103, 6987
6987, 25049
21410, 6988
6988, 13033
21399, 6989
6989, 15509
29054, 6990
27487, 6990
6990, 12722
18398, 6991
6991, 20827
22025, 6992
6992, 9635
30089, 6993
6993, 8633
10593, 6994
6994, 23706
15588, 6995
6995, 10962
15479, 6996
6996, 20824
27186, 6997
6997, 19913
20635, 6998
6998, 9219
18529, 6999
6999, 10228
24370, 7000
7000, 11616
10743, 7001
7001, 19368
9873, 7002
7002, 19368
12732, 7003
7003, 11818
27082, 7004
7004, 21110
23575, 7005
7005, 8741
30395, 7006
7006, 27350
28684, 7007
28976, 7007
7007, 15767
7007, 18825
7007, 11294
14642, 7008
12453, 7008
7008, 13563
19383, 7009
7009, 15857
16915, 7010
28106, 7010
7010, 25306
15282, 7011
7011, 7480
19212, 7012
23175, 7012
7012, 11827
9650, 7013
7013, 19368
23288, 7014
25636, 7014
7014, 26049
22973, 7015
19848, 7015
10055, 7015
7015, 11827
29492, 7016
7016, 16023
25957, 7017
7017, 15735
19435, 7018
7018, 27826
19455, 7019
7019, 25470
28980, 7020
7020, 10229
20897, 7021
7021, 16548
11418, 7022
7022, 19368
17358, 7023
7023, 29836
17358, 7024
7024, 15627
7024, 30178
7024, 17539
17393, 7025
7025, 17814
28268, 7026
21408, 7026
22794, 7026
7026, 29059
15427, 7027
7027, 17456
7027, 15049
15021, 7028
7028, 30176
7028, 11386
7028, 22853
7028, 18005
22934, 7029
20921, 7029
22085, 7029
22092, 7029
20578, 7029
18915, 7029
8449, 7029
25654, 7029
19445, 7029
12666, 7029
28148, 7029
23434, 7029
26177, 7029
16419, 7029
7029, 20162
23463, 7030
7030, 11527
7030, 27964
7030, 8383
7030, 10611
7030, 16581
7030, 8915
7030, 30020
7030, 9696
7030, 12183
7030, 26618
7030, 19747
7030, 17440
7030, 9965
7030, 23274
7030, 18394
7030, 27611
7030, 15594
7030, 23880
7030, 14279
7030, 30008
7030, 19591
7030, 29588
7030, 23946
7030, 17837
7030, 10467
7030, 10918
7030, 11611
7030, 23481
7030, 21833
7030, 18469
7030, 20438
7030, 15312
7030, 16583
7030, 27094
7030, 16313
7030, 10439
7030, 21952
7030, 21877
7030, 24918
7030, 13376
7030, 24081
7030, 30230
7030, 11915
7030, 11749
7030, 21565
7030, 26815
7030, 16781
7030, 14207
7030, 7629
7030, 24372
7030, 25167
7030, 18941
7030, 23380
7030, 22111
7030, 19294
7030, 20763
7030, 13194
7030, 7574
7030, 11537
7030, 27052
7030, 21297
7030, 11042
7030, 20701
7030, 8030
7030, 9768
7030, 27522
7030, 15989
7030, 15631
7030, 17673
7030, 12293
7030, 21944
7030, 19268
7030, 24564
7030, 11049
7030, 17580
7030, 15451
7030, 25357
7030, 9150
7030, 17523
7030, 19852
20645, 7031
17993, 7031
7031, 30179
7031, 7613
7031, 29188
7031, 17820
7031, 9498
21078, 7032
7032, 12938
25031, 7033
7033, 16270
20306, 7034
7034, 26550
17428, 7035
7035, 11417
19216, 7036
26528, 7036
26700, 7036
21744, 7036
15351, 7036
7036, 10670
26053, 7037
26133, 7037
7037, 23398
10030, 7038
7038, 19688
29787, 7039
7039, 23665
26580, 7040
7040, 28721
29181, 7041
7041, 16101
18091, 7042
7042, 10733
26317, 7043
29144, 7043
7043, 29394
10395, 7044
8269, 7044
24791, 7044
27676, 7044
27520, 7044
22260, 7044
14709, 7044
17470, 7044
24671, 7044
9123, 7044
16769, 7044
25793, 7044
11269, 7044
21711, 7044
20092, 7044
9743, 7044
7044, 13719
24637, 7045
7045, 25306
11919, 7046
7046, 8790
15821, 7047
7047, 18045
23150, 7048
7048, 24527
15260, 7049
7049, 24663
10657, 7050
7050, 11564
9225, 7051
26139, 7051
7051, 17070
28478, 7052
7052, 13323
7052, 14511
13703, 7053
7053, 22915
21004, 7054
7054, 13080
15915, 7055
7055, 25306
23610, 7056
7056, 14922
18575, 7057
10233, 7057
28196, 7057
15719, 7057
20785, 7057
22980, 7057
25368, 7057
7057, 19473
23660, 7058
7058, 9930
20755, 7059
7059, 10151
9535, 7060
7060, 17814
18052, 7061
7061, 13332
24810, 7062
7062, 13638
7062, 23370
7062, 20223
10560, 7063
7063, 21981
18605, 7064
7064, 26643
14727, 7065
7065, 17592
23790, 7066
7066, 16016
26320, 7067
7067, 24720
20991, 7068
11680, 7068
23441, 7068
25521, 7068
15922, 7068
7068, 11294
19956, 7069
7069, 23131
13627, 7070
7070, 19959
8816, 7071
7071, 25306
24329, 7072
7072, 16517
15450, 7073
7073, 21965
19820, 7074
7074, 11943
12181, 7075
26612, 7075
7075, 15004
20212, 7076
7076, 17262
25372, 7077
7077, 23891
13939, 7078
7078, 11895
8652, 7079
26533, 7079
17479, 7079
23811, 7079
24969, 7079
11741, 7079
7079, 27585
14382, 7080
7080, 14699
11877, 7081
7081, 24369
22624, 7082
7082, 17622
11676, 7083
7083, 15544
10104, 7084
20046, 7084
7084, 21981
7519, 7085
7085, 18353
10244, 7086
7086, 28970
7086, 12339
20236, 7087
16008, 7087
27780, 7087
7087, 28922
24996, 7088
17563, 7088
28757, 7088
13512, 7088
26348, 7088
9115, 7088
29353, 7088
14449, 7088
16675, 7088
19256, 7088
15092, 7088
28187, 7088
7088, 18055
7088, 15004
7088, 9081
11272, 7089
7089, 14606
10234, 7090
7090, 14343
12170, 7091
17198, 7091
7091, 17336
26894, 7092
7092, 12979
11734, 7093
7093, 21590
13643, 7094
7094, 19371
19533, 7095
27970, 7095
15894, 7095
12039, 7095
11827, 7095
21846, 7095
20094, 7095
13080, 7095
15576, 7095
15266, 7095
11335, 7095
12979, 7095
14926, 7095
25264, 7095
19541, 7095
13404, 7095
25049, 7095
29991, 7095
19872, 7095
9705, 7095
12925, 7095
23641, 7095
29833, 7095
24369, 7095
14528, 7095
18384, 7095
10510, 7095
18637, 7095
24649, 7095
27844, 7095
20862, 7095
9385, 7095
22466, 7095
11035, 7095
19368, 7095
22730, 7095
17968, 7095
11751, 7095
10719, 7095
18060, 7095
9511, 7095
13149, 7095
14351, 7095
20934, 7095
22445, 7095
24736, 7095
19562, 7095
10806, 7095
27063, 7095
15615, 7095
25943, 7095
15800, 7095
10182, 7095
24293, 7095
21683, 7095
26721, 7095
25017, 7095
17922, 7095
23661, 7095
29715, 7095
9395, 7095
17688, 7095
24543, 7095
16789, 7095
24379, 7095
10426, 7095
9790, 7095
9302, 7095
13727, 7095
23137, 7095
29355, 7095
12388, 7095
21474, 7095
30456, 7095
9548, 7095
18055, 7095
21926, 7095
26797, 7095
26012, 7095
21506, 7095
28922, 7095
23591, 7095
21684, 7095
13429, 7095
12648, 7095
17262, 7095
8814, 7095
10507, 7095
11294, 7095
25854, 7095
13691, 7095
17984, 7095
21521, 7095
28306, 7095
29307, 7095
15570, 7095
18657, 7095
21985, 7095
11564, 7095
27361, 7095
21981, 7095
30267, 7095
14760, 7095
11484, 7095
7095, 12929
12311, 7096
9205, 7096
9332, 7096
7096, 29706
15421, 7097
7097, 9449
9149, 7098
7098, 17313
7098, 18601
11719, 7099
7099, 29563
7099, 20936
27122, 7100
12977, 7100
23225, 7100
7100, 11482
21920, 7101
8799, 7101
7101, 15570
11705, 7102
16468, 7102
23060, 7102
26022, 7102
7102, 30401
19337, 7103
7103, 14419
9897, 7104
11917, 7104
21949, 7104
7104, 29355
9893, 7105
7667, 7105
7105, 13432
29344, 7106
7106, 7663
15489, 7107
7107, 12593
30215, 7108
16237, 7108
7108, 30120
14382, 7109
7109, 27828
7109, 9537
7109, 21507
15354, 7110
20695, 7110
24524, 7110
14204, 7110
10117, 7110
7110, 11294
15461, 7111
7111, 24624
11363, 7112
7112, 20340
7112, 16519
7112, 19477
26912, 7113
7113, 25049
25504, 7114
7114, 27395
7114, 26237
13264, 7115
7115, 23922
11982, 7116
7116, 21795
11734, 7117
7117, 23528
7117, 7636
19902, 7118
7118, 28454
7118, 24021
7118, 10692
7118, 26140
7118, 18756
7118, 26649
7118, 25596
7118, 14282
7118, 17341
7118, 21146
7118, 7528
15685, 7119
10663, 7119
12543, 7119
16612, 7119
7119, 25797
23130, 7120
7120, 21105
26894, 7121
7121, 29796
27958, 7122
7122, 14606
29266, 7123
16240, 7123
7123, 19688
29784, 7124
7124, 9845
26477, 7125
7125, 8848
24057, 7126
7126, 11134
29344, 7127
7127, 29446
17836, 7128
7128, 28398
20308, 7129
7129, 14218
25396, 7130
15181, 7130
7130, 25264
15212, 7131
7131, 14882
29818, 7132
7132, 23046
13106, 7133
8227, 7133
13999, 7133
26224, 7133
7133, 18188
7133, 18953
7133, 29363
7133, 29025
7133, 19871
7133, 15443
7133, 18771
7133, 16274
7133, 22912
7133, 29658
7133, 21020
7133, 25215
7133, 22268
7133, 29883
7133, 26475
7133, 11310
7133, 27229
7133, 22529
7133, 21937
7133, 18283
7133, 9833
7133, 12556
7133, 14795
7133, 12215
7133, 17796
7133, 15210
7133, 24488
7133, 14720
7133, 8830
7133, 9230
7133, 20257
7133, 17853
8174, 7134
7134, 23922
24960, 7135
7135, 22466
26089, 7136
27561, 7136
7136, 7661
20020, 7137
7137, 13149
12142, 7138
23906, 7138
18299, 7138
19778, 7138
7138, 29943
23514, 7139
7139, 26273
10804, 7140
7140, 24881
24793, 7141
7141, 29882
11406, 7142
7142, 26331
17348, 7143
9552, 7143
25074, 7143
28047, 7143
10391, 7143
30018, 7143
23097, 7143
21692, 7143
20504, 7143
17122, 7143
14963, 7143
21420, 7143
27994, 7143
29129, 7143
14475, 7143
26825, 7143
13150, 7143
28247, 7143
11562, 7143
29847, 7143
19977, 7143
25605, 7143
13381, 7143
11155, 7143
23156, 7143
24606, 7143
20385, 7143
20307, 7143
13613, 7143
16285, 7143
19524, 7143
9695, 7143
25122, 7143
17989, 7143
14742, 7143
27694, 7143
27824, 7143
14985, 7143
21850, 7143
17779, 7143
11135, 7143
17269, 7143
24841, 7143
9977, 7143
13239, 7143
24539, 7143
22774, 7143
25738, 7143
14617, 7143
21702, 7143
18079, 7143
27767, 7143
21657, 7143
14265, 7143
25150, 7143
9379, 7143
27059, 7143
21682, 7143
8470, 7143
15765, 7143
25675, 7143
7503, 7143
19935, 7143
11322, 7143
16392, 7143
27873, 7143
15090, 7143
25778, 7143
21162, 7143
15744, 7143
24150, 7143
10890, 7143
11840, 7143
14672, 7143
23659, 7143
22505, 7143
17178, 7143
13575, 7143
18436, 7143
11369, 7143
29788, 7143
30048, 7143
30158, 7143
22109, 7143
20011, 7143
27427, 7143
7688, 7143
12121, 7143
13677, 7143
27645, 7143
26163, 7143
25404, 7143
9595, 7143
15137, 7143
21885, 7143
27517, 7143
27865, 7143
23715, 7143
29688, 7143
22279, 7143
22963, 7143
26031, 7143
8747, 7143
27420, 7143
12087, 7143
22805, 7143
11190, 7143
24970, 7143
28868, 7143
27709, 7143
29422, 7143
17773, 7143
25912, 7143
19292, 7143
20086, 7143
14201, 7143
11847, 7143
16204, 7143
15552, 7143
23061, 7143
15184, 7143
26199, 7143
15476, 7143
14131, 7143
13228, 7143
19790, 7143
14574, 7143
9173, 7143
26796, 7143
22615, 7143
24569, 7143
23718, 7143
14442, 7143
27519, 7143
24197, 7143
28173, 7143
22267, 7143
21764, 7143
13900, 7143
17197, 7143
20935, 7143
20733, 7143
30026, 7143
15488, 7143
25557, 7143
19432, 7143
21367, 7143
25374, 7143
9460, 7143
27043, 7143
14309, 7143
9407, 7143
23510, 7143
25595, 7143
28932, 7143
21752, 7143
11892, 7143
25229, 7143
16296, 7143
19303, 7143
27798, 7143
9803, 7143
28722, 7143
20856, 7143
25559, 7143
12050, 7143
14088, 7143
8599, 7143
12634, 7143
7914, 7143
9877, 7143
23364, 7143
11858, 7143
29294, 7143
25081, 7143
21019, 7143
10498, 7143
24704, 7143
13288, 7143
26944, 7143
16709, 7143
13304, 7143
17519, 7143
17063, 7143
21941, 7143
20792, 7143
9334, 7143
10167, 7143
22217, 7143
27293, 7143
16319, 7143
28277, 7143
30388, 7143
29729, 7143
9112, 7143
15099, 7143
20643, 7143
14501, 7143
27858, 7143
15688, 7143
8484, 7143
21021, 7143
30024, 7143
25914, 7143
10689, 7143
27579, 7143
29063, 7143
20495, 7143
8180, 7143
15436, 7143
24471, 7143
7649, 7143
11421, 7143
23496, 7143
15117, 7143
28608, 7143
30432, 7143
26801, 7143
29903, 7143
28369, 7143
28839, 7143
22886, 7143
21511, 7143
16683, 7143
23795, 7143
19403, 7143
17598, 7143
28223, 7143
20665, 7143
24583, 7143
29385, 7143
27125, 7143
12279, 7143
14850, 7143
27360, 7143
8003, 7143
19031, 7143
24365, 7143
11683, 7143
27686, 7143
11841, 7143
27631, 7143
12558, 7143
9991, 7143
16553, 7143
17903, 7143
18193, 7143
18986, 7143
30381, 7143
20743, 7143
22527, 7143
10418, 7143
12758, 7143
14128, 7143
15711, 7143
21040, 7143
22353, 7143
8583, 7143
17815, 7143
28193, 7143
8896, 7143
22369, 7143
13527, 7143
13833, 7143
17283, 7143
25874, 7143
25276, 7143
9856, 7143
23974, 7143
21562, 7143
18115, 7143
8703, 7143
19397, 7143
11570, 7143
12582, 7143
27667, 7143
25205, 7143
25692, 7143
11857, 7143
26871, 7143
7143, 13391
10582, 7144
7144, 26458
24853, 7145
7145, 8392
18890, 7146
18926, 7146
7146, 25049
18282, 7147
7147, 23630
28037, 7148
7148, 25042
12421, 7149
7149, 29852
20187, 7150
28208, 7150
28796, 7150
7150, 10767
25794, 7151
7151, 16567
27868, 7152
7152, 28326
26098, 7153
7153, 19371
26254, 7154
7154, 15615
9049, 7155
7155, 16314
11423, 7156
7156, 30171
13611, 7157
7157, 19368
12731, 7158
7158, 21879
24742, 7159
8481, 7159
12991, 7159
21443, 7159
26237, 7159
7159, 8327
7159, 29344
23318, 7160
7160, 24293
14382, 7161
7161, 22398
7161, 8927
7161, 12207
7161, 7809
7161, 13280
7161, 7740
7161, 21597
7161, 13107
23719, 7162
7162, 9911
23693, 7163
7163, 11564
19780, 7164
7164, 25306
11180, 7165
7165, 27361
12883, 7166
7633, 7166
11890, 7166
12091, 7166
22536, 7166
10431, 7166
24665, 7166
29984, 7166
13362, 7166
15801, 7166
20162, 7166
7166, 13719
16188, 7167
7167, 24293
20825, 7168
7168, 30163
8763, 7169
7169, 27719
29344, 7170
7170, 11954
20892, 7171
7171, 10858
16625, 7172
7172, 12555
22132, 7173
8659, 7173
7173, 8920
17934, 7174
29576, 7174
7174, 12912
12917, 7175
7175, 25141
11651, 7176
7176, 20592
18282, 7177
7177, 9751
24784, 7178
7178, 12889
29336, 7179
7179, 19669
14858, 7180
7180, 24293
28269, 7181
7181, 18635
9176, 7182
30022, 7182
29645, 7182
16043, 7182
18608, 7182
24540, 7182
9567, 7182
23371, 7182
7182, 8814
24442, 7183
7183, 14581
24472, 7184
10351, 7184
7184, 11564
11117, 7185
7185, 17889
19688, 7186
23619, 7186
14103, 7186
17175, 7186
24131, 7186
20852, 7186
15645, 7186
8454, 7186
7480, 7186
28849, 7186
13116, 7186
13455, 7186
11061, 7186
7869, 7186
8829, 7186
10512, 7186
26569, 7186
24936, 7186
20626, 7186
27459, 7186
10239, 7186
14874, 7186
29713, 7186
21059, 7186
24720, 7186
10685, 7186
10043, 7186
19482, 7186
25138, 7186
11818, 7186
26795, 7186
22769, 7186
17502, 7186
24621, 7186
14845, 7186
21276, 7186
11199, 7186
28907, 7186
10834, 7186
14002, 7186
14332, 7186
10800, 7186
28483, 7186
10262, 7186
7528, 7186
14777, 7186
17076, 7186
19450, 7186
7722, 7186
21818, 7186
15005, 7186
25783, 7186
14732, 7186
7186, 10875
7186, 29344
27381, 7187
16670, 7187
23408, 7187
21857, 7187
7187, 18632
26363, 7188
7188, 8316
17358, 7189
7189, 22206
26899, 7190
7190, 25948
12570, 7191
7191, 18810
25862, 7192
7192, 22169
20332, 7193
7193, 29179
12122, 7194
7194, 27252
7194, 11307
7194, 15848
25730, 7195
7195, 22738
20911, 7196
7196, 18392
28937, 7197
7197, 10504
22399, 7198
7198, 8969
29640, 7199
7511, 7199
16759, 7199
21057, 7199
9909, 7199
7199, 8265
17200, 7200
27835, 7200
28155, 7200
7200, 27500
8759, 7201
7201, 13442
19712, 7202
7202, 14874
23808, 7203
7203, 12633
20387, 7204
7204, 14343
17906, 7205
7205, 9691
9921, 7206
7206, 24668
20603, 7207
7207, 18086
23150, 7208
7208, 28242
12122, 7209
7209, 15938
7209, 19962
10197, 7210
7210, 24409
26248, 7211
7211, 15892
20855, 7212
7212, 18730
23675, 7213
7213, 12041
24177, 7214
7214, 17113
29143, 7215
7215, 28907
16832, 7216
7216, 14247
7216, 29407
23745, 7217
29163, 7217
7217, 18086
27575, 7218
7218, 8209
21322, 7219
7219, 14091
25218, 7220
7220, 26913
30056, 7221
7221, 14852
29322, 7222
7222, 15280
29344, 7223
7223, 16017
7223, 20742
12586, 7224
7224, 15105
7224, 17214
19485, 7225
7225, 29515
10543, 7226
7226, 17382
16753, 7227
14812, 7227
9080, 7227
26596, 7227
7227, 18755
15904, 7228
7228, 21489
15575, 7229
27600, 7229
30379, 7229
7229, 9302
19606, 7230
7230, 18055
29008, 7231
7231, 14924
7231, 9715
7231, 9453
9071, 7232
7232, 14351
7687, 7233
7233, 28167
10355, 7234
7234, 11432
11711, 7235
7235, 11324
27287, 7236
7236, 12608
7236, 25166
13465, 7237
7237, 18384
21129, 7238
7238, 9592
14382, 7239
7239, 9224
7239, 13355
7239, 10241
20528, 7240
7240, 15223
24027, 7241
8400, 7241
25163, 7241
8847, 7241
9298, 7241
11582, 7241
29818, 7241
7241, 11637
24414, 7242
7242, 21592
15234, 7243
7243, 24916
20415, 7244
7244, 29391
27151, 7245
7245, 11208
10472, 7246
7246, 9957
7246, 10711
25652, 7247
7247, 25948
24995, 7248
7248, 10262
21878, 7249
7249, 29912
7249, 13959
7249, 11001
22288, 7250
11543, 7250
7250, 15004
23818, 7251
7251, 17775
20858, 7252
7252, 27361
20218, 7253
7253, 17057
7253, 28719
7253, 18114
7253, 24732
7253, 29775
12440, 7254
7254, 8017
22839, 7255
27877, 7255
7255, 19368
30081, 7256
7256, 7501
29173, 7257
7257, 18365
30441, 7258
17078, 7258
25226, 7258
27154, 7258
13600, 7258
10295, 7258
26690, 7258
7258, 18539
8623, 7259
29189, 7259
22924, 7259
8820, 7259
7673, 7259
11508, 7259
7259, 27361
10448, 7260
22561, 7260
7260, 13823
24366, 7261
16858, 7261
20777, 7261
30258, 7261
7797, 7261
7261, 9165
17976, 7262
7262, 7916
10249, 7263
7263, 20454
11661, 7264
29464, 7264
7264, 10507
14644, 7265
7265, 24666
23098, 7266
18556, 7266
7266, 10507
15197, 7267
7267, 18055
16985, 7268
7268, 8734
14661, 7269
24460, 7269
27541, 7269
17564, 7269
9352, 7269
14805, 7269
7269, 18384
16959, 7270
7270, 29974
28026, 7271
7271, 27361
15821, 7272
7272, 12679
20465, 7273
23684, 7273
7273, 19127
9296, 7274
7274, 20010
11442, 7275
7275, 16000
21337, 7276
7276, 16806
15456, 7277
7277, 19739
11644, 7278
7278, 15303
23701, 7279
7279, 18290
26934, 7280
7280, 9806
9016, 7281
15290, 7281
7281, 7964
18282, 7282
7282, 19563
22668, 7283
7283, 28802
28975, 7284
7284, 24364
14214, 7285
7285, 27826
29344, 7286
7286, 11954
21781, 7287
10258, 7287
7287, 29957
14382, 7288
7288, 19475
7288, 30033
7288, 29073
7288, 23034
23962, 7289
7289, 7598
24481, 7290
12524, 7290
28526, 7290
8501, 7290
12629, 7290
26978, 7290
11274, 7290
28115, 7290
23500, 7290
7290, 22998
24810, 7291
7291, 14347
7291, 10468
7291, 29527
7291, 28535
7291, 11201
7291, 28126
7291, 23673
13285, 7292
7292, 14343
15300, 7293
7293, 24293
29453, 7294
17151, 7294
9038, 7294
28347, 7294
12168, 7294
19356, 7294
7294, 10060
21391, 7295
9067, 7295
15529, 7295
19076, 7295
9231, 7295
23963, 7295
25125, 7295
21909, 7295
27983, 7295
21488, 7295
13399, 7295
22778, 7295
24179, 7295
13674, 7295
27226, 7295
27362, 7295
17769, 7295
12290, 7295
18073, 7295
15978, 7295
18628, 7295
18509, 7295
20321, 7295
10652, 7295
14894, 7295
16230, 7295
23251, 7295
10222, 7295
19748, 7295
8559, 7295
19585, 7295
15466, 7295
26118, 7295
8461, 7295
30003, 7295
27106, 7295
10290, 7295
14708, 7295
25293, 7295
10293, 7295
27464, 7295
16946, 7295
13548, 7295
23996, 7295
8257, 7295
23287, 7295
16492, 7295
20590, 7295
22771, 7295
19772, 7295
7295, 25044
15456, 7296
7296, 25815
29871, 7297
7297, 25049
30157, 7298
7298, 25486
7298, 27299
15456, 7299
7299, 19739
18422, 7300
12337, 7300
12174, 7300
29580, 7300
13186, 7300
29099, 7300
13156, 7300
16364, 7300
12319, 7300
29629, 7300
19506, 7300
14838, 7300
22804, 7300
10349, 7300
29005, 7300
22700, 7300
11677, 7300
24131, 7300
22525, 7300
18228, 7300
21345, 7300
28852, 7300
20852, 7300
18493, 7300
27358, 7300
28658, 7300
18365, 7300
26725, 7300
17938, 7300
13368, 7300
26181, 7300
30083, 7300
17870, 7300
14638, 7300
16452, 7300
26129, 7300
21433, 7300
14379, 7300
19281, 7300
15004, 7300
21035, 7300
13946, 7300
14513, 7300
29876, 7300
15780, 7300
26273, 7300
13168, 7300
17566, 7300
24936, 7300
30023, 7300
11160, 7300
14966, 7300
24319, 7300
14389, 7300
22976, 7300
24663, 7300
19034, 7300
29360, 7300
11707, 7300
30225, 7300
29997, 7300
29115, 7300
19195, 7300
14874, 7300
20110, 7300
27491, 7300
13409, 7300
18227, 7300
16643, 7300
10557, 7300
13785, 7300
26901, 7300
18290, 7300
22735, 7300
26538, 7300
10043, 7300
11181, 7300
25306, 7300
30307, 7300
15044, 7300
18549, 7300
15673, 7300
11134, 7300
10605, 7300
30140, 7300
26150, 7300
25124, 7300
17905, 7300
20097, 7300
21552, 7300
9372, 7300
13158, 7300
15321, 7300
17323, 7300
22408, 7300
9968, 7300
22769, 7300
14197, 7300
22917, 7300
26005, 7300
27850, 7300
25268, 7300
8575, 7300
9660, 7300
7950, 7300
19495, 7300
15271, 7300
10010, 7300
29636, 7300
27419, 7300
16907, 7300
11728, 7300
15590, 7300
24852, 7300
17924, 7300
23375, 7300
24659, 7300
12757, 7300
8092, 7300
26237, 7300
26256, 7300
20983, 7300
29880, 7300
18195, 7300
9453, 7300
21571, 7300
18044, 7300
23920, 7300
11156, 7300
16628, 7300
11994, 7300
9574, 7300
30431, 7300
29121, 7300
29794, 7300
24530, 7300
13644, 7300
21346, 7300
15084, 7300
12982, 7300
25964, 7300
28088, 7300
15066, 7300
21247, 7300
10509, 7300
21892, 7300
27959, 7300
7661, 7300
7300, 29344
7300, 23479
8620, 7301
7301, 26729
9786, 7302
25667, 7302
23820, 7302
17044, 7302
13036, 7302
7302, 7818
7844, 7303
7303, 21683
19407, 7304
7304, 22708
26678, 7305
7305, 22321
28525, 7306
7306, 16618
13939, 7307
7307, 18636
8232, 7308
7308, 10515
26315, 7309
7309, 14685
15659, 7310
7310, 14379
7310, 11650
7310, 13969
21132, 7311
7311, 29678
16424, 7312
7312, 14874
24099, 7313
24934, 7313
19645, 7313
18870, 7313
26099, 7313
26812, 7313
14859, 7313
12793, 7313
16244, 7313
7313, 10189
28744, 7314
7314, 21500
26206, 7315
10240, 7315
20741, 7315
7315, 29857
16959, 7316
7316, 24938
18606, 7317
22185, 7317
29786, 7317
7317, 19160
16803, 7318
7318, 9288
22794, 7319
28268, 7319
23396, 7319
14840, 7319
19476, 7319
7319, 30029
15427, 7320
7320, 22350
21337, 7321
7321, 20241
10963, 7322
7322, 17231
10576, 7323
7323, 11827
13465, 7324
8864, 7324
7324, 18384
16037, 7325
7325, 10365
17045, 7326
7326, 11160
7326, 30401
7326, 11728
27503, 7327
7327, 25237
12685, 7328
7328, 19872
8264, 7329
7329, 9260
21323, 7330
7330, 19512
15026, 7331
24871, 7331
7331, 10507
21379, 7332
7332, 10426
28751, 7333
7333, 21223
16435, 7334
7334, 25321
28324, 7335
13331, 7335
29535, 7335
14134, 7335
17329, 7335
7335, 8814
7335, 28849
26344, 7336
7336, 14250
17358, 7337
7337, 24947
7337, 13133
7337, 11124
7337, 16242
7337, 29136
7337, 12364
9920, 7338
14994, 7338
7338, 25049
10638, 7339
7339, 10482
23603, 7340
28381, 7340
13768, 7340
19121, 7340
14956, 7340
10995, 7340
15518, 7340
9567, 7340
23617, 7340
7340, 22639
7340, 13455
26884, 7341
14125, 7341
7341, 21521
23807, 7342
7342, 18596
17138, 7343
7343, 24345
7993, 7344
17007, 7344
7344, 18055
11887, 7345
22806, 7345
10578, 7345
13198, 7345
28983, 7345
16434, 7345
7345, 16757
28363, 7346
7346, 13385
28055, 7347
25033, 7347
29057, 7347
14030, 7347
7347, 25049
24954, 7348
7348, 25049
10768, 7349
7349, 16000
8386, 7350
10408, 7350
18573, 7350
14429, 7350
12342, 7350
7350, 10458
28066, 7351
7351, 8283
23631, 7352
7352, 29099
28023, 7353
7353, 10489
18609, 7354
7354, 29195
10060, 7355
14960, 7355
22053, 7355
24883, 7355
22537, 7355
27595, 7355
29408, 7355
25505, 7355
18423, 7355
24306, 7355
13110, 7355
20767, 7355
25225, 7355
29663, 7355
14368, 7355
25302, 7355
24629, 7355
20869, 7355
29848, 7355
9947, 7355
9260, 7355
24369, 7355
25926, 7355
25817, 7355
8626, 7355
8584, 7355
21576, 7355
13827, 7355
21291, 7355
24343, 7355
14813, 7355
22292, 7355
28398, 7355
15601, 7355
28198, 7355
20890, 7355
25473, 7355
13070, 7355
27405, 7355
12004, 7355
14334, 7355
28971, 7355
29433, 7355
28720, 7355
26030, 7355
19610, 7355
27538, 7355
14302, 7355
10181, 7355
28080, 7355
27624, 7355
27996, 7355
26692, 7355
24983, 7355
14428, 7355
8205, 7355
27783, 7355
17405, 7355
9790, 7355
17240, 7355
29374, 7355
15146, 7355
18734, 7355
12179, 7355
20270, 7355
19542, 7355
21368, 7355
25208, 7355
26012, 7355
19714, 7355
18040, 7355
17484, 7355
20115, 7355
12186, 7355
13121, 7355
30096, 7355
12500, 7355
11932, 7355
16190, 7355
10771, 7355
7672, 7355
30241, 7355
8497, 7355
11564, 7355
24554, 7355
7355, 11997
25945, 7356
7356, 29544
28490, 7357
7357, 30273
21616, 7358
7358, 8342
24454, 7359
7359, 17723
16668, 7360
7360, 21110
7360, 15993
16702, 7361
7361, 24293
16959, 7362
7362, 28231
14471, 7363
7363, 11294
18477, 7364
7364, 20597
27799, 7365
7365, 22862
7365, 24562
7365, 20953
7365, 18393
7365, 27509
7365, 20661
7365, 27432
7365, 9564
7365, 18203
7365, 26213
7365, 16308
7365, 24128
7365, 20436
7365, 11710
7365, 12084
7365, 9543
7365, 24466
7365, 13366
7365, 19686
7365, 27213
7365, 12615
7365, 8217
7365, 15534
7365, 19147
7365, 28821
7365, 10121
7365, 16150
7365, 19422
7365, 18313
7365, 19574
7365, 14525
7365, 15347
14950, 7366
7366, 13080
14623, 7367
7367, 11668
16304, 7368
24881, 7368
17622, 7368
10504, 7368
22583, 7368
16812, 7368
25865, 7368
14557, 7368
20340, 7368
8741, 7368
8068, 7368
13422, 7368
7368, 13719
22118, 7369
7369, 27361
8870, 7370
7370, 24255
13689, 7371
7371, 18098
15946, 7372
18124, 7372
7372, 19368
28390, 7373
14819, 7373
7373, 27482
19122, 7374
7374, 14874
23446, 7375
7375, 25263
18282, 7376
7376, 24530
8894, 7377
7377, 21120
8514, 7378
17342, 7378
7378, 15673
29607, 7379
10059, 7379
19587, 7379
15863, 7379
15107, 7379
10148, 7379
7379, 20934
28847, 7380
7380, 17814
13588, 7381
14738, 7381
21131, 7381
15470, 7381
15091, 7381
7381, 8497
26353, 7382
7382, 12855
25834, 7383
22746, 7383
7383, 25049
16306, 7384
7384, 14343
25897, 7385
7385, 25049
24357, 7386
7386, 15892
25036, 7387
7387, 9789
19554, 7388
7388, 28721
8455, 7389
7389, 24013
20781, 7390
30340, 7390
30022, 7390
7390, 9395
18968, 7391
7391, 12632
29344, 7392
7392, 12428
15243, 7393
7393, 7735
27425, 7394
23638, 7394
22597, 7394
7394, 10507
27137, 7395
18700, 7395
7395, 13925
22390, 7396
7396, 14919
7484, 7397
13172, 7397
7397, 22656
19464, 7398
7398, 10031
23155, 7399
7399, 24139
19476, 7400
28268, 7400
7400, 30029
18289, 7401
7401, 9494
16906, 7402
23799, 7402
7402, 25049
29344, 7403
7403, 11621
14912, 7404
7404, 22656
21011, 7405
7405, 20395
16703, 7406
7406, 11795
7406, 24806
15265, 7407
7407, 7876
7822, 7408
7408, 15645
12518, 7409
11041, 7409
17017, 7409
7409, 13318
29765, 7410
7410, 21443
8742, 7411
7411, 11557
15441, 7412
7412, 15004
12375, 7413
7413, 27959
14382, 7414
7414, 8862
7414, 13133
7414, 8168
7414, 14061
24770, 7415
19170, 7415
7415, 24663
11363, 7416
7416, 16769
7416, 10953
7416, 16603
17498, 7417
7417, 19281
10358, 7418
7418, 20097
28830, 7419
7419, 21320
29818, 7420
7420, 16660
17626, 7421
7421, 18189
13360, 7422
7422, 9980
7422, 11105
21771, 7423
7423, 29833
14631, 7424
7475, 7424
8296, 7424
12824, 7424
26412, 7424
10326, 7424
19738, 7424
23545, 7424
28366, 7424
26035, 7424
16474, 7424
16465, 7424
9872, 7424
12688, 7424
22956, 7424
21280, 7424
11168, 7424
24752, 7424
15221, 7424
28460, 7424
18702, 7424
8821, 7424
11167, 7424
9448, 7424
18373, 7424
21189, 7424
23603, 7424
18439, 7424
29769, 7424
14910, 7424
17748, 7424
29250, 7424
20931, 7424
16371, 7424
28916, 7424
10124, 7424
13269, 7424
20587, 7424
7424, 16000
20724, 7425
7425, 28379
9192, 7426
7426, 28922
25725, 7427
12250, 7427
17288, 7427
24503, 7427
29238, 7427
23515, 7427
27400, 7427
7427, 20725
22230, 7428
28963, 7428
9998, 7428
18479, 7428
15840, 7428
25787, 7428
29906, 7428
7428, 9260
14005, 7429
7429, 11160
25638, 7430
7430, 18630
29159, 7431
12860, 7431
25370, 7431
7431, 9103
9887, 7432
7432, 18086
9271, 7433
14453, 7433
11270, 7433
22155, 7433
20227, 7433
24281, 7433
12191, 7433
12429, 7433
28517, 7433
9063, 7433
21891, 7433
8064, 7433
8891, 7433
28063, 7433
28012, 7433
10183, 7433
17865, 7433
8593, 7433
7433, 30152
27658, 7434
7434, 20259
12795, 7435
7435, 9151
18576, 7436
21171, 7436
26476, 7436
7436, 11564
28714, 7437
21813, 7437
20766, 7437
25223, 7437
13786, 7437
22937, 7437
7437, 19019
26894, 7438
7438, 28281
29756, 7439
7439, 14343
19626, 7440
7440, 30282
18333, 7441
7441, 13315
20666, 7442
7442, 28827
21779, 7443
7443, 26012
28449, 7444
8171, 7444
7444, 25049
20020, 7445
7445, 13149
9794, 7446
21886, 7446
8971, 7446
11454, 7446
7446, 13969
16959, 7447
7447, 22191
14245, 7448
17322, 7448
9338, 7448
7448, 11422
7448, 20909
7448, 30150
7448, 16608
7448, 24102
7448, 24363
7448, 15492
16512, 7449
7449, 11668
17132, 7450
7450, 9385
21070, 7451
7451, 26272
20199, 7452
15281, 7452
7452, 25886
9283, 7453
19036, 7453
7453, 8507
7453, 16554
7453, 20089
7453, 27739
7453, 21455
7453, 17409
7453, 16232
7453, 19380
7453, 10624
7453, 20753
7453, 23778
7453, 10239
7453, 7559
7453, 18508
7453, 23377
7453, 25717
7453, 10813
7453, 27118
7453, 27985
7453, 16621
7453, 18613
7453, 27673
7453, 22174
7453, 12654
7453, 14141
7453, 18520
7453, 8596
7453, 10866
7453, 13626
7453, 25768
7453, 26695
7453, 24217
7453, 10421
7453, 28491
7453, 20220
7453, 27046
7453, 8165
13922, 7454
11556, 7454
13876, 7454
21210, 7454
8904, 7454
18535, 7454
13335, 7454
29233, 7454
18119, 7454
7454, 12039
16958, 7455
7455, 10735
30244, 7456
7456, 10773
7456, 17885
7456, 20352
7456, 20981
7456, 16475
7456, 11811
7456, 21412
19192, 7457
18317, 7457
28699, 7457
7457, 28217
8337, 7458
7458, 20776
29787, 7459
7459, 23167
10111, 7460
7460, 19368
17156, 7461
16273, 7461
7461, 22233
26714, 7462
27179, 7462
28178, 7462
12078, 7462
14425, 7462
18316, 7462
19805, 7462
7462, 21368
8124, 7463
7463, 18209
29344, 7464
7464, 13451
8069, 7465
7465, 11269
17952, 7466
7466, 18214
13557, 7467
24239, 7467
7467, 21075
10080, 7468
7468, 29886
15786, 7469
7469, 8159
15934, 7470
20961, 7470
7470, 25937
11571, 7471
10775, 7471
23449, 7471
22939, 7471
22274, 7471
13389, 7471
7471, 26797
17358, 7472
7472, 25687
27237, 7473
7473, 19872
